relative_path	uncompressed_bytes	compressed_bytes
ContentHashes.json	243130	91582
Strings/Notes.hu-HU.xnb	6518	6523
Strings/Locations.fr-FR.xnb	16428	16434
Strings/StringsFromMaps.it-IT.xnb	11014	11019
Strings/Characters.de-DE.xnb	7350	7355
Strings/EnchantmentNames.ja-JP.xnb	586	591
Strings/SimpleNonVillagerDialogues.zh-CN.xnb	1906	1911
Strings/Movies.es-ES.xnb	3922	3927
Strings/FarmAnimals.ja-JP.xnb	982	987
Strings/1_6_Strings.hu-HU.xnb	19866	19876
Strings/UI.es-ES.xnb	19722	19732
Strings/MovieConcessions.ja-JP.xnb	1838	1843
Strings/animationDescriptions.hu-HU.xnb	1178	1183
Strings/Characters.ko-KR.xnb	7228	7233
Strings/credits.zh-CN.xnb	1382	1387
Strings/Pants.ru-RU.xnb	1312	1317
Strings/SimpleNonVillagerDialogues.xnb	1784	1789
Strings/EnchantmentNames.it-IT.xnb	498	503
Strings/StringsFromMaps.ja-JP.xnb	12504	12509
Strings/Weapons.zh-CN.xnb	3158	3163
Strings/Locations.ko-KR.xnb	16606	16616
Strings/NPCNames.pt-BR.xnb	618	623
Strings/FarmAnimals.it-IT.xnb	944	949
Strings/MovieConcessions.it-IT.xnb	1582	1587
Strings/Locations.de-DE.xnb	16530	16540
Strings/Characters.fr-FR.xnb	7146	7151
Strings/StringsFromCSFiles.hu-HU.xnb	33452	33467
Strings/Tools.es-ES.xnb	1332	1337
Strings/Movies.it-IT.xnb	3944	3949
Strings/Pants.xnb	972	977
Strings/Buildings.pt-BR.xnb	1846	1851
Strings/StringsFromMaps.es-ES.xnb	11198	11203
Strings/BundleNames.de-DE.xnb	556	561
Strings/Tools.ja-JP.xnb	1340	1345
Strings/BundleNames.ko-KR.xnb	628	633
Strings/Shirts.zh-CN.xnb	7514	7519
Strings/Furniture.pt-BR.xnb	7800	7805
Strings/Pants.tr-TR.xnb	1072	1077
Strings/UI.it-IT.xnb	19366	19376
Strings/FarmAnimals.xnb	838	843
Strings/SpecialOrderStrings.fr-FR.xnb	4700	4705
Strings/FarmAnimals.es-ES.xnb	924	929
Strings/Movies.ja-JP.xnb	4164	4169
Strings/EnchantmentNames.es-ES.xnb	502	507
Strings/SpecialOrderStrings.de-DE.xnb	4756	4761
Strings/Tools.it-IT.xnb	1342	1347
Strings/SpecialOrderStrings.ko-KR.xnb	4788	4793
Strings/BundleNames.fr-FR.xnb	622	627
Strings/MovieConcessions.es-ES.xnb	1614	1619
Strings/UI.ja-JP.xnb	21294	21304
Strings/Locations.it-IT.xnb	15776	15781
Strings/MovieConcessions.de-DE.xnb	1566	1571
Strings/FarmAnimals.ko-KR.xnb	1032	1037
Strings/StringsFromCSFiles.pt-BR.xnb	31968	31978
Strings/StringsFromMaps.fr-FR.xnb	11504	11509
Strings/Lexicon.tr-TR.xnb	796	801
Strings/EnchantmentNames.ko-KR.xnb	558	563
Strings/SpecialOrderStrings.es-ES.xnb	4624	4629
Strings/NPCNames.hu-HU.xnb	634	639
Strings/Characters.ja-JP.xnb	7790	7795
Strings/EnchantmentNames.de-DE.xnb	488	493
Strings/MovieConcessions.ko-KR.xnb	1740	1745
Strings/MovieReactions.zh-CN.xnb	8988	8993
Strings/FarmAnimals.de-DE.xnb	938	943
Strings/Locations.ja-JP.xnb	17494	17504
Strings/BigCraftables.zh-CN.xnb	6554	6559
Strings/WorldMap.zh-CN.xnb	602	607
Strings/animationDescriptions.pt-BR.xnb	1110	1115
Strings/EnchantmentNames.fr-FR.xnb	524	529
Strings/NPCNames.xnb	558	563
Strings/1_6_Strings.pt-BR.xnb	18960	18970
Strings/FarmAnimals.fr-FR.xnb	980	985
Strings/StringsFromMaps.ko-KR.xnb	11584	11589
Strings/Objects.tr-TR.xnb	30100	30110
Strings/SpeechBubbles.tr-TR.xnb	1586	1591
Strings/MovieConcessions.fr-FR.xnb	1584	1589
Strings/Characters.it-IT.xnb	6834	6839
Strings/BundleNames.es-ES.xnb	606	611
Strings/StringsFromMaps.de-DE.xnb	11432	11437
Strings/Notes.pt-BR.xnb	5934	5939
Strings/Tools.de-DE.xnb	1372	1377
Strings/Movies.fr-FR.xnb	4056	4061
Strings/Lexicon.ru-RU.xnb	926	931
Strings/Locations.es-ES.xnb	15958	15963
Strings/SpecialOrderStrings.xnb	4360	4365
Strings/Quests.zh-CN.xnb	336	341
Strings/Tools.ko-KR.xnb	1420	1425
Strings/BundleNames.ja-JP.xnb	656	661
Strings/SpecialOrderStrings.it-IT.xnb	4644	4649
Strings/UI.fr-FR.xnb	19768	19778
Strings/Events.xnb	920	925
Strings/Events.zh-CN.xnb	1068	1073
Strings/Objects.ru-RU.xnb	37166	37181
Strings/Furniture.hu-HU.xnb	8108	8113
Strings/Movies.ko-KR.xnb	4126	4131
Strings/UI.de-DE.xnb	20258	20268
Strings/Tools.fr-FR.xnb	1412	1417
Strings/SpeechBubbles.ru-RU.xnb	1722	1727
Strings/UI.ko-KR.xnb	20222	20232
Strings/Buildings.hu-HU.xnb	1956	1961
Strings/Movies.de-DE.xnb	3998	4003
Strings/BundleNames.it-IT.xnb	580	585
Strings/Characters.es-ES.xnb	6978	6983
Strings/SpecialOrderStrings.ja-JP.xnb	4932	4937
Strings/Quests.it-IT.xnb	318	323
Strings/SpeechBubbles.pt-BR.xnb	1554	1559
Strings/Shirts.fr-FR.xnb	7682	7687
Strings/MovieReactions.es-ES.xnb	9112	9117
Strings/SpecialOrderStrings.zh-CN.xnb	4556	4561
Strings/Furniture.xnb	6212	6217
Strings/Notes.tr-TR.xnb	5976	5981
Strings/animationDescriptions.tr-TR.xnb	1132	1137
Strings/Events.ja-JP.xnb	1116	1121
Strings/1_6_Strings.tr-TR.xnb	18472	18482
Strings/Objects.pt-BR.xnb	29712	29722
Strings/Quests.ja-JP.xnb	342	347
Strings/BundleNames.zh-CN.xnb	620	625
Strings/Shirts.ko-KR.xnb	7686	7691
Strings/Events.it-IT.xnb	994	999
Strings/Shirts.de-DE.xnb	7836	7841
Strings/StringsFromCSFiles.tr-TR.xnb	32214	32224
Strings/BigCraftables.es-ES.xnb	6596	6601
Strings/WorldMap.es-ES.xnb	572	577
Strings/Lexicon.pt-BR.xnb	788	793
Strings/MovieReactions.it-IT.xnb	9216	9221
Strings/Notes.ru-RU.xnb	7160	7165
Strings/credits.fr-FR.xnb	1314	1319
Strings/Quests.es-ES.xnb	310	315
Strings/Weapons.de-DE.xnb	3206	3211
Strings/WorldMap.ja-JP.xnb	658	663
Strings/animationDescriptions.ru-RU.xnb	1318	1323
Strings/Pants.hu-HU.xnb	1116	1121
Strings/Locations.zh-CN.xnb	16200	16205
Strings/Weapons.ko-KR.xnb	3380	3385
Strings/BigCraftables.ja-JP.xnb	7170	7175
Strings/1_6_Strings.ru-RU.xnb	22330	22340
Strings/Objects.xnb	26948	26958
Strings/SimpleNonVillagerDialogues.fr-FR.xnb	2156	2161
Strings/Characters.zh-CN.xnb	7242	7247
Strings/credits.ko-KR.xnb	1358	1363
Strings/BundleNames.xnb	430	435
Strings/MovieReactions.ja-JP.xnb	9942	9947
Strings/SimpleNonVillagerDialogues.de-DE.xnb	2004	2009
Strings/WorldMap.it-IT.xnb	570	575
Strings/StringsFromCSFiles.ru-RU.xnb	38190	38205
Strings/BigCraftables.it-IT.xnb	6524	6529
Strings/SimpleNonVillagerDialogues.ko-KR.xnb	2006	2011
Strings/Movies.xnb	3656	3661
Strings/credits.de-DE.xnb	1278	1283
Strings/Events.es-ES.xnb	988	993
Strings/Weapons.fr-FR.xnb	3152	3157
Strings/Quests.fr-FR.xnb	328	333
Strings/Lexicon.hu-HU.xnb	812	817
Strings/Events.de-DE.xnb	996	1001
Strings/credits.es-ES.xnb	1268	1273
Strings/Shirts.it-IT.xnb	7744	7749
Strings/UI.zh-CN.xnb	19628	19638
Strings/Movies.zh-CN.xnb	4158	4163
Strings/Quests.xnb	304	309
Strings/SimpleNonVillagerDialogues.es-ES.xnb	1962	1967
Strings/Lexicon.xnb	740	745
Strings/NPCNames.tr-TR.xnb	620	625
Strings/Events.ko-KR.xnb	1130	1135
Strings/Furniture.ru-RU.xnb	9486	9491
Strings/Objects.hu-HU.xnb	31270	31280
Strings/Shirts.ja-JP.xnb	8166	8171
Strings/Tools.zh-CN.xnb	1296	1301
Strings/Quests.ko-KR.xnb	362	367
Strings/Weapons.es-ES.xnb	3006	3011
Strings/Quests.de-DE.xnb	324	329
Strings/Events.fr-FR.xnb	1040	1045
Strings/Buildings.ru-RU.xnb	2294	2299
Strings/SpeechBubbles.hu-HU.xnb	1530	1535
Strings/WorldMap.de-DE.xnb	556	561
Strings/BigCraftables.de-DE.xnb	6764	6769
Strings/Shirts.es-ES.xnb	7522	7527
Strings/credits.it-IT.xnb	1242	1247
Strings/MovieReactions.fr-FR.xnb	9318	9323
Strings/UI.xnb	17596	17606
Strings/StringsFromMaps.zh-CN.xnb	11480	11485
Strings/WorldMap.ko-KR.xnb	612	617
Strings/SimpleNonVillagerDialogues.it-IT.xnb	1924	1929
Strings/Weapons.ja-JP.xnb	3532	3537
Strings/NPCNames.ru-RU.xnb	936	941
Strings/BigCraftables.ko-KR.xnb	6896	6901
Strings/MovieReactions.ko-KR.xnb	9486	9491
Strings/MovieConcessions.zh-CN.xnb	1740	1745
Strings/Furniture.tr-TR.xnb	8034	8039
Strings/Pants.pt-BR.xnb	1022	1027
Strings/credits.ja-JP.xnb	1428	1433
Strings/EnchantmentNames.zh-CN.xnb	542	547
Strings/WorldMap.fr-FR.xnb	586	591
Strings/BigCraftables.fr-FR.xnb	6780	6785
Strings/MovieReactions.de-DE.xnb	9564	9569
Strings/FarmAnimals.zh-CN.xnb	952	957
Strings/Buildings.tr-TR.xnb	1850	1855
Strings/Weapons.it-IT.xnb	3034	3039
Strings/SimpleNonVillagerDialogues.ja-JP.xnb	2006	2011
Strings/SpecialOrderStrings.pt-BR.xnb	4424	4429
Strings/Furniture.fr-FR.xnb	7950	7955
Strings/SpeechBubbles.zh-CN.xnb	1630	1635
Strings/StringsFromCSFiles.es-ES.xnb	32234	32244
Strings/Buildings.fr-FR.xnb	1944	1949
Strings/Objects.zh-CN.xnb	30082	30092
Strings/Tools.hu-HU.xnb	1392	1397
Strings/WorldMap.tr-TR.xnb	594	599
Strings/Events.ru-RU.xnb	1284	1289
Strings/BigCraftables.tr-TR.xnb	6684	6689
Strings/MovieReactions.tr-TR.xnb	8958	8963
Strings/BundleNames.pt-BR.xnb	600	605
Strings/Movies.hu-HU.xnb	4092	4097
Strings/Buildings.de-DE.xnb	1954	1959
Strings/Furniture.ko-KR.xnb	8268	8273
Strings/StringsFromMaps.xnb	10632	10637
Strings/Notes.es-ES.xnb	6072	6077
Strings/Quests.ru-RU.xnb	356	361
Strings/animationDescriptions.es-ES.xnb	1164	1169
Strings/Lexicon.zh-CN.xnb	900	905
Strings/Buildings.xnb	1640	1645
Strings/Buildings.ko-KR.xnb	2088	2093
Strings/UI.hu-HU.xnb	20408	20418
Strings/1_6_Strings.es-ES.xnb	19286	19296
Strings/Furniture.de-DE.xnb	7884	7889
Strings/EnchantmentNames.hu-HU.xnb	524	529
Strings/NPCNames.de-DE.xnb	610	615
Strings/Notes.ja-JP.xnb	6956	6961
Strings/FarmAnimals.hu-HU.xnb	940	945
Strings/Notes.xnb	5806	5811
Strings/MovieConcessions.hu-HU.xnb	1668	1673
Strings/1_6_Strings.ja-JP.xnb	20102	20112
Strings/Locations.pt-BR.xnb	15866	15871
Strings/BigCraftables.ru-RU.xnb	7866	7871
Strings/NPCNames.ko-KR.xnb	888	893
Strings/Events.tr-TR.xnb	1038	1043
Strings/WorldMap.ru-RU.xnb	676	681
Strings/StringsFromCSFiles.it-IT.xnb	32284	32294
Strings/animationDescriptions.ja-JP.xnb	1346	1351
Strings/StringsFromMaps.hu-HU.xnb	11718	11723
Strings/Notes.it-IT.xnb	5932	5937
Strings/MovieReactions.ru-RU.xnb	10480	10485
Strings/Quests.tr-TR.xnb	298	303
Strings/Characters.pt-BR.xnb	6774	6779
Strings/NPCNames.fr-FR.xnb	620	625
Strings/1_6_Strings.it-IT.xnb	19138	19148
Strings/Tools.xnb	1172	1177
Strings/StringsFromCSFiles.ja-JP.xnb	35570	35585
Strings/animationDescriptions.it-IT.xnb	1150	1155
Strings/UI.pt-BR.xnb	19078	19088
Strings/Furniture.it-IT.xnb	7706	7711
Strings/Buildings.it-IT.xnb	1900	1905
Strings/StringsFromCSFiles.xnb	30330	30340
Strings/Weapons.tr-TR.xnb	3060	3065
Strings/Shirts.xnb	6748	6753
Strings/Movies.pt-BR.xnb	3776	3781
Strings/BundleNames.hu-HU.xnb	596	601
Strings/credits.tr-TR.xnb	1292	1297
Strings/Shirts.ru-RU.xnb	8908	8913
Strings/Tools.pt-BR.xnb	1322	1327
Strings/Furniture.ja-JP.xnb	8960	8965
Strings/Buildings.ja-JP.xnb	2110	2115
Strings/animationDescriptions.xnb	1056	1061
Strings/SimpleNonVillagerDialogues.tr-TR.xnb	1886	1891
Strings/SpeechBubbles.xnb	1422	1427
Strings/SpecialOrderStrings.hu-HU.xnb	4794	4799
Strings/NPCNames.es-ES.xnb	616	621
Strings/Furniture.es-ES.xnb	7810	7815
Strings/EnchantmentNames.xnb	392	397
Strings/1_6_Strings.de-DE.xnb	19966	19976
Strings/animationDescriptions.de-DE.xnb	1180	1185
Strings/Notes.ko-KR.xnb	6244	6249
Strings/Weapons.ru-RU.xnb	3638	3643
Strings/Characters.hu-HU.xnb	7198	7203
Strings/NPCNames.ja-JP.xnb	918	923
Strings/Notes.de-DE.xnb	6494	6499
Strings/animationDescriptions.ko-KR.xnb	1302	1307
Strings/StringsFromMaps.pt-BR.xnb	11166	11171
Strings/Buildings.es-ES.xnb	1904	1909
Strings/StringsFromCSFiles.fr-FR.xnb	33248	33263
Strings/1_6_Strings.ko-KR.xnb	19912	19922
Strings/Pants.zh-CN.xnb	1068	1073
Strings/credits.ru-RU.xnb	1458	1463
Strings/Notes.fr-FR.xnb	6622	6627
Strings/Locations.hu-HU.xnb	16624	16634
Strings/WorldMap.xnb	492	497
Strings/MovieConcessions.pt-BR.xnb	1552	1557
Strings/StringsFromCSFiles.de-DE.xnb	33366	33381
Strings/Shirts.tr-TR.xnb	7834	7839
Strings/NPCNames.it-IT.xnb	612	617
Strings/SimpleNonVillagerDialogues.ru-RU.xnb	2194	2199
Strings/StringsFromCSFiles.ko-KR.xnb	32818	32828
Strings/FarmAnimals.pt-BR.xnb	906	911
Strings/1_6_Strings.fr-FR.xnb	19752	19762
Strings/BigCraftables.xnb	5832	5837
Strings/EnchantmentNames.pt-BR.xnb	516	521
Strings/animationDescriptions.fr-FR.xnb	1186	1191
Strings/FarmAnimals.ru-RU.xnb	1174	1179
Strings/SimpleNonVillagerDialogues.pt-BR.xnb	1864	1869
Strings/EnchantmentNames.ru-RU.xnb	634	639
Strings/credits.pt-BR.xnb	1258	1263
Strings/BigCraftables.hu-HU.xnb	6794	6799
Strings/Pants.ja-JP.xnb	1176	1181
Strings/WorldMap.hu-HU.xnb	576	581
Strings/Tools.tr-TR.xnb	1282	1287
Strings/MovieReactions.xnb	8514	8519
Strings/MovieConcessions.ru-RU.xnb	1964	1969
Strings/Weapons.pt-BR.xnb	2984	2989
Strings/NPCNames.zh-CN.xnb	914	919
Strings/StringsFromMaps.ru-RU.xnb	12896	12901
Strings/MovieReactions.hu-HU.xnb	9108	9113
Strings/Movies.tr-TR.xnb	3914	3919
Strings/Pants.it-IT.xnb	1060	1065
Strings/UI.tr-TR.xnb	19492	19502
Strings/1_6_Strings.xnb	17846	17856
Strings/Objects.fr-FR.xnb	31328	31338
Strings/Buildings.zh-CN.xnb	1880	1885
Strings/FarmAnimals.tr-TR.xnb	910	915
Strings/EnchantmentNames.tr-TR.xnb	526	531
Strings/Lexicon.ko-KR.xnb	898	903
Strings/Events.hu-HU.xnb	1034	1039
Strings/Lexicon.de-DE.xnb	816	821
Strings/SpeechBubbles.fr-FR.xnb	1608	1613
Strings/MovieConcessions.tr-TR.xnb	1620	1625
Strings/Furniture.zh-CN.xnb	8070	8075
Strings/Tools.ru-RU.xnb	1580	1585
Strings/Shirts.pt-BR.xnb	7336	7341
Strings/Lexicon.fr-FR.xnb	802	807
Strings/Quests.hu-HU.xnb	336	341
Strings/SpeechBubbles.de-DE.xnb	1564	1569
Strings/Movies.ru-RU.xnb	4612	4617
Strings/Characters.xnb	6428	6433
Strings/Objects.ko-KR.xnb	30950	30960
Strings/StringsFromMaps.tr-TR.xnb	11152	11157
Strings/SpeechBubbles.ko-KR.xnb	1702	1707
Strings/UI.ru-RU.xnb	22586	22596
Strings/Objects.de-DE.xnb	31698	31708
Strings/Weapons.xnb	2710	2715
Strings/credits.xnb	1230	1235
Strings/Pants.es-ES.xnb	1086	1091
Strings/Pants.de-DE.xnb	1074	1079
Strings/MovieConcessions.xnb	1434	1439
Strings/Objects.es-ES.xnb	30398	30408
Strings/StringsFromCSFiles.zh-CN.xnb	33030	33045
Strings/Locations.xnb	14814	14819
Strings/BundleNames.tr-TR.xnb	584	589
Strings/MovieReactions.pt-BR.xnb	8438	8443
Strings/SpeechBubbles.es-ES.xnb	1494	1499
Strings/Characters.ru-RU.xnb	7992	7997
Strings/Weapons.hu-HU.xnb	3138	3143
Strings/Pants.ko-KR.xnb	1186	1191
Strings/1_6_Strings.zh-CN.xnb	18736	18746
Strings/WorldMap.pt-BR.xnb	580	585
Strings/Lexicon.es-ES.xnb	816	821
Strings/animationDescriptions.zh-CN.xnb	1226	1231
Strings/Locations.ru-RU.xnb	18322	18332
Strings/credits.hu-HU.xnb	1292	1297
Strings/BigCraftables.pt-BR.xnb	6534	6539
Strings/Notes.zh-CN.xnb	6388	6393
Strings/Pants.fr-FR.xnb	1066	1071
Strings/SpecialOrderStrings.tr-TR.xnb	4502	4507
Strings/SimpleNonVillagerDialogues.hu-HU.xnb	2070	2075
Strings/Lexicon.ja-JP.xnb	898	903
Strings/Objects.it-IT.xnb	30192	30202
Strings/BundleNames.ru-RU.xnb	724	729
Strings/Quests.pt-BR.xnb	326	331
Strings/SpeechBubbles.it-IT.xnb	1542	1547
Strings/Characters.tr-TR.xnb	6792	6797
Strings/Shirts.hu-HU.xnb	7818	7823
Strings/Objects.ja-JP.xnb	33096	33111
Strings/Lexicon.it-IT.xnb	842	847
Strings/Locations.tr-TR.xnb	15704	15709
Strings/Events.pt-BR.xnb	956	961
Strings/SpecialOrderStrings.ru-RU.xnb	5314	5319
Strings/SpeechBubbles.ja-JP.xnb	1666	1671
TerrainFeatures/Flooring.xnb	13338	13154
TerrainFeatures/tree2_greenRain_fall.xnb	2782	2787
TerrainFeatures/tree1_winter.xnb	1974	1979
TerrainFeatures/tree1_spring.xnb	4786	4791
TerrainFeatures/upperCavePlants.xnb	1566	1571
TerrainFeatures/Stalagmite_Lava.xnb	1400	1405
TerrainFeatures/tree1_greenRain_fall.xnb	2710	2715
TerrainFeatures/tree1_fall.xnb	3980	3985
TerrainFeatures/tree3_winter.xnb	2148	2153
TerrainFeatures/tree_palm2.xnb	2496	2501
TerrainFeatures/tree_palm.xnb	1914	1919
TerrainFeatures/tree3_spring.xnb	3278	3283
TerrainFeatures/tree3_greenRain.xnb	1590	1595
TerrainFeatures/hoeDirt.xnb	4254	4259
TerrainFeatures/tree1_greenRain_winter.xnb	1820	1825
TerrainFeatures/Flooring_winter.xnb	13496	13301
TerrainFeatures/tree1_summer.xnb	3932	3937
TerrainFeatures/Stalagmite_Frost.xnb	1278	1283
TerrainFeatures/hoeDirtSnow.xnb	6112	6117
TerrainFeatures/tree3_fall.xnb	3334	3339
TerrainFeatures/tree2_fall.xnb	3132	3137
TerrainFeatures/tree2_greenRain_winter.xnb	1812	1817
TerrainFeatures/tree2_greenRain.xnb	4362	4367
TerrainFeatures/tree8_winter.xnb	1688	1693
TerrainFeatures/tree8_spring.xnb	2192	2197
TerrainFeatures/tree2_summer.xnb	3542	3547
TerrainFeatures/grass.xnb	5884	5839
TerrainFeatures/tree8_fall.xnb	2184	2189
TerrainFeatures/mystic_tree.xnb	2512	2517
TerrainFeatures/tree1_greenRain.xnb	3556	3561
TerrainFeatures/hoeDirtDark.xnb	7950	7955
TerrainFeatures/tree3_greenRain_winter.xnb	1590	1595
TerrainFeatures/mushroom_tree.xnb	2138	2143
TerrainFeatures/tree3_greenRain_fall.xnb	1594	1599
TerrainFeatures/tree2_winter.xnb	1780	1785
TerrainFeatures/Stalagmite.xnb	1274	1279
TerrainFeatures/tree2_spring.xnb	3684	3689
TerrainFeatures/tree8_summer.xnb	2190	2195
Maps/paths.xnb	2514	2489
Maps/townInterior.ru-RU.xnb	161054	158960
Maps/coopTiles.ko-KR.xnb	6472	6477
Maps/bathhouse_tiles.fr-FR.xnb	8640	8645
Maps/fall_beach.pt-BR.xnb	33540	33429
Maps/Island_Hut.xnb	1130	1135
Maps/coopTiles.de-DE.xnb	6410	6412
Maps/Beach-Jellies2.xnb	7148	7153
Maps/Festivals.tr-TR.xnb	58828	58250
Maps/ManorHouse.xnb	1820	1825
Maps/DesertTiles.ja-JP.xnb	25110	24920
Maps/NightSceneMaruMap.xnb	1760	1765
Maps/Bus(people).xnb	698	703
Maps/summer_beach.es-ES.xnb	33892	33779
Maps/coopTiles.fr-FR.xnb	6492	6491
Maps/Farm_Fishing.xnb	12100	12105
Maps/Tunnel.xnb	598	603
Maps/mermaid_house_tiles.xnb	4746	4751
Maps/bathhouse_tiles.ko-KR.xnb	8648	8653
Maps/Town-Fair2.xnb	34264	34267
Maps/busPeople.xnb	29798	25269
Maps/Forest.xnb	27760	27770
Maps/fall_monsterGraveTiles.xnb	1792	1797
Maps/spring_town.zh-CN.xnb	116456	114470
Maps/samshowtiles.es-ES.xnb	8342	8347
Maps/desert_festival_tilesheet_text.xnb	584	563
Maps/DesertTiles.it-IT.xnb	25058	24866
Maps/CommunityCenter_Refurbished.xnb	3482	3487
Maps/FarmHouse_CornerRoom_Add.xnb	738	743
Maps/CarolineGreenhouseTiles_rainy.xnb	13972	13965
Maps/LewisBasement.xnb	1140	1145
Maps/townInterior.tr-TR.xnb	161174	158956
Maps/summer_outdoorTileSheet_extra.xnb	1672	1660
Maps/SamHouse.xnb	2756	2761
Maps/FarmHouse_Crib_1.xnb	380	385
Maps/sebastianRideTiles.xnb	21740	21510
Maps/spring_outdoorsTileSheet.zh-CN.xnb	149110	148935
Maps/summer_island_tilesheet_1.xnb	84942	84173
Maps/SandyHouse.xnb	996	1001
Maps/Festivals.ru-RU.xnb	58978	58404
Maps/Farm_Foraging.xnb	11180	11185
Maps/Barn2.xnb	858	863
Maps/Farm_Greenhouse_Dirt.xnb	1702	1707
Maps/samshowtiles.ja-JP.xnb	8356	8357
Maps/summer_town.zh-CN.xnb	120764	118859
Maps/summer_outdoorsTileSheet.hu-HU.xnb	151870	151774
Maps/JojaRuins_TileSheet.xnb	11108	11079
Maps/Barn3.xnb	884	889
Maps/fall_outdoorsTileSheet.hu-HU.xnb	144272	144220
Maps/LeoTreeHouse.xnb	544	549
Maps/night_market_tilesheet_objects.xnb	46428	46191
Maps/Island_House_Restored.xnb	428	433
Maps/spring_outdoorTileSheet_extra.xnb	1816	1779
Maps/summer_beach.it-IT.xnb	33890	33834
Maps/Farm Obelisk.xnb	2926	2931
Maps/Coop.xnb	566	571
Maps/DesertTiles.es-ES.xnb	25098	24910
Maps/FarmHouse_Crib_0.xnb	320	325
Maps/SewerTiles.xnb	5106	5106
Maps/MovieTheater_TileSheet.xnb	15770	15602
Maps/spring_beach.xnb	33396	33310
Maps/AnimalShop.xnb	3042	3047
Maps/Cellar.xnb	882	887
Maps/Trailer.xnb	1252	1257
Maps/coopTiles.ja-JP.xnb	6446	6451
Maps/winter_outdoorsTileSheet.zh-CN.xnb	128212	128001
Maps/WitchHutTiles.xnb	9924	9907
Maps/DesertTiles.xnb	25096	24911
Maps/bathhouse_tiles.it-IT.xnb	8642	8647
Maps/winter_town.ru-RU.xnb	134364	132731
Maps/DesertTiles.ko-KR.xnb	25056	24857
Maps/FarmHouse_ChildBed_1.xnb	386	391
Maps/Barn.xnb	796	801
Maps/ArchaeologyHouse.xnb	3106	3111
Maps/winter_beach.xnb	32972	32934
Maps/WitchSwamp.xnb	1878	1883
Maps/fall_town.zh-CN.xnb	118492	116670
Maps/winter_beach.zh-CN.xnb	32960	32921
Maps/FarmHouse_DiningRoomWall_Add.xnb	788	793
Maps/Town-Halloween2.xnb	34684	34699
Maps/coopTiles.it-IT.xnb	6436	6438
Maps/Forest_RaccoonHouse.xnb	1450	1455
Maps/Mine.xnb	2112	2117
Maps/spring_beach.zh-CN.xnb	33384	33339
Maps/FarmHouse_ChildBed_0.xnb	354	359
Maps/WitchHut.xnb	1020	1025
Maps/fall_beach.hu-HU.xnb	33526	33437
Maps/MovieTheaterScreen.xnb	832	837
Maps/springobjects.xnb	98326	97663
Maps/DesertTiles.fr-FR.xnb	25104	24921
Maps/desert_festival_tilesheet.xnb	71632	70829
Maps/FarmHouse_SouthernRoom_Remove.xnb	440	445
Maps/TargetGame.xnb	456	461
Maps/bathhouse_tiles.es-ES.xnb	8638	8643
Maps/summer_beach.ko-KR.xnb	33888	33830
Maps/Island_Bridge_Repaired.xnb	1512	1517
Maps/winter_town.tr-TR.xnb	135370	133610
Maps/Desert-Festival.xnb	10942	10947
Maps/QiNutRoom.xnb	934	939
Maps/winter_monsterGraveTiles.xnb	1462	1467
Maps/samshowtiles.ko-KR.xnb	8356	8357
Maps/fall_outdoorsTileSheet.pt-BR.xnb	144172	143992
Maps/Town-EggFestival.xnb	32762	32759
Maps/farmhouse_tiles.xnb	14376	14324
Maps/Forest-FlowerFestival2.xnb	13296	13301
Maps/summer_outdoorsTileSheet.pt-BR.xnb	151864	151758
Maps/MovieTheater.xnb	1304	1309
Maps/bathhouse_tiles.xnb	8646	8651
Maps/summer_beach.fr-FR.xnb	33888	33808
Maps/sebastianMountainTiles.xnb	65682	65282
Maps/coopTiles.es-ES.xnb	6442	6439
Maps/Island_N.xnb	13970	13975
Maps/fall_island_tilesheet_1.xnb	84530	83774
Maps/samshowtiles.fr-FR.xnb	8352	8355
Maps/FarmHouse2_marriage.xnb	1994	1999
Maps/Forest-IceFestival.xnb	28510	28520
Maps/FishingDerbyTiles.xnb	6094	6015
Maps/fall_town.es-ES.xnb	119690	117794
Maps/IslandSouthEastCave_pirates.xnb	3242	3247
Maps/winter_beach.es-ES.xnb	32998	32959
Maps/summer_town.fr-FR.xnb	121172	119271
Maps/Hospital.xnb	1986	1991
Maps/Coop2.xnb	602	607
Maps/summer_outdoorsTileSheet.ru-RU.xnb	151884	151707
Maps/Festivals.hu-HU.xnb	58968	58388
Maps/spring_outdoorsTileSheet.fr-FR.xnb	149110	148921
Maps/Woods.xnb	4340	4345
Maps/winter_outdoorsTileSheet.es-ES.xnb	128216	128052
Maps/Trailer_big.xnb	2700	2705
Maps/Backwoods_GraveSite.xnb	1442	1447
Maps/fall_outdoorsTileSheet.ru-RU.xnb	144198	144009
Maps/summer_town.ko-KR.xnb	123042	121159
Maps/Town-TheaterCC-Halloween2.xnb	2422	2427
Maps/winter_town.xnb	134506	132906
Maps/qiNutRoom_tilesheet.xnb	12790	12795
Maps/spring_beach.es-ES.xnb	33418	33353
Maps/Coop3.xnb	720	725
Maps/Town-Christmas.xnb	32890	32901
Maps/Island_House_Bin.xnb	250	255
Maps/BusStop.xnb	6366	6371
Maps/nightSceneMaru.xnb	21616	21291
Maps/spring_outdoorsTileSheet.ko-KR.xnb	149108	148901
Maps/FarmHouse_DiningRoom_Add.xnb	1024	1029
Maps/IslandFarmHouse.xnb	1288	1293
Maps/WitchWarpCave.xnb	636	641
Maps/Island_Resort.xnb	1838	1843
Maps/fall_beach.xnb	33530	33434
Maps/FarmHouse_Bedroom_Normal.xnb	510	515
Maps/winter_outdoorsTileSheet2.xnb	50138	49755
Maps/Town-Theater.xnb	2666	2671
Maps/Island_Bridge_Broken.xnb	1506	1511
Maps/winter_beach.it-IT.xnb	32990	32951
Maps/ElliottHouseTiles.xnb	3400	3405
Maps/fall_town.it-IT.xnb	119972	118163
Maps/spring_town.ko-KR.xnb	118540	116643
Maps/townInterior.hu-HU.xnb	161170	158978
Maps/darkroom_tiles.xnb	1286	1291
Maps/FarmHouse_Cubby_Add.xnb	612	617
Maps/winter_outdoorsTileSheet.it-IT.xnb	128230	128061
Maps/summer_outdoorsTileSheet.tr-TR.xnb	151862	151748
Maps/bathhouse_tiles.zh-CN.xnb	8650	8655
Maps/ElliottSeaTiles.xnb	1022	1027
Maps/submarine_tilesheet.xnb	9070	8899
Maps/FarmHouse_ExtendedCornerRoom_Add.xnb	956	961
Maps/Town.xnb	32968	32979
Maps/fall_outdoorsTileSheet.tr-TR.xnb	144260	144194
Maps/Island_FarmCave.xnb	986	991
Maps/Farm.xnb	10534	10539
Maps/spring_town.fr-FR.xnb	115514	113412
Maps/winter_beach.ja-JP.xnb	32972	32934
Maps/spring_outdoorsTileSheet2.xnb	62508	61944
Maps/fall_town.ja-JP.xnb	119264	117343
Maps/Shed.xnb	526	531
Maps/springobjects.fr-FR.xnb	98304	97763
Maps/winter_outdoorsTileSheet.ja-JP.xnb	128234	128046
Maps/Desert.xnb	4318	4323
Maps/coopTiles.zh-CN.xnb	6470	6475
Maps/winter_town.pt-BR.xnb	134334	132797
Maps/ElliottSea.xnb	360	344
Maps/desert_festival_tilesheet_text_international.xnb	670	657
Maps/FarmHouse_DiningRoomWall_Remove.xnb	686	691
Maps/spring_beach.it-IT.xnb	33422	33371
Maps/Tent.xnb	482	487
Maps/Beach.xnb	6584	6589
Maps/floors_2.xnb	3764	3759
Maps/CarolineGreenhouseTiles.xnb	23822	23832
Maps/summer_town.it-IT.xnb	121930	119920
Maps/Saloon.xnb	3126	3131
Maps/Beach_SquidFestSign_Revert.xnb	1076	1081
Maps/winter_outdoorTileSheet_extra.xnb	1136	1141
Maps/WizardHouse.xnb	1688	1693
Maps/FarmHouse_FarUpperRoom_Add.xnb	826	831
Maps/MovieTheaterJoja_TileSheet.xnb	14750	14606
Maps/winter_Waterfalls.xnb	29812	29610
Maps/winter_Shadows.xnb	3268	3076
Maps/spring_outdoorsTileSheet.it-IT.xnb	149104	148926
Maps/MovieTheaterJoja_TileSheet_international.xnb	14656	14519
Maps/Island_FieldOffice.xnb	728	733
Maps/Festivals.pt-BR.xnb	60068	59440
Maps/Farm_Mining.xnb	12584	12589
Maps/Forest_RaccoonStump.xnb	1472	1477
Maps/SkullCaveAltar.xnb	468	473
Maps/boatTunnelTiles.xnb	4458	4463
Maps/spring_town.es-ES.xnb	117424	115614
Maps/MaruBasement.xnb	670	675
Maps/samshowtiles.zh-CN.xnb	8356	8361
Maps/summer_town.ja-JP.xnb	121240	119370
Maps/fall_Shadows.xnb	3042	2831
Maps/summer_beach.zh-CN.xnb	33860	33761
Maps/FarmHouse_FarUpperRoom_Remove.xnb	610	615
Maps/springobjects.es-ES.xnb	98290	97676
Maps/spring_outdoorsTileSheet.ja-JP.xnb	149106	148903
Maps/fall_beach.tr-TR.xnb	33514	33455
Maps/Island_FieldOffice_Tilesheet.xnb	4424	4429
Maps/summer_town.es-ES.xnb	121700	119870
Maps/desert_festival_tilesheet.ru-RU.xnb	71656	70836
Maps/Beach_SquidFest.xnb	1472	1477
Maps/winter_town.hu-HU.xnb	135354	133666
Maps/spring_town.ja-JP.xnb	117180	115327
Maps/ElliottHouse.xnb	746	751
Maps/Town-TrashGone.xnb	1776	1781
Maps/ScienceHouse.xnb	3250	3255
Maps/winter_beach.fr-FR.xnb	32988	32962
Maps/spring_outdoorsTileSheet.xnb	149096	148900
Maps/fall_town.fr-FR.xnb	118008	116062
Maps/BathHouse_WomensLocker.xnb	1266	1271
Maps/springobjects.ja-JP.xnb	98330	97731
Maps/spring_outdoorsTileSheet.es-ES.xnb	149098	148911
Maps/winter_outdoorsTileSheet.fr-FR.xnb	128230	128031
Maps/SebastianRoom.xnb	1130	1135
Maps/Forest-IceFestival2.xnb	28662	28672
Maps/spring_beach.ko-KR.xnb	33400	33349
Maps/Beach_SquidFest_Revert.xnb	1280	1285
Maps/winter_beach.ko-KR.xnb	32980	32930
Maps/spring_town.it-IT.xnb	117348	115506
Maps/fall_town.ko-KR.xnb	121142	119247
Maps/WizardHouseBasement.xnb	778	783
Maps/FarmHouse_DiningRoom_Remove.xnb	680	685
Maps/MovieTheaterJoja_TileSheet.ru-RU.xnb	14778	14648
Maps/BugLand.xnb	4122	4127
Maps/DesertTiles.zh-CN.xnb	25100	24901
Maps/spouseRooms.xnb	2116	2121
Maps/MermaidHouse.xnb	536	541
Maps/townInterior.pt-BR.xnb	161150	158869
Maps/characterSheet.xnb	8434	8439
Maps/FishingDerbyTiles.ru-RU.xnb	6102	6017
Maps/Summit.xnb	734	739
Maps/FishShop.xnb	1058	1063
Maps/MarnieBarn.xnb	888	893
Maps/bugLandTiles.xnb	6464	6469
Maps/coopTiles.xnb	6446	6448
Maps/fall_beach.ru-RU.xnb	33512	33444
Maps/winter_outdoorsTileSheet.ko-KR.xnb	128230	128034
Maps/summer_monsterGraveTiles.xnb	1824	1829
Maps/spring_beach.fr-FR.xnb	33410	33363
Maps/Island_SE.xnb	3568	3573
Maps/desert_festival_tilesheet_text.zh-CN.xnb	762	756
Maps/cave.xnb	7562	7567
Maps/summer_beach.hu-HU.xnb	33874	33817
Maps/fall_outdoorsTileSheet.it-IT.xnb	144188	143974
Maps/fall_town.xnb	117926	115984
Maps/spring_monsterGraveTiles.xnb	1868	1873
Maps/witchSwampTiles.xnb	8428	8422
Maps/fall_outdoorTileSheet_extra.xnb	1624	1617
Maps/FarmHouse_Bedroom_Open.xnb	450	455
Maps/spring_beach.tr-TR.xnb	33392	33301
Maps/Island_N_Trader.xnb	2088	2093
Maps/summer_outdoorsTileSheet.ja-JP.xnb	151874	151765
Maps/samshowtiles.hu-HU.xnb	8332	8337
Maps/FarmCave.xnb	626	631
Maps/winter_beach.tr-TR.xnb	32970	32906
Maps/fall_town.tr-TR.xnb	119524	117631
Maps/BathHouse_Entry.xnb	512	517
Maps/summer_outdoorsTileSheet.xnb	151868	151751
Maps/JoshHouse.xnb	2670	2675
Maps/Club.xnb	1332	1337
Maps/fall_outdoorsTileSheet.ja-JP.xnb	144270	144203
Maps/Town-Christmas2.xnb	32966	32981
Maps/winter_outdoorsTileSheet.tr-TR.xnb	128222	127990
Maps/walls_and_floors.xnb	49800	49212
Maps/summer_outdoorsTileSheet.it-IT.xnb	151860	151746
Maps/fall_outdoorsTileSheet.es-ES.xnb	144264	144182
Maps/spring_Shadows.xnb	3048	2841
Maps/Greenhouse.xnb	980	985
Maps/winter_island_tilesheet_1.xnb	84128	83396
Maps/spring_beach.ru-RU.xnb	33404	33316
Maps/Forest_FishingDerby.xnb	1584	1589
Maps/stadium_tiles.xnb	5476	5481
Maps/fall_beach.fr-FR.xnb	33528	33430
Maps/Railroad.xnb	9488	9493
Maps/bathhouse_tiles.pt-BR.xnb	8638	8643
Maps/Shed2.xnb	532	537
Maps/summer_town.xnb	120412	118556
Maps/FishingDerbyTiles.fr-FR.xnb	6074	5982
Maps/DesertTiles.hu-HU.xnb	25084	24901
Maps/spring_island_tilesheet_1.xnb	81352	80473
Maps/Beach-Luau.xnb	7744	7749
Maps/fall_town.ru-RU.xnb	117398	115442
Maps/SeedShop.xnb	4374	4379
Maps/winter_beach.ru-RU.xnb	32980	32937
Maps/FarmHouse_SouthernRoom_Add.xnb	670	675
Maps/summer_outdoorsTileSheet.es-ES.xnb	151868	151762
Maps/winter_town.zh-CN.xnb	134158	132585
Maps/coopTiles.pt-BR.xnb	6462	6467
Maps/HarveyBalloon.xnb	1178	1183
Maps/fall_beach.ko-KR.xnb	33524	33439
Maps/winter_outdoorsTileSheet.ru-RU.xnb	128222	128066
Maps/Forest-FlowerFestival.xnb	13212	13217
Maps/Backwoods.xnb	5234	5239
Maps/FarmHouse1.xnb	1028	1033
Maps/spring_town.tr-TR.xnb	117668	115846
Maps/Island_W_Obelisk.xnb	366	371
Maps/CommunityCenter_Joja.xnb	3240	3245
Maps/fall_outdoorsTileSheet.fr-FR.xnb	144270	144200
Maps/summer_beach.xnb	33876	33773
Maps/summer_outdoorsTileSheet.ko-KR.xnb	151870	151749
Maps/AbandonedJojaMart.xnb	1030	1035
Maps/fall_beach.es-ES.xnb	33550	33478
Maps/BoatTunnel.xnb	772	777
Maps/springobjects.tr-TR.xnb	98318	97637
Maps/townInterior.xnb	160984	158764
Maps/Backwoods_Staircase.xnb	1740	1745
Maps/Island_House_Cave.xnb	1454	1459
Maps/samshowtiles.pt-BR.xnb	8354	8359
Maps/summer_town.ru-RU.xnb	118758	116784
Maps/Sewer.xnb	1458	1463
Maps/fall_outdoorsTileSheet.ko-KR.xnb	144270	144226
Maps/Festivals.zh-CN.xnb	59010	58475
Maps/MovieTheaterScreen_TileSheet.xnb	6528	6513
Maps/spring_outdoorsTileSheet.ru-RU.xnb	149130	148956
Maps/summer_beach.pt-BR.xnb	33892	33780
Maps/summer_outdoorsTileSheet.fr-FR.xnb	151864	151765
Maps/FishingGame.xnb	1362	1367
Maps/Island_Shrine.xnb	2182	2187
Maps/coopTiles.hu-HU.xnb	6436	6439
Maps/townInterior_2.xnb	77722	76606
Maps/spring_town.ru-RU.xnb	114520	112615
Maps/FarmHouse2.xnb	1840	1845
Maps/Forest_FishingDerby_Revert.xnb	1414	1419
Maps/DesertTiles_Extended.xnb	3118	3123
Maps/masteryCaveTilesheet.xnb	13030	13035
Maps/fall_beach.it-IT.xnb	33538	33450
Maps/Mountain-BridgeFixed.xnb	1596	1601
Maps/springobjects.ru-RU.xnb	98328	97707
Maps/IslandSouthEastCave.xnb	2484	2489
Maps/DesertTiles.pt-BR.xnb	25102	24910
Maps/samshowtiles.xnb	8356	8357
Maps/summer_town.tr-TR.xnb	121842	119928
Maps/spousePatios.xnb	2018	2023
Maps/bathhouse_tiles.hu-HU.xnb	8642	8647
Maps/fall_beach.ja-JP.xnb	33530	33434
Maps/spring_outdoorsTileSheet.tr-TR.xnb	149096	148879
Maps/Stadium.xnb	1634	1639
Maps/townInterior.zh-CN.xnb	160640	158544
Maps/FarmHouse.xnb	624	629
Maps/HaleyHouse.xnb	2906	2911
Maps/fall_beach.zh-CN.xnb	33512	33448
Maps/MenuTiles.xnb	9222	8546
Maps/Caldera.xnb	2936	2941
Maps/summer_beach.tr-TR.xnb	33870	33742
Maps/IslandWestCave1.xnb	552	557
Maps/townInterior.ja-JP.xnb	160762	158682
Maps/winter_town.ko-KR.xnb	136594	134975
Maps/Island_CaptainRoom.xnb	596	601
Maps/DesertTiles.ru-RU.xnb	25100	24923
Maps/winter_outdoorsTileSheet.xnb	128220	128031
Maps/spring_beach.hu-HU.xnb	33398	33316
Maps/nightSceneMaruTrees.xnb	4812	4713
Maps/Town-TheaterCC.xnb	2570	2575
Maps/Beach-NightMarket.xnb	9212	9217
Maps/BathHouse_MensLocker.xnb	1318	1323
Maps/LeoTreeHouse_Tilesheet.xnb	3408	3413
Maps/Town-Halloween.xnb	33758	33773
Maps/winter_town.fr-FR.xnb	134052	132306
Maps/fall_town.hu-HU.xnb	119646	117716
Maps/Submarine.xnb	1338	1343
Maps/townInterior.it-IT.xnb	161244	159022
Maps/springobjects.pt-BR.xnb	98290	97676
Maps/winter_beach.hu-HU.xnb	32970	32929
Maps/AdventureGuild.xnb	1800	1805
Maps/Island_Hut_tilesheet.xnb	14208	14105
Maps/LeahHouse.xnb	1368	1373
Maps/Farm_FourCorners.xnb	13236	13241
Maps/MenuTilesUncolored.xnb	5362	4718
Maps/Festivals.es-ES.xnb	58962	58467
Maps/winter_outdoorsTileSheet.hu-HU.xnb	128232	128035
Maps/spring_town.pt-BR.xnb	115622	113801
Maps/Island_Secret.xnb	12240	12245
Maps/Forest-SewerClean.xnb	2750	2755
Maps/JojaMart.xnb	1790	1795
Maps/summer_beach.ru-RU.xnb	33878	33782
Maps/summer_outdoorsTileSheet2.xnb	62244	61649
Maps/spring_outdoorsTileSheet.pt-BR.xnb	149094	148909
Maps/Darkroom.xnb	406	411
Maps/Island_W.xnb	17898	17908
Maps/Forest_FishingDerbySign.xnb	1334	1339
Maps/DesertTiles.tr-TR.xnb	25088	24905
Maps/NightSceneMaruMap2.xnb	1630	1380
Maps/summer_town.pt-BR.xnb	119898	117862
Maps/samshowtiles.ru-RU.xnb	8340	8342
Maps/RefurbishedSaloonRoom.xnb	460	465
Maps/Festivals.ja-JP.xnb	58940	58356
Maps/FarmHouse_CornerRoom_Remove.xnb	536	541
Maps/townInterior.es-ES.xnb	161134	158872
Maps/BathHouse_Pool.xnb	1382	1387
Maps/Town-Fair.xnb	33608	33623
Maps/HarveyBalloonTiles.xnb	22086	21693
Maps/fall_Waterfalls.xnb	29666	29459
Maps/Festivals.it-IT.xnb	58960	58413
Maps/FarmHouse_ExtendedCornerRoom_Remove.xnb	594	599
Maps/townInterior.ko-KR.xnb	160752	158652
Maps/spring_town.hu-HU.xnb	117292	115440
Maps/winter_town.ja-JP.xnb	135310	133531
Maps/FarmHouse_Cellar.xnb	488	493
Maps/winter_outdoorsTileSheet.pt-BR.xnb	128220	128030
Maps/Town-DogHouse.xnb	1840	1845
Maps/Island_E.xnb	3624	3629
Maps/CommunityCenter_Ruins.xnb	3258	3263
Maps/SebastianRide.xnb	956	961
Maps/coopTiles.ru-RU.xnb	6436	6441
Maps/SamShow.xnb	1026	1031
Maps/EmilyDreamscapeTiles.xnb	4582	4587
Maps/winter_beach.pt-BR.xnb	32994	32944
Maps/Farm_Island.xnb	19458	19468
Maps/Festivals.xnb	58958	58392
Maps/fall_town.pt-BR.xnb	118896	116838
Maps/Town-EggFestival2.xnb	33006	33021
Maps/townInterior.de-DE.xnb	161172	158977
Maps/FarmHouse_Cubby_Remove.xnb	534	539
Maps/Farm_Greenhouse_Dirt_FourCorners.xnb	1700	1705
Maps/bathhouse_tiles.ru-RU.xnb	8646	8651
Maps/winter_town.it-IT.xnb	135408	133882
Maps/Farm_Ranching.xnb	20858	20868
Maps/Mountain.xnb	13918	13923
Maps/Mountain_Shortcuts.xnb	1868	1873
Maps/spring_beach.pt-BR.xnb	33416	33347
Maps/summer_Shadows.xnb	3044	2833
Maps/townInterior.fr-FR.xnb	161218	159003
Maps/pirates_tilesheet.xnb	12442	12447
Maps/MasteryCave.xnb	932	937
Maps/Beach-Luau2.xnb	7914	7919
Maps/Island_S.xnb	4412	4417
Maps/Beach-Jellies.xnb	7002	7007
Maps/SebastianMountain.xnb	1680	1685
Maps/island_tilesheet_2.xnb	11018	10899
Maps/summer_Waterfalls.xnb	30280	30075
Maps/FishingDerbyTiles_international.xnb	6252	6161
Maps/coopTiles.tr-TR.xnb	6432	6430
Maps/SlimeHutch.xnb	668	673
Maps/HarveyRoom.xnb	1554	1559
Maps/Sunroom.xnb	846	851
Maps/FarmHouse1_marriage.xnb	1158	1163
Maps/spring_Waterfalls.xnb	29708	29504
Maps/Blacksmith.xnb	1640	1645
Maps/Festivals.ko-KR.xnb	58888	58325
Maps/fall_outdoorsTileSheet.zh-CN.xnb	144180	143971
Maps/IslandNorthCave1.xnb	688	693
Maps/EmilyDreamscape.xnb	1660	1665
Maps/bathhouse_tiles.tr-TR.xnb	8642	8647
Maps/summer_town.hu-HU.xnb	121730	119825
Maps/fall_outdoorsTileSheet.xnb	144266	144217
Maps/summer_outdoorsTileSheet.zh-CN.xnb	151868	151751
Maps/winter_town.es-ES.xnb	135370	133736
Maps/Farm_Combat.xnb	11142	11147
Maps/wallpapers_2.xnb	8698	8606
Maps/island_tilesheet_1.xnb	119384	117909
Maps/spring_outdoorsTileSheet.hu-HU.xnb	149112	148913
Maps/fall_outdoorsTileSheet2.xnb	62958	62455
Maps/SkullCave.xnb	840	845
Maps/Forest_FishingDerbySign_Revert.xnb	1312	1317
Maps/Festivals.fr-FR.xnb	58992	58359
Maps/spring_town.xnb	115856	113903
TileSheets/wizard_furnitureFront.xnb	1300	1133
TileSheets/furniture_3Front.xnb	2060	1881
TileSheets/furniture_2Front.xnb	1094	612
TileSheets/weapons.xnb	5656	5661
TileSheets/joja_furniture.xnb	11744	11749
TileSheets/Mannequins.xnb	2992	2983
TileSheets/furniture.zh-CN.xnb	133484	130975
TileSheets/BuffsIcons.xnb	5234	5235
TileSheets/fruitTrees.xnb	44528	43862
TileSheets/crops.xnb	31878	31114
TileSheets/furniture.ja-JP.xnb	133468	130947
TileSheets/joja_furnitureFront.xnb	1448	1331
TileSheets/FreeCactuses.xnb	3606	3611
TileSheets/junimo_furniture.xnb	24904	24914
TileSheets/emotes.xnb	2398	2403
TileSheets/tools.xnb	14524	14152
TileSheets/Floors.xnb	4382	4378
TileSheets/furniture.ko-KR.xnb	133578	131094
TileSheets/ChairTiles.xnb	3722	3591
TileSheets/bobbers.xnb	5696	5684
TileSheets/Objects_2.xnb	16468	16396
TileSheets/animations.xnb	53264	51008
TileSheets/Craftables.xnb	54202	53818
TileSheets/furnitureFront.xnb	15838	12928
TileSheets/furniture.ru-RU.xnb	133496	131076
TileSheets/Projectiles.xnb	3598	3603
TileSheets/Fireball.xnb	628	633
TileSheets/retro_furniture.xnb	12146	12131
TileSheets/mannequin_furniture.xnb	590	595
TileSheets/retro_furnitureFront.xnb	1488	1239
TileSheets/wizard_furniture.xnb	16804	16543
TileSheets/critters.xnb	18382	17813
TileSheets/bushes.xnb	11454	11377
TileSheets/furniture_2.xnb	15042	14599
TileSheets/furniture_3.xnb	24406	24380
TileSheets/furniture.xnb	133498	131113
TileSheets/debris.xnb	1396	1401
TileSheets/SecretNotesImages.xnb	13016	12779
TileSheets/rain.xnb	526	531
TileSheets/junimo_furnitureFront.xnb	2078	1860
TileSheets/companions.xnb	8064	7516
LooseSprites/Billboard.zh-CN.xnb	10876	10726
LooseSprites/chatBox.xnb	1382	1223
LooseSprites/font_colored.xnb	6378	6123
LooseSprites/MobileAtlas_manually_made.ru-RU.xnb	21438	21006
LooseSprites/terraria_cat.xnb	9638	9643
LooseSprites/cowPhotosWinter.xnb	8624	8506
LooseSprites/JunimoNote.zh-CN.xnb	116760	116498
LooseSprites/SandDuggy.xnb	594	599
LooseSprites/MobileAtlas_manually_made.xnb	21424	21007
LooseSprites/textBox.xnb	408	413
LooseSprites/Farm_ranching_map_summer.xnb	3506	3511
LooseSprites/JunimoNoteMobile.xnb	11906	11911
LooseSprites/emojis.xnb	9654	9659
LooseSprites/steamAnimation.xnb	3492	3497
LooseSprites/PlayerStatusList.xnb	978	983
LooseSprites/AquariumFish.xnb	21134	20857
LooseSprites/Book_Animation.xnb	2632	2556
LooseSprites/ControllerMaps.zh-CN.xnb	74594	73665
LooseSprites/SuspensionBridge.xnb	832	837
LooseSprites/MobileAtlas_tencent.xnb	48666	47649
LooseSprites/marnie_winter_dance.xnb	776	781
LooseSprites/Cursors.tr-TR.xnb	289104	288498
LooseSprites/JojaCDForm.ru-RU.xnb	3054	3056
LooseSprites/CraneGame_international.xnb	11448	11312
LooseSprites/PrizeTicketMenu.xnb	1848	1853
LooseSprites/Cursors.ru-RU.xnb	289972	289381
LooseSprites/JojaCDForm.tr-TR.xnb	3026	3031
LooseSprites/ControllerMaps.ko-KR.xnb	51010	48863
LooseSprites/dye_bench.xnb	3676	3636
LooseSprites/JunimoNote.fr-FR.xnb	116696	116386
LooseSprites/ControllerMaps.de-DE.xnb	55756	54330
LooseSprites/JunimoNote.de-DE.xnb	116662	116369
LooseSprites/Cursors.pt-BR.xnb	288918	288367
LooseSprites/ControllerMaps.fr-FR.xnb	49560	48070
LooseSprites/temporary_sprites_1.xnb	89150	88890
LooseSprites/WillysBoat.xnb	15942	15764
LooseSprites/JunimoNote.ko-KR.xnb	116690	116451
LooseSprites/tailoring.xnb	4648	4653
LooseSprites/JunimoNoteMobile_raccoon.xnb	26052	26053
LooseSprites/raccoon_bundle_menu.xnb	23832	23204
LooseSprites/JojaCDForm.pt-BR.xnb	2928	2933
LooseSprites/Billboard.fr-FR.xnb	10706	10555
LooseSprites/mute_voice_icon.xnb	354	359
LooseSprites/Billboard.de-DE.xnb	10840	10692
LooseSprites/map.xnb	37200	37190
LooseSprites/MobileAtlas_manually_made.hu-HU.xnb	21476	21038
LooseSprites/Billboard.ko-KR.xnb	11062	10917
LooseSprites/Movies.xnb	96318	95190
LooseSprites/Billboard.xnb	10792	10649
LooseSprites/ControllerMaps.ja-JP.xnb	77514	76899
LooseSprites/ForgeMenu.xnb	3162	3167
LooseSprites/map_fall.xnb	37540	37503
LooseSprites/JunimoNote.it-IT.xnb	116788	116511
LooseSprites/FieldOfficeDonationMenu.xnb	5442	5447
LooseSprites/Cursors.hu-HU.xnb	288798	288184
LooseSprites/SpecialOrdersBoard.xnb	8226	7760
LooseSprites/Billboard.es-ES.xnb	10582	10429
LooseSprites/GemBird.xnb	1796	1785
LooseSprites/Farm_ranching_map_winter.xnb	3470	3475
LooseSprites/ControllerMaps.it-IT.xnb	47152	45747
LooseSprites/raccoon_circle_cutout.xnb	63012	62977
LooseSprites/JunimoNote.ja-JP.xnb	116780	116567
LooseSprites/JunimoNote.xnb	116802	116545
LooseSprites/MobileAtlas_manually_made.pt-BR.xnb	21530	21099
LooseSprites/Billboard.it-IT.xnb	10748	10597
LooseSprites/JunimoNote.es-ES.xnb	116684	116448
LooseSprites/JojaCDForm.hu-HU.xnb	2882	2875
LooseSprites/ControllerMaps.es-ES.xnb	53024	50745
LooseSprites/troutDerbyLetterBG.xnb	2702	2701
LooseSprites/ParrotPlatform.xnb	2196	2201
LooseSprites/Cloudy_Ocean_BG.xnb	59608	58500
LooseSprites/Billboard.ja-JP.xnb	10930	10801
LooseSprites/letterBG.ru-RU.xnb	56440	54280
LooseSprites/ControllerMaps.xnb	48368	47515
LooseSprites/Cursors.zh-CN.xnb	289094	288604
LooseSprites/CraneGame.xnb	11358	11221
LooseSprites/logo.xnb	13256	13234
LooseSprites/nightbg.xnb	1138	1143
LooseSprites/font_bold.xnb	8666	8572
LooseSprites/cowPhotos.xnb	9828	9510
LooseSprites/map_island.xnb	15314	15319
LooseSprites/JojaCDForm.zh-CN.xnb	2830	2819
LooseSprites/Cursors2.xnb	19714	19639
LooseSprites/Cursors_1_6.xnb	85460	85271
LooseSprites/swimShadow.xnb	344	349
LooseSprites/ControllerMaps.ru-RU.xnb	51030	49456
LooseSprites/Billboard.tr-TR.xnb	10854	10711
LooseSprites/DesertRacers.xnb	2474	2479
LooseSprites/SeaMonster.xnb	544	549
LooseSprites/boardGameBorder.xnb	392	395
LooseSprites/stardewPanorama.xnb	32232	31412
LooseSprites/JunimoNote.ru-RU.xnb	116658	116471
LooseSprites/BundleSprites.xnb	15918	15694
LooseSprites/ControllerMaps.tr-TR.xnb	49190	46277
LooseSprites/yellowLettersLogo.xnb	3990	3995
LooseSprites/map_winter.xnb	35356	35335
LooseSprites/Cursors_1_6.ru-RU.xnb	85452	85187
LooseSprites/squidFestLetterBG.xnb	2358	2363
LooseSprites/Billboard.ru-RU.xnb	10732	10572
LooseSprites/JunimoNote.tr-TR.xnb	116772	116434
LooseSprites/farm_ranching_icon.xnb	468	473
LooseSprites/Billboard.pt-BR.xnb	10884	10739
LooseSprites/LightRays.xnb	9214	9130
LooseSprites/JojaCDForm.fr-FR.xnb	2948	2945
LooseSprites/shadow.xnb	236	235
LooseSprites/MobileAtlas_manually_made.it-IT.xnb	21474	21043
LooseSprites/birds.xnb	3602	3495
LooseSprites/Concessions.xnb	2618	2623
LooseSprites/map_summer.xnb	36168	36143
LooseSprites/Farm_ranching_map_fall.xnb	3672	3677
LooseSprites/parrots.xnb	6422	6180
LooseSprites/JojaCDForm.ko-KR.xnb	2934	2917
LooseSprites/boardGame.xnb	29286	29098
LooseSprites/daybg.xnb	1160	1165
LooseSprites/JojaCDForm.de-DE.xnb	3132	3125
LooseSprites/Fence1.xnb	2204	2209
LooseSprites/Bat.xnb	636	637
LooseSprites/Cursors.de-DE.xnb	288698	288225
LooseSprites/MobileAtlas_manually_made.es-ES.xnb	21456	21011
LooseSprites/Fence3.xnb	2122	2127
LooseSprites/JunimoNote.pt-BR.xnb	116684	116448
LooseSprites/Cursors.xnb	288582	287919
LooseSprites/Cursors.ko-KR.xnb	288448	287920
LooseSprites/Movies.ru-RU.xnb	96266	95120
LooseSprites/JojaCDForm.xnb	2936	2929
LooseSprites/ControllerMaps.pt-BR.xnb	53362	51356
LooseSprites/Cursors.fr-FR.xnb	289234	288642
LooseSprites/Fence2.xnb	2304	2309
LooseSprites/JojaCDForm.it-IT.xnb	2826	2813
LooseSprites/letterBG.xnb	56332	54128
LooseSprites/MobileAtlas_manually_made.fr-FR.xnb	21500	21051
LooseSprites/Cloudy_Ocean_BG_Night.xnb	27580	26640
LooseSprites/LanguageButtons.xnb	14208	13413
LooseSprites/EmoteMenu.xnb	2376	2381
LooseSprites/MobileAtlas_manually_made.ko-KR.xnb	21386	20980
LooseSprites/JojaCDForm.ja-JP.xnb	2718	2699
LooseSprites/MobileAtlas_manually_made.de-DE.xnb	21498	21078
LooseSprites/Billboard.hu-HU.xnb	10672	10513
LooseSprites/Cursors.es-ES.xnb	288812	288292
LooseSprites/Farm_ranching_map.xnb	3714	3719
LooseSprites/Fence5.xnb	2242	2247
LooseSprites/ControllerMaps.hu-HU.xnb	51890	50141
LooseSprites/JojaCDForm.es-ES.xnb	3006	2993
LooseSprites/Cursors.ja-JP.xnb	288608	287908
LooseSprites/Cursors.it-IT.xnb	289360	288726
LooseSprites/Giftbox.xnb	3306	3094
LooseSprites/JunimoNote.hu-HU.xnb	116796	116562
Portraits/Abigail_Beach.xnb	3956	3937
Portraits/Willy.xnb	2018	2023
Portraits/Robin_Winter.xnb	3146	3151
Portraits/Fizz.xnb	2664	2669
Portraits/Maru_Beach.xnb	4100	4098
Portraits/Gus_Winter.xnb	2122	2127
Portraits/Wizard.xnb	1854	1859
Portraits/Gunther.xnb	1320	1325
Portraits/Sebastian_Beach.xnb	2394	2394
Portraits/Governor.xnb	2712	2717
Portraits/Morris.xnb	2302	2307
Portraits/Marnie_Beach.xnb	2882	2887
Portraits/Jas.xnb	2864	2869
Portraits/Penny_Winter.xnb	7522	7495
Portraits/Sam_Beach.xnb	5598	5603
Portraits/Bouncer.xnb	1024	1029
Portraits/Grandpa.xnb	1552	1557
Portraits/Sandy.xnb	1842	1847
Portraits/Penny.xnb	7440	7417
Portraits/Evelyn_Winter.xnb	1610	1615
Portraits/Alex_Beach.xnb	3006	3011
Portraits/Shane_Beach.xnb	2902	2880
Portraits/Marlon.xnb	1626	1631
Portraits/Pam_Winter.xnb	2630	2635
Portraits/Kent_Winter.xnb	2130	2135
Portraits/Pam_Beach.xnb	2560	2565
Portraits/Leah.xnb	4008	3997
Portraits/George_Winter.xnb	1984	1989
Portraits/Linus.xnb	2816	2821
Portraits/Jodi_Winter.xnb	2806	2793
Portraits/Leah_Beach.xnb	3218	3223
Portraits/Abigail_Winter.xnb	4000	4005
Portraits/George.xnb	2122	2127
Portraits/Jodi_Beach.xnb	2284	2289
Portraits/Marnie_Winter.xnb	2844	2834
Portraits/Leah_Winter.xnb	3906	3897
Portraits/Vincent.xnb	1706	1711
Portraits/Lewis_Winter.xnb	2604	2609
Portraits/Haley_Beach.xnb	5170	5143
Portraits/Caroline_Winter.xnb	2120	2125
Portraits/Clint_Beach.xnb	1734	1739
Portraits/Demetrius.xnb	3914	3897
Portraits/Pierre.xnb	2424	2429
Portraits/Jodi.xnb	2732	2719
Portraits/MrQi.xnb	1616	1621
Portraits/Maru.xnb	4298	4287
Portraits/Harvey.xnb	5316	5308
Portraits/Sam_Winter.xnb	5540	5494
Portraits/Pierre_Beach.xnb	1786	1791
Portraits/Emily_Winter.xnb	7004	7009
Portraits/SafariGuy.xnb	2088	2093
Portraits/Henchman.xnb	2250	2255
Portraits/Maru_Winter.xnb	4246	4239
Portraits/Emily.xnb	7824	7829
Portraits/Robin_Beach.xnb	3026	3031
Portraits/Clint_Winter.xnb	3626	3631
Portraits/Clint.xnb	3668	3673
Portraits/Haley.xnb	6698	6675
Portraits/Linus_Winter.xnb	3222	3227
Portraits/Maru_Hospital.xnb	2888	2893
Portraits/Elliott.xnb	3288	3293
Portraits/Bear.xnb	3014	3019
Portraits/Shane_JojaMart.xnb	6354	6359
Portraits/ParrotBoy.xnb	2104	2109
Portraits/AnsweringMachine.xnb	922	927
Portraits/Elliott_Winter.xnb	3340	3345
Portraits/Krobus.xnb	3430	3435
Portraits/Kent.xnb	2302	2307
Portraits/Sam_JojaMart.xnb	7360	7360
Portraits/Pam.xnb	2616	2621
Portraits/Haley_Winter.xnb	7404	7374
Portraits/Harvey_Beach.xnb	3096	3063
Portraits/Jas_Winter.xnb	2582	2585
Portraits/Demetrius_Winter.xnb	2778	2783
Portraits/Sebastian.xnb	3098	3103
Portraits/Willy_Winter.xnb	2024	2029
Portraits/Abigail.xnb	4476	4458
Portraits/Gus.xnb	2122	2127
Portraits/Krobus_Trenchcoat.xnb	1048	1053
Portraits/Gil.xnb	2136	2141
Portraits/Emily_Beach.xnb	3524	3529
Portraits/Marnie.xnb	3014	3019
Portraits/Pierre_Winter.xnb	2462	2467
Portraits/Evelyn.xnb	1576	1581
Portraits/Shane.xnb	5924	5901
Portraits/Dwarf.xnb	944	949
Portraits/Alex_Winter.xnb	5028	5007
Portraits/Caroline.xnb	2028	2033
Portraits/Harvey_Winter.xnb	5188	5190
Portraits/Robin.xnb	3194	3199
Portraits/Birdie.xnb	2168	2167
Portraits/Alex.xnb	4976	4964
Portraits/Penny_Beach.xnb	5254	5162
Portraits/Lewis.xnb	2588	2593
Portraits/ParrotBoy_Winter.xnb	1830	1835
Portraits/Vincent_Winter.xnb	1892	1897
Portraits/Sebastian_Winter.xnb	3188	3193
Portraits/Elliott_Beach.xnb	3284	3289
Portraits/Sam.xnb	7144	7130
Portraits/Caroline_Beach.xnb	1870	1875
Portraits/Shane_Winter.xnb	5834	5839
Fonts/SpriteFont1.xnb	12734	12739
Fonts/Japanese.xnb	19538	19548
Fonts/SmallFont.ko-KR.xnb	225464	225534
Fonts/SmallFont.de-DE.xnb	9514	9519
Fonts/Russian_0.xnb	5064	4849
Fonts/SmallFont.fr-FR.xnb	161091	28944
Fonts/Chinese_3.xnb	43520	39488
Fonts/SpriteFont1.zh-CN.xnb	1196794	1196387
Fonts/Chinese_2.xnb	401046	400589
Fonts/SmallFont.es-ES.xnb	9514	9519
Fonts/Japanese.fnt	303600	23768
Fonts/SmallFont.ja-JP.xnb	392588	392686
Fonts/Chinese_0.xnb	416882	416867
Fonts/Chinese_1.xnb	407054	406639
Fonts/tinyFont.xnb	19514	19524
Fonts/Korean_09.xnb	330492	330400
Fonts/Korean_08.xnb	326434	326340
Fonts/SmallFont.zh-CN.xnb	883026	882723
Fonts/SpriteFont1.es-ES.xnb	12734	12739
Fonts/SpriteFont1.ja-JP.xnb	472862	473007
Fonts/SpriteFont1.de-DE.xnb	9518	9523
Fonts/Japanese_1.xnb	71600	67823
Fonts/SpriteFont1.ko-KR.xnb	295334	295317
Fonts/SpriteFont1.fr-FR.xnb	314691	42601
Fonts/SmallFont.xnb	9514	9519
Fonts/Japanese_0.xnb	489232	489357
Fonts/Korean_00.xnb	293478	293540
Fonts/SpriteFont1.tr-TR.xnb	316739	43742
Fonts/Korean_01.xnb	318466	318457
Fonts/SmallFont.pt-BR.xnb	6792	6797
Fonts/Korean_03.xnb	331820	331731
Fonts/SpriteFont1.ru-RU.xnb	365501	62429
Fonts/Korean_02.xnb	332952	333007
Fonts/SmallFont.hu-HU.xnb	22916	22926
Fonts/Korean_06.xnb	343008	343028
Fonts/Korean_07.xnb	320514	320440
Fonts/Korean_05.xnb	317890	317851
Fonts/Korean_11.xnb	160234	157741
Fonts/Korean_10.xnb	337946	337768
Fonts/Korean_04.xnb	332152	332165
Fonts/Chinese.xnb	53976	53996
Fonts/SpriteFont1.hu-HU.xnb	32368	32378
Fonts/Korean.fnt	1376828	130939
Fonts/Russian.fnt	52596	4699
Fonts/Korean.xnb	98782	98817
Fonts/SmallFont.tr-TR.xnb	163139	29344
Fonts/Russian.xnb	4002	4007
Fonts/SpriteFont1.pt-BR.xnb	8660	8665
Fonts/SmallFont.ru-RU.xnb	365501	62429
Fonts/Chinese.fnt	910907	66165
XACT/Wave Bank(1.4).xwb	37258692	29392014
XACT/Sound Bank.xsb	32062	10944
XACT/FarmerSounds.xgs	1404	809
XACT/Wave Bank.xwb	460453688	345660780
Characters/Assorted_Fishermen.xnb	3334	3339
Characters/Abigail_Beach.xnb	2118	2123
Characters/Willy.xnb	4014	4019
Characters/Toddler_girl_dark.xnb	1736	1741
Characters/Robin_Winter.xnb	4090	4095
Characters/Fizz.xnb	432	437
Characters/Maru_Beach.xnb	2060	2065
Characters/Gus_Winter.xnb	3374	3379
Characters/Crow.xnb	1044	1044
Characters/Wizard.xnb	2732	2737
Characters/Gunther.xnb	1102	1107
Characters/Sebastian_Beach.xnb	2026	2031
Characters/Governor.xnb	1468	1473
Characters/Morris.xnb	2470	2475
Characters/Marnie_Beach.xnb	1752	1757
Characters/Jas.xnb	2728	2733
Characters/Penny_Winter.xnb	5268	5273
Characters/Demetrius_Beach.xnb	3528	3533
Characters/Sam_Beach.xnb	2240	2245
Characters/Bouncer.xnb	414	419
Characters/Toddler_dark.xnb	1574	1579
Characters/Grandpa.xnb	191	149
Characters/Sandy.xnb	2126	2131
Characters/Penny.xnb	5226	5229
Characters/Evelyn_Winter.xnb	2162	2167
Characters/Alex_Beach.xnb	2076	2081
Characters/LeahExFemale.xnb	1250	1255
Characters/Shane_Beach.xnb	2118	2123
Characters/Marlon.xnb	1312	1317
Characters/Pam_Winter.xnb	3562	3567
Characters/Baby_dark.xnb	2668	2673
Characters/Kent_Winter.xnb	2244	2249
Characters/Pam_Beach.xnb	1586	1591
Characters/Leah.xnb	5482	5480
Characters/George_Winter.xnb	2030	2035
Characters/Linus.xnb	3236	3241
Characters/Jodi_Winter.xnb	2708	2713
Characters/Leah_Beach.xnb	1926	1931
Characters/Abigail_Winter.xnb	5906	5911
Characters/George.xnb	1990	1995
Characters/Jodi_Beach.xnb	1604	1609
Characters/ClothesTherapyCharacters.xnb	3208	3213
Characters/Marnie_Winter.xnb	4354	4359
Characters/Leah_Winter.xnb	5750	5755
Characters/Vincent.xnb	2396	2401
Characters/raccoon.xnb	4226	4143
Characters/KrobusRaven.xnb	4504	4509
Characters/Marcello.xnb	2194	2199
Characters/Lewis_Winter.xnb	3624	3629
Characters/Haley_Beach.xnb	2356	2361
Characters/Toddler_girl.xnb	1746	1751
Characters/Caroline_Winter.xnb	2948	2953
Characters/Clint_Beach.xnb	1684	1689
Characters/Demetrius.xnb	3768	3773
Characters/Pierre.xnb	2990	2995
Characters/Jodi.xnb	2914	2919
Characters/MrQi.xnb	1274	1279
Characters/Maru.xnb	4660	4665
Characters/Harvey.xnb	6370	6359
Characters/Sam_Winter.xnb	6280	6264
Characters/Pierre_Beach.xnb	1690	1695
Characters/Emily_Winter.xnb	5906	5911
Characters/SafariGuy.xnb	2126	2131
Characters/Mariner.xnb	512	517
Characters/Henchman.xnb	1162	1167
Characters/Maru_Winter.xnb	4546	4551
Characters/Baby.xnb	2672	2677
Characters/Emily.xnb	5858	5859
Characters/Robin_Beach.xnb	1724	1729
Characters/Clint_Winter.xnb	4406	4411
Characters/Clint.xnb	4530	4535
Characters/Haley.xnb	5376	5372
Characters/Linus_Winter.xnb	3220	3225
Characters/Maru_Hospital.xnb	2498	2493
Characters/Elliott.xnb	5348	5353
Characters/Bear.xnb	2442	2447
Characters/TrashBear.xnb	2146	2151
Characters/Shane_JojaMart.xnb	2632	2637
Characters/Assorted_Fishermen_Winter.xnb	3624	3629
Characters/ParrotBoy.xnb	2870	2875
Characters/Elliott_Winter.xnb	5324	5329
Characters/Krobus.xnb	2044	2049
Characters/Kent.xnb	2288	2293
Characters/Sam_JojaMart.xnb	6622	6627
Characters/SeaMonsterKrobus.xnb	2618	2601
Characters/Pam.xnb	3348	3353
Characters/Haley_Winter.xnb	5058	5061
Characters/Harvey_Beach.xnb	1912	1917
Characters/Jas_Winter.xnb	2660	2665
Characters/Demetrius_Winter.xnb	3652	3657
Characters/Sebastian.xnb	5062	5067
Characters/Willy_Winter.xnb	4384	4389
Characters/Abigail.xnb	6100	6105
Characters/Gourmand.xnb	1070	1075
Characters/Gus.xnb	3420	3425
Characters/robot.xnb	2514	2519
Characters/Krobus_Trenchcoat.xnb	1330	1335
Characters/IslandParrot.xnb	2820	2817
Characters/Toddler.xnb	1592	1597
Characters/Emily_Beach.xnb	2220	2225
Characters/Marnie.xnb	4372	4377
Characters/Pierre_Winter.xnb	2906	2911
Characters/Evelyn.xnb	2096	2101
Characters/Junimo.xnb	2382	2387
Characters/Shane.xnb	4956	4939
Characters/Dwarf.xnb	1734	1739
Characters/Alex_Winter.xnb	5714	5719
Characters/Caroline.xnb	2978	2983
Characters/Harvey_Winter.xnb	6366	6347
Characters/mrs_raccoon.xnb	4340	4265
Characters/Robin.xnb	4246	4251
Characters/Birdie.xnb	1962	1967
Characters/Alex.xnb	5550	5555
Characters/Penny_Beach.xnb	2066	2071
Characters/Lewis.xnb	3662	3667
Characters/LeahExMale.xnb	1144	1149
Characters/ParrotBoy_Winter.xnb	2738	2743
Characters/Vincent_Winter.xnb	2290	2293
Characters/asldkfjsquaskutanfsldk.xnb	3528	3458
Characters/Sebastian_Winter.xnb	5254	5259
Characters/Elliott_Beach.xnb	2154	2159
Characters/Sam.xnb	6294	6277
Characters/Caroline_Beach.xnb	1572	1577
Characters/Shane_Winter.xnb	5046	5042
Characters/Lewis_Beach.xnb	2120	2125
Animals/turtle.xnb	3050	2962
Animals/dog5.xnb	3710	3678
Animals/horse.xnb	3588	3574
Animals/dog.xnb	3764	3725
Animals/dog4.xnb	3748	3726
Animals/dog1.xnb	3904	3901
Animals/dog3.xnb	4060	4018
Animals/Dinosaur.xnb	1538	1543
Animals/dog2.xnb	3362	3324
Animals/cat2.xnb	2720	2681
Animals/BabyOstrich.xnb	1660	1647
Animals/cat3.xnb	2808	2768
Animals/BabyVoid Chicken.xnb	988	993
Animals/Golden Chicken.xnb	1520	1525
Animals/cat1.xnb	2616	2572
Animals/Rabbit.xnb	1438	1443
Animals/BabyGolden Chicken.xnb	1254	1259
Animals/cat4.xnb	2768	2732
Animals/Brown Chicken.xnb	1458	1463
Animals/Duck.xnb	1674	1679
Animals/cat5.xnb	2828	2792
Animals/Error.xnb	1480	1485
Animals/White Chicken.xnb	1466	1471
Animals/ShearedSheep.xnb	2072	2077
Animals/Blue Chicken.xnb	1490	1495
Animals/cat.xnb	2670	2625
Animals/BabyBrown Chicken.xnb	988	993
Animals/Goat.xnb	2420	2425
Animals/Ostrich.xnb	2988	2993
Animals/BabyWhite Chicken.xnb	1244	1249
Animals/BabySheep.xnb	1914	1892
Animals/BabyGoat.xnb	1918	1923
Animals/Sheep.xnb	2076	2081
Animals/Brown Cow.xnb	2172	2177
Animals/turtle1.xnb	3072	3012
Animals/White Cow.xnb	2234	2239
Animals/Void Chicken.xnb	1460	1465
Animals/BabyRabbit.xnb	1326	1331
Animals/BabyBlue Chicken.xnb	948	953
Animals/BabyWhite Cow.xnb	1878	1876
Animals/Pig.xnb	2400	2405
Animals/BabyPig.xnb	2054	2049
Animals/BabyBrown Cow.xnb	2096	2080
Effects/ShadowRemove.xnb	462	467
Effects/ShadowRemove.mgfxo	962	468
Effects/ShadowRemoveMG3.8.0.xnb	707	429
Minigames/TitleButtons.it-IT.xnb	36210	35984
Minigames/Xb1ProfileButton.hu-HU.xnb	2284	2167
Minigames/TitleButtons.ja-JP.xnb	35990	35792
Minigames/Intro.pt-BR.xnb	12742	12747
Minigames/jojacorps.ru-RU.xnb	274298	273050
Minigames/TitleButtons.es-ES.xnb	36650	36447
Minigames/Clouds.xnb	60800	59913
Minigames/Intro.hu-HU.xnb	12770	12775
Minigames/TitleButtons.fr-FR.xnb	36786	36598
Minigames/Xb1ProfileButton.pt-BR.xnb	2184	2086
Minigames/TitleButtons.ko-KR.xnb	37564	37393
Minigames/TitleButtons.de-DE.xnb	36068	35861
Minigames/jojacorps.hu-HU.xnb	282022	280844
Minigames/Xb1ProfileButton.tr-TR.xnb	2242	2135
Minigames/Darts.xnb	22090	21699
Minigames/Xb1ProfileButton.ru-RU.xnb	2118	2060
Minigames/spring_boatJourneyMap.xnb	36136	34526
Minigames/jojacorps.pt-BR.xnb	274452	273253
Minigames/winter_boatJourneyMap.xnb	35958	34481
Minigames/Intro.ru-RU.xnb	12756	12761
Minigames/TitleButtons.zh-CN.xnb	34716	34541
Minigames/fall_boatJourneyMap.xnb	36696	35199
Minigames/Xb1ProfileButton.es-ES.xnb	2152	2070
Minigames/Xb1ProfileButton.xnb	2170	2087
Minigames/Intro.xnb	12748	12753
Minigames/Xb1ProfileButton.it-IT.xnb	2194	2112
Minigames/Intro.ko-KR.xnb	12856	12861
Minigames/summer_boatJourneyMap.xnb	36382	34919
Minigames/Intro.de-DE.xnb	12730	12735
Minigames/TitleButtons.hu-HU.xnb	36306	36103
Minigames/Intro.fr-FR.xnb	12864	12869
Minigames/Xb1ProfileButton.ja-JP.xnb	2204	2111
Minigames/treestrip.xnb	5332	5337
Minigames/Intro.es-ES.xnb	12770	12775
Minigames/MaruComet.xnb	94630	94285
Minigames/jojacorps.zh-CN.xnb	271634	270442
Minigames/MineCart.xnb	76044	75554
Minigames/Intro.ja-JP.xnb	12778	12783
Minigames/Xb1ProfileButton.fr-FR.xnb	2282	2189
Minigames/TitleButtons.pt-BR.xnb	36248	36050
Minigames/Xb1ProfileButton.ko-KR.xnb	2320	2275
Minigames/Xb1ProfileButton.de-DE.xnb	2190	2102
Minigames/TitleButtons.xnb	36210	36021
Minigames/jojacorps.es-ES.xnb	273864	272736
Minigames/TitleButtons.ru-RU.xnb	36514	36349
Minigames/Intro.zh-CN.xnb	12738	12743
Minigames/jojacorps.ja-JP.xnb	272622	271487
Minigames/jojacorps.xnb	274440	273068
Minigames/TitleButtons.tr-TR.xnb	36676	36478
Minigames/Xb1ProfileButton.zh-CN.xnb	2024	1947
Minigames/Amuzio.xnb	1500	1503
Minigames/jojacorps.ko-KR.xnb	274944	273867
Minigames/jojacorps.fr-FR.xnb	274086	272899
VolcanoLayouts/Layouts.xnb	23990	22679
Buildings/Big Coop.xnb	3606	3611
Buildings/Junimo Hut.xnb	4920	4853
Buildings/Beach Cabin.xnb	6878	6883
Buildings/Rustic Cabin_PaintMask.xnb	932	937
Buildings/Coop.xnb	3372	3377
Buildings/Barn.xnb	2850	2855
Buildings/Mill.xnb	8610	8615
Buildings/Water Obelisk.xnb	2768	2773
Buildings/Fish Pond.xnb	5040	5045
Buildings/Neighbor Cabin_PaintMask.xnb	1056	1061
Buildings/Big Barn.xnb	3078	3083
Buildings/houses.xnb	16218	16160
Buildings/Big Shed_PaintMask.xnb	1430	1435
Buildings/Plank Cabin_PaintMask.xnb	1012	1017
Buildings/Plank Cabin.xnb	7274	7279
Buildings/Big Shed.xnb	3808	3813
Buildings/houses_PaintMask.xnb	2658	2553
Buildings/Hay Pet Bowl.xnb	2138	2143
Buildings/Desert Obelisk.xnb	3468	3473
Buildings/Gold Clock.xnb	1266	1271
Buildings/Earth Obelisk.xnb	2890	2895
Buildings/Deluxe Coop.xnb	3232	3237
Buildings/Shed.xnb	3516	3521
Buildings/Slime Hutch.xnb	3046	3051
Buildings/Stone Cabin.xnb	8248	8253
Buildings/Deluxe Barn.xnb	3356	3361
Buildings/Silo.xnb	1742	1747
Buildings/Island Obelisk.xnb	5510	5515
Buildings/Error.xnb	618	623
Buildings/Stable.xnb	2190	2195
Buildings/Rustic Cabin.xnb	5600	5605
Buildings/Log Cabin.xnb	7916	7921
Buildings/Stone Pet Bowl.xnb	2522	2527
Buildings/Trailer Cabin_PaintMask.xnb	992	997
Buildings/Trailer Cabin.xnb	4970	4975
Buildings/Neighbor Cabin.xnb	5216	5221
Buildings/Greenhouse.xnb	8966	8971
Buildings/Deluxe Coop_PaintMask.xnb	892	897
Buildings/Mailbox.xnb	460	465
Buildings/Shipping Bin.xnb	612	617
Buildings/Stable_PaintMask.xnb	546	551
Buildings/Beach Cabin_PaintMask.xnb	1124	1129
Buildings/Pet Bowl.xnb	1948	1953
Buildings/Well.xnb	1598	1603
Buildings/Log Cabin_PaintMask.xnb	982	987
Buildings/Stone Cabin_PaintMask.xnb	1070	1075
Buildings/Deluxe Barn_PaintMask.xnb	808	813
Data/Bundles.pt-BR.xnb	1392	1397
Data/ExtraDialogue.it-IT.xnb	10572	10577
Data/mail.tr-TR.xnb	17880	17890
Data/EngagementDialogue.tr-TR.xnb	1432	1437
Data/WildTrees.xnb	1516	1521
Data/Mannequins.xnb	522	527
Data/PaintData.xnb	456	461
Data/ExtraDialogue.ja-JP.xnb	12138	12143
Data/NPCGiftTastes.hu-HU.xnb	5036	5041
Data/SecretNotes.tr-TR.xnb	5204	5209
Data/SecretNotes.xnb	5122	5127
Data/Pants.xnb	832	837
Data/EngagementDialogue.ru-RU.xnb	1884	1889
Data/ExtraDialogue.es-ES.xnb	10386	10391
Data/mail.ru-RU.xnb	20914	20924
Data/FarmAnimals.xnb	1938	1943
Data/Monsters.xnb	1798	1803
Data/hats.pt-BR.xnb	4910	4915
Data/AquariumFish.xnb	666	671
Data/SecretNotes.ru-RU.xnb	6120	6125
Data/NPCGiftTastes.pt-BR.xnb	4626	4631
Data/ExtraDialogue.fr-FR.xnb	10804	10809
Data/Buffs.xnb	1136	1141
Data/MonsterSlayerQuests.xnb	870	875
Data/Boots.ru-RU.xnb	1392	1397
Data/Achievements.ru-RU.xnb	1708	1713
Data/Monsters.tr-TR.xnb	2082	2087
Data/ExtraDialogue.de-DE.xnb	11058	11063
Data/Bundles.hu-HU.xnb	1410	1415
Data/ExtraDialogue.ko-KR.xnb	11294	11299
Data/TriggerActions.xnb	1394	1399
Data/hats.hu-HU.xnb	5188	5193
Data/Quests.zh-CN.xnb	7220	7225
Data/IncomingPhoneCalls.xnb	598	603
Data/LostItemsShop.xnb	982	987
Data/Monsters.ru-RU.xnb	2234	2239
Data/Achievements.tr-TR.xnb	1276	1281
Data/Boots.tr-TR.xnb	1158	1163
Data/SpecialOrders.xnb	3730	3735
Data/mail.xnb	17148	17158
Data/Quests.it-IT.xnb	6948	6953
Data/Furniture.xnb	11428	11433
Data/EngagementDialogue.hu-HU.xnb	1568	1573
Data/Monsters.pt-BR.xnb	2048	2053
Data/mail.hu-HU.xnb	18936	18946
Data/RandomBundles.xnb	2718	2723
Data/ExtraDialogue.xnb	9648	9653
Data/Quests.ja-JP.xnb	8042	8047
Data/CraftingRecipes.xnb	3362	3367
Data/Trinkets.xnb	694	699
Data/SecretNotes.hu-HU.xnb	5562	5567
Data/NPCGiftTastes.tr-TR.xnb	4964	4969
Data/LocationContexts.xnb	1384	1389
Data/Quests.es-ES.xnb	7058	7063
Data/Boots.pt-BR.xnb	1110	1115
Data/Achievements.pt-BR.xnb	1380	1385
Data/Objects.xnb	23772	23782
Data/HomeRenovations.xnb	1172	1177
Data/NPCGiftTastes.ru-RU.xnb	5272	5277
Data/PassiveFestivals.xnb	620	625
Data/Movies.xnb	2628	2633
Data/Achievements.xnb	1248	1253
Data/AdditionalLanguages.xnb	338	343
Data/Quests.fr-FR.xnb	7480	7485
Data/SecretNotes.pt-BR.xnb	5076	5081
Data/Quests.xnb	6718	6723
Data/hats.ru-RU.xnb	5976	5981
Data/Monsters.hu-HU.xnb	2088	2093
Data/mail.pt-BR.xnb	17568	17578
Data/Quests.ko-KR.xnb	7444	7449
Data/EngagementDialogue.pt-BR.xnb	1520	1525
Data/Quests.de-DE.xnb	7418	7423
Data/Bundles.tr-TR.xnb	1400	1405
Data/ExtraDialogue.zh-CN.xnb	10876	10881
Data/ChairTiles.xnb	858	863
Data/Powers.xnb	1500	1505
Data/hats.tr-TR.xnb	5112	5117
Data/MoviesReactions.xnb	2884	2889
Data/Achievements.hu-HU.xnb	1388	1393
Data/Boots.hu-HU.xnb	1140	1145
Data/Bundles.ru-RU.xnb	1556	1561
Data/Shops.xnb	14934	14939
Data/Minecarts.xnb	586	591
Data/hats.de-DE.xnb	5186	5191
Data/NPCGiftTastes.es-ES.xnb	4910	4915
Data/hats.xnb	4402	4407
Data/EngagementDialogue.xnb	1470	1475
Data/Monsters.zh-CN.xnb	2108	2113
Data/hats.ko-KR.xnb	5384	5389
Data/Machines.xnb	4530	4535
Data/AdditionalWallpaperFlooring.xnb	318	323
Data/Quests.ru-RU.xnb	7880	7885
Data/hats.fr-FR.xnb	5074	5079
Data/MakeoverOutfits.xnb	2518	2523
Data/Buildings.xnb	3696	3701
Data/GiantCrops.xnb	730	735
Data/NPCGiftTastes.xnb	4802	4807
Data/CookingRecipes.xnb	2092	2097
Data/Fish.xnb	1906	1911
Data/Bundles.fr-FR.xnb	1396	1401
Data/Boots.zh-CN.xnb	1198	1203
Data/Achievements.zh-CN.xnb	1386	1391
Data/NPCGiftTastes.it-IT.xnb	4918	4923
Data/Bundles.de-DE.xnb	1386	1391
Data/Quests.tr-TR.xnb	6946	6951
Data/ExtraDialogue.hu-HU.xnb	11020	11025
Data/ConcessionTastes.xnb	1074	1079
Data/Tools.xnb	1590	1595
Data/NPCGiftTastes.ja-JP.xnb	5554	5559
Data/Bundles.ko-KR.xnb	1442	1447
Data/FloorsAndPaths.xnb	668	673
Data/FruitTrees.xnb	798	803
Data/SecretNotes.zh-CN.xnb	5514	5519
Data/MuseumRewards.xnb	864	869
Data/hats.ja-JP.xnb	5644	5649
Data/Bundles.es-ES.xnb	1396	1401
Data/Shirts.xnb	5232	5237
Data/EngagementDialogue.zh-CN.xnb	1718	1723
Data/mail.zh-CN.xnb	18350	18360
Data/hats.it-IT.xnb	5034	5039
Data/animationDescriptions.xnb	2072	2077
Data/Bundles.xnb	1252	1257
Data/ExtraDialogue.pt-BR.xnb	10472	10477
Data/GarbageCans.xnb	1232	1237
Data/Bundles.it-IT.xnb	1376	1381
Data/NPCGiftTastes.fr-FR.xnb	4948	4953
Data/Crops.xnb	1608	1613
Data/WorldMap.xnb	4784	4789
Data/NPCGiftTastes.de-DE.xnb	5008	5013
Data/NPCGiftTastes.ko-KR.xnb	5250	5255
Data/Bundles.ja-JP.xnb	1454	1459
Data/BigCraftables.xnb	4162	4167
Data/hats.es-ES.xnb	4934	4939
Data/Bundles.zh-CN.xnb	1426	1431
Data/AudioChanges.xnb	334	339
Data/Achievements.fr-FR.xnb	1354	1359
Data/Boots.fr-FR.xnb	1174	1179
Data/Concessions.xnb	1206	1211
Data/SecretNotes.es-ES.xnb	5122	5127
Data/TailoringRecipes.xnb	4750	4755
Data/Boots.ko-KR.xnb	1312	1317
Data/Achievements.ko-KR.xnb	1376	1381
Data/EngagementDialogue.es-ES.xnb	1672	1677
Data/ExtraDialogue.ru-RU.xnb	12436	12441
Data/mail.es-ES.xnb	18016	18026
Data/Pets.xnb	2360	2365
Data/Achievements.de-DE.xnb	1366	1371
Data/Boots.de-DE.xnb	1148	1153
Data/Monsters.fr-FR.xnb	2072	2077
Data/mail.ja-JP.xnb	20880	20890
Data/EngagementDialogue.ja-JP.xnb	1918	1923
Data/SecretNotes.it-IT.xnb	5160	5165
Data/hats.zh-CN.xnb	5222	5227
Data/Quests.hu-HU.xnb	7252	7257
Data/Monsters.ko-KR.xnb	2164	2169
Data/Characters.xnb	4572	4577
Data/mail.it-IT.xnb	18332	18342
Data/SecretNotes.ja-JP.xnb	5950	5955
Data/Fences.xnb	526	531
Data/EngagementDialogue.it-IT.xnb	1572	1577
Data/Weapons.xnb	2738	2743
Data/ExtraDialogue.tr-TR.xnb	9984	9989
Data/Monsters.de-DE.xnb	2040	2045
Data/Monsters.es-ES.xnb	2082	2087
Data/HairData.xnb	410	415
Data/NPCGiftTastes.zh-CN.xnb	4960	4965
Data/AdditionalFarms.xnb	400	405
Data/Boots.it-IT.xnb	1126	1131
Data/Locations.xnb	7414	7419
Data/Achievements.it-IT.xnb	1300	1305
Data/Boots.ja-JP.xnb	1260	1265
Data/Achievements.ja-JP.xnb	1458	1463
Data/Boots.xnb	1000	1005
Data/mail.de-DE.xnb	19186	19196
Data/Boots.es-ES.xnb	1132	1137
Data/Achievements.es-ES.xnb	1364	1369
Data/EngagementDialogue.de-DE.xnb	1718	1723
Data/Monsters.it-IT.xnb	2048	2053
Data/SecretNotes.fr-FR.xnb	5488	5493
Data/mail.ko-KR.xnb	18776	18786
Data/Quests.pt-BR.xnb	7020	7025
Data/Weddings.xnb	1506	1511
Data/FishPondData.xnb	3214	3219
Data/EngagementDialogue.ko-KR.xnb	1796	1801
Data/SecretNotes.de-DE.xnb	5468	5473
Data/Monsters.ja-JP.xnb	2136	2141
Data/mail.fr-FR.xnb	18848	18858
Data/EngagementDialogue.fr-FR.xnb	1662	1667
Data/JukeboxTracks.xnb	1792	1797
Data/SecretNotes.ko-KR.xnb	5508	5513
Strings/schedules/Sebastian.es-ES.xnb	702	707
Strings/schedules/Abigail.ja-JP.xnb	790	795
Strings/schedules/Marnie.ko-KR.xnb	580	585
Strings/schedules/Sam.fr-FR.xnb	774	779
Strings/schedules/Sandy.zh-CN.xnb	650	655
Strings/schedules/Willy.it-IT.xnb	724	729
Strings/schedules/Demetrius.fr-FR.xnb	492	497
Strings/schedules/Robin.hu-HU.xnb	468	473
Strings/schedules/Emily.tr-TR.xnb	972	977
Strings/schedules/George.fr-FR.xnb	550	555
Strings/schedules/Marnie.de-DE.xnb	526	531
Strings/schedules/Maru.es-ES.xnb	578	583
Strings/schedules/Demetrius.de-DE.xnb	494	499
Strings/schedules/Haley.zh-CN.xnb	544	549
Strings/schedules/Vincent.hu-HU.xnb	390	395
Strings/schedules/Willy.xnb	704	709
Strings/schedules/Abigail.it-IT.xnb	674	679
Strings/schedules/Sam.ko-KR.xnb	818	823
Strings/schedules/George.de-DE.xnb	494	499
Strings/schedules/Harvey.pt-BR.xnb	552	557
Strings/schedules/Marnie.fr-FR.xnb	532	537
Strings/schedules/Willy.ja-JP.xnb	850	855
Strings/schedules/George.ko-KR.xnb	588	593
Strings/schedules/Clint.zh-CN.xnb	570	575
Strings/schedules/Demetrius.ko-KR.xnb	502	507
Strings/schedules/Sam.de-DE.xnb	748	753
Strings/schedules/Sebastian.it-IT.xnb	706	711
Strings/schedules/Leo.fr-FR.xnb	542	547
Strings/schedules/Maru.ja-JP.xnb	652	657
Strings/schedules/Linus.pt-BR.xnb	384	389
Strings/schedules/Evelyn.zh-CN.xnb	678	683
Strings/schedules/Pierre.hu-HU.xnb	302	307
Strings/schedules/Willy.es-ES.xnb	696	701
Strings/schedules/Emily.ru-RU.xnb	1188	1193
Strings/schedules/Leo.ko-KR.xnb	594	599
Strings/schedules/Jodi.zh-CN.xnb	682	687
Strings/schedules/Abigail.es-ES.xnb	676	681
Strings/schedules/Sebastian.ja-JP.xnb	802	807
Strings/schedules/Maru.it-IT.xnb	588	593
Strings/schedules/Leo.de-DE.xnb	552	557
Strings/schedules/Gus.pt-BR.xnb	534	539
Strings/schedules/Leo.es-ES.xnb	522	527
Strings/schedules/Sam.it-IT.xnb	740	745
Strings/schedules/Abigail.ko-KR.xnb	764	769
Strings/schedules/Marnie.ja-JP.xnb	612	617
Strings/schedules/Demetrius.it-IT.xnb	468	473
Strings/schedules/Harvey.hu-HU.xnb	592	597
Strings/schedules/Jas.zh-CN.xnb	514	519
Strings/schedules/Willy.fr-FR.xnb	782	787
Strings/schedules/Jas.xnb	444	449
Strings/schedules/Abigail.de-DE.xnb	696	701
Strings/schedules/George.it-IT.xnb	488	493
Strings/schedules/Vincent.pt-BR.xnb	382	387
Strings/schedules/Willy.de-DE.xnb	770	775
Strings/schedules/Abigail.fr-FR.xnb	712	717
Strings/schedules/Lewis.tr-TR.xnb	624	629
Strings/schedules/Robin.pt-BR.xnb	462	467
Strings/schedules/Caroline.tr-TR.xnb	764	769
Strings/schedules/Marnie.it-IT.xnb	518	523
Strings/schedules/Penny.ru-RU.xnb	678	683
Strings/schedules/Sam.ja-JP.xnb	868	873
Strings/schedules/Pam.zh-CN.xnb	368	373
Strings/schedules/Demetrius.ja-JP.xnb	552	557
Strings/schedules/Willy.ko-KR.xnb	836	841
Strings/schedules/George.ja-JP.xnb	602	607
Strings/schedules/Leah.zh-CN.xnb	478	483
Strings/schedules/Elliott.tr-TR.xnb	446	451
Strings/schedules/Gus.hu-HU.xnb	558	563
Strings/schedules/Sam.es-ES.xnb	718	723
Strings/schedules/Maru.ko-KR.xnb	650	655
Strings/schedules/Leo.it-IT.xnb	538	543
Strings/schedules/Sebastian.fr-FR.xnb	732	737
Strings/schedules/George.es-ES.xnb	484	489
Strings/schedules/Maru.de-DE.xnb	596	601
Strings/schedules/Demetrius.es-ES.xnb	460	465
Strings/schedules/Sebastian.ko-KR.xnb	814	819
Strings/schedules/Marnie.es-ES.xnb	540	545
Strings/schedules/Alex.zh-CN.xnb	656	661
Strings/schedules/Pierre.pt-BR.xnb	288	293
Strings/schedules/Leo.ja-JP.xnb	604	609
Strings/schedules/Sandy.xnb	598	603
Strings/schedules/Penny.tr-TR.xnb	582	587
Strings/schedules/Caroline.ru-RU.xnb	856	861
Strings/schedules/Maru.fr-FR.xnb	598	603
Strings/schedules/Lewis.ru-RU.xnb	754	759
Strings/schedules/Linus.hu-HU.xnb	412	417
Strings/schedules/Shane.zh-CN.xnb	724	729
Strings/schedules/Elliott.ru-RU.xnb	604	609
Strings/schedules/Sebastian.de-DE.xnb	728	733
Strings/schedules/Jodi.de-DE.xnb	624	629
Strings/schedules/Penny.xnb	542	547
Strings/schedules/Evelyn.fr-FR.xnb	684	689
Strings/schedules/Jas.es-ES.xnb	496	501
Strings/schedules/Shane.ja-JP.xnb	774	779
Strings/schedules/Elliott.pt-BR.xnb	486	491
Strings/schedules/Leo.xnb	518	523
Strings/schedules/Alex.ja-JP.xnb	688	693
Strings/schedules/Pierre.ru-RU.xnb	344	349
Strings/schedules/Emily.hu-HU.xnb	1088	1093
Strings/schedules/Lewis.pt-BR.xnb	610	615
Strings/schedules/Jodi.ko-KR.xnb	694	699
Strings/schedules/Robin.tr-TR.xnb	462	467
Strings/schedules/Caroline.pt-BR.xnb	728	733
Strings/schedules/Leo.zh-CN.xnb	608	613
Strings/schedules/Leah.es-ES.xnb	434	439
Strings/schedules/Evelyn.ko-KR.xnb	694	699
Strings/schedules/Shane.it-IT.xnb	664	669
Strings/schedules/Vincent.tr-TR.xnb	396	401
Strings/schedules/Alex.it-IT.xnb	582	587
Strings/schedules/Jodi.fr-FR.xnb	642	647
Strings/schedules/Pam.es-ES.xnb	326	331
Strings/schedules/Evelyn.de-DE.xnb	636	641
Strings/schedules/Demetrius.zh-CN.xnb	492	497
Strings/schedules/Haley.de-DE.xnb	538	543
Strings/schedules/Jas.it-IT.xnb	454	459
Strings/schedules/Clint.ko-KR.xnb	594	599
Strings/schedules/George.zh-CN.xnb	526	531
Strings/schedules/Leah.ja-JP.xnb	516	521
Strings/schedules/Leah.xnb	416	421
Strings/schedules/Clint.de-DE.xnb	534	539
Strings/schedules/Linus.xnb	366	371
Strings/schedules/Pierre.tr-TR.xnb	294	299
Strings/schedules/Penny.pt-BR.xnb	556	561
Strings/schedules/Sam.zh-CN.xnb	842	847
Strings/schedules/Sandy.fr-FR.xnb	620	625
Strings/schedules/Pam.ja-JP.xnb	388	393
Strings/schedules/Robin.ru-RU.xnb	528	533
Strings/schedules/Haley.ko-KR.xnb	562	567
Strings/schedules/Shane.es-ES.xnb	680	685
Strings/schedules/Clint.fr-FR.xnb	612	617
Strings/schedules/Jas.ja-JP.xnb	556	561
Strings/schedules/Vincent.ru-RU.xnb	444	449
Strings/schedules/Leah.it-IT.xnb	420	425
Strings/schedules/Sandy.de-DE.xnb	622	627
Strings/schedules/Sandy.ko-KR.xnb	656	661
Strings/schedules/Haley.fr-FR.xnb	532	537
Strings/schedules/Marnie.zh-CN.xnb	566	571
Strings/schedules/Pam.it-IT.xnb	314	319
Strings/schedules/George.xnb	478	483
Strings/schedules/Alex.es-ES.xnb	590	595
Strings/schedules/Alex.de-DE.xnb	620	625
Strings/schedules/Evelyn.it-IT.xnb	648	653
Strings/schedules/Shane.ko-KR.xnb	780	785
Strings/schedules/Gus.ru-RU.xnb	624	629
Strings/schedules/Jodi.ja-JP.xnb	720	725
Strings/schedules/Sandy.es-ES.xnb	614	619
Strings/schedules/Alex.ko-KR.xnb	676	681
Strings/schedules/Harvey.tr-TR.xnb	602	607
Strings/schedules/Sebastian.zh-CN.xnb	734	739
Strings/schedules/Shane.de-DE.xnb	688	693
Strings/schedules/Caroline.hu-HU.xnb	764	769
Strings/schedules/Lewis.hu-HU.xnb	654	659
Strings/schedules/Evelyn.ja-JP.xnb	724	729
Strings/schedules/Emily.pt-BR.xnb	1012	1017
Strings/schedules/Vincent.xnb	368	373
Strings/schedules/Clint.es-ES.xnb	536	541
Strings/schedules/Shane.fr-FR.xnb	710	715
Strings/schedules/Jodi.it-IT.xnb	624	629
Strings/schedules/Elliott.hu-HU.xnb	506	511
Strings/schedules/Alex.fr-FR.xnb	598	603
Strings/schedules/Linus.ru-RU.xnb	446	451
Strings/schedules/Haley.es-ES.xnb	522	527
Strings/schedules/Maru.zh-CN.xnb	608	613
Strings/schedules/Clint.ja-JP.xnb	592	597
Strings/schedules/Leah.ko-KR.xnb	504	509
Strings/schedules/Willy.zh-CN.xnb	734	739
Strings/schedules/Jas.fr-FR.xnb	490	495
Strings/schedules/Pam.de-DE.xnb	330	335
Strings/schedules/Evelyn.es-ES.xnb	640	645
Strings/schedules/Gus.tr-TR.xnb	524	529
Strings/schedules/Pam.ko-KR.xnb	374	379
Strings/schedules/Haley.ja-JP.xnb	604	609
Strings/schedules/Sandy.it-IT.xnb	612	617
Strings/schedules/Harvey.ru-RU.xnb	666	671
Strings/schedules/Leah.de-DE.xnb	450	455
Strings/schedules/Clint.it-IT.xnb	538	543
Strings/schedules/Penny.hu-HU.xnb	578	583
Strings/schedules/Leah.fr-FR.xnb	452	457
Strings/schedules/Demetrius.xnb	450	455
Strings/schedules/Jas.ko-KR.xnb	496	501
Strings/schedules/Abigail.zh-CN.xnb	706	711
Strings/schedules/Pierre.xnb	296	301
Strings/schedules/Jodi.xnb	590	595
Strings/schedules/Jas.de-DE.xnb	508	513
Strings/schedules/Haley.it-IT.xnb	510	515
Strings/schedules/Pam.fr-FR.xnb	330	335
Strings/schedules/Sandy.ja-JP.xnb	694	699
Strings/schedules/Maru.xnb	536	541
Strings/schedules/Jodi.es-ES.xnb	606	611
Strings/schedules/Linus.tr-TR.xnb	382	387
Strings/schedules/Elliott.zh-CN.xnb	518	523
Strings/schedules/Shane.ru-RU.xnb	822	827
Strings/schedules/Harvey.xnb	550	555
Strings/schedules/Leah.tr-TR.xnb	446	451
Strings/schedules/Vincent.es-ES.xnb	372	377
Strings/schedules/Maru.hu-HU.xnb	574	579
Strings/schedules/Gus.ko-KR.xnb	638	643
Strings/schedules/Caroline.zh-CN.xnb	760	765
Strings/schedules/Leo.pt-BR.xnb	534	539
Strings/schedules/Pam.tr-TR.xnb	338	343
Strings/schedules/Linus.fr-FR.xnb	406	411
Strings/schedules/Lewis.zh-CN.xnb	672	677
Strings/schedules/Gus.de-DE.xnb	556	561
Strings/schedules/Pierre.ja-JP.xnb	336	341
Strings/schedules/Alex.ru-RU.xnb	686	691
Strings/schedules/Linus.de-DE.xnb	392	397
Strings/schedules/Gus.fr-FR.xnb	582	587
Strings/schedules/Jas.tr-TR.xnb	492	497
Strings/schedules/Sebastian.hu-HU.xnb	730	735
Strings/schedules/Linus.ko-KR.xnb	428	433
Strings/schedules/Pierre.it-IT.xnb	304	309
Strings/schedules/Robin.es-ES.xnb	474	479
Strings/schedules/Emily.xnb	916	921
Strings/schedules/Abigail.hu-HU.xnb	674	679
Strings/schedules/Vincent.it-IT.xnb	376	381
Strings/schedules/Leah.ru-RU.xnb	500	505
Strings/schedules/George.pt-BR.xnb	512	517
Strings/schedules/Harvey.de-DE.xnb	588	593
Strings/schedules/Shane.tr-TR.xnb	664	669
Strings/schedules/Demetrius.pt-BR.xnb	472	477
Strings/schedules/Robin.ja-JP.xnb	502	507
Strings/schedules/Penny.zh-CN.xnb	590	595
Strings/schedules/Clint.xnb	498	503
Strings/schedules/Pam.ru-RU.xnb	370	375
Strings/schedules/Sam.pt-BR.xnb	734	739
Strings/schedules/Haley.xnb	486	491
Strings/schedules/Alex.tr-TR.xnb	592	597
Strings/schedules/Elliott.xnb	476	481
Strings/schedules/Harvey.ko-KR.xnb	642	647
Strings/schedules/Vincent.ja-JP.xnb	450	455
Strings/schedules/Jas.ru-RU.xnb	538	543
Strings/schedules/Robin.it-IT.xnb	460	465
Strings/schedules/Pierre.es-ES.xnb	302	307
Strings/schedules/Willy.hu-HU.xnb	754	759
Strings/schedules/Marnie.pt-BR.xnb	526	531
Strings/schedules/Harvey.fr-FR.xnb	624	629
Strings/schedules/Gus.ja-JP.xnb	620	625
Strings/schedules/Clint.tr-TR.xnb	540	545
Strings/schedules/Pierre.de-DE.xnb	310	315
Strings/schedules/Sebastian.pt-BR.xnb	672	677
Strings/schedules/Linus.it-IT.xnb	366	371
Strings/schedules/Pierre.ko-KR.xnb	322	327
Strings/schedules/Jodi.ru-RU.xnb	712	717
Strings/schedules/Haley.tr-TR.xnb	514	519
Strings/schedules/Gus.it-IT.xnb	534	539
Strings/schedules/Emily.zh-CN.xnb	1066	1071
Strings/schedules/Evelyn.ru-RU.xnb	786	791
Strings/schedules/Leo.hu-HU.xnb	542	547
Strings/schedules/Sandy.tr-TR.xnb	618	623
Strings/schedules/Linus.ja-JP.xnb	446	451
Strings/schedules/Maru.pt-BR.xnb	548	553
Strings/schedules/Harvey.es-ES.xnb	552	557
Strings/schedules/Pierre.fr-FR.xnb	304	309
Strings/schedules/Robin.de-DE.xnb	476	481
Strings/schedules/Pam.xnb	326	331
Strings/schedules/Vincent.fr-FR.xnb	412	417
Strings/schedules/Willy.pt-BR.xnb	678	683
Strings/schedules/Marnie.hu-HU.xnb	520	525
Strings/schedules/Clint.ru-RU.xnb	618	623
Strings/schedules/Sebastian.xnb	664	669
Strings/schedules/Harvey.ja-JP.xnb	656	661
Strings/schedules/Robin.ko-KR.xnb	558	563
Strings/schedules/Linus.es-ES.xnb	372	377
Strings/schedules/Haley.ru-RU.xnb	628	633
Strings/schedules/Jodi.tr-TR.xnb	586	591
Strings/schedules/Sam.hu-HU.xnb	770	775
Strings/schedules/Gus.es-ES.xnb	540	545
Strings/schedules/Abigail.xnb	640	645
Strings/schedules/Vincent.ko-KR.xnb	396	401
Strings/schedules/Evelyn.tr-TR.xnb	628	633
Strings/schedules/Gus.xnb	518	523
Strings/schedules/Robin.fr-FR.xnb	464	469
Strings/schedules/Sandy.ru-RU.xnb	728	733
Strings/schedules/Vincent.de-DE.xnb	390	395
Strings/schedules/Harvey.it-IT.xnb	568	573
Strings/schedules/Demetrius.hu-HU.xnb	488	493
Strings/schedules/George.hu-HU.xnb	510	515
Strings/schedules/Abigail.pt-BR.xnb	684	689
Strings/schedules/Sandy.pt-BR.xnb	612	617
Strings/schedules/Penny.fr-FR.xnb	602	607
Strings/schedules/Maru.tr-TR.xnb	560	565
Strings/schedules/Abigail.ru-RU.xnb	796	801
Strings/schedules/Leah.hu-HU.xnb	448	453
Strings/schedules/Pam.hu-HU.xnb	326	331
Strings/schedules/Jas.hu-HU.xnb	492	497
Strings/schedules/Sebastian.tr-TR.xnb	718	723
Strings/schedules/Harvey.zh-CN.xnb	616	621
Strings/schedules/Penny.ko-KR.xnb	636	641
Strings/schedules/Haley.pt-BR.xnb	504	509
Strings/schedules/Penny.de-DE.xnb	576	581
Strings/schedules/Clint.pt-BR.xnb	518	523
Strings/schedules/Willy.ru-RU.xnb	858	863
Strings/schedules/Emily.es-ES.xnb	982	987
Strings/schedules/Maru.ru-RU.xnb	676	681
Strings/schedules/Linus.zh-CN.xnb	424	429
Strings/schedules/Lewis.fr-FR.xnb	672	677
Strings/schedules/Caroline.fr-FR.xnb	816	821
Strings/schedules/Shane.hu-HU.xnb	686	691
Strings/schedules/Abigail.tr-TR.xnb	664	669
Strings/schedules/Emily.ja-JP.xnb	1210	1215
Strings/schedules/Alex.hu-HU.xnb	596	601
Strings/schedules/Marnie.xnb	498	503
Strings/schedules/Elliott.fr-FR.xnb	514	519
Strings/schedules/Evelyn.pt-BR.xnb	630	635
Strings/schedules/Sebastian.ru-RU.xnb	816	821
Strings/schedules/Elliott.de-DE.xnb	504	509
Strings/schedules/Jodi.pt-BR.xnb	608	613
Strings/schedules/Lewis.ko-KR.xnb	732	737
Strings/schedules/Caroline.ko-KR.xnb	828	833
Strings/schedules/Evelyn.xnb	594	599
Strings/schedules/Gus.zh-CN.xnb	586	591
Strings/schedules/Emily.it-IT.xnb	972	977
Strings/schedules/Lewis.de-DE.xnb	686	691
Strings/schedules/Caroline.de-DE.xnb	754	759
Strings/schedules/Willy.tr-TR.xnb	674	679
Strings/schedules/Elliott.ko-KR.xnb	560	565
Strings/schedules/Penny.it-IT.xnb	566	571
Strings/schedules/Marnie.ru-RU.xnb	634	639
Strings/schedules/Clint.hu-HU.xnb	538	543
Strings/schedules/Caroline.es-ES.xnb	740	745
Strings/schedules/Shane.xnb	632	637
Strings/schedules/Lewis.es-ES.xnb	626	631
Strings/schedules/Haley.hu-HU.xnb	532	537
Strings/schedules/Vincent.zh-CN.xnb	414	419
Strings/schedules/Caroline.xnb	690	695
Strings/schedules/Elliott.es-ES.xnb	500	505
Strings/schedules/Jas.pt-BR.xnb	482	487
Strings/schedules/Penny.ja-JP.xnb	654	659
Strings/schedules/Pam.pt-BR.xnb	328	333
Strings/schedules/Leo.tr-TR.xnb	550	555
Strings/schedules/Sam.ru-RU.xnb	868	873
Strings/schedules/Robin.zh-CN.xnb	500	505
Strings/schedules/Robin.xnb	434	439
Strings/schedules/Leah.pt-BR.xnb	430	435
Strings/schedules/George.ru-RU.xnb	588	593
Strings/schedules/Demetrius.ru-RU.xnb	564	569
Strings/schedules/Sandy.hu-HU.xnb	628	633
Strings/schedules/Alex.xnb	550	555
Strings/schedules/Lewis.it-IT.xnb	638	643
Strings/schedules/Emily.de-DE.xnb	1058	1063
Strings/schedules/Marnie.tr-TR.xnb	518	523
Strings/schedules/Caroline.it-IT.xnb	728	733
Strings/schedules/Lewis.xnb	606	611
Strings/schedules/Penny.es-ES.xnb	554	559
Strings/schedules/Elliott.it-IT.xnb	478	483
Strings/schedules/Jodi.hu-HU.xnb	614	619
Strings/schedules/Emily.ko-KR.xnb	1114	1119
Strings/schedules/Evelyn.hu-HU.xnb	632	637
Strings/schedules/Lewis.ja-JP.xnb	734	739
Strings/schedules/Sam.tr-TR.xnb	732	737
Strings/schedules/Leo.ru-RU.xnb	636	641
Strings/schedules/Caroline.ja-JP.xnb	860	865
Strings/schedules/Pierre.zh-CN.xnb	310	315
Strings/schedules/Alex.pt-BR.xnb	572	577
Strings/schedules/Sam.xnb	694	699
Strings/schedules/Emily.fr-FR.xnb	1080	1085
Strings/schedules/Elliott.ja-JP.xnb	590	595
Strings/schedules/Shane.pt-BR.xnb	692	697
Strings/schedules/George.tr-TR.xnb	506	511
Strings/schedules/Demetrius.tr-TR.xnb	460	465
Maps/Mines/60.xnb	4230	4235
Maps/Mines/48.xnb	2058	2063
Maps/Mines/49.xnb	1470	1475
Maps/Mines/mine_dino.xnb	21992	21924
Maps/Mines/mine_lava_dark.xnb	17540	17464
Maps/Mines/mine_frost_dangerous.xnb	23402	23325
Maps/Mines/8.xnb	1962	1967
Maps/Mines/9.xnb	1934	1939
Maps/Mines/59.xnb	2060	2065
Maps/Mines/58.xnb	1344	1349
Maps/Mines/mine_slime_dangerous.xnb	17392	17294
Maps/Mines/mine_frost_dark.xnb	12670	12545
Maps/Mines/Volcano_SetPieces_4.xnb	516	521
Maps/Mines/17.xnb	2456	2461
Maps/Mines/mine_lava_dangerous.xnb	26302	26189
Maps/Mines/16.xnb	2024	2029
Maps/Mines/mine_dark.xnb	18318	18246
Maps/Mines/mine_desert.xnb	27858	27482
Maps/Mines/14.xnb	2782	2787
Maps/Mines/28.xnb	3460	3465
Maps/Mines/mine.xnb	22740	22698
Maps/Mines/29.xnb	2848	2853
Maps/Mines/15.xnb	2076	2081
Maps/Mines/Volcano_Well.xnb	364	369
Maps/Mines/Volcano_SetPieces_32.xnb	6668	6673
Maps/Mines/39.xnb	2144	2149
Maps/Mines/11.xnb	2070	2075
Maps/Mines/10.xnb	938	943
Maps/Mines/38.xnb	2044	2049
Maps/Mines/Volcano_SetPieces_3.xnb	454	459
Maps/Mines/mine_lava.xnb	23910	23811
Maps/Mines/12.xnb	1898	1903
Maps/Mines/13.xnb	1760	1765
Maps/Mines/volcano_dungeon.xnb	37952	37750
Maps/Mines/22.xnb	2446	2451
Maps/Mines/36.xnb	2104	2109
Maps/Mines/37.xnb	2030	2035
Maps/Mines/23.xnb	2270	2275
Maps/Mines/volcano_caldera.xnb	11850	11855
Maps/Mines/Volcano_SetPieces_16.xnb	2882	2887
Maps/Mines/mine_slime.xnb	17864	17747
Maps/Mines/35.xnb	1420	1425
Maps/Mines/21.xnb	1376	1381
Maps/Mines/120.xnb	1052	1057
Maps/Mines/20.xnb	1974	1979
Maps/Mines/34.xnb	2258	2263
Maps/Mines/mine_dark_dangerous.xnb	18412	18357
Maps/Mines/18.xnb	2702	2707
Maps/Mines/24.xnb	3022	3027
Maps/Mines/mine_desert_dark.xnb	16164	15958
Maps/Mines/25.xnb	1846	1851
Maps/Mines/31.xnb	1904	1909
Maps/Mines/19.xnb	3430	3435
Maps/Mines/mine_desert_dark_dangerous.xnb	16972	16828
Maps/Mines/mine_frost.xnb	19766	19715
Maps/Mines/Volcano_SetPieces_8.xnb	1198	1203
Maps/Mines/27.xnb	2230	2235
Maps/Mines/33.xnb	1514	1519
Maps/Mines/32.xnb	1932	1937
Maps/Mines/26.xnb	2254	2259
Maps/Mines/mine_quarryshaft.xnb	19928	19871
Maps/Mines/41.xnb	2074	2079
Maps/Mines/7.xnb	2072	2077
Maps/Mines/55.xnb	3016	3021
Maps/Mines/mine_lava_dark_dangerous.xnb	48488	48470
Maps/Mines/6.xnb	2052	2057
Maps/Mines/54.xnb	1876	1881
Maps/Mines/40.xnb	1934	1939
Maps/Mines/VolcanoTemplate.xnb	668	673
Maps/Mines/mine_dangerous.xnb	22788	22705
Maps/Mines/56.xnb	2148	2153
Maps/Mines/4.xnb	1902	1907
Maps/Mines/42.xnb	2084	2089
Maps/Mines/43.xnb	3084	3089
Maps/Mines/57.xnb	2600	2605
Maps/Mines/5.xnb	1938	1943
Maps/Mines/mine_desert_dangerous.xnb	22890	22758
Maps/Mines/1.xnb	1142	1147
Maps/Mines/53.xnb	1822	1827
Maps/Mines/47.xnb	3666	3671
Maps/Mines/46.xnb	1984	1989
Maps/Mines/52.xnb	3050	3055
Maps/Mines/Volcano_DwarfShop.xnb	306	311
Maps/Mines/44.xnb	2572	2577
Maps/Mines/50.xnb	5406	5411
Maps/Mines/2.xnb	1494	1499
Maps/Mines/mine_frost_dark_dangerous.xnb	12212	12085
Maps/Mines/77377.xnb	6224	6229
Maps/Mines/51.xnb	4432	4437
Maps/Mines/3.xnb	1612	1617
Maps/Mines/45.xnb	2336	2341
LooseSprites/Lighting/pinpointLight.xnb	11406	11262
LooseSprites/Lighting/indoorWindowLight.xnb	54626	54495
LooseSprites/Lighting/fishTankLight.xnb	6400	6383
LooseSprites/Lighting/windowLight.xnb	18034	18010
LooseSprites/Lighting/greenLight.xnb	27952	27637
LooseSprites/Lighting/lantern.xnb	4518	4500
LooseSprites/Lighting/sconceLight.xnb	27250	25738
LooseSprites/Lighting/treeLights.xnb	38236	37351
LooseSprites/Lighting/projectorLight.xnb	5118	5079
Fonts/Chinese_round/SpriteFont1.zh-CN.xnb	2018664	2012111
Fonts/Chinese_round/Chinese_0.xnb	2757062	2750888
Fonts/Chinese_round/SmallFont.zh-CN.xnb	1721696	1715694
Fonts/Chinese_round/Chinese.xnb	56698	56718
Fonts/Chinese_round/Chinese.fnt	1026944	70402
Characters/schedules/Willy.xnb	612	617
Characters/schedules/Jas.xnb	726	731
Characters/schedules/Sandy.xnb	496	501
Characters/schedules/LeoMainland.xnb	808	813
Characters/schedules/Penny.xnb	1002	1007
Characters/schedules/Leo.xnb	414	419
Characters/schedules/Leah.xnb	768	773
Characters/schedules/Linus.xnb	604	609
Characters/schedules/George.xnb	588	593
Characters/schedules/Vincent.xnb	706	711
Characters/schedules/Demetrius.xnb	676	681
Characters/schedules/Pierre.xnb	442	447
Characters/schedules/Jodi.xnb	816	821
Characters/schedules/Maru.xnb	826	831
Characters/schedules/Harvey.xnb	810	815
Characters/schedules/Emily.xnb	862	867
Characters/schedules/Clint.xnb	556	561
Characters/schedules/Haley.xnb	812	817
Characters/schedules/Elliott.xnb	770	775
Characters/schedules/Kent.xnb	514	519
Characters/schedules/Pam.xnb	548	553
Characters/schedules/Sebastian.xnb	890	895
Characters/schedules/Abigail.xnb	966	971
Characters/schedules/Gus.xnb	596	601
Characters/schedules/template.xnb	352	357
Characters/schedules/Marnie.xnb	662	667
Characters/schedules/Evelyn.xnb	642	647
Characters/schedules/Shane.xnb	836	841
Characters/schedules/Caroline.xnb	728	733
Characters/schedules/Robin.xnb	612	617
Characters/schedules/Alex.xnb	834	839
Characters/schedules/Lewis.xnb	908	913
Characters/schedules/Sam.xnb	944	949
Characters/Monsters/False Magma Cap.xnb	1062	1067
Characters/Monsters/Truffle Crab.xnb	984	989
Characters/Monsters/Shadow Brute.xnb	2938	2943
Characters/Monsters/Wilderness Golem.xnb	2052	2057
Characters/Monsters/Shadow Shaman_dangerous.xnb	1994	1999
Characters/Monsters/Haunted Skull_dangerous.xnb	826	831
Characters/Monsters/Magma Sprite.xnb	1706	1711
Characters/Monsters/Haunted Skull.xnb	808	813
Characters/Monsters/Blue Squid.xnb	1062	1067
Characters/Monsters/Lava Crab.xnb	1036	1041
Characters/Monsters/Dust Spirit_dangerous.xnb	1200	1205
Characters/Monsters/Crow.xnb	3120	3074
Characters/Monsters/Big Slime.xnb	1482	1487
Characters/Monsters/Serpent.xnb	2592	2597
Characters/Monsters/Lava Crab_dangerous.xnb	1082	1087
Characters/Monsters/Magma Sparker.xnb	1568	1573
Characters/Monsters/Rock Crab_dangerous.xnb	1092	1097
Characters/Monsters/Fly.xnb	1186	1191
Characters/Monsters/Duggy_dangerous.xnb	982	987
Characters/Monsters/Duggy.xnb	940	945
Characters/Monsters/Skeleton Mage_dangerous.xnb	2534	2539
Characters/Monsters/Shadow Sniper.xnb	2804	2809
Characters/Monsters/Stone Golem_dangerous.xnb	2326	2331
Characters/Monsters/Iridium Bat.xnb	932	937
Characters/Monsters/Stone Golem.xnb	2068	2073
Characters/Monsters/Shadow Brute_dangerous.xnb	3028	3033
Characters/Monsters/Rock Crab.xnb	1022	1027
Characters/Monsters/Dwarvish Sentry.xnb	918	923
Characters/Monsters/Assassin Bug.xnb	1076	1081
Characters/Monsters/Spider.xnb	740	745
Characters/Monsters/Bat_dangerous.xnb	736	741
Characters/Monsters/Mummy_dangerous.xnb	1682	1687
Characters/Monsters/Lava Lurk.xnb	860	865
Characters/Monsters/Dust Spirit.xnb	668	673
Characters/Monsters/Carbon Ghost.xnb	1918	1923
Characters/Monsters/Metal Head_dangerous.xnb	1172	1177
Characters/Monsters/Bug_dangerous.xnb	1076	1081
Characters/Monsters/Pepper Rex.xnb	5374	5356
Characters/Monsters/Frost Bat_dangerous.xnb	914	919
Characters/Monsters/Iridium Crab.xnb	978	983
Characters/Monsters/Magma Duggy.xnb	938	943
Characters/Monsters/Metal Head.xnb	1112	1117
Characters/Monsters/Angry Roger.xnb	6984	6989
Characters/Monsters/Grub.xnb	1218	1223
Characters/Monsters/Squid Kid.xnb	1336	1341
Characters/Monsters/Squid Kid_dangerous.xnb	1294	1299
Characters/Monsters/Skeleton.xnb	2106	2111
Characters/Monsters/Armored Bug.xnb	1078	1083
Characters/Monsters/Stick Bug.xnb	868	873
Characters/Monsters/Ghost.xnb	1698	1703
Characters/Monsters/Shadow Shaman.xnb	1976	1981
Characters/Monsters/Cat.xnb	1400	1405
Characters/Monsters/Fireball.xnb	358	363
Characters/Monsters/Royal Serpent.xnb	1232	1237
Characters/Monsters/Putrid Ghost.xnb	2040	2045
Characters/Monsters/Frost Bat.xnb	870	875
Characters/Monsters/Green Slime.xnb	1576	1581
Characters/Monsters/Mummy.xnb	1690	1695
Characters/Monsters/Bug.xnb	1072	1077
Characters/Monsters/Skeleton_dangerous.xnb	2188	2193
Characters/Monsters/Bat.xnb	644	649
Characters/Monsters/Frog.xnb	502	507
Characters/Monsters/Iridium Golem.xnb	1866	1871
Characters/Monsters/Tiger Slime.xnb	1838	1843
Characters/Monsters/Hot Head.xnb	2128	2133
Characters/Monsters/Armored Bug_dangerous.xnb	1076	1081
Characters/Monsters/Grub_dangerous.xnb	1324	1329
Characters/Monsters/Skeleton Mage.xnb	2570	2575
Characters/Monsters/Shadow Girl.xnb	1520	1525
Characters/Monsters/Fly_dangerous.xnb	920	925
Characters/Monsters/Green Slime_dangerous.xnb	1224	1229
Characters/Monsters/Spiker.xnb	782	787
Characters/Monsters/Lava Bat.xnb	870	875
Characters/Farmer/farmer_base_mannequin_cursed.xnb	17954	17807
Characters/Farmer/farmer_base_bald.xnb	18322	18220
Characters/Farmer/farmer_girl_base_bald.xnb	17974	17802
Characters/Farmer/shoeColors.xnb	480	485
Characters/Farmer/farmer_base.xnb	18318	18191
Characters/Farmer/hats_animals.xnb	34914	34800
Characters/Farmer/hats.xnb	35042	34941
Characters/Farmer/farmer_girl_base.xnb	17970	17842
Characters/Farmer/farmer_girl_mannequin_cursed.xnb	17692	17515
Characters/Farmer/farmer_base_mannequin.xnb	17956	17811
Characters/Farmer/skinColors.xnb	475	438
Characters/Farmer/accessories.xnb	1780	1785
Characters/Farmer/farmer_girl_mannequin.xnb	17694	17534
Characters/Farmer/pants.xnb	79734	72393
Characters/Farmer/shirts.xnb	48842	47847
Characters/Farmer/hairstyles2.xnb	6844	6518
Characters/Farmer/hairstyles.xnb	11078	10777
Characters/Dialogue/LeoMainland.ru-RU.xnb	2382	2387
Characters/Dialogue/Sebastian.es-ES.xnb	6742	6747
Characters/Dialogue/Abigail.ja-JP.xnb	9010	9015
Characters/Dialogue/Gil.hu-HU.xnb	302	307
Characters/Dialogue/Marnie.ko-KR.xnb	2994	2999
Characters/Dialogue/MarriageDialogueElliott.pt-BR.xnb	3654	3659
Characters/Dialogue/Krobus.hu-HU.xnb	2104	2109
Characters/Dialogue/Sam.fr-FR.xnb	6630	6635
Characters/Dialogue/Sandy.zh-CN.xnb	2050	2055
Characters/Dialogue/Dwarf.es-ES.xnb	1840	1845
Characters/Dialogue/Willy.it-IT.xnb	3444	3449
Characters/Dialogue/Demetrius.fr-FR.xnb	4306	4311
Characters/Dialogue/Robin.hu-HU.xnb	4108	4113
Characters/Dialogue/Emily.tr-TR.xnb	6344	6349
Characters/Dialogue/George.fr-FR.xnb	2882	2887
Characters/Dialogue/Marnie.de-DE.xnb	2938	2943
Characters/Dialogue/Maru.es-ES.xnb	5864	5869
Characters/Dialogue/Mister Qi.hu-HU.xnb	1448	1453
Characters/Dialogue/Kent.pt-BR.xnb	2212	2217
Characters/Dialogue/Demetrius.de-DE.xnb	4244	4249
Characters/Dialogue/Haley.zh-CN.xnb	6638	6643
Characters/Dialogue/Vincent.hu-HU.xnb	1584	1589
Characters/Dialogue/Willy.xnb	3234	3239
Characters/Dialogue/Abigail.it-IT.xnb	8258	8263
Characters/Dialogue/Sam.ko-KR.xnb	6628	6633
Characters/Dialogue/MarriageDialogueAlex.tr-TR.xnb	2770	2775
Characters/Dialogue/George.de-DE.xnb	2806	2811
Characters/Dialogue/Harvey.pt-BR.xnb	4358	4363
Characters/Dialogue/Marnie.fr-FR.xnb	2980	2985
Characters/Dialogue/Willy.ja-JP.xnb	3556	3561
Characters/Dialogue/George.ko-KR.xnb	2996	3001
Characters/Dialogue/MarriageDialogueSam.tr-TR.xnb	3400	3405
Characters/Dialogue/MarriageDialogueEmily.ru-RU.xnb	3892	3897
Characters/Dialogue/Clint.zh-CN.xnb	3354	3359
Characters/Dialogue/MarriageDialogueSebastian.tr-TR.xnb	4174	4179
Characters/Dialogue/MarriageDialogueLeah.ru-RU.xnb	4174	4179
Characters/Dialogue/MarriageDialogue.xnb	8900	8905
Characters/Dialogue/Demetrius.ko-KR.xnb	4250	4255
Characters/Dialogue/Sam.de-DE.xnb	6792	6797
Characters/Dialogue/MarriageDialoguePenny.xnb	3056	3061
Characters/Dialogue/Dwarf.it-IT.xnb	1786	1791
Characters/Dialogue/LeoMainland.tr-TR.xnb	1976	1981
Characters/Dialogue/Sebastian.it-IT.xnb	6590	6595
Characters/Dialogue/Leo.fr-FR.xnb	1038	1043
Characters/Dialogue/MarriageDialogueHaley.zh-CN.xnb	2712	2717
Characters/Dialogue/Maru.ja-JP.xnb	6498	6503
Characters/Dialogue/Linus.pt-BR.xnb	3404	3409
Characters/Dialogue/Evelyn.zh-CN.xnb	3304	3309
Characters/Dialogue/Pierre.hu-HU.xnb	4168	4173
Characters/Dialogue/Willy.es-ES.xnb	3476	3481
Characters/Dialogue/Emily.ru-RU.xnb	7344	7349
Characters/Dialogue/MarriageDialogueAlex.ru-RU.xnb	3302	3307
Characters/Dialogue/Leo.ko-KR.xnb	1038	1043
Characters/Dialogue/Wizard.xnb	1940	1945
Characters/Dialogue/Dwarf.ja-JP.xnb	1956	1961
Characters/Dialogue/Jodi.zh-CN.xnb	3964	3969
Characters/Dialogue/Abigail.es-ES.xnb	8196	8201
Characters/Dialogue/Sebastian.ja-JP.xnb	7394	7399
Characters/Dialogue/MarriageDialogueAbigail.xnb	3848	3853
Characters/Dialogue/Maru.it-IT.xnb	5914	5919
Characters/Dialogue/MarriageDialogueEmily.tr-TR.xnb	3266	3271
Characters/Dialogue/MarriageDialogueSam.ru-RU.xnb	3862	3867
Characters/Dialogue/MarriageDialogueMaru.hu-HU.xnb	3722	3727
Characters/Dialogue/Leo.de-DE.xnb	1010	1015
Characters/Dialogue/Gus.pt-BR.xnb	2660	2665
Characters/Dialogue/MarriageDialogueHarvey.zh-CN.xnb	3478	3483
Characters/Dialogue/MarriageDialogueLeah.tr-TR.xnb	3440	3445
Characters/Dialogue/MarriageDialogueSebastian.ru-RU.xnb	5122	5127
Characters/Dialogue/MarriageDialoguePenny.tr-TR.xnb	3060	3065
Characters/Dialogue/rainy.tr-TR.xnb	1872	1877
Characters/Dialogue/Leo.es-ES.xnb	968	973
Characters/Dialogue/Sam.it-IT.xnb	6420	6425
Characters/Dialogue/Abigail.ko-KR.xnb	8406	8411
Characters/Dialogue/Marnie.ja-JP.xnb	3118	3123
Characters/Dialogue/Demetrius.it-IT.xnb	4020	4025
Characters/Dialogue/Harvey.hu-HU.xnb	4612	4617
Characters/Dialogue/Jas.zh-CN.xnb	2060	2065
Characters/Dialogue/Willy.fr-FR.xnb	3682	3687
Characters/Dialogue/MarriageDialogueShane.zh-CN.xnb	3802	3807
Characters/Dialogue/Jas.xnb	1856	1861
Characters/Dialogue/Abigail.de-DE.xnb	8764	8769
Characters/Dialogue/Mister Qi.pt-BR.xnb	1348	1353
Characters/Dialogue/Kent.hu-HU.xnb	2432	2437
Characters/Dialogue/George.it-IT.xnb	2698	2703
Characters/Dialogue/Vincent.pt-BR.xnb	1532	1537
Characters/Dialogue/Wizard.ru-RU.xnb	2460	2465
Characters/Dialogue/Willy.de-DE.xnb	3558	3563
Characters/Dialogue/Abigail.fr-FR.xnb	8716	8721
Characters/Dialogue/Lewis.tr-TR.xnb	4592	4597
Characters/Dialogue/Robin.pt-BR.xnb	3882	3887
Characters/Dialogue/Caroline.tr-TR.xnb	3360	3365
Characters/Dialogue/Marnie.it-IT.xnb	2812	2817
Characters/Dialogue/Penny.ru-RU.xnb	7116	7121
Characters/Dialogue/Sam.ja-JP.xnb	7096	7101
Characters/Dialogue/Pam.zh-CN.xnb	4668	4673
Characters/Dialogue/Krobus.pt-BR.xnb	1944	1949
Characters/Dialogue/Demetrius.ja-JP.xnb	4466	4471
Characters/Dialogue/MarriageDialogueElliott.hu-HU.xnb	3978	3983
Characters/Dialogue/Willy.ko-KR.xnb	3600	3605
Characters/Dialogue/Gil.pt-BR.xnb	296	301
Characters/Dialogue/George.ja-JP.xnb	3128	3133
Characters/Dialogue/Leah.zh-CN.xnb	6088	6093
Characters/Dialogue/Elliott.tr-TR.xnb	5164	5169
Characters/Dialogue/Gus.hu-HU.xnb	2854	2859
Characters/Dialogue/Dwarf.fr-FR.xnb	2032	2037
Characters/Dialogue/Sam.es-ES.xnb	6298	6303
Characters/Dialogue/Maru.ko-KR.xnb	6106	6111
Characters/Dialogue/rainy.ru-RU.xnb	2338	2343
Characters/Dialogue/MarriageDialoguePenny.ru-RU.xnb	3792	3797
Characters/Dialogue/MarriageDialogueMaru.pt-BR.xnb	3396	3401
Characters/Dialogue/Leo.it-IT.xnb	920	925
Characters/Dialogue/Sebastian.fr-FR.xnb	6982	6987
Characters/Dialogue/George.es-ES.xnb	2662	2667
Characters/Dialogue/MarriageDialogueElliott.xnb	3496	3501
Characters/Dialogue/Maru.de-DE.xnb	6224	6229
Characters/Dialogue/Demetrius.es-ES.xnb	3974	3979
Characters/Dialogue/MarriageDialogue.zh-CN.xnb	9614	9619
Characters/Dialogue/MarriageDialogueKrobus.zh-CN.xnb	3908	3913
Characters/Dialogue/Sebastian.ko-KR.xnb	7030	7035
Characters/Dialogue/Marnie.es-ES.xnb	2770	2775
Characters/Dialogue/Alex.zh-CN.xnb	7204	7209
Characters/Dialogue/Pierre.pt-BR.xnb	3992	3997
Characters/Dialogue/Wizard.tr-TR.xnb	1950	1955
Characters/Dialogue/Leo.ja-JP.xnb	1114	1119
Characters/Dialogue/Sandy.xnb	1926	1931
Characters/Dialogue/Penny.tr-TR.xnb	6150	6155
Characters/Dialogue/Caroline.ru-RU.xnb	4022	4027
Characters/Dialogue/Dwarf.ko-KR.xnb	1942	1947
Characters/Dialogue/Maru.fr-FR.xnb	6146	6151
Characters/Dialogue/Lewis.ru-RU.xnb	5608	5613
Characters/Dialogue/Dwarf.de-DE.xnb	1884	1889
Characters/Dialogue/Linus.hu-HU.xnb	3678	3683
Characters/Dialogue/MarriageDialogueAbigail.zh-CN.xnb	4232	4237
Characters/Dialogue/Shane.zh-CN.xnb	4084	4089
Characters/Dialogue/Elliott.ru-RU.xnb	6106	6111
Characters/Dialogue/Sebastian.de-DE.xnb	6924	6929
Characters/Dialogue/MarriageDialogueSam.xnb	3142	3147
Characters/Dialogue/Krobus.tr-TR.xnb	1958	1963
Characters/Dialogue/MarriageDialogueHarvey.ko-KR.xnb	3738	3743
Characters/Dialogue/LeoMainland.xnb	1844	1849
Characters/Dialogue/Jodi.de-DE.xnb	4068	4073
Characters/Dialogue/MarriageDialogueAbigail.ja-JP.xnb	4528	4533
Characters/Dialogue/Penny.xnb	5848	5853
Characters/Dialogue/MarriageDialogueSebastian.xnb	4068	4073
Characters/Dialogue/Evelyn.fr-FR.xnb	3376	3381
Characters/Dialogue/MarriageDialogueShane.es-ES.xnb	3588	3593
Characters/Dialogue/Gil.tr-TR.xnb	302	307
Characters/Dialogue/Jas.es-ES.xnb	1920	1925
Characters/Dialogue/Shane.ja-JP.xnb	4458	4463
Characters/Dialogue/Elliott.pt-BR.xnb	5052	5057
Characters/Dialogue/Leo.xnb	886	891
Characters/Dialogue/Alex.ja-JP.xnb	7802	7807
Characters/Dialogue/Pierre.ru-RU.xnb	4664	4669
Characters/Dialogue/MarriageDialogueKrobus.ja-JP.xnb	4286	4291
Characters/Dialogue/Emily.hu-HU.xnb	6626	6631
Characters/Dialogue/MarriageDialogue.ja-JP.xnb	10594	10599
Characters/Dialogue/Lewis.pt-BR.xnb	4710	4715
Characters/Dialogue/MarriageDialogueHarvey.de-DE.xnb	3700	3705
Characters/Dialogue/Jodi.ko-KR.xnb	4274	4279
Characters/Dialogue/Robin.tr-TR.xnb	3818	3823
Characters/Dialogue/Caroline.pt-BR.xnb	3384	3389
Characters/Dialogue/MarriageDialogueHaley.fr-FR.xnb	2770	2775
Characters/Dialogue/Leo.zh-CN.xnb	1102	1107
Characters/Dialogue/MarriageDialogueAbigail.it-IT.xnb	4106	4111
Characters/Dialogue/Leah.es-ES.xnb	5758	5763
Characters/Dialogue/MarriageDialogueHarvey.fr-FR.xnb	3738	3743
Characters/Dialogue/MarriageDialogueAlex.hu-HU.xnb	2918	2923
Characters/Dialogue/MarriageDialogueHaley.de-DE.xnb	2826	2831
Characters/Dialogue/Mister Qi.tr-TR.xnb	1308	1313
Characters/Dialogue/Evelyn.ko-KR.xnb	3526	3531
Characters/Dialogue/Shane.it-IT.xnb	3928	3933
Characters/Dialogue/Vincent.tr-TR.xnb	1574	1579
Characters/Dialogue/Alex.it-IT.xnb	7020	7025
Characters/Dialogue/rainy.pt-BR.xnb	1950	1955
Characters/Dialogue/MarriageDialoguePenny.pt-BR.xnb	3148	3153
Characters/Dialogue/Jodi.fr-FR.xnb	4158	4163
Characters/Dialogue/MarriageDialogueHaley.ko-KR.xnb	2778	2783
Characters/Dialogue/MarriageDialogue.it-IT.xnb	9466	9471
Characters/Dialogue/MarriageDialogueSebastian.hu-HU.xnb	4560	4565
Characters/Dialogue/Pam.es-ES.xnb	4438	4443
Characters/Dialogue/MarriageDialogueKrobus.it-IT.xnb	3958	3963
Characters/Dialogue/Evelyn.de-DE.xnb	3530	3535
Characters/Dialogue/MarriageDialogueSam.hu-HU.xnb	3530	3535
Characters/Dialogue/MarriageDialogueMaru.ru-RU.xnb	4108	4113
Characters/Dialogue/Demetrius.zh-CN.xnb	4098	4103
Characters/Dialogue/Haley.de-DE.xnb	7148	7153
Characters/Dialogue/Jas.it-IT.xnb	1964	1969
Characters/Dialogue/MarriageDialogueShane.it-IT.xnb	3690	3695
Characters/Dialogue/Krobus.ru-RU.xnb	2380	2385
Characters/Dialogue/LeoMainland.hu-HU.xnb	2060	2065
Characters/Dialogue/Clint.ko-KR.xnb	3384	3389
Characters/Dialogue/George.zh-CN.xnb	2714	2719
Characters/Dialogue/Leah.ja-JP.xnb	6562	6567
Characters/Dialogue/Gil.ru-RU.xnb	366	371
Characters/Dialogue/Leah.xnb	5502	5507
Characters/Dialogue/Clint.de-DE.xnb	3400	3405
Characters/Dialogue/Linus.xnb	3270	3275
Characters/Dialogue/Wizard.pt-BR.xnb	2064	2069
Characters/Dialogue/Pierre.tr-TR.xnb	3964	3969
Characters/Dialogue/Penny.pt-BR.xnb	6152	6157
Characters/Dialogue/Sam.zh-CN.xnb	6464	6469
Characters/Dialogue/Sandy.fr-FR.xnb	2116	2121
Characters/Dialogue/Pam.ja-JP.xnb	5002	5007
Characters/Dialogue/Robin.ru-RU.xnb	4508	4513
Characters/Dialogue/Haley.ko-KR.xnb	6828	6833
Characters/Dialogue/Shane.es-ES.xnb	3924	3929
Characters/Dialogue/Clint.fr-FR.xnb	3424	3429
Characters/Dialogue/MarriageDialogueShane.ja-JP.xnb	4296	4301
Characters/Dialogue/Jas.ja-JP.xnb	2240	2245
Characters/Dialogue/Vincent.ru-RU.xnb	1828	1833
Characters/Dialogue/Leah.it-IT.xnb	5840	5845
Characters/Dialogue/MarriageDialogueHarvey.xnb	3310	3315
Characters/Dialogue/Sandy.de-DE.xnb	2090	2095
Characters/Dialogue/Mister Qi.ru-RU.xnb	1736	1741
Characters/Dialogue/MarriageDialogueAbigail.es-ES.xnb	4062	4067
Characters/Dialogue/Sandy.ko-KR.xnb	2154	2159
Characters/Dialogue/MarriageDialogueLeah.hu-HU.xnb	3818	3823
Characters/Dialogue/Haley.fr-FR.xnb	7050	7055
Characters/Dialogue/MarriageDialogueKrobus.es-ES.xnb	3884	3889
Characters/Dialogue/Marnie.zh-CN.xnb	2942	2947
Characters/Dialogue/MarriageDialogueLeah.xnb	3426	3431
Characters/Dialogue/MarriageDialogueMaru.tr-TR.xnb	3420	3425
Characters/Dialogue/MarriageDialogue.es-ES.xnb	9260	9265
Characters/Dialogue/Pam.it-IT.xnb	4366	4371
Characters/Dialogue/George.xnb	2538	2543
Characters/Dialogue/MarriageDialogueEmily.hu-HU.xnb	3522	3527
Characters/Dialogue/Alex.es-ES.xnb	7056	7061
Characters/Dialogue/Alex.de-DE.xnb	7350	7355
Characters/Dialogue/Evelyn.it-IT.xnb	3212	3217
Characters/Dialogue/Shane.ko-KR.xnb	4260	4265
Characters/Dialogue/MarriageDialogueSam.pt-BR.xnb	3370	3375
Characters/Dialogue/MarriageDialogueKrobus.de-DE.xnb	4144	4149
Characters/Dialogue/MarriageDialogue.de-DE.xnb	9952	9957
Characters/Dialogue/MarriageDialogueHarvey.ja-JP.xnb	4082	4087
Characters/Dialogue/MarriageDialogueSebastian.pt-BR.xnb	4284	4289
Characters/Dialogue/Gus.ru-RU.xnb	3190	3195
Characters/Dialogue/MarriageDialogueAbigail.ko-KR.xnb	4240	4245
Characters/Dialogue/MarriageDialoguePenny.hu-HU.xnb	3490	3495
Characters/Dialogue/rainy.hu-HU.xnb	2048	2053
Characters/Dialogue/Kent.tr-TR.xnb	2308	2313
Characters/Dialogue/Jodi.ja-JP.xnb	4384	4389
Characters/Dialogue/MarriageDialogueAbigail.de-DE.xnb	4414	4419
Characters/Dialogue/Sandy.es-ES.xnb	2056	2061
Characters/Dialogue/Dwarf.zh-CN.xnb	1852	1857
Characters/Dialogue/MarriageDialogueAlex.pt-BR.xnb	2726	2731
Characters/Dialogue/Alex.ko-KR.xnb	7346	7351
Characters/Dialogue/MarriageDialogueKrobus.ko-KR.xnb	4170	4175
Characters/Dialogue/Harvey.tr-TR.xnb	4316	4321
Characters/Dialogue/Sebastian.zh-CN.xnb	6868	6873
Characters/Dialogue/Shane.de-DE.xnb	4130	4135
Characters/Dialogue/MarriageDialogueHaley.it-IT.xnb	2600	2605
Characters/Dialogue/MarriageDialogue.ko-KR.xnb	9734	9739
Characters/Dialogue/Caroline.hu-HU.xnb	3448	3453
Characters/Dialogue/MarriageDialogueAbigail.fr-FR.xnb	4324	4329
Characters/Dialogue/Lewis.hu-HU.xnb	5062	5067
Characters/Dialogue/Evelyn.ja-JP.xnb	3718	3723
Characters/Dialogue/Emily.pt-BR.xnb	6202	6207
Characters/Dialogue/MarriageDialogueHarvey.it-IT.xnb	3556	3561
Characters/Dialogue/Vincent.xnb	1460	1465
Characters/Dialogue/Clint.es-ES.xnb	3208	3213
Characters/Dialogue/Shane.fr-FR.xnb	4150	4155
Characters/Dialogue/Jodi.it-IT.xnb	3864	3869
Characters/Dialogue/Elliott.hu-HU.xnb	5504	5509
Characters/Dialogue/Alex.fr-FR.xnb	7444	7449
Characters/Dialogue/MarriageDialogueKrobus.fr-FR.xnb	4100	4105
Characters/Dialogue/MarriageDialogue.fr-FR.xnb	9800	9805
Characters/Dialogue/MarriageDialogueElliott.tr-TR.xnb	3546	3551
Characters/Dialogue/Linus.ru-RU.xnb	4060	4065
Characters/Dialogue/Haley.es-ES.xnb	6688	6693
Characters/Dialogue/Maru.zh-CN.xnb	6200	6205
Characters/Dialogue/MarriageDialogueHaley.ja-JP.xnb	2968	2973
Characters/Dialogue/MarriageDialogueEmily.pt-BR.xnb	3188	3193
Characters/Dialogue/Clint.ja-JP.xnb	3534	3539
Characters/Dialogue/Leah.ko-KR.xnb	6142	6147
Characters/Dialogue/MarriageDialogueShane.fr-FR.xnb	3806	3811
Characters/Dialogue/Willy.zh-CN.xnb	3452	3457
Characters/Dialogue/Jas.fr-FR.xnb	2070	2075
Characters/Dialogue/Pam.de-DE.xnb	4618	4623
Characters/Dialogue/Evelyn.es-ES.xnb	3202	3207
Characters/Dialogue/MarriageDialogueMaru.xnb	3244	3249
Characters/Dialogue/MarriageDialogueKrobus.xnb	3582	3587
Characters/Dialogue/Gus.tr-TR.xnb	2628	2633
Characters/Dialogue/MarriageDialogueLeah.pt-BR.xnb	3568	3573
Characters/Dialogue/MarriageDialogueHaley.es-ES.xnb	2596	2601
Characters/Dialogue/Pam.ko-KR.xnb	4866	4871
Characters/Dialogue/Haley.ja-JP.xnb	7472	7477
Characters/Dialogue/Kent.ru-RU.xnb	2664	2669
Characters/Dialogue/Sandy.it-IT.xnb	2018	2023
Characters/Dialogue/Harvey.ru-RU.xnb	5170	5175
Characters/Dialogue/Leah.de-DE.xnb	6230	6235
Characters/Dialogue/Clint.it-IT.xnb	3246	3251
Characters/Dialogue/MarriageDialogueHarvey.es-ES.xnb	3462	3467
Characters/Dialogue/Penny.hu-HU.xnb	6658	6663
Characters/Dialogue/Wizard.hu-HU.xnb	2160	2165
Characters/Dialogue/Leah.fr-FR.xnb	6152	6157
Characters/Dialogue/MarriageDialogueShane.ko-KR.xnb	3840	3845
Characters/Dialogue/Demetrius.xnb	3804	3809
Characters/Dialogue/Jas.ko-KR.xnb	2126	2131
Characters/Dialogue/Abigail.zh-CN.xnb	8496	8501
Characters/Dialogue/Pierre.xnb	3768	3773
Characters/Dialogue/Jodi.xnb	3698	3703
Characters/Dialogue/MarriageDialogueShane.de-DE.xnb	3920	3925
Characters/Dialogue/LeoMainland.pt-BR.xnb	1932	1937
Characters/Dialogue/Jas.de-DE.xnb	1992	1997
Characters/Dialogue/Haley.it-IT.xnb	6724	6729
Characters/Dialogue/Pam.fr-FR.xnb	4490	4495
Characters/Dialogue/Sandy.ja-JP.xnb	2264	2269
Characters/Dialogue/Maru.xnb	5598	5603
Characters/Dialogue/Jodi.es-ES.xnb	3854	3859
Characters/Dialogue/Linus.tr-TR.xnb	3354	3359
Characters/Dialogue/MarriageDialogueElliott.ru-RU.xnb	4404	4409
Characters/Dialogue/Elliott.zh-CN.xnb	5494	5499
Characters/Dialogue/Shane.ru-RU.xnb	4658	4663
Characters/Dialogue/Harvey.xnb	4164	4169
Characters/Dialogue/Leah.tr-TR.xnb	5684	5689
Characters/Dialogue/Vincent.es-ES.xnb	1582	1587
Characters/Dialogue/Mister Qi.es-ES.xnb	1350	1355
Characters/Dialogue/Maru.hu-HU.xnb	6266	6271
Characters/Dialogue/Gus.ko-KR.xnb	3020	3025
Characters/Dialogue/MarriageDialogueAbigail.ru-RU.xnb	4778	4783
Characters/Dialogue/Caroline.zh-CN.xnb	3578	3583
Characters/Dialogue/MarriageDialogueMaru.it-IT.xnb	3520	3525
Characters/Dialogue/Leo.pt-BR.xnb	952	957
Characters/Dialogue/Pam.tr-TR.xnb	4270	4275
Characters/Dialogue/Linus.fr-FR.xnb	3666	3671
Characters/Dialogue/Lewis.zh-CN.xnb	4984	4989
Characters/Dialogue/Gus.de-DE.xnb	2882	2887
Characters/Dialogue/MarriageDialogueKrobus.ru-RU.xnb	4476	4481
Characters/Dialogue/MarriageDialogue.ru-RU.xnb	10768	10773
Characters/Dialogue/Pierre.ja-JP.xnb	4520	4525
Characters/Dialogue/Alex.ru-RU.xnb	7954	7959
Characters/Dialogue/Dwarf.hu-HU.xnb	1870	1875
Characters/Dialogue/Linus.de-DE.xnb	3704	3709
Characters/Dialogue/Gus.fr-FR.xnb	2956	2961
Characters/Dialogue/Krobus.es-ES.xnb	2014	2019
Characters/Dialogue/Jas.tr-TR.xnb	1978	1983
Characters/Dialogue/Sebastian.hu-HU.xnb	7044	7049
Characters/Dialogue/Gil.es-ES.xnb	294	299
Characters/Dialogue/MarriageDialogueShane.tr-TR.xnb	3530	3535
Characters/Dialogue/MarriageDialogueMaru.ja-JP.xnb	3800	3805
Characters/Dialogue/Linus.ko-KR.xnb	3992	3997
Characters/Dialogue/Pierre.it-IT.xnb	4060	4065
Characters/Dialogue/rainy.zh-CN.xnb	2046	2051
Characters/Dialogue/Robin.es-ES.xnb	3942	3947
Characters/Dialogue/MarriageDialoguePenny.zh-CN.xnb	3306	3311
Characters/Dialogue/Gil.ja-JP.xnb	334	339
Characters/Dialogue/Emily.xnb	5904	5909
Characters/Dialogue/Abigail.hu-HU.xnb	8588	8593
Characters/Dialogue/Mister Qi.it-IT.xnb	1390	1395
Characters/Dialogue/Vincent.it-IT.xnb	1538	1543
Characters/Dialogue/Leah.ru-RU.xnb	6696	6701
Characters/Dialogue/George.pt-BR.xnb	2624	2629
Characters/Dialogue/Harvey.de-DE.xnb	4718	4723
Characters/Dialogue/Shane.tr-TR.xnb	3972	3977
Characters/Dialogue/MarriageDialogueAbigail.tr-TR.xnb	3954	3959
Characters/Dialogue/Demetrius.pt-BR.xnb	3960	3965
Characters/Dialogue/Kent.de-DE.xnb	2450	2455
Characters/Dialogue/Krobus.ja-JP.xnb	2314	2319
Characters/Dialogue/Robin.ja-JP.xnb	4330	4335
Characters/Dialogue/MarriageDialogueElliott.fr-FR.xnb	3798	3803
Characters/Dialogue/Kent.ko-KR.xnb	2436	2441
Characters/Dialogue/Penny.zh-CN.xnb	6656	6661
Characters/Dialogue/Clint.xnb	2992	2997
Characters/Dialogue/Pam.ru-RU.xnb	5054	5059
Characters/Dialogue/Sam.pt-BR.xnb	6326	6331
Characters/Dialogue/Haley.xnb	6312	6317
Characters/Dialogue/Wizard.zh-CN.xnb	2160	2165
Characters/Dialogue/Alex.tr-TR.xnb	7072	7077
Characters/Dialogue/MarriageDialogue.tr-TR.xnb	9390	9395
Characters/Dialogue/MarriageDialogueMaru.es-ES.xnb	3426	3431
Characters/Dialogue/MarriageDialogueKrobus.tr-TR.xnb	3832	3837
Characters/Dialogue/Elliott.xnb	4912	4917
Characters/Dialogue/Harvey.ko-KR.xnb	4752	4757
Characters/Dialogue/MarriageDialogueElliott.de-DE.xnb	3954	3959
Characters/Dialogue/Gil.it-IT.xnb	296	301
Characters/Dialogue/Vincent.ja-JP.xnb	1734	1739
Characters/Dialogue/Mister Qi.ja-JP.xnb	1492	1497
Characters/Dialogue/MarriageDialogueShane.ru-RU.xnb	4168	4173
Characters/Dialogue/Krobus.it-IT.xnb	2002	2007
Characters/Dialogue/Jas.ru-RU.xnb	2292	2297
Characters/Dialogue/Robin.it-IT.xnb	3900	3905
Characters/Dialogue/Pierre.es-ES.xnb	4002	4007
Characters/Dialogue/Willy.hu-HU.xnb	3576	3581
Characters/Dialogue/Marnie.pt-BR.xnb	2728	2733
Characters/Dialogue/Harvey.fr-FR.xnb	4626	4631
Characters/Dialogue/Kent.fr-FR.xnb	2378	2383
Characters/Dialogue/MarriageDialogueElliott.ko-KR.xnb	3966	3971
Characters/Dialogue/MarriageDialogueHarvey.ru-RU.xnb	3990	3995
Characters/Dialogue/MarriageDialogueSebastian.zh-CN.xnb	4400	4405
Characters/Dialogue/Gus.ja-JP.xnb	3140	3145
Characters/Dialogue/MarriageDialogueSam.zh-CN.xnb	3340	3345
Characters/Dialogue/Clint.tr-TR.xnb	3036	3041
Characters/Dialogue/Pierre.de-DE.xnb	4154	4159
Characters/Dialogue/Sebastian.pt-BR.xnb	6614	6619
Characters/Dialogue/MarriageDialogueMaru.fr-FR.xnb	3680	3685
Characters/Dialogue/Linus.it-IT.xnb	3554	3559
Characters/Dialogue/Pierre.ko-KR.xnb	4264	4269
Characters/Dialogue/Dwarf.pt-BR.xnb	1774	1779
Characters/Dialogue/MarriageDialogueAlex.zh-CN.xnb	2800	2805
Characters/Dialogue/Jodi.ru-RU.xnb	4382	4387
Characters/Dialogue/Haley.tr-TR.xnb	6678	6683
Characters/Dialogue/MarriageDialogueElliott.es-ES.xnb	3676	3681
Characters/Dialogue/MarriageDialogueMaru.de-DE.xnb	3656	3661
Characters/Dialogue/Krobus.xnb	1836	1841
Characters/Dialogue/Gus.it-IT.xnb	2742	2747
Characters/Dialogue/Emily.zh-CN.xnb	6492	6497
Characters/Dialogue/Evelyn.ru-RU.xnb	3846	3851
Characters/Dialogue/Leo.hu-HU.xnb	1000	1005
Characters/Dialogue/MarriageDialogueHaley.ru-RU.xnb	3062	3067
Characters/Dialogue/Sandy.tr-TR.xnb	1950	1955
Characters/Dialogue/Linus.ja-JP.xnb	3954	3959
Characters/Dialogue/Kent.xnb	2136	2141
Characters/Dialogue/Maru.pt-BR.xnb	5798	5803
Characters/Dialogue/MarriageDialogueShane.xnb	3524	3529
Characters/Dialogue/Kent.es-ES.xnb	2306	2311
Characters/Dialogue/MarriageDialogueMaru.ko-KR.xnb	3590	3595
Characters/Dialogue/Harvey.es-ES.xnb	4338	4343
Characters/Dialogue/Pierre.fr-FR.xnb	4162	4167
Characters/Dialogue/Robin.de-DE.xnb	4140	4145
Characters/Dialogue/MarriageDialogueLeah.zh-CN.xnb	3634	3639
Characters/Dialogue/Krobus.ko-KR.xnb	2158	2163
Characters/Dialogue/Pam.xnb	4164	4169
Characters/Dialogue/MarriageDialogueHarvey.tr-TR.xnb	3482	3487
Characters/Dialogue/Vincent.fr-FR.xnb	1676	1681
Characters/Dialogue/Mister Qi.fr-FR.xnb	1414	1419
Characters/Dialogue/Willy.pt-BR.xnb	3232	3237
Characters/Dialogue/Marnie.hu-HU.xnb	2952	2957
Characters/Dialogue/Gil.ko-KR.xnb	328	333
Characters/Dialogue/Clint.ru-RU.xnb	3698	3703
Characters/Dialogue/MarriageDialogueEmily.zh-CN.xnb	3460	3465
Characters/Dialogue/Gil.de-DE.xnb	302	307
Characters/Dialogue/MarriageDialogueElliott.it-IT.xnb	3764	3769
Characters/Dialogue/Sebastian.xnb	6238	6243
Characters/Dialogue/Harvey.ja-JP.xnb	5052	5057
Characters/Dialogue/Robin.ko-KR.xnb	4150	4155
Characters/Dialogue/Linus.es-ES.xnb	3426	3431
Characters/Dialogue/Haley.ru-RU.xnb	7590	7595
Characters/Dialogue/Jodi.tr-TR.xnb	3706	3711
Characters/Dialogue/Krobus.de-DE.xnb	2104	2109
Characters/Dialogue/Kent.ja-JP.xnb	2602	2607
Characters/Dialogue/Gil.fr-FR.xnb	308	313
Characters/Dialogue/Sam.hu-HU.xnb	6792	6797
Characters/Dialogue/Gus.es-ES.xnb	2716	2721
Characters/Dialogue/Krobus.fr-FR.xnb	2192	2197
Characters/Dialogue/Abigail.xnb	7768	7773
Characters/Dialogue/Vincent.ko-KR.xnb	1722	1727
Characters/Dialogue/Evelyn.tr-TR.xnb	3122	3127
Characters/Dialogue/Mister Qi.ko-KR.xnb	1512	1517
Characters/Dialogue/Gus.xnb	2594	2599
Characters/Dialogue/Robin.fr-FR.xnb	4118	4123
Characters/Dialogue/MarriageDialogueElliott.ja-JP.xnb	4236	4241
Characters/Dialogue/Sandy.ru-RU.xnb	2414	2419
Characters/Dialogue/Vincent.de-DE.xnb	1596	1601
Characters/Dialogue/Harvey.it-IT.xnb	4364	4369
Characters/Dialogue/Demetrius.hu-HU.xnb	4200	4205
Characters/Dialogue/MarriageDialogueHaley.tr-TR.xnb	2588	2593
Characters/Dialogue/Mister Qi.de-DE.xnb	1502	1507
Characters/Dialogue/Kent.it-IT.xnb	2262	2267
Characters/Dialogue/LeoMainland.zh-CN.xnb	2156	2161
Characters/Dialogue/George.hu-HU.xnb	2766	2771
Characters/Dialogue/Abigail.pt-BR.xnb	8098	8103
Characters/Dialogue/MarriageDialogueAlex.es-ES.xnb	2834	2839
Characters/Dialogue/rainy.xnb	1820	1825
Characters/Dialogue/Sandy.pt-BR.xnb	2006	2011
Characters/Dialogue/Penny.fr-FR.xnb	6554	6559
Characters/Dialogue/MarriageDialogueElliott.zh-CN.xnb	3644	3649
Characters/Dialogue/Maru.tr-TR.xnb	5912	5917
Characters/Dialogue/Abigail.ru-RU.xnb	9448	9453
Characters/Dialogue/Leah.hu-HU.xnb	6140	6145
Characters/Dialogue/Wizard.fr-FR.xnb	2178	2183
Characters/Dialogue/LeoMainland.ja-JP.xnb	2128	2133
Characters/Dialogue/MarriageDialogueSam.es-ES.xnb	3376	3381
Characters/Dialogue/MarriageDialogueLeah.it-IT.xnb	3710	3715
Characters/Dialogue/MarriageDialogueEmily.it-IT.xnb	3306	3311
Characters/Dialogue/Pam.hu-HU.xnb	4604	4609
Characters/Dialogue/MarriageDialogueSebastian.es-ES.xnb	4334	4339
Characters/Dialogue/Jas.hu-HU.xnb	2010	2015
Characters/Dialogue/Sebastian.tr-TR.xnb	6506	6511
Characters/Dialogue/Harvey.zh-CN.xnb	4414	4419
Characters/Dialogue/MarriageDialogueShane.hu-HU.xnb	3954	3959
Characters/Dialogue/Wizard.ko-KR.xnb	2162	2167
Characters/Dialogue/Dwarf.tr-TR.xnb	1830	1835
Characters/Dialogue/Penny.ko-KR.xnb	6570	6575
Characters/Dialogue/Kent.zh-CN.xnb	2450	2455
Characters/Dialogue/LeoMainland.it-IT.xnb	1930	1935
Characters/Dialogue/Haley.pt-BR.xnb	6524	6529
Characters/Dialogue/Penny.de-DE.xnb	6564	6569
Characters/Dialogue/MarriageDialogueLeah.ja-JP.xnb	4032	4037
Characters/Dialogue/Clint.pt-BR.xnb	3164	3169
Characters/Dialogue/MarriageDialogueEmily.ja-JP.xnb	3734	3739
Characters/Dialogue/Gil.xnb	296	301
Characters/Dialogue/Willy.ru-RU.xnb	3830	3835
Characters/Dialogue/Wizard.de-DE.xnb	2244	2249
Characters/Dialogue/Emily.es-ES.xnb	6224	6229
Characters/Dialogue/Maru.ru-RU.xnb	6732	6737
Characters/Dialogue/rainy.ko-KR.xnb	2128	2133
Characters/Dialogue/Linus.zh-CN.xnb	3740	3745
Characters/Dialogue/Lewis.fr-FR.xnb	5134	5139
Characters/Dialogue/MarriageDialoguePenny.ko-KR.xnb	3528	3533
Characters/Dialogue/MarriageDialogueAbigail.hu-HU.xnb	4394	4399
Characters/Dialogue/MarriageDialogueHaley.pt-BR.xnb	2584	2589
Characters/Dialogue/Caroline.fr-FR.xnb	3628	3633
Characters/Dialogue/Shane.hu-HU.xnb	4118	4123
Characters/Dialogue/Abigail.tr-TR.xnb	8122	8127
Characters/Dialogue/MarriageDialogueAlex.it-IT.xnb	2736	2741
Characters/Dialogue/MarriageDialogueSebastian.it-IT.xnb	4396	4401
Characters/Dialogue/MarriageDialogue.hu-HU.xnb	9848	9853
Characters/Dialogue/Emily.ja-JP.xnb	7034	7039
Characters/Dialogue/MarriageDialogueKrobus.hu-HU.xnb	4032	4037
Characters/Dialogue/Alex.hu-HU.xnb	7298	7303
Characters/Dialogue/MarriageDialogueEmily.es-ES.xnb	3228	3233
Characters/Dialogue/Marnie.xnb	2634	2639
Characters/Dialogue/Elliott.fr-FR.xnb	5490	5495
Characters/Dialogue/MarriageDialogueLeah.es-ES.xnb	3614	3619
Characters/Dialogue/MarriageDialoguePenny.de-DE.xnb	3412	3417
Characters/Dialogue/rainy.de-DE.xnb	2062	2067
Characters/Dialogue/Evelyn.pt-BR.xnb	3242	3247
Characters/Dialogue/MarriageDialogueSam.it-IT.xnb	3348	3353
Characters/Dialogue/LeoMainland.es-ES.xnb	1990	1995
Characters/Dialogue/Sebastian.ru-RU.xnb	7554	7559
Characters/Dialogue/Elliott.de-DE.xnb	5558	5563
Characters/Dialogue/Jodi.pt-BR.xnb	3850	3855
Characters/Dialogue/MarriageDialoguePenny.fr-FR.xnb	3480	3485
Characters/Dialogue/rainy.fr-FR.xnb	2068	2073
Characters/Dialogue/Lewis.ko-KR.xnb	5248	5253
Characters/Dialogue/MarriageDialogueAlex.ja-JP.xnb	3120	3125
Characters/Dialogue/MarriageDialogueHaley.xnb	2478	2483
Characters/Dialogue/Caroline.ko-KR.xnb	3630	3635
Characters/Dialogue/Dwarf.ru-RU.xnb	2148	2153
Characters/Dialogue/Evelyn.xnb	3016	3021
Characters/Dialogue/Gus.zh-CN.xnb	2798	2803
Characters/Dialogue/Emily.it-IT.xnb	6230	6235
Characters/Dialogue/MarriageDialogueHarvey.pt-BR.xnb	3430	3435
Characters/Dialogue/Lewis.de-DE.xnb	5060	5065
Characters/Dialogue/MarriageDialogueSebastian.ja-JP.xnb	4946	4951
Characters/Dialogue/Caroline.de-DE.xnb	3604	3609
Characters/Dialogue/Willy.tr-TR.xnb	3336	3341
Characters/Dialogue/MarriageDialogueEmily.xnb	3106	3111
Characters/Dialogue/MarriageDialogueSam.ja-JP.xnb	3854	3859
Characters/Dialogue/Elliott.ko-KR.xnb	5744	5749
Characters/Dialogue/Penny.it-IT.xnb	6218	6223
Characters/Dialogue/Marnie.ru-RU.xnb	3210	3215
Characters/Dialogue/LeoMainland.ko-KR.xnb	2016	2021
Characters/Dialogue/Clint.hu-HU.xnb	3454	3459
Characters/Dialogue/MarriageDialogueAlex.xnb	2606	2611
Characters/Dialogue/Caroline.es-ES.xnb	3364	3369
Characters/Dialogue/Wizard.it-IT.xnb	2002	2007
Characters/Dialogue/Shane.xnb	3682	3687
Characters/Dialogue/Dwarf.xnb	1686	1691
Characters/Dialogue/Lewis.es-ES.xnb	4732	4737
Characters/Dialogue/Mister Qi.zh-CN.xnb	1482	1487
Characters/Dialogue/Haley.hu-HU.xnb	6948	6953
Characters/Dialogue/Vincent.zh-CN.xnb	1660	1665
Characters/Dialogue/Caroline.xnb	3162	3167
Characters/Dialogue/MarriageDialogueLeah.fr-FR.xnb	3898	3903
Characters/Dialogue/Elliott.es-ES.xnb	5176	5181
Characters/Dialogue/MarriageDialogueEmily.fr-FR.xnb	3434	3439
Characters/Dialogue/Jas.pt-BR.xnb	1934	1939
Characters/Dialogue/LeoMainland.de-DE.xnb	2104	2109
Characters/Dialogue/MarriageDialogueShane.pt-BR.xnb	3580	3585
Characters/Dialogue/Penny.ja-JP.xnb	6766	6771
Characters/Dialogue/Pam.pt-BR.xnb	4330	4335
Characters/Dialogue/Leo.tr-TR.xnb	986	991
Characters/Dialogue/Sam.ru-RU.xnb	7126	7131
Characters/Dialogue/MarriageDialogueLeah.de-DE.xnb	3872	3877
Characters/Dialogue/Robin.zh-CN.xnb	4014	4019
Characters/Dialogue/rainy.es-ES.xnb	1954	1959
Characters/Dialogue/MarriageDialoguePenny.es-ES.xnb	3226	3231
Characters/Dialogue/Robin.xnb	3704	3709
Characters/Dialogue/MarriageDialogueEmily.de-DE.xnb	3564	3569
Characters/Dialogue/Wizard.ja-JP.xnb	2336	2341
Characters/Dialogue/LeoMainland.fr-FR.xnb	2136	2141
Characters/Dialogue/Leah.pt-BR.xnb	5704	5709
Characters/Dialogue/George.ru-RU.xnb	3142	3147
Characters/Dialogue/MarriageDialogueEmily.ko-KR.xnb	3540	3545
Characters/Dialogue/Gil.zh-CN.xnb	356	361
Characters/Dialogue/MarriageDialogueLeah.ko-KR.xnb	3810	3815
Characters/Dialogue/Krobus.zh-CN.xnb	2120	2125
Characters/Dialogue/Demetrius.ru-RU.xnb	4656	4661
Characters/Dialogue/Sandy.hu-HU.xnb	2192	2197
Characters/Dialogue/Alex.xnb	6636	6641
Characters/Dialogue/Lewis.it-IT.xnb	4754	4759
Characters/Dialogue/Emily.de-DE.xnb	6650	6655
Characters/Dialogue/Wizard.es-ES.xnb	2054	2059
Characters/Dialogue/Marnie.tr-TR.xnb	2730	2735
Characters/Dialogue/Caroline.it-IT.xnb	3444	3449
Characters/Dialogue/MarriageDialogueMaru.zh-CN.xnb	3536	3541
Characters/Dialogue/Lewis.xnb	4526	4531
Characters/Dialogue/rainy.ja-JP.xnb	2292	2297
Characters/Dialogue/MarriageDialoguePenny.ja-JP.xnb	3726	3731
Characters/Dialogue/MarriageDialogueAlex.fr-FR.xnb	2840	2845
Characters/Dialogue/Penny.es-ES.xnb	6266	6271
Characters/Dialogue/MarriageDialogueHarvey.hu-HU.xnb	3800	3805
Characters/Dialogue/MarriageDialogueSebastian.fr-FR.xnb	4606	4611
Characters/Dialogue/Elliott.it-IT.xnb	5290	5295
Characters/Dialogue/Jodi.hu-HU.xnb	3904	3909
Characters/Dialogue/Emily.ko-KR.xnb	6690	6695
Characters/Dialogue/MarriageDialogueSam.fr-FR.xnb	3530	3535
Characters/Dialogue/Evelyn.hu-HU.xnb	3358	3363
Characters/Dialogue/MarriageDialogueSebastian.de-DE.xnb	4708	4713
Characters/Dialogue/Lewis.ja-JP.xnb	5390	5395
Characters/Dialogue/Sam.tr-TR.xnb	6364	6369
Characters/Dialogue/Leo.ru-RU.xnb	1136	1141
Characters/Dialogue/MarriageDialogueAlex.ko-KR.xnb	3046	3051
Characters/Dialogue/Caroline.ja-JP.xnb	3832	3837
Characters/Dialogue/rainy.it-IT.xnb	1978	1983
Characters/Dialogue/Pierre.zh-CN.xnb	4152	4157
Characters/Dialogue/Alex.pt-BR.xnb	6854	6859
Characters/Dialogue/MarriageDialoguePenny.it-IT.xnb	3178	3183
Characters/Dialogue/MarriageDialogue.pt-BR.xnb	9100	9105
Characters/Dialogue/Sam.xnb	6040	6045
Characters/Dialogue/MarriageDialogueKrobus.pt-BR.xnb	3690	3695
Characters/Dialogue/MarriageDialogueSam.de-DE.xnb	3578	3583
Characters/Dialogue/Emily.fr-FR.xnb	6548	6553
Characters/Dialogue/Elliott.ja-JP.xnb	6020	6025
Characters/Dialogue/MarriageDialogueSam.ko-KR.xnb	3624	3629
Characters/Dialogue/Shane.pt-BR.xnb	3880	3885
Characters/Dialogue/George.tr-TR.xnb	2628	2633
Characters/Dialogue/Demetrius.tr-TR.xnb	3994	3999
Characters/Dialogue/MarriageDialogueAbigail.pt-BR.xnb	3984	3989
Characters/Dialogue/Mister Qi.xnb	1266	1271
Characters/Dialogue/MarriageDialogueSebastian.ko-KR.xnb	4526	4531
Characters/Dialogue/MarriageDialogueHaley.hu-HU.xnb	2836	2841
Characters/Dialogue/MarriageDialogueAlex.de-DE.xnb	2940	2945
Data/Festivals/winter8.hu-HU.xnb	7300	7305
Data/Festivals/spring13.xnb	5394	5399
Data/Festivals/fall27.de-DE.xnb	5560	5565
Data/Festivals/fall16.xnb	6200	6205
Data/Festivals/spring13.hu-HU.xnb	5718	5723
Data/Festivals/fall27.ko-KR.xnb	5604	5609
Data/Festivals/fall27.fr-FR.xnb	5568	5573
Data/Festivals/spring24.es-ES.xnb	4766	4771
Data/Festivals/winter8.xnb	6622	6627
Data/Festivals/FestivalDates.de-DE.xnb	364	369
Data/Festivals/summer28.fr-FR.xnb	6120	6125
Data/Festivals/FestivalDates.ko-KR.xnb	428	433
Data/Festivals/spring24.ja-JP.xnb	5220	5225
Data/Festivals/summer11.zh-CN.xnb	7834	7839
Data/Festivals/winter25.pt-BR.xnb	5452	5457
Data/Festivals/summer28.ko-KR.xnb	6066	6071
Data/Festivals/fall16.hu-HU.xnb	6654	6659
Data/Festivals/spring24.it-IT.xnb	4694	4699
Data/Festivals/summer28.xnb	5338	5343
Data/Festivals/FestivalDates.fr-FR.xnb	406	411
Data/Festivals/summer28.de-DE.xnb	5942	5947
Data/Festivals/summer28.es-ES.xnb	5678	5683
Data/Festivals/fall27.ja-JP.xnb	5826	5831
Data/Festivals/spring13.pt-BR.xnb	5788	5793
Data/Festivals/fall27.it-IT.xnb	5332	5337
Data/Festivals/FestivalDates.es-ES.xnb	386	391
Data/Festivals/summer11.xnb	7150	7155
Data/Festivals/winter8.pt-BR.xnb	7054	7059
Data/Festivals/fall16.pt-BR.xnb	6366	6371
Data/Festivals/spring24.de-DE.xnb	4916	4921
Data/Festivals/summer28.it-IT.xnb	5662	5667
Data/Festivals/spring24.ko-KR.xnb	5040	5045
Data/Festivals/winter25.hu-HU.xnb	5774	5779
Data/Festivals/FestivalDates.ja-JP.xnb	430	435
Data/Festivals/summer28.ja-JP.xnb	6302	6307
Data/Festivals/FestivalDates.it-IT.xnb	394	399
Data/Festivals/spring24.fr-FR.xnb	5126	5131
Data/Festivals/fall27.es-ES.xnb	5378	5383
Data/Festivals/summer11.de-DE.xnb	7910	7915
Data/Festivals/winter8.tr-TR.xnb	6822	6827
Data/Festivals/summer28.zh-CN.xnb	5884	5889
Data/Festivals/spring13.tr-TR.xnb	5662	5667
Data/Festivals/summer11.ko-KR.xnb	8102	8107
Data/Festivals/FestivalDates.zh-CN.xnb	392	397
Data/Festivals/summer11.fr-FR.xnb	7972	7977
Data/Festivals/fall16.ru-RU.xnb	7278	7283
Data/Festivals/winter8.ru-RU.xnb	7950	7955
Data/Festivals/spring13.ru-RU.xnb	6618	6623
Data/Festivals/fall27.zh-CN.xnb	5426	5431
Data/Festivals/fall16.tr-TR.xnb	6190	6195
Data/Festivals/winter25.ru-RU.xnb	6346	6351
Data/Festivals/summer11.ja-JP.xnb	8128	8133
Data/Festivals/spring24.zh-CN.xnb	4958	4963
Data/Festivals/summer11.it-IT.xnb	7528	7533
Data/Festivals/winter25.tr-TR.xnb	5440	5445
Data/Festivals/summer11.es-ES.xnb	7724	7729
Data/Festivals/FestivalDates.xnb	374	379
Data/Festivals/winter25.de-DE.xnb	5768	5773
Data/Festivals/fall16.it-IT.xnb	6478	6483
Data/Festivals/summer28.pt-BR.xnb	5550	5555
Data/Festivals/winter25.ko-KR.xnb	5878	5883
Data/Festivals/spring24.hu-HU.xnb	4904	4909
Data/Festivals/FestivalDates.pt-BR.xnb	390	395
Data/Festivals/winter8.es-ES.xnb	7214	7219
Data/Festivals/fall16.ja-JP.xnb	7064	7069
Data/Festivals/spring13.es-ES.xnb	5824	5829
Data/Festivals/winter25.fr-FR.xnb	5876	5881
Data/Festivals/winter8.ja-JP.xnb	7578	7583
Data/Festivals/winter25.xnb	5174	5179
Data/Festivals/spring13.ja-JP.xnb	6336	6341
Data/Festivals/fall16.es-ES.xnb	6596	6601
Data/Festivals/winter8.it-IT.xnb	7048	7053
Data/Festivals/fall27.pt-BR.xnb	5210	5215
Data/Festivals/spring13.it-IT.xnb	5762	5767
Data/Festivals/fall16.fr-FR.xnb	6800	6805
Data/Festivals/summer11.ru-RU.xnb	8472	8477
Data/Festivals/FestivalDates.hu-HU.xnb	398	403
Data/Festivals/winter25.ja-JP.xnb	6190	6195
Data/Festivals/spring24.pt-BR.xnb	4628	4633
Data/Festivals/fall16.de-DE.xnb	6832	6837
Data/Festivals/summer28.hu-HU.xnb	5872	5877
Data/Festivals/fall16.ko-KR.xnb	6720	6725
Data/Festivals/winter25.it-IT.xnb	5534	5539
Data/Festivals/spring13.de-DE.xnb	5950	5955
Data/Festivals/winter8.ko-KR.xnb	7652	7657
Data/Festivals/winter8.de-DE.xnb	7336	7341
Data/Festivals/fall27.hu-HU.xnb	5526	5531
Data/Festivals/spring13.ko-KR.xnb	6436	6441
Data/Festivals/summer11.tr-TR.xnb	7468	7473
Data/Festivals/winter8.fr-FR.xnb	7696	7701
Data/Festivals/spring13.fr-FR.xnb	6066	6071
Data/Festivals/winter25.es-ES.xnb	5550	5555
Data/Festivals/spring24.tr-TR.xnb	4520	4525
Data/Festivals/spring24.ru-RU.xnb	5328	5333
Data/Festivals/winter25.zh-CN.xnb	5616	5621
Data/Festivals/summer11.pt-BR.xnb	7456	7461
Data/Festivals/spring24.xnb	4446	4451
Data/Festivals/FestivalDates.tr-TR.xnb	394	399
Data/Festivals/fall27.ru-RU.xnb	5866	5871
Data/Festivals/summer28.tr-TR.xnb	5478	5483
Data/Festivals/spring13.zh-CN.xnb	5946	5951
Data/Festivals/winter8.zh-CN.xnb	7108	7113
Data/Festivals/fall16.zh-CN.xnb	6450	6455
Data/Festivals/summer11.hu-HU.xnb	7862	7867
Data/Festivals/FestivalDates.ru-RU.xnb	474	479
Data/Festivals/fall27.tr-TR.xnb	5102	5107
Data/Festivals/summer28.ru-RU.xnb	6254	6259
Data/Festivals/fall27.xnb	5040	5045
Data/Events/IslandHut.es-ES.xnb	1466	1471
Data/Events/FishShop.it-IT.xnb	1506	1511
Data/Events/ElliottHouse.de-DE.xnb	2196	2201
Data/Events/IslandWest.ru-RU.xnb	1866	1871
Data/Events/Trailer_Big.hu-HU.xnb	1420	1425
Data/Events/Woods.ja-JP.xnb	1954	1959
Data/Events/Town.fr-FR.xnb	21022	21032
Data/Events/ManorHouse.xnb	2622	2627
Data/Events/Hospital.it-IT.xnb	2986	2991
Data/Events/AnimalShop.fr-FR.xnb	3314	3319
Data/Events/JoshHouse.it-IT.xnb	3946	3951
Data/Events/ScienceHouse.zh-CN.xnb	5990	5995
Data/Events/BathHouse_Pool.ru-RU.xnb	1152	1157
Data/Events/Beach.fr-FR.xnb	7110	7115
Data/Events/ElliottHouse.ko-KR.xnb	2212	2217
Data/Events/Town.de-DE.xnb	21206	21216
Data/Events/Mine.es-ES.xnb	1736	1741
Data/Events/FishShop.ja-JP.xnb	1536	1541
Data/Events/AnimalShop.de-DE.xnb	3234	3239
Data/Events/BusStop.zh-CN.xnb	3674	3679
Data/Events/Forest.xnb	8652	8657
Data/Events/IslandSouth.pt-BR.xnb	2342	2347
Data/Events/Beach.de-DE.xnb	7186	7191
Data/Events/AnimalShop.ko-KR.xnb	3382	3387
Data/Events/Woods.it-IT.xnb	1768	1773
Data/Events/Hospital.ja-JP.xnb	3308	3313
Data/Events/SeedShop.tr-TR.xnb	4944	4949
Data/Events/ElliottHouse.fr-FR.xnb	2198	2203
Data/Events/Beach.ko-KR.xnb	7248	7253
Data/Events/Saloon.ru-RU.xnb	7986	7991
Data/Events/LeahHouse.es-ES.xnb	3226	3231
Data/Events/JoshHouse.ja-JP.xnb	4286	4291
Data/Events/Town.ko-KR.xnb	21252	21262
Data/Events/Trailer.pt-BR.xnb	2212	2217
Data/Events/QiNutRoom.zh-CN.xnb	1162	1167
Data/Events/Sewer.zh-CN.xnb	1604	1609
Data/Events/Mine.ja-JP.xnb	2030	2035
Data/Events/SamHouse.xnb	3076	3081
Data/Events/FishShop.es-ES.xnb	1450	1455
Data/Events/IslandWest.tr-TR.xnb	1624	1629
Data/Events/Railroad.fr-FR.xnb	2798	2803
Data/Events/HarveyRoom.de-DE.xnb	818	823
Data/Events/IslandHut.it-IT.xnb	1406	1411
Data/Events/SandyHouse.xnb	532	537
Data/Events/HarveyRoom.ko-KR.xnb	870	875
Data/Events/JoshHouse.es-ES.xnb	3944	3949
Data/Events/Hospital.es-ES.xnb	2980	2985
Data/Events/LeahHouse.ja-JP.xnb	3510	3515
Data/Events/BathHouse_Pool.tr-TR.xnb	1048	1053
Data/Events/ManorHouse.hu-HU.xnb	2882	2887
Data/Events/Railroad.ko-KR.xnb	2984	2989
Data/Events/Sunroom.pt-BR.xnb	1262	1267
Data/Events/FarmHouse.hu-HU.xnb	8752	8757
Data/Events/CommunityCenter.zh-CN.xnb	1402	1407
Data/Events/Mine.it-IT.xnb	1764	1769
Data/Events/IslandHut.ja-JP.xnb	1574	1579
Data/Events/Saloon.tr-TR.xnb	7254	7259
Data/Events/SeedShop.ru-RU.xnb	5542	5547
Data/Events/LeahHouse.it-IT.xnb	3142	3147
Data/Events/AnimalShop.xnb	3034	3039
Data/Events/Tent.pt-BR.xnb	222	222
Data/Events/Railroad.de-DE.xnb	2784	2789
Data/Events/Woods.es-ES.xnb	1770	1775
Data/Events/HarveyRoom.fr-FR.xnb	792	797
Data/Events/BoatTunnel.pt-BR.xnb	976	981
Data/Events/Trailer.xnb	2210	2215
Data/Events/Woods.de-DE.xnb	1806	1811
Data/Events/SebastianRoom.ru-RU.xnb	5972	5977
Data/Events/Railroad.es-ES.xnb	2720	2725
Data/Events/FishShop.fr-FR.xnb	1584	1589
Data/Events/Forest.tr-TR.xnb	9052	9057
Data/Events/SandyHouse.ru-RU.xnb	672	677
Data/Events/DesertFestival.tr-TR.xnb	286	291
Data/Events/Mountain.ru-RU.xnb	8362	8367
Data/Events/IslandSouth.hu-HU.xnb	2384	2389
Data/Events/Backwoods.ru-RU.xnb	1934	1939
Data/Events/Farm.zh-CN.xnb	8860	8865
Data/Events/Hospital.fr-FR.xnb	3052	3057
Data/Events/ArchaeologyHouse.xnb	2774	2779
Data/Events/Town.it-IT.xnb	20380	20390
Data/Events/ElliottHouse.ja-JP.xnb	2330	2335
Data/Events/Woods.ko-KR.xnb	1912	1917
Data/Events/JoshHouse.fr-FR.xnb	4044	4049
Data/Events/AnimalShop.it-IT.xnb	3098	3103
Data/Events/Beach.it-IT.xnb	6982	6987
Data/Events/HaleyHouse.tr-TR.xnb	5334	5339
Data/Events/Hospital.de-DE.xnb	3048	3053
Data/Events/IslandNorth.tr-TR.xnb	1372	1377
Data/Events/Mine.xnb	1716	1721
Data/Events/JoshHouse.de-DE.xnb	4040	4045
Data/Events/FishShop.ko-KR.xnb	1576	1581
Data/Events/HarveyRoom.es-ES.xnb	746	751
Data/Events/Temp.ru-RU.xnb	2182	2187
Data/Events/Woods.fr-FR.xnb	1826	1831
Data/Events/Trailer_Big.pt-BR.xnb	1348	1353
Data/Events/JoshHouse.ko-KR.xnb	4148	4153
Data/Events/Town.ja-JP.xnb	22434	22444
Data/Events/ElliottHouse.it-IT.xnb	2102	2107
Data/Events/FishShop.de-DE.xnb	1548	1553
Data/Events/ArchaeologyHouse.zh-CN.xnb	2916	2921
Data/Events/AnimalShop.ja-JP.xnb	3416	3421
Data/Events/SamHouse.ru-RU.xnb	3524	3529
Data/Events/Hospital.ko-KR.xnb	3220	3225
Data/Events/Beach.ja-JP.xnb	7594	7599
Data/Events/Mine.ko-KR.xnb	1904	1909
Data/Events/BoatTunnel.hu-HU.xnb	1046	1051
Data/Events/SebastianRoom.tr-TR.xnb	5392	5397
Data/Events/Tent.hu-HU.xnb	222	222
Data/Events/Railroad.it-IT.xnb	2694	2699
Data/Events/Mountain.tr-TR.xnb	7660	7665
Data/Events/LeahHouse.de-DE.xnb	3346	3351
Data/Events/SandyHouse.tr-TR.xnb	574	579
Data/Events/DesertFestival.ru-RU.xnb	286	291
Data/Events/Forest.ru-RU.xnb	10070	10075
Data/Events/QiNutRoom.xnb	1058	1063
Data/Events/IslandHut.fr-FR.xnb	1496	1501
Data/Events/Beach.es-ES.xnb	6866	6871
Data/Events/LeahHouse.ko-KR.xnb	3360	3365
Data/Events/Backwoods.tr-TR.xnb	1630	1635
Data/Events/AnimalShop.es-ES.xnb	3128	3133
Data/Events/Mine.de-DE.xnb	1824	1829
Data/Events/Town.es-ES.xnb	20486	20496
Data/Events/HaleyHouse.ru-RU.xnb	6090	6095
Data/Events/Sunroom.hu-HU.xnb	1398	1403
Data/Events/FarmHouse.pt-BR.xnb	8172	8177
Data/Events/ManorHouse.pt-BR.xnb	2682	2687
Data/Events/HarveyRoom.ja-JP.xnb	914	919
Data/Events/IslandNorth.ru-RU.xnb	1636	1641
Data/Events/WizardHouse.zh-CN.xnb	2382	2387
Data/Events/IslandHut.ko-KR.xnb	1560	1565
Data/Events/Mine.fr-FR.xnb	1932	1937
Data/Events/Railroad.ja-JP.xnb	2948	2953
Data/Events/AbandonedJojaMart.zh-CN.xnb	738	743
Data/Events/Temp.tr-TR.xnb	1968	1973
Data/Events/LeahHouse.fr-FR.xnb	3324	3329
Data/Events/ElliottHouse.es-ES.xnb	2100	2105
Data/Events/Trailer.hu-HU.xnb	2314	2319
Data/Events/SamHouse.tr-TR.xnb	3188	3193
Data/Events/HarveyRoom.it-IT.xnb	762	767
Data/Events/IslandHut.de-DE.xnb	1452	1457
Data/Events/Trailer_Big.tr-TR.xnb	1386	1391
Data/Events/Hospital.xnb	2878	2883
Data/Events/CommunityCenter.de-DE.xnb	1342	1347
Data/Events/Farm.es-ES.xnb	8576	8581
Data/Events/WizardHouse.ja-JP.xnb	2602	2607
Data/Events/Sewer.fr-FR.xnb	1560	1565
Data/Events/IslandNorth.pt-BR.xnb	1384	1389
Data/Events/QiNutRoom.fr-FR.xnb	1170	1175
Data/Events/CommunityCenter.ko-KR.xnb	1380	1385
Data/Events/AbandonedJojaMart.ja-JP.xnb	752	757
Data/Events/Railroad.zh-CN.xnb	2932	2937
Data/Events/Woods.xnb	1732	1737
Data/Events/ArchaeologyHouse.es-ES.xnb	2854	2859
Data/Events/Sewer.de-DE.xnb	1546	1551
Data/Events/QiNutRoom.de-DE.xnb	1146	1151
Data/Events/ManorHouse.ru-RU.xnb	3068	3073
Data/Events/HarveyRoom.zh-CN.xnb	820	825
Data/Events/HaleyHouse.pt-BR.xnb	5352	5357
Data/Events/FarmHouse.ru-RU.xnb	9452	9457
Data/Events/BusStop.xnb	3428	3433
Data/Events/WizardHouse.it-IT.xnb	2210	2215
Data/Events/IslandFarmHouse.xnb	222	222
Data/Events/SeedShop.hu-HU.xnb	5150	5155
Data/Events/AbandonedJojaMart.it-IT.xnb	686	691
Data/Events/Sewer.ko-KR.xnb	1646	1651
Data/Events/DesertFestival.pt-BR.xnb	286	291
Data/Events/QiNutRoom.ko-KR.xnb	1154	1159
Data/Events/Forest.pt-BR.xnb	8776	8781
Data/Events/CommunityCenter.fr-FR.xnb	1334	1339
Data/Events/Farm.it-IT.xnb	8610	8615
Data/Events/Town.zh-CN.xnb	20632	20642
Data/Events/Trailer_Big.ru-RU.xnb	1602	1607
Data/Events/IslandWest.hu-HU.xnb	1614	1619
Data/Events/Temp.pt-BR.xnb	1900	1905
Data/Events/Beach.zh-CN.xnb	7164	7169
Data/Events/SamHouse.pt-BR.xnb	3100	3105
Data/Events/BusStop.de-DE.xnb	3630	3635
Data/Events/ArchaeologyHouse.ja-JP.xnb	3216	3221
Data/Events/ScienceHouse.fr-FR.xnb	6034	6039
Data/Events/AnimalShop.zh-CN.xnb	3360	3365
Data/Events/BathHouse_Pool.hu-HU.xnb	1056	1061
Data/Events/BusStop.ko-KR.xnb	3784	3789
Data/Events/Trailer_Big.xnb	1340	1345
Data/Events/ElliottHouse.zh-CN.xnb	2074	2079
Data/Events/Backwoods.pt-BR.xnb	1694	1699
Data/Events/Farm.ja-JP.xnb	9504	9509
Data/Events/Town.xnb	19720	19730
Data/Events/Farm.xnb	8118	8123
Data/Events/ScienceHouse.ko-KR.xnb	6220	6225
Data/Events/FarmHouse.tr-TR.xnb	8580	8585
Data/Events/ArchaeologyHouse.it-IT.xnb	2904	2909
Data/Events/ManorHouse.tr-TR.xnb	2790	2795
Data/Events/SebastianRoom.pt-BR.xnb	5312	5317
Data/Events/AbandonedJojaMart.es-ES.xnb	688	693
Data/Events/Mountain.pt-BR.xnb	7588	7593
Data/Events/SandyHouse.pt-BR.xnb	554	559
Data/Events/WizardHouse.es-ES.xnb	2246	2251
Data/Events/BusStop.fr-FR.xnb	3752	3757
Data/Events/Saloon.hu-HU.xnb	7396	7401
Data/Events/ScienceHouse.de-DE.xnb	6144	6149
Data/Events/DesertFestival.hu-HU.xnb	286	291
Data/Events/Forest.hu-HU.xnb	9354	9359
Data/Events/WizardHouse.de-DE.xnb	2326	2331
Data/Events/Tent.xnb	222	222
Data/Events/ScienceHouse.es-ES.xnb	5894	5899
Data/Events/SeedShop.pt-BR.xnb	4868	4873
Data/Events/Beach.xnb	6686	6691
Data/Events/BoatTunnel.ru-RU.xnb	1192	1197
Data/Events/AbandonedJojaMart.de-DE.xnb	686	691
Data/Events/Tent.ru-RU.xnb	222	222
Data/Events/Saloon.xnb	6914	6919
Data/Events/Sunroom.ru-RU.xnb	1534	1539
Data/Events/HaleyHouse.hu-HU.xnb	5638	5643
Data/Events/Sewer.it-IT.xnb	1540	1545
Data/Events/WizardHouse.xnb	2164	2169
Data/Events/AbandonedJojaMart.ko-KR.xnb	718	723
Data/Events/QiNutRoom.it-IT.xnb	1108	1113
Data/Events/WizardHouse.ko-KR.xnb	2416	2421
Data/Events/IslandHut.zh-CN.xnb	1542	1547
Data/Events/IslandSouth.tr-TR.xnb	2324	2329
Data/Events/CommunityCenter.ja-JP.xnb	1456	1461
Data/Events/IslandNorth.hu-HU.xnb	1434	1439
Data/Events/LeahHouse.zh-CN.xnb	3300	3305
Data/Events/BusStop.es-ES.xnb	3532	3537
Data/Events/WizardHouse.fr-FR.xnb	2338	2343
Data/Events/Sewer.ja-JP.xnb	1640	1645
Data/Events/QiNutRoom.ja-JP.xnb	1224	1229
Data/Events/Trailer.ru-RU.xnb	2606	2611
Data/Events/AbandonedJojaMart.fr-FR.xnb	698	703
Data/Events/CommunityCenter.it-IT.xnb	1298	1303
Data/Events/Mine.zh-CN.xnb	1938	1943
Data/Events/Saloon.pt-BR.xnb	7046	7051
Data/Events/Hospital.zh-CN.xnb	3068	3073
Data/Events/Farm.fr-FR.xnb	8930	8935
Data/Events/Mountain.hu-HU.xnb	7938	7943
Data/Events/ArchaeologyHouse.ko-KR.xnb	3180	3185
Data/Events/SandyHouse.hu-HU.xnb	584	589
Data/Events/ElliottHouse.xnb	1996	2001
Data/Events/ScienceHouse.xnb	5688	5693
Data/Events/Tent.tr-TR.xnb	222	222
Data/Events/ScienceHouse.it-IT.xnb	5830	5835
Data/Events/JoshHouse.zh-CN.xnb	3992	3997
Data/Events/SebastianRoom.hu-HU.xnb	5712	5717
Data/Events/BoatTunnel.tr-TR.xnb	1014	1019
Data/Events/FishShop.zh-CN.xnb	1592	1597
Data/Events/SebastianRoom.xnb	5146	5151
Data/Events/Sunroom.tr-TR.xnb	1362	1367
Data/Events/IslandSouth.ru-RU.xnb	2610	2615
Data/Events/QiNutRoom.es-ES.xnb	1086	1091
Data/Events/BusStop.ja-JP.xnb	3806	3811
Data/Events/Backwoods.hu-HU.xnb	1760	1765
Data/Events/Sewer.es-ES.xnb	1542	1547
Data/Events/ArchaeologyHouse.de-DE.xnb	2962	2967
Data/Events/Woods.zh-CN.xnb	1888	1893
Data/Events/Farm.ko-KR.xnb	8958	8963
Data/Events/BathHouse_Pool.pt-BR.xnb	1052	1057
Data/Events/ArchaeologyHouse.fr-FR.xnb	2992	2997
Data/Events/ScienceHouse.ja-JP.xnb	6582	6587
Data/Events/Trailer.tr-TR.xnb	2274	2279
Data/Events/SamHouse.hu-HU.xnb	3294	3299
Data/Events/Farm.de-DE.xnb	9006	9011
Data/Events/CommunityCenter.es-ES.xnb	1302	1307
Data/Events/FishShop.xnb	1432	1437
Data/Events/Temp.hu-HU.xnb	1954	1959
Data/Events/IslandWest.pt-BR.xnb	1592	1597
Data/Events/BusStop.it-IT.xnb	3536	3541
Data/Events/FarmHouse.it-IT.xnb	8500	8505
Data/Events/ManorHouse.it-IT.xnb	2726	2731
Data/Events/ArchaeologyHouse.tr-TR.xnb	2796	2801
Data/Events/Tent.ko-KR.xnb	222	222
Data/Events/Sunroom.de-DE.xnb	1352	1357
Data/Events/BoatTunnel.ko-KR.xnb	1036	1041
Data/Events/Mine.hu-HU.xnb	1820	1825
Data/Events/Railroad.pt-BR.xnb	2704	2709
Data/Events/Tent.de-DE.xnb	222	222
Data/Events/Sunroom.ko-KR.xnb	1452	1457
Data/Events/BoatTunnel.de-DE.xnb	1042	1047
Data/Events/AbandonedJojaMart.ru-RU.xnb	742	747
Data/Events/IslandNorth.zh-CN.xnb	1456	1461
Data/Events/Trailer.fr-FR.xnb	2322	2327
Data/Events/WizardHouse.ru-RU.xnb	2560	2565
Data/Events/LeahHouse.hu-HU.xnb	3344	3349
Data/Events/Tent.fr-FR.xnb	222	222
Data/Events/HaleyHouse.zh-CN.xnb	5628	5633
Data/Events/FarmHouse.ja-JP.xnb	9016	9021
Data/Events/Trailer_Big.es-ES.xnb	1320	1325
Data/Events/BoatTunnel.fr-FR.xnb	1068	1073
Data/Events/ManorHouse.ja-JP.xnb	3032	3037
Data/Events/JoshHouse.xnb	3758	3763
Data/Events/HarveyRoom.pt-BR.xnb	748	753
Data/Events/IslandHut.hu-HU.xnb	1462	1467
Data/Events/Farm.tr-TR.xnb	8460	8465
Data/Events/IslandWest.xnb	1496	1501
Data/Events/Trailer.de-DE.xnb	2328	2333
Data/Events/Forest.zh-CN.xnb	9198	9203
Data/Events/DesertFestival.zh-CN.xnb	286	291
Data/Events/Trailer.ko-KR.xnb	2462	2467
Data/Events/Sunroom.fr-FR.xnb	1406	1411
Data/Events/SamHouse.zh-CN.xnb	3344	3349
Data/Events/ArchaeologyHouse.ru-RU.xnb	3366	3371
Data/Events/AnimalShop.pt-BR.xnb	3136	3141
Data/Events/Beach.pt-BR.xnb	6860	6865
Data/Events/IslandSouth.de-DE.xnb	2400	2405
Data/Events/Trailer_Big.ja-JP.xnb	1510	1515
Data/Events/ManorHouse.es-ES.xnb	2758	2763
Data/Events/Temp.zh-CN.xnb	2012	2017
Data/Events/FarmHouse.es-ES.xnb	8346	8351
Data/Events/Town.pt-BR.xnb	19954	19964
Data/Events/AbandonedJojaMart.tr-TR.xnb	694	699
Data/Events/Railroad.xnb	2608	2613
Data/Events/Woods.hu-HU.xnb	1816	1821
Data/Events/WizardHouse.tr-TR.xnb	2258	2263
Data/Events/IslandSouth.ko-KR.xnb	2490	2495
Data/Events/FishShop.hu-HU.xnb	1580	1585
Data/Events/SeedShop.xnb	4804	4809
Data/Events/Trailer_Big.it-IT.xnb	1358	1363
Data/Events/ElliottHouse.pt-BR.xnb	2116	2121
Data/Events/Farm.ru-RU.xnb	9540	9545
Data/Events/Backwoods.zh-CN.xnb	1674	1679
Data/Events/Hospital.hu-HU.xnb	3100	3105
Data/Events/Mountain.zh-CN.xnb	7928	7933
Data/Events/IslandSouth.fr-FR.xnb	2454	2459
Data/Events/SandyHouse.zh-CN.xnb	622	627
Data/Events/JoshHouse.hu-HU.xnb	4104	4109
Data/Events/SebastianRoom.zh-CN.xnb	5550	5555
Data/Events/FarmHouse.fr-FR.xnb	8780	8785
Data/Events/Tent.ja-JP.xnb	222	222
Data/Events/BoatTunnel.ja-JP.xnb	1100	1105
Data/Events/Backwoods.xnb	1652	1657
Data/Events/ManorHouse.fr-FR.xnb	2876	2881
Data/Events/SeedShop.zh-CN.xnb	5190	5195
Data/Events/CommunityCenter.xnb	1262	1267
Data/Events/CommunityCenter.ru-RU.xnb	1444	1449
Data/Events/IslandSouth.xnb	2222	2227
Data/Events/IslandHut.pt-BR.xnb	1442	1447
Data/Events/AbandonedJojaMart.xnb	678	683
Data/Events/BusStop.tr-TR.xnb	3540	3545
Data/Events/Trailer.it-IT.xnb	2276	2281
Data/Events/BoatTunnel.xnb	952	957
Data/Events/HarveyRoom.hu-HU.xnb	816	821
Data/Events/Sunroom.ja-JP.xnb	1486	1491
Data/Events/LeahHouse.pt-BR.xnb	3138	3143
Data/Events/Tent.it-IT.xnb	222	222
Data/Events/Sewer.xnb	1472	1477
Data/Events/ScienceHouse.tr-TR.xnb	5856	5861
Data/Events/BoatTunnel.it-IT.xnb	988	993
Data/Events/FarmHouse.ko-KR.xnb	8860	8865
Data/Events/Railroad.hu-HU.xnb	2810	2815
Data/Events/ManorHouse.ko-KR.xnb	3000	3005
Data/Events/FarmHouse.de-DE.xnb	8850	8855
Data/Events/Mine.pt-BR.xnb	1786	1791
Data/Events/ManorHouse.de-DE.xnb	2798	2803
Data/Events/IslandSouth.es-ES.xnb	2346	2351
Data/Events/QiNutRoom.ru-RU.xnb	1386	1391
Data/Events/Trailer.ja-JP.xnb	2478	2483
Data/Events/Sunroom.it-IT.xnb	1330	1335
Data/Events/Temp.xnb	1848	1853
Data/Events/Sewer.ru-RU.xnb	1680	1685
Data/Events/Trailer_Big.ko-KR.xnb	1516	1521
Data/Events/JoshHouse.pt-BR.xnb	3874	3879
Data/Events/Saloon.zh-CN.xnb	7522	7527
Data/Events/Hospital.pt-BR.xnb	2976	2981
Data/Events/BusStop.ru-RU.xnb	3934	3939
Data/Events/ElliottHouse.hu-HU.xnb	2158	2163
Data/Events/IslandSouth.ja-JP.xnb	2518	2523
Data/Events/CommunityCenter.tr-TR.xnb	1306	1311
Data/Events/Trailer.es-ES.xnb	2284	2289
Data/Events/Trailer_Big.de-DE.xnb	1440	1445
Data/Events/FishShop.pt-BR.xnb	1454	1459
Data/Events/BathHouse_Pool.zh-CN.xnb	1076	1081
Data/Events/IslandHut.xnb	1388	1393
Data/Events/ScienceHouse.ru-RU.xnb	6490	6495
Data/Events/BoatTunnel.es-ES.xnb	968	973
Data/Events/Trailer_Big.fr-FR.xnb	1430	1435
Data/Events/Woods.pt-BR.xnb	1776	1781
Data/Events/Tent.es-ES.xnb	222	222
Data/Events/Sunroom.es-ES.xnb	1346	1351
Data/Events/Town.hu-HU.xnb	21176	21186
Data/Events/IslandWest.zh-CN.xnb	1694	1699
Data/Events/IslandSouth.it-IT.xnb	2348	2353
Data/Events/Sewer.tr-TR.xnb	1528	1533
Data/Events/Beach.hu-HU.xnb	7248	7253
Data/Events/QiNutRoom.tr-TR.xnb	1074	1079
Data/Events/AnimalShop.hu-HU.xnb	3232	3237
Data/Events/IslandWest.ja-JP.xnb	1724	1729
Data/Events/FarmHouse.xnb	8084	8089
Data/Events/HaleyHouse.xnb	5194	5199
Data/Events/SebastianRoom.ko-KR.xnb	5578	5583
Data/Events/Mine.tr-TR.xnb	1798	1803
Data/Events/SandyHouse.ko-KR.xnb	628	633
Data/Events/ArchaeologyHouse.hu-HU.xnb	2956	2961
Data/Events/Backwoods.de-DE.xnb	1740	1745
Data/Events/Mountain.ko-KR.xnb	7980	7985
Data/Events/LeahHouse.tr-TR.xnb	3308	3313
Data/Events/Backwoods.ko-KR.xnb	1778	1783
Data/Events/SandyHouse.de-DE.xnb	570	575
Data/Events/SeedShop.es-ES.xnb	5016	5021
Data/Events/Mountain.de-DE.xnb	7916	7921
Data/Events/ScienceHouse.pt-BR.xnb	5778	5783
Data/Events/BathHouse_Pool.ja-JP.xnb	1140	1145
Data/Events/SamHouse.fr-FR.xnb	3324	3329
Data/Events/Saloon.it-IT.xnb	7146	7151
Data/Events/SebastianRoom.de-DE.xnb	5594	5599
Data/Events/Temp.fr-FR.xnb	1980	1985
Data/Events/Woods.ru-RU.xnb	1996	2001
Data/Events/SandyHouse.fr-FR.xnb	598	603
Data/Events/IslandSouth.zh-CN.xnb	2462	2467
Data/Events/IslandWest.it-IT.xnb	1558	1563
Data/Events/Mountain.fr-FR.xnb	7816	7821
Data/Events/Farm.hu-HU.xnb	8936	8941
Data/Events/IslandHut.tr-TR.xnb	1402	1407
Data/Events/BusStop.pt-BR.xnb	3570	3575
Data/Events/SamHouse.de-DE.xnb	3260	3265
Data/Events/SebastianRoom.fr-FR.xnb	5488	5493
Data/Events/FishShop.ru-RU.xnb	1684	1689
Data/Events/Temp.de-DE.xnb	1970	1975
Data/Events/LeahHouse.xnb	3032	3037
Data/Events/BathHouse_Pool.it-IT.xnb	1034	1039
Data/Events/Temp.ko-KR.xnb	2062	2067
Data/Events/JoshHouse.ru-RU.xnb	4416	4421
Data/Events/Hospital.ru-RU.xnb	3362	3367
Data/Events/Backwoods.fr-FR.xnb	1766	1771
Data/Events/Saloon.ja-JP.xnb	7970	7975
Data/Events/SamHouse.ko-KR.xnb	3378	3383
Data/Events/Mine.ru-RU.xnb	2038	2043
Data/Events/HaleyHouse.de-DE.xnb	5596	5601
Data/Events/Sewer.pt-BR.xnb	1522	1527
Data/Events/Trailer.zh-CN.xnb	2304	2309
Data/Events/Forest.ko-KR.xnb	9342	9347
Data/Events/DesertFestival.ko-KR.xnb	286	291
Data/Events/IslandNorth.fr-FR.xnb	1446	1451
Data/Events/QiNutRoom.pt-BR.xnb	1072	1077
Data/Events/DesertFestival.xnb	286	291
Data/Events/Forest.de-DE.xnb	9296	9301
Data/Events/DesertFestival.de-DE.xnb	286	291
Data/Events/Saloon.es-ES.xnb	7248	7253
Data/Events/WizardHouse.hu-HU.xnb	2336	2341
Data/Events/LeahHouse.ru-RU.xnb	3748	3753
Data/Events/Woods.tr-TR.xnb	1760	1765
Data/Events/AbandonedJojaMart.hu-HU.xnb	708	713
Data/Events/SeedShop.it-IT.xnb	4932	4937
Data/Events/HaleyHouse.ko-KR.xnb	5584	5589
Data/Events/IslandHut.ru-RU.xnb	1604	1609
Data/Events/CommunityCenter.pt-BR.xnb	1278	1283
Data/Events/Forest.fr-FR.xnb	9234	9239
Data/Events/DesertFestival.fr-FR.xnb	286	291
Data/Events/IslandNorth.ko-KR.xnb	1462	1467
Data/Events/Sunroom.zh-CN.xnb	1440	1445
Data/Events/IslandWest.es-ES.xnb	1614	1619
Data/Events/FishShop.tr-TR.xnb	1414	1419
Data/Events/BathHouse_Pool.xnb	998	1003
Data/Events/JoshHouse.tr-TR.xnb	3934	3939
Data/Events/BoatTunnel.zh-CN.xnb	1058	1063
Data/Events/Tent.zh-CN.xnb	222	222
Data/Events/HaleyHouse.fr-FR.xnb	5626	5631
Data/Events/BathHouse_Pool.es-ES.xnb	992	997
Data/Events/SeedShop.ja-JP.xnb	5470	5475
Data/Events/Hospital.tr-TR.xnb	2990	2995
Data/Events/IslandNorth.de-DE.xnb	1456	1461
Data/Events/SandyHouse.ja-JP.xnb	664	669
Data/Events/IslandNorth.es-ES.xnb	1410	1415
Data/Events/Mountain.ja-JP.xnb	8338	8343
Data/Events/BathHouse_Pool.de-DE.xnb	1058	1063
Data/Events/IslandWest.ko-KR.xnb	1718	1723
Data/Events/SebastianRoom.ja-JP.xnb	6016	6021
Data/Events/IslandWest.de-DE.xnb	1650	1655
Data/Events/SamHouse.it-IT.xnb	3130	3135
Data/Events/HarveyRoom.tr-TR.xnb	762	767
Data/Events/Farm.pt-BR.xnb	8302	8307
Data/Events/Backwoods.ja-JP.xnb	1864	1869
Data/Events/ElliottHouse.ru-RU.xnb	2402	2407
Data/Events/Saloon.fr-FR.xnb	7340	7345
Data/Events/BusStop.hu-HU.xnb	3620	3625
Data/Events/BathHouse_Pool.ko-KR.xnb	1146	1151
Data/Events/Temp.it-IT.xnb	1904	1909
Data/Events/Mountain.it-IT.xnb	7678	7683
Data/Events/IslandWest.fr-FR.xnb	1688	1693
Data/Events/Railroad.tr-TR.xnb	2764	2769
Data/Events/SandyHouse.it-IT.xnb	578	583
Data/Events/Mountain.xnb	7340	7345
Data/Events/ScienceHouse.hu-HU.xnb	6044	6049
Data/Events/Saloon.de-DE.xnb	7484	7489
Data/Events/SebastianRoom.it-IT.xnb	5274	5279
Data/Events/DesertFestival.es-ES.xnb	286	291
Data/Events/Forest.es-ES.xnb	8956	8961
Data/Events/Beach.ru-RU.xnb	7604	7609
Data/Events/Saloon.ko-KR.xnb	7550	7555
Data/Events/ArchaeologyHouse.pt-BR.xnb	2800	2805
Data/Events/AnimalShop.ru-RU.xnb	3486	3491
Data/Events/SamHouse.ja-JP.xnb	3522	3527
Data/Events/BathHouse_Pool.fr-FR.xnb	1070	1075
Data/Events/Town.ru-RU.xnb	22228	22238
Data/Events/HaleyHouse.es-ES.xnb	5380	5385
Data/Events/Backwoods.it-IT.xnb	1692	1697
Data/Events/Temp.ja-JP.xnb	2086	2091
Data/Events/Trailer_Big.zh-CN.xnb	1450	1455
Data/Events/Forest.ja-JP.xnb	9872	9877
Data/Events/DesertFestival.ja-JP.xnb	286	291
Data/Events/HarveyRoom.xnb	740	745
Data/Events/IslandNorth.it-IT.xnb	1366	1371
Data/Events/Sunroom.xnb	1252	1257
Data/Events/ManorHouse.zh-CN.xnb	2836	2841
Data/Events/HarveyRoom.ru-RU.xnb	904	909
Data/Events/Temp.es-ES.xnb	1932	1937
Data/Events/HaleyHouse.ja-JP.xnb	5864	5869
Data/Events/FarmHouse.zh-CN.xnb	8836	8841
Data/Events/CommunityCenter.hu-HU.xnb	1336	1341
Data/Events/SamHouse.es-ES.xnb	3180	3185
Data/Events/IslandNorth.xnb	1326	1331
Data/Events/ElliottHouse.tr-TR.xnb	2116	2121
Data/Events/SeedShop.fr-FR.xnb	5160	5165
Data/Events/AbandonedJojaMart.pt-BR.xnb	682	687
Data/Events/Forest.it-IT.xnb	8974	8979
Data/Events/DesertFestival.it-IT.xnb	286	291
Data/Events/SebastianRoom.es-ES.xnb	5394	5399
Data/Events/Railroad.ru-RU.xnb	3116	3121
Data/Events/WizardHouse.pt-BR.xnb	2266	2271
Data/Events/SandyHouse.es-ES.xnb	578	583
Data/Events/Mountain.es-ES.xnb	7644	7649
Data/Events/IslandNorth.ja-JP.xnb	1466	1471
Data/Events/SeedShop.de-DE.xnb	5080	5085
Data/Events/AnimalShop.tr-TR.xnb	3154	3159
Data/Events/QiNutRoom.hu-HU.xnb	1140	1145
Data/Events/Backwoods.es-ES.xnb	1720	1725
Data/Events/Sewer.hu-HU.xnb	1572	1577
Data/Events/HaleyHouse.it-IT.xnb	5382	5387
Data/Events/Beach.tr-TR.xnb	6896	6901
Data/Events/SeedShop.ko-KR.xnb	5188	5193
Data/Events/Town.tr-TR.xnb	20148	20158
Data/TV/TipChannel.hu-HU.xnb	7138	7143
Data/TV/TipChannel.pt-BR.xnb	6510	6515
Data/TV/CookingChannel.tr-TR.xnb	4578	4583
Data/TV/CookingChannel.ru-RU.xnb	5612	5617
Data/TV/CookingChannel.pt-BR.xnb	4538	4543
Data/TV/CookingChannel.xnb	4374	4379
Data/TV/TipChannel.tr-TR.xnb	6098	6103
Data/TV/TipChannel.ru-RU.xnb	7660	7665
Data/TV/CookingChannel.hu-HU.xnb	5198	5203
Data/TV/CookingChannel.zh-CN.xnb	5032	5037
Data/TV/TipChannel.es-ES.xnb	6430	6435
Data/TV/TipChannel.it-IT.xnb	6354	6359
Data/TV/TipChannel.ja-JP.xnb	7174	7179
Data/TV/TipChannel.xnb	6206	6211
Data/TV/TipChannel.fr-FR.xnb	7154	7159
Data/TV/TipChannel.de-DE.xnb	6986	6991
Data/TV/TipChannel.ko-KR.xnb	6668	6673
Data/TV/CookingChannel.fr-FR.xnb	4924	4929
Data/TV/CookingChannel.de-DE.xnb	5062	5067
Data/TV/CookingChannel.ko-KR.xnb	4992	4997
Data/TV/TipChannel.zh-CN.xnb	6688	6693
Data/TV/CookingChannel.es-ES.xnb	4630	4635
Data/TV/CookingChannel.it-IT.xnb	4558	4563
Data/TV/CookingChannel.ja-JP.xnb	5216	5221
