token	declaring_type	field	attributes
0x04000001	<>f__AnonymousType0`5	<Id>i__Field	Private, InitOnly
0x04000002	<>f__AnonymousType0`5	<Name>i__Field	Private, InitOnly
0x04000003	<>f__AnonymousType0`5	<Price>i__Field	Private, InitOnly
0x04000004	<>f__AnonymousType0`5	<Trade>i__Field	Private, InitOnly
0x04000005	<>f__AnonymousType0`5	<StockLimit>i__Field	Private, InitOnly
0x04000006	<>f__AnonymousType1`2	<Query>i__Field	Private, InitOnly
0x04000007	<>f__AnonymousType1`2	<Result>i__Field	Private, InitOnly
0x04000008	<>f__AnonymousType2`2	<term>i__Field	Private, InitOnly
0x04000009	<>f__AnonymousType2`2	<score>i__Field	Private, InitOnly
0x0400000A	System.Runtime.CompilerServices.NullableAttribute	NullableFlags	Public, InitOnly
0x0400000B	System.Runtime.CompilerServices.NullableContextAttribute	Flag	Public, InitOnly
0x0400000C	FrameRateCounter	content	Private
0x0400000D	FrameRateCounter	spriteBatch	Private
0x0400000E	FrameRateCounter	frameRate	Private
0x0400000F	FrameRateCounter	frameCounter	Private
0x04000010	FrameRateCounter	elapsedTime	Private
0x04000011	ObjToStr	_stringBuilder	Private, Static, InitOnly
0x04000012	ObjToStr	_cache	Private, Static, InitOnly
0x04000013	Ionic.Zlib.BlockState	value__	Public, SpecialName, RTSpecialName
0x04000014	Ionic.Zlib.BlockState	NeedMore	Public, Static, Literal, HasDefault
0x04000015	Ionic.Zlib.BlockState	BlockDone	Public, Static, Literal, HasDefault
0x04000016	Ionic.Zlib.BlockState	FinishStarted	Public, Static, Literal, HasDefault
0x04000017	Ionic.Zlib.BlockState	FinishDone	Public, Static, Literal, HasDefault
0x04000018	Ionic.Zlib.DeflateFlavor	value__	Public, SpecialName, RTSpecialName
0x04000019	Ionic.Zlib.DeflateFlavor	Store	Public, Static, Literal, HasDefault
0x0400001A	Ionic.Zlib.DeflateFlavor	Fast	Public, Static, Literal, HasDefault
0x0400001B	Ionic.Zlib.DeflateFlavor	Slow	Public, Static, Literal, HasDefault
0x0400001C	Ionic.Zlib.DeflateManager	MEM_LEVEL_MAX	Private, Static, InitOnly
0x0400001D	Ionic.Zlib.DeflateManager	MEM_LEVEL_DEFAULT	Private, Static, InitOnly
0x0400001E	Ionic.Zlib.DeflateManager	DeflateFunction	Private
0x0400001F	Ionic.Zlib.DeflateManager	_ErrorMessage	Private, Static, InitOnly
0x04000020	Ionic.Zlib.DeflateManager	PRESET_DICT	Private, Static, InitOnly
0x04000021	Ionic.Zlib.DeflateManager	INIT_STATE	Private, Static, InitOnly
0x04000022	Ionic.Zlib.DeflateManager	BUSY_STATE	Private, Static, InitOnly
0x04000023	Ionic.Zlib.DeflateManager	FINISH_STATE	Private, Static, InitOnly
0x04000024	Ionic.Zlib.DeflateManager	Z_DEFLATED	Private, Static, InitOnly
0x04000025	Ionic.Zlib.DeflateManager	STORED_BLOCK	Private, Static, InitOnly
0x04000026	Ionic.Zlib.DeflateManager	STATIC_TREES	Private, Static, InitOnly
0x04000027	Ionic.Zlib.DeflateManager	DYN_TREES	Private, Static, InitOnly
0x04000028	Ionic.Zlib.DeflateManager	Z_BINARY	Private, Static, InitOnly
0x04000029	Ionic.Zlib.DeflateManager	Z_ASCII	Private, Static, InitOnly
0x0400002A	Ionic.Zlib.DeflateManager	Z_UNKNOWN	Private, Static, InitOnly
0x0400002B	Ionic.Zlib.DeflateManager	Buf_size	Private, Static, InitOnly
0x0400002C	Ionic.Zlib.DeflateManager	MIN_MATCH	Private, Static, InitOnly
0x0400002D	Ionic.Zlib.DeflateManager	MAX_MATCH	Private, Static, InitOnly
0x0400002E	Ionic.Zlib.DeflateManager	MIN_LOOKAHEAD	Private, Static, InitOnly
0x0400002F	Ionic.Zlib.DeflateManager	HEAP_SIZE	Private, Static, InitOnly
0x04000030	Ionic.Zlib.DeflateManager	END_BLOCK	Private, Static, InitOnly
0x04000031	Ionic.Zlib.DeflateManager	_codec	Assembly
0x04000032	Ionic.Zlib.DeflateManager	status	Assembly
0x04000033	Ionic.Zlib.DeflateManager	pending	Assembly
0x04000034	Ionic.Zlib.DeflateManager	nextPending	Assembly
0x04000035	Ionic.Zlib.DeflateManager	pendingCount	Assembly
0x04000036	Ionic.Zlib.DeflateManager	data_type	Assembly
0x04000037	Ionic.Zlib.DeflateManager	last_flush	Assembly
0x04000038	Ionic.Zlib.DeflateManager	w_size	Assembly
0x04000039	Ionic.Zlib.DeflateManager	w_bits	Assembly
0x0400003A	Ionic.Zlib.DeflateManager	w_mask	Assembly
0x0400003B	Ionic.Zlib.DeflateManager	window	Assembly
0x0400003C	Ionic.Zlib.DeflateManager	window_size	Assembly
0x0400003D	Ionic.Zlib.DeflateManager	prev	Assembly
0x0400003E	Ionic.Zlib.DeflateManager	head	Assembly
0x0400003F	Ionic.Zlib.DeflateManager	ins_h	Assembly
0x04000040	Ionic.Zlib.DeflateManager	hash_size	Assembly
0x04000041	Ionic.Zlib.DeflateManager	hash_bits	Assembly
0x04000042	Ionic.Zlib.DeflateManager	hash_mask	Assembly
0x04000043	Ionic.Zlib.DeflateManager	hash_shift	Assembly
0x04000044	Ionic.Zlib.DeflateManager	block_start	Assembly
0x04000045	Ionic.Zlib.DeflateManager	config	Private
0x04000046	Ionic.Zlib.DeflateManager	match_length	Assembly
0x04000047	Ionic.Zlib.DeflateManager	prev_match	Assembly
0x04000048	Ionic.Zlib.DeflateManager	match_available	Assembly
0x04000049	Ionic.Zlib.DeflateManager	strstart	Assembly
0x0400004A	Ionic.Zlib.DeflateManager	match_start	Assembly
0x0400004B	Ionic.Zlib.DeflateManager	lookahead	Assembly
0x0400004C	Ionic.Zlib.DeflateManager	prev_length	Assembly
0x0400004D	Ionic.Zlib.DeflateManager	compressionLevel	Assembly
0x0400004E	Ionic.Zlib.DeflateManager	compressionStrategy	Assembly
0x0400004F	Ionic.Zlib.DeflateManager	dyn_ltree	Assembly
0x04000050	Ionic.Zlib.DeflateManager	dyn_dtree	Assembly
0x04000051	Ionic.Zlib.DeflateManager	bl_tree	Assembly
0x04000052	Ionic.Zlib.DeflateManager	treeLiterals	Assembly
0x04000053	Ionic.Zlib.DeflateManager	treeDistances	Assembly
0x04000054	Ionic.Zlib.DeflateManager	treeBitLengths	Assembly
0x04000055	Ionic.Zlib.DeflateManager	bl_count	Assembly
0x04000056	Ionic.Zlib.DeflateManager	heap	Assembly
0x04000057	Ionic.Zlib.DeflateManager	heap_len	Assembly
0x04000058	Ionic.Zlib.DeflateManager	heap_max	Assembly
0x04000059	Ionic.Zlib.DeflateManager	depth	Assembly
0x0400005A	Ionic.Zlib.DeflateManager	_lengthOffset	Assembly
0x0400005B	Ionic.Zlib.DeflateManager	lit_bufsize	Assembly
0x0400005C	Ionic.Zlib.DeflateManager	last_lit	Assembly
0x0400005D	Ionic.Zlib.DeflateManager	_distanceOffset	Assembly
0x0400005E	Ionic.Zlib.DeflateManager	opt_len	Assembly
0x0400005F	Ionic.Zlib.DeflateManager	static_len	Assembly
0x04000060	Ionic.Zlib.DeflateManager	matches	Assembly
0x04000061	Ionic.Zlib.DeflateManager	last_eob_len	Assembly
0x04000062	Ionic.Zlib.DeflateManager	bi_buf	Assembly
0x04000063	Ionic.Zlib.DeflateManager	bi_valid	Assembly
0x04000064	Ionic.Zlib.DeflateManager	Rfc1950BytesEmitted	Private
0x04000065	Ionic.Zlib.DeflateManager	_WantRfc1950HeaderBytes	Private
0x04000066	Ionic.Zlib.GZipStream	LastModified	Public
0x04000067	Ionic.Zlib.GZipStream	_headerByteCount	Private
0x04000068	Ionic.Zlib.GZipStream	_baseStream	Assembly
0x04000069	Ionic.Zlib.GZipStream	_disposed	Private
0x0400006A	Ionic.Zlib.GZipStream	_firstReadDone	Private
0x0400006B	Ionic.Zlib.GZipStream	_FileName	Private
0x0400006C	Ionic.Zlib.GZipStream	_Comment	Private
0x0400006D	Ionic.Zlib.GZipStream	_Crc32	Private
0x0400006E	Ionic.Zlib.GZipStream	_unixEpoch	Assembly, Static, InitOnly
0x0400006F	Ionic.Zlib.GZipStream	iso8859dash1	Assembly, Static, InitOnly
0x04000070	Ionic.Zlib.InflateBlocks	MANY	Private, Static, Literal, HasDefault
0x04000071	Ionic.Zlib.InflateBlocks	border	Assembly, Static, InitOnly
0x04000072	Ionic.Zlib.InflateBlocks	mode	Private
0x04000073	Ionic.Zlib.InflateBlocks	left	Assembly
0x04000074	Ionic.Zlib.InflateBlocks	table	Assembly
0x04000075	Ionic.Zlib.InflateBlocks	index	Assembly
0x04000076	Ionic.Zlib.InflateBlocks	blens	Assembly
0x04000077	Ionic.Zlib.InflateBlocks	bb	Assembly
0x04000078	Ionic.Zlib.InflateBlocks	tb	Assembly
0x04000079	Ionic.Zlib.InflateBlocks	codes	Assembly
0x0400007A	Ionic.Zlib.InflateBlocks	last	Assembly
0x0400007B	Ionic.Zlib.InflateBlocks	_codec	Assembly
0x0400007C	Ionic.Zlib.InflateBlocks	bitk	Assembly
0x0400007D	Ionic.Zlib.InflateBlocks	bitb	Assembly
0x0400007E	Ionic.Zlib.InflateBlocks	hufts	Assembly
0x0400007F	Ionic.Zlib.InflateBlocks	window	Assembly
0x04000080	Ionic.Zlib.InflateBlocks	end	Assembly
0x04000081	Ionic.Zlib.InflateBlocks	readAt	Assembly
0x04000082	Ionic.Zlib.InflateBlocks	writeAt	Assembly
0x04000083	Ionic.Zlib.InflateBlocks	checkfn	Assembly
0x04000084	Ionic.Zlib.InflateBlocks	check	Assembly
0x04000085	Ionic.Zlib.InflateBlocks	inftree	Assembly
0x04000086	Ionic.Zlib.InternalInflateConstants	InflateMask	Assembly, Static, InitOnly
0x04000087	Ionic.Zlib.InflateCodes	START	Private, Static, Literal, HasDefault
0x04000088	Ionic.Zlib.InflateCodes	LEN	Private, Static, Literal, HasDefault
0x04000089	Ionic.Zlib.InflateCodes	LENEXT	Private, Static, Literal, HasDefault
0x0400008A	Ionic.Zlib.InflateCodes	DIST	Private, Static, Literal, HasDefault
0x0400008B	Ionic.Zlib.InflateCodes	DISTEXT	Private, Static, Literal, HasDefault
0x0400008C	Ionic.Zlib.InflateCodes	COPY	Private, Static, Literal, HasDefault
0x0400008D	Ionic.Zlib.InflateCodes	LIT	Private, Static, Literal, HasDefault
0x0400008E	Ionic.Zlib.InflateCodes	WASH	Private, Static, Literal, HasDefault
0x0400008F	Ionic.Zlib.InflateCodes	END	Private, Static, Literal, HasDefault
0x04000090	Ionic.Zlib.InflateCodes	BADCODE	Private, Static, Literal, HasDefault
0x04000091	Ionic.Zlib.InflateCodes	mode	Assembly
0x04000092	Ionic.Zlib.InflateCodes	len	Assembly
0x04000093	Ionic.Zlib.InflateCodes	tree	Assembly
0x04000094	Ionic.Zlib.InflateCodes	tree_index	Assembly
0x04000095	Ionic.Zlib.InflateCodes	need	Assembly
0x04000096	Ionic.Zlib.InflateCodes	lit	Assembly
0x04000097	Ionic.Zlib.InflateCodes	bitsToGet	Assembly
0x04000098	Ionic.Zlib.InflateCodes	dist	Assembly
0x04000099	Ionic.Zlib.InflateCodes	lbits	Assembly
0x0400009A	Ionic.Zlib.InflateCodes	dbits	Assembly
0x0400009B	Ionic.Zlib.InflateCodes	ltree	Assembly
0x0400009C	Ionic.Zlib.InflateCodes	ltree_index	Assembly
0x0400009D	Ionic.Zlib.InflateCodes	dtree	Assembly
0x0400009E	Ionic.Zlib.InflateCodes	dtree_index	Assembly
0x0400009F	Ionic.Zlib.InflateManager	PRESET_DICT	Private, Static, Literal, HasDefault
0x040000A0	Ionic.Zlib.InflateManager	Z_DEFLATED	Private, Static, Literal, HasDefault
0x040000A1	Ionic.Zlib.InflateManager	mode	Private
0x040000A2	Ionic.Zlib.InflateManager	_codec	Assembly
0x040000A3	Ionic.Zlib.InflateManager	method	Assembly
0x040000A4	Ionic.Zlib.InflateManager	computedCheck	Assembly
0x040000A5	Ionic.Zlib.InflateManager	expectedCheck	Assembly
0x040000A6	Ionic.Zlib.InflateManager	marker	Assembly
0x040000A7	Ionic.Zlib.InflateManager	_handleRfc1950HeaderBytes	Private
0x040000A8	Ionic.Zlib.InflateManager	wbits	Assembly
0x040000A9	Ionic.Zlib.InflateManager	blocks	Assembly
0x040000AA	Ionic.Zlib.InflateManager	mark	Private, Static, InitOnly
0x040000AB	Ionic.Zlib.InfTree	MANY	Private, Static, Literal, HasDefault
0x040000AC	Ionic.Zlib.InfTree	Z_OK	Private, Static, Literal, HasDefault
0x040000AD	Ionic.Zlib.InfTree	Z_STREAM_END	Private, Static, Literal, HasDefault
0x040000AE	Ionic.Zlib.InfTree	Z_NEED_DICT	Private, Static, Literal, HasDefault
0x040000AF	Ionic.Zlib.InfTree	Z_ERRNO	Private, Static, Literal, HasDefault
0x040000B0	Ionic.Zlib.InfTree	Z_STREAM_ERROR	Private, Static, Literal, HasDefault
0x040000B1	Ionic.Zlib.InfTree	Z_DATA_ERROR	Private, Static, Literal, HasDefault
0x040000B2	Ionic.Zlib.InfTree	Z_MEM_ERROR	Private, Static, Literal, HasDefault
0x040000B3	Ionic.Zlib.InfTree	Z_BUF_ERROR	Private, Static, Literal, HasDefault
0x040000B4	Ionic.Zlib.InfTree	Z_VERSION_ERROR	Private, Static, Literal, HasDefault
0x040000B5	Ionic.Zlib.InfTree	fixed_bl	Assembly, Static, Literal, HasDefault
0x040000B6	Ionic.Zlib.InfTree	fixed_bd	Assembly, Static, Literal, HasDefault
0x040000B7	Ionic.Zlib.InfTree	fixed_tl	Assembly, Static, InitOnly
0x040000B8	Ionic.Zlib.InfTree	fixed_td	Assembly, Static, InitOnly
0x040000B9	Ionic.Zlib.InfTree	cplens	Assembly, Static, InitOnly
0x040000BA	Ionic.Zlib.InfTree	cplext	Assembly, Static, InitOnly
0x040000BB	Ionic.Zlib.InfTree	cpdist	Assembly, Static, InitOnly
0x040000BC	Ionic.Zlib.InfTree	cpdext	Assembly, Static, InitOnly
0x040000BD	Ionic.Zlib.InfTree	BMAX	Assembly, Static, Literal, HasDefault
0x040000BE	Ionic.Zlib.InfTree	hn	Assembly
0x040000BF	Ionic.Zlib.InfTree	v	Assembly
0x040000C0	Ionic.Zlib.InfTree	c	Assembly
0x040000C1	Ionic.Zlib.InfTree	r	Assembly
0x040000C2	Ionic.Zlib.InfTree	u	Assembly
0x040000C3	Ionic.Zlib.InfTree	x	Assembly
0x040000C4	Ionic.Zlib.Tree	HEAP_SIZE	Private, Static, InitOnly
0x040000C5	Ionic.Zlib.Tree	ExtraLengthBits	Assembly, Static, InitOnly
0x040000C6	Ionic.Zlib.Tree	ExtraDistanceBits	Assembly, Static, InitOnly
0x040000C7	Ionic.Zlib.Tree	extra_blbits	Assembly, Static, InitOnly
0x040000C8	Ionic.Zlib.Tree	bl_order	Assembly, Static, InitOnly
0x040000C9	Ionic.Zlib.Tree	Buf_size	Assembly, Static, Literal, HasDefault
0x040000CA	Ionic.Zlib.Tree	_dist_code	Private, Static, InitOnly
0x040000CB	Ionic.Zlib.Tree	LengthCode	Assembly, Static, InitOnly
0x040000CC	Ionic.Zlib.Tree	LengthBase	Assembly, Static, InitOnly
0x040000CD	Ionic.Zlib.Tree	DistanceBase	Assembly, Static, InitOnly
0x040000CE	Ionic.Zlib.Tree	dyn_tree	Assembly
0x040000CF	Ionic.Zlib.Tree	max_code	Assembly
0x040000D0	Ionic.Zlib.Tree	staticTree	Assembly
0x040000D1	Ionic.Zlib.FlushType	value__	Public, SpecialName, RTSpecialName
0x040000D2	Ionic.Zlib.FlushType	None	Public, Static, Literal, HasDefault
0x040000D3	Ionic.Zlib.FlushType	Partial	Public, Static, Literal, HasDefault
0x040000D4	Ionic.Zlib.FlushType	Sync	Public, Static, Literal, HasDefault
0x040000D5	Ionic.Zlib.FlushType	Full	Public, Static, Literal, HasDefault
0x040000D6	Ionic.Zlib.FlushType	Finish	Public, Static, Literal, HasDefault
0x040000D7	Ionic.Zlib.CompressionLevel	value__	Public, SpecialName, RTSpecialName
0x040000D8	Ionic.Zlib.CompressionLevel	None	Public, Static, Literal, HasDefault
0x040000D9	Ionic.Zlib.CompressionLevel	Level0	Public, Static, Literal, HasDefault
0x040000DA	Ionic.Zlib.CompressionLevel	BestSpeed	Public, Static, Literal, HasDefault
0x040000DB	Ionic.Zlib.CompressionLevel	Level1	Public, Static, Literal, HasDefault
0x040000DC	Ionic.Zlib.CompressionLevel	Level2	Public, Static, Literal, HasDefault
0x040000DD	Ionic.Zlib.CompressionLevel	Level3	Public, Static, Literal, HasDefault
0x040000DE	Ionic.Zlib.CompressionLevel	Level4	Public, Static, Literal, HasDefault
0x040000DF	Ionic.Zlib.CompressionLevel	Level5	Public, Static, Literal, HasDefault
0x040000E0	Ionic.Zlib.CompressionLevel	Default	Public, Static, Literal, HasDefault
0x040000E1	Ionic.Zlib.CompressionLevel	Level6	Public, Static, Literal, HasDefault
0x040000E2	Ionic.Zlib.CompressionLevel	Level7	Public, Static, Literal, HasDefault
0x040000E3	Ionic.Zlib.CompressionLevel	Level8	Public, Static, Literal, HasDefault
0x040000E4	Ionic.Zlib.CompressionLevel	BestCompression	Public, Static, Literal, HasDefault
0x040000E5	Ionic.Zlib.CompressionLevel	Level9	Public, Static, Literal, HasDefault
0x040000E6	Ionic.Zlib.CompressionStrategy	value__	Public, SpecialName, RTSpecialName
0x040000E7	Ionic.Zlib.CompressionStrategy	Default	Public, Static, Literal, HasDefault
0x040000E8	Ionic.Zlib.CompressionStrategy	Filtered	Public, Static, Literal, HasDefault
0x040000E9	Ionic.Zlib.CompressionStrategy	HuffmanOnly	Public, Static, Literal, HasDefault
0x040000EA	Ionic.Zlib.CompressionMode	value__	Public, SpecialName, RTSpecialName
0x040000EB	Ionic.Zlib.CompressionMode	Compress	Public, Static, Literal, HasDefault
0x040000EC	Ionic.Zlib.CompressionMode	Decompress	Public, Static, Literal, HasDefault
0x040000ED	Ionic.Zlib.InternalConstants	MAX_BITS	Assembly, Static, InitOnly
0x040000EE	Ionic.Zlib.InternalConstants	BL_CODES	Assembly, Static, InitOnly
0x040000EF	Ionic.Zlib.InternalConstants	D_CODES	Assembly, Static, InitOnly
0x040000F0	Ionic.Zlib.InternalConstants	LITERALS	Assembly, Static, InitOnly
0x040000F1	Ionic.Zlib.InternalConstants	LENGTH_CODES	Assembly, Static, InitOnly
0x040000F2	Ionic.Zlib.InternalConstants	L_CODES	Assembly, Static, InitOnly
0x040000F3	Ionic.Zlib.InternalConstants	MAX_BL_BITS	Assembly, Static, InitOnly
0x040000F4	Ionic.Zlib.InternalConstants	REP_3_6	Assembly, Static, InitOnly
0x040000F5	Ionic.Zlib.InternalConstants	REPZ_3_10	Assembly, Static, InitOnly
0x040000F6	Ionic.Zlib.InternalConstants	REPZ_11_138	Assembly, Static, InitOnly
0x040000F7	Ionic.Zlib.StaticTree	lengthAndLiteralsTreeCodes	Assembly, Static, InitOnly
0x040000F8	Ionic.Zlib.StaticTree	distTreeCodes	Assembly, Static, InitOnly
0x040000F9	Ionic.Zlib.StaticTree	Literals	Assembly, Static, InitOnly
0x040000FA	Ionic.Zlib.StaticTree	Distances	Assembly, Static, InitOnly
0x040000FB	Ionic.Zlib.StaticTree	BitLengths	Assembly, Static, InitOnly
0x040000FC	Ionic.Zlib.StaticTree	treeCodes	Assembly
0x040000FD	Ionic.Zlib.StaticTree	extraBits	Assembly
0x040000FE	Ionic.Zlib.StaticTree	extraBase	Assembly
0x040000FF	Ionic.Zlib.StaticTree	elems	Assembly
0x04000100	Ionic.Zlib.StaticTree	maxLength	Assembly
0x04000101	Ionic.Zlib.Adler	BASE	Private, Static, InitOnly
0x04000102	Ionic.Zlib.Adler	NMAX	Private, Static, InitOnly
0x04000103	Ionic.Zlib.ZlibStreamFlavor	value__	Public, SpecialName, RTSpecialName
0x04000104	Ionic.Zlib.ZlibStreamFlavor	ZLIB	Public, Static, Literal, HasDefault
0x04000105	Ionic.Zlib.ZlibStreamFlavor	DEFLATE	Public, Static, Literal, HasDefault
0x04000106	Ionic.Zlib.ZlibStreamFlavor	GZIP	Public, Static, Literal, HasDefault
0x04000107	Ionic.Zlib.ZlibBaseStream	_z	FamORAssem
0x04000108	Ionic.Zlib.ZlibBaseStream	_streamMode	FamORAssem
0x04000109	Ionic.Zlib.ZlibBaseStream	_flushMode	FamORAssem
0x0400010A	Ionic.Zlib.ZlibBaseStream	_flavor	FamORAssem
0x0400010B	Ionic.Zlib.ZlibBaseStream	_compressionMode	FamORAssem
0x0400010C	Ionic.Zlib.ZlibBaseStream	_level	FamORAssem
0x0400010D	Ionic.Zlib.ZlibBaseStream	_leaveOpen	FamORAssem
0x0400010E	Ionic.Zlib.ZlibBaseStream	_workingBuffer	FamORAssem
0x0400010F	Ionic.Zlib.ZlibBaseStream	_bufferSize	FamORAssem
0x04000110	Ionic.Zlib.ZlibBaseStream	_buf1	FamORAssem
0x04000111	Ionic.Zlib.ZlibBaseStream	_stream	FamORAssem
0x04000112	Ionic.Zlib.ZlibBaseStream	Strategy	FamORAssem
0x04000113	Ionic.Zlib.ZlibBaseStream	crc	Private
0x04000114	Ionic.Zlib.ZlibBaseStream	_GzipFileName	FamORAssem
0x04000115	Ionic.Zlib.ZlibBaseStream	_GzipComment	FamORAssem
0x04000116	Ionic.Zlib.ZlibBaseStream	_GzipMtime	FamORAssem
0x04000117	Ionic.Zlib.ZlibBaseStream	_gzipHeaderByteCount	FamORAssem
0x04000118	Ionic.Zlib.ZlibBaseStream	nomoreinput	Private
0x04000119	Ionic.Zlib.ZlibCodec	InputBuffer	Public
0x0400011A	Ionic.Zlib.ZlibCodec	NextIn	Public
0x0400011B	Ionic.Zlib.ZlibCodec	AvailableBytesIn	Public
0x0400011C	Ionic.Zlib.ZlibCodec	TotalBytesIn	Public
0x0400011D	Ionic.Zlib.ZlibCodec	OutputBuffer	Public
0x0400011E	Ionic.Zlib.ZlibCodec	NextOut	Public
0x0400011F	Ionic.Zlib.ZlibCodec	AvailableBytesOut	Public
0x04000120	Ionic.Zlib.ZlibCodec	TotalBytesOut	Public
0x04000121	Ionic.Zlib.ZlibCodec	Message	Public
0x04000122	Ionic.Zlib.ZlibCodec	dstate	Assembly
0x04000123	Ionic.Zlib.ZlibCodec	istate	Assembly
0x04000124	Ionic.Zlib.ZlibCodec	_Adler32	Assembly
0x04000125	Ionic.Zlib.ZlibCodec	CompressLevel	Public
0x04000126	Ionic.Zlib.ZlibCodec	WindowBits	Public
0x04000127	Ionic.Zlib.ZlibCodec	Strategy	Public
0x04000128	Ionic.Zlib.ZlibConstants	WindowBitsMax	Public, Static, Literal, HasDefault
0x04000129	Ionic.Zlib.ZlibConstants	WindowBitsDefault	Public, Static, Literal, HasDefault
0x0400012A	Ionic.Zlib.ZlibConstants	Z_OK	Public, Static, Literal, HasDefault
0x0400012B	Ionic.Zlib.ZlibConstants	Z_STREAM_END	Public, Static, Literal, HasDefault
0x0400012C	Ionic.Zlib.ZlibConstants	Z_NEED_DICT	Public, Static, Literal, HasDefault
0x0400012D	Ionic.Zlib.ZlibConstants	Z_STREAM_ERROR	Public, Static, Literal, HasDefault
0x0400012E	Ionic.Zlib.ZlibConstants	Z_DATA_ERROR	Public, Static, Literal, HasDefault
0x0400012F	Ionic.Zlib.ZlibConstants	Z_BUF_ERROR	Public, Static, Literal, HasDefault
0x04000130	Ionic.Zlib.ZlibConstants	WorkingBufferSizeDefault	Public, Static, Literal, HasDefault
0x04000131	Ionic.Zlib.ZlibConstants	WorkingBufferSizeMin	Public, Static, Literal, HasDefault
0x04000132	Ionic.Zlib.ZlibStream	_baseStream	Assembly
0x04000133	Ionic.Zlib.ZlibStream	_disposed	Private
0x04000134	Ionic.Crc.CRC32	dwPolynomial	Private
0x04000135	Ionic.Crc.CRC32	_TotalBytesRead	Private
0x04000136	Ionic.Crc.CRC32	reverseBits	Private
0x04000137	Ionic.Crc.CRC32	crc32Table	Private
0x04000138	Ionic.Crc.CRC32	BUFFER_SIZE	Private, Static, Literal, HasDefault
0x04000139	Ionic.Crc.CRC32	_register	Private
0x0400013A	Ionic.Crc.CrcCalculatorStream	UnsetLengthLimit	Private, Static, InitOnly
0x0400013B	Ionic.Crc.CrcCalculatorStream	_innerStream	Assembly
0x0400013C	Ionic.Crc.CrcCalculatorStream	_Crc32	Private
0x0400013D	Ionic.Crc.CrcCalculatorStream	_lengthLimit	Private
0x0400013E	Ionic.Crc.CrcCalculatorStream	_leaveOpen	Private
0x0400013F	Netcode.NetClock	netVersion	Public
0x04000140	Netcode.NetClock	LocalId	Public
0x04000141	Netcode.NetClock	InterpolationTicks	Public
0x04000142	Netcode.NetClock	blanks	Public
0x04000143	Netcode.AbstractNetSerializable	dirtyTick	Private
0x04000144	Netcode.AbstractNetSerializable	minNextDirtyTime	Private
0x04000145	Netcode.AbstractNetSerializable	ChangeVersion	Family
0x04000146	Netcode.AbstractNetSerializable	DeltaAggregateTicks	Public
0x04000147	Netcode.AbstractNetSerializable	needsTick	Private
0x04000148	Netcode.AbstractNetSerializable	childNeedsTick	Private
0x04000149	Netcode.AbstractNetSerializable	<Name>k__BackingField	Private
0x0400014A	Netcode.AbstractNetSerializable	<Root>k__BackingField	Private
0x0400014B	Netcode.AbstractNetSerializable	parent	Private
0x0400014C	Netcode.NetArray`2	appendPosition	Private
0x0400014D	Netcode.NetArray`2	elements	Private, InitOnly
0x0400014E	Netcode.NetArray`2	OnFieldCreate	Private
0x0400014F	Netcode.NetCollection`1	guids	Private
0x04000150	Netcode.NetCollection`1	list	Private
0x04000151	Netcode.NetCollection`1	elements	Private
0x04000152	Netcode.NetCollection`1	OnValueAdded	Private
0x04000153	Netcode.NetCollection`1	OnValueRemoved	Private
0x04000154	Netcode.NetDictionary`5	InterpolationWait	Public
0x04000155	Netcode.NetDictionary`5	dict	Private
0x04000156	Netcode.NetDictionary`5	dictReassigns	Private
0x04000157	Netcode.NetDictionary`5	outgoingChanges	Private
0x04000158	Netcode.NetDictionary`5	incomingChanges	Private
0x04000159	Netcode.NetDictionary`5	OnValueAdded	Private
0x0400015A	Netcode.NetDictionary`5	OnValueRemoved	Private
0x0400015B	Netcode.NetDictionary`5	OnValueTargetUpdated	Private
0x0400015C	Netcode.NetDictionary`5	OnConflictResolve	Private
0x0400015D	Netcode.NetEnum`1	xmlInitialized	Private
0x0400015E	Netcode.NetNullableEnum`1	xmlInitialized	Private
0x0400015F	Netcode.NetEvent0	onEvent	Private
0x04000160	Netcode.NetEvent0	Counter	Public, InitOnly
0x04000161	Netcode.NetEvent0	currentCount	Private
0x04000162	Netcode.AbstractNetEvent1`1	onEvent	Private
0x04000163	Netcode.AbstractNetEvent1`1	InterpolationWait	Public
0x04000164	Netcode.AbstractNetEvent1`1	outgoingEvents	Private
0x04000165	Netcode.AbstractNetEvent1`1	incomingEvents	Private
0x04000166	Netcode.NetFieldBase`2	fieldChangeEvent	Private
0x04000167	Netcode.NetFieldBase`2	fieldChangeVisibleEvent	Private
0x04000168	Netcode.NetFieldBase`2	_bools	Family
0x04000169	Netcode.NetFieldBase`2	interpolationStartTick	Family
0x0400016A	Netcode.NetFieldBase`2	value	Family
0x0400016B	Netcode.NetFieldBase`2	previousValue	Family
0x0400016C	Netcode.NetFieldBase`2	targetValue	Family
0x0400016D	Netcode.NetField`2	xmlInitialized	Private
0x0400016E	Netcode.NetIntDelta	networkValue	Private
0x0400016F	Netcode.NetIntDelta	DirtyThreshold	Public
0x04000170	Netcode.NetIntDelta	Minimum	Public
0x04000171	Netcode.NetIntDelta	Maximum	Public
0x04000172	Netcode.NetString	FilterStringEvent	Private
0x04000173	Netcode.NetVector2	AxisAlignedMovement	Public
0x04000174	Netcode.NetVector2	ExtrapolationSpeed	Public
0x04000175	Netcode.NetVector2	MinDeltaForDirectionChange	Public
0x04000176	Netcode.NetVector2	MaxInterpolationDistance	Public
0x04000177	Netcode.NetVector2	interpolateXFirst	Private
0x04000178	Netcode.NetVector2	isExtrapolating	Private
0x04000179	Netcode.NetVector2	isFixingExtrapolation	Private
0x0400017A	Netcode.NetFields	ShouldValidateNetFields	Public, Static
0x0400017B	Netcode.NetFields	<Name>k__BackingField	Private, InitOnly
0x0400017C	Netcode.NetFields	<Owner>k__BackingField	Private
0x0400017D	Netcode.NetFields	fields	Private, InitOnly
0x0400017E	Netcode.NetHashSet`1	InterpolationWait	Public
0x0400017F	Netcode.NetHashSet`1	Set	Private, InitOnly
0x04000180	Netcode.NetHashSet`1	IncomingChanges	Private, InitOnly
0x04000181	Netcode.NetHashSet`1	OutgoingChanges	Private, InitOnly
0x04000182	Netcode.NetHashSet`1	OnValueAdded	Private
0x04000183	Netcode.NetHashSet`1	OnValueRemoved	Private
0x04000184	Netcode.NetList`2	initialSize	Private, Static, Literal, HasDefault
0x04000185	Netcode.NetList`2	resizeFactor	Private, Static, Literal, HasDefault
0x04000186	Netcode.NetList`2	count	Family, InitOnly
0x04000187	Netcode.NetList`2	array	Family, InitOnly
0x04000188	Netcode.NetList`2	OnElementChanged	Private
0x04000189	Netcode.NetList`2	OnArrayReplaced	Private
0x0400018A	Netcode.NetObjectShrinkList`1	array	Private
0x0400018B	Netcode.NetRefBase`2	Serializer	Public
0x0400018C	Netcode.NetRefBase`2	deltaType	Private
0x0400018D	Netcode.NetRefBase`2	reassigned	Family
0x0400018E	Netcode.NetRefBase`2	OnConflictResolve	Private
0x0400018F	Netcode.NetRefTypes	types	Private, Static
0x04000190	Netcode.NetRoot`1	connections	Private
0x04000191	Netcode.NetRoot`1	<Clock>k__BackingField	Private, InitOnly
0x04000192	Netcode.NetRootDictionary`2	Serializer	Public
0x04000193	Netcode.NetRootDictionary`2	Roots	Public
0x04000194	Netcode.NetVersion	_vector	Private
0x04000195	Netcode.Validation.NetFieldValidatorEntry	<Name>k__BackingField	Private, InitOnly
0x04000196	Netcode.Validation.NetFieldValidatorEntry	<Value>k__BackingField	Private, InitOnly
0x04000197	Netcode.Validation.NetFieldValidatorEntry	<FromField>k__BackingField	Private, InitOnly
0x04000198	Force.DeepCloner.Helpers.DeepClonerCache	_typeCache	Private, Static, InitOnly
0x04000199	Force.DeepCloner.Helpers.DeepClonerCache	_typeCacheDeepTo	Private, Static, InitOnly
0x0400019A	Force.DeepCloner.Helpers.DeepClonerCache	_typeCacheShallowTo	Private, Static, InitOnly
0x0400019B	Force.DeepCloner.Helpers.DeepClonerCache	_structAsObjectCache	Private, Static, InitOnly
0x0400019C	Force.DeepCloner.Helpers.DeepClonerCache	_typeConvertCache	Private, Static, InitOnly
0x0400019D	Force.DeepCloner.Helpers.DeepClonerExprGenerator	_readonlyFields	Private, Static, InitOnly
0x0400019E	Force.DeepCloner.Helpers.DeepClonerExprGenerator	_attributesFieldInfo	Private, Static
0x0400019F	Force.DeepCloner.Helpers.DeepClonerSafeTypes	KnownTypes	Assembly, Static, InitOnly
0x040001A0	Force.DeepCloner.Helpers.DeepCloneState	_loops	Private
0x040001A1	Force.DeepCloner.Helpers.DeepCloneState	_baseFromTo	Private, InitOnly
0x040001A2	Force.DeepCloner.Helpers.DeepCloneState	_idx	Private
0x040001A3	Force.DeepCloner.Helpers.ShallowObjectCloner	_unsafeInstance	Private, Static, InitOnly
0x040001A4	Force.DeepCloner.Helpers.ShallowObjectCloner	_instance	Private, Static
0x040001A5	ContentManifest.Internal.CHArray	ElementList	Private, Static, InitOnly
0x040001A6	ContentManifest.Internal.CHArray	Elements	Public
0x040001A7	ContentManifest.Internal.CHBoolean	RawBoolean	Public
0x040001A8	ContentManifest.Internal.CHElement	Value	Public
0x040001A9	ContentManifest.Internal.CHJson	Element	Public
0x040001AA	ContentManifest.Internal.CHJsonParserContext	ReadHead	Public
0x040001AB	ContentManifest.Internal.CHJsonParserContext	JsonText	Public
0x040001AC	ContentManifest.Internal.CHNumber	DoubleSb	Private, Static
0x040001AD	ContentManifest.Internal.CHNumber	RawDouble	Public
0x040001AE	ContentManifest.Internal.CHObject	Members	Public, InitOnly
0x040001AF	ContentManifest.Internal.CHString	RawString	Public
0x040001B0	ContentManifest.Internal.CHValue	RawValue	Public
0x040001B1	ContentManifest.Internal.CHValue	ValueType	Public
0x040001B2	ContentManifest.Internal.CHValueEnum	value__	Public, SpecialName, RTSpecialName
0x040001B3	ContentManifest.Internal.CHValueEnum	Object	Public, Static, Literal, HasDefault
0x040001B4	ContentManifest.Internal.CHValueEnum	Array	Public, Static, Literal, HasDefault
0x040001B5	ContentManifest.Internal.CHValueEnum	String	Public, Static, Literal, HasDefault
0x040001B6	ContentManifest.Internal.CHValueEnum	Number	Public, Static, Literal, HasDefault
0x040001B7	ContentManifest.Internal.CHValueEnum	Boolean	Public, Static, Literal, HasDefault
0x040001B8	ContentManifest.Internal.CHValueEnum	Null	Public, Static, Literal, HasDefault
0x040001B9	ContentManifest.Internal.CHValueEnum	Unknown	Public, Static, Literal, HasDefault
0x040001BA	ContentManifest.Internal.CHValueUnion	ValueObject	Public
0x040001BB	ContentManifest.Internal.CHValueUnion	ValueArray	Public
0x040001BC	ContentManifest.Internal.CHValueUnion	ValueString	Public
0x040001BD	ContentManifest.Internal.CHValueUnion	ValueNumber	Public
0x040001BE	ContentManifest.Internal.CHValueUnion	ValueBoolean	Public
0x040001BF	ContentManifest.Internal.CHValueUnion	ValueNull	Public
0x040001C0	StardewValley.AnimatedSprite	spriteTexture	Public
0x040001C1	StardewValley.AnimatedSprite	loadedTexture	Public
0x040001C2	StardewValley.AnimatedSprite	overrideTextureName	Public
0x040001C3	StardewValley.AnimatedSprite	textureName	Public, InitOnly
0x040001C4	StardewValley.AnimatedSprite	timer	Public
0x040001C5	StardewValley.AnimatedSprite	interval	Public
0x040001C6	StardewValley.AnimatedSprite	framesPerAnimation	Public
0x040001C7	StardewValley.AnimatedSprite	currentFrame	Public
0x040001C8	StardewValley.AnimatedSprite	spriteWidth	Public, InitOnly
0x040001C9	StardewValley.AnimatedSprite	spriteHeight	Public, InitOnly
0x040001CA	StardewValley.AnimatedSprite	tempSpriteHeight	Public
0x040001CB	StardewValley.AnimatedSprite	sourceRect	Public
0x040001CC	StardewValley.AnimatedSprite	loop	Public
0x040001CD	StardewValley.AnimatedSprite	ignoreStopAnimation	Public
0x040001CE	StardewValley.AnimatedSprite	textureUsesFlippedRightForLeft	Public
0x040001CF	StardewValley.AnimatedSprite	endOfAnimationFunction	Public
0x040001D0	StardewValley.AnimatedSprite	currentAnimation	Public, InitOnly
0x040001D1	StardewValley.AnimatedSprite	oldFrame	Public
0x040001D2	StardewValley.AnimatedSprite	currentAnimationIndex	Public
0x040001D3	StardewValley.AnimatedSprite	contentManager	Family
0x040001D4	StardewValley.AnimatedSprite	<NetFields>k__BackingField	Private, InitOnly
0x040001D5	StardewValley.AnimatedSprite	<Owner>k__BackingField	Private
0x040001D6	StardewValley.AnimatedSprite	ignoreSourceRectUpdates	Public
0x040001D7	StardewValley.Background	defaultChunkIndex	Public
0x040001D8	StardewValley.Background	numChunksInSheet	Public
0x040001D9	StardewValley.Background	chanceForDeviationFromDefault	Public
0x040001DA	StardewValley.Background	backgroundImage	Family
0x040001DB	StardewValley.Background	cloudsTexture	Family
0x040001DC	StardewValley.Background	position	Family
0x040001DD	StardewValley.Background	chunksWide	Family
0x040001DE	StardewValley.Background	chunksHigh	Family
0x040001DF	StardewValley.Background	chunkWidth	Family
0x040001E0	StardewValley.Background	chunkHeight	Family
0x040001E1	StardewValley.Background	chunks	Family
0x040001E2	StardewValley.Background	zoom	Family
0x040001E3	StardewValley.Background	c	Public
0x040001E4	StardewValley.Background	summitBG	Family
0x040001E5	StardewValley.Background	onlyMapBG	Family
0x040001E6	StardewValley.Background	yOffset	Public
0x040001E7	StardewValley.Background	tempSprites	Public
0x040001E8	StardewValley.Background	initialViewportY	Family
0x040001E9	StardewValley.Background	cursed	Public
0x040001EA	StardewValley.Background	location	Family
0x040001EB	StardewValley.BatTemporarySprite	texture	Public
0x040001EC	StardewValley.BatTemporarySprite	moveLeft	Private
0x040001ED	StardewValley.BatTemporarySprite	horizontalSpeed	Private
0x040001EE	StardewValley.BatTemporarySprite	verticalSpeed	Private
0x040001EF	StardewValley.Buff	glowRate	Public, Static, Literal, HasDefault
0x040001F0	StardewValley.Buff	ENDLESS	Public, Static, Literal, HasDefault
0x040001F1	StardewValley.Buff	farming	Public, Static, Literal, HasDefault
0x040001F2	StardewValley.Buff	fishing	Public, Static, Literal, HasDefault
0x040001F3	StardewValley.Buff	mining	Public, Static, Literal, HasDefault
0x040001F4	StardewValley.Buff	luck	Public, Static, Literal, HasDefault
0x040001F5	StardewValley.Buff	foraging	Public, Static, Literal, HasDefault
0x040001F6	StardewValley.Buff	maxStamina	Public, Static, Literal, HasDefault
0x040001F7	StardewValley.Buff	magneticRadius	Public, Static, Literal, HasDefault
0x040001F8	StardewValley.Buff	speed	Public, Static, Literal, HasDefault
0x040001F9	StardewValley.Buff	defense	Public, Static, Literal, HasDefault
0x040001FA	StardewValley.Buff	attack	Public, Static, Literal, HasDefault
0x040001FB	StardewValley.Buff	goblinsCurse	Public, Static, Literal, HasDefault
0x040001FC	StardewValley.Buff	slimed	Public, Static, Literal, HasDefault
0x040001FD	StardewValley.Buff	evilEye	Public, Static, Literal, HasDefault
0x040001FE	StardewValley.Buff	tipsy	Public, Static, Literal, HasDefault
0x040001FF	StardewValley.Buff	fear	Public, Static, Literal, HasDefault
0x04000200	StardewValley.Buff	frozen	Public, Static, Literal, HasDefault
0x04000201	StardewValley.Buff	warriorEnergy	Public, Static, Literal, HasDefault
0x04000202	StardewValley.Buff	yobaBlessing	Public, Static, Literal, HasDefault
0x04000203	StardewValley.Buff	adrenalineRush	Public, Static, Literal, HasDefault
0x04000204	StardewValley.Buff	avoidMonsters	Public, Static, Literal, HasDefault
0x04000205	StardewValley.Buff	full	Public, Static, Literal, HasDefault
0x04000206	StardewValley.Buff	quenched	Public, Static, Literal, HasDefault
0x04000207	StardewValley.Buff	spawnMonsters	Public, Static, Literal, HasDefault
0x04000208	StardewValley.Buff	nauseous	Public, Static, Literal, HasDefault
0x04000209	StardewValley.Buff	darkness	Public, Static, Literal, HasDefault
0x0400020A	StardewValley.Buff	weakness	Public, Static, Literal, HasDefault
0x0400020B	StardewValley.Buff	squidInkRavioli	Public, Static, Literal, HasDefault
0x0400020C	StardewValley.Buff	fullnessLength	Public, Static, Literal, HasDefault
0x0400020D	StardewValley.Buff	quenchedLength	Public, Static, Literal, HasDefault
0x0400020E	StardewValley.Buff	millisecondsDuration	Public
0x0400020F	StardewValley.Buff	totalMillisecondsDuration	Public
0x04000210	StardewValley.Buff	effects	Public, InitOnly
0x04000211	StardewValley.Buff	id	Public, InitOnly
0x04000212	StardewValley.Buff	displayName	Public
0x04000213	StardewValley.Buff	description	Public
0x04000214	StardewValley.Buff	source	Public
0x04000215	StardewValley.Buff	displaySource	Public
0x04000216	StardewValley.Buff	iconTexture	Public
0x04000217	StardewValley.Buff	iconSheetIndex	Public
0x04000218	StardewValley.Buff	glow	Public
0x04000219	StardewValley.Buff	displayAlphaTimer	Public
0x0400021A	StardewValley.Buff	alreadyUpdatedIconAlpha	Public
0x0400021B	StardewValley.Buff	actionsOnApply	Public
0x0400021C	StardewValley.Buff	visible	Public
0x0400021D	StardewValley.Buff	customFields	Public, InitOnly
0x0400021E	StardewValley.BuildingPainter	paintMaskLookup	Public, Static
0x0400021F	StardewValley.BuildingPaintColor	<NetFields>k__BackingField	Private, InitOnly
0x04000220	StardewValley.BuildingPaintColor	ColorName	Public
0x04000221	StardewValley.BuildingPaintColor	Color1Default	Public
0x04000222	StardewValley.BuildingPaintColor	Color1Hue	Public
0x04000223	StardewValley.BuildingPaintColor	Color1Saturation	Public
0x04000224	StardewValley.BuildingPaintColor	Color1Lightness	Public
0x04000225	StardewValley.BuildingPaintColor	Color2Default	Public
0x04000226	StardewValley.BuildingPaintColor	Color2Hue	Public
0x04000227	StardewValley.BuildingPaintColor	Color2Saturation	Public
0x04000228	StardewValley.BuildingPaintColor	Color2Lightness	Public
0x04000229	StardewValley.BuildingPaintColor	Color3Default	Public
0x0400022A	StardewValley.BuildingPaintColor	Color3Hue	Public
0x0400022B	StardewValley.BuildingPaintColor	Color3Saturation	Public
0x0400022C	StardewValley.BuildingPaintColor	Color3Lightness	Public
0x0400022D	StardewValley.BuildingPaintColor	_dirty	Family
0x0400022E	StardewValley.BundleGenerator	randomBundleData	Public
0x0400022F	StardewValley.BundleGenerator	bundleData	Public
0x04000230	StardewValley.BundleGenerator	random	Public
0x04000231	StardewValley.ButtonCollection	_pressed	Private, InitOnly
0x04000232	StardewValley.ButtonCollection	_count	Private, InitOnly
0x04000233	StardewValley.Character	emoteBeginInterval	Public, Static, Literal, HasDefault
0x04000234	StardewValley.Character	emoteNormalInterval	Public, Static, Literal, HasDefault
0x04000235	StardewValley.Character	emptyCanEmote	Public, Static, Literal, HasDefault
0x04000236	StardewValley.Character	questionMarkEmote	Public, Static, Literal, HasDefault
0x04000237	StardewValley.Character	angryEmote	Public, Static, Literal, HasDefault
0x04000238	StardewValley.Character	exclamationEmote	Public, Static, Literal, HasDefault
0x04000239	StardewValley.Character	heartEmote	Public, Static, Literal, HasDefault
0x0400023A	StardewValley.Character	sleepEmote	Public, Static, Literal, HasDefault
0x0400023B	StardewValley.Character	sadEmote	Public, Static, Literal, HasDefault
0x0400023C	StardewValley.Character	happyEmote	Public, Static, Literal, HasDefault
0x0400023D	StardewValley.Character	xEmote	Public, Static, Literal, HasDefault
0x0400023E	StardewValley.Character	pauseEmote	Public, Static, Literal, HasDefault
0x0400023F	StardewValley.Character	videoGameEmote	Public, Static, Literal, HasDefault
0x04000240	StardewValley.Character	musicNoteEmote	Public, Static, Literal, HasDefault
0x04000241	StardewValley.Character	blushEmote	Public, Static, Literal, HasDefault
0x04000242	StardewValley.Character	blockedIntervalBeforeEmote	Public, Static, Literal, HasDefault
0x04000243	StardewValley.Character	blockedIntervalBeforeSprint	Public, Static, Literal, HasDefault
0x04000244	StardewValley.Character	chanceForSound	Public, Static, Literal, HasDefault
0x04000245	StardewValley.Character	ClearPositionValue	Private, Static
0x04000246	StardewValley.Character	cachedStandingPixel	Private
0x04000247	StardewValley.Character	cachedTile	Private
0x04000248	StardewValley.Character	cachedTilePoint	Private
0x04000249	StardewValley.Character	pixelPositionForCachedStandingPixel	Private
0x0400024A	StardewValley.Character	pixelPositionForCachedTile	Private
0x0400024B	StardewValley.Character	pixelPositionForCachedTilePoint	Private
0x0400024C	StardewValley.Character	<Gender>k__BackingField	Private
0x0400024D	StardewValley.Character	hideFromAnimalSocialMenu	Public, InitOnly
0x0400024E	StardewValley.Character	sprite	Public, InitOnly
0x0400024F	StardewValley.Character	position	Public, InitOnly
0x04000250	StardewValley.Character	netSpeed	Private, InitOnly
0x04000251	StardewValley.Character	netAddedSpeed	Private, InitOnly
0x04000252	StardewValley.Character	facingDirection	Public, InitOnly
0x04000253	StardewValley.Character	blockedInterval	Public
0x04000254	StardewValley.Character	faceTowardFarmerTimer	Public
0x04000255	StardewValley.Character	forceUpdateTimer	Public
0x04000256	StardewValley.Character	movementPause	Public
0x04000257	StardewValley.Character	faceTowardFarmerEvent	Public
0x04000258	StardewValley.Character	faceTowardFarmerRadius	Public, InitOnly
0x04000259	StardewValley.Character	simpleNonVillagerNPC	Public, InitOnly
0x0400025A	StardewValley.Character	nonVillagerNPCTimesTalked	Public
0x0400025B	StardewValley.Character	name	Public, InitOnly
0x0400025C	StardewValley.Character	forceOneTileWide	Public, InitOnly
0x0400025D	StardewValley.Character	moveUp	Family
0x0400025E	StardewValley.Character	moveRight	Family
0x0400025F	StardewValley.Character	moveDown	Family
0x04000260	StardewValley.Character	moveLeft	Family
0x04000261	StardewValley.Character	freezeMotion	Family
0x04000262	StardewValley.Character	_displayName	Private
0x04000263	StardewValley.Character	isEmoting	Public
0x04000264	StardewValley.Character	isCharging	Public
0x04000265	StardewValley.Character	isGlowing	Public
0x04000266	StardewValley.Character	coloredBorder	Public
0x04000267	StardewValley.Character	flip	Public
0x04000268	StardewValley.Character	drawOnTop	Public
0x04000269	StardewValley.Character	faceTowardFarmer	Public
0x0400026A	StardewValley.Character	ignoreMovementAnimation	Public
0x0400026B	StardewValley.Character	hasJustStartedFacingPlayer	Public
0x0400026C	StardewValley.Character	faceAwayFromFarmer	Public, InitOnly
0x0400026D	StardewValley.Character	currentEmote	Family
0x0400026E	StardewValley.Character	currentEmoteFrame	Family
0x0400026F	StardewValley.Character	facingDirectionBeforeSpeakingToPlayer	Family, InitOnly
0x04000270	StardewValley.Character	emoteInterval	Public
0x04000271	StardewValley.Character	xVelocity	Public
0x04000272	StardewValley.Character	yVelocity	Public
0x04000273	StardewValley.Character	lastClick	Public
0x04000274	StardewValley.Character	scale	Public, InitOnly
0x04000275	StardewValley.Character	glowingTransparency	Public
0x04000276	StardewValley.Character	glowRate	Public
0x04000277	StardewValley.Character	glowUp	Private
0x04000278	StardewValley.Character	swimming	Public, InitOnly
0x04000279	StardewValley.Character	nextEventcommandAfterEmote	Public
0x0400027A	StardewValley.Character	farmerPassesThrough	Public
0x0400027B	StardewValley.Character	netEventActor	Public
0x0400027C	StardewValley.Character	collidesWithOtherCharacters	Public, InitOnly
0x0400027D	StardewValley.Character	ignoreMovementAnimations	Family
0x0400027E	StardewValley.Character	yJumpOffset	Public
0x0400027F	StardewValley.Character	ySourceRectOffset	Public
0x04000280	StardewValley.Character	yJumpVelocity	Public
0x04000281	StardewValley.Character	yJumpGravity	Public
0x04000282	StardewValley.Character	wasJumpWithSound	Public
0x04000283	StardewValley.Character	whoToFace	Private, InitOnly
0x04000284	StardewValley.Character	glowingColor	Public
0x04000285	StardewValley.Character	controller	Public
0x04000286	StardewValley.Character	emoteFading	Private
0x04000287	StardewValley.Character	_willDestroyObjectsUnderfoot	Private, InitOnly
0x04000288	StardewValley.Character	currentLocationRef	Family, InitOnly
0x04000289	StardewValley.Character	<modData>k__BackingField	Private, InitOnly
0x0400028A	StardewValley.Character	<NetFields>k__BackingField	Private, InitOnly
0x0400028B	StardewValley.Character	originalSourceRect	Private
0x0400028C	StardewValley.Character	emoteYOffset	Family
0x0400028D	StardewValley.Character	AdjacentTilesOffsets	Public, Static, InitOnly
0x0400028E	StardewValley.Character	drawOffset	Public
0x0400028F	StardewValley.Character	shouldShadowBeOffset	Public
0x04000290	StardewValley.ChatCommands	Handlers	Private, Static, InitOnly
0x04000291	StardewValley.ChatCommands	Aliases	Private, Static, InitOnly
0x04000292	StardewValley.Chunk	MinSinkTimer	Public, Static, Literal, HasDefault
0x04000293	StardewValley.Chunk	MaxSinkTimer	Public, Static, Literal, HasDefault
0x04000294	StardewValley.Chunk	position	Public
0x04000295	StardewValley.Chunk	xVelocity	Public, InitOnly
0x04000296	StardewValley.Chunk	yVelocity	Public, InitOnly
0x04000297	StardewValley.Chunk	hasPassedRestingLineOnce	Public, InitOnly
0x04000298	StardewValley.Chunk	bounces	Public
0x04000299	StardewValley.Chunk	bob	Public
0x0400029A	StardewValley.Chunk	sinkTimer	Public, InitOnly
0x0400029B	StardewValley.Chunk	netDebrisType	Public, InitOnly
0x0400029C	StardewValley.Chunk	hitWall	Public
0x0400029D	StardewValley.Chunk	xSpriteSheet	Public, InitOnly
0x0400029E	StardewValley.Chunk	ySpriteSheet	Public, InitOnly
0x0400029F	StardewValley.Chunk	rotation	Public
0x040002A0	StardewValley.Chunk	rotationVelocity	Public
0x040002A1	StardewValley.Chunk	netScale	Private, InitOnly
0x040002A2	StardewValley.Chunk	netAlpha	Private, InitOnly
0x040002A3	StardewValley.Chunk	<NetFields>k__BackingField	Private, InitOnly
0x040002A4	StardewValley.CosmeticDebris	gravity	Public, Static, Literal, HasDefault
0x040002A5	StardewValley.CosmeticDebris	bounciness	Public, Static, Literal, HasDefault
0x040002A6	StardewValley.CosmeticDebris	position	Private
0x040002A7	StardewValley.CosmeticDebris	rotation	Private
0x040002A8	StardewValley.CosmeticDebris	rotationSpeed	Private
0x040002A9	StardewValley.CosmeticDebris	xVelocity	Private
0x040002AA	StardewValley.CosmeticDebris	yVelocity	Private
0x040002AB	StardewValley.CosmeticDebris	sourceRect	Private
0x040002AC	StardewValley.CosmeticDebris	groundYLevel	Private
0x040002AD	StardewValley.CosmeticDebris	disappearTimer	Private
0x040002AE	StardewValley.CosmeticDebris	lightTailLength	Private
0x040002AF	StardewValley.CosmeticDebris	timeToDisappearAfterReachingGround	Private
0x040002B0	StardewValley.CosmeticDebris	id	Private
0x040002B1	StardewValley.CosmeticDebris	color	Private
0x040002B2	StardewValley.CosmeticDebris	tapSound	Private
0x040002B3	StardewValley.CosmeticDebris	light	Private
0x040002B4	StardewValley.CosmeticDebris	lightTail	Private
0x040002B5	StardewValley.CosmeticDebris	texture	Private
0x040002B6	StardewValley.CraftingRecipe	wild_seed_special_category	Public, Static, Literal, HasDefault
0x040002B7	StardewValley.CraftingRecipe	index_ingredients	Public, Static, Literal, HasDefault
0x040002B8	StardewValley.CraftingRecipe	index_output	Public, Static, Literal, HasDefault
0x040002B9	StardewValley.CraftingRecipe	index_cookingUnlockConditions	Public, Static, Literal, HasDefault
0x040002BA	StardewValley.CraftingRecipe	index_cookingDisplayName	Public, Static, Literal, HasDefault
0x040002BB	StardewValley.CraftingRecipe	index_craftingBigCraftable	Public, Static, Literal, HasDefault
0x040002BC	StardewValley.CraftingRecipe	index_craftingUnlockConditions	Public, Static, Literal, HasDefault
0x040002BD	StardewValley.CraftingRecipe	index_craftingDisplayName	Public, Static, Literal, HasDefault
0x040002BE	StardewValley.CraftingRecipe	name	Public
0x040002BF	StardewValley.CraftingRecipe	DisplayName	Public
0x040002C0	StardewValley.CraftingRecipe	description	Public
0x040002C1	StardewValley.CraftingRecipe	craftingRecipes	Public, Static
0x040002C2	StardewValley.CraftingRecipe	cookingRecipes	Public, Static
0x040002C3	StardewValley.CraftingRecipe	recipeList	Public
0x040002C4	StardewValley.CraftingRecipe	itemToProduce	Public
0x040002C5	StardewValley.CraftingRecipe	bigCraftable	Public
0x040002C6	StardewValley.CraftingRecipe	isCookingRecipe	Public
0x040002C7	StardewValley.CraftingRecipe	timesCrafted	Public
0x040002C8	StardewValley.CraftingRecipe	numberProducedPerCraft	Public
0x040002C9	StardewValley.Crop	mixedSeedsId	Public, Static, Literal, HasDefault
0x040002CA	StardewValley.Crop	mixedSeedsQId	Public, Static, Literal, HasDefault
0x040002CB	StardewValley.Crop	seedPhase	Public, Static, Literal, HasDefault
0x040002CC	StardewValley.Crop	rowOfWildSeeds	Public, Static, Literal, HasDefault
0x040002CD	StardewValley.Crop	finalPhaseLength	Public, Static, Literal, HasDefault
0x040002CE	StardewValley.Crop	forageCrop_springOnion	Public, Static, Literal, HasDefault
0x040002CF	StardewValley.Crop	forageCrop_springOnionID	Public, Static, Literal, HasDefault
0x040002D0	StardewValley.Crop	forageCrop_ginger	Public, Static, Literal, HasDefault
0x040002D1	StardewValley.Crop	forageCrop_gingerID	Public, Static, Literal, HasDefault
0x040002D2	StardewValley.Crop	specialVariable_farmedForageCrop	Public, Static, Literal, HasDefault
0x040002D3	StardewValley.Crop	currentLocationImpl	Private
0x040002D4	StardewValley.Crop	phaseDays	Public, InitOnly
0x040002D5	StardewValley.Crop	rowInSpriteSheet	Public, InitOnly
0x040002D6	StardewValley.Crop	phaseToShow	Public, InitOnly
0x040002D7	StardewValley.Crop	currentPhase	Public, InitOnly
0x040002D8	StardewValley.Crop	indexOfHarvest	Public, InitOnly
0x040002D9	StardewValley.Crop	dayOfCurrentPhase	Public, InitOnly
0x040002DA	StardewValley.Crop	whichForageCrop	Public, InitOnly
0x040002DB	StardewValley.Crop	replaceWithObjectOnFullGrown	Public, InitOnly
0x040002DC	StardewValley.Crop	tintColor	Public, InitOnly
0x040002DD	StardewValley.Crop	flip	Public, InitOnly
0x040002DE	StardewValley.Crop	fullyGrown	Public, InitOnly
0x040002DF	StardewValley.Crop	raisedSeeds	Public, InitOnly
0x040002E0	StardewValley.Crop	programColored	Public, InitOnly
0x040002E1	StardewValley.Crop	dead	Public, InitOnly
0x040002E2	StardewValley.Crop	forageCrop	Public, InitOnly
0x040002E3	StardewValley.Crop	netSeedIndex	Public, InitOnly
0x040002E4	StardewValley.Crop	overrideTexturePath	Public, InitOnly
0x040002E5	StardewValley.Crop	_drawnTexture	Family
0x040002E6	StardewValley.Crop	_isErrorCrop	Family
0x040002E7	StardewValley.Crop	<Dirt>k__BackingField	Private
0x040002E8	StardewValley.Crop	<modData>k__BackingField	Private, InitOnly
0x040002E9	StardewValley.Crop	<NetFields>k__BackingField	Private, InitOnly
0x040002EA	StardewValley.Crop	drawPosition	Public
0x040002EB	StardewValley.Crop	tilePosition	Public
0x040002EC	StardewValley.Crop	layerDepth	Public
0x040002ED	StardewValley.Crop	coloredLayerDepth	Public
0x040002EE	StardewValley.Crop	sourceRect	Public
0x040002EF	StardewValley.Crop	coloredSourceRect	Public
0x040002F0	StardewValley.Crop	origin	Private, Static
0x040002F1	StardewValley.Crop	smallestTileSizeOrigin	Private, Static
0x040002F2	StardewValley.CueWrapper	cue	Private
0x040002F3	StardewValley.Debris	copperDebris	Public, Static, Literal, HasDefault
0x040002F4	StardewValley.Debris	ironDebris	Public, Static, Literal, HasDefault
0x040002F5	StardewValley.Debris	coalDebris	Public, Static, Literal, HasDefault
0x040002F6	StardewValley.Debris	goldDebris	Public, Static, Literal, HasDefault
0x040002F7	StardewValley.Debris	coinsDebris	Public, Static, Literal, HasDefault
0x040002F8	StardewValley.Debris	iridiumDebris	Public, Static, Literal, HasDefault
0x040002F9	StardewValley.Debris	woodDebris	Public, Static, Literal, HasDefault
0x040002FA	StardewValley.Debris	stoneDebris	Public, Static, Literal, HasDefault
0x040002FB	StardewValley.Debris	bigStoneDebris	Public, Static, Literal, HasDefault
0x040002FC	StardewValley.Debris	bigWoodDebris	Public, Static, Literal, HasDefault
0x040002FD	StardewValley.Debris	timesToBounce	Public, Static, Literal, HasDefault
0x040002FE	StardewValley.Debris	gravity	Public, Static, Literal, HasDefault
0x040002FF	StardewValley.Debris	timeToWaitBeforeRemoval	Public, Static, Literal, HasDefault
0x04000300	StardewValley.Debris	marginForChunkPickup	Public, Static, Literal, HasDefault
0x04000301	StardewValley.Debris	white	Public, Static, Literal, HasDefault
0x04000302	StardewValley.Debris	green	Public, Static, Literal, HasDefault
0x04000303	StardewValley.Debris	blue	Public, Static, Literal, HasDefault
0x04000304	StardewValley.Debris	red	Public, Static, Literal, HasDefault
0x04000305	StardewValley.Debris	yellow	Public, Static, Literal, HasDefault
0x04000306	StardewValley.Debris	black	Public, Static, Literal, HasDefault
0x04000307	StardewValley.Debris	charcoal	Public, Static, Literal, HasDefault
0x04000308	StardewValley.Debris	gray	Public, Static, Literal, HasDefault
0x04000309	StardewValley.Debris	relativeXPosition	Private
0x0400030A	StardewValley.Debris	chunks	Private, InitOnly
0x0400030B	StardewValley.Debris	chunkType	Public, InitOnly
0x0400030C	StardewValley.Debris	sizeOfSourceRectSquares	Public, InitOnly
0x0400030D	StardewValley.Debris	netItemQuality	Private, InitOnly
0x0400030E	StardewValley.Debris	netChunkFinalYLevel	Private, InitOnly
0x0400030F	StardewValley.Debris	netChunkFinalYTarget	Private, InitOnly
0x04000310	StardewValley.Debris	timeSinceDoneBouncing	Public
0x04000311	StardewValley.Debris	scale	Public, InitOnly
0x04000312	StardewValley.Debris	_chunksMoveTowardsPlayer	Family
0x04000313	StardewValley.Debris	DroppedByPlayerID	Public, InitOnly
0x04000314	StardewValley.Debris	movingUp	Private
0x04000315	StardewValley.Debris	floppingFish	Public, InitOnly
0x04000316	StardewValley.Debris	isFishable	Public
0x04000317	StardewValley.Debris	movingFinalYLevel	Public
0x04000318	StardewValley.Debris	debrisType	Public, InitOnly
0x04000319	StardewValley.Debris	isSinking	Public, InitOnly
0x0400031A	StardewValley.Debris	debrisMessage	Public, InitOnly
0x0400031B	StardewValley.Debris	nonSpriteChunkColor	Public, InitOnly
0x0400031C	StardewValley.Debris	chunksColor	Public, InitOnly
0x0400031D	StardewValley.Debris	animationTimer	Private
0x0400031E	StardewValley.Debris	timeBeforeReturnToDroppingPlayer	Private
0x0400031F	StardewValley.Debris	spriteChunkSheetName	Public, InitOnly
0x04000320	StardewValley.Debris	_spriteChunkSheet	Private
0x04000321	StardewValley.Debris	itemId	Public, InitOnly
0x04000322	StardewValley.Debris	netItem	Private, InitOnly
0x04000323	StardewValley.Debris	toHover	Public
0x04000324	StardewValley.Debris	player	Public, InitOnly
0x04000325	StardewValley.Debris	<NetFields>k__BackingField	Private, InitOnly
0x04000326	StardewValley.DebugCommands	Handlers	Private, Static, InitOnly
0x04000327	StardewValley.DebugCommands	Aliases	Private, Static, InitOnly
0x04000328	StardewValley.DebugMetricsComponent	_game	Private, InitOnly
0x04000329	StardewValley.DebugMetricsComponent	_font	Private
0x0400032A	StardewValley.DebugMetricsComponent	_spriteBatch	Private
0x0400032B	StardewValley.DebugMetricsComponent	_drawX	Private
0x0400032C	StardewValley.DebugMetricsComponent	_drawY	Private
0x0400032D	StardewValley.DebugMetricsComponent	_fps	Private
0x0400032E	StardewValley.DebugMetricsComponent	_mspf	Private
0x0400032F	StardewValley.DebugMetricsComponent	_lastCollection	Private
0x04000330	StardewValley.DebugMetricsComponent	_lastBaseMB	Private
0x04000331	StardewValley.DebugMetricsComponent	_runningSlowly	Private
0x04000332	StardewValley.DebugMetricsComponent	_stringBuilder	Private
0x04000333	StardewValley.DebugMetricsComponent	_opaqueWhite	Private
0x04000334	StardewValley.DebugMetricsComponent	XOffset	Public
0x04000335	StardewValley.DebugMetricsComponent	YOffset	Public
0x04000336	StardewValley.DebugMetricsComponent	bandwidthMonitor	Private
0x04000337	StardewValley.DebugMetricsComponent	bandwidthUpGraph	Private
0x04000338	StardewValley.DebugMetricsComponent	bandwidthDownGraph	Private
0x04000339	StardewValley.DebugTimings	DrawPos	Private, Static, InitOnly
0x0400033A	StardewValley.DebugTimings	StopwatchDraw	Private, InitOnly
0x0400033B	StardewValley.DebugTimings	StopwatchUpdate	Private, InitOnly
0x0400033C	StardewValley.DebugTimings	LastTimingDraw	Private
0x0400033D	StardewValley.DebugTimings	LastTimingUpdate	Private
0x0400033E	StardewValley.DebugTimings	DrawTextWidth	Private
0x0400033F	StardewValley.DebugTimings	Active	Private
0x04000340	StardewValley.DebugTools	_mainThreadId	Private, Static
0x04000341	StardewValley.DebugTools	CommentFormat	Private, Static, Literal, HasDefault
0x04000342	StardewValley.DebugTools	_metrics	Public, Static
0x04000343	StardewValley.DebugTools	_noFpsCap	Private, Static
0x04000344	StardewValley.DelayedAction	timeUntilAction	Public
0x04000345	StardewValley.DelayedAction	intData	Public
0x04000346	StardewValley.DelayedAction	floatData	Public
0x04000347	StardewValley.DelayedAction	stringData	Public
0x04000348	StardewValley.DelayedAction	pointData	Public
0x04000349	StardewValley.DelayedAction	character	Public
0x0400034A	StardewValley.DelayedAction	location	Public
0x0400034B	StardewValley.DelayedAction	behavior	Public
0x0400034C	StardewValley.DelayedAction	afterFadeBehavior	Public
0x0400034D	StardewValley.DelayedAction	waitUntilMenusGone	Public
0x0400034E	StardewValley.DelayedAction	temporarySpriteData	Public
0x0400034F	StardewValley.DesktopClipboard	IsAvailable	Public, Static, Literal, HasDefault
0x04000350	StardewValley.Dialogue	dialogueHappy	Public, Static, Literal, HasDefault
0x04000351	StardewValley.Dialogue	dialogueSad	Public, Static, Literal, HasDefault
0x04000352	StardewValley.Dialogue	dialogueUnique	Public, Static, Literal, HasDefault
0x04000353	StardewValley.Dialogue	dialogueNeutral	Public, Static, Literal, HasDefault
0x04000354	StardewValley.Dialogue	dialogueLove	Public, Static, Literal, HasDefault
0x04000355	StardewValley.Dialogue	dialogueAngry	Public, Static, Literal, HasDefault
0x04000356	StardewValley.Dialogue	dialogueEnd	Public, Static, Literal, HasDefault
0x04000357	StardewValley.Dialogue	dialogueCommandPrefix	Public, Static, Literal, HasDefault
0x04000358	StardewValley.Dialogue	dialogueBreak	Public, Static, Literal, HasDefault
0x04000359	StardewValley.Dialogue	dialogueBreakDelimited	Public, Static, Literal, HasDefault
0x0400035A	StardewValley.Dialogue	multipleDialogueDelineator	Public, Static, Literal, HasDefault
0x0400035B	StardewValley.Dialogue	dialogueKill	Public, Static, Literal, HasDefault
0x0400035C	StardewValley.Dialogue	dialogueChance	Public, Static, Literal, HasDefault
0x0400035D	StardewValley.Dialogue	dialogueDependingOnWorldState	Public, Static, Literal, HasDefault
0x0400035E	StardewValley.Dialogue	dialogueEvent	Public, Static, Literal, HasDefault
0x0400035F	StardewValley.Dialogue	dialogueQuickResponse	Public, Static, Literal, HasDefault
0x04000360	StardewValley.Dialogue	dialoguePrerequisite	Public, Static, Literal, HasDefault
0x04000361	StardewValley.Dialogue	dialogueSingle	Public, Static, Literal, HasDefault
0x04000362	StardewValley.Dialogue	dialogueGameStateQuery	Public, Static, Literal, HasDefault
0x04000363	StardewValley.Dialogue	dialogueGenderSwitch_startBlock	Public, Static, Literal, HasDefault
0x04000364	StardewValley.Dialogue	dialogueGenderSwitch_endBlock	Public, Static, Literal, HasDefault
0x04000365	StardewValley.Dialogue	dialogueRunAction	Public, Static, Literal, HasDefault
0x04000366	StardewValley.Dialogue	dialogueStartConversationTopic	Public, Static, Literal, HasDefault
0x04000367	StardewValley.Dialogue	dialogueQuestion	Public, Static, Literal, HasDefault
0x04000368	StardewValley.Dialogue	dialogueResponse	Public, Static, Literal, HasDefault
0x04000369	StardewValley.Dialogue	breakSpecialCharacter	Public, Static, Literal, HasDefault
0x0400036A	StardewValley.Dialogue	playerNameSpecialCharacter	Public, Static, Literal, HasDefault
0x0400036B	StardewValley.Dialogue	genderDialogueSplitCharacter	Public, Static, Literal, HasDefault
0x0400036C	StardewValley.Dialogue	genderDialogueSplitCharacter2	Public, Static, Literal, HasDefault
0x0400036D	StardewValley.Dialogue	quickResponseDelineator	Public, Static, Literal, HasDefault
0x0400036E	StardewValley.Dialogue	randomAdjectiveSpecialCharacter	Public, Static, Literal, HasDefault
0x0400036F	StardewValley.Dialogue	randomNounSpecialCharacter	Public, Static, Literal, HasDefault
0x04000370	StardewValley.Dialogue	randomPlaceSpecialCharacter	Public, Static, Literal, HasDefault
0x04000371	StardewValley.Dialogue	spouseSpecialCharacter	Public, Static, Literal, HasDefault
0x04000372	StardewValley.Dialogue	randomNameSpecialCharacter	Public, Static, Literal, HasDefault
0x04000373	StardewValley.Dialogue	firstNameLettersSpecialCharacter	Public, Static, Literal, HasDefault
0x04000374	StardewValley.Dialogue	timeSpecialCharacter	Public, Static, Literal, HasDefault
0x04000375	StardewValley.Dialogue	bandNameSpecialCharacter	Public, Static, Literal, HasDefault
0x04000376	StardewValley.Dialogue	bookNameSpecialCharacter	Public, Static, Literal, HasDefault
0x04000377	StardewValley.Dialogue	petSpecialCharacter	Public, Static, Literal, HasDefault
0x04000378	StardewValley.Dialogue	farmNameSpecialCharacter	Public, Static, Literal, HasDefault
0x04000379	StardewValley.Dialogue	favoriteThingSpecialCharacter	Public, Static, Literal, HasDefault
0x0400037A	StardewValley.Dialogue	eventForkSpecialCharacter	Public, Static, Literal, HasDefault
0x0400037B	StardewValley.Dialogue	yearSpecialCharacter	Public, Static, Literal, HasDefault
0x0400037C	StardewValley.Dialogue	kid1specialCharacter	Public, Static, Literal, HasDefault
0x0400037D	StardewValley.Dialogue	kid2SpecialCharacter	Public, Static, Literal, HasDefault
0x0400037E	StardewValley.Dialogue	revealTasteCharacter	Public, Static, Literal, HasDefault
0x0400037F	StardewValley.Dialogue	seasonCharacter	Public, Static, Literal, HasDefault
0x04000380	StardewValley.Dialogue	dontfacefarmer	Public, Static, Literal, HasDefault
0x04000381	StardewValley.Dialogue	noPortraitPrefix	Public, Static, Literal, HasDefault
0x04000382	StardewValley.Dialogue	FallbackDialogueForErrorKey	Public, Static, Literal, HasDefault
0x04000383	StardewValley.Dialogue	percentTokens	Public, Static, InitOnly
0x04000384	StardewValley.Dialogue	nameArraysTranslated	Private, Static
0x04000385	StardewValley.Dialogue	adjectives	Public, Static
0x04000386	StardewValley.Dialogue	nouns	Public, Static
0x04000387	StardewValley.Dialogue	verbs	Public, Static
0x04000388	StardewValley.Dialogue	positional	Public, Static
0x04000389	StardewValley.Dialogue	places	Public, Static
0x0400038A	StardewValley.Dialogue	colors	Public, Static
0x0400038B	StardewValley.Dialogue	dialogues	Public
0x0400038C	StardewValley.Dialogue	indexesWithoutPortrait	Public
0x0400038D	StardewValley.Dialogue	playerResponses	Private
0x0400038E	StardewValley.Dialogue	quickResponses	Private
0x0400038F	StardewValley.Dialogue	isLastDialogueInteractive	Private
0x04000390	StardewValley.Dialogue	quickResponse	Private
0x04000391	StardewValley.Dialogue	isCurrentStringContinuedOnNextScreen	Public
0x04000392	StardewValley.Dialogue	finishedLastDialogue	Private
0x04000393	StardewValley.Dialogue	showPortrait	Public
0x04000394	StardewValley.Dialogue	removeOnNextMove	Public
0x04000395	StardewValley.Dialogue	dontFaceFarmer	Public
0x04000396	StardewValley.Dialogue	temporaryDialogueKey	Public
0x04000397	StardewValley.Dialogue	currentDialogueIndex	Public
0x04000398	StardewValley.Dialogue	currentEmotion	Private
0x04000399	StardewValley.Dialogue	speaker	Public
0x0400039A	StardewValley.Dialogue	answerQuestionBehavior	Public
0x0400039B	StardewValley.Dialogue	overridePortrait	Public
0x0400039C	StardewValley.Dialogue	onFinish	Public
0x0400039D	StardewValley.Dialogue	TranslationKey	Public, InitOnly
0x0400039E	StardewValley.DialogueLine	Text	Public
0x0400039F	StardewValley.DialogueLine	SideEffects	Public
0x040003A0	StardewValley.Event	Commands	Family, Static, InitOnly
0x040003A1	StardewValley.Event	CommandAliases	Family, Static, InitOnly
0x040003A2	StardewValley.Event	CommandNames	Family, Static, InitOnly
0x040003A3	StardewValley.Event	Preconditions	Family, Static, InitOnly
0x040003A4	StardewValley.Event	PreconditionAliases	Private, Static, InitOnly
0x040003A5	StardewValley.Event	timeBetweenSpeech	Private, Static, Literal, HasDefault
0x040003A6	StardewValley.Event	festivalTextureName	Public, Static, Literal, HasDefault
0x040003A7	StardewValley.Event	festivalDataAssetName	Private
0x040003A8	StardewValley.Event	id	Public
0x040003A9	StardewValley.Event	fromAssetName	Public
0x040003AA	StardewValley.Event	isFestival	Public
0x040003AB	StardewValley.Event	isWedding	Public
0x040003AC	StardewValley.Event	isMemory	Public
0x040003AD	StardewValley.Event	skippable	Public
0x040003AE	StardewValley.Event	actionsOnSkip	Public
0x040003AF	StardewValley.Event	skipped	Public
0x040003B0	StardewValley.Event	forked	Public
0x040003B1	StardewValley.Event	eventSwitched	Public
0x040003B2	StardewValley.Event	notifyWhenDone	Assembly
0x040003B3	StardewValley.Event	notifyLocationName	Assembly
0x040003B4	StardewValley.Event	notifyLocationIsStructure	Assembly
0x040003B5	StardewValley.Event	festivalContent	Private, InitOnly
0x040003B6	StardewValley.Event	eventCommands	Public
0x040003B7	StardewValley.Event	currentCommand	Public
0x040003B8	StardewValley.Event	actorPositionsAfterMove	Private
0x040003B9	StardewValley.Event	timeAccumulator	Private
0x040003BA	StardewValley.Event	viewportTarget	Private
0x040003BB	StardewValley.Event	previousAmbientLight	Private
0x040003BC	StardewValley.Event	festivalWinners	Private
0x040003BD	StardewValley.Event	temporaryLocation	Private
0x040003BE	StardewValley.Event	festivalData	Private
0x040003BF	StardewValley.Event	_festivalTexture	Private
0x040003C0	StardewValley.Event	drawTool	Private
0x040003C1	StardewValley.Event	hostMessageKey	Private
0x040003C2	StardewValley.Event	previousFacingDirection	Private
0x040003C3	StardewValley.Event	previousAnswerChoice	Private
0x040003C4	StardewValley.Event	startSecretSantaAfterDialogue	Private
0x040003C5	StardewValley.Event	iceFishWinners	Private
0x040003C6	StardewValley.Event	FestivalReadContentLoader	Family, Static
0x040003C7	StardewValley.Event	_playerControlSequence	Family
0x040003C8	StardewValley.Event	_repeatingLocationSpecificCommand	Family
0x040003C9	StardewValley.Event	invalidFestivals	Public, Static
0x040003CA	StardewValley.Event	actors	Public
0x040003CB	StardewValley.Event	props	Public
0x040003CC	StardewValley.Event	festivalProps	Public
0x040003CD	StardewValley.Event	farmerActors	Public
0x040003CE	StardewValley.Event	festivalShops	Public
0x040003CF	StardewValley.Event	npcControllers	Public
0x040003D0	StardewValley.Event	festivalHost	Assembly
0x040003D1	StardewValley.Event	secretSantaRecipient	Public
0x040003D2	StardewValley.Event	mySecretSanta	Public
0x040003D3	StardewValley.Event	underwaterSprites	Public
0x040003D4	StardewValley.Event	aboveMapSprites	Public
0x040003D5	StardewValley.Event	CustomSounds	Public
0x040003D6	StardewValley.Event	currentCustomEventScript	Public
0x040003D7	StardewValley.Event	simultaneousCommand	Public
0x040003D8	StardewValley.Event	farmerAddedSpeed	Public
0x040003D9	StardewValley.Event	int_useMeForAnything	Public
0x040003DA	StardewValley.Event	int_useMeForAnything2	Public
0x040003DB	StardewValley.Event	float_useMeForAnything	Public
0x040003DC	StardewValley.Event	playerControlSequenceID	Public
0x040003DD	StardewValley.Event	spriteTextToDraw	Public
0x040003DE	StardewValley.Event	showActiveObject	Public
0x040003DF	StardewValley.Event	continueAfterMove	Public
0x040003E0	StardewValley.Event	specialEventVariable1	Public
0x040003E1	StardewValley.Event	specialEventVariable2	Public
0x040003E2	StardewValley.Event	showGroundObjects	Public
0x040003E3	StardewValley.Event	doingSecretSanta	Public
0x040003E4	StardewValley.Event	showWorldCharacters	Public
0x040003E5	StardewValley.Event	ignoreObjectCollisions	Public
0x040003E6	StardewValley.Event	playerControlTargetTile	Public
0x040003E7	StardewValley.Event	characterWalkLocations	Public
0x040003E8	StardewValley.Event	eventPositionTileOffset	Public
0x040003E9	StardewValley.Event	festivalTimer	Public
0x040003EA	StardewValley.Event	grangeScore	Public
0x040003EB	StardewValley.Event	grangeJudged	Public
0x040003EC	StardewValley.Event	ignoreTileOffsets	Public
0x040003ED	StardewValley.Event	stopWatch	Private
0x040003EE	StardewValley.Event	exitLocation	Public
0x040003EF	StardewValley.Event	onEventFinished	Public
0x040003F0	StardewValley.Event	markEventSeen	Public
0x040003F1	StardewValley.Event	eventFinished	Private
0x040003F2	StardewValley.Event	gotPet	Private
0x040003F3	StardewValley.Prop	texture	Private
0x040003F4	StardewValley.Prop	sourceRect	Private
0x040003F5	StardewValley.Prop	drawRect	Private
0x040003F6	StardewValley.Prop	boundingRect	Private
0x040003F7	StardewValley.Prop	solid	Private
0x040003F8	StardewValley.NPCController	puppet	Public
0x040003F9	StardewValley.NPCController	loop	Private
0x040003FA	StardewValley.NPCController	destroyAtNextTurn	Private
0x040003FB	StardewValley.NPCController	path	Private
0x040003FC	StardewValley.NPCController	target	Private
0x040003FD	StardewValley.NPCController	pathIndex	Private
0x040003FE	StardewValley.NPCController	pauseTime	Private
0x040003FF	StardewValley.NPCController	speed	Private
0x04000400	StardewValley.NPCController	behaviorAtEnd	Private
0x04000401	StardewValley.EventScript_GreenTea	Phase_intro	Private, Static, Literal, HasDefault
0x04000402	StardewValley.EventScript_GreenTea	Phase_text1	Private, Static, Literal, HasDefault
0x04000403	StardewValley.EventScript_GreenTea	Phase_text2	Private, Static, Literal, HasDefault
0x04000404	StardewValley.EventScript_GreenTea	Phase_text3	Private, Static, Literal, HasDefault
0x04000405	StardewValley.EventScript_GreenTea	Phase_buddy	Private, Static, Literal, HasDefault
0x04000406	StardewValley.EventScript_GreenTea	Phase_end	Private, Static, Literal, HasDefault
0x04000407	StardewValley.EventScript_GreenTea	width	Private
0x04000408	StardewValley.EventScript_GreenTea	height	Private
0x04000409	StardewValley.EventScript_GreenTea	topLeftX	Private
0x0400040A	StardewValley.EventScript_GreenTea	topLeftY	Private
0x0400040B	StardewValley.EventScript_GreenTea	phaseTimer	Private
0x0400040C	StardewValley.EventScript_GreenTea	steamTimer	Private
0x0400040D	StardewValley.EventScript_GreenTea	cupTimer	Private
0x0400040E	StardewValley.EventScript_GreenTea	currentPhase	Private
0x0400040F	StardewValley.EventScript_GreenTea	buddyPhase	Private
0x04000410	StardewValley.EventScript_GreenTea	buddyTimer	Private
0x04000411	StardewValley.EventScript_GreenTea	textColor	Private
0x04000412	StardewValley.EventScript_GreenTea	text	Private
0x04000413	StardewValley.EventScript_GreenTea	tempText	Private
0x04000414	StardewValley.EventScript_GreenTea	bgColor	Private
0x04000415	StardewValley.EventScript_GreenTea	hillColor	Private
0x04000416	StardewValley.EventScript_GreenTea	lightLeafColor	Private
0x04000417	StardewValley.EventScript_GreenTea	darkLeafColor	Private
0x04000418	StardewValley.EventScript_GreenTea	globalCenterPosition	Private
0x04000419	StardewValley.EventScript_GreenTea	buddy	Private
0x0400041A	StardewValley.EventContext	<Event>k__BackingField	Private, InitOnly
0x0400041B	StardewValley.EventContext	<Location>k__BackingField	Private, InitOnly
0x0400041C	StardewValley.EventContext	<Time>k__BackingField	Private, InitOnly
0x0400041D	StardewValley.EventContext	<Args>k__BackingField	Private, InitOnly
0x0400041E	StardewValley.FarmAnimal	eatGrassBehavior	Public, Static, Literal, HasDefault
0x0400041F	StardewValley.FarmAnimal	newHome	Public, Static, Literal, HasDefault
0x04000420	StardewValley.FarmAnimal	happy	Public, Static, Literal, HasDefault
0x04000421	StardewValley.FarmAnimal	neutral	Public, Static, Literal, HasDefault
0x04000422	StardewValley.FarmAnimal	unhappy	Public, Static, Literal, HasDefault
0x04000423	StardewValley.FarmAnimal	hungry	Public, Static, Literal, HasDefault
0x04000424	StardewValley.FarmAnimal	disturbedByDog	Public, Static, Literal, HasDefault
0x04000425	StardewValley.FarmAnimal	leftOutAtNight	Public, Static, Literal, HasDefault
0x04000426	StardewValley.FarmAnimal	chancePerUpdateToChangeDirection	Public, Static, Literal, HasDefault
0x04000427	StardewValley.FarmAnimal	fullnessValueOfGrass	Public, Static, Literal, HasDefault
0x04000428	StardewValley.FarmAnimal	noWarpTimerTime	Public, Static, Literal, HasDefault
0x04000429	StardewValley.FarmAnimal	chanceForSound	Public, Static, Literal, HasDefault
0x0400042A	StardewValley.FarmAnimal	chanceToGoOutside	Public, Static, Literal, HasDefault
0x0400042B	StardewValley.FarmAnimal	uniqueDownFrame	Public, Static, Literal, HasDefault
0x0400042C	StardewValley.FarmAnimal	uniqueRightFrame	Public, Static, Literal, HasDefault
0x0400042D	StardewValley.FarmAnimal	uniqueUpFrame	Public, Static, Literal, HasDefault
0x0400042E	StardewValley.FarmAnimal	uniqueLeftFrame	Public, Static, Literal, HasDefault
0x0400042F	StardewValley.FarmAnimal	pushAccumulatorTimeTillPush	Public, Static, Literal, HasDefault
0x04000430	StardewValley.FarmAnimal	timePerUniqueFrame	Public, Static, Literal, HasDefault
0x04000431	StardewValley.FarmAnimal	ErrorTextureName	Public, Static, Literal, HasDefault
0x04000432	StardewValley.FarmAnimal	ErrorSpriteSize	Public, Static, Literal, HasDefault
0x04000433	StardewValley.FarmAnimal	isSwimming	Public
0x04000434	StardewValley.FarmAnimal	hopOffset	Public
0x04000435	StardewValley.FarmAnimal	currentProduce	Public, InitOnly
0x04000436	StardewValley.FarmAnimal	friendshipTowardFarmer	Public, InitOnly
0x04000437	StardewValley.FarmAnimal	skinID	Public, InitOnly
0x04000438	StardewValley.FarmAnimal	pushAccumulator	Public
0x04000439	StardewValley.FarmAnimal	uniqueFrameAccumulator	Public
0x0400043A	StardewValley.FarmAnimal	age	Public, InitOnly
0x0400043B	StardewValley.FarmAnimal	daysOwned	Public, InitOnly
0x0400043C	StardewValley.FarmAnimal	health	Public, InitOnly
0x0400043D	StardewValley.FarmAnimal	produceQuality	Public, InitOnly
0x0400043E	StardewValley.FarmAnimal	daysSinceLastLay	Public, InitOnly
0x0400043F	StardewValley.FarmAnimal	happiness	Public, InitOnly
0x04000440	StardewValley.FarmAnimal	fullness	Public, InitOnly
0x04000441	StardewValley.FarmAnimal	wasAutoPet	Public, InitOnly
0x04000442	StardewValley.FarmAnimal	wasPet	Public, InitOnly
0x04000443	StardewValley.FarmAnimal	allowReproduction	Public, InitOnly
0x04000444	StardewValley.FarmAnimal	type	Public, InitOnly
0x04000445	StardewValley.FarmAnimal	buildingTypeILiveIn	Public, InitOnly
0x04000446	StardewValley.FarmAnimal	myID	Public, InitOnly
0x04000447	StardewValley.FarmAnimal	ownerID	Public, InitOnly
0x04000448	StardewValley.FarmAnimal	parentId	Public, InitOnly
0x04000449	StardewValley.FarmAnimal	netHomeInterior	Private, InitOnly
0x0400044A	StardewValley.FarmAnimal	hasEatenAnimalCracker	Public, InitOnly
0x0400044B	StardewValley.FarmAnimal	noWarpTimer	Public
0x0400044C	StardewValley.FarmAnimal	hitGlowTimer	Public
0x0400044D	StardewValley.FarmAnimal	pauseTimer	Public
0x0400044E	StardewValley.FarmAnimal	moodMessage	Public, InitOnly
0x0400044F	StardewValley.FarmAnimal	isEating	Public, InitOnly
0x04000450	StardewValley.FarmAnimal	doFarmerPushEvent	Private, InitOnly
0x04000451	StardewValley.FarmAnimal	doBuildingPokeEvent	Private, InitOnly
0x04000452	StardewValley.FarmAnimal	doDiveEvent	Private, InitOnly
0x04000453	StardewValley.FarmAnimal	_displayHouse	Private
0x04000454	StardewValley.FarmAnimal	_displayType	Private
0x04000455	StardewValley.FarmAnimal	NumPathfindingThisTick	Public, Static
0x04000456	StardewValley.FarmAnimal	MaxPathfindingPerTick	Public, Static
0x04000457	StardewValley.FarmAnimal	nextRipple	Public
0x04000458	StardewValley.FarmAnimal	nextFollowDirectionChange	Public
0x04000459	StardewValley.FarmAnimal	_followTarget	Family
0x0400045A	StardewValley.FarmAnimal	_followTargetPosition	Family
0x0400045B	StardewValley.FarmAnimal	_nextFollowTargetScan	Family
0x0400045C	StardewValley.FarmAnimal	bobOffset	Public
0x0400045D	StardewValley.FarmAnimal	_swimmingVelocity	Family
0x0400045E	StardewValley.FarmAnimal	reservedGrass	Public, Static
0x0400045F	StardewValley.FarmAnimal	foundGrass	Public
0x04000460	StardewValley.Farmer	millisecondsPerSpeedUnit	Public, Static, Literal, HasDefault
0x04000461	StardewValley.Farmer	halt	Public, Static, Literal, HasDefault
0x04000462	StardewValley.Farmer	up	Public, Static, Literal, HasDefault
0x04000463	StardewValley.Farmer	right	Public, Static, Literal, HasDefault
0x04000464	StardewValley.Farmer	down	Public, Static, Literal, HasDefault
0x04000465	StardewValley.Farmer	left	Public, Static, Literal, HasDefault
0x04000466	StardewValley.Farmer	run	Public, Static, Literal, HasDefault
0x04000467	StardewValley.Farmer	release	Public, Static, Literal, HasDefault
0x04000468	StardewValley.Farmer	farmingSkill	Public, Static, Literal, HasDefault
0x04000469	StardewValley.Farmer	miningSkill	Public, Static, Literal, HasDefault
0x0400046A	StardewValley.Farmer	fishingSkill	Public, Static, Literal, HasDefault
0x0400046B	StardewValley.Farmer	foragingSkill	Public, Static, Literal, HasDefault
0x0400046C	StardewValley.Farmer	combatSkill	Public, Static, Literal, HasDefault
0x0400046D	StardewValley.Farmer	luckSkill	Public, Static, Literal, HasDefault
0x0400046E	StardewValley.Farmer	interpolationConstant	Public, Static, Literal, HasDefault
0x0400046F	StardewValley.Farmer	runningSpeed	Public, Static, Literal, HasDefault
0x04000470	StardewValley.Farmer	walkingSpeed	Public, Static, Literal, HasDefault
0x04000471	StardewValley.Farmer	caveNothing	Public, Static, Literal, HasDefault
0x04000472	StardewValley.Farmer	caveBats	Public, Static, Literal, HasDefault
0x04000473	StardewValley.Farmer	caveMushrooms	Public, Static, Literal, HasDefault
0x04000474	StardewValley.Farmer	millisecondsInvincibleAfterDamage	Public, Static, Literal, HasDefault
0x04000475	StardewValley.Farmer	millisecondsPerFlickerWhenInvincible	Public, Static, Literal, HasDefault
0x04000476	StardewValley.Farmer	startingStamina	Public, Static, Literal, HasDefault
0x04000477	StardewValley.Farmer	totalLevels	Public, Static, Literal, HasDefault
0x04000478	StardewValley.Farmer	maxInventorySpace	Public, Static, Literal, HasDefault
0x04000479	StardewValley.Farmer	hotbarSize	Public, Static, Literal, HasDefault
0x0400047A	StardewValley.Farmer	eyesOpen	Public, Static, Literal, HasDefault
0x0400047B	StardewValley.Farmer	eyesHalfShut	Public, Static, Literal, HasDefault
0x0400047C	StardewValley.Farmer	eyesClosed	Public, Static, Literal, HasDefault
0x0400047D	StardewValley.Farmer	eyesRight	Public, Static, Literal, HasDefault
0x0400047E	StardewValley.Farmer	eyesLeft	Public, Static, Literal, HasDefault
0x0400047F	StardewValley.Farmer	eyesWide	Public, Static, Literal, HasDefault
0x04000480	StardewValley.Farmer	rancher	Public, Static, Literal, HasDefault
0x04000481	StardewValley.Farmer	tiller	Public, Static, Literal, HasDefault
0x04000482	StardewValley.Farmer	butcher	Public, Static, Literal, HasDefault
0x04000483	StardewValley.Farmer	shepherd	Public, Static, Literal, HasDefault
0x04000484	StardewValley.Farmer	artisan	Public, Static, Literal, HasDefault
0x04000485	StardewValley.Farmer	agriculturist	Public, Static, Literal, HasDefault
0x04000486	StardewValley.Farmer	fisher	Public, Static, Literal, HasDefault
0x04000487	StardewValley.Farmer	trapper	Public, Static, Literal, HasDefault
0x04000488	StardewValley.Farmer	angler	Public, Static, Literal, HasDefault
0x04000489	StardewValley.Farmer	pirate	Public, Static, Literal, HasDefault
0x0400048A	StardewValley.Farmer	baitmaster	Public, Static, Literal, HasDefault
0x0400048B	StardewValley.Farmer	mariner	Public, Static, Literal, HasDefault
0x0400048C	StardewValley.Farmer	forester	Public, Static, Literal, HasDefault
0x0400048D	StardewValley.Farmer	gatherer	Public, Static, Literal, HasDefault
0x0400048E	StardewValley.Farmer	lumberjack	Public, Static, Literal, HasDefault
0x0400048F	StardewValley.Farmer	tapper	Public, Static, Literal, HasDefault
0x04000490	StardewValley.Farmer	botanist	Public, Static, Literal, HasDefault
0x04000491	StardewValley.Farmer	tracker	Public, Static, Literal, HasDefault
0x04000492	StardewValley.Farmer	miner	Public, Static, Literal, HasDefault
0x04000493	StardewValley.Farmer	geologist	Public, Static, Literal, HasDefault
0x04000494	StardewValley.Farmer	blacksmith	Public, Static, Literal, HasDefault
0x04000495	StardewValley.Farmer	burrower	Public, Static, Literal, HasDefault
0x04000496	StardewValley.Farmer	excavator	Public, Static, Literal, HasDefault
0x04000497	StardewValley.Farmer	gemologist	Public, Static, Literal, HasDefault
0x04000498	StardewValley.Farmer	fighter	Public, Static, Literal, HasDefault
0x04000499	StardewValley.Farmer	scout	Public, Static, Literal, HasDefault
0x0400049A	StardewValley.Farmer	brute	Public, Static, Literal, HasDefault
0x0400049B	StardewValley.Farmer	defender	Public, Static, Literal, HasDefault
0x0400049C	StardewValley.Farmer	acrobat	Public, Static, Literal, HasDefault
0x0400049D	StardewValley.Farmer	desperado	Public, Static, Literal, HasDefault
0x0400049E	StardewValley.Farmer	MaximumTrinkets	Public, Static
0x0400049F	StardewValley.Farmer	questLog	Public, InitOnly
0x040004A0	StardewValley.Farmer	professions	Public, InitOnly
0x040004A1	StardewValley.Farmer	newLevels	Public, InitOnly
0x040004A2	StardewValley.Farmer	newLevelSparklingTexts	Public
0x040004A3	StardewValley.Farmer	sparklingText	Public
0x040004A4	StardewValley.Farmer	experiencePoints	Public, InitOnly
0x040004A5	StardewValley.Farmer	netItems	Public, InitOnly
0x040004A6	StardewValley.Farmer	dialogueQuestionsAnswered	Public, InitOnly
0x040004A7	StardewValley.Farmer	cookingRecipes	Public, InitOnly
0x040004A8	StardewValley.Farmer	craftingRecipes	Public, InitOnly
0x040004A9	StardewValley.Farmer	activeDialogueEvents	Public, InitOnly
0x040004AA	StardewValley.Farmer	previousActiveDialogueEvents	Public, InitOnly
0x040004AB	StardewValley.Farmer	triggerActionsRun	Public, InitOnly
0x040004AC	StardewValley.Farmer	eventsSeen	Public, InitOnly
0x040004AD	StardewValley.Farmer	secretNotesSeen	Public, InitOnly
0x040004AE	StardewValley.Farmer	songsHeard	Public
0x040004AF	StardewValley.Farmer	achievements	Public, InitOnly
0x040004B0	StardewValley.Farmer	specialItems	Public, InitOnly
0x040004B1	StardewValley.Farmer	specialBigCraftables	Public, InitOnly
0x040004B2	StardewValley.Farmer	mailReceived	Public, InitOnly
0x040004B3	StardewValley.Farmer	mailForTomorrow	Public, InitOnly
0x040004B4	StardewValley.Farmer	mailbox	Public, InitOnly
0x040004B5	StardewValley.Farmer	locationsVisited	Public, InitOnly
0x040004B6	StardewValley.Farmer	timeWentToBed	Public, InitOnly
0x040004B7	StardewValley.Farmer	companions	Public, InitOnly
0x040004B8	StardewValley.Farmer	hasMoved	Public
0x040004B9	StardewValley.Farmer	hasBeenBlessedByStatueToday	Public
0x040004BA	StardewValley.Farmer	sleptInTemporaryBed	Public, InitOnly
0x040004BB	StardewValley.Farmer	requestingTimePause	Public, InitOnly
0x040004BC	StardewValley.Farmer	stats	Public
0x040004BD	StardewValley.Farmer	personalShippingBin	Public, InitOnly
0x040004BE	StardewValley.Farmer	displayedShippedItems	Public
0x040004BF	StardewValley.Farmer	biteChime	Public
0x040004C0	StardewValley.Farmer	usernameDisplayTime	Public
0x040004C1	StardewValley.Farmer	_recoveredItem	Family
0x040004C2	StardewValley.Farmer	itemsLostLastDeath	Public
0x040004C3	StardewValley.Farmer	movementDirections	Public
0x040004C4	StardewValley.Farmer	farmName	Public, InitOnly
0x040004C5	StardewValley.Farmer	favoriteThing	Public, InitOnly
0x040004C6	StardewValley.Farmer	horseName	Public, InitOnly
0x040004C7	StardewValley.Farmer	slotName	Public
0x040004C8	StardewValley.Farmer	slotCanHost	Public
0x040004C9	StardewValley.Farmer	tempFoodItemTextureName	Public, InitOnly
0x040004CA	StardewValley.Farmer	tempFoodItemSourceRect	Public, InitOnly
0x040004CB	StardewValley.Farmer	hasReceivedToolUpgradeMessageYet	Public
0x040004CC	StardewValley.Farmer	buffs	Public, InitOnly
0x040004CD	StardewValley.Farmer	messageQueue	Public
0x040004CE	StardewValley.Farmer	uniqueMultiplayerID	Public, InitOnly
0x040004CF	StardewValley.Farmer	userID	Public, InitOnly
0x040004D0	StardewValley.Farmer	previousLocationName	Public
0x040004D1	StardewValley.Farmer	platformType	Public, InitOnly
0x040004D2	StardewValley.Farmer	platformID	Public, InitOnly
0x040004D3	StardewValley.Farmer	hasMenuOpen	Public, InitOnly
0x040004D4	StardewValley.Farmer	DEFAULT_SHIRT_COLOR	Public, InitOnly
0x040004D5	StardewValley.Farmer	defaultChatColor	Public
0x040004D6	StardewValley.Farmer	obsolete_catPerson	Public
0x040004D7	StardewValley.Farmer	obsolete_canUnderstandDwarves	Public
0x040004D8	StardewValley.Farmer	obsolete_hasClubCard	Public
0x040004D9	StardewValley.Farmer	obsolete_hasDarkTalisman	Public
0x040004DA	StardewValley.Farmer	obsolete_hasMagicInk	Public
0x040004DB	StardewValley.Farmer	obsolete_hasMagnifyingGlass	Public
0x040004DC	StardewValley.Farmer	obsolete_hasRustyKey	Public
0x040004DD	StardewValley.Farmer	obsolete_hasSkullKey	Public
0x040004DE	StardewValley.Farmer	obsolete_hasSpecialCharm	Public
0x040004DF	StardewValley.Farmer	obsolete_hasTownKey	Public
0x040004E0	StardewValley.Farmer	obsolete_hasUnlockedSkullDoor	Public
0x040004E1	StardewValley.Farmer	obsolete_friendships	Public
0x040004E2	StardewValley.Farmer	obsolete_daysMarried	Public
0x040004E3	StardewValley.Farmer	whichPetType	Public
0x040004E4	StardewValley.Farmer	whichPetBreed	Public
0x040004E5	StardewValley.Farmer	isAnimatingMount	Public
0x040004E6	StardewValley.Farmer	acceptedDailyQuest	Public, InitOnly
0x040004E7	StardewValley.Farmer	mostRecentlyGrabbedItem	Public
0x040004E8	StardewValley.Farmer	itemToEat	Public
0x040004E9	StardewValley.Farmer	farmerRenderer	Private, InitOnly
0x040004EA	StardewValley.Farmer	toolPower	Public, InitOnly
0x040004EB	StardewValley.Farmer	toolHold	Public, InitOnly
0x040004EC	StardewValley.Farmer	mostRecentBed	Public
0x040004ED	StardewValley.Farmer	hairStyleMetadataFile	Public, Static
0x040004EE	StardewValley.Farmer	allHairStyleIndices	Public, Static
0x040004EF	StardewValley.Farmer	hairStyleMetadata	Public, Static
0x040004F0	StardewValley.Farmer	emoteFavorites	Public, InitOnly
0x040004F1	StardewValley.Farmer	performedEmotes	Public, InitOnly
0x040004F2	StardewValley.Farmer	shirt	Public, InitOnly
0x040004F3	StardewValley.Farmer	hair	Public, InitOnly
0x040004F4	StardewValley.Farmer	skin	Public, InitOnly
0x040004F5	StardewValley.Farmer	shoes	Public, InitOnly
0x040004F6	StardewValley.Farmer	accessory	Public, InitOnly
0x040004F7	StardewValley.Farmer	facialHair	Public, InitOnly
0x040004F8	StardewValley.Farmer	pants	Public, InitOnly
0x040004F9	StardewValley.Farmer	currentEyes	Public
0x040004FA	StardewValley.Farmer	blinkTimer	Public
0x040004FB	StardewValley.Farmer	netFestivalScore	Public, InitOnly
0x040004FC	StardewValley.Farmer	lastGotPrizeFromGil	Public, InitOnly
0x040004FD	StardewValley.Farmer	lastDesertFestivalFishingQuest	Public, InitOnly
0x040004FE	StardewValley.Farmer	temporarySpeedBuff	Public
0x040004FF	StardewValley.Farmer	hairstyleColor	Public, InitOnly
0x04000500	StardewValley.Farmer	prismaticHair	Public
0x04000501	StardewValley.Farmer	pantsColor	Public, InitOnly
0x04000502	StardewValley.Farmer	newEyeColor	Public, InitOnly
0x04000503	StardewValley.Farmer	hat	Public, InitOnly
0x04000504	StardewValley.Farmer	boots	Public, InitOnly
0x04000505	StardewValley.Farmer	leftRing	Public, InitOnly
0x04000506	StardewValley.Farmer	rightRing	Public, InitOnly
0x04000507	StardewValley.Farmer	shirtItem	Public, InitOnly
0x04000508	StardewValley.Farmer	pantsItem	Public, InitOnly
0x04000509	StardewValley.Farmer	dancePartner	Public, InitOnly
0x0400050A	StardewValley.Farmer	ridingMineElevator	Public
0x0400050B	StardewValley.Farmer	exhausted	Public, InitOnly
0x0400050C	StardewValley.Farmer	divorceTonight	Public, InitOnly
0x0400050D	StardewValley.Farmer	changeWalletTypeTonight	Public, InitOnly
0x0400050E	StardewValley.Farmer	toolOverrideFunction	Public
0x0400050F	StardewValley.Farmer	onBridge	Public
0x04000510	StardewValley.Farmer	bridge	Public
0x04000511	StardewValley.Farmer	netDeepestMineLevel	Private, InitOnly
0x04000512	StardewValley.Farmer	currentToolIndex	Private, InitOnly
0x04000513	StardewValley.Farmer	temporaryItem	Private, InitOnly
0x04000514	StardewValley.Farmer	cursorSlotItem	Private, InitOnly
0x04000515	StardewValley.Farmer	netItemStowed	Public, InitOnly
0x04000516	StardewValley.Farmer	_itemStowed	Family
0x04000517	StardewValley.Farmer	gameVersion	Public
0x04000518	StardewValley.Farmer	gameVersionLabel	Public
0x04000519	StardewValley.Farmer	isFakeEventActor	Public
0x0400051A	StardewValley.Farmer	bobberStyle	Public, InitOnly
0x0400051B	StardewValley.Farmer	usingRandomizedBobber	Public
0x0400051C	StardewValley.Farmer	caveChoice	Public, InitOnly
0x0400051D	StardewValley.Farmer	farmingLevel	Public, InitOnly
0x0400051E	StardewValley.Farmer	miningLevel	Public, InitOnly
0x0400051F	StardewValley.Farmer	combatLevel	Public, InitOnly
0x04000520	StardewValley.Farmer	foragingLevel	Public, InitOnly
0x04000521	StardewValley.Farmer	fishingLevel	Public, InitOnly
0x04000522	StardewValley.Farmer	luckLevel	Public, InitOnly
0x04000523	StardewValley.Farmer	maxStamina	Public, InitOnly
0x04000524	StardewValley.Farmer	maxItems	Public, InitOnly
0x04000525	StardewValley.Farmer	lastSeenMovieWeek	Public, InitOnly
0x04000526	StardewValley.Farmer	viewingLocation	Public, InitOnly
0x04000527	StardewValley.Farmer	netStamina	Private, InitOnly
0x04000528	StardewValley.Farmer	ignoreItemConsumptionThisFrame	Public
0x04000529	StardewValley.Farmer	teamRoot	Public
0x0400052A	StardewValley.Farmer	clubCoins	Public
0x0400052B	StardewValley.Farmer	trashCanLevel	Public
0x0400052C	StardewValley.Farmer	netMillisecondsPlayed	Private
0x0400052D	StardewValley.Farmer	toolBeingUpgraded	Public, InitOnly
0x0400052E	StardewValley.Farmer	daysLeftForToolUpgrade	Public, InitOnly
0x0400052F	StardewValley.Farmer	houseUpgradeLevel	Public, InitOnly
0x04000530	StardewValley.Farmer	daysUntilHouseUpgrade	Public, InitOnly
0x04000531	StardewValley.Farmer	showChestColorPicker	Public
0x04000532	StardewValley.Farmer	hasWateringCanEnchantment	Public
0x04000533	StardewValley.Farmer	enchantments	Public
0x04000534	StardewValley.Farmer	BaseMagneticRadius	Public, InitOnly
0x04000535	StardewValley.Farmer	temporaryInvincibilityTimer	Public
0x04000536	StardewValley.Farmer	currentTemporaryInvincibilityDuration	Public
0x04000537	StardewValley.Farmer	rotation	Public
0x04000538	StardewValley.Farmer	craftingTime	Private
0x04000539	StardewValley.Farmer	raftPuddleCounter	Private
0x0400053A	StardewValley.Farmer	raftBobCounter	Private
0x0400053B	StardewValley.Farmer	health	Public
0x0400053C	StardewValley.Farmer	maxHealth	Public
0x0400053D	StardewValley.Farmer	netTimesReachedMineBottom	Private, InitOnly
0x0400053E	StardewValley.Farmer	difficultyModifier	Public
0x0400053F	StardewValley.Farmer	jitter	Public
0x04000540	StardewValley.Farmer	lastPosition	Public
0x04000541	StardewValley.Farmer	lastGrabTile	Public
0x04000542	StardewValley.Farmer	jitterStrength	Public
0x04000543	StardewValley.Farmer	xOffset	Public
0x04000544	StardewValley.Farmer	netGender	Public, InitOnly
0x04000545	StardewValley.Farmer	canMove	Public
0x04000546	StardewValley.Farmer	running	Public
0x04000547	StardewValley.Farmer	ignoreCollisions	Public
0x04000548	StardewValley.Farmer	usingTool	Public, InitOnly
0x04000549	StardewValley.Farmer	isEating	Public
0x0400054A	StardewValley.Farmer	isInBed	Public, InitOnly
0x0400054B	StardewValley.Farmer	forceTimePass	Public
0x0400054C	StardewValley.Farmer	isRafting	Public
0x0400054D	StardewValley.Farmer	usingSlingshot	Public
0x0400054E	StardewValley.Farmer	bathingClothes	Public, InitOnly
0x0400054F	StardewValley.Farmer	canOnlyWalk	Public
0x04000550	StardewValley.Farmer	temporarilyInvincible	Public
0x04000551	StardewValley.Farmer	flashDuringThisTemporaryInvincibility	Public
0x04000552	StardewValley.Farmer	netCanReleaseTool	Private, InitOnly
0x04000553	StardewValley.Farmer	isCrafting	Public
0x04000554	StardewValley.Farmer	isEmoteAnimating	Public
0x04000555	StardewValley.Farmer	passedOut	Public
0x04000556	StardewValley.Farmer	_emoteGracePeriod	Family
0x04000557	StardewValley.Farmer	temporaryPassableTiles	Private
0x04000558	StardewValley.Farmer	hidden	Public, InitOnly
0x04000559	StardewValley.Farmer	basicShipped	Public, InitOnly
0x0400055A	StardewValley.Farmer	mineralsFound	Public, InitOnly
0x0400055B	StardewValley.Farmer	recipesCooked	Public, InitOnly
0x0400055C	StardewValley.Farmer	fishCaught	Public, InitOnly
0x0400055D	StardewValley.Farmer	archaeologyFound	Public, InitOnly
0x0400055E	StardewValley.Farmer	callsReceived	Public, InitOnly
0x0400055F	StardewValley.Farmer	giftedItems	Public
0x04000560	StardewValley.Farmer	tailoredItems	Public, InitOnly
0x04000561	StardewValley.Farmer	friendshipData	Public, InitOnly
0x04000562	StardewValley.Farmer	locationBeforeForcedEvent	Public
0x04000563	StardewValley.Farmer	positionBeforeEvent	Public
0x04000564	StardewValley.Farmer	orientationBeforeEvent	Public
0x04000565	StardewValley.Farmer	swimTimer	Public
0x04000566	StardewValley.Farmer	regenTimer	Public
0x04000567	StardewValley.Farmer	timerSinceLastMovement	Public
0x04000568	StardewValley.Farmer	noMovementPause	Public
0x04000569	StardewValley.Farmer	freezePause	Public
0x0400056A	StardewValley.Farmer	yOffset	Public
0x0400056B	StardewValley.Farmer	netSpouse	Family, InitOnly
0x0400056C	StardewValley.Farmer	dateStringForSaveGame	Public
0x0400056D	StardewValley.Farmer	dayOfMonthForSaveGame	Public
0x0400056E	StardewValley.Farmer	seasonForSaveGame	Public
0x0400056F	StardewValley.Farmer	yearForSaveGame	Public
0x04000570	StardewValley.Farmer	armOffset	Public
0x04000571	StardewValley.Farmer	netMount	Public, InitOnly
0x04000572	StardewValley.Farmer	sittingFurniture	Public
0x04000573	StardewValley.Farmer	isSitting	Public
0x04000574	StardewValley.Farmer	mapChairSitPosition	Public
0x04000575	StardewValley.Farmer	hasCompletedAllMonsterSlayerQuests	Public
0x04000576	StardewValley.Farmer	isStopSitting	Public
0x04000577	StardewValley.Farmer	_wasSitting	Family
0x04000578	StardewValley.Farmer	lerpStartPosition	Public
0x04000579	StardewValley.Farmer	lerpEndPosition	Public
0x0400057A	StardewValley.Farmer	lerpPosition	Public
0x0400057B	StardewValley.Farmer	lerpDuration	Public
0x0400057C	StardewValley.Farmer	_lastSelectedItem	Family
0x0400057D	StardewValley.Farmer	_lastEquippedTool	FamORAssem
0x0400057E	StardewValley.Farmer	netQiGems	Public
0x0400057F	StardewValley.Farmer	jotpkProgress	Public
0x04000580	StardewValley.Farmer	hasUsedDailyRevive	Public
0x04000581	StardewValley.Farmer	trinketItems	Public, InitOnly
0x04000582	StardewValley.Farmer	fireToolEvent	Private, InitOnly
0x04000583	StardewValley.Farmer	beginUsingToolEvent	Private, InitOnly
0x04000584	StardewValley.Farmer	endUsingToolEvent	Private, InitOnly
0x04000585	StardewValley.Farmer	sickAnimationEvent	Private, InitOnly
0x04000586	StardewValley.Farmer	passOutEvent	Private, InitOnly
0x04000587	StardewValley.Farmer	haltAnimationEvent	Private, InitOnly
0x04000588	StardewValley.Farmer	drinkAnimationEvent	Private, InitOnly
0x04000589	StardewValley.Farmer	eatAnimationEvent	Private, InitOnly
0x0400058A	StardewValley.Farmer	doEmoteEvent	Private, InitOnly
0x0400058B	StardewValley.Farmer	kissFarmerEvent	Private, InitOnly
0x0400058C	StardewValley.Farmer	synchronizedJumpEvent	Private, InitOnly
0x0400058D	StardewValley.Farmer	renovateEvent	Public, InitOnly
0x0400058E	StardewValley.Farmer	chestConsumedMineLevels	Public, InitOnly
0x0400058F	StardewValley.Farmer	saveTime	Public
0x04000590	StardewValley.Farmer	drawLayerDisambiguator	Public
0x04000591	StardewValley.Farmer	isCustomized	Public, InitOnly
0x04000592	StardewValley.Farmer	homeLocation	Public, InitOnly
0x04000593	StardewValley.Farmer	lastSleepLocation	Public, InitOnly
0x04000594	StardewValley.Farmer	lastSleepPoint	Public, InitOnly
0x04000595	StardewValley.Farmer	disconnectDay	Public, InitOnly
0x04000596	StardewValley.Farmer	disconnectLocation	Public, InitOnly
0x04000597	StardewValley.Farmer	disconnectPosition	Public, InitOnly
0x04000598	StardewValley.Farmer	EMOTES	Public, Static, InitOnly
0x04000599	StardewValley.Farmer	emoteFacingDirection	Public
0x0400059A	StardewValley.Farmer	toolPitchAccumulator	Private
0x0400059B	StardewValley.Farmer	toolHoldStartTime	Public, InitOnly
0x0400059C	StardewValley.Farmer	charactercollisionTimer	Private
0x0400059D	StardewValley.Farmer	collisionNPC	Private
0x0400059E	StardewValley.Farmer	movementMultiplier	Public
0x0400059F	StardewValley.HairStyleMetadata	texture	Public
0x040005A0	StardewValley.HairStyleMetadata	tileX	Public
0x040005A1	StardewValley.HairStyleMetadata	tileY	Public
0x040005A2	StardewValley.HairStyleMetadata	usesUniqueLeftSprite	Public
0x040005A3	StardewValley.HairStyleMetadata	coveredIndex	Public
0x040005A4	StardewValley.HairStyleMetadata	isBaldStyle	Public
0x040005A5	StardewValley.FarmerRenderer	sleeveDarkestColorIndex	Public, Static, Literal, HasDefault
0x040005A6	StardewValley.FarmerRenderer	skinDarkestColorIndex	Public, Static, Literal, HasDefault
0x040005A7	StardewValley.FarmerRenderer	shoeDarkestColorIndex	Public, Static, Literal, HasDefault
0x040005A8	StardewValley.FarmerRenderer	eyeLightestColorIndex	Public, Static, Literal, HasDefault
0x040005A9	StardewValley.FarmerRenderer	accessoryDrawBelowHairThreshold	Public, Static, Literal, HasDefault
0x040005AA	StardewValley.FarmerRenderer	accessoryFacialHairThreshold	Public, Static, Literal, HasDefault
0x040005AB	StardewValley.FarmerRenderer	_sickFrame	Family
0x040005AC	StardewValley.FarmerRenderer	isDrawingForUI	Public, Static
0x040005AD	StardewValley.FarmerRenderer	TransparentSkin	Public, Static, Literal, HasDefault
0x040005AE	StardewValley.FarmerRenderer	pantsOffset	Public, Static, Literal, HasDefault
0x040005AF	StardewValley.FarmerRenderer	armOffset	Public, Static, Literal, HasDefault
0x040005B0	StardewValley.FarmerRenderer	shirtXOffset	Public, Static, Literal, HasDefault
0x040005B1	StardewValley.FarmerRenderer	shirtYOffset	Public, Static, Literal, HasDefault
0x040005B2	StardewValley.FarmerRenderer	featureYOffsetPerFrame	Public, Static
0x040005B3	StardewValley.FarmerRenderer	featureXOffsetPerFrame	Public, Static
0x040005B4	StardewValley.FarmerRenderer	hairstyleHatOffset	Public, Static
0x040005B5	StardewValley.FarmerRenderer	hairStylesTexture	Public, Static
0x040005B6	StardewValley.FarmerRenderer	shirtsTexture	Public, Static
0x040005B7	StardewValley.FarmerRenderer	hatsTexture	Public, Static
0x040005B8	StardewValley.FarmerRenderer	accessoriesTexture	Public, Static
0x040005B9	StardewValley.FarmerRenderer	pantsTexture	Public, Static
0x040005BA	StardewValley.FarmerRenderer	recolorOffsets	Public, Static
0x040005BB	StardewValley.FarmerRenderer	textureName	Public, InitOnly
0x040005BC	StardewValley.FarmerRenderer	farmerTextureManager	Private
0x040005BD	StardewValley.FarmerRenderer	baseTexture	Assembly
0x040005BE	StardewValley.FarmerRenderer	heightOffset	Public, InitOnly
0x040005BF	StardewValley.FarmerRenderer	eyes	Public, InitOnly
0x040005C0	StardewValley.FarmerRenderer	skin	Public, InitOnly
0x040005C1	StardewValley.FarmerRenderer	shoes	Public, InitOnly
0x040005C2	StardewValley.FarmerRenderer	shirt	Public, InitOnly
0x040005C3	StardewValley.FarmerRenderer	pants	Public, InitOnly
0x040005C4	StardewValley.FarmerRenderer	<NetFields>k__BackingField	Private, InitOnly
0x040005C5	StardewValley.FarmerRenderer	_spriteDirty	Family
0x040005C6	StardewValley.FarmerRenderer	_baseTextureDirty	Family
0x040005C7	StardewValley.FarmerRenderer	_eyesDirty	Family
0x040005C8	StardewValley.FarmerRenderer	_skinDirty	Family
0x040005C9	StardewValley.FarmerRenderer	_shoesDirty	Family
0x040005CA	StardewValley.FarmerRenderer	_shirtDirty	Family
0x040005CB	StardewValley.FarmerRenderer	_pantsDirty	Family
0x040005CC	StardewValley.FarmerRenderer	shirtSourceRect	Public
0x040005CD	StardewValley.FarmerRenderer	hairstyleSourceRect	Public
0x040005CE	StardewValley.FarmerRenderer	hatSourceRect	Public
0x040005CF	StardewValley.FarmerRenderer	accessorySourceRect	Public
0x040005D0	StardewValley.FarmerRenderer	rotationAdjustment	Public
0x040005D1	StardewValley.FarmerRenderer	positionOffset	Public
0x040005D2	StardewValley.FarmerSprite	walkDown	Public, Static, Literal, HasDefault
0x040005D3	StardewValley.FarmerSprite	walkRight	Public, Static, Literal, HasDefault
0x040005D4	StardewValley.FarmerSprite	walkUp	Public, Static, Literal, HasDefault
0x040005D5	StardewValley.FarmerSprite	walkLeft	Public, Static, Literal, HasDefault
0x040005D6	StardewValley.FarmerSprite	runDown	Public, Static, Literal, HasDefault
0x040005D7	StardewValley.FarmerSprite	runRight	Public, Static, Literal, HasDefault
0x040005D8	StardewValley.FarmerSprite	runUp	Public, Static, Literal, HasDefault
0x040005D9	StardewValley.FarmerSprite	runLeft	Public, Static, Literal, HasDefault
0x040005DA	StardewValley.FarmerSprite	grabDown	Public, Static, Literal, HasDefault
0x040005DB	StardewValley.FarmerSprite	grabRight	Public, Static, Literal, HasDefault
0x040005DC	StardewValley.FarmerSprite	grabUp	Public, Static, Literal, HasDefault
0x040005DD	StardewValley.FarmerSprite	grabLeft	Public, Static, Literal, HasDefault
0x040005DE	StardewValley.FarmerSprite	carryWalkDown	Public, Static, Literal, HasDefault
0x040005DF	StardewValley.FarmerSprite	carryWalkRight	Public, Static, Literal, HasDefault
0x040005E0	StardewValley.FarmerSprite	carryWalkUp	Public, Static, Literal, HasDefault
0x040005E1	StardewValley.FarmerSprite	carryWalkLeft	Public, Static, Literal, HasDefault
0x040005E2	StardewValley.FarmerSprite	carryRunDown	Public, Static, Literal, HasDefault
0x040005E3	StardewValley.FarmerSprite	carryRunRight	Public, Static, Literal, HasDefault
0x040005E4	StardewValley.FarmerSprite	carryRunUp	Public, Static, Literal, HasDefault
0x040005E5	StardewValley.FarmerSprite	carryRunLeft	Public, Static, Literal, HasDefault
0x040005E6	StardewValley.FarmerSprite	toolDown	Public, Static, Literal, HasDefault
0x040005E7	StardewValley.FarmerSprite	toolRight	Public, Static, Literal, HasDefault
0x040005E8	StardewValley.FarmerSprite	toolUp	Public, Static, Literal, HasDefault
0x040005E9	StardewValley.FarmerSprite	toolLeft	Public, Static, Literal, HasDefault
0x040005EA	StardewValley.FarmerSprite	toolChooseDown	Public, Static, Literal, HasDefault
0x040005EB	StardewValley.FarmerSprite	toolChooseRight	Public, Static, Literal, HasDefault
0x040005EC	StardewValley.FarmerSprite	toolChooseUp	Public, Static, Literal, HasDefault
0x040005ED	StardewValley.FarmerSprite	toolChooseLeft	Public, Static, Literal, HasDefault
0x040005EE	StardewValley.FarmerSprite	seedThrowDown	Public, Static, Literal, HasDefault
0x040005EF	StardewValley.FarmerSprite	seedThrowRight	Public, Static, Literal, HasDefault
0x040005F0	StardewValley.FarmerSprite	seedThrowUp	Public, Static, Literal, HasDefault
0x040005F1	StardewValley.FarmerSprite	seedThrowLeft	Public, Static, Literal, HasDefault
0x040005F2	StardewValley.FarmerSprite	eat	Public, Static, Literal, HasDefault
0x040005F3	StardewValley.FarmerSprite	sick	Public, Static, Literal, HasDefault
0x040005F4	StardewValley.FarmerSprite	swordswipeDown	Public, Static, Literal, HasDefault
0x040005F5	StardewValley.FarmerSprite	swordswipeRight	Public, Static, Literal, HasDefault
0x040005F6	StardewValley.FarmerSprite	swordswipeUp	Public, Static, Literal, HasDefault
0x040005F7	StardewValley.FarmerSprite	swordswipeLeft	Public, Static, Literal, HasDefault
0x040005F8	StardewValley.FarmerSprite	punchDown	Public, Static, Literal, HasDefault
0x040005F9	StardewValley.FarmerSprite	punchRight	Public, Static, Literal, HasDefault
0x040005FA	StardewValley.FarmerSprite	punchUp	Public, Static, Literal, HasDefault
0x040005FB	StardewValley.FarmerSprite	punchLeft	Public, Static, Literal, HasDefault
0x040005FC	StardewValley.FarmerSprite	harvestItemUp	Public, Static, Literal, HasDefault
0x040005FD	StardewValley.FarmerSprite	harvestItemRight	Public, Static, Literal, HasDefault
0x040005FE	StardewValley.FarmerSprite	harvestItemDown	Public, Static, Literal, HasDefault
0x040005FF	StardewValley.FarmerSprite	harvestItemLeft	Public, Static, Literal, HasDefault
0x04000600	StardewValley.FarmerSprite	shearUp	Public, Static, Literal, HasDefault
0x04000601	StardewValley.FarmerSprite	shearRight	Public, Static, Literal, HasDefault
0x04000602	StardewValley.FarmerSprite	shearDown	Public, Static, Literal, HasDefault
0x04000603	StardewValley.FarmerSprite	shearLeft	Public, Static, Literal, HasDefault
0x04000604	StardewValley.FarmerSprite	milkUp	Public, Static, Literal, HasDefault
0x04000605	StardewValley.FarmerSprite	milkRight	Public, Static, Literal, HasDefault
0x04000606	StardewValley.FarmerSprite	milkDown	Public, Static, Literal, HasDefault
0x04000607	StardewValley.FarmerSprite	milkLeft	Public, Static, Literal, HasDefault
0x04000608	StardewValley.FarmerSprite	tired	Public, Static, Literal, HasDefault
0x04000609	StardewValley.FarmerSprite	tired2	Public, Static, Literal, HasDefault
0x0400060A	StardewValley.FarmerSprite	passOutTired	Public, Static, Literal, HasDefault
0x0400060B	StardewValley.FarmerSprite	drink	Public, Static, Literal, HasDefault
0x0400060C	StardewValley.FarmerSprite	fishingUp	Public, Static, Literal, HasDefault
0x0400060D	StardewValley.FarmerSprite	fishingRight	Public, Static, Literal, HasDefault
0x0400060E	StardewValley.FarmerSprite	fishingDown	Public, Static, Literal, HasDefault
0x0400060F	StardewValley.FarmerSprite	fishingLeft	Public, Static, Literal, HasDefault
0x04000610	StardewValley.FarmerSprite	fishingDoneUp	Public, Static, Literal, HasDefault
0x04000611	StardewValley.FarmerSprite	fishingDoneRight	Public, Static, Literal, HasDefault
0x04000612	StardewValley.FarmerSprite	fishingDoneDown	Public, Static, Literal, HasDefault
0x04000613	StardewValley.FarmerSprite	fishingDoneLeft	Public, Static, Literal, HasDefault
0x04000614	StardewValley.FarmerSprite	pan	Public, Static, Literal, HasDefault
0x04000615	StardewValley.FarmerSprite	showHoldingEdible	Public, Static, Literal, HasDefault
0x04000616	StardewValley.FarmerSprite	currentToolIndex	Private
0x04000617	StardewValley.FarmerSprite	oldInterval	Private
0x04000618	StardewValley.FarmerSprite	pauseForSingleAnimation	Public
0x04000619	StardewValley.FarmerSprite	animateBackwards	Public
0x0400061A	StardewValley.FarmerSprite	loopThisAnimation	Public
0x0400061B	StardewValley.FarmerSprite	freezeUntilDialogueIsOver	Public
0x0400061C	StardewValley.FarmerSprite	currentSingleAnimation	Public
0x0400061D	StardewValley.FarmerSprite	currentAnimationFrames	Public
0x0400061E	StardewValley.FarmerSprite	currentSingleAnimationInterval	Public
0x0400061F	StardewValley.FarmerSprite	intervalModifier	Public
0x04000620	StardewValley.FarmerSprite	currentStep	Public
0x04000621	StardewValley.FarmerSprite	owner	Private
0x04000622	StardewValley.FarmerSprite	animatingBackwards	Public
0x04000623	StardewValley.FarmerSprite	cheer	Public, Static, Literal, HasDefault
0x04000624	StardewValley.ProposalType	value__	Public, SpecialName, RTSpecialName
0x04000625	StardewValley.ProposalType	Gift	Public, Static, Literal, HasDefault
0x04000626	StardewValley.ProposalType	Marriage	Public, Static, Literal, HasDefault
0x04000627	StardewValley.ProposalType	Dance	Public, Static, Literal, HasDefault
0x04000628	StardewValley.ProposalType	Baby	Public, Static, Literal, HasDefault
0x04000629	StardewValley.ProposalResponse	value__	Public, SpecialName, RTSpecialName
0x0400062A	StardewValley.ProposalResponse	None	Public, Static, Literal, HasDefault
0x0400062B	StardewValley.ProposalResponse	Rejected	Public, Static, Literal, HasDefault
0x0400062C	StardewValley.ProposalResponse	Accepted	Public, Static, Literal, HasDefault
0x0400062D	StardewValley.Proposal	sender	Public, InitOnly
0x0400062E	StardewValley.Proposal	receiver	Public, InitOnly
0x0400062F	StardewValley.Proposal	proposalType	Public, InitOnly
0x04000630	StardewValley.Proposal	response	Public, InitOnly
0x04000631	StardewValley.Proposal	responseMessageKey	Public, InitOnly
0x04000632	StardewValley.Proposal	gift	Public, InitOnly
0x04000633	StardewValley.Proposal	canceled	Public, InitOnly
0x04000634	StardewValley.Proposal	cancelConfirmed	Public, InitOnly
0x04000635	StardewValley.Proposal	<NetFields>k__BackingField	Private, InitOnly
0x04000636	StardewValley.FarmerPair	Farmer1	Public
0x04000637	StardewValley.FarmerPair	Farmer2	Public
0x04000638	StardewValley.FarmerTeam	GlobalInventoryId_LostItemsShop	Public, Static, Literal, HasDefault
0x04000639	StardewValley.FarmerTeam	GlobalInventoryId_JunimoChest	Public, Static, Literal, HasDefault
0x0400063A	StardewValley.FarmerTeam	money	Public, InitOnly
0x0400063B	StardewValley.FarmerTeam	individualMoney	Public, InitOnly
0x0400063C	StardewValley.FarmerTeam	totalMoneyEarned	Public, InitOnly
0x0400063D	StardewValley.FarmerTeam	useSeparateWallets	Public, InitOnly
0x0400063E	StardewValley.FarmerTeam	newLostAndFoundItems	Public, InitOnly
0x0400063F	StardewValley.FarmerTeam	toggleMineShrineOvernight	Public, InitOnly
0x04000640	StardewValley.FarmerTeam	mineShrineActivated	Public, InitOnly
0x04000641	StardewValley.FarmerTeam	toggleSkullShrineOvernight	Public, InitOnly
0x04000642	StardewValley.FarmerTeam	skullShrineActivated	Public, InitOnly
0x04000643	StardewValley.FarmerTeam	farmPerfect	Public, InitOnly
0x04000644	StardewValley.FarmerTeam	specialRulesRemovedToday	Public, InitOnly
0x04000645	StardewValley.FarmerTeam	itemsToRemoveOvernight	Public, InitOnly
0x04000646	StardewValley.FarmerTeam	mailToRemoveOvernight	Public, InitOnly
0x04000647	StardewValley.FarmerTeam	cellarAssignments	Public
0x04000648	StardewValley.FarmerTeam	broadcastedMail	Public
0x04000649	StardewValley.FarmerTeam	constructedBuildings	Public, InitOnly
0x0400064A	StardewValley.FarmerTeam	collectedNutTracker	Public
0x0400064B	StardewValley.FarmerTeam	completedSpecialOrders	Public
0x0400064C	StardewValley.FarmerTeam	specialOrders	Public
0x0400064D	StardewValley.FarmerTeam	availableSpecialOrders	Public
0x0400064E	StardewValley.FarmerTeam	acceptedSpecialOrderTypes	Public
0x0400064F	StardewValley.FarmerTeam	returnedDonations	Public, InitOnly
0x04000650	StardewValley.FarmerTeam	chestHit	Assembly, InitOnly
0x04000651	StardewValley.FarmerTeam	globalInventories	Public, InitOnly
0x04000652	StardewValley.FarmerTeam	globalInventoryMutexes	Public, InitOnly
0x04000653	StardewValley.FarmerTeam	announcedSleepingFarmers	Public, InitOnly
0x04000654	StardewValley.FarmerTeam	sleepAnnounceMode	Public, InitOnly
0x04000655	StardewValley.FarmerTeam	farmhandsCanMoveBuildings	Public, InitOnly
0x04000656	StardewValley.FarmerTeam	proposals	Private, InitOnly
0x04000657	StardewValley.FarmerTeam	movieInvitations	Public, InitOnly
0x04000658	StardewValley.FarmerTeam	luauIngredients	Public, InitOnly
0x04000659	StardewValley.FarmerTeam	grangeDisplay	Public, InitOnly
0x0400065A	StardewValley.FarmerTeam	grangeMutex	Public, InitOnly
0x0400065B	StardewValley.FarmerTeam	returnedDonationsMutex	Public, InitOnly
0x0400065C	StardewValley.FarmerTeam	ordersBoardMutex	Public, InitOnly
0x0400065D	StardewValley.FarmerTeam	qiChallengeBoardMutex	Public, InitOnly
0x0400065E	StardewValley.FarmerTeam	festivalPropRemovalEvent	Private, InitOnly
0x0400065F	StardewValley.FarmerTeam	addQiGemsToTeam	Public, InitOnly
0x04000660	StardewValley.FarmerTeam	addCharacterEvent	Public, InitOnly
0x04000661	StardewValley.FarmerTeam	requestAddCharacterEvent	Public, InitOnly
0x04000662	StardewValley.FarmerTeam	requestLeoMove	Public, InitOnly
0x04000663	StardewValley.FarmerTeam	kickOutOfMinesEvent	Public, InitOnly
0x04000664	StardewValley.FarmerTeam	requestNPCGoHome	Public, InitOnly
0x04000665	StardewValley.FarmerTeam	requestSpouseSleepEvent	Public, InitOnly
0x04000666	StardewValley.FarmerTeam	ringPhoneEvent	Public, InitOnly
0x04000667	StardewValley.FarmerTeam	requestHorseWarpEvent	Public, InitOnly
0x04000668	StardewValley.FarmerTeam	requestPetWarpHomeEvent	Public, InitOnly
0x04000669	StardewValley.FarmerTeam	requestMovieEndEvent	Public, InitOnly
0x0400066A	StardewValley.FarmerTeam	endMovieEvent	Public, InitOnly
0x0400066B	StardewValley.FarmerTeam	buildingConstructedEvent	Public, InitOnly
0x0400066C	StardewValley.FarmerTeam	buildingMovedEvent	Public, InitOnly
0x0400066D	StardewValley.FarmerTeam	buildingDemolishedEvent	Public, InitOnly
0x0400066E	StardewValley.FarmerTeam	limitedNutDrops	Public, InitOnly
0x0400066F	StardewValley.FarmerTeam	requestNutDrop	Private, InitOnly
0x04000670	StardewValley.FarmerTeam	requestSetSimpleFlag	Private, InitOnly
0x04000671	StardewValley.FarmerTeam	requestSetMail	Private, InitOnly
0x04000672	StardewValley.FarmerTeam	friendshipData	Public, InitOnly
0x04000673	StardewValley.FarmerTeam	demolishLock	Public, InitOnly
0x04000674	StardewValley.FarmerTeam	buildLock	Public, InitOnly
0x04000675	StardewValley.FarmerTeam	movieMutex	Public, InitOnly
0x04000676	StardewValley.FarmerTeam	goldenCoconutMutex	Public, InitOnly
0x04000677	StardewValley.FarmerTeam	synchronizedShopStock	Public, InitOnly
0x04000678	StardewValley.FarmerTeam	theaterBuildDate	Public, InitOnly
0x04000679	StardewValley.FarmerTeam	lastDayQueenOfSauceRerunUpdated	Public, InitOnly
0x0400067A	StardewValley.FarmerTeam	queenOfSauceRerunWeek	Public, InitOnly
0x0400067B	StardewValley.FarmerTeam	sharedDailyLuck	Public, InitOnly
0x0400067C	StardewValley.FarmerTeam	spawnMonstersAtNight	Public, InitOnly
0x0400067D	StardewValley.FarmerTeam	useLegacyRandom	Public, InitOnly
0x0400067E	StardewValley.FarmerTeam	allowChatCheats	Assembly, InitOnly
0x0400067F	StardewValley.FarmerTeam	hasDedicatedHost	Assembly, InitOnly
0x04000680	StardewValley.FarmerTeam	calicoEggSkullCavernRating	Public, InitOnly
0x04000681	StardewValley.FarmerTeam	highestCalicoEggRatingToday	Public, InitOnly
0x04000682	StardewValley.FarmerTeam	calicoStatueEffects	Public, InitOnly
0x04000683	StardewValley.FarmerTeam	junimoKartScores	Public, InitOnly
0x04000684	StardewValley.FarmerTeam	<NetFields>k__BackingField	Private, InitOnly
0x04000685	StardewValley.FarmerTeam	junimoKartStatus	Public
0x04000686	StardewValley.FarmerTeam	endOfNightStatus	Public
0x04000687	StardewValley.FarmerTeam	festivalScoreStatus	Public
0x04000688	StardewValley.FarmerTeam	sleepStatus	Public
0x04000689	StardewValley.FriendshipStatus	value__	Public, SpecialName, RTSpecialName
0x0400068A	StardewValley.FriendshipStatus	Friendly	Public, Static, Literal, HasDefault
0x0400068B	StardewValley.FriendshipStatus	Dating	Public, Static, Literal, HasDefault
0x0400068C	StardewValley.FriendshipStatus	Engaged	Public, Static, Literal, HasDefault
0x0400068D	StardewValley.FriendshipStatus	Married	Public, Static, Literal, HasDefault
0x0400068E	StardewValley.FriendshipStatus	Divorced	Public, Static, Literal, HasDefault
0x0400068F	StardewValley.Friendship	points	Private, InitOnly
0x04000690	StardewValley.Friendship	giftsThisWeek	Private, InitOnly
0x04000691	StardewValley.Friendship	giftsToday	Private, InitOnly
0x04000692	StardewValley.Friendship	lastGiftDate	Private, InitOnly
0x04000693	StardewValley.Friendship	talkedToToday	Private, InitOnly
0x04000694	StardewValley.Friendship	proposalRejected	Private, InitOnly
0x04000695	StardewValley.Friendship	weddingDate	Private, InitOnly
0x04000696	StardewValley.Friendship	nextBirthingDate	Private, InitOnly
0x04000697	StardewValley.Friendship	status	Private, InitOnly
0x04000698	StardewValley.Friendship	proposer	Private, InitOnly
0x04000699	StardewValley.Friendship	roommateMarriage	Private, InitOnly
0x0400069A	StardewValley.Friendship	<NetFields>k__BackingField	Private, InitOnly
0x0400069B	StardewValley.Game1	IncrementalLoadEnabled	Public, Static, Literal, HasDefault
0x0400069C	StardewValley.Game1	defaultResolutionX	Public, Static, Literal, HasDefault
0x0400069D	StardewValley.Game1	defaultResolutionY	Public, Static, Literal, HasDefault
0x0400069E	StardewValley.Game1	pixelZoom	Public, Static, Literal, HasDefault
0x0400069F	StardewValley.Game1	tileSize	Public, Static, Literal, HasDefault
0x040006A0	StardewValley.Game1	smallestTileSize	Public, Static, Literal, HasDefault
0x040006A1	StardewValley.Game1	up	Public, Static, Literal, HasDefault
0x040006A2	StardewValley.Game1	right	Public, Static, Literal, HasDefault
0x040006A3	StardewValley.Game1	down	Public, Static, Literal, HasDefault
0x040006A4	StardewValley.Game1	left	Public, Static, Literal, HasDefault
0x040006A5	StardewValley.Game1	dialogueBoxTileHeight	Public, Static, Literal, HasDefault
0x040006A6	StardewValley.Game1	realMilliSecondsPerGameMinute	Public, Static
0x040006A7	StardewValley.Game1	realMilliSecondsPerGameTenMinutes	Public, Static
0x040006A8	StardewValley.Game1	rainDensity	Public, Static, Literal, HasDefault
0x040006A9	StardewValley.Game1	rainLoopLength	Public, Static, Literal, HasDefault
0x040006AA	StardewValley.Game1	cursor_none	Public, Static, InitOnly
0x040006AB	StardewValley.Game1	cursor_default	Public, Static, InitOnly
0x040006AC	StardewValley.Game1	cursor_wait	Public, Static, InitOnly
0x040006AD	StardewValley.Game1	cursor_grab	Public, Static, InitOnly
0x040006AE	StardewValley.Game1	cursor_gift	Public, Static, InitOnly
0x040006AF	StardewValley.Game1	cursor_talk	Public, Static, InitOnly
0x040006B0	StardewValley.Game1	cursor_look	Public, Static, InitOnly
0x040006B1	StardewValley.Game1	cursor_harvest	Public, Static, InitOnly
0x040006B2	StardewValley.Game1	cursor_gamepad_pointer	Public, Static, InitOnly
0x040006B3	StardewValley.Game1	asianSpacingRegexString	Public, Static, InitOnly
0x040006B4	StardewValley.Game1	legacy_weather_sunny	Public, Static, Literal, HasDefault
0x040006B5	StardewValley.Game1	legacy_weather_rain	Public, Static, Literal, HasDefault
0x040006B6	StardewValley.Game1	legacy_weather_debris	Public, Static, Literal, HasDefault
0x040006B7	StardewValley.Game1	legacy_weather_lightning	Public, Static, Literal, HasDefault
0x040006B8	StardewValley.Game1	legacy_weather_festival	Public, Static, Literal, HasDefault
0x040006B9	StardewValley.Game1	legacy_weather_snow	Public, Static, Literal, HasDefault
0x040006BA	StardewValley.Game1	legacy_weather_wedding	Public, Static, Literal, HasDefault
0x040006BB	StardewValley.Game1	weather_sunny	Public, Static, Literal, HasDefault
0x040006BC	StardewValley.Game1	weather_rain	Public, Static, Literal, HasDefault
0x040006BD	StardewValley.Game1	weather_green_rain	Public, Static, Literal, HasDefault
0x040006BE	StardewValley.Game1	weather_debris	Public, Static, Literal, HasDefault
0x040006BF	StardewValley.Game1	weather_lightning	Public, Static, Literal, HasDefault
0x040006C0	StardewValley.Game1	weather_festival	Public, Static, Literal, HasDefault
0x040006C1	StardewValley.Game1	weather_snow	Public, Static, Literal, HasDefault
0x040006C2	StardewValley.Game1	weather_wedding	Public, Static, Literal, HasDefault
0x040006C3	StardewValley.Game1	builder_robin	Public, Static, Literal, HasDefault
0x040006C4	StardewValley.Game1	builder_wizard	Public, Static, Literal, HasDefault
0x040006C5	StardewValley.Game1	shop_adventurersGuild	Public, Static, Literal, HasDefault
0x040006C6	StardewValley.Game1	shop_adventurersGuildItemRecovery	Public, Static, Literal, HasDefault
0x040006C7	StardewValley.Game1	shop_animalSupplies	Public, Static, Literal, HasDefault
0x040006C8	StardewValley.Game1	shop_blacksmith	Public, Static, Literal, HasDefault
0x040006C9	StardewValley.Game1	shop_blacksmithUpgrades	Public, Static, Literal, HasDefault
0x040006CA	StardewValley.Game1	shop_boxOffice	Public, Static, Literal, HasDefault
0x040006CB	StardewValley.Game1	shop_catalogue	Public, Static, Literal, HasDefault
0x040006CC	StardewValley.Game1	shop_carpenter	Public, Static, Literal, HasDefault
0x040006CD	StardewValley.Game1	shop_casino	Public, Static, Literal, HasDefault
0x040006CE	StardewValley.Game1	shop_desertTrader	Public, Static, Literal, HasDefault
0x040006CF	StardewValley.Game1	shop_dwarf	Public, Static, Literal, HasDefault
0x040006D0	StardewValley.Game1	shop_fish	Public, Static, Literal, HasDefault
0x040006D1	StardewValley.Game1	shop_furnitureCatalogue	Public, Static, Literal, HasDefault
0x040006D2	StardewValley.Game1	shop_generalStore	Public, Static, Literal, HasDefault
0x040006D3	StardewValley.Game1	shop_hatMouse	Public, Static, Literal, HasDefault
0x040006D4	StardewValley.Game1	shop_hospital	Public, Static, Literal, HasDefault
0x040006D5	StardewValley.Game1	shop_iceCreamStand	Public, Static, Literal, HasDefault
0x040006D6	StardewValley.Game1	shop_islandTrader	Public, Static, Literal, HasDefault
0x040006D7	StardewValley.Game1	shop_jojaMart	Public, Static, Literal, HasDefault
0x040006D8	StardewValley.Game1	shop_krobus	Public, Static, Literal, HasDefault
0x040006D9	StardewValley.Game1	shop_qiGemShop	Public, Static, Literal, HasDefault
0x040006DA	StardewValley.Game1	shop_resortBar	Public, Static, Literal, HasDefault
0x040006DB	StardewValley.Game1	shop_sandy	Public, Static, Literal, HasDefault
0x040006DC	StardewValley.Game1	shop_saloon	Public, Static, Literal, HasDefault
0x040006DD	StardewValley.Game1	shop_travelingCart	Public, Static, Literal, HasDefault
0x040006DE	StardewValley.Game1	shop_volcanoShop	Public, Static, Literal, HasDefault
0x040006DF	StardewValley.Game1	shop_bookseller	Public, Static, Literal, HasDefault
0x040006E0	StardewValley.Game1	shop_bookseller_trade	Public, Static, Literal, HasDefault
0x040006E1	StardewValley.Game1	shop_jojaCatalogue	Public, Static, Literal, HasDefault
0x040006E2	StardewValley.Game1	shop_wizardCatalogue	Public, Static, Literal, HasDefault
0x040006E3	StardewValley.Game1	shop_junimoCatalogue	Public, Static, Literal, HasDefault
0x040006E4	StardewValley.Game1	shop_retroCatalogue	Public, Static, Literal, HasDefault
0x040006E5	StardewValley.Game1	shop_trashCatalogue	Public, Static, Literal, HasDefault
0x040006E6	StardewValley.Game1	shop_petAdoption	Public, Static, Literal, HasDefault
0x040006E7	StardewValley.Game1	singlePlayer	Public, Static, Literal, HasDefault
0x040006E8	StardewValley.Game1	multiplayerClient	Public, Static, Literal, HasDefault
0x040006E9	StardewValley.Game1	multiplayerServer	Public, Static, Literal, HasDefault
0x040006EA	StardewValley.Game1	logoScreenGameMode	Public, Static, Literal, HasDefault
0x040006EB	StardewValley.Game1	titleScreenGameMode	Public, Static, Literal, HasDefault
0x040006EC	StardewValley.Game1	loadScreenGameMode	Public, Static, Literal, HasDefault
0x040006ED	StardewValley.Game1	newGameMode	Public, Static, Literal, HasDefault
0x040006EE	StardewValley.Game1	playingGameMode	Public, Static, Literal, HasDefault
0x040006EF	StardewValley.Game1	loadingMode	Public, Static, Literal, HasDefault
0x040006F0	StardewValley.Game1	saveMode	Public, Static, Literal, HasDefault
0x040006F1	StardewValley.Game1	saveCompleteMode	Public, Static, Literal, HasDefault
0x040006F2	StardewValley.Game1	selectGameScreen	Public, Static, Literal, HasDefault
0x040006F3	StardewValley.Game1	creditsMode	Public, Static, Literal, HasDefault
0x040006F4	StardewValley.Game1	errorLogMode	Public, Static, Literal, HasDefault
0x040006F5	StardewValley.Game1	GameAssemblyName	Public, Static, InitOnly
0x040006F6	StardewValley.Game1	version	Public, Static, InitOnly
0x040006F7	StardewValley.Game1	versionLabel	Public, Static, InitOnly
0x040006F8	StardewValley.Game1	versionBuildNumber	Public, Static, InitOnly
0x040006F9	StardewValley.Game1	keyPollingThreshold	Public, Static, Literal, HasDefault
0x040006FA	StardewValley.Game1	toolHoldPerPowerupLevel	Public, Static, Literal, HasDefault
0x040006FB	StardewValley.Game1	startingMusicVolume	Public, Static, Literal, HasDefault
0x040006FC	StardewValley.Game1	xTileContent	Public
0x040006FD	StardewValley.Game1	morningSongPlayAction	Public, Static
0x040006FE	StardewValley.Game1	_temporaryContent	Private, Static
0x040006FF	StardewValley.Game1	FinishedIncrementalLoad	Private, Static
0x04000700	StardewValley.Game1	FinishedFirstLoadContent	Private, Static
0x04000701	StardewValley.Game1	FinishedFirstInitSounds	Private, Static
0x04000702	StardewValley.Game1	FinishedFirstInitSerializers	Private, Static
0x04000703	StardewValley.Game1	LoadContentEnumerator	Private, Static
0x04000704	StardewValley.Game1	graphics	Public, Static
0x04000705	StardewValley.Game1	content	Public, Static
0x04000706	StardewValley.Game1	spriteBatch	Public, Static
0x04000707	StardewValley.Game1	MusicDuckTimer	Public, Static
0x04000708	StardewValley.Game1	oldPadState	Public, Static
0x04000709	StardewValley.Game1	thumbStickSensitivity	Public, Static
0x0400070A	StardewValley.Game1	runThreshold	Public, Static
0x0400070B	StardewValley.Game1	rightStickHoldTime	Public, Static
0x0400070C	StardewValley.Game1	emoteMenuShowTime	Public, Static
0x0400070D	StardewValley.Game1	nextFarmerWarpOffsetX	Public, Static
0x0400070E	StardewValley.Game1	nextFarmerWarpOffsetY	Public, Static
0x0400070F	StardewValley.Game1	oldKBState	Public, Static
0x04000710	StardewValley.Game1	oldMouseState	Public, Static
0x04000711	StardewValley.Game1	keyboardFocusInstance	Public, Static
0x04000712	StardewValley.Game1	_player	Private, Static
0x04000713	StardewValley.Game1	serverHost	Public, Static
0x04000714	StardewValley.Game1	_isWarping	Family, Static
0x04000715	StardewValley.Game1	hasLocalClientsOnly	Public, Static
0x04000716	StardewValley.Game1	_instanceIsPlayingBackgroundMusic	Family
0x04000717	StardewValley.Game1	_instanceIsPlayingOutdoorsAmbience	Family
0x04000718	StardewValley.Game1	_instanceIsPlayingNightAmbience	Family
0x04000719	StardewValley.Game1	_instanceIsPlayingTownMusic	Family
0x0400071A	StardewValley.Game1	_instanceIsPlayingMorningSong	Family
0x0400071B	StardewValley.Game1	isUsingBackToFrontSorting	Public, Static
0x0400071C	StardewValley.Game1	_debugStringBuilder	Family, Static
0x0400071D	StardewValley.Game1	debugTimings	Assembly, Static, InitOnly
0x0400071E	StardewValley.Game1	_locationLookup	Public, Static
0x0400071F	StardewValley.Game1	_locations	Public
0x04000720	StardewValley.Game1	asianSpacingRegex	Public, Static
0x04000721	StardewValley.Game1	defaultDeviceViewport	Public, Static
0x04000722	StardewValley.Game1	locationRequest	Public, Static
0x04000723	StardewValley.Game1	warpingForForcedRemoteEvent	Public, Static
0x04000724	StardewValley.Game1	_PreviousNonNullLocation	Family, Static
0x04000725	StardewValley.Game1	instanceGameLocation	Public
0x04000726	StardewValley.Game1	mapDisplayDevice	Public, Static
0x04000727	StardewValley.Game1	viewport	Public, Static
0x04000728	StardewValley.Game1	uiViewport	Public, Static
0x04000729	StardewValley.Game1	objectSpriteSheet	Public, Static
0x0400072A	StardewValley.Game1	cropSpriteSheet	Public, Static
0x0400072B	StardewValley.Game1	emoteSpriteSheet	Public, Static
0x0400072C	StardewValley.Game1	debrisSpriteSheet	Public, Static
0x0400072D	StardewValley.Game1	rainTexture	Public, Static
0x0400072E	StardewValley.Game1	bigCraftableSpriteSheet	Public, Static
0x0400072F	StardewValley.Game1	buffsIcons	Public, Static
0x04000730	StardewValley.Game1	daybg	Public, Static
0x04000731	StardewValley.Game1	nightbg	Public, Static
0x04000732	StardewValley.Game1	menuTexture	Public, Static
0x04000733	StardewValley.Game1	uncoloredMenuTexture	Public, Static
0x04000734	StardewValley.Game1	lantern	Public, Static
0x04000735	StardewValley.Game1	windowLight	Public, Static
0x04000736	StardewValley.Game1	sconceLight	Public, Static
0x04000737	StardewValley.Game1	cauldronLight	Public, Static
0x04000738	StardewValley.Game1	shadowTexture	Public, Static
0x04000739	StardewValley.Game1	mouseCursors	Public, Static
0x0400073A	StardewValley.Game1	mouseCursors2	Public, Static
0x0400073B	StardewValley.Game1	mouseCursors_1_6	Public, Static
0x0400073C	StardewValley.Game1	giftboxTexture	Public, Static
0x0400073D	StardewValley.Game1	controllerMaps	Public, Static
0x0400073E	StardewValley.Game1	indoorWindowLight	Public, Static
0x0400073F	StardewValley.Game1	animations	Public, Static
0x04000740	StardewValley.Game1	concessionsSpriteSheet	Public, Static
0x04000741	StardewValley.Game1	birdsSpriteSheet	Public, Static
0x04000742	StardewValley.Game1	objectSpriteSheet_2	Public, Static
0x04000743	StardewValley.Game1	bobbersTexture	Public, Static
0x04000744	StardewValley.Game1	npcDialogues	Public, Static
0x04000745	StardewValley.Game1	_farmerShadows	Family, InitOnly
0x04000746	StardewValley.Game1	morningQueue	Public, Static
0x04000747	StardewValley.Game1	hooks	FamORAssem, Static
0x04000748	StardewValley.Game1	input	Public, Static
0x04000749	StardewValley.Game1	inputSimulator	FamORAssem, Static
0x0400074A	StardewValley.Game1	concessionsSpriteSheetName	Public, Static, Literal, HasDefault
0x0400074B	StardewValley.Game1	cropSpriteSheetName	Public, Static, Literal, HasDefault
0x0400074C	StardewValley.Game1	objectSpriteSheetName	Public, Static, Literal, HasDefault
0x0400074D	StardewValley.Game1	animationsName	Public, Static, Literal, HasDefault
0x0400074E	StardewValley.Game1	mouseCursorsName	Public, Static, Literal, HasDefault
0x0400074F	StardewValley.Game1	mouseCursors2Name	Public, Static, Literal, HasDefault
0x04000750	StardewValley.Game1	mouseCursors1_6Name	Public, Static, Literal, HasDefault
0x04000751	StardewValley.Game1	giftboxName	Public, Static, Literal, HasDefault
0x04000752	StardewValley.Game1	toolSpriteSheetName	Public, Static, Literal, HasDefault
0x04000753	StardewValley.Game1	bigCraftableSpriteSheetName	Public, Static, Literal, HasDefault
0x04000754	StardewValley.Game1	debrisSpriteSheetName	Public, Static, Literal, HasDefault
0x04000755	StardewValley.Game1	parrotSheetName	Public, Static, Literal, HasDefault
0x04000756	StardewValley.Game1	hatsSheetName	Public, Static, Literal, HasDefault
0x04000757	StardewValley.Game1	bobbersTextureName	Public, Static, Literal, HasDefault
0x04000758	StardewValley.Game1	_toolSpriteSheet	Private, Static
0x04000759	StardewValley.Game1	crabPotOverlayTiles	Public, Static
0x0400075A	StardewValley.Game1	_setSaveName	Family, Static
0x0400075B	StardewValley.Game1	_currentSaveName	Family, Static
0x0400075C	StardewValley.Game1	mailDeliveredFromMailForTomorrow	Public, Static
0x0400075D	StardewValley.Game1	_lightmap	Private, Static
0x0400075E	StardewValley.Game1	dynamicPixelRects	Public, Static
0x0400075F	StardewValley.Game1	fadeToBlackRect	Public, Static
0x04000760	StardewValley.Game1	staminaRect	Public, Static
0x04000761	StardewValley.Game1	lightingRect	Public, Static
0x04000762	StardewValley.Game1	dialogueFont	Public, Static
0x04000763	StardewValley.Game1	smallFont	Public, Static
0x04000764	StardewValley.Game1	tinyFont	Public, Static
0x04000765	StardewValley.Game1	screenGlowAlpha	Public, Static
0x04000766	StardewValley.Game1	flashAlpha	Public, Static
0x04000767	StardewValley.Game1	noteBlockTimer	Public, Static
0x04000768	StardewValley.Game1	currentGemBirdIndex	Public, Static
0x04000769	StardewValley.Game1	newGameSetupOptions	Public
0x0400076A	StardewValley.Game1	dialogueUp	Public, Static
0x0400076B	StardewValley.Game1	dialogueTyping	Public, Static
0x0400076C	StardewValley.Game1	isQuestion	Public, Static
0x0400076D	StardewValley.Game1	newDay	Public, Static
0x0400076E	StardewValley.Game1	eventUp	Public, Static
0x0400076F	StardewValley.Game1	viewportFreeze	Public, Static
0x04000770	StardewValley.Game1	eventOver	Public, Static
0x04000771	StardewValley.Game1	screenGlow	Public, Static
0x04000772	StardewValley.Game1	screenGlowHold	Public, Static
0x04000773	StardewValley.Game1	screenGlowUp	Public, Static
0x04000774	StardewValley.Game1	killScreen	Public, Static
0x04000775	StardewValley.Game1	messagePause	Public, Static
0x04000776	StardewValley.Game1	weddingToday	Public, Static
0x04000777	StardewValley.Game1	exitToTitle	Public, Static
0x04000778	StardewValley.Game1	debugMode	Public, Static
0x04000779	StardewValley.Game1	displayHUD	Public, Static
0x0400077A	StardewValley.Game1	displayFarmer	Public, Static
0x0400077B	StardewValley.Game1	dialogueButtonShrinking	Public, Static
0x0400077C	StardewValley.Game1	drawLighting	Public, Static
0x0400077D	StardewValley.Game1	quit	Public, Static
0x0400077E	StardewValley.Game1	drawGrid	Public, Static
0x0400077F	StardewValley.Game1	freezeControls	Public, Static
0x04000780	StardewValley.Game1	saveOnNewDay	Public, Static
0x04000781	StardewValley.Game1	panMode	Public, Static
0x04000782	StardewValley.Game1	showingEndOfNightStuff	Public, Static
0x04000783	StardewValley.Game1	wasRainingYesterday	Public, Static
0x04000784	StardewValley.Game1	hasLoadedGame	Public, Static
0x04000785	StardewValley.Game1	isActionAtCurrentCursorTile	Public, Static
0x04000786	StardewValley.Game1	isInspectionAtCurrentCursorTile	Public, Static
0x04000787	StardewValley.Game1	isSpeechAtCurrentCursorTile	Public, Static
0x04000788	StardewValley.Game1	paused	Public, Static
0x04000789	StardewValley.Game1	isTimePaused	Public, Static
0x0400078A	StardewValley.Game1	frameByFrame	Public, Static
0x0400078B	StardewValley.Game1	lastCursorMotionWasMouse	Public, Static
0x0400078C	StardewValley.Game1	showingHealth	Public, Static
0x0400078D	StardewValley.Game1	cabinsSeparate	Public, Static
0x0400078E	StardewValley.Game1	showingHealthBar	Public, Static
0x0400078F	StardewValley.Game1	hasStartedDay	Public, Static
0x04000790	StardewValley.Game1	eventsSeenSinceLastLocationChange	Public, Static
0x04000791	StardewValley.Game1	hasApplied1_3_UpdateChanges	Assembly, Static
0x04000792	StardewValley.Game1	hasApplied1_4_UpdateChanges	Assembly, Static
0x04000793	StardewValley.Game1	postExitToTitleCallback	Private, Static
0x04000794	StardewValley.Game1	_lastUsedDisplay	Family
0x04000795	StardewValley.Game1	wasAskedLeoMemory	Public
0x04000796	StardewValley.Game1	controllerSlingshotSafeTime	Public
0x04000797	StardewValley.Game1	bundleType	Public, Static
0x04000798	StardewValley.Game1	isRaining	Public, Static
0x04000799	StardewValley.Game1	isSnowing	Public, Static
0x0400079A	StardewValley.Game1	isLightning	Public, Static
0x0400079B	StardewValley.Game1	isDebrisWeather	Public, Static
0x0400079C	StardewValley.Game1	_isGreenRain	Private, Static
0x0400079D	StardewValley.Game1	wasGreenRain	Assembly, Static
0x0400079E	StardewValley.Game1	greenRainNeedsCleanup	Assembly, Static
0x0400079F	StardewValley.Game1	debrisWeatherSeason	Public, Static
0x040007A0	StardewValley.Game1	weatherForTomorrow	Public, Static
0x040007A1	StardewValley.Game1	zoomModifier	Public
0x040007A2	StardewValley.Game1	screenFade	Private, Static
0x040007A3	StardewValley.Game1	season	Public, Static
0x040007A4	StardewValley.Game1	bannedUsers	Public, Static
0x040007A5	StardewValley.Game1	_debugOutputLock	Private, Static
0x040007A6	StardewValley.Game1	_debugOutput	Private, Static
0x040007A7	StardewValley.Game1	requestedMusicTrack	Public, Static
0x040007A8	StardewValley.Game1	messageAfterPause	Public, Static
0x040007A9	StardewValley.Game1	samBandName	Public, Static
0x040007AA	StardewValley.Game1	loadingMessage	Public, Static
0x040007AB	StardewValley.Game1	errorMessage	Public, Static
0x040007AC	StardewValley.Game1	_instanceRequestedMusicTracks	Family
0x040007AD	StardewValley.Game1	_instanceActiveMusicContext	Family
0x040007AE	StardewValley.Game1	requestedMusicTrackOverrideable	Public, Static
0x040007AF	StardewValley.Game1	currentTrackOverrideable	Public, Static
0x040007B0	StardewValley.Game1	requestedMusicDirty	Public, Static
0x040007B1	StardewValley.Game1	_useUnscaledLighting	Family
0x040007B2	StardewValley.Game1	_didInitiateItemStow	Family
0x040007B3	StardewValley.Game1	instanceIsOverridingTrack	Public
0x040007B4	StardewValley.Game1	_shortDayDisplayName	Private, Static
0x040007B5	StardewValley.Game1	currentObjectDialogue	Public, Static
0x040007B6	StardewValley.Game1	worldStateIDs	Public, Static
0x040007B7	StardewValley.Game1	questionChoices	Public, Static
0x040007B8	StardewValley.Game1	xLocationAfterWarp	Public, Static
0x040007B9	StardewValley.Game1	yLocationAfterWarp	Public, Static
0x040007BA	StardewValley.Game1	gameTimeInterval	Public, Static
0x040007BB	StardewValley.Game1	currentQuestionChoice	Public, Static
0x040007BC	StardewValley.Game1	currentDialogueCharacterIndex	Public, Static
0x040007BD	StardewValley.Game1	dialogueTypingInterval	Public, Static
0x040007BE	StardewValley.Game1	dayOfMonth	Public, Static
0x040007BF	StardewValley.Game1	year	Public, Static
0x040007C0	StardewValley.Game1	timeOfDay	Public, Static
0x040007C1	StardewValley.Game1	timeOfDayAfterFade	Public, Static
0x040007C2	StardewValley.Game1	dialogueWidth	Public, Static
0x040007C3	StardewValley.Game1	facingDirectionAfterWarp	Public, Static
0x040007C4	StardewValley.Game1	mouseClickPolling	Public, Static
0x040007C5	StardewValley.Game1	gamePadXButtonPolling	Public, Static
0x040007C6	StardewValley.Game1	gamePadAButtonPolling	Public, Static
0x040007C7	StardewValley.Game1	weatherIcon	Public, Static
0x040007C8	StardewValley.Game1	hitShakeTimer	Public, Static
0x040007C9	StardewValley.Game1	staminaShakeTimer	Public, Static
0x040007CA	StardewValley.Game1	pauseThenDoFunctionTimer	Public, Static
0x040007CB	StardewValley.Game1	cursorTileHintCheckTimer	Public, Static
0x040007CC	StardewValley.Game1	timerUntilMouseFade	Public, Static
0x040007CD	StardewValley.Game1	whichFarm	Public, Static
0x040007CE	StardewValley.Game1	startingCabins	Public, Static
0x040007CF	StardewValley.Game1	whichModFarm	Public, Static
0x040007D0	StardewValley.Game1	startingGameSeed	Public, Static
0x040007D1	StardewValley.Game1	elliottPiano	Public, Static
0x040007D2	StardewValley.Game1	viewportClampArea	Public, Static
0x040007D3	StardewValley.Game1	lastAppliedSaveFix	Public, Static
0x040007D4	StardewValley.Game1	eveningColor	Public, Static
0x040007D5	StardewValley.Game1	unselectedOptionColor	Public, Static
0x040007D6	StardewValley.Game1	screenGlowColor	Public, Static
0x040007D7	StardewValley.Game1	currentSpeaker	Public, Static
0x040007D8	StardewValley.Game1	random	Public, Static
0x040007D9	StardewValley.Game1	recentMultiplayerRandom	Public, Static
0x040007DA	StardewValley.Game1	achievements	Public, Static
0x040007DB	StardewValley.Game1	bigCraftableData	Public, Static
0x040007DC	StardewValley.Game1	buildingData	Public, Static
0x040007DD	StardewValley.Game1	characterData	Public, Static
0x040007DE	StardewValley.Game1	cropData	Public, Static
0x040007DF	StardewValley.Game1	farmAnimalData	Public, Static
0x040007E0	StardewValley.Game1	floorPathData	Public, Static
0x040007E1	StardewValley.Game1	fruitTreeData	Public, Static
0x040007E2	StardewValley.Game1	jukeboxTrackData	Public, Static
0x040007E3	StardewValley.Game1	locationData	Public, Static
0x040007E4	StardewValley.Game1	locationContextData	Public, Static
0x040007E5	StardewValley.Game1	NPCGiftTastes	Public, Static
0x040007E6	StardewValley.Game1	objectData	Public, Static
0x040007E7	StardewValley.Game1	pantsData	Public, Static
0x040007E8	StardewValley.Game1	petData	Public, Static
0x040007E9	StardewValley.Game1	shirtData	Public, Static
0x040007EA	StardewValley.Game1	toolData	Public, Static
0x040007EB	StardewValley.Game1	weaponData	Public, Static
0x040007EC	StardewValley.Game1	hudMessages	Public, Static
0x040007ED	StardewValley.Game1	musicPlayerVolume	Public, Static
0x040007EE	StardewValley.Game1	ambientPlayerVolume	Public, Static
0x040007EF	StardewValley.Game1	pauseAccumulator	Public, Static
0x040007F0	StardewValley.Game1	pauseTime	Public, Static
0x040007F1	StardewValley.Game1	upPolling	Public, Static
0x040007F2	StardewValley.Game1	downPolling	Public, Static
0x040007F3	StardewValley.Game1	rightPolling	Public, Static
0x040007F4	StardewValley.Game1	leftPolling	Public, Static
0x040007F5	StardewValley.Game1	debrisSoundInterval	Public, Static
0x040007F6	StardewValley.Game1	windGust	Public, Static
0x040007F7	StardewValley.Game1	dialogueButtonScale	Public, Static
0x040007F8	StardewValley.Game1	instanceCurrentSong	Public
0x040007F9	StardewValley.Game1	musicCategory	Public, Static
0x040007FA	StardewValley.Game1	soundCategory	Public, Static
0x040007FB	StardewValley.Game1	ambientCategory	Public, Static
0x040007FC	StardewValley.Game1	footstepCategory	Public, Static
0x040007FD	StardewValley.Game1	instancePlayerOneIndex	Public
0x040007FE	StardewValley.Game1	audioEngine	Public, Static
0x040007FF	StardewValley.Game1	waveBank	Public, Static
0x04000800	StardewValley.Game1	waveBank1_4	Public, Static
0x04000801	StardewValley.Game1	soundBank	Public, Static
0x04000802	StardewValley.Game1	previousViewportPosition	Public, Static
0x04000803	StardewValley.Game1	currentCursorTile	Public, Static
0x04000804	StardewValley.Game1	lastCursorTile	Public, Static
0x04000805	StardewValley.Game1	snowPos	Public, Static
0x04000806	StardewValley.Game1	localMultiplayerWindow	Public
0x04000807	StardewValley.Game1	rainDrops	Public, Static
0x04000808	StardewValley.Game1	chargeUpSound	Public, Static
0x04000809	StardewValley.Game1	wind	Public, Static
0x0400080A	StardewValley.Game1	loopingLocationCues	Public, Static
0x0400080B	StardewValley.Game1	sounds	Public, Static
0x0400080C	StardewValley.Game1	CueModification	Public, Static
0x0400080D	StardewValley.Game1	debrisWeather	Public, Static
0x0400080E	StardewValley.Game1	screenOverlayTempSprites	Public, Static
0x0400080F	StardewValley.Game1	uiOverlayTempSprites	Public, Static
0x04000810	StardewValley.Game1	_gameMode	Private, Static
0x04000811	StardewValley.Game1	<gameModeTicks>k__BackingField	Private, Static
0x04000812	StardewValley.Game1	_isSaving	Private
0x04000813	StardewValley.Game1	log	FamORAssem, Static
0x04000814	StardewValley.Game1	hash	Public, Static
0x04000815	StardewValley.Game1	multiplayer	FamORAssem, Static
0x04000816	StardewValley.Game1	multiplayerMode	Public, Static
0x04000817	StardewValley.Game1	currentLoader	Public, Static
0x04000818	StardewValley.Game1	uniqueIDForThisGame	Public, Static
0x04000819	StardewValley.Game1	directionKeyPolling	Public, Static
0x0400081A	StardewValley.Game1	currentLightSources	Public, Static
0x0400081B	StardewValley.Game1	ambientLight	Public, Static
0x0400081C	StardewValley.Game1	outdoorLight	Public, Static
0x0400081D	StardewValley.Game1	textColor	Public, Static
0x0400081E	StardewValley.Game1	textShadowColor	Public, Static
0x0400081F	StardewValley.Game1	textShadowDarkerColor	Public, Static
0x04000820	StardewValley.Game1	overlayMenu	Public, Static
0x04000821	StardewValley.Game1	_activeClickableMenu	Private, Static
0x04000822	StardewValley.Game1	nextClickableMenu	Public, Static
0x04000823	StardewValley.Game1	actionsWhenPlayerFree	Public, Static
0x04000824	StardewValley.Game1	isCheckingNonMousePlacement	Public, Static
0x04000825	StardewValley.Game1	_currentMinigame	Private, Static
0x04000826	StardewValley.Game1	onScreenMenus	Public, Static
0x04000827	StardewValley.Game1	buffsDisplay	Public, Static
0x04000828	StardewValley.Game1	dayTimeMoneyBox	Public, Static
0x04000829	StardewValley.Game1	otherFarmers	Public, Static
0x0400082A	StardewValley.Game1	_onlineFarmers	Private, Static, InitOnly
0x0400082B	StardewValley.Game1	server	Public, Static
0x0400082C	StardewValley.Game1	client	Public, Static
0x0400082D	StardewValley.Game1	instanceKeyboardDispatcher	Public
0x0400082E	StardewValley.Game1	background	Public, Static
0x0400082F	StardewValley.Game1	farmEvent	Public, Static
0x04000830	StardewValley.Game1	farmEventOverride	Public, Static
0x04000831	StardewValley.Game1	afterFade	Public, Static
0x04000832	StardewValley.Game1	afterDialogues	Public, Static
0x04000833	StardewValley.Game1	afterViewport	Public, Static
0x04000834	StardewValley.Game1	viewportReachedTarget	Public, Static
0x04000835	StardewValley.Game1	afterPause	Public, Static
0x04000836	StardewValley.Game1	currentGameTime	Public, Static
0x04000837	StardewValley.Game1	delayedActions	Public, Static
0x04000838	StardewValley.Game1	endOfNightMenus	Public, Static
0x04000839	StardewValley.Game1	instanceOptions	Public
0x0400083A	StardewValley.Game1	splitscreenOptions	Public, Static
0x0400083B	StardewValley.Game1	game1	Public, Static
0x0400083C	StardewValley.Game1	lastMousePositionBeforeFade	Public, Static
0x0400083D	StardewValley.Game1	ticks	Public, Static
0x0400083E	StardewValley.Game1	emoteMenu	Public, Static
0x0400083F	StardewValley.Game1	CustomData	Public, Static
0x04000840	StardewValley.Game1	netReady	Public, Static
0x04000841	StardewValley.Game1	dedicatedServer	Public, Static
0x04000842	StardewValley.Game1	netWorldState	Public, Static
0x04000843	StardewValley.Game1	chatBox	Public, Static
0x04000844	StardewValley.Game1	instanceTextEntry	Public
0x04000845	StardewValley.Game1	specialCurrencyDisplay	Public, Static
0x04000846	StardewValley.Game1	debugPresenceString	Private, Static
0x04000847	StardewValley.Game1	remoteEventQueue	Public, Static
0x04000848	StardewValley.Game1	weddingsToday	Public, Static
0x04000849	StardewValley.Game1	instanceIndex	Public
0x0400084A	StardewValley.Game1	instanceId	Public
0x0400084B	StardewValley.Game1	overrideGameMenuReset	Public, Static
0x0400084C	StardewValley.Game1	_windowResizing	Family
0x0400084D	StardewValley.Game1	_oldMousePosition	Family
0x0400084E	StardewValley.Game1	_oldGamepadConnectedState	Family
0x0400084F	StardewValley.Game1	_oldScrollWheelValue	Family
0x04000850	StardewValley.Game1	viewportCenter	Public, Static
0x04000851	StardewValley.Game1	viewportTarget	Public, Static
0x04000852	StardewValley.Game1	viewportSpeed	Public, Static
0x04000853	StardewValley.Game1	viewportHold	Public, Static
0x04000854	StardewValley.Game1	_cursorDragEnabled	Private, Static
0x04000855	StardewValley.Game1	_cursorDragPrevEnabled	Private, Static
0x04000856	StardewValley.Game1	_cursorSpeedDirty	Private, Static
0x04000857	StardewValley.Game1	CursorBaseSpeed	Private, Static, Literal, HasDefault
0x04000858	StardewValley.Game1	_cursorSpeed	Private, Static
0x04000859	StardewValley.Game1	_cursorSpeedScale	Private, Static
0x0400085A	StardewValley.Game1	_cursorUpdateElapsedSec	Private, Static
0x0400085B	StardewValley.Game1	thumbstickPollingTimer	Private, Static
0x0400085C	StardewValley.Game1	toggleFullScreen	Public, Static
0x0400085D	StardewValley.Game1	whereIsTodaysFest	Public, Static
0x0400085E	StardewValley.Game1	NO_LETTER_MAIL	Public, Static, Literal, HasDefault
0x0400085F	StardewValley.Game1	BROADCAST_MAIL_FOR_TOMORROW_PREFIX	Public, Static, Literal, HasDefault
0x04000860	StardewValley.Game1	BROADCAST_SEEN_MAIL_PREFIX	Public, Static, Literal, HasDefault
0x04000861	StardewValley.Game1	BROADCAST_MAILBOX_PREFIX	Public, Static, Literal, HasDefault
0x04000862	StardewValley.Game1	isLocalMultiplayerNewDayActive	Public
0x04000863	StardewValley.Game1	_newDayTask	Family, Static
0x04000864	StardewValley.Game1	_afterNewDayAction	Private, Static
0x04000865	StardewValley.Game1	newDaySync	Public, Static
0x04000866	StardewValley.Game1	forceSnapOnNextViewportUpdate	Public, Static
0x04000867	StardewValley.Game1	currentViewportTarget	Public, Static
0x04000868	StardewValley.Game1	viewportPositionLerp	Public, Static
0x04000869	StardewValley.Game1	screenGlowRate	Public, Static
0x0400086A	StardewValley.Game1	screenGlowMax	Public, Static
0x0400086B	StardewValley.Game1	haltAfterCheck	Public, Static
0x0400086C	StardewValley.Game1	uiMode	Public, Static
0x0400086D	StardewValley.Game1	nonUIRenderTarget	Public, Static
0x0400086E	StardewValley.Game1	uiModeCount	Public, Static
0x0400086F	StardewValley.Game1	_oldUIModeCount	Family, Static
0x04000870	StardewValley.Game1	panModeString	Assembly
0x04000871	StardewValley.Game1	conventionMode	Public, Static
0x04000872	StardewValley.Game1	eventTest	Assembly, Static
0x04000873	StardewValley.Game1	panFacingDirectionWait	Assembly
0x04000874	StardewValley.Game1	isRunningMacro	Public, Static
0x04000875	StardewValley.Game1	thumbstickMotionMargin	Public, Static
0x04000876	StardewValley.Game1	thumbstickMotionAccell	Public, Static
0x04000877	StardewValley.Game1	triggerPolling	Public, Static
0x04000878	StardewValley.Game1	rightClickPolling	Public, Static
0x04000879	StardewValley.Game1	_screen	Private
0x0400087A	StardewValley.Game1	_uiScreen	Private
0x0400087B	StardewValley.Game1	bgColor	Public, Static
0x0400087C	StardewValley.Game1	lightingBlend	Family, InitOnly
0x0400087D	StardewValley.Game1	isDrawing	Public
0x0400087E	StardewValley.Game1	isRenderingScreenBuffer	Public, Static
0x0400087F	StardewValley.Game1	_lastDrewMouseCursor	Family
0x04000880	StardewValley.Game1	_activatedTick	Family, Static
0x04000881	StardewValley.Game1	mouseCursor	Public, Static
0x04000882	StardewValley.Game1	_mouseCursorTransparency	Private, Static
0x04000883	StardewValley.Game1	wasMouseVisibleThisFrame	Public, Static
0x04000884	StardewValley.Game1	objectDialoguePortraitPerson	Public, Static
0x04000885	StardewValley.Game1	_ParseTextStringBuilder	Family, Static
0x04000886	StardewValley.Game1	_ParseTextStringBuilderLine	Family, Static
0x04000887	StardewValley.Game1	_ParseTextStringBuilderWord	Family, Static
0x04000888	StardewValley.Game1	ScreenshotBusy	Public
0x04000889	StardewValley.Game1	takingMapScreenshot	Public
0x0400088A	StardewValley.GameStateQuery	QueryTypeLookup	Private, Static, InitOnly
0x0400088B	StardewValley.GameStateQuery	Aliases	Private, Static, InitOnly
0x0400088C	StardewValley.GameStateQuery	NextClearCacheTick	Private, Static
0x0400088D	StardewValley.GameStateQuery	ParseCache	Private, Static, InitOnly
0x0400088E	StardewValley.GameStateQuery	SeasonQueryKeys	Public, Static
0x0400088F	StardewValley.GameStateQuery	MagicBaitIgnoreQueryKeys	Public, Static
0x04000890	StardewValley.HouseRenovation	_displayName	Family
0x04000891	StardewValley.HouseRenovation	_name	Family
0x04000892	StardewValley.HouseRenovation	_description	Family
0x04000893	StardewValley.HouseRenovation	animationType	Public
0x04000894	StardewValley.HouseRenovation	renovationBounds	Public
0x04000895	StardewValley.HouseRenovation	placementText	Public
0x04000896	StardewValley.HouseRenovation	location	Public
0x04000897	StardewValley.HouseRenovation	requireClearance	Public
0x04000898	StardewValley.HouseRenovation	onRenovation	Public
0x04000899	StardewValley.HouseRenovation	validate	Public
0x0400089A	StardewValley.HouseRenovation	Price	Public
0x0400089B	StardewValley.HouseRenovation	RoomId	Public
0x0400089C	StardewValley.HUDMessage	defaultTime	Public, Static, Literal, HasDefault
0x0400089D	StardewValley.HUDMessage	achievement_type	Public, Static, Literal, HasDefault
0x0400089E	StardewValley.HUDMessage	newQuest_type	Public, Static, Literal, HasDefault
0x0400089F	StardewValley.HUDMessage	error_type	Public, Static, Literal, HasDefault
0x040008A0	StardewValley.HUDMessage	stamina_type	Public, Static, Literal, HasDefault
0x040008A1	StardewValley.HUDMessage	health_type	Public, Static, Literal, HasDefault
0x040008A2	StardewValley.HUDMessage	screenshot_type	Public, Static, Literal, HasDefault
0x040008A3	StardewValley.HUDMessage	message	Public
0x040008A4	StardewValley.HUDMessage	type	Public
0x040008A5	StardewValley.HUDMessage	timeLeft	Public
0x040008A6	StardewValley.HUDMessage	transparency	Public
0x040008A7	StardewValley.HUDMessage	number	Public
0x040008A8	StardewValley.HUDMessage	whatType	Public
0x040008A9	StardewValley.HUDMessage	achievement	Public
0x040008AA	StardewValley.HUDMessage	noIcon	Public
0x040008AB	StardewValley.HUDMessage	messageSubject	Public
0x040008AC	StardewValley.InputState	_simulatedMousePosition	Family
0x040008AD	StardewValley.InputState	_ignoredKeys	Family
0x040008AE	StardewValley.InputState	_pressedKeys	Family
0x040008AF	StardewValley.InputState	_keyState	Family
0x040008B0	StardewValley.InputState	_lastKeyStateTick	Family
0x040008B1	StardewValley.InputState	_currentKeyboardState	Family
0x040008B2	StardewValley.InputState	_currentMouseState	Family
0x040008B3	StardewValley.InputState	_currentGamepadState	Family
0x040008B4	StardewValley.IslandGemBird	<NetFields>k__BackingField	Private, InitOnly
0x040008B5	StardewValley.IslandGemBird	texture	Public
0x040008B6	StardewValley.IslandGemBird	position	Public
0x040008B7	StardewValley.IslandGemBird	_destroyTimer	Family
0x040008B8	StardewValley.IslandGemBird	height	Public
0x040008B9	StardewValley.IslandGemBird	idleAnimation	Public
0x040008BA	StardewValley.IslandGemBird	lookBackAnimation	Public
0x040008BB	StardewValley.IslandGemBird	scratchAnimation	Public
0x040008BC	StardewValley.IslandGemBird	flyAnimation	Public
0x040008BD	StardewValley.IslandGemBird	currentAnimation	Public
0x040008BE	StardewValley.IslandGemBird	frameTimer	Public
0x040008BF	StardewValley.IslandGemBird	currentFrameIndex	Public
0x040008C0	StardewValley.IslandGemBird	idleAnimationTime	Public
0x040008C1	StardewValley.IslandGemBird	alpha	Public
0x040008C2	StardewValley.IslandGemBird	flying	Public
0x040008C3	StardewValley.IslandGemBird	color	Public
0x040008C4	StardewValley.IslandGemBird	itemIndex	Public
0x040008C5	StardewValley.Item	ErrorItemName	Public, Static, Literal, HasDefault
0x040008C6	StardewValley.Item	isLostItem	Public
0x040008C7	StardewValley.Item	specialVariable	Private, InitOnly
0x040008C8	StardewValley.Item	category	Public, InitOnly
0x040008C9	StardewValley.Item	hasbeenInInventory	Public, InitOnly
0x040008CA	StardewValley.Item	_contextTags	Private
0x040008CB	StardewValley.Item	_contextTagsDirty	Family
0x040008CC	StardewValley.Item	tempData	Public
0x040008CD	StardewValley.Item	<modData>k__BackingField	Private, InitOnly
0x040008CE	StardewValley.Item	SetFlagOnPickup	Public
0x040008CF	StardewValley.Item	<NetFields>k__BackingField	Private, InitOnly
0x040008D0	StardewValley.Item	netName	Public, InitOnly
0x040008D1	StardewValley.Item	parentSheetIndex	Public, InitOnly
0x040008D2	StardewValley.Item	itemId	Public
0x040008D3	StardewValley.Item	_qualifiedItemId	Family
0x040008D4	StardewValley.Item	specialItem	Public
0x040008D5	StardewValley.Item	isRecipe	Public, InitOnly
0x040008D6	StardewValley.Item	quality	Public, InitOnly
0x040008D7	StardewValley.Item	stack	Public, InitOnly
0x040008D8	StardewValley.ItemContextTagManager	BaseTagsCache	Private, Static, InitOnly
0x040008D9	StardewValley.ItemRegistry	IdentifierLookup	Private, Static, InitOnly
0x040008DA	StardewValley.ItemRegistry	CachedItems	Private, Static, InitOnly
0x040008DB	StardewValley.ItemRegistry	ItemTypes	Public, Static, InitOnly
0x040008DC	StardewValley.ItemRegistry	type_object	Public, Static, Literal, HasDefault
0x040008DD	StardewValley.ItemRegistry	type_bigCraftable	Public, Static, Literal, HasDefault
0x040008DE	StardewValley.ItemRegistry	type_boots	Public, Static, Literal, HasDefault
0x040008DF	StardewValley.ItemRegistry	type_floorpaper	Public, Static, Literal, HasDefault
0x040008E0	StardewValley.ItemRegistry	type_furniture	Public, Static, Literal, HasDefault
0x040008E1	StardewValley.ItemRegistry	type_hat	Public, Static, Literal, HasDefault
0x040008E2	StardewValley.ItemRegistry	type_mannequin	Public, Static, Literal, HasDefault
0x040008E3	StardewValley.ItemRegistry	type_pants	Public, Static, Literal, HasDefault
0x040008E4	StardewValley.ItemRegistry	type_shirt	Public, Static, Literal, HasDefault
0x040008E5	StardewValley.ItemRegistry	type_tool	Public, Static, Literal, HasDefault
0x040008E6	StardewValley.ItemRegistry	type_trinket	Public, Static, Literal, HasDefault
0x040008E7	StardewValley.ItemRegistry	type_wallpaper	Public, Static, Literal, HasDefault
0x040008E8	StardewValley.ItemRegistry	type_weapon	Public, Static, Literal, HasDefault
0x040008E9	StardewValley.ItemStockInformation	Price	Public
0x040008EA	StardewValley.ItemStockInformation	Stock	Public
0x040008EB	StardewValley.ItemStockInformation	TradeItem	Public
0x040008EC	StardewValley.ItemStockInformation	TradeItemCount	Public
0x040008ED	StardewValley.ItemStockInformation	LimitedStockMode	Public
0x040008EE	StardewValley.ItemStockInformation	SyncedKey	Public
0x040008EF	StardewValley.ItemStockInformation	ItemToSyncStack	Public
0x040008F0	StardewValley.ItemStockInformation	StackDrawType	Public
0x040008F1	StardewValley.ItemStockInformation	ActionsOnPurchase	Public
0x040008F2	StardewValley.CharacterEventArgs	character	Private, InitOnly
0x040008F3	StardewValley.CharacterEventArgs	lParam	Private, InitOnly
0x040008F4	StardewValley.KeyEventArgs	keyCode	Private
0x040008F5	StardewValley.KeyboardInput	CharEntered	Private, Static
0x040008F6	StardewValley.KeyboardInput	KeyDown	Private, Static
0x040008F7	StardewValley.KeyboardInput	KeyUp	Private, Static
0x040008F8	StardewValley.KeyboardInput	initialized	Private, Static
0x040008F9	StardewValley.KeyboardInput	prevWndProc	Private, Static
0x040008FA	StardewValley.KeyboardInput	hookProcDelegate	Private, Static
0x040008FB	StardewValley.KeyboardInput	hIMC	Private, Static
0x040008FC	StardewValley.KeyboardInput	GWL_WNDPROC	Private, Static, Literal, HasDefault
0x040008FD	StardewValley.KeyboardInput	WM_KEYDOWN	Private, Static, Literal, HasDefault
0x040008FE	StardewValley.KeyboardInput	WM_KEYUP	Private, Static, Literal, HasDefault
0x040008FF	StardewValley.KeyboardInput	WM_CHAR	Private, Static, Literal, HasDefault
0x04000900	StardewValley.KeyboardInput	WM_IME_SETCONTEXT	Private, Static, Literal, HasDefault
0x04000901	StardewValley.KeyboardInput	WM_INPUTLANGCHANGE	Private, Static, Literal, HasDefault
0x04000902	StardewValley.KeyboardInput	WM_GETDLGCODE	Private, Static, Literal, HasDefault
0x04000903	StardewValley.KeyboardInput	DLGC_WANTALLKEYS	Private, Static, Literal, HasDefault
0x04000904	StardewValley.KeyboardDispatcher	_enteredText	Family
0x04000905	StardewValley.KeyboardDispatcher	_commandInputs	Family
0x04000906	StardewValley.KeyboardDispatcher	_keysDown	Family
0x04000907	StardewValley.KeyboardDispatcher	_charsEntered	Family
0x04000908	StardewValley.KeyboardDispatcher	_window	Family
0x04000909	StardewValley.KeyboardDispatcher	_oldKeyboardState	Family
0x0400090A	StardewValley.KeyboardDispatcher	_subscriber	Private
0x0400090B	StardewValley.KeyboardDispatcher	_pasteResult	Private
0x0400090C	StardewValley.LightSource	lantern	Public, Static, Literal, HasDefault
0x0400090D	StardewValley.LightSource	windowLight	Public, Static, Literal, HasDefault
0x0400090E	StardewValley.LightSource	sconceLight	Public, Static, Literal, HasDefault
0x0400090F	StardewValley.LightSource	cauldronLight	Public, Static, Literal, HasDefault
0x04000910	StardewValley.LightSource	indoorWindowLight	Public, Static, Literal, HasDefault
0x04000911	StardewValley.LightSource	projectorLight	Public, Static, Literal, HasDefault
0x04000912	StardewValley.LightSource	fishTankLight	Public, Static, Literal, HasDefault
0x04000913	StardewValley.LightSource	townWinterTreeLight	Public, Static, Literal, HasDefault
0x04000914	StardewValley.LightSource	pinpointLight	Public, Static, Literal, HasDefault
0x04000915	StardewValley.LightSource	textureIndex	Public, InitOnly
0x04000916	StardewValley.LightSource	lightTexture	Public
0x04000917	StardewValley.LightSource	position	Public, InitOnly
0x04000918	StardewValley.LightSource	color	Public, InitOnly
0x04000919	StardewValley.LightSource	radius	Public, InitOnly
0x0400091A	StardewValley.LightSource	netId	Public, InitOnly
0x0400091B	StardewValley.LightSource	lightContext	Public, InitOnly
0x0400091C	StardewValley.LightSource	playerID	Public, InitOnly
0x0400091D	StardewValley.LightSource	fadeOut	Public, InitOnly
0x0400091E	StardewValley.LightSource	onlyLocation	Public, InitOnly
0x0400091F	StardewValley.LightSource	<NetFields>k__BackingField	Private, InitOnly
0x04000920	StardewValley.LocalizedContentManager	OnlyCheckManifest	Private, Static, Literal, HasDefault
0x04000921	StardewValley.LocalizedContentManager	ManifestLocker	Private, Static, InitOnly
0x04000922	StardewValley.LocalizedContentManager	_manifest	Private, Static
0x04000923	StardewValley.LocalizedContentManager	OnLanguageChange	Private, Static
0x04000924	StardewValley.LocalizedContentManager	localizedAssetNames	Public, Static, InitOnly
0x04000925	StardewValley.LocalizedContentManager	_CachedContentRoot	Family
0x04000926	StardewValley.LocalizedContentManager	_currentLangCode	Private, Static
0x04000927	StardewValley.LocalizedContentManager	_currentLangString	Private, Static
0x04000928	StardewValley.LocalizedContentManager	_currentModLanguage	Private, Static
0x04000929	StardewValley.LocalizedContentManager	CurrentCulture	Public
0x0400092A	StardewValley.LocalizedContentManager	_timeFormatStringBuilder	Family, Static
0x0400092B	StardewValley.LocalMultiplayer	staticFields	Assembly, Static
0x0400092C	StardewValley.LocalMultiplayer	staticDefaults	Assembly, Static
0x0400092D	StardewValley.LocalMultiplayer	StaticVarHolderType	Public, Static
0x0400092E	StardewValley.LocalMultiplayer	staticDefaultMethod	Private, Static
0x0400092F	StardewValley.LocalMultiplayer	staticSaveMethod	Private, Static
0x04000930	StardewValley.LocalMultiplayer	staticLoadMethod	Private, Static
0x04000931	StardewValley.LocalMultiplayer	StaticSetDefault	Public, Static
0x04000932	StardewValley.LocalMultiplayer	StaticSave	Public, Static
0x04000933	StardewValley.LocalMultiplayer	StaticLoad	Public, Static
0x04000934	StardewValley.InstanceGame	staticVarHolder	Public
0x04000935	StardewValley.GameRunner	instance	Public, Static
0x04000936	StardewValley.GameRunner	gameInstances	Public
0x04000937	StardewValley.GameRunner	gameInstancesToRemove	Public
0x04000938	StardewValley.GameRunner	gamePtr	Public
0x04000939	StardewValley.GameRunner	shouldLoadContent	Public
0x0400093A	StardewValley.GameRunner	_initialized	Family
0x0400093B	StardewValley.GameRunner	_windowSizeChanged	Family
0x0400093C	StardewValley.GameRunner	startButtonState	Public
0x0400093D	StardewValley.GameRunner	activeNewDayProcesses	Public
0x0400093E	StardewValley.GameRunner	nextInstanceId	Public
0x0400093F	StardewValley.GameRunner	MaxTextureSize	Public, Static
0x04000940	StardewValley.LocationRequest	Name	Public
0x04000941	StardewValley.LocationRequest	IsStructure	Public
0x04000942	StardewValley.LocationRequest	Location	Public
0x04000943	StardewValley.LocationRequest	OnLoad	Private
0x04000944	StardewValley.LocationRequest	OnWarp	Private
0x04000945	StardewValley.AnimalHouse	animalLimit	Public, InitOnly
0x04000946	StardewValley.AnimalHouse	animalsThatLiveHere	Public, InitOnly
0x04000947	StardewValley.AnimalHouse	hasShownIncubatorBuildingFullMessage	Public
0x04000948	StardewValley.CollisionMask	value__	Public, SpecialName, RTSpecialName
0x04000949	StardewValley.CollisionMask	None	Public, Static, Literal, HasDefault
0x0400094A	StardewValley.CollisionMask	Buildings	Public, Static, Literal, HasDefault
0x0400094B	StardewValley.CollisionMask	Characters	Public, Static, Literal, HasDefault
0x0400094C	StardewValley.CollisionMask	Farmers	Public, Static, Literal, HasDefault
0x0400094D	StardewValley.CollisionMask	Flooring	Public, Static, Literal, HasDefault
0x0400094E	StardewValley.CollisionMask	Furniture	Public, Static, Literal, HasDefault
0x0400094F	StardewValley.CollisionMask	Objects	Public, Static, Literal, HasDefault
0x04000950	StardewValley.CollisionMask	TerrainFeatures	Public, Static, Literal, HasDefault
0x04000951	StardewValley.CollisionMask	LocationSpecific	Public, Static, Literal, HasDefault
0x04000952	StardewValley.CollisionMask	All	Public, Static, Literal, HasDefault
0x04000953	StardewValley.Farm	houseTextures	Public, Static
0x04000954	StardewValley.Farm	housePaintColor	Public
0x04000955	StardewValley.Farm	default_layout	Public, Static, Literal, HasDefault
0x04000956	StardewValley.Farm	riverlands_layout	Public, Static, Literal, HasDefault
0x04000957	StardewValley.Farm	forest_layout	Public, Static, Literal, HasDefault
0x04000958	StardewValley.Farm	mountains_layout	Public, Static, Literal, HasDefault
0x04000959	StardewValley.Farm	combat_layout	Public, Static, Literal, HasDefault
0x0400095A	StardewValley.Farm	fourCorners_layout	Public, Static, Literal, HasDefault
0x0400095B	StardewValley.Farm	beach_layout	Public, Static, Literal, HasDefault
0x0400095C	StardewValley.Farm	mod_layout	Public, Static, Literal, HasDefault
0x0400095D	StardewValley.Farm	layout_max	Public, Static, Literal, HasDefault
0x0400095E	StardewValley.Farm	grandpaScore	Public, InitOnly
0x0400095F	StardewValley.Farm	farmCaveReady	Public
0x04000960	StardewValley.Farm	shippingBinLid	Private
0x04000961	StardewValley.Farm	shippingBinLidOpenArea	Private
0x04000962	StardewValley.Farm	sharedShippingBin	Private, InitOnly
0x04000963	StardewValley.Farm	lastItemShipped	Public
0x04000964	StardewValley.Farm	hasSeenGrandpaNote	Public
0x04000965	StardewValley.Farm	_baseSpouseAreaTiles	Family
0x04000966	StardewValley.Farm	hasMatureFairyRoseTonight	Public
0x04000967	StardewValley.Farm	greenhouseUnlocked	Public, InitOnly
0x04000968	StardewValley.Farm	greenhouseMoved	Public, InitOnly
0x04000969	StardewValley.Farm	spawnCrowEvent	Private, InitOnly
0x0400096A	StardewValley.Farm	lightningStrikeEvent	Public, InitOnly
0x0400096B	StardewValley.Farm	mapGrandpaShrinePosition	Public
0x0400096C	StardewValley.Farm	mapMainMailboxPosition	Public
0x0400096D	StardewValley.Farm	mainFarmhouseEntry	Public
0x0400096E	StardewValley.Farm	mapSpouseAreaCorner	Public
0x0400096F	StardewValley.Farm	mapShippingBinPosition	Public
0x04000970	StardewValley.Farm	_mountainForageRectangle	Family
0x04000971	StardewValley.Farm	_shouldSpawnForestFarmForage	Family
0x04000972	StardewValley.Farm	_shouldSpawnBeachFarmForage	Family
0x04000973	StardewValley.Farm	_oceanCrabPotOverride	Family
0x04000974	StardewValley.Farm	_fishLocationOverride	Family
0x04000975	StardewValley.Farm	_fishChanceOverride	Family
0x04000976	StardewValley.Farm	spousePatioSpot	Public
0x04000977	StardewValley.Farm	numCropsForCrow	Public, Static, Literal, HasDefault
0x04000978	StardewValley.GameLocation	maxTriesForDebrisPlacement	Public, Static, Literal, HasDefault
0x04000979	StardewValley.GameLocation	DefaultTileSheetId	Public, Static, Literal, HasDefault
0x0400097A	StardewValley.GameLocation	OVERRIDE_MAP_TILESHEET_PREFIX	Public, Static, Literal, HasDefault
0x0400097B	StardewValley.GameLocation	PHONE_DIAL_SOUND	Public, Static, Literal, HasDefault
0x0400097C	StardewValley.GameLocation	PHONE_RING_DURATION	Public, Static, Literal, HasDefault
0x0400097D	StardewValley.GameLocation	PHONE_PICKUP_SOUND	Public, Static, Literal, HasDefault
0x0400097E	StardewValley.GameLocation	PHONE_HANGUP_SOUND	Public, Static, Literal, HasDefault
0x0400097F	StardewValley.GameLocation	OceanCrabPotFishTypes	Public, Static, InitOnly
0x04000980	StardewValley.GameLocation	DefaultCrabPotFishTypes	Public, Static, InitOnly
0x04000981	StardewValley.GameLocation	seasonOverride	Private
0x04000982	StardewValley.GameLocation	isMusicTownMusic	Public
0x04000983	StardewValley.GameLocation	locationContextId	Public
0x04000984	StardewValley.GameLocation	buildings	Public, InitOnly
0x04000985	StardewValley.GameLocation	animals	Public, InitOnly
0x04000986	StardewValley.GameLocation	piecesOfHay	Public, InitOnly
0x04000987	StardewValley.GameLocation	tempAnimals	Private, InitOnly
0x04000988	StardewValley.GameLocation	parentLocationName	Public, InitOnly
0x04000989	StardewValley.GameLocation	ParentBuilding	Public
0x0400098A	StardewValley.GameLocation	backgroundLayers	Public
0x0400098B	StardewValley.GameLocation	buildingLayers	Public
0x0400098C	StardewValley.GameLocation	frontLayers	Public
0x0400098D	StardewValley.GameLocation	alwaysFrontLayers	Public
0x0400098E	StardewValley.GameLocation	registeredTouchActions	Family, Static
0x0400098F	StardewValley.GameLocation	registeredTileActions	Family, Static
0x04000990	StardewValley.GameLocation	<NetFields>k__BackingField	Private, InitOnly
0x04000991	StardewValley.GameLocation	isAlwaysActive	Public
0x04000992	StardewValley.GameLocation	<ExtraMillisecondsPerInGameMinute>k__BackingField	Private
0x04000993	StardewValley.GameLocation	afterQuestion	Public
0x04000994	StardewValley.GameLocation	map	Public
0x04000995	StardewValley.GameLocation	mapPath	Public, InitOnly
0x04000996	StardewValley.GameLocation	loadedMapPath	Family
0x04000997	StardewValley.GameLocation	characters	Public, InitOnly
0x04000998	StardewValley.GameLocation	netObjects	Public, InitOnly
0x04000999	StardewValley.GameLocation	overlayObjects	Public, InitOnly
0x0400099A	StardewValley.GameLocation	objects	Public, InitOnly
0x0400099B	StardewValley.GameLocation	mapSeats	Public
0x0400099C	StardewValley.GameLocation	_mapSeatsDirty	Family
0x0400099D	StardewValley.GameLocation	temporarySprites	Public
0x0400099E	StardewValley.GameLocation	postFarmEventOvernightActions	Public
0x0400099F	StardewValley.GameLocation	warps	Public, InitOnly
0x040009A0	StardewValley.GameLocation	doors	Public, InitOnly
0x040009A1	StardewValley.GameLocation	interiorDoors	Public, InitOnly
0x040009A2	StardewValley.GameLocation	farmers	Public, InitOnly
0x040009A3	StardewValley.GameLocation	projectiles	Public, InitOnly
0x040009A4	StardewValley.GameLocation	resourceClumps	Public, InitOnly
0x040009A5	StardewValley.GameLocation	largeTerrainFeatures	Public, InitOnly
0x040009A6	StardewValley.GameLocation	_activeTerrainFeatures	Public
0x040009A7	StardewValley.GameLocation	critters	Public
0x040009A8	StardewValley.GameLocation	terrainFeatures	Public, InitOnly
0x040009A9	StardewValley.GameLocation	debris	Public, InitOnly
0x040009AA	StardewValley.GameLocation	fishSplashPoint	Public, InitOnly
0x040009AB	StardewValley.GameLocation	fishSplashPointTime	Private
0x040009AC	StardewValley.GameLocation	fishFrenzyFish	Public, InitOnly
0x040009AD	StardewValley.GameLocation	orePanPoint	Public, InitOnly
0x040009AE	StardewValley.GameLocation	fishSplashAnimation	Public
0x040009AF	StardewValley.GameLocation	orePanAnimation	Public
0x040009B0	StardewValley.GameLocation	waterTiles	Public
0x040009B1	StardewValley.GameLocation	_appliedMapOverrides	Family
0x040009B2	StardewValley.GameLocation	uniqueName	Public, InitOnly
0x040009B3	StardewValley.GameLocation	_displayName	Family
0x040009B4	StardewValley.GameLocation	name	Public, InitOnly
0x040009B5	StardewValley.GameLocation	<IsTemporary>k__BackingField	Private
0x040009B6	StardewValley.GameLocation	waterColor	Public, InitOnly
0x040009B7	StardewValley.GameLocation	lastQuestionKey	Public
0x040009B8	StardewValley.GameLocation	lastTouchActionLocation	Public
0x040009B9	StardewValley.GameLocation	lightLevel	Family, InitOnly
0x040009BA	StardewValley.GameLocation	isFarm	Public, InitOnly
0x040009BB	StardewValley.GameLocation	isOutdoors	Public, InitOnly
0x040009BC	StardewValley.GameLocation	isGreenhouse	Public, InitOnly
0x040009BD	StardewValley.GameLocation	isStructure	Public, InitOnly
0x040009BE	StardewValley.GameLocation	ignoreDebrisWeather	Public, InitOnly
0x040009BF	StardewValley.GameLocation	ignoreOutdoorLighting	Public, InitOnly
0x040009C0	StardewValley.GameLocation	ignoreLights	Public, InitOnly
0x040009C1	StardewValley.GameLocation	treatAsOutdoors	Public, InitOnly
0x040009C2	StardewValley.GameLocation	wasUpdated	Public
0x040009C3	StardewValley.GameLocation	numberOfSpawnedObjectsOnMap	Public
0x040009C4	StardewValley.GameLocation	showDropboxIndicator	Public
0x040009C5	StardewValley.GameLocation	dropBoxIndicatorLocation	Public
0x040009C6	StardewValley.GameLocation	miniJukeboxCount	Public, InitOnly
0x040009C7	StardewValley.GameLocation	miniJukeboxTrack	Public, InitOnly
0x040009C8	StardewValley.GameLocation	randomMiniJukeboxTrack	Public, InitOnly
0x040009C9	StardewValley.GameLocation	currentEvent	Public
0x040009CA	StardewValley.GameLocation	actionObjectForQuestionDialogue	Public
0x040009CB	StardewValley.GameLocation	waterAnimationIndex	Public
0x040009CC	StardewValley.GameLocation	waterAnimationTimer	Public
0x040009CD	StardewValley.GameLocation	waterTileFlip	Public
0x040009CE	StardewValley.GameLocation	forceViewportPlayerFollow	Public
0x040009CF	StardewValley.GameLocation	forceLoadPathLayerLights	Public
0x040009D0	StardewValley.GameLocation	waterPosition	Public
0x040009D1	StardewValley.GameLocation	netAudio	Public, InitOnly
0x040009D2	StardewValley.GameLocation	sharedLights	Public, InitOnly
0x040009D3	StardewValley.GameLocation	removeTemporarySpritesWithIDEvent	Private, InitOnly
0x040009D4	StardewValley.GameLocation	rumbleAndFadeEvent	Private, InitOnly
0x040009D5	StardewValley.GameLocation	damagePlayersEvent	Private, InitOnly
0x040009D6	StardewValley.GameLocation	lightGlows	Public
0x040009D7	StardewValley.GameLocation	JOURNAL_INDEX	Public, Static, InitOnly
0x040009D8	StardewValley.GameLocation	FIRST_SECRET_NOTE_CHANCE	Public, Static, InitOnly
0x040009D9	StardewValley.GameLocation	LAST_SECRET_NOTE_CHANCE	Public, Static, InitOnly
0x040009DA	StardewValley.GameLocation	NECKLACE_SECRET_NOTE_INDEX	Public, Static, InitOnly
0x040009DB	StardewValley.GameLocation	CAROLINES_NECKLACE_ITEM_QID	Public, Static, InitOnly
0x040009DC	StardewValley.GameLocation	CAROLINES_NECKLACE_MAIL	Public, Static, InitOnly
0x040009DD	StardewValley.GameLocation	tilePositionComparer	Public, Static
0x040009DE	StardewValley.GameLocation	_startingCabinLocations	Family
0x040009DF	StardewValley.GameLocation	wasInhabited	Public
0x040009E0	StardewValley.GameLocation	_madeMapModifications	Family
0x040009E1	StardewValley.GameLocation	<modData>k__BackingField	Private, InitOnly
0x040009E2	StardewValley.GameLocation	furniture	Public, InitOnly
0x040009E3	StardewValley.GameLocation	furnitureToRemove	Family, InitOnly
0x040009E4	StardewValley.GameLocation	_mapPathDirty	Family
0x040009E5	StardewValley.GameLocation	_structureMapLoader	Family
0x040009E6	StardewValley.GameLocation	ignoreWarps	Family
0x040009E7	StardewValley.GameLocation	_visitedCollisionTiles	Family
0x040009E8	StardewValley.GameLocation	_looserBuildRestrictions	Family
0x040009E9	StardewValley.GameLocation	_buildableTileRect	Family
0x040009EA	StardewValley.GameLocation	showedBuildableButNotAlwaysActiveWarning	Private
0x040009EB	StardewValley.GameLocation	PlayedNewLocationContextMusic	Public, Static
0x040009EC	StardewValley.GameLocation	fireIDBase	Private, Static, Literal, HasDefault
0x040009ED	StardewValley.GameLocation	indoorLightingColor	Family
0x040009EE	StardewValley.GameLocation	indoorLightingNightColor	Family
0x040009EF	StardewValley.GameLocation	_PagedResponses	Family, Static
0x040009F0	StardewValley.GameLocation	_PagedResponsePage	Family, Static
0x040009F1	StardewValley.GameLocation	_PagedResponseItemsPerPage	Family, Static
0x040009F2	StardewValley.GameLocation	_PagedResponseAddCancel	Public, Static
0x040009F3	StardewValley.GameLocation	_PagedResponsePrompt	Family, Static
0x040009F4	StardewValley.GameLocation	_OnPagedResponse	Family, Static
0x040009F5	StardewValley.GameLocation	_constructLocationBuilderName	Family
0x040009F6	StardewValley.GameLocation	_currentLocationFarmersForDisambiguating	Family
0x040009F7	StardewValley.GameLocation	lightGlowLayerCache	Public
0x040009F8	StardewValley.InteriorDoor	Location	Public
0x040009F9	StardewValley.InteriorDoor	Position	Public
0x040009FA	StardewValley.InteriorDoor	Sprite	Public
0x040009FB	StardewValley.InteriorDoor	Tile	Public
0x040009FC	StardewValley.InteriorDoorDictionary	location	Private
0x040009FD	StardewValley.LocationContexts	DefaultId	Public, Static, Literal, HasDefault
0x040009FE	StardewValley.LocationContexts	DesertId	Public, Static, Literal, HasDefault
0x040009FF	StardewValley.LocationContexts	IslandId	Public, Static, Literal, HasDefault
0x04000A00	StardewValley.MovieInvitation	<NetFields>k__BackingField	Private, InitOnly
0x04000A01	StardewValley.MovieInvitation	_farmer	Private
0x04000A02	StardewValley.MovieInvitation	_invitedNPCName	Family
0x04000A03	StardewValley.MovieInvitation	_fulfilled	Family
0x04000A04	StardewValley.StartMovieEvent	uid	Public
0x04000A05	StardewValley.StartMovieEvent	playerGroups	Public
0x04000A06	StardewValley.StartMovieEvent	npcGroups	Public
0x04000A07	StardewValley.MovieViewerLockEvent	uids	Public
0x04000A08	StardewValley.MovieViewerLockEvent	movieStartTime	Public
0x04000A09	StardewValley.Shed	isRobinUpgrading	Private
0x04000A0A	StardewValley.SlimeHutch	slimeMatingsLeft	Public, InitOnly
0x04000A0B	StardewValley.SlimeHutch	waterSpots	Public, InitOnly
0x04000A0C	StardewValley.SlimeHutch	_slimeCapacity	Family
0x04000A0D	StardewValley.WaterTiles	waterTiles	Public
0x04000A0E	StardewValley.MachineDataUtility	OutputTokens	Public, Static, InitOnly
0x04000A0F	StardewValley.DisposableList`1	_list	Private, InitOnly
0x04000A10	StardewValley.MovieConcession	Data	Private, InitOnly
0x04000A11	StardewValley.MovieConcession	<Tags>k__BackingField	Private, InitOnly
0x04000A12	StardewValley.MultipleMutexRequest	_reportedCount	Family
0x04000A13	StardewValley.MultipleMutexRequest	_acquiredLocks	Family
0x04000A14	StardewValley.MultipleMutexRequest	_mutexList	Family
0x04000A15	StardewValley.MultipleMutexRequest	_onSuccess	Family
0x04000A16	StardewValley.MultipleMutexRequest	_onFailure	Family
0x04000A17	StardewValley.LoggingBinaryWriter	writer	Family
0x04000A18	StardewValley.LoggingBinaryWriter	stack	Family
0x04000A19	StardewValley.Multiplayer	AllPlayers	Public, Static, InitOnly
0x04000A1A	StardewValley.Multiplayer	farmerDelta	Public, Static, Literal, HasDefault
0x04000A1B	StardewValley.Multiplayer	serverIntroduction	Public, Static, Literal, HasDefault
0x04000A1C	StardewValley.Multiplayer	playerIntroduction	Public, Static, Literal, HasDefault
0x04000A1D	StardewValley.Multiplayer	locationIntroduction	Public, Static, Literal, HasDefault
0x04000A1E	StardewValley.Multiplayer	forceEvent	Public, Static, Literal, HasDefault
0x04000A1F	StardewValley.Multiplayer	warpFarmer	Public, Static, Literal, HasDefault
0x04000A20	StardewValley.Multiplayer	locationDelta	Public, Static, Literal, HasDefault
0x04000A21	StardewValley.Multiplayer	locationSprites	Public, Static, Literal, HasDefault
0x04000A22	StardewValley.Multiplayer	characterWarp	Public, Static, Literal, HasDefault
0x04000A23	StardewValley.Multiplayer	availableFarmhands	Public, Static, Literal, HasDefault
0x04000A24	StardewValley.Multiplayer	chatMessage	Public, Static, Literal, HasDefault
0x04000A25	StardewValley.Multiplayer	connectionMessage	Public, Static, Literal, HasDefault
0x04000A26	StardewValley.Multiplayer	worldDelta	Public, Static, Literal, HasDefault
0x04000A27	StardewValley.Multiplayer	teamDelta	Public, Static, Literal, HasDefault
0x04000A28	StardewValley.Multiplayer	newDaySync	Public, Static, Literal, HasDefault
0x04000A29	StardewValley.Multiplayer	chatInfoMessage	Public, Static, Literal, HasDefault
0x04000A2A	StardewValley.Multiplayer	userNameUpdate	Public, Static, Literal, HasDefault
0x04000A2B	StardewValley.Multiplayer	farmerGainExperience	Public, Static, Literal, HasDefault
0x04000A2C	StardewValley.Multiplayer	serverToClientsMessage	Public, Static, Literal, HasDefault
0x04000A2D	StardewValley.Multiplayer	disconnecting	Public, Static, Literal, HasDefault
0x04000A2E	StardewValley.Multiplayer	sharedAchievement	Public, Static, Literal, HasDefault
0x04000A2F	StardewValley.Multiplayer	globalMessage	Public, Static, Literal, HasDefault
0x04000A30	StardewValley.Multiplayer	partyWideMail	Public, Static, Literal, HasDefault
0x04000A31	StardewValley.Multiplayer	forceKick	Public, Static, Literal, HasDefault
0x04000A32	StardewValley.Multiplayer	removeLocationFromLookup	Public, Static, Literal, HasDefault
0x04000A33	StardewValley.Multiplayer	farmerKilledMonster	Public, Static, Literal, HasDefault
0x04000A34	StardewValley.Multiplayer	requestGrandpaReevaluation	Public, Static, Literal, HasDefault
0x04000A35	StardewValley.Multiplayer	digBuriedNut	Public, Static, Literal, HasDefault
0x04000A36	StardewValley.Multiplayer	requestPassout	Public, Static, Literal, HasDefault
0x04000A37	StardewValley.Multiplayer	passout	Public, Static, Literal, HasDefault
0x04000A38	StardewValley.Multiplayer	startNewDaySync	Public, Static, Literal, HasDefault
0x04000A39	StardewValley.Multiplayer	readySync	Public, Static, Literal, HasDefault
0x04000A3A	StardewValley.Multiplayer	chestHitSync	Public, Static, Literal, HasDefault
0x04000A3B	StardewValley.Multiplayer	dedicatedServerSync	Public, Static, Literal, HasDefault
0x04000A3C	StardewValley.Multiplayer	compressed	Public, Static, Literal, HasDefault
0x04000A3D	StardewValley.Multiplayer	WARP_FLAG_STRUCTURE	Public, Static, Literal, HasDefault
0x04000A3E	StardewValley.Multiplayer	WARP_FLAG_FORCED	Public, Static, Literal, HasDefault
0x04000A3F	StardewValley.Multiplayer	WARP_FLAG_NEEDS_INFO	Public, Static, Literal, HasDefault
0x04000A40	StardewValley.Multiplayer	WARP_FLAG_FACE_UP	Public, Static, Literal, HasDefault
0x04000A41	StardewValley.Multiplayer	WARP_FLAG_FACE_RIGHT	Public, Static, Literal, HasDefault
0x04000A42	StardewValley.Multiplayer	WARP_FLAG_FACE_DOWN	Public, Static, Literal, HasDefault
0x04000A43	StardewValley.Multiplayer	WARP_FLAG_FACE_LEFT	Public, Static, Literal, HasDefault
0x04000A44	StardewValley.Multiplayer	chat_token_aOrAn	Public, Static, Literal, HasDefault
0x04000A45	StardewValley.Multiplayer	defaultInterpolationTicks	Public
0x04000A46	StardewValley.Multiplayer	farmerDeltaBroadcastPeriod	Public
0x04000A47	StardewValley.Multiplayer	locationDeltaBroadcastPeriod	Public
0x04000A48	StardewValley.Multiplayer	worldStateDeltaBroadcastPeriod	Public
0x04000A49	StardewValley.Multiplayer	playerLimit	Public
0x04000A4A	StardewValley.Multiplayer	kicked	Public, Static
0x04000A4B	StardewValley.Multiplayer	protocolVersionOverride	Assembly, Static
0x04000A4C	StardewValley.Multiplayer	logging	Public, InitOnly
0x04000A4D	StardewValley.Multiplayer	disconnectingFarmers	Family
0x04000A4E	StardewValley.Multiplayer	latestID	Public
0x04000A4F	StardewValley.Multiplayer	cachedMultiplayerMaps	Public
0x04000A50	StardewValley.Multiplayer	_updatedRoots	Family
0x04000A51	StardewValley.Multiplayer	MSG_START_FESTIVAL_EVENT	Public, Static, Literal, HasDefault
0x04000A52	StardewValley.Multiplayer	MSG_END_FESTIVAL	Public, Static, Literal, HasDefault
0x04000A53	StardewValley.Multiplayer	MSG_TRAIN_APPROACH	Public, Static, Literal, HasDefault
0x04000A54	StardewValley.CachedMultiplayerMap	mapPath	Public
0x04000A55	StardewValley.CachedMultiplayerMap	appliedMapOverrides	Public
0x04000A56	StardewValley.CachedMultiplayerMap	map	Public
0x04000A57	StardewValley.CachedMultiplayerMap	loadedMapPath	Public
0x04000A58	StardewValley.NetLogRecord	Path	Public
0x04000A59	StardewValley.NetLogRecord	Count	Public
0x04000A5A	StardewValley.NetLogRecord	Bytes	Public
0x04000A5B	StardewValley.NetLogger	loggedWrites	Private
0x04000A5C	StardewValley.NetLogger	timeLastStarted	Private
0x04000A5D	StardewValley.NetLogger	priorMillis	Private
0x04000A5E	StardewValley.NetLogger	isLogging	Private
0x04000A5F	StardewValley.NetSynchronizer	MessageTypeVar	Private, Static, Literal, HasDefault
0x04000A60	StardewValley.NetSynchronizer	MessageTypeBarrier	Private, Static, Literal, HasDefault
0x04000A61	StardewValley.NetSynchronizer	variables	Private
0x04000A62	StardewValley.NetSynchronizer	barriers	Private
0x04000A63	StardewValley.NewDaySynchronizer	ServerReady	Private
0x04000A64	StardewValley.NewDaySynchronizer	Instantiated	Private
0x04000A65	StardewValley.Noise	perm	Private, Static
0x04000A66	StardewValley.NoiseGenerator	<Seed>k__BackingField	Private, Static
0x04000A67	StardewValley.NoiseGenerator	<Octaves>k__BackingField	Private, Static
0x04000A68	StardewValley.NoiseGenerator	<Amplitude>k__BackingField	Private, Static
0x04000A69	StardewValley.NoiseGenerator	<Persistence>k__BackingField	Private, Static
0x04000A6A	StardewValley.NoiseGenerator	<Frequency>k__BackingField	Private, Static
0x04000A6B	StardewValley.NPC	minimum_square_pause	Public, Static, Literal, HasDefault
0x04000A6C	StardewValley.NPC	maximum_square_pause	Public, Static, Literal, HasDefault
0x04000A6D	StardewValley.NPC	portrait_width	Public, Static, Literal, HasDefault
0x04000A6E	StardewValley.NPC	portrait_height	Public, Static, Literal, HasDefault
0x04000A6F	StardewValley.NPC	portrait_neutral_index	Public, Static, Literal, HasDefault
0x04000A70	StardewValley.NPC	portrait_happy_index	Public, Static, Literal, HasDefault
0x04000A71	StardewValley.NPC	portrait_sad_index	Public, Static, Literal, HasDefault
0x04000A72	StardewValley.NPC	portrait_custom_index	Public, Static, Literal, HasDefault
0x04000A73	StardewValley.NPC	portrait_blush_index	Public, Static, Literal, HasDefault
0x04000A74	StardewValley.NPC	portrait_angry_index	Public, Static, Literal, HasDefault
0x04000A75	StardewValley.NPC	startingFriendship	Public, Static, Literal, HasDefault
0x04000A76	StardewValley.NPC	defaultSpeed	Public, Static, Literal, HasDefault
0x04000A77	StardewValley.NPC	maxGiftsPerWeek	Public, Static, Literal, HasDefault
0x04000A78	StardewValley.NPC	friendshipPointsPerHeartLevel	Public, Static, Literal, HasDefault
0x04000A79	StardewValley.NPC	maxFriendshipPoints	Public, Static, Literal, HasDefault
0x04000A7A	StardewValley.NPC	gift_taste_love	Public, Static, Literal, HasDefault
0x04000A7B	StardewValley.NPC	gift_taste_like	Public, Static, Literal, HasDefault
0x04000A7C	StardewValley.NPC	gift_taste_neutral	Public, Static, Literal, HasDefault
0x04000A7D	StardewValley.NPC	gift_taste_dislike	Public, Static, Literal, HasDefault
0x04000A7E	StardewValley.NPC	gift_taste_hate	Public, Static, Literal, HasDefault
0x04000A7F	StardewValley.NPC	gift_taste_stardroptea	Public, Static, Literal, HasDefault
0x04000A80	StardewValley.NPC	textStyle_shake	Public, Static, Literal, HasDefault
0x04000A81	StardewValley.NPC	textStyle_none	Public, Static, Literal, HasDefault
0x04000A82	StardewValley.NPC	adult	Public, Static, Literal, HasDefault
0x04000A83	StardewValley.NPC	teen	Public, Static, Literal, HasDefault
0x04000A84	StardewValley.NPC	child	Public, Static, Literal, HasDefault
0x04000A85	StardewValley.NPC	neutral	Public, Static, Literal, HasDefault
0x04000A86	StardewValley.NPC	polite	Public, Static, Literal, HasDefault
0x04000A87	StardewValley.NPC	rude	Public, Static, Literal, HasDefault
0x04000A88	StardewValley.NPC	outgoing	Public, Static, Literal, HasDefault
0x04000A89	StardewValley.NPC	shy	Public, Static, Literal, HasDefault
0x04000A8A	StardewValley.NPC	positive	Public, Static, Literal, HasDefault
0x04000A8B	StardewValley.NPC	negative	Public, Static, Literal, HasDefault
0x04000A8C	StardewValley.NPC	region_desert	Public, Static, Literal, HasDefault
0x04000A8D	StardewValley.NPC	region_town	Public, Static, Literal, HasDefault
0x04000A8E	StardewValley.NPC	region_other	Public, Static, Literal, HasDefault
0x04000A8F	StardewValley.NPC	defaultSpriteWidth	Public, Static, Literal, HasDefault
0x04000A90	StardewValley.NPC	defaultSpriteHeight	Public, Static, Literal, HasDefault
0x04000A91	StardewValley.NPC	dialogue	Private
0x04000A92	StardewValley.NPC	directionsToNewLocation	Private
0x04000A93	StardewValley.NPC	lengthOfWalkingSquareX	Private
0x04000A94	StardewValley.NPC	lengthOfWalkingSquareY	Private
0x04000A95	StardewValley.NPC	squarePauseAccumulation	Private
0x04000A96	StardewValley.NPC	squarePauseTotal	Private
0x04000A97	StardewValley.NPC	squarePauseOffset	Private
0x04000A98	StardewValley.NPC	lastCrossroad	Public
0x04000A99	StardewValley.NPC	portrait	Private
0x04000A9A	StardewValley.NPC	LastLocationNameForAppearance	Private
0x04000A9B	StardewValley.NPC	LastAppearanceId	Public
0x04000A9C	StardewValley.NPC	nextSquarePosition	Private
0x04000A9D	StardewValley.NPC	shakeTimer	Public
0x04000A9E	StardewValley.NPC	isWalkingInSquare	Private
0x04000A9F	StardewValley.NPC	isWalkingTowardPlayer	Private, InitOnly
0x04000AA0	StardewValley.NPC	textAboveHead	Family
0x04000AA1	StardewValley.NPC	textAboveHeadPreTimer	Family
0x04000AA2	StardewValley.NPC	textAboveHeadTimer	Family
0x04000AA3	StardewValley.NPC	textAboveHeadStyle	Family
0x04000AA4	StardewValley.NPC	textAboveHeadColor	Family
0x04000AA5	StardewValley.NPC	textAboveHeadAlpha	Family
0x04000AA6	StardewValley.NPC	daysAfterLastBirth	Public
0x04000AA7	StardewValley.NPC	extraDialogueMessageToAddThisMorning	Family
0x04000AA8	StardewValley.NPC	birthday_Season	Public, InitOnly
0x04000AA9	StardewValley.NPC	birthday_Day	Public, InitOnly
0x04000AAA	StardewValley.NPC	age	Public, InitOnly
0x04000AAB	StardewValley.NPC	manners	Public, InitOnly
0x04000AAC	StardewValley.NPC	socialAnxiety	Public, InitOnly
0x04000AAD	StardewValley.NPC	optimism	Public, InitOnly
0x04000AAE	StardewValley.NPC	gender	Public, InitOnly
0x04000AAF	StardewValley.NPC	breather	Public, InitOnly
0x04000AB0	StardewValley.NPC	isSleeping	Public, InitOnly
0x04000AB1	StardewValley.NPC	sleptInBed	Public, InitOnly
0x04000AB2	StardewValley.NPC	hideShadow	Public, InitOnly
0x04000AB3	StardewValley.NPC	isInvisible	Public, InitOnly
0x04000AB4	StardewValley.NPC	lastSeenMovieWeek	Public, InitOnly
0x04000AB5	StardewValley.NPC	datingFarmer	Public
0x04000AB6	StardewValley.NPC	divorcedFromFarmer	Public
0x04000AB7	StardewValley.NPC	datable	Public, InitOnly
0x04000AB8	StardewValley.NPC	updatedDialogueYet	Public
0x04000AB9	StardewValley.NPC	immediateSpeak	Public
0x04000ABA	StardewValley.NPC	ignoreScheduleToday	Public
0x04000ABB	StardewValley.NPC	defaultFacingDirection	Family
0x04000ABC	StardewValley.NPC	defaultPosition	Private, InitOnly
0x04000ABD	StardewValley.NPC	defaultMap	Public, InitOnly
0x04000ABE	StardewValley.NPC	loveInterest	Public
0x04000ABF	StardewValley.NPC	id	Public
0x04000AC0	StardewValley.NPC	daysUntilNotInvisible	Public
0x04000AC1	StardewValley.NPC	followSchedule	Public
0x04000AC2	StardewValley.NPC	temporaryController	Public
0x04000AC3	StardewValley.NPC	moveTowardPlayerThreshold	Public, InitOnly
0x04000AC4	StardewValley.NPC	rotation	Public
0x04000AC5	StardewValley.NPC	yOffset	Public
0x04000AC6	StardewValley.NPC	swimTimer	Public
0x04000AC7	StardewValley.NPC	timerSinceLastMovement	Public
0x04000AC8	StardewValley.NPC	mapBeforeEvent	Public
0x04000AC9	StardewValley.NPC	positionBeforeEvent	Public
0x04000ACA	StardewValley.NPC	lastPosition	Public
0x04000ACB	StardewValley.NPC	currentScheduleDelay	Public
0x04000ACC	StardewValley.NPC	scheduleDelaySeconds	Public
0x04000ACD	StardewValley.NPC	layingDown	Public
0x04000ACE	StardewValley.NPC	appliedRouteAnimationOffset	Public
0x04000ACF	StardewValley.NPC	routeAnimationMetadata	Public
0x04000AD0	StardewValley.NPC	hasSaidAfternoonDialogue	Private
0x04000AD1	StardewValley.NPC	hasSomeoneWateredCrops	Public, Static
0x04000AD2	StardewValley.NPC	hasSomeoneFedThePet	Public, Static
0x04000AD3	StardewValley.NPC	hasSomeoneFedTheAnimals	Public, Static
0x04000AD4	StardewValley.NPC	hasSomeoneRepairedTheFences	Public, Static
0x04000AD5	StardewValley.NPC	_skipRouteEndIntro	Family
0x04000AD6	StardewValley.NPC	invalidDialogueFiles	Public, Static
0x04000AD7	StardewValley.NPC	<LoadedDialogueKey>k__BackingField	Private
0x04000AD8	StardewValley.NPC	<AllowDynamicAppearance>k__BackingField	Private
0x04000AD9	StardewValley.NPC	_hasLoadedMasterScheduleData	Family
0x04000ADA	StardewValley.NPC	_masterScheduleData	Family
0x04000ADB	StardewValley.NPC	<Schedule>k__BackingField	Private
0x04000ADC	StardewValley.NPC	_EmptyDialogue	Family, Static
0x04000ADD	StardewValley.NPC	TemporaryDialogue	Public
0x04000ADE	StardewValley.NPC	currentMarriageDialogue	Public, InitOnly
0x04000ADF	StardewValley.NPC	hasBeenKissedToday	Public, InitOnly
0x04000AE0	StardewValley.NPC	marriageDefaultDialogue	Public, InitOnly
0x04000AE1	StardewValley.NPC	shouldSayMarriageDialogue	Public, InitOnly
0x04000AE2	StardewValley.NPC	removeHenchmanEvent	Public, InitOnly
0x04000AE3	StardewValley.NPC	isPlayingSleepingAnimation	Private
0x04000AE4	StardewValley.NPC	shouldPlayRobinHammerAnimation	Public, InitOnly
0x04000AE5	StardewValley.NPC	isPlayingRobinHammerAnimation	Private
0x04000AE6	StardewValley.NPC	shouldPlaySpousePatioAnimation	Public, InitOnly
0x04000AE7	StardewValley.NPC	isPlayingSpousePatioAnimation	Private
0x04000AE8	StardewValley.NPC	shouldWearIslandAttire	Public, InitOnly
0x04000AE9	StardewValley.NPC	isWearingIslandAttire	Private
0x04000AEA	StardewValley.NPC	isMovingOnPathFindPath	Public, InitOnly
0x04000AEB	StardewValley.NPC	portraitOverridden	Public
0x04000AEC	StardewValley.NPC	spriteOverridden	Public
0x04000AED	StardewValley.NPC	queuedSchedulePaths	Public
0x04000AEE	StardewValley.NPC	lastAttemptedSchedule	Public
0x04000AEF	StardewValley.NPC	doingEndOfRouteAnimation	Public, InitOnly
0x04000AF0	StardewValley.NPC	currentlyDoingEndOfRouteAnimation	Private
0x04000AF1	StardewValley.NPC	goingToDoEndOfRouteAnimation	Public, InitOnly
0x04000AF2	StardewValley.NPC	endOfRouteMessage	Public, InitOnly
0x04000AF3	StardewValley.NPC	dayScheduleName	Public, InitOnly
0x04000AF4	StardewValley.NPC	islandScheduleName	Public, InitOnly
0x04000AF5	StardewValley.NPC	routeEndIntro	Private
0x04000AF6	StardewValley.NPC	routeEndAnimation	Private
0x04000AF7	StardewValley.NPC	routeEndOutro	Private
0x04000AF8	StardewValley.NPC	nextEndOfRouteMessage	Public
0x04000AF9	StardewValley.NPC	loadedEndOfRouteBehavior	Private
0x04000AFA	StardewValley.NPC	_startedEndOfRouteBehavior	Family
0x04000AFB	StardewValley.NPC	_finishingEndOfRouteBehavior	Family
0x04000AFC	StardewValley.NPC	_beforeEndOfRouteAnimationFrame	Family
0x04000AFD	StardewValley.NPC	endOfRouteBehaviorName	Public, InitOnly
0x04000AFE	StardewValley.NPC	previousEndPoint	Public
0x04000AFF	StardewValley.NPC	squareMovementFacingPreference	Public
0x04000B00	StardewValley.NPC	returningToEndPoint	Family
0x04000B01	StardewValley.NPC	wasKissedYesterday	Private
0x04000B02	StardewValley.MarriageDialogueReference	ENDEARMENT_TOKEN	Public, Static, Literal, HasDefault
0x04000B03	StardewValley.MarriageDialogueReference	ENDEARMENT_TOKEN_LOWER	Public, Static, Literal, HasDefault
0x04000B04	StardewValley.MarriageDialogueReference	<NetFields>k__BackingField	Private, InitOnly
0x04000B05	StardewValley.MarriageDialogueReference	_dialogueFile	Private, InitOnly
0x04000B06	StardewValley.MarriageDialogueReference	_dialogueKey	Private, InitOnly
0x04000B07	StardewValley.MarriageDialogueReference	_isGendered	Private, InitOnly
0x04000B08	StardewValley.MarriageDialogueReference	_substitutions	Private, InitOnly
0x04000B09	StardewValley.NumberSprite	textureX	Public, Static, Literal, HasDefault
0x04000B0A	StardewValley.NumberSprite	textureY	Public, Static, Literal, HasDefault
0x04000B0B	StardewValley.NumberSprite	digitWidth	Public, Static, Literal, HasDefault
0x04000B0C	StardewValley.NumberSprite	digitHeight	Public, Static, Literal, HasDefault
0x04000B0D	StardewValley.NumberSprite	groupWidth	Public, Static, Literal, HasDefault
0x04000B0E	StardewValley.Fence	debrisPieces	Public, Static, Literal, HasDefault
0x04000B0F	StardewValley.Fence	fencePieceWidth	Public, Static
0x04000B10	StardewValley.Fence	fencePieceHeight	Public, Static
0x04000B11	StardewValley.Fence	gateClosedPosition	Public, Static, Literal, HasDefault
0x04000B12	StardewValley.Fence	gateOpenedPosition	Public, Static, Literal, HasDefault
0x04000B13	StardewValley.Fence	sourceRectForSoloGate	Public, Static, Literal, HasDefault
0x04000B14	StardewValley.Fence	globalHealthMultiplier	Public, Static, Literal, HasDefault
0x04000B15	StardewValley.Fence	N	Public, Static, Literal, HasDefault
0x04000B16	StardewValley.Fence	E	Public, Static, Literal, HasDefault
0x04000B17	StardewValley.Fence	S	Public, Static, Literal, HasDefault
0x04000B18	StardewValley.Fence	W	Public, Static, Literal, HasDefault
0x04000B19	StardewValley.Fence	woodFenceId	Public, Static, Literal, HasDefault
0x04000B1A	StardewValley.Fence	stoneFenceId	Public, Static, Literal, HasDefault
0x04000B1B	StardewValley.Fence	ironFenceId	Public, Static, Literal, HasDefault
0x04000B1C	StardewValley.Fence	hardwoodFenceId	Public, Static, Literal, HasDefault
0x04000B1D	StardewValley.Fence	gateId	Public, Static, Literal, HasDefault
0x04000B1E	StardewValley.Fence	fenceTexture	Public
0x04000B1F	StardewValley.Fence	fenceDrawGuide	Public, Static
0x04000B20	StardewValley.Fence	health	Public, InitOnly
0x04000B21	StardewValley.Fence	maxHealth	Public, InitOnly
0x04000B22	StardewValley.Fence	obsolete_whichType	Public
0x04000B23	StardewValley.Fence	gatePosition	Public, InitOnly
0x04000B24	StardewValley.Fence	gateMotion	Public
0x04000B25	StardewValley.Fence	isGate	Public, InitOnly
0x04000B26	StardewValley.Fence	repairQueued	Public, InitOnly
0x04000B27	StardewValley.Fence	_FenceLookup	Family, Static
0x04000B28	StardewValley.Fence	_data	Family
0x04000B29	StardewValley.Object	wood	Public, Static, Literal, HasDefault
0x04000B2A	StardewValley.Object	stone	Public, Static, Literal, HasDefault
0x04000B2B	StardewValley.Object	copper	Public, Static, Literal, HasDefault
0x04000B2C	StardewValley.Object	iron	Public, Static, Literal, HasDefault
0x04000B2D	StardewValley.Object	coal	Public, Static, Literal, HasDefault
0x04000B2E	StardewValley.Object	gold	Public, Static, Literal, HasDefault
0x04000B2F	StardewValley.Object	iridium	Public, Static, Literal, HasDefault
0x04000B30	StardewValley.Object	artifactSpotID	Public, Static, Literal, HasDefault
0x04000B31	StardewValley.Object	hayID	Public, Static, Literal, HasDefault
0x04000B32	StardewValley.Object	iridiumBarID	Public, Static, Literal, HasDefault
0x04000B33	StardewValley.Object	woodID	Public, Static, Literal, HasDefault
0x04000B34	StardewValley.Object	stoneID	Public, Static, Literal, HasDefault
0x04000B35	StardewValley.Object	copperID	Public, Static, Literal, HasDefault
0x04000B36	StardewValley.Object	ironID	Public, Static, Literal, HasDefault
0x04000B37	StardewValley.Object	coalID	Public, Static, Literal, HasDefault
0x04000B38	StardewValley.Object	goldID	Public, Static, Literal, HasDefault
0x04000B39	StardewValley.Object	iridiumID	Public, Static, Literal, HasDefault
0x04000B3A	StardewValley.Object	amethystClusterID	Public, Static, Literal, HasDefault
0x04000B3B	StardewValley.Object	aquamarineID	Public, Static, Literal, HasDefault
0x04000B3C	StardewValley.Object	bobberID	Public, Static, Literal, HasDefault
0x04000B3D	StardewValley.Object	caveCarrotID	Public, Static, Literal, HasDefault
0x04000B3E	StardewValley.Object	diamondID	Public, Static, Literal, HasDefault
0x04000B3F	StardewValley.Object	emeraldID	Public, Static, Literal, HasDefault
0x04000B40	StardewValley.Object	prismaticShardID	Public, Static, Literal, HasDefault
0x04000B41	StardewValley.Object	quartzID	Public, Static, Literal, HasDefault
0x04000B42	StardewValley.Object	rubyID	Public, Static, Literal, HasDefault
0x04000B43	StardewValley.Object	sapphireID	Public, Static, Literal, HasDefault
0x04000B44	StardewValley.Object	stardropID	Public, Static, Literal, HasDefault
0x04000B45	StardewValley.Object	topazID	Public, Static, Literal, HasDefault
0x04000B46	StardewValley.Object	artifactSpotQID	Public, Static, Literal, HasDefault
0x04000B47	StardewValley.Object	hayQID	Public, Static, Literal, HasDefault
0x04000B48	StardewValley.Object	copperBarQID	Public, Static, Literal, HasDefault
0x04000B49	StardewValley.Object	ironBarQID	Public, Static, Literal, HasDefault
0x04000B4A	StardewValley.Object	goldBarQID	Public, Static, Literal, HasDefault
0x04000B4B	StardewValley.Object	iridiumBarQID	Public, Static, Literal, HasDefault
0x04000B4C	StardewValley.Object	woodQID	Public, Static, Literal, HasDefault
0x04000B4D	StardewValley.Object	stoneQID	Public, Static, Literal, HasDefault
0x04000B4E	StardewValley.Object	copperQID	Public, Static, Literal, HasDefault
0x04000B4F	StardewValley.Object	ironQID	Public, Static, Literal, HasDefault
0x04000B50	StardewValley.Object	coalQID	Public, Static, Literal, HasDefault
0x04000B51	StardewValley.Object	goldQID	Public, Static, Literal, HasDefault
0x04000B52	StardewValley.Object	iridiumQID	Public, Static, Literal, HasDefault
0x04000B53	StardewValley.Object	amethystClusterQID	Public, Static, Literal, HasDefault
0x04000B54	StardewValley.Object	aquamarineQID	Public, Static, Literal, HasDefault
0x04000B55	StardewValley.Object	caveCarrotQID	Public, Static, Literal, HasDefault
0x04000B56	StardewValley.Object	diamondQID	Public, Static, Literal, HasDefault
0x04000B57	StardewValley.Object	emeraldQID	Public, Static, Literal, HasDefault
0x04000B58	StardewValley.Object	prismaticShardQID	Public, Static, Literal, HasDefault
0x04000B59	StardewValley.Object	rubyQID	Public, Static, Literal, HasDefault
0x04000B5A	StardewValley.Object	sapphireQID	Public, Static, Literal, HasDefault
0x04000B5B	StardewValley.Object	stardropQID	Public, Static, Literal, HasDefault
0x04000B5C	StardewValley.Object	topazQID	Public, Static, Literal, HasDefault
0x04000B5D	StardewValley.Object	inedible	Public, Static, Literal, HasDefault
0x04000B5E	StardewValley.Object	GreensCategory	Public, Static, Literal, HasDefault
0x04000B5F	StardewValley.Object	GemCategory	Public, Static, Literal, HasDefault
0x04000B60	StardewValley.Object	VegetableCategory	Public, Static, Literal, HasDefault
0x04000B61	StardewValley.Object	FishCategory	Public, Static, Literal, HasDefault
0x04000B62	StardewValley.Object	EggCategory	Public, Static, Literal, HasDefault
0x04000B63	StardewValley.Object	MilkCategory	Public, Static, Literal, HasDefault
0x04000B64	StardewValley.Object	CookingCategory	Public, Static, Literal, HasDefault
0x04000B65	StardewValley.Object	CraftingCategory	Public, Static, Literal, HasDefault
0x04000B66	StardewValley.Object	BigCraftableCategory	Public, Static, Literal, HasDefault
0x04000B67	StardewValley.Object	FruitsCategory	Public, Static, Literal, HasDefault
0x04000B68	StardewValley.Object	SeedsCategory	Public, Static, Literal, HasDefault
0x04000B69	StardewValley.Object	mineralsCategory	Public, Static, Literal, HasDefault
0x04000B6A	StardewValley.Object	flowersCategory	Public, Static, Literal, HasDefault
0x04000B6B	StardewValley.Object	meatCategory	Public, Static, Literal, HasDefault
0x04000B6C	StardewValley.Object	metalResources	Public, Static, Literal, HasDefault
0x04000B6D	StardewValley.Object	buildingResources	Public, Static, Literal, HasDefault
0x04000B6E	StardewValley.Object	sellAtPierres	Public, Static, Literal, HasDefault
0x04000B6F	StardewValley.Object	sellAtPierresAndMarnies	Public, Static, Literal, HasDefault
0x04000B70	StardewValley.Object	fertilizerCategory	Public, Static, Literal, HasDefault
0x04000B71	StardewValley.Object	junkCategory	Public, Static, Literal, HasDefault
0x04000B72	StardewValley.Object	baitCategory	Public, Static, Literal, HasDefault
0x04000B73	StardewValley.Object	tackleCategory	Public, Static, Literal, HasDefault
0x04000B74	StardewValley.Object	sellAtFishShopCategory	Public, Static, Literal, HasDefault
0x04000B75	StardewValley.Object	furnitureCategory	Public, Static, Literal, HasDefault
0x04000B76	StardewValley.Object	ingredientsCategory	Public, Static, Literal, HasDefault
0x04000B77	StardewValley.Object	artisanGoodsCategory	Public, Static, Literal, HasDefault
0x04000B78	StardewValley.Object	syrupCategory	Public, Static, Literal, HasDefault
0x04000B79	StardewValley.Object	monsterLootCategory	Public, Static, Literal, HasDefault
0x04000B7A	StardewValley.Object	equipmentCategory	Public, Static, Literal, HasDefault
0x04000B7B	StardewValley.Object	clothingCategorySortValue	Public, Static, Literal, HasDefault
0x04000B7C	StardewValley.Object	hatCategory	Public, Static, Literal, HasDefault
0x04000B7D	StardewValley.Object	ringCategory	Public, Static, Literal, HasDefault
0x04000B7E	StardewValley.Object	weaponCategory	Public, Static, Literal, HasDefault
0x04000B7F	StardewValley.Object	bootsCategory	Public, Static, Literal, HasDefault
0x04000B80	StardewValley.Object	toolCategory	Public, Static, Literal, HasDefault
0x04000B81	StardewValley.Object	clothingCategory	Public, Static, Literal, HasDefault
0x04000B82	StardewValley.Object	trinketCategory	Public, Static, Literal, HasDefault
0x04000B83	StardewValley.Object	booksCategory	Public, Static, Literal, HasDefault
0x04000B84	StardewValley.Object	skillBooksCategory	Public, Static, Literal, HasDefault
0x04000B85	StardewValley.Object	litterCategory	Public, Static, Literal, HasDefault
0x04000B86	StardewValley.Object	WildHorseradishIndex	Public, Static, Literal, HasDefault
0x04000B87	StardewValley.Object	LeekIndex	Public, Static, Literal, HasDefault
0x04000B88	StardewValley.Object	DandelionIndex	Public, Static, Literal, HasDefault
0x04000B89	StardewValley.Object	HandCursorIndex	Public, Static, Literal, HasDefault
0x04000B8A	StardewValley.Object	WaterAnimationIndex	Public, Static, Literal, HasDefault
0x04000B8B	StardewValley.Object	LumberIndex	Public, Static, Literal, HasDefault
0x04000B8C	StardewValley.Object	mineStoneGrey1Index	Public, Static, Literal, HasDefault
0x04000B8D	StardewValley.Object	mineStoneBlue1Index	Public, Static, Literal, HasDefault
0x04000B8E	StardewValley.Object	mineStoneBlue2Index	Public, Static, Literal, HasDefault
0x04000B8F	StardewValley.Object	mineStoneGrey2Index	Public, Static, Literal, HasDefault
0x04000B90	StardewValley.Object	mineStoneBrown1Index	Public, Static, Literal, HasDefault
0x04000B91	StardewValley.Object	mineStoneBrown2Index	Public, Static, Literal, HasDefault
0x04000B92	StardewValley.Object	mineStonePurpleIndex	Public, Static, Literal, HasDefault
0x04000B93	StardewValley.Object	mineStoneMysticIndex	Public, Static, Literal, HasDefault
0x04000B94	StardewValley.Object	mineStoneSnow1	Public, Static, Literal, HasDefault
0x04000B95	StardewValley.Object	mineStoneSnow3	Public, Static, Literal, HasDefault
0x04000B96	StardewValley.Object	mineStoneRed1Index	Public, Static, Literal, HasDefault
0x04000B97	StardewValley.Object	mineStoneRed2Index	Public, Static, Literal, HasDefault
0x04000B98	StardewValley.Object	emeraldIndex	Public, Static, Literal, HasDefault
0x04000B99	StardewValley.Object	aquamarineIndex	Public, Static, Literal, HasDefault
0x04000B9A	StardewValley.Object	rubyIndex	Public, Static, Literal, HasDefault
0x04000B9B	StardewValley.Object	amethystClusterIndex	Public, Static, Literal, HasDefault
0x04000B9C	StardewValley.Object	topazIndex	Public, Static, Literal, HasDefault
0x04000B9D	StardewValley.Object	sapphireIndex	Public, Static, Literal, HasDefault
0x04000B9E	StardewValley.Object	diamondIndex	Public, Static, Literal, HasDefault
0x04000B9F	StardewValley.Object	prismaticShardIndex	Public, Static, Literal, HasDefault
0x04000BA0	StardewValley.Object	stardrop	Public, Static, Literal, HasDefault
0x04000BA1	StardewValley.Object	WildHoneyPreservedId	Public, Static, Literal, HasDefault
0x04000BA2	StardewValley.Object	lowQuality	Public, Static, Literal, HasDefault
0x04000BA3	StardewValley.Object	medQuality	Public, Static, Literal, HasDefault
0x04000BA4	StardewValley.Object	highQuality	Public, Static, Literal, HasDefault
0x04000BA5	StardewValley.Object	bestQuality	Public, Static, Literal, HasDefault
0x04000BA6	StardewValley.Object	fragility_Removable	Public, Static, Literal, HasDefault
0x04000BA7	StardewValley.Object	fragility_Delicate	Public, Static, Literal, HasDefault
0x04000BA8	StardewValley.Object	fragility_Indestructable	Public, Static, Literal, HasDefault
0x04000BA9	StardewValley.Object	spriteSheetTileSize	Public, Static, Literal, HasDefault
0x04000BAA	StardewValley.Object	wobbleAmountWhenWorking	Public, Static, Literal, HasDefault
0x04000BAB	StardewValley.Object	RecipeNameSuffix	Public, Static, Literal, HasDefault
0x04000BAC	StardewValley.Object	tileLocation	Public, InitOnly
0x04000BAD	StardewValley.Object	owner	Public, InitOnly
0x04000BAE	StardewValley.Object	type	Public, InitOnly
0x04000BAF	StardewValley.Object	canBeSetDown	Public, InitOnly
0x04000BB0	StardewValley.Object	canBeGrabbed	Public, InitOnly
0x04000BB1	StardewValley.Object	isSpawnedObject	Public, InitOnly
0x04000BB2	StardewValley.Object	questItem	Public, InitOnly
0x04000BB3	StardewValley.Object	questId	Public, InitOnly
0x04000BB4	StardewValley.Object	isOn	Public, InitOnly
0x04000BB5	StardewValley.Object	fragility	Public, InitOnly
0x04000BB6	StardewValley.Object	price	Public, InitOnly
0x04000BB7	StardewValley.Object	edibility	Public, InitOnly
0x04000BB8	StardewValley.Object	bigCraftable	Public, InitOnly
0x04000BB9	StardewValley.Object	setOutdoors	Public, InitOnly
0x04000BBA	StardewValley.Object	setIndoors	Public, InitOnly
0x04000BBB	StardewValley.Object	readyForHarvest	Public, InitOnly
0x04000BBC	StardewValley.Object	showNextIndex	Public, InitOnly
0x04000BBD	StardewValley.Object	flipped	Public, InitOnly
0x04000BBE	StardewValley.Object	isLamp	Public, InitOnly
0x04000BBF	StardewValley.Object	heldObject	Public, InitOnly
0x04000BC0	StardewValley.Object	lastOutputRuleId	Public, InitOnly
0x04000BC1	StardewValley.Object	lastInputItem	Public, InitOnly
0x04000BC2	StardewValley.Object	minutesUntilReady	Public, InitOnly
0x04000BC3	StardewValley.Object	boundingBox	Public, InitOnly
0x04000BC4	StardewValley.Object	scale	Public
0x04000BC5	StardewValley.Object	uses	Public, InitOnly
0x04000BC6	StardewValley.Object	netLightSource	Private, InitOnly
0x04000BC7	StardewValley.Object	netDisplayNameFormat	Public, InitOnly
0x04000BC8	StardewValley.Object	isTemporarilyInvisible	Public
0x04000BC9	StardewValley.Object	_destroyOvernight	Family
0x04000BCA	StardewValley.Object	shouldShowSign	Public
0x04000BCB	StardewValley.Object	customBuff	Public
0x04000BCC	StardewValley.Object	signText	Public, InitOnly
0x04000BCD	StardewValley.Object	_machineAnimation	Family
0x04000BCE	StardewValley.Object	_machineAnimationLoop	Family
0x04000BCF	StardewValley.Object	_machineAnimationIndex	Family
0x04000BD0	StardewValley.Object	_machineAnimationFrame	Family
0x04000BD1	StardewValley.Object	_machineAnimationInterval	Family
0x04000BD2	StardewValley.Object	orderData	Public, InitOnly
0x04000BD3	StardewValley.Object	autoLoadFrom	Public, Static
0x04000BD4	StardewValley.Object	shakeTimer	Public
0x04000BD5	StardewValley.Object	lastNoteBlockSoundTime	Public
0x04000BD6	StardewValley.Object	internalSound	Public
0x04000BD7	StardewValley.Object	<Location>k__BackingField	Private
0x04000BD8	StardewValley.Object	preserve	Public, InitOnly
0x04000BD9	StardewValley.Object	preservedParentSheetIndex	Public, InitOnly
0x04000BDA	StardewValley.Object	obsolete_honeyType	Public
0x04000BDB	StardewValley.Object	displayName	Public
0x04000BDC	StardewValley.Object	<SignText>k__BackingField	Private
0x04000BDD	StardewValley.Object	_hasHeldObject	Family
0x04000BDE	StardewValley.Object	_hasLightSource	Family
0x04000BDF	StardewValley.Object	CurrentParsedItemCount	Public, Static
0x04000BE0	StardewValley.Object	health	Family
0x04000BE1	StardewValley.Object	hovering	Public
0x04000BE2	StardewValley.Torch	yVelocity	Public, Static, Literal, HasDefault
0x04000BE3	StardewValley.Torch	yDissapearLevel	Public, Static, Literal, HasDefault
0x04000BE4	StardewValley.Torch	ashChance	Public, Static, Literal, HasDefault
0x04000BE5	StardewValley.Torch	color	Private
0x04000BE6	StardewValley.Torch	ashes	Private
0x04000BE7	StardewValley.Torch	smokePuffTimer	Private
0x04000BE8	StardewValley.InputButton	key	Public
0x04000BE9	StardewValley.InputButton	mouseLeft	Public
0x04000BEA	StardewValley.InputButton	mouseRight	Public
0x04000BEB	StardewValley.ServerPrivacy	value__	Public, SpecialName, RTSpecialName
0x04000BEC	StardewValley.ServerPrivacy	InviteOnly	Public, Static, Literal, HasDefault
0x04000BED	StardewValley.ServerPrivacy	FriendsOnly	Public, Static, Literal, HasDefault
0x04000BEE	StardewValley.ServerPrivacy	Public	Public, Static, Literal, HasDefault
0x04000BEF	StardewValley.Options	minZoom	Public, Static, Literal, HasDefault
0x04000BF0	StardewValley.Options	maxZoom	Public, Static, Literal, HasDefault
0x04000BF1	StardewValley.Options	minUIZoom	Public, Static, Literal, HasDefault
0x04000BF2	StardewValley.Options	maxUIZoom	Public, Static, Literal, HasDefault
0x04000BF3	StardewValley.Options	toggleAutoRun	Public, Static, Literal, HasDefault
0x04000BF4	StardewValley.Options	musicVolume	Public, Static, Literal, HasDefault
0x04000BF5	StardewValley.Options	soundVolume	Public, Static, Literal, HasDefault
0x04000BF6	StardewValley.Options	toggleDialogueTypingSounds	Public, Static, Literal, HasDefault
0x04000BF7	StardewValley.Options	toggleFullscreen	Public, Static, Literal, HasDefault
0x04000BF8	StardewValley.Options	screenResolution	Public, Static, Literal, HasDefault
0x04000BF9	StardewValley.Options	showPortraitsToggle	Public, Static, Literal, HasDefault
0x04000BFA	StardewValley.Options	showMerchantPortraitsToggle	Public, Static, Literal, HasDefault
0x04000BFB	StardewValley.Options	menuBG	Public, Static, Literal, HasDefault
0x04000BFC	StardewValley.Options	toggleFootsteps	Public, Static, Literal, HasDefault
0x04000BFD	StardewValley.Options	alwaysShowToolHitLocationToggle	Public, Static, Literal, HasDefault
0x04000BFE	StardewValley.Options	hideToolHitLocationWhenInMotionToggle	Public, Static, Literal, HasDefault
0x04000BFF	StardewValley.Options	windowMode	Public, Static, Literal, HasDefault
0x04000C00	StardewValley.Options	pauseWhenUnfocused	Public, Static, Literal, HasDefault
0x04000C01	StardewValley.Options	pinToolbar	Public, Static, Literal, HasDefault
0x04000C02	StardewValley.Options	toggleRumble	Public, Static, Literal, HasDefault
0x04000C03	StardewValley.Options	ambientOnly	Public, Static, Literal, HasDefault
0x04000C04	StardewValley.Options	zoom	Public, Static, Literal, HasDefault
0x04000C05	StardewValley.Options	zoomButtonsToggle	Public, Static, Literal, HasDefault
0x04000C06	StardewValley.Options	ambientVolume	Public, Static, Literal, HasDefault
0x04000C07	StardewValley.Options	footstepVolume	Public, Static, Literal, HasDefault
0x04000C08	StardewValley.Options	invertScrollDirectionToggle	Public, Static, Literal, HasDefault
0x04000C09	StardewValley.Options	snowTransparencyToggle	Public, Static, Literal, HasDefault
0x04000C0A	StardewValley.Options	screenFlashToggle	Public, Static, Literal, HasDefault
0x04000C0B	StardewValley.Options	toggleHardwareCursor	Public, Static, Literal, HasDefault
0x04000C0C	StardewValley.Options	toggleShowPlacementTileGamepad	Public, Static, Literal, HasDefault
0x04000C0D	StardewValley.Options	stowingModeSelect	Public, Static, Literal, HasDefault
0x04000C0E	StardewValley.Options	toggleSnappyMenus	Public, Static, Literal, HasDefault
0x04000C0F	StardewValley.Options	toggleIPConnections	Public, Static, Literal, HasDefault
0x04000C10	StardewValley.Options	serverMode	Public, Static, Literal, HasDefault
0x04000C11	StardewValley.Options	toggleFarmhandCreation	Public, Static, Literal, HasDefault
0x04000C12	StardewValley.Options	toggleShowAdvancedCraftingInformation	Public, Static, Literal, HasDefault
0x04000C13	StardewValley.Options	toggleMPReadyStatus	Public, Static, Literal, HasDefault
0x04000C14	StardewValley.Options	mapScreenshot	Public, Static, Literal, HasDefault
0x04000C15	StardewValley.Options	toggleVsync	Public, Static, Literal, HasDefault
0x04000C16	StardewValley.Options	gamepadModeSelect	Public, Static, Literal, HasDefault
0x04000C17	StardewValley.Options	uiScaleSlider	Public, Static, Literal, HasDefault
0x04000C18	StardewValley.Options	moveBuildingPermissions	Public, Static, Literal, HasDefault
0x04000C19	StardewValley.Options	slingshotModeSelect	Public, Static, Literal, HasDefault
0x04000C1A	StardewValley.Options	biteChime	Public, Static, Literal, HasDefault
0x04000C1B	StardewValley.Options	toggleMuteAnimalSounds	Public, Static, Literal, HasDefault
0x04000C1C	StardewValley.Options	toggleUseChineseSmoothFont	Public, Static, Literal, HasDefault
0x04000C1D	StardewValley.Options	dialogueFontToggle	Public, Static, Literal, HasDefault
0x04000C1E	StardewValley.Options	toggleUseAlternateFont	Public, Static, Literal, HasDefault
0x04000C1F	StardewValley.Options	input_actionButton	Public, Static, Literal, HasDefault
0x04000C20	StardewValley.Options	input_cancelButton	Public, Static, Literal, HasDefault
0x04000C21	StardewValley.Options	input_useToolButton	Public, Static, Literal, HasDefault
0x04000C22	StardewValley.Options	input_moveUpButton	Public, Static, Literal, HasDefault
0x04000C23	StardewValley.Options	input_moveRightButton	Public, Static, Literal, HasDefault
0x04000C24	StardewValley.Options	input_moveDownButton	Public, Static, Literal, HasDefault
0x04000C25	StardewValley.Options	input_moveLeftButton	Public, Static, Literal, HasDefault
0x04000C26	StardewValley.Options	input_menuButton	Public, Static, Literal, HasDefault
0x04000C27	StardewValley.Options	input_runButton	Public, Static, Literal, HasDefault
0x04000C28	StardewValley.Options	input_chatButton	Public, Static, Literal, HasDefault
0x04000C29	StardewValley.Options	input_journalButton	Public, Static, Literal, HasDefault
0x04000C2A	StardewValley.Options	input_mapButton	Public, Static, Literal, HasDefault
0x04000C2B	StardewValley.Options	input_slot1	Public, Static, Literal, HasDefault
0x04000C2C	StardewValley.Options	input_slot2	Public, Static, Literal, HasDefault
0x04000C2D	StardewValley.Options	input_slot3	Public, Static, Literal, HasDefault
0x04000C2E	StardewValley.Options	input_slot4	Public, Static, Literal, HasDefault
0x04000C2F	StardewValley.Options	input_slot5	Public, Static, Literal, HasDefault
0x04000C30	StardewValley.Options	input_slot6	Public, Static, Literal, HasDefault
0x04000C31	StardewValley.Options	input_slot7	Public, Static, Literal, HasDefault
0x04000C32	StardewValley.Options	input_slot8	Public, Static, Literal, HasDefault
0x04000C33	StardewValley.Options	input_slot9	Public, Static, Literal, HasDefault
0x04000C34	StardewValley.Options	input_slot10	Public, Static, Literal, HasDefault
0x04000C35	StardewValley.Options	input_slot11	Public, Static, Literal, HasDefault
0x04000C36	StardewValley.Options	input_slot12	Public, Static, Literal, HasDefault
0x04000C37	StardewValley.Options	input_toolbarSwap	Public, Static, Literal, HasDefault
0x04000C38	StardewValley.Options	input_emoteButton	Public, Static, Literal, HasDefault
0x04000C39	StardewValley.Options	defaultZoomLevel	Public, Static, Literal, HasDefault
0x04000C3A	StardewValley.Options	defaultLightingQuality	Public, Static, Literal, HasDefault
0x04000C3B	StardewValley.Options	defaultSplitScreenZoomLevel	Public, Static, Literal, HasDefault
0x04000C3C	StardewValley.Options	autoRun	Public
0x04000C3D	StardewValley.Options	dialogueTyping	Public
0x04000C3E	StardewValley.Options	showPortraits	Public
0x04000C3F	StardewValley.Options	showMerchantPortraits	Public
0x04000C40	StardewValley.Options	showMenuBackground	Public
0x04000C41	StardewValley.Options	playFootstepSounds	Public
0x04000C42	StardewValley.Options	alwaysShowToolHitLocation	Public
0x04000C43	StardewValley.Options	hideToolHitLocationWhenInMotion	Public
0x04000C44	StardewValley.Options	pauseWhenOutOfFocus	Public
0x04000C45	StardewValley.Options	pinToolbarToggle	Public
0x04000C46	StardewValley.Options	mouseControls	Public
0x04000C47	StardewValley.Options	gamepadControls	Public
0x04000C48	StardewValley.Options	rumble	Public
0x04000C49	StardewValley.Options	ambientOnlyToggle	Public
0x04000C4A	StardewValley.Options	zoomButtons	Public
0x04000C4B	StardewValley.Options	invertScrollDirection	Public
0x04000C4C	StardewValley.Options	screenFlash	Public
0x04000C4D	StardewValley.Options	showPlacementTileForGamepad	Public
0x04000C4E	StardewValley.Options	snappyMenus	Public
0x04000C4F	StardewValley.Options	showAdvancedCraftingInformation	Public
0x04000C50	StardewValley.Options	showMPEndOfNightReadyStatus	Public
0x04000C51	StardewValley.Options	muteAnimalSounds	Public
0x04000C52	StardewValley.Options	vsyncEnabled	Public
0x04000C53	StardewValley.Options	fullscreen	Public
0x04000C54	StardewValley.Options	windowedBorderlessFullscreen	Public
0x04000C55	StardewValley.Options	showClearBackgrounds	Public
0x04000C56	StardewValley.Options	useChineseSmoothFont	Public
0x04000C57	StardewValley.Options	useAlternateFont	Public
0x04000C58	StardewValley.Options	ipConnectionsEnabled	Public
0x04000C59	StardewValley.Options	enableServer	Public
0x04000C5A	StardewValley.Options	enableFarmhandCreation	Public
0x04000C5B	StardewValley.Options	_hardwareCursor	Family
0x04000C5C	StardewValley.Options	stowingMode	Public
0x04000C5D	StardewValley.Options	gamepadMode	Public
0x04000C5E	StardewValley.Options	useLegacySlingshotFiring	Public
0x04000C5F	StardewValley.Options	musicVolumeLevel	Public
0x04000C60	StardewValley.Options	soundVolumeLevel	Public
0x04000C61	StardewValley.Options	footstepVolumeLevel	Public
0x04000C62	StardewValley.Options	ambientVolumeLevel	Public
0x04000C63	StardewValley.Options	snowTransparency	Public
0x04000C64	StardewValley.Options	dialogueFontScale	Public
0x04000C65	StardewValley.Options	baseZoomLevel	Public
0x04000C66	StardewValley.Options	singlePlayerBaseZoomLevel	Public
0x04000C67	StardewValley.Options	localCoopBaseZoomLevel	Public
0x04000C68	StardewValley.Options	singlePlayerDesiredUIScale	Public
0x04000C69	StardewValley.Options	localCoopDesiredUIScale	Public
0x04000C6A	StardewValley.Options	baseUIScale	Public
0x04000C6B	StardewValley.Options	preferredResolutionX	Public
0x04000C6C	StardewValley.Options	preferredResolutionY	Public
0x04000C6D	StardewValley.Options	serverPrivacy	Public
0x04000C6E	StardewValley.Options	actionButton	Public
0x04000C6F	StardewValley.Options	cancelButton	Public
0x04000C70	StardewValley.Options	useToolButton	Public
0x04000C71	StardewValley.Options	moveUpButton	Public
0x04000C72	StardewValley.Options	moveRightButton	Public
0x04000C73	StardewValley.Options	moveDownButton	Public
0x04000C74	StardewValley.Options	moveLeftButton	Public
0x04000C75	StardewValley.Options	menuButton	Public
0x04000C76	StardewValley.Options	runButton	Public
0x04000C77	StardewValley.Options	tmpKeyToReplace	Public
0x04000C78	StardewValley.Options	chatButton	Public
0x04000C79	StardewValley.Options	mapButton	Public
0x04000C7A	StardewValley.Options	journalButton	Public
0x04000C7B	StardewValley.Options	inventorySlot1	Public
0x04000C7C	StardewValley.Options	inventorySlot2	Public
0x04000C7D	StardewValley.Options	inventorySlot3	Public
0x04000C7E	StardewValley.Options	inventorySlot4	Public
0x04000C7F	StardewValley.Options	inventorySlot5	Public
0x04000C80	StardewValley.Options	inventorySlot6	Public
0x04000C81	StardewValley.Options	inventorySlot7	Public
0x04000C82	StardewValley.Options	inventorySlot8	Public
0x04000C83	StardewValley.Options	inventorySlot9	Public
0x04000C84	StardewValley.Options	inventorySlot10	Public
0x04000C85	StardewValley.Options	inventorySlot11	Public
0x04000C86	StardewValley.Options	inventorySlot12	Public
0x04000C87	StardewValley.Options	toolbarSwap	Public
0x04000C88	StardewValley.Options	emoteButton	Public
0x04000C89	StardewValley.Options	optionsDirty	Public
0x04000C8A	StardewValley.Options	defaultSettingsSerializer	Private
0x04000C8B	StardewValley.Options	appliedLightingQuality	Private
0x04000C8C	StardewValley.Program	build_steam	Public, Static, Literal, HasDefault
0x04000C8D	StardewValley.Program	build_gog	Public, Static, Literal, HasDefault
0x04000C8E	StardewValley.Program	build_rail	Public, Static, Literal, HasDefault
0x04000C8F	StardewValley.Program	build_gdk	Public, Static, Literal, HasDefault
0x04000C90	StardewValley.Program	GameTesterMode	Public, Static
0x04000C91	StardewValley.Program	releaseBuild	Public, Static
0x04000C92	StardewValley.Program	enableCheats	Public, Static
0x04000C93	StardewValley.Program	buildType	Public, Static, Literal, HasDefault
0x04000C94	StardewValley.Program	_sdk	Private, Static
0x04000C95	StardewValley.Program	defaultCompression	Assembly, Static, InitOnly
0x04000C96	StardewValley.Program	netCompression	Assembly, Static
0x04000C97	StardewValley.Program	gamePtr	Public, Static
0x04000C98	StardewValley.Program	handlingException	Public, Static
0x04000C99	StardewValley.Program	hasTriedToPrintLog	Public, Static
0x04000C9A	StardewValley.Program	successfullyPrintedLog	Public, Static
0x04000C9B	StardewValley.PurchaseableKeyItem	_displayName	Family
0x04000C9C	StardewValley.PurchaseableKeyItem	_name	Family
0x04000C9D	StardewValley.PurchaseableKeyItem	_description	Family
0x04000C9E	StardewValley.PurchaseableKeyItem	_price	Family
0x04000C9F	StardewValley.PurchaseableKeyItem	_id	Family
0x04000CA0	StardewValley.PurchaseableKeyItem	_tags	Family
0x04000CA1	StardewValley.PurchaseableKeyItem	_onPurchase	Family
0x04000CA2	StardewValley.RainDrop	frame	Public
0x04000CA3	StardewValley.RainDrop	accumulator	Public
0x04000CA4	StardewValley.RainDrop	position	Public
0x04000CA5	StardewValley.Response	responseKey	Public
0x04000CA6	StardewValley.Response	responseText	Public
0x04000CA7	StardewValley.Response	hotkey	Public
0x04000CA8	StardewValley.NPCDialogueResponse	friendshipChange	Public
0x04000CA9	StardewValley.NPCDialogueResponse	id	Public
0x04000CAA	StardewValley.NPCDialogueResponse	extraArgument	Public
0x04000CAB	StardewValley.Rumble	rumbleStrength	Private, Static
0x04000CAC	StardewValley.Rumble	rumbleTimerMax	Private, Static
0x04000CAD	StardewValley.Rumble	rumbleTimerCurrent	Private, Static
0x04000CAE	StardewValley.Rumble	rumbleDuringFade	Private, Static
0x04000CAF	StardewValley.Rumble	maxRumbleDuringFade	Private, Static
0x04000CB0	StardewValley.Rumble	isRumbling	Private, Static
0x04000CB1	StardewValley.Rumble	fade	Private, Static
0x04000CB2	StardewValley.SaveGame	TempNameSuffix	Public, Static, Literal, HasDefault
0x04000CB3	StardewValley.SaveGame	BackupNameSuffix	Public, Static, Literal, HasDefault
0x04000CB4	StardewValley.SaveGame	PlatformSupportsBackups	Public, Static, Literal, HasDefault
0x04000CB5	StardewValley.SaveGame	IsProcessing	Public, Static
0x04000CB6	StardewValley.SaveGame	CancelToTitle	Public, Static
0x04000CB7	StardewValley.SaveGame	player	Public
0x04000CB8	StardewValley.SaveGame	farmhands	Public
0x04000CB9	StardewValley.SaveGame	locations	Public
0x04000CBA	StardewValley.SaveGame	currentSeason	Public
0x04000CBB	StardewValley.SaveGame	samBandName	Public
0x04000CBC	StardewValley.SaveGame	elliottBookName	Public
0x04000CBD	StardewValley.SaveGame	obsolete_mailbox	Public
0x04000CBE	StardewValley.SaveGame	broadcastedMail	Public
0x04000CBF	StardewValley.SaveGame	constructedBuildings	Public
0x04000CC0	StardewValley.SaveGame	worldStateIDs	Public
0x04000CC1	StardewValley.SaveGame	lostBooksFound	Public
0x04000CC2	StardewValley.SaveGame	goldenWalnuts	Public
0x04000CC3	StardewValley.SaveGame	goldenWalnutsFound	Public
0x04000CC4	StardewValley.SaveGame	miniShippingBinsObtained	Public
0x04000CC5	StardewValley.SaveGame	mineShrineActivated	Public
0x04000CC6	StardewValley.SaveGame	skullShrineActivated	Public
0x04000CC7	StardewValley.SaveGame	goldenCoconutCracked	Public
0x04000CC8	StardewValley.SaveGame	parrotPlatformsUnlocked	Public
0x04000CC9	StardewValley.SaveGame	farmPerfect	Public
0x04000CCA	StardewValley.SaveGame	foundBuriedNuts	Public
0x04000CCB	StardewValley.SaveGame	checkedGarbage	Public
0x04000CCC	StardewValley.SaveGame	visitsUntilY1Guarantee	Public
0x04000CCD	StardewValley.SaveGame	shuffleMineChests	Public
0x04000CCE	StardewValley.SaveGame	dayOfMonth	Public
0x04000CCF	StardewValley.SaveGame	year	Public
0x04000CD0	StardewValley.SaveGame	countdownToWedding	Public
0x04000CD1	StardewValley.SaveGame	dailyLuck	Public
0x04000CD2	StardewValley.SaveGame	uniqueIDForThisGame	Public
0x04000CD3	StardewValley.SaveGame	weddingToday	Public
0x04000CD4	StardewValley.SaveGame	isRaining	Public
0x04000CD5	StardewValley.SaveGame	isDebrisWeather	Public
0x04000CD6	StardewValley.SaveGame	isLightning	Public
0x04000CD7	StardewValley.SaveGame	isSnowing	Public
0x04000CD8	StardewValley.SaveGame	shouldSpawnMonsters	Public
0x04000CD9	StardewValley.SaveGame	hasApplied1_3_UpdateChanges	Public
0x04000CDA	StardewValley.SaveGame	hasApplied1_4_UpdateChanges	Public
0x04000CDB	StardewValley.SaveGame	weddingsToday	Public
0x04000CDC	StardewValley.SaveGame	obsolete_stats	Public
0x04000CDD	StardewValley.SaveGame	loaded	Public, Static
0x04000CDE	StardewValley.SaveGame	musicVolume	Public
0x04000CDF	StardewValley.SaveGame	soundVolume	Public
0x04000CE0	StardewValley.SaveGame	dishOfTheDay	Public
0x04000CE1	StardewValley.SaveGame	highestPlayerLimit	Public
0x04000CE2	StardewValley.SaveGame	moveBuildingPermissionMode	Public
0x04000CE3	StardewValley.SaveGame	useLegacyRandom	Public
0x04000CE4	StardewValley.SaveGame	allowChatCheats	Public
0x04000CE5	StardewValley.SaveGame	hasDedicatedHost	Public
0x04000CE6	StardewValley.SaveGame	locationWeather	Public
0x04000CE7	StardewValley.SaveGame	builders	Public
0x04000CE8	StardewValley.SaveGame	bannedUsers	Public
0x04000CE9	StardewValley.SaveGame	bundleData	Public
0x04000CEA	StardewValley.SaveGame	limitedNutDrops	Public
0x04000CEB	StardewValley.SaveGame	latestID	Public
0x04000CEC	StardewValley.SaveGame	options	Public
0x04000CED	StardewValley.SaveGame	splitscreenOptions	Public
0x04000CEE	StardewValley.SaveGame	CustomData	Public
0x04000CEF	StardewValley.SaveGame	mine_permanentMineChanges	Public
0x04000CF0	StardewValley.SaveGame	mine_lowestLevelReached	Public
0x04000CF1	StardewValley.SaveGame	weatherForTomorrow	Public
0x04000CF2	StardewValley.SaveGame	whichFarm	Public
0x04000CF3	StardewValley.SaveGame	mine_lowestLevelReachedForOrder	Public
0x04000CF4	StardewValley.SaveGame	skullCavesDifficulty	Public
0x04000CF5	StardewValley.SaveGame	minesDifficulty	Public
0x04000CF6	StardewValley.SaveGame	currentGemBirdIndex	Public
0x04000CF7	StardewValley.SaveGame	junimoKartLeaderboards	Public
0x04000CF8	StardewValley.SaveGame	specialOrders	Public
0x04000CF9	StardewValley.SaveGame	availableSpecialOrders	Public
0x04000CFA	StardewValley.SaveGame	completedSpecialOrders	Public
0x04000CFB	StardewValley.SaveGame	acceptedSpecialOrderTypes	Public
0x04000CFC	StardewValley.SaveGame	returnedDonations	Public
0x04000CFD	StardewValley.SaveGame	junimoChest	Public
0x04000CFE	StardewValley.SaveGame	shippingBin	Public
0x04000CFF	StardewValley.SaveGame	globalInventories	Public
0x04000D00	StardewValley.SaveGame	collectedNutTracker	Public
0x04000D01	StardewValley.SaveGame	farmerFriendships	Public
0x04000D02	StardewValley.SaveGame	cellarAssignments	Public
0x04000D03	StardewValley.SaveGame	timesFedRaccoons	Public
0x04000D04	StardewValley.SaveGame	treasureTotemsUsed	Public
0x04000D05	StardewValley.SaveGame	perfectionWaivers	Public
0x04000D06	StardewValley.SaveGame	seasonOfCurrentRaccoonBundle	Public
0x04000D07	StardewValley.SaveGame	raccoonBundles	Public
0x04000D08	StardewValley.SaveGame	activatedGoldenParrot	Public
0x04000D09	StardewValley.SaveGame	daysPlayedWhenLastRaccoonBundleWasFinished	Public
0x04000D0A	StardewValley.SaveGame	lastAppliedSaveFix	Public
0x04000D0B	StardewValley.SaveGame	gameVersion	Public
0x04000D0C	StardewValley.SaveGame	gameVersionLabel	Public
0x04000D0D	StardewValley.SaveGame	serializer	Public, Static
0x04000D0E	StardewValley.SaveGame	farmerSerializer	Public, Static
0x04000D0F	StardewValley.SaveGame	locationSerializer	Public, Static
0x04000D10	StardewValley.SaveGame	descriptionElementSerializer	Public, Static
0x04000D11	StardewValley.SaveGame	legacyDescriptionElementSerializer	Public, Static
0x04000D12	StardewValley.SeaMonsterTemporarySprite	texture	Public
0x04000D13	StardewValley.ChangeType	value__	Public, SpecialName, RTSpecialName
0x04000D14	StardewValley.ChangeType	Add	Public, Static, Literal, HasDefault
0x04000D15	StardewValley.ChangeType	Remove	Public, Static, Literal, HasDefault
0x04000D16	StardewValley.ChangeType	Clear	Public, Static, Literal, HasDefault
0x04000D17	StardewValley.SerializableDictionary`2	_keySerializer	Private, Static
0x04000D18	StardewValley.SerializableDictionary`2	_valueSerializer	Private, Static
0x04000D19	StardewValley.SerializableDictionary`2	CollectionChanged	Private
0x04000D1A	StardewValley.MapSeat	mapChairTexture	Public, Static
0x04000D1B	StardewValley.MapSeat	sittingFarmers	Public
0x04000D1C	StardewValley.MapSeat	tilePosition	Public
0x04000D1D	StardewValley.MapSeat	size	Public
0x04000D1E	StardewValley.MapSeat	direction	Public
0x04000D1F	StardewValley.MapSeat	drawTilePosition	Public
0x04000D20	StardewValley.MapSeat	<NetFields>k__BackingField	Private, InitOnly
0x04000D21	StardewValley.MapSeat	seasonal	Public
0x04000D22	StardewValley.MapSeat	seatType	Public
0x04000D23	StardewValley.MapSeat	textureFile	Public
0x04000D24	StardewValley.MapSeat	_loadedTextureFile	Public
0x04000D25	StardewValley.MapSeat	overlayTexture	Public
0x04000D26	StardewValley.MapSeat	localSittingDirection	Public
0x04000D27	StardewValley.MapSeat	customDrawValues	Public
0x04000D28	StardewValley.SoundBankWrapper	DefaultCueName	Private
0x04000D29	StardewValley.SoundBankWrapper	soundBank	Private
0x04000D2A	StardewValley.DummySoundBank	DummyCue	Assembly, Static, InitOnly
0x04000D2B	StardewValley.StackDrawType	value__	Public, SpecialName, RTSpecialName
0x04000D2C	StardewValley.StackDrawType	Hide	Public, Static, Literal, HasDefault
0x04000D2D	StardewValley.StackDrawType	Draw	Public, Static, Literal, HasDefault
0x04000D2E	StardewValley.StackDrawType	Draw_OneInclusive	Public, Static, Literal, HasDefault
0x04000D2F	StardewValley.StackDrawType	HideButShowQuality	Public, Static, Literal, HasDefault
0x04000D30	StardewValley.StartupPreferences	windowed_borderless	Public, Static, Literal, HasDefault
0x04000D31	StardewValley.StartupPreferences	windowed	Public, Static, Literal, HasDefault
0x04000D32	StardewValley.StartupPreferences	fullscreen	Public, Static, Literal, HasDefault
0x04000D33	StardewValley.StartupPreferences	_filename	Private, Static, InitOnly
0x04000D34	StardewValley.StartupPreferences	serializer	Public, Static
0x04000D35	StardewValley.StartupPreferences	startMuted	Public
0x04000D36	StardewValley.StartupPreferences	levelTenFishing	Public
0x04000D37	StardewValley.StartupPreferences	levelTenMining	Public
0x04000D38	StardewValley.StartupPreferences	levelTenForaging	Public
0x04000D39	StardewValley.StartupPreferences	levelTenCombat	Public
0x04000D3A	StardewValley.StartupPreferences	skipWindowPreparation	Public
0x04000D3B	StardewValley.StartupPreferences	sawAdvancedCharacterCreationIndicator	Public
0x04000D3C	StardewValley.StartupPreferences	timesPlayed	Public
0x04000D3D	StardewValley.StartupPreferences	windowMode	Public
0x04000D3E	StardewValley.StartupPreferences	displayIndex	Public
0x04000D3F	StardewValley.StartupPreferences	gamepadMode	Public
0x04000D40	StardewValley.StartupPreferences	playerLimit	Public
0x04000D41	StardewValley.StartupPreferences	fullscreenResolutionX	Public
0x04000D42	StardewValley.StartupPreferences	fullscreenResolutionY	Public
0x04000D43	StardewValley.StartupPreferences	lastEnteredIP	Public
0x04000D44	StardewValley.StartupPreferences	languageCode	Public
0x04000D45	StardewValley.StartupPreferences	clientOptions	Public
0x04000D46	StardewValley.StartupPreferences	isLoaded	Public
0x04000D47	StardewValley.StartupPreferences	_isBusy	Private
0x04000D48	StardewValley.StartupPreferences	_pendingApplyLanguage	Private
0x04000D49	StardewValley.StartupPreferences	_task	Private
0x04000D4A	StardewValley.Stats	specificMonstersKilled	Public
0x04000D4B	StardewValley.Stats	Values	Public
0x04000D4C	StardewValley.Stats	obsolete_stat_dictionary	Public
0x04000D4D	StardewValley.Stats	obsolete_averageBedtime	Public
0x04000D4E	StardewValley.Stats	obsolete_beveragesMade	Public
0x04000D4F	StardewValley.Stats	obsolete_caveCarrotsFound	Public
0x04000D50	StardewValley.Stats	obsolete_cheeseMade	Public
0x04000D51	StardewValley.Stats	obsolete_chickenEggsLayed	Public
0x04000D52	StardewValley.Stats	obsolete_copperFound	Public
0x04000D53	StardewValley.Stats	obsolete_cowMilkProduced	Public
0x04000D54	StardewValley.Stats	obsolete_cropsShipped	Public
0x04000D55	StardewValley.Stats	obsolete_daysPlayed	Public
0x04000D56	StardewValley.Stats	obsolete_diamondsFound	Public
0x04000D57	StardewValley.Stats	obsolete_dirtHoed	Public
0x04000D58	StardewValley.Stats	obsolete_duckEggsLayed	Public
0x04000D59	StardewValley.Stats	obsolete_fishCaught	Public
0x04000D5A	StardewValley.Stats	obsolete_geodesCracked	Public
0x04000D5B	StardewValley.Stats	obsolete_giftsGiven	Public
0x04000D5C	StardewValley.Stats	obsolete_goatCheeseMade	Public
0x04000D5D	StardewValley.Stats	obsolete_goatMilkProduced	Public
0x04000D5E	StardewValley.Stats	obsolete_goldFound	Public
0x04000D5F	StardewValley.Stats	obsolete_goodFriends	Public
0x04000D60	StardewValley.Stats	obsolete_individualMoneyEarned	Public
0x04000D61	StardewValley.Stats	obsolete_iridiumFound	Public
0x04000D62	StardewValley.Stats	obsolete_ironFound	Public
0x04000D63	StardewValley.Stats	obsolete_itemsCooked	Public
0x04000D64	StardewValley.Stats	obsolete_itemsCrafted	Public
0x04000D65	StardewValley.Stats	obsolete_itemsForaged	Public
0x04000D66	StardewValley.Stats	obsolete_itemsShipped	Public
0x04000D67	StardewValley.Stats	obsolete_monstersKilled	Public
0x04000D68	StardewValley.Stats	obsolete_mysticStonesCrushed	Public
0x04000D69	StardewValley.Stats	obsolete_notesFound	Public
0x04000D6A	StardewValley.Stats	obsolete_otherPreciousGemsFound	Public
0x04000D6B	StardewValley.Stats	obsolete_piecesOfTrashRecycled	Public
0x04000D6C	StardewValley.Stats	obsolete_preservesMade	Public
0x04000D6D	StardewValley.Stats	obsolete_prismaticShardsFound	Public
0x04000D6E	StardewValley.Stats	obsolete_questsCompleted	Public
0x04000D6F	StardewValley.Stats	obsolete_rabbitWoolProduced	Public
0x04000D70	StardewValley.Stats	obsolete_rocksCrushed	Public
0x04000D71	StardewValley.Stats	obsolete_sheepWoolProduced	Public
0x04000D72	StardewValley.Stats	obsolete_slimesKilled	Public
0x04000D73	StardewValley.Stats	obsolete_stepsTaken	Public
0x04000D74	StardewValley.Stats	obsolete_stoneGathered	Public
0x04000D75	StardewValley.Stats	obsolete_stumpsChopped	Public
0x04000D76	StardewValley.Stats	obsolete_timesFished	Public
0x04000D77	StardewValley.Stats	obsolete_timesUnconscious	Public
0x04000D78	StardewValley.Stats	obsolete_totalMoneyGifted	Public
0x04000D79	StardewValley.Stats	obsolete_trufflesFound	Public
0x04000D7A	StardewValley.Stats	obsolete_weedsEliminated	Public
0x04000D7B	StardewValley.Stats	obsolete_seedsSown	Public
0x04000D7C	StardewValley.StringBuilderFormatEx	MsDigits	Private, Static, InitOnly
0x04000D7D	StardewValley.StringBuilderFormatEx	MsDefaultDecimalPlaces	Private, Static, Literal, HasDefault
0x04000D7E	StardewValley.StringBuilderFormatEx	MsDefaultPadChar	Private, Static, Literal, HasDefault
0x04000D7F	StardewValley.StringBuilderFormatEx	_buffer	Private, Static
0x04000D80	StardewValley.TemporaryAnimatedSprite	FireworkType_Heart	Public, Static, Literal, HasDefault
0x04000D81	StardewValley.TemporaryAnimatedSprite	FireworkType_Star	Public, Static, Literal, HasDefault
0x04000D82	StardewValley.TemporaryAnimatedSprite	FireworkType_Junimo	Public, Static, Literal, HasDefault
0x04000D83	StardewValley.TemporaryAnimatedSprite	FireworksLifetimeMultiplier	Public, Static
0x04000D84	StardewValley.TemporaryAnimatedSprite	FireworksColors	Public, Static
0x04000D85	StardewValley.TemporaryAnimatedSprite	FireworksLights	Public, Static
0x04000D86	StardewValley.TemporaryAnimatedSprite	FireworksPoints	Public, Static
0x04000D87	StardewValley.TemporaryAnimatedSprite	timer	Public
0x04000D88	StardewValley.TemporaryAnimatedSprite	interval	Public
0x04000D89	StardewValley.TemporaryAnimatedSprite	currentParentTileIndex	Public
0x04000D8A	StardewValley.TemporaryAnimatedSprite	oldCurrentParentTileIndex	Public
0x04000D8B	StardewValley.TemporaryAnimatedSprite	initialParentTileIndex	Public
0x04000D8C	StardewValley.TemporaryAnimatedSprite	totalNumberOfLoops	Public
0x04000D8D	StardewValley.TemporaryAnimatedSprite	currentNumberOfLoops	Public
0x04000D8E	StardewValley.TemporaryAnimatedSprite	xStopCoordinate	Public
0x04000D8F	StardewValley.TemporaryAnimatedSprite	yStopCoordinate	Public
0x04000D90	StardewValley.TemporaryAnimatedSprite	animationLength	Public
0x04000D91	StardewValley.TemporaryAnimatedSprite	bombRadius	Public
0x04000D92	StardewValley.TemporaryAnimatedSprite	pingPongMotion	Public
0x04000D93	StardewValley.TemporaryAnimatedSprite	bombDamage	Public
0x04000D94	StardewValley.TemporaryAnimatedSprite	fireworkType	Public
0x04000D95	StardewValley.TemporaryAnimatedSprite	flicker	Public
0x04000D96	StardewValley.TemporaryAnimatedSprite	timeBasedMotion	Public
0x04000D97	StardewValley.TemporaryAnimatedSprite	overrideLocationDestroy	Public
0x04000D98	StardewValley.TemporaryAnimatedSprite	pingPong	Public
0x04000D99	StardewValley.TemporaryAnimatedSprite	holdLastFrame	Public
0x04000D9A	StardewValley.TemporaryAnimatedSprite	pulse	Public
0x04000D9B	StardewValley.TemporaryAnimatedSprite	extraInfoForEndBehavior	Public
0x04000D9C	StardewValley.TemporaryAnimatedSprite	lightId	Public
0x04000D9D	StardewValley.TemporaryAnimatedSprite	id	Public
0x04000D9E	StardewValley.TemporaryAnimatedSprite	bigCraftable	Public
0x04000D9F	StardewValley.TemporaryAnimatedSprite	swordswipe	Public
0x04000DA0	StardewValley.TemporaryAnimatedSprite	flash	Public
0x04000DA1	StardewValley.TemporaryAnimatedSprite	flipped	Public
0x04000DA2	StardewValley.TemporaryAnimatedSprite	verticalFlipped	Public
0x04000DA3	StardewValley.TemporaryAnimatedSprite	local	Public
0x04000DA4	StardewValley.TemporaryAnimatedSprite	hasLit	Public
0x04000DA5	StardewValley.TemporaryAnimatedSprite	xPeriodic	Public
0x04000DA6	StardewValley.TemporaryAnimatedSprite	yPeriodic	Public
0x04000DA7	StardewValley.TemporaryAnimatedSprite	destroyable	Public
0x04000DA8	StardewValley.TemporaryAnimatedSprite	paused	Public
0x04000DA9	StardewValley.TemporaryAnimatedSprite	stopAcceleratingWhenVelocityIsZero	Public
0x04000DAA	StardewValley.TemporaryAnimatedSprite	positionFollowsAttachedCharacter	Public
0x04000DAB	StardewValley.TemporaryAnimatedSprite	usePreciseTiming	Public
0x04000DAC	StardewValley.TemporaryAnimatedSprite	rotation	Public
0x04000DAD	StardewValley.TemporaryAnimatedSprite	alpha	Public
0x04000DAE	StardewValley.TemporaryAnimatedSprite	alphaFade	Public
0x04000DAF	StardewValley.TemporaryAnimatedSprite	layerDepth	Public
0x04000DB0	StardewValley.TemporaryAnimatedSprite	scale	Public
0x04000DB1	StardewValley.TemporaryAnimatedSprite	scaleChange	Public
0x04000DB2	StardewValley.TemporaryAnimatedSprite	scaleChangeChange	Public
0x04000DB3	StardewValley.TemporaryAnimatedSprite	rotationChange	Public
0x04000DB4	StardewValley.TemporaryAnimatedSprite	lightRadius	Public
0x04000DB5	StardewValley.TemporaryAnimatedSprite	xPeriodicRange	Public
0x04000DB6	StardewValley.TemporaryAnimatedSprite	yPeriodicRange	Public
0x04000DB7	StardewValley.TemporaryAnimatedSprite	xPeriodicLoopTime	Public
0x04000DB8	StardewValley.TemporaryAnimatedSprite	yPeriodicLoopTime	Public
0x04000DB9	StardewValley.TemporaryAnimatedSprite	shakeIntensityChange	Public
0x04000DBA	StardewValley.TemporaryAnimatedSprite	shakeIntensity	Public
0x04000DBB	StardewValley.TemporaryAnimatedSprite	pulseTime	Public
0x04000DBC	StardewValley.TemporaryAnimatedSprite	pulseAmount	Public
0x04000DBD	StardewValley.TemporaryAnimatedSprite	alphaFadeFade	Public
0x04000DBE	StardewValley.TemporaryAnimatedSprite	lightFade	Public
0x04000DBF	StardewValley.TemporaryAnimatedSprite	afterAccelStopMotionX	Public
0x04000DC0	StardewValley.TemporaryAnimatedSprite	afterAccelStopMotionY	Public
0x04000DC1	StardewValley.TemporaryAnimatedSprite	layerDepthOffset	Public
0x04000DC2	StardewValley.TemporaryAnimatedSprite	position	Public
0x04000DC3	StardewValley.TemporaryAnimatedSprite	sourceRectStartingPos	Public
0x04000DC4	StardewValley.TemporaryAnimatedSprite	parent	Family
0x04000DC5	StardewValley.TemporaryAnimatedSprite	textureName	Public
0x04000DC6	StardewValley.TemporaryAnimatedSprite	texture	Public
0x04000DC7	StardewValley.TemporaryAnimatedSprite	sourceRect	Public
0x04000DC8	StardewValley.TemporaryAnimatedSprite	color	Public
0x04000DC9	StardewValley.TemporaryAnimatedSprite	lightcolor	Public
0x04000DCA	StardewValley.TemporaryAnimatedSprite	owner	Public
0x04000DCB	StardewValley.TemporaryAnimatedSprite	motion	Public
0x04000DCC	StardewValley.TemporaryAnimatedSprite	acceleration	Public
0x04000DCD	StardewValley.TemporaryAnimatedSprite	accelerationChange	Public
0x04000DCE	StardewValley.TemporaryAnimatedSprite	initialPosition	Public
0x04000DCF	StardewValley.TemporaryAnimatedSprite	vectorScale	Public
0x04000DD0	StardewValley.TemporaryAnimatedSprite	delayBeforeAnimationStart	Public
0x04000DD1	StardewValley.TemporaryAnimatedSprite	ticksBeforeAnimationStart	Public
0x04000DD2	StardewValley.TemporaryAnimatedSprite	startSound	Public
0x04000DD3	StardewValley.TemporaryAnimatedSprite	endSound	Public
0x04000DD4	StardewValley.TemporaryAnimatedSprite	text	Public
0x04000DD5	StardewValley.TemporaryAnimatedSprite	endFunction	Public
0x04000DD6	StardewValley.TemporaryAnimatedSprite	reachedStopCoordinate	Public
0x04000DD7	StardewValley.TemporaryAnimatedSprite	reachedStopCoordinateSprite	Public
0x04000DD8	StardewValley.TemporaryAnimatedSprite	parentSprite	Public
0x04000DD9	StardewValley.TemporaryAnimatedSprite	attachedCharacter	Public
0x04000DDA	StardewValley.TemporaryAnimatedSprite	pulseTimer	Private
0x04000DDB	StardewValley.TemporaryAnimatedSprite	originalScale	Private
0x04000DDC	StardewValley.TemporaryAnimatedSprite	drawAboveAlwaysFront	Public
0x04000DDD	StardewValley.TemporaryAnimatedSprite	dontClearOnAreaEntry	Public
0x04000DDE	StardewValley.TemporaryAnimatedSprite	stopWatch	Private
0x04000DDF	StardewValley.TemporaryAnimatedSprite	previousStopwatchTime	Private
0x04000DE0	StardewValley.TemporaryAnimatedSprite	_pooled	Family
0x04000DE1	StardewValley.TemporaryAnimatedSprite	_pool	Public, Static
0x04000DE2	StardewValley.TemporaryAnimatedSprite	totalTimer	Private
0x04000DE3	StardewValley.TemporaryAnimatedSpriteList	AnimatedSprites	Public
0x04000DE4	StardewValley.Tool	standardStaminaReduction	Public, Static, Literal, HasDefault
0x04000DE5	StardewValley.Tool	stone	Public, Static, Literal, HasDefault
0x04000DE6	StardewValley.Tool	copper	Public, Static, Literal, HasDefault
0x04000DE7	StardewValley.Tool	steel	Public, Static, Literal, HasDefault
0x04000DE8	StardewValley.Tool	gold	Public, Static, Literal, HasDefault
0x04000DE9	StardewValley.Tool	iridium	Public, Static, Literal, HasDefault
0x04000DEA	StardewValley.Tool	hammerSpriteIndex	Public, Static, Literal, HasDefault
0x04000DEB	StardewValley.Tool	wateringCanSpriteIndex	Public, Static, Literal, HasDefault
0x04000DEC	StardewValley.Tool	fishingRodSpriteIndex	Public, Static, Literal, HasDefault
0x04000DED	StardewValley.Tool	wateringCanMenuIndex	Public, Static, Literal, HasDefault
0x04000DEE	StardewValley.Tool	weaponsTextureName	Public, Static, Literal, HasDefault
0x04000DEF	StardewValley.Tool	weaponsTexture	Public, Static
0x04000DF0	StardewValley.Tool	initialParentTileIndex	Public, InitOnly
0x04000DF1	StardewValley.Tool	currentParentTileIndex	Public, InitOnly
0x04000DF2	StardewValley.Tool	indexOfMenuItemView	Public, InitOnly
0x04000DF3	StardewValley.Tool	instantUse	Public, InitOnly
0x04000DF4	StardewValley.Tool	isEfficient	Public, InitOnly
0x04000DF5	StardewValley.Tool	animationSpeedModifier	Public, InitOnly
0x04000DF6	StardewValley.Tool	swingTicker	Public
0x04000DF7	StardewValley.Tool	_description	Private
0x04000DF8	StardewValley.Tool	upgradeLevel	Public, InitOnly
0x04000DF9	StardewValley.Tool	numAttachmentSlots	Public, InitOnly
0x04000DFA	StardewValley.Tool	lastUser	Public
0x04000DFB	StardewValley.Tool	attachments	Public, InitOnly
0x04000DFC	StardewValley.Tool	<TypeDefinitionId>k__BackingField	Private, InitOnly
0x04000DFD	StardewValley.Tool	displayName	Family
0x04000DFE	StardewValley.Tool	enchantments	Public, InitOnly
0x04000DFF	StardewValley.Tool	previousEnchantments	Public, InitOnly
0x04000E00	StardewValley.Tool	PlayUseSounds	Public
0x04000E01	StardewValley.Utility	PRISMATIC_COLORS	Public, Static
0x04000E02	StardewValley.Utility	recentlyDiscoveredMissingBasicShippedItem	Public, Static
0x04000E03	StardewValley.Utility	DirectionsTileVectors	Public, Static, InitOnly
0x04000E04	StardewValley.Utility	DirectionsTileVectorsWithDiagonals	Public, Static, InitOnly
0x04000E05	StardewValley.Utility	ScissorEnabled	Public, Static, InitOnly
0x04000E06	StardewValley.Warp	x	Private, InitOnly
0x04000E07	StardewValley.Warp	y	Private, InitOnly
0x04000E08	StardewValley.Warp	targetX	Private, InitOnly
0x04000E09	StardewValley.Warp	targetY	Private, InitOnly
0x04000E0A	StardewValley.Warp	flipFarmer	Public, InitOnly
0x04000E0B	StardewValley.Warp	targetName	Private, InitOnly
0x04000E0C	StardewValley.Warp	npcOnly	Public, InitOnly
0x04000E0D	StardewValley.Warp	<NetFields>k__BackingField	Private, InitOnly
0x04000E0E	StardewValley.WeatherDebris	pinkPetals	Public, Static, Literal, HasDefault
0x04000E0F	StardewValley.WeatherDebris	greenLeaves	Public, Static, Literal, HasDefault
0x04000E10	StardewValley.WeatherDebris	fallLeaves	Public, Static, Literal, HasDefault
0x04000E11	StardewValley.WeatherDebris	snow	Public, Static, Literal, HasDefault
0x04000E12	StardewValley.WeatherDebris	animationInterval	Public, Static, Literal, HasDefault
0x04000E13	StardewValley.WeatherDebris	gravity	Public, Static, Literal, HasDefault
0x04000E14	StardewValley.WeatherDebris	position	Public
0x04000E15	StardewValley.WeatherDebris	sourceRect	Public
0x04000E16	StardewValley.WeatherDebris	which	Public
0x04000E17	StardewValley.WeatherDebris	animationIndex	Public
0x04000E18	StardewValley.WeatherDebris	animationTimer	Public
0x04000E19	StardewValley.WeatherDebris	animationDirection	Public
0x04000E1A	StardewValley.WeatherDebris	animationIntervalOffset	Public
0x04000E1B	StardewValley.WeatherDebris	dx	Public
0x04000E1C	StardewValley.WeatherDebris	dy	Public
0x04000E1D	StardewValley.WeatherDebris	globalWind	Public, Static
0x04000E1E	StardewValley.WeatherDebris	blowing	Private
0x04000E1F	StardewValley.WorldDate	MonthsPerYear	Public, Static, Literal, HasDefault
0x04000E20	StardewValley.WorldDate	DaysPerMonth	Public, Static, Literal, HasDefault
0x04000E21	StardewValley.WorldDate	DaysPerYear	Public, Static, Literal, HasDefault
0x04000E22	StardewValley.WorldDate	year	Private, InitOnly
0x04000E23	StardewValley.WorldDate	season	Private, InitOnly
0x04000E24	StardewValley.WorldDate	dayOfMonth	Private, InitOnly
0x04000E25	StardewValley.WorldDate	<NetFields>k__BackingField	Private, InitOnly
0x04000E26	StardewValley.WorldMaps.MapArea	CachedTextures	Family
0x04000E27	StardewValley.WorldMaps.MapArea	CachedTooltips	Family
0x04000E28	StardewValley.WorldMaps.MapArea	CachedWorldPositions	Family
0x04000E29	StardewValley.WorldMaps.MapArea	CachedScrollText	Family
0x04000E2A	StardewValley.WorldMaps.MapArea	<Id>k__BackingField	Private, InitOnly
0x04000E2B	StardewValley.WorldMaps.MapArea	<Region>k__BackingField	Private, InitOnly
0x04000E2C	StardewValley.WorldMaps.MapArea	<Data>k__BackingField	Private, InitOnly
0x04000E2D	StardewValley.WorldMaps.MapAreaPosition	CachedMapPixelArea	Family
0x04000E2E	StardewValley.WorldMaps.MapAreaPosition	CachedScrollText	Family
0x04000E2F	StardewValley.WorldMaps.MapAreaPosition	IsFixedMapPosition	Family
0x04000E30	StardewValley.WorldMaps.MapAreaPosition	<Region>k__BackingField	Private, InitOnly
0x04000E31	StardewValley.WorldMaps.MapAreaPosition	<Area>k__BackingField	Private, InitOnly
0x04000E32	StardewValley.WorldMaps.MapAreaPosition	<Data>k__BackingField	Private, InitOnly
0x04000E33	StardewValley.WorldMaps.MapAreaPositionWithContext	<Data>k__BackingField	Private, InitOnly
0x04000E34	StardewValley.WorldMaps.MapAreaPositionWithContext	<Location>k__BackingField	Private, InitOnly
0x04000E35	StardewValley.WorldMaps.MapAreaPositionWithContext	<Tile>k__BackingField	Private, InitOnly
0x04000E36	StardewValley.WorldMaps.MapAreaTexture	<Texture>k__BackingField	Private, InitOnly
0x04000E37	StardewValley.WorldMaps.MapAreaTexture	<SourceRect>k__BackingField	Private, InitOnly
0x04000E38	StardewValley.WorldMaps.MapAreaTexture	<MapPixelArea>k__BackingField	Private, InitOnly
0x04000E39	StardewValley.WorldMaps.MapAreaTooltip	CachedPixelArea	Family
0x04000E3A	StardewValley.WorldMaps.MapAreaTooltip	<Area>k__BackingField	Private, InitOnly
0x04000E3B	StardewValley.WorldMaps.MapAreaTooltip	<Data>k__BackingField	Private, InitOnly
0x04000E3C	StardewValley.WorldMaps.MapAreaTooltip	<Text>k__BackingField	Private, InitOnly
0x04000E3D	StardewValley.WorldMaps.MapAreaTooltip	<NamespacedId>k__BackingField	Private, InitOnly
0x04000E3E	StardewValley.WorldMaps.MapRegion	CachedPixelBounds	Family
0x04000E3F	StardewValley.WorldMaps.MapRegion	CachedMapAreas	Family
0x04000E40	StardewValley.WorldMaps.MapRegion	CachedBaseTexture	Family
0x04000E41	StardewValley.WorldMaps.MapRegion	<Id>k__BackingField	Private, InitOnly
0x04000E42	StardewValley.WorldMaps.MapRegion	<Data>k__BackingField	Private, InitOnly
0x04000E43	StardewValley.WorldMaps.WorldMapManager	NextClearCacheTick	Private, Static
0x04000E44	StardewValley.WorldMaps.WorldMapManager	MaxCacheTicks	Private, Static
0x04000E45	StardewValley.WorldMaps.WorldMapManager	Regions	Private, Static, InitOnly
0x04000E46	StardewValley.Util.BoundingBoxGroup	rectangles	Private
0x04000E47	StardewValley.Util.SaveablePair`2	key	Public
0x04000E48	StardewValley.Util.SaveablePair`2	value	Public
0x04000E49	StardewValley.Util.EventTest	currentEventIndex	Private
0x04000E4A	StardewValley.Util.EventTest	currentLocationIndex	Private
0x04000E4B	StardewValley.Util.EventTest	aButtonTimer	Private
0x04000E4C	StardewValley.Util.EventTest	specificEventsToDo	Private
0x04000E4D	StardewValley.Util.EventTest	doingSpecifics	Private
0x04000E4E	StardewValley.Util.ToolSpamInputSimulator	pressedLastFrame	Private
0x04000E4F	StardewValley.Util.LeftRightClickSpamInputSimulator	leftClickThisFrame	Private
0x04000E50	StardewValley.Util.ProfanityFilter	_words	Private, InitOnly
0x04000E51	StardewValley.Util.ProfanityFilter	_cleanup	Private, InitOnly
0x04000E52	StardewValley.Util.StackTraceHelper	_StackTrace	Private
0x04000E53	StardewValley.Util.SynchronizedShopStock	stockDictionary	Private, InitOnly
0x04000E54	StardewValley.Util.SynchronizedShopStock	<NetFields>k__BackingField	Private, InitOnly
0x04000E55	StardewValley.Util.SynchronizedShopStock	_usedKeys	Family, Static
0x04000E56	StardewValley.Util.SynchronizedShopStock	_stockSalables	Family, Static
0x04000E57	StardewValley.Triggers.CachedAction	<Args>k__BackingField	Private, InitOnly
0x04000E58	StardewValley.Triggers.CachedAction	<Handler>k__BackingField	Private, InitOnly
0x04000E59	StardewValley.Triggers.CachedAction	<Error>k__BackingField	Private, InitOnly
0x04000E5A	StardewValley.Triggers.CachedAction	<IsNullHandler>k__BackingField	Private, InitOnly
0x04000E5B	StardewValley.Triggers.CachedTriggerAction	<Data>k__BackingField	Private, InitOnly
0x04000E5C	StardewValley.Triggers.CachedTriggerAction	<Actions>k__BackingField	Private, InitOnly
0x04000E5D	StardewValley.Triggers.CachedTriggerAction	<ActionStrings>k__BackingField	Private, InitOnly
0x04000E5E	StardewValley.Triggers.TriggerActionManager	trigger_dayEnding	Public, Static, Literal, HasDefault
0x04000E5F	StardewValley.Triggers.TriggerActionManager	trigger_dayStarted	Public, Static, Literal, HasDefault
0x04000E60	StardewValley.Triggers.TriggerActionManager	trigger_locationChanged	Public, Static, Literal, HasDefault
0x04000E61	StardewValley.Triggers.TriggerActionManager	trigger_manual	Public, Static, Literal, HasDefault
0x04000E62	StardewValley.Triggers.TriggerActionManager	ValidTriggerTypes	Private, Static, InitOnly
0x04000E63	StardewValley.Triggers.TriggerActionManager	ActionHandlers	Private, Static, InitOnly
0x04000E64	StardewValley.Triggers.TriggerActionManager	ActionsByTrigger	Private, Static, InitOnly
0x04000E65	StardewValley.Triggers.TriggerActionManager	ActionCache	Private, Static, InitOnly
0x04000E66	StardewValley.Triggers.TriggerActionManager	NullAction	Private, Static, InitOnly
0x04000E67	StardewValley.Triggers.TriggerActionManager	EmptyManualContext	Private, Static, InitOnly
0x04000E68	StardewValley.Tools.Axe	additionalPower	Public
0x04000E69	StardewValley.Tools.FishingRod	BaitIndex	Public, Static, Literal, HasDefault
0x04000E6A	StardewValley.Tools.FishingRod	TackleIndex	Public, Static, Literal, HasDefault
0x04000E6B	StardewValley.Tools.FishingRod	sizeOfLandCheckRectangle	Public, Static, Literal, HasDefault
0x04000E6C	StardewValley.Tools.FishingRod	NUM_BOBBER_STYLES	Public, Static
0x04000E6D	StardewValley.Tools.FishingRod	bobber	Public, InitOnly
0x04000E6E	StardewValley.Tools.FishingRod	castDirection	Private, InitOnly
0x04000E6F	StardewValley.Tools.FishingRod	minFishingBiteTime	Public, Static
0x04000E70	StardewValley.Tools.FishingRod	maxFishingBiteTime	Public, Static
0x04000E71	StardewValley.Tools.FishingRod	maxTimeToNibble	Public, Static
0x04000E72	StardewValley.Tools.FishingRod	maxTackleUses	Public, Static
0x04000E73	StardewValley.Tools.FishingRod	whichTackleSlotToReplace	Private
0x04000E74	StardewValley.Tools.FishingRod	_lastAppliedMotion	Family
0x04000E75	StardewValley.Tools.FishingRod	_totalMotionBuffer	Family
0x04000E76	StardewValley.Tools.FishingRod	_totalMotionBufferIndex	Family
0x04000E77	StardewValley.Tools.FishingRod	_totalMotion	Family
0x04000E78	StardewValley.Tools.FishingRod	baseChanceForTreasure	Public, Static
0x04000E79	StardewValley.Tools.FishingRod	bobberBob	Public
0x04000E7A	StardewValley.Tools.FishingRod	bobberTimeAccumulator	Public
0x04000E7B	StardewValley.Tools.FishingRod	timePerBobberBob	Public
0x04000E7C	StardewValley.Tools.FishingRod	timeUntilFishingBite	Public
0x04000E7D	StardewValley.Tools.FishingRod	fishingBiteAccumulator	Public
0x04000E7E	StardewValley.Tools.FishingRod	fishingNibbleAccumulator	Public
0x04000E7F	StardewValley.Tools.FishingRod	timeUntilFishingNibbleDone	Public
0x04000E80	StardewValley.Tools.FishingRod	castingPower	Public
0x04000E81	StardewValley.Tools.FishingRod	castingChosenCountdown	Public
0x04000E82	StardewValley.Tools.FishingRod	castingTimerSpeed	Public
0x04000E83	StardewValley.Tools.FishingRod	isFishing	Public
0x04000E84	StardewValley.Tools.FishingRod	hit	Public
0x04000E85	StardewValley.Tools.FishingRod	isNibbling	Public
0x04000E86	StardewValley.Tools.FishingRod	favBait	Public
0x04000E87	StardewValley.Tools.FishingRod	isTimingCast	Public
0x04000E88	StardewValley.Tools.FishingRod	isCasting	Public
0x04000E89	StardewValley.Tools.FishingRod	castedButBobberStillInAir	Public
0x04000E8A	StardewValley.Tools.FishingRod	gotTroutDerbyTag	Public
0x04000E8B	StardewValley.Tools.FishingRod	lastWaterColor	Family
0x04000E8C	StardewValley.Tools.FishingRod	_hasPlayerAdjustedBobber	Family
0x04000E8D	StardewValley.Tools.FishingRod	lastCatchWasJunk	Public
0x04000E8E	StardewValley.Tools.FishingRod	goldenTreasure	Public
0x04000E8F	StardewValley.Tools.FishingRod	doneWithAnimation	Public
0x04000E90	StardewValley.Tools.FishingRod	pullingOutOfWater	Public
0x04000E91	StardewValley.Tools.FishingRod	isReeling	Public
0x04000E92	StardewValley.Tools.FishingRod	hasDoneFucntionYet	Public
0x04000E93	StardewValley.Tools.FishingRod	fishCaught	Public
0x04000E94	StardewValley.Tools.FishingRod	recordSize	Public
0x04000E95	StardewValley.Tools.FishingRod	treasureCaught	Public
0x04000E96	StardewValley.Tools.FishingRod	showingTreasure	Public
0x04000E97	StardewValley.Tools.FishingRod	hadBobber	Public
0x04000E98	StardewValley.Tools.FishingRod	bossFish	Public
0x04000E99	StardewValley.Tools.FishingRod	fromFishPond	Public
0x04000E9A	StardewValley.Tools.FishingRod	animations	Public
0x04000E9B	StardewValley.Tools.FishingRod	sparklingText	Public
0x04000E9C	StardewValley.Tools.FishingRod	fishSize	Public
0x04000E9D	StardewValley.Tools.FishingRod	fishQuality	Public
0x04000E9E	StardewValley.Tools.FishingRod	clearWaterDistance	Public
0x04000E9F	StardewValley.Tools.FishingRod	originalFacingDirection	Public
0x04000EA0	StardewValley.Tools.FishingRod	numberOfFishCaught	Public
0x04000EA1	StardewValley.Tools.FishingRod	whichFish	Public
0x04000EA2	StardewValley.Tools.FishingRod	setFlagOnCatch	Public
0x04000EA3	StardewValley.Tools.FishingRod	recastTimerMs	Public
0x04000EA4	StardewValley.Tools.FishingRod	RECAST_DELAY_MS	Family, Static, Literal, HasDefault
0x04000EA5	StardewValley.Tools.FishingRod	pullFishFromWaterEvent	Private, InitOnly
0x04000EA6	StardewValley.Tools.FishingRod	doneFishingEvent	Private, InitOnly
0x04000EA7	StardewValley.Tools.FishingRod	startCastingEvent	Private, InitOnly
0x04000EA8	StardewValley.Tools.FishingRod	castingEndEnableMovementEvent	Private, InitOnly
0x04000EA9	StardewValley.Tools.FishingRod	putAwayEvent	Private, InitOnly
0x04000EAA	StardewValley.Tools.FishingRod	beginReelingEvent	Private, InitOnly
0x04000EAB	StardewValley.Tools.FishingRod	chargeSound	Public, Static
0x04000EAC	StardewValley.Tools.FishingRod	reelSound	Public, Static
0x04000EAD	StardewValley.Tools.FishingRod	randomBobberStyle	Private
0x04000EAE	StardewValley.Tools.FishingRod	usedGamePadToCast	Private
0x04000EAF	StardewValley.Tools.Lantern	baseRadius	Public, Static, Literal, HasDefault
0x04000EB0	StardewValley.Tools.Lantern	millisecondsPerFuelUnit	Public, Static, Literal, HasDefault
0x04000EB1	StardewValley.Tools.Lantern	maxFuel	Public, Static, Literal, HasDefault
0x04000EB2	StardewValley.Tools.Lantern	fuelLeft	Public
0x04000EB3	StardewValley.Tools.Lantern	fuelTimer	Private
0x04000EB4	StardewValley.Tools.Lantern	on	Public
0x04000EB5	StardewValley.Tools.Lantern	lightSourceId	Public
0x04000EB6	StardewValley.Tools.MeleeWeapon	defenseCooldownTime	Public, Static, Literal, HasDefault
0x04000EB7	StardewValley.Tools.MeleeWeapon	daggerCooldownTime	Public, Static, Literal, HasDefault
0x04000EB8	StardewValley.Tools.MeleeWeapon	clubCooldownTime	Public, Static, Literal, HasDefault
0x04000EB9	StardewValley.Tools.MeleeWeapon	millisecondsPerSpeedPoint	Public, Static, Literal, HasDefault
0x04000EBA	StardewValley.Tools.MeleeWeapon	defaultSpeed	Public, Static, Literal, HasDefault
0x04000EBB	StardewValley.Tools.MeleeWeapon	stabbingSword	Public, Static, Literal, HasDefault
0x04000EBC	StardewValley.Tools.MeleeWeapon	dagger	Public, Static, Literal, HasDefault
0x04000EBD	StardewValley.Tools.MeleeWeapon	club	Public, Static, Literal, HasDefault
0x04000EBE	StardewValley.Tools.MeleeWeapon	defenseSword	Public, Static, Literal, HasDefault
0x04000EBF	StardewValley.Tools.MeleeWeapon	baseClubSpeed	Public, Static, Literal, HasDefault
0x04000EC0	StardewValley.Tools.MeleeWeapon	scytheId	Public, Static, Literal, HasDefault
0x04000EC1	StardewValley.Tools.MeleeWeapon	goldenScytheId	Public, Static, Literal, HasDefault
0x04000EC2	StardewValley.Tools.MeleeWeapon	iridiumScytheID	Public, Static, Literal, HasDefault
0x04000EC3	StardewValley.Tools.MeleeWeapon	galaxySwordId	Public, Static, Literal, HasDefault
0x04000EC4	StardewValley.Tools.MeleeWeapon	MAX_FORGES	Public, Static, Literal, HasDefault
0x04000EC5	StardewValley.Tools.MeleeWeapon	type	Public, InitOnly
0x04000EC6	StardewValley.Tools.MeleeWeapon	minDamage	Public, InitOnly
0x04000EC7	StardewValley.Tools.MeleeWeapon	maxDamage	Public, InitOnly
0x04000EC8	StardewValley.Tools.MeleeWeapon	speed	Public, InitOnly
0x04000EC9	StardewValley.Tools.MeleeWeapon	addedPrecision	Public, InitOnly
0x04000ECA	StardewValley.Tools.MeleeWeapon	addedDefense	Public, InitOnly
0x04000ECB	StardewValley.Tools.MeleeWeapon	addedAreaOfEffect	Public, InitOnly
0x04000ECC	StardewValley.Tools.MeleeWeapon	knockback	Public, InitOnly
0x04000ECD	StardewValley.Tools.MeleeWeapon	critChance	Public, InitOnly
0x04000ECE	StardewValley.Tools.MeleeWeapon	critMultiplier	Public, InitOnly
0x04000ECF	StardewValley.Tools.MeleeWeapon	appearance	Public, InitOnly
0x04000ED0	StardewValley.Tools.MeleeWeapon	isOnSpecial	Public
0x04000ED1	StardewValley.Tools.MeleeWeapon	defenseCooldown	Public, Static
0x04000ED2	StardewValley.Tools.MeleeWeapon	attackSwordCooldown	Public, Static
0x04000ED3	StardewValley.Tools.MeleeWeapon	daggerCooldown	Public, Static
0x04000ED4	StardewValley.Tools.MeleeWeapon	clubCooldown	Public, Static
0x04000ED5	StardewValley.Tools.MeleeWeapon	daggerHitsLeft	Public, Static
0x04000ED6	StardewValley.Tools.MeleeWeapon	timedHitTimer	Public, Static
0x04000ED7	StardewValley.Tools.MeleeWeapon	addedSwordScale	Private, Static
0x04000ED8	StardewValley.Tools.MeleeWeapon	addedClubScale	Private, Static
0x04000ED9	StardewValley.Tools.MeleeWeapon	addedDaggerScale	Private, Static
0x04000EDA	StardewValley.Tools.MeleeWeapon	swipeSpeed	Private
0x04000EDB	StardewValley.Tools.MeleeWeapon	mostRecentArea	Public
0x04000EDC	StardewValley.Tools.MeleeWeapon	animateSpecialMoveEvent	Private, InitOnly
0x04000EDD	StardewValley.Tools.MeleeWeapon	defenseSwordEvent	Private, InitOnly
0x04000EDE	StardewValley.Tools.MeleeWeapon	daggerEvent	Private, InitOnly
0x04000EDF	StardewValley.Tools.MeleeWeapon	cachedData	Private
0x04000EE0	StardewValley.Tools.MeleeWeapon	<TypeDefinitionId>k__BackingField	Private, InitOnly
0x04000EE1	StardewValley.Tools.MeleeWeapon	anotherClick	Private
0x04000EE2	StardewValley.Tools.MeleeWeapon	center	Private, Static
0x04000EE3	StardewValley.Tools.MilkPail	finishEvent	Private, InitOnly
0x04000EE4	StardewValley.Tools.MilkPail	animal	Public
0x04000EE5	StardewValley.Tools.Pan	finishEvent	Private, InitOnly
0x04000EE6	StardewValley.Tools.Pickaxe	hitMargin	Public, Static, Literal, HasDefault
0x04000EE7	StardewValley.Tools.Pickaxe	BoulderStrength	Public, Static, Literal, HasDefault
0x04000EE8	StardewValley.Tools.Pickaxe	boulderTileX	Private
0x04000EE9	StardewValley.Tools.Pickaxe	boulderTileY	Private
0x04000EEA	StardewValley.Tools.Pickaxe	hitsToBoulder	Private
0x04000EEB	StardewValley.Tools.Pickaxe	additionalPower	Public
0x04000EEC	StardewValley.Tools.Shears	finishEvent	Private, InitOnly
0x04000EED	StardewValley.Tools.Shears	animal	Public
0x04000EEE	StardewValley.Tools.Slingshot	basicDamage	Public, Static, Literal, HasDefault
0x04000EEF	StardewValley.Tools.Slingshot	basicSlingshotId	Public, Static, Literal, HasDefault
0x04000EF0	StardewValley.Tools.Slingshot	masterSlingshotId	Public, Static, Literal, HasDefault
0x04000EF1	StardewValley.Tools.Slingshot	galaxySlingshotId	Public, Static, Literal, HasDefault
0x04000EF2	StardewValley.Tools.Slingshot	drawBackSoundThreshold	Public, Static, Literal, HasDefault
0x04000EF3	StardewValley.Tools.Slingshot	lastClickX	Public
0x04000EF4	StardewValley.Tools.Slingshot	lastClickY	Public
0x04000EF5	StardewValley.Tools.Slingshot	mouseDragAmount	Public
0x04000EF6	StardewValley.Tools.Slingshot	pullStartTime	Public
0x04000EF7	StardewValley.Tools.Slingshot	nextAutoFire	Public
0x04000EF8	StardewValley.Tools.Slingshot	canPlaySound	Public
0x04000EF9	StardewValley.Tools.Slingshot	finishEvent	Private, InitOnly
0x04000EFA	StardewValley.Tools.Slingshot	aimPos	Public, InitOnly
0x04000EFB	StardewValley.Tools.Slingshot	<TypeDefinitionId>k__BackingField	Private, InitOnly
0x04000EFC	StardewValley.Tools.WateringCan	isBottomless	Public, InitOnly
0x04000EFD	StardewValley.Tools.WateringCan	_emptyCanPlayed	Family
0x04000EFE	StardewValley.Tools.WateringCan	waterCanMax	Public
0x04000EFF	StardewValley.Tools.WateringCan	waterLeft	Private, InitOnly
0x04000F00	StardewValley.TokenizableStrings.TokenParser	Parsers	Private, Static, InitOnly
0x04000F01	StardewValley.TokenizableStrings.TokenParser	EscapedSpace	Private, Static, Literal, HasDefault
0x04000F02	StardewValley.TokenizableStrings.TokenParser	EscapedEmpty	Private, Static, Literal, HasDefault
0x04000F03	StardewValley.TokenizableStrings.TokenParser	EscapedEmptyStr	Private, Static, InitOnly
0x04000F04	StardewValley.TokenizableStrings.TokenParser	StartTokenChar	Assembly, Static, Literal, HasDefault
0x04000F05	StardewValley.TokenizableStrings.TokenParser	EndTokenChar	Assembly, Static, Literal, HasDefault
0x04000F06	StardewValley.TokenizableStrings.TokenParser	HeuristicCharactersForEscapableStrings	Assembly, Static, InitOnly
0x04000F07	StardewValley.Tests.SyntaxAbstractor	TextMarker	Public, Static, Literal, HasDefault
0x04000F08	StardewValley.Tests.SyntaxAbstractor	SyntaxHandlers	Public, InitOnly
0x04000F09	StardewValley.Tests.TranslationValidator	Abstractor	Private, InitOnly
0x04000F0A	StardewValley.Tests.TranslationValidatorIssue	value__	Public, SpecialName, RTSpecialName
0x04000F0B	StardewValley.Tests.TranslationValidatorIssue	MissingKey	Public, Static, Literal, HasDefault
0x04000F0C	StardewValley.Tests.TranslationValidatorIssue	UnknownKey	Public, Static, Literal, HasDefault
0x04000F0D	StardewValley.Tests.TranslationValidatorIssue	SyntaxMismatch	Public, Static, Literal, HasDefault
0x04000F0E	StardewValley.Tests.TranslationValidatorIssue	MalformedSyntax	Public, Static, Literal, HasDefault
0x04000F0F	StardewValley.Tests.TranslationValidatorResult	<Issue>k__BackingField	Private, InitOnly
0x04000F10	StardewValley.Tests.TranslationValidatorResult	<Key>k__BackingField	Private, InitOnly
0x04000F11	StardewValley.Tests.TranslationValidatorResult	<BaseSyntax>k__BackingField	Private, InitOnly
0x04000F12	StardewValley.Tests.TranslationValidatorResult	<BaseText>k__BackingField	Private, InitOnly
0x04000F13	StardewValley.Tests.TranslationValidatorResult	<TranslationSyntax>k__BackingField	Private, InitOnly
0x04000F14	StardewValley.Tests.TranslationValidatorResult	<TranslationText>k__BackingField	Private, InitOnly
0x04000F15	StardewValley.Tests.TranslationValidatorResult	<SuggestedError>k__BackingField	Private, InitOnly
0x04000F16	StardewValley.TerrainFeatures.Bush	shakeRate	Public, Static, Literal, HasDefault
0x04000F17	StardewValley.TerrainFeatures.Bush	shakeDecayRate	Public, Static, Literal, HasDefault
0x04000F18	StardewValley.TerrainFeatures.Bush	smallBush	Public, Static, Literal, HasDefault
0x04000F19	StardewValley.TerrainFeatures.Bush	mediumBush	Public, Static, Literal, HasDefault
0x04000F1A	StardewValley.TerrainFeatures.Bush	largeBush	Public, Static, Literal, HasDefault
0x04000F1B	StardewValley.TerrainFeatures.Bush	greenTeaBush	Public, Static, Literal, HasDefault
0x04000F1C	StardewValley.TerrainFeatures.Bush	walnutBush	Public, Static, Literal, HasDefault
0x04000F1D	StardewValley.TerrainFeatures.Bush	daysToMatureGreenTeaBush	Public, Static, Literal, HasDefault
0x04000F1E	StardewValley.TerrainFeatures.Bush	size	Public, InitOnly
0x04000F1F	StardewValley.TerrainFeatures.Bush	datePlanted	Public, InitOnly
0x04000F20	StardewValley.TerrainFeatures.Bush	tileSheetOffset	Public, InitOnly
0x04000F21	StardewValley.TerrainFeatures.Bush	health	Public
0x04000F22	StardewValley.TerrainFeatures.Bush	flipped	Public, InitOnly
0x04000F23	StardewValley.TerrainFeatures.Bush	townBush	Public, InitOnly
0x04000F24	StardewValley.TerrainFeatures.Bush	inPot	Public, InitOnly
0x04000F25	StardewValley.TerrainFeatures.Bush	drawShadow	Public, InitOnly
0x04000F26	StardewValley.TerrainFeatures.Bush	shakeLeft	Private
0x04000F27	StardewValley.TerrainFeatures.Bush	shakeRotation	Private
0x04000F28	StardewValley.TerrainFeatures.Bush	maxShake	Private
0x04000F29	StardewValley.TerrainFeatures.Bush	shakeTimer	Public
0x04000F2A	StardewValley.TerrainFeatures.Bush	sourceRect	Public, InitOnly
0x04000F2B	StardewValley.TerrainFeatures.Bush	uniqueSpawnMutex	Public
0x04000F2C	StardewValley.TerrainFeatures.Bush	texture	Public, Static
0x04000F2D	StardewValley.TerrainFeatures.Bush	shadowSourceRect	Public, Static
0x04000F2E	StardewValley.TerrainFeatures.Bush	yDrawOffset	Private
0x04000F2F	StardewValley.TerrainFeatures.CosmeticPlant	flipped	Public, InitOnly
0x04000F30	StardewValley.TerrainFeatures.CosmeticPlant	xOffset	Private, InitOnly
0x04000F31	StardewValley.TerrainFeatures.CosmeticPlant	yOffset	Private, InitOnly
0x04000F32	StardewValley.TerrainFeatures.Flooring	N	Public, Static, Literal, HasDefault
0x04000F33	StardewValley.TerrainFeatures.Flooring	E	Public, Static, Literal, HasDefault
0x04000F34	StardewValley.TerrainFeatures.Flooring	S	Public, Static, Literal, HasDefault
0x04000F35	StardewValley.TerrainFeatures.Flooring	W	Public, Static, Literal, HasDefault
0x04000F36	StardewValley.TerrainFeatures.Flooring	NE	Public, Static, Literal, HasDefault
0x04000F37	StardewValley.TerrainFeatures.Flooring	NW	Public, Static, Literal, HasDefault
0x04000F38	StardewValley.TerrainFeatures.Flooring	SE	Public, Static, Literal, HasDefault
0x04000F39	StardewValley.TerrainFeatures.Flooring	SW	Public, Static, Literal, HasDefault
0x04000F3A	StardewValley.TerrainFeatures.Flooring	Cardinals	Public, Static, Literal, HasDefault
0x04000F3B	StardewValley.TerrainFeatures.Flooring	N_Offset	Public, Static, InitOnly
0x04000F3C	StardewValley.TerrainFeatures.Flooring	E_Offset	Public, Static, InitOnly
0x04000F3D	StardewValley.TerrainFeatures.Flooring	S_Offset	Public, Static, InitOnly
0x04000F3E	StardewValley.TerrainFeatures.Flooring	W_Offset	Public, Static, InitOnly
0x04000F3F	StardewValley.TerrainFeatures.Flooring	NE_Offset	Public, Static, InitOnly
0x04000F40	StardewValley.TerrainFeatures.Flooring	NW_Offset	Public, Static, InitOnly
0x04000F41	StardewValley.TerrainFeatures.Flooring	SE_Offset	Public, Static, InitOnly
0x04000F42	StardewValley.TerrainFeatures.Flooring	SW_Offset	Public, Static, InitOnly
0x04000F43	StardewValley.TerrainFeatures.Flooring	wood	Public, Static, Literal, HasDefault
0x04000F44	StardewValley.TerrainFeatures.Flooring	stone	Public, Static, Literal, HasDefault
0x04000F45	StardewValley.TerrainFeatures.Flooring	ghost	Public, Static, Literal, HasDefault
0x04000F46	StardewValley.TerrainFeatures.Flooring	iceTile	Public, Static, Literal, HasDefault
0x04000F47	StardewValley.TerrainFeatures.Flooring	straw	Public, Static, Literal, HasDefault
0x04000F48	StardewValley.TerrainFeatures.Flooring	gravel	Public, Static, Literal, HasDefault
0x04000F49	StardewValley.TerrainFeatures.Flooring	boardwalk	Public, Static, Literal, HasDefault
0x04000F4A	StardewValley.TerrainFeatures.Flooring	colored_cobblestone	Public, Static, Literal, HasDefault
0x04000F4B	StardewValley.TerrainFeatures.Flooring	cobblestone	Public, Static, Literal, HasDefault
0x04000F4C	StardewValley.TerrainFeatures.Flooring	steppingStone	Public, Static, Literal, HasDefault
0x04000F4D	StardewValley.TerrainFeatures.Flooring	brick	Public, Static, Literal, HasDefault
0x04000F4E	StardewValley.TerrainFeatures.Flooring	plankFlooring	Public, Static, Literal, HasDefault
0x04000F4F	StardewValley.TerrainFeatures.Flooring	townFlooring	Public, Static, Literal, HasDefault
0x04000F50	StardewValley.TerrainFeatures.Flooring	floorTexture	Public
0x04000F51	StardewValley.TerrainFeatures.Flooring	floorTextureWinter	Public
0x04000F52	StardewValley.TerrainFeatures.Flooring	drawGuide	Public, Static
0x04000F53	StardewValley.TerrainFeatures.Flooring	drawGuideList	Public, Static
0x04000F54	StardewValley.TerrainFeatures.Flooring	whichFloor	Public, InitOnly
0x04000F55	StardewValley.TerrainFeatures.Flooring	whichView	Public, InitOnly
0x04000F56	StardewValley.TerrainFeatures.Flooring	neighborMask	Private
0x04000F57	StardewValley.TerrainFeatures.Flooring	_FloorPathItemLookup	Family, Static
0x04000F58	StardewValley.TerrainFeatures.Flooring	_offsets	Private, Static, InitOnly
0x04000F59	StardewValley.TerrainFeatures.Flooring	_neighbors	Private
0x04000F5A	StardewValley.TerrainFeatures.FruitTree	DefaultTextureName	Public, Static, Literal, HasDefault
0x04000F5B	StardewValley.TerrainFeatures.FruitTree	shakeRate	Public, Static, Literal, HasDefault
0x04000F5C	StardewValley.TerrainFeatures.FruitTree	shakeDecayRate	Public, Static, Literal, HasDefault
0x04000F5D	StardewValley.TerrainFeatures.FruitTree	minWoodDebrisForFallenTree	Public, Static, Literal, HasDefault
0x04000F5E	StardewValley.TerrainFeatures.FruitTree	minWoodDebrisForStump	Public, Static, Literal, HasDefault
0x04000F5F	StardewValley.TerrainFeatures.FruitTree	startingHealth	Public, Static, Literal, HasDefault
0x04000F60	StardewValley.TerrainFeatures.FruitTree	leafFallRate	Public, Static, Literal, HasDefault
0x04000F61	StardewValley.TerrainFeatures.FruitTree	DaysUntilMaturity	Public, Static, Literal, HasDefault
0x04000F62	StardewValley.TerrainFeatures.FruitTree	maxFruitsOnTrees	Public, Static, Literal, HasDefault
0x04000F63	StardewValley.TerrainFeatures.FruitTree	seedStage	Public, Static, Literal, HasDefault
0x04000F64	StardewValley.TerrainFeatures.FruitTree	sproutStage	Public, Static, Literal, HasDefault
0x04000F65	StardewValley.TerrainFeatures.FruitTree	saplingStage	Public, Static, Literal, HasDefault
0x04000F66	StardewValley.TerrainFeatures.FruitTree	bushStage	Public, Static, Literal, HasDefault
0x04000F67	StardewValley.TerrainFeatures.FruitTree	treeStage	Public, Static, Literal, HasDefault
0x04000F68	StardewValley.TerrainFeatures.FruitTree	<textureName>k__BackingField	Private
0x04000F69	StardewValley.TerrainFeatures.FruitTree	texture	Public
0x04000F6A	StardewValley.TerrainFeatures.FruitTree	growthStage	Public, InitOnly
0x04000F6B	StardewValley.TerrainFeatures.FruitTree	obsolete_treeType	Public
0x04000F6C	StardewValley.TerrainFeatures.FruitTree	treeId	Public, InitOnly
0x04000F6D	StardewValley.TerrainFeatures.FruitTree	daysUntilMature	Public, InitOnly
0x04000F6E	StardewValley.TerrainFeatures.FruitTree	obsolete_fruitsOnTree	Public
0x04000F6F	StardewValley.TerrainFeatures.FruitTree	fruit	Public, InitOnly
0x04000F70	StardewValley.TerrainFeatures.FruitTree	struckByLightningCountdown	Public, InitOnly
0x04000F71	StardewValley.TerrainFeatures.FruitTree	health	Public, InitOnly
0x04000F72	StardewValley.TerrainFeatures.FruitTree	flipped	Public, InitOnly
0x04000F73	StardewValley.TerrainFeatures.FruitTree	stump	Public, InitOnly
0x04000F74	StardewValley.TerrainFeatures.FruitTree	greenHouseTileTree	Public, InitOnly
0x04000F75	StardewValley.TerrainFeatures.FruitTree	shakeLeft	Public, InitOnly
0x04000F76	StardewValley.TerrainFeatures.FruitTree	falling	Public, InitOnly
0x04000F77	StardewValley.TerrainFeatures.FruitTree	destroy	Public
0x04000F78	StardewValley.TerrainFeatures.FruitTree	shakeRotation	Public
0x04000F79	StardewValley.TerrainFeatures.FruitTree	maxShake	Public
0x04000F7A	StardewValley.TerrainFeatures.FruitTree	alpha	Public
0x04000F7B	StardewValley.TerrainFeatures.FruitTree	leaves	Private
0x04000F7C	StardewValley.TerrainFeatures.FruitTree	lastPlayerToHit	Public, InitOnly
0x04000F7D	StardewValley.TerrainFeatures.FruitTree	shakeTimer	Public
0x04000F7E	StardewValley.TerrainFeatures.FruitTree	growthRate	Public, InitOnly
0x04000F7F	StardewValley.TerrainFeatures.GiantCrop	CacheByCropId	Private, Static, InitOnly
0x04000F80	StardewValley.TerrainFeatures.GiantCrop	CacheTick	Private, Static
0x04000F81	StardewValley.TerrainFeatures.GiantCrop	netId	Public, InitOnly
0x04000F82	StardewValley.TerrainFeatures.Grass	defaultShakeRate	Public, Static, Literal, HasDefault
0x04000F83	StardewValley.TerrainFeatures.Grass	maximumShake	Public, Static, Literal, HasDefault
0x04000F84	StardewValley.TerrainFeatures.Grass	shakeDecayRate	Public, Static, Literal, HasDefault
0x04000F85	StardewValley.TerrainFeatures.Grass	springGrass	Public, Static, Literal, HasDefault
0x04000F86	StardewValley.TerrainFeatures.Grass	caveGrass	Public, Static, Literal, HasDefault
0x04000F87	StardewValley.TerrainFeatures.Grass	frostGrass	Public, Static, Literal, HasDefault
0x04000F88	StardewValley.TerrainFeatures.Grass	lavaGrass	Public, Static, Literal, HasDefault
0x04000F89	StardewValley.TerrainFeatures.Grass	caveGrass2	Public, Static, Literal, HasDefault
0x04000F8A	StardewValley.TerrainFeatures.Grass	cobweb	Public, Static, Literal, HasDefault
0x04000F8B	StardewValley.TerrainFeatures.Grass	blueGrass	Public, Static, Literal, HasDefault
0x04000F8C	StardewValley.TerrainFeatures.Grass	grassSound	Public, Static
0x04000F8D	StardewValley.TerrainFeatures.Grass	grassType	Public, InitOnly
0x04000F8E	StardewValley.TerrainFeatures.Grass	shakeLeft	Private
0x04000F8F	StardewValley.TerrainFeatures.Grass	shakeRotation	Family
0x04000F90	StardewValley.TerrainFeatures.Grass	maxShake	Family
0x04000F91	StardewValley.TerrainFeatures.Grass	shakeRate	Family
0x04000F92	StardewValley.TerrainFeatures.Grass	numberOfWeeds	Public, InitOnly
0x04000F93	StardewValley.TerrainFeatures.Grass	grassSourceOffset	Public, InitOnly
0x04000F94	StardewValley.TerrainFeatures.Grass	grassBladeHealth	Private
0x04000F95	StardewValley.TerrainFeatures.Grass	texture	Public
0x04000F96	StardewValley.TerrainFeatures.Grass	whichWeed	Private
0x04000F97	StardewValley.TerrainFeatures.Grass	offset1	Private
0x04000F98	StardewValley.TerrainFeatures.Grass	offset2	Private
0x04000F99	StardewValley.TerrainFeatures.Grass	offset3	Private
0x04000F9A	StardewValley.TerrainFeatures.Grass	offset4	Private
0x04000F9B	StardewValley.TerrainFeatures.Grass	flip	Private
0x04000F9C	StardewValley.TerrainFeatures.Grass	shakeRandom	Private
0x04000F9D	StardewValley.TerrainFeatures.HoeDirt	defaultShakeRate	Public, Static, Literal, HasDefault
0x04000F9E	StardewValley.TerrainFeatures.HoeDirt	maximumShake	Public, Static, Literal, HasDefault
0x04000F9F	StardewValley.TerrainFeatures.HoeDirt	shakeDecayRate	Public, Static, Literal, HasDefault
0x04000FA0	StardewValley.TerrainFeatures.HoeDirt	N	Public, Static, Literal, HasDefault
0x04000FA1	StardewValley.TerrainFeatures.HoeDirt	E	Public, Static, Literal, HasDefault
0x04000FA2	StardewValley.TerrainFeatures.HoeDirt	S	Public, Static, Literal, HasDefault
0x04000FA3	StardewValley.TerrainFeatures.HoeDirt	W	Public, Static, Literal, HasDefault
0x04000FA4	StardewValley.TerrainFeatures.HoeDirt	Cardinals	Public, Static, Literal, HasDefault
0x04000FA5	StardewValley.TerrainFeatures.HoeDirt	N_Offset	Public, Static, InitOnly
0x04000FA6	StardewValley.TerrainFeatures.HoeDirt	E_Offset	Public, Static, InitOnly
0x04000FA7	StardewValley.TerrainFeatures.HoeDirt	S_Offset	Public, Static, InitOnly
0x04000FA8	StardewValley.TerrainFeatures.HoeDirt	W_Offset	Public, Static, InitOnly
0x04000FA9	StardewValley.TerrainFeatures.HoeDirt	paddyGrowBonus	Public, Static, Literal, HasDefault
0x04000FAA	StardewValley.TerrainFeatures.HoeDirt	dry	Public, Static, Literal, HasDefault
0x04000FAB	StardewValley.TerrainFeatures.HoeDirt	watered	Public, Static, Literal, HasDefault
0x04000FAC	StardewValley.TerrainFeatures.HoeDirt	invisible	Public, Static, Literal, HasDefault
0x04000FAD	StardewValley.TerrainFeatures.HoeDirt	fertilizerLowQualityID	Public, Static, Literal, HasDefault
0x04000FAE	StardewValley.TerrainFeatures.HoeDirt	fertilizerHighQualityID	Public, Static, Literal, HasDefault
0x04000FAF	StardewValley.TerrainFeatures.HoeDirt	waterRetentionSoilID	Public, Static, Literal, HasDefault
0x04000FB0	StardewValley.TerrainFeatures.HoeDirt	waterRetentionSoilQualityID	Public, Static, Literal, HasDefault
0x04000FB1	StardewValley.TerrainFeatures.HoeDirt	speedGroID	Public, Static, Literal, HasDefault
0x04000FB2	StardewValley.TerrainFeatures.HoeDirt	superSpeedGroID	Public, Static, Literal, HasDefault
0x04000FB3	StardewValley.TerrainFeatures.HoeDirt	hyperSpeedGroID	Public, Static, Literal, HasDefault
0x04000FB4	StardewValley.TerrainFeatures.HoeDirt	fertilizerDeluxeQualityID	Public, Static, Literal, HasDefault
0x04000FB5	StardewValley.TerrainFeatures.HoeDirt	waterRetentionSoilDeluxeID	Public, Static, Literal, HasDefault
0x04000FB6	StardewValley.TerrainFeatures.HoeDirt	fertilizerLowQualityQID	Public, Static, Literal, HasDefault
0x04000FB7	StardewValley.TerrainFeatures.HoeDirt	fertilizerHighQualityQID	Public, Static, Literal, HasDefault
0x04000FB8	StardewValley.TerrainFeatures.HoeDirt	waterRetentionSoilQID	Public, Static, Literal, HasDefault
0x04000FB9	StardewValley.TerrainFeatures.HoeDirt	waterRetentionSoilQualityQID	Public, Static, Literal, HasDefault
0x04000FBA	StardewValley.TerrainFeatures.HoeDirt	speedGroQID	Public, Static, Literal, HasDefault
0x04000FBB	StardewValley.TerrainFeatures.HoeDirt	superSpeedGroQID	Public, Static, Literal, HasDefault
0x04000FBC	StardewValley.TerrainFeatures.HoeDirt	hyperSpeedGroQID	Public, Static, Literal, HasDefault
0x04000FBD	StardewValley.TerrainFeatures.HoeDirt	fertilizerDeluxeQualityQID	Public, Static, Literal, HasDefault
0x04000FBE	StardewValley.TerrainFeatures.HoeDirt	waterRetentionSoilDeluxeQID	Public, Static, Literal, HasDefault
0x04000FBF	StardewValley.TerrainFeatures.HoeDirt	lightTexture	Public, Static
0x04000FC0	StardewValley.TerrainFeatures.HoeDirt	darkTexture	Public, Static
0x04000FC1	StardewValley.TerrainFeatures.HoeDirt	snowTexture	Public, Static
0x04000FC2	StardewValley.TerrainFeatures.HoeDirt	netCrop	Private, InitOnly
0x04000FC3	StardewValley.TerrainFeatures.HoeDirt	drawGuide	Public, Static
0x04000FC4	StardewValley.TerrainFeatures.HoeDirt	state	Public, InitOnly
0x04000FC5	StardewValley.TerrainFeatures.HoeDirt	fertilizer	Public, InitOnly
0x04000FC6	StardewValley.TerrainFeatures.HoeDirt	shakeLeft	Private
0x04000FC7	StardewValley.TerrainFeatures.HoeDirt	shakeRotation	Private
0x04000FC8	StardewValley.TerrainFeatures.HoeDirt	maxShake	Private
0x04000FC9	StardewValley.TerrainFeatures.HoeDirt	shakeRate	Private
0x04000FCA	StardewValley.TerrainFeatures.HoeDirt	c	Private, InitOnly
0x04000FCB	StardewValley.TerrainFeatures.HoeDirt	queuedActions	Private
0x04000FCC	StardewValley.TerrainFeatures.HoeDirt	neighborMask	Private
0x04000FCD	StardewValley.TerrainFeatures.HoeDirt	wateredNeighborMask	Private
0x04000FCE	StardewValley.TerrainFeatures.HoeDirt	nearWaterForPaddy	Public
0x04000FCF	StardewValley.TerrainFeatures.HoeDirt	drawSum	Private
0x04000FD0	StardewValley.TerrainFeatures.HoeDirt	sourceRectPosition	Private
0x04000FD1	StardewValley.TerrainFeatures.HoeDirt	wateredRectPosition	Private
0x04000FD2	StardewValley.TerrainFeatures.HoeDirt	<Pot>k__BackingField	Private
0x04000FD3	StardewValley.TerrainFeatures.HoeDirt	texture	Private
0x04000FD4	StardewValley.TerrainFeatures.HoeDirt	_offsets	Private, Static, InitOnly
0x04000FD5	StardewValley.TerrainFeatures.HoeDirt	_neighbors	Private
0x04000FD6	StardewValley.TerrainFeatures.HoeDirtFertilizerApplyStatus	value__	Public, SpecialName, RTSpecialName
0x04000FD7	StardewValley.TerrainFeatures.HoeDirtFertilizerApplyStatus	Okay	Public, Static, Literal, HasDefault
0x04000FD8	StardewValley.TerrainFeatures.HoeDirtFertilizerApplyStatus	HasThisFertilizer	Public, Static, Literal, HasDefault
0x04000FD9	StardewValley.TerrainFeatures.HoeDirtFertilizerApplyStatus	HasAnotherFertilizer	Public, Static, Literal, HasDefault
0x04000FDA	StardewValley.TerrainFeatures.HoeDirtFertilizerApplyStatus	CropAlreadySprouted	Public, Static, Literal, HasDefault
0x04000FDB	StardewValley.TerrainFeatures.LargeTerrainFeature	netTilePosition	Public, InitOnly
0x04000FDC	StardewValley.TerrainFeatures.LargeTerrainFeature	isDestroyedByNPCTrample	Public
0x04000FDD	StardewValley.TerrainFeatures.ResourceClump	greenRainBush1Index	Public, Static, Literal, HasDefault
0x04000FDE	StardewValley.TerrainFeatures.ResourceClump	greenRainBush2Index	Public, Static, Literal, HasDefault
0x04000FDF	StardewValley.TerrainFeatures.ResourceClump	stumpIndex	Public, Static, Literal, HasDefault
0x04000FE0	StardewValley.TerrainFeatures.ResourceClump	hollowLogIndex	Public, Static, Literal, HasDefault
0x04000FE1	StardewValley.TerrainFeatures.ResourceClump	meteoriteIndex	Public, Static, Literal, HasDefault
0x04000FE2	StardewValley.TerrainFeatures.ResourceClump	boulderIndex	Public, Static, Literal, HasDefault
0x04000FE3	StardewValley.TerrainFeatures.ResourceClump	mineRock1Index	Public, Static, Literal, HasDefault
0x04000FE4	StardewValley.TerrainFeatures.ResourceClump	mineRock2Index	Public, Static, Literal, HasDefault
0x04000FE5	StardewValley.TerrainFeatures.ResourceClump	mineRock3Index	Public, Static, Literal, HasDefault
0x04000FE6	StardewValley.TerrainFeatures.ResourceClump	mineRock4Index	Public, Static, Literal, HasDefault
0x04000FE7	StardewValley.TerrainFeatures.ResourceClump	quarryBoulderIndex	Public, Static, Literal, HasDefault
0x04000FE8	StardewValley.TerrainFeatures.ResourceClump	width	Public, InitOnly
0x04000FE9	StardewValley.TerrainFeatures.ResourceClump	height	Public, InitOnly
0x04000FEA	StardewValley.TerrainFeatures.ResourceClump	parentSheetIndex	Public, InitOnly
0x04000FEB	StardewValley.TerrainFeatures.ResourceClump	textureName	Public, InitOnly
0x04000FEC	StardewValley.TerrainFeatures.ResourceClump	health	Public, InitOnly
0x04000FED	StardewValley.TerrainFeatures.ResourceClump	netTile	Public, InitOnly
0x04000FEE	StardewValley.TerrainFeatures.ResourceClump	shakeTimer	Public
0x04000FEF	StardewValley.TerrainFeatures.ResourceClump	texture	Private
0x04000FF0	StardewValley.TerrainFeatures.ResourceClump	lastToolHitTicker	Private
0x04000FF1	StardewValley.TerrainFeatures.Tent	health	Public, InitOnly
0x04000FF2	StardewValley.TerrainFeatures.Tent	invincTimer	Private
0x04000FF3	StardewValley.TerrainFeatures.Tent	shakeOffset	Private
0x04000FF4	StardewValley.TerrainFeatures.Tent	goingToSleep	Private
0x04000FF5	StardewValley.TerrainFeatures.Tent	lastTentTouchedByPlayer	Public, Static
0x04000FF6	StardewValley.TerrainFeatures.TerrainFeature	NeedsTick	Public, InitOnly
0x04000FF7	StardewValley.TerrainFeatures.TerrainFeature	isTemporarilyInvisible	Public
0x04000FF8	StardewValley.TerrainFeatures.TerrainFeature	_needsUpdate	Family
0x04000FF9	StardewValley.TerrainFeatures.TerrainFeature	<Location>k__BackingField	Private
0x04000FFA	StardewValley.TerrainFeatures.TerrainFeature	<Tile>k__BackingField	Private
0x04000FFB	StardewValley.TerrainFeatures.TerrainFeature	<modData>k__BackingField	Private, InitOnly
0x04000FFC	StardewValley.TerrainFeatures.TerrainFeature	<NetFields>k__BackingField	Private, InitOnly
0x04000FFD	StardewValley.TerrainFeatures.Leaf	position	Public
0x04000FFE	StardewValley.TerrainFeatures.Leaf	rotation	Public
0x04000FFF	StardewValley.TerrainFeatures.Leaf	rotationRate	Public
0x04001000	StardewValley.TerrainFeatures.Leaf	yVelocity	Public
0x04001001	StardewValley.TerrainFeatures.Leaf	type	Public
0x04001002	StardewValley.TerrainFeatures.Tree	_WildTreeData	Family, Static
0x04001003	StardewValley.TerrainFeatures.Tree	_WildTreeSeedLookup	Family, Static
0x04001004	StardewValley.TerrainFeatures.Tree	chanceForDailySeed	Public, Static, Literal, HasDefault
0x04001005	StardewValley.TerrainFeatures.Tree	shakeRate	Public, Static, Literal, HasDefault
0x04001006	StardewValley.TerrainFeatures.Tree	shakeDecayRate	Public, Static, Literal, HasDefault
0x04001007	StardewValley.TerrainFeatures.Tree	minWoodDebrisForFallenTree	Public, Static, Literal, HasDefault
0x04001008	StardewValley.TerrainFeatures.Tree	minWoodDebrisForStump	Public, Static, Literal, HasDefault
0x04001009	StardewValley.TerrainFeatures.Tree	startingHealth	Public, Static, Literal, HasDefault
0x0400100A	StardewValley.TerrainFeatures.Tree	leafFallRate	Public, Static, Literal, HasDefault
0x0400100B	StardewValley.TerrainFeatures.Tree	stageForMossGrowth	Public, Static, Literal, HasDefault
0x0400100C	StardewValley.TerrainFeatures.Tree	bushyTree	Public, Static, Literal, HasDefault
0x0400100D	StardewValley.TerrainFeatures.Tree	leafyTree	Public, Static, Literal, HasDefault
0x0400100E	StardewValley.TerrainFeatures.Tree	pineTree	Public, Static, Literal, HasDefault
0x0400100F	StardewValley.TerrainFeatures.Tree	winterTree1	Public, Static, Literal, HasDefault
0x04001010	StardewValley.TerrainFeatures.Tree	winterTree2	Public, Static, Literal, HasDefault
0x04001011	StardewValley.TerrainFeatures.Tree	palmTree	Public, Static, Literal, HasDefault
0x04001012	StardewValley.TerrainFeatures.Tree	mushroomTree	Public, Static, Literal, HasDefault
0x04001013	StardewValley.TerrainFeatures.Tree	mahoganyTree	Public, Static, Literal, HasDefault
0x04001014	StardewValley.TerrainFeatures.Tree	palmTree2	Public, Static, Literal, HasDefault
0x04001015	StardewValley.TerrainFeatures.Tree	greenRainTreeBushy	Public, Static, Literal, HasDefault
0x04001016	StardewValley.TerrainFeatures.Tree	greenRainTreeLeafy	Public, Static, Literal, HasDefault
0x04001017	StardewValley.TerrainFeatures.Tree	greenRainTreeFern	Public, Static, Literal, HasDefault
0x04001018	StardewValley.TerrainFeatures.Tree	mysticTree	Public, Static, Literal, HasDefault
0x04001019	StardewValley.TerrainFeatures.Tree	seedStage	Public, Static, Literal, HasDefault
0x0400101A	StardewValley.TerrainFeatures.Tree	sproutStage	Public, Static, Literal, HasDefault
0x0400101B	StardewValley.TerrainFeatures.Tree	saplingStage	Public, Static, Literal, HasDefault
0x0400101C	StardewValley.TerrainFeatures.Tree	bushStage	Public, Static, Literal, HasDefault
0x0400101D	StardewValley.TerrainFeatures.Tree	treeStage	Public, Static, Literal, HasDefault
0x0400101E	StardewValley.TerrainFeatures.Tree	<TextureName>k__BackingField	Private
0x0400101F	StardewValley.TerrainFeatures.Tree	texture	Public
0x04001020	StardewValley.TerrainFeatures.Tree	localSeason	Family
0x04001021	StardewValley.TerrainFeatures.Tree	growthStage	Public, InitOnly
0x04001022	StardewValley.TerrainFeatures.Tree	treeType	Public, InitOnly
0x04001023	StardewValley.TerrainFeatures.Tree	health	Public, InitOnly
0x04001024	StardewValley.TerrainFeatures.Tree	flipped	Public, InitOnly
0x04001025	StardewValley.TerrainFeatures.Tree	stump	Public, InitOnly
0x04001026	StardewValley.TerrainFeatures.Tree	tapped	Public, InitOnly
0x04001027	StardewValley.TerrainFeatures.Tree	hasSeed	Public, InitOnly
0x04001028	StardewValley.TerrainFeatures.Tree	hasMoss	Public, InitOnly
0x04001029	StardewValley.TerrainFeatures.Tree	isTemporaryGreenRainTree	Public, InitOnly
0x0400102A	StardewValley.TerrainFeatures.Tree	wasShakenToday	Public, InitOnly
0x0400102B	StardewValley.TerrainFeatures.Tree	fertilized	Public, InitOnly
0x0400102C	StardewValley.TerrainFeatures.Tree	shakeLeft	Public, InitOnly
0x0400102D	StardewValley.TerrainFeatures.Tree	falling	Public, InitOnly
0x0400102E	StardewValley.TerrainFeatures.Tree	destroy	Public, InitOnly
0x0400102F	StardewValley.TerrainFeatures.Tree	shakeRotation	Public
0x04001030	StardewValley.TerrainFeatures.Tree	maxShake	Public
0x04001031	StardewValley.TerrainFeatures.Tree	alpha	Public
0x04001032	StardewValley.TerrainFeatures.Tree	leaves	Private
0x04001033	StardewValley.TerrainFeatures.Tree	lastPlayerToHit	Public, InitOnly
0x04001034	StardewValley.TerrainFeatures.Tree	shakeTimer	Public
0x04001035	StardewValley.TerrainFeatures.Tree	stopGrowingMoss	Public, InitOnly
0x04001036	StardewValley.TerrainFeatures.Tree	treeTopSourceRect	Public, Static
0x04001037	StardewValley.TerrainFeatures.Tree	stumpSourceRect	Public, Static
0x04001038	StardewValley.TerrainFeatures.Tree	shadowSourceRect	Public, Static
0x04001039	StardewValley.SpecialOrders.SpecialOrder	onItemShipped	Public
0x0400103A	StardewValley.SpecialOrders.SpecialOrder	onMonsterSlain	Public
0x0400103B	StardewValley.SpecialOrders.SpecialOrder	onFishCaught	Public
0x0400103C	StardewValley.SpecialOrders.SpecialOrder	onGiftGiven	Public
0x0400103D	StardewValley.SpecialOrders.SpecialOrder	onItemDelivered	Public
0x0400103E	StardewValley.SpecialOrders.SpecialOrder	onItemCollected	Public
0x0400103F	StardewValley.SpecialOrders.SpecialOrder	onMineFloorReached	Public
0x04001040	StardewValley.SpecialOrders.SpecialOrder	onJKScoreAchieved	Public
0x04001041	StardewValley.SpecialOrders.SpecialOrder	_objectiveRegistrationDirty	Family
0x04001042	StardewValley.SpecialOrders.SpecialOrder	preSelectedItems	Public
0x04001043	StardewValley.SpecialOrders.SpecialOrder	selectedRandomElements	Public
0x04001044	StardewValley.SpecialOrders.SpecialOrder	objectives	Public
0x04001045	StardewValley.SpecialOrders.SpecialOrder	generationSeed	Public
0x04001046	StardewValley.SpecialOrders.SpecialOrder	seenParticipants	Public
0x04001047	StardewValley.SpecialOrders.SpecialOrder	participants	Public
0x04001048	StardewValley.SpecialOrders.SpecialOrder	unclaimedRewards	Public
0x04001049	StardewValley.SpecialOrders.SpecialOrder	donatedItems	Public, InitOnly
0x0400104A	StardewValley.SpecialOrders.SpecialOrder	appliedSpecialRules	Public
0x0400104B	StardewValley.SpecialOrders.SpecialOrder	donateMutex	Public, InitOnly
0x0400104C	StardewValley.SpecialOrders.SpecialOrder	_isIslandOrder	Family
0x0400104D	StardewValley.SpecialOrders.SpecialOrder	rewards	Public
0x0400104E	StardewValley.SpecialOrders.SpecialOrder	_moneyReward	Family
0x0400104F	StardewValley.SpecialOrders.SpecialOrder	questKey	Public
0x04001050	StardewValley.SpecialOrders.SpecialOrder	questName	Public
0x04001051	StardewValley.SpecialOrders.SpecialOrder	questDescription	Public
0x04001052	StardewValley.SpecialOrders.SpecialOrder	requester	Public
0x04001053	StardewValley.SpecialOrders.SpecialOrder	orderType	Public
0x04001054	StardewValley.SpecialOrders.SpecialOrder	specialRule	Public
0x04001055	StardewValley.SpecialOrders.SpecialOrder	readyForRemoval	Public
0x04001056	StardewValley.SpecialOrders.SpecialOrder	itemToRemoveOnEnd	Public
0x04001057	StardewValley.SpecialOrders.SpecialOrder	mailToRemoveOnEnd	Public
0x04001058	StardewValley.SpecialOrders.SpecialOrder	_localizedName	Family
0x04001059	StardewValley.SpecialOrders.SpecialOrder	_localizedDescription	Family
0x0400105A	StardewValley.SpecialOrders.SpecialOrder	dueDate	Public
0x0400105B	StardewValley.SpecialOrders.SpecialOrder	questDuration	Public
0x0400105C	StardewValley.SpecialOrders.SpecialOrder	<NetFields>k__BackingField	Private, InitOnly
0x0400105D	StardewValley.SpecialOrders.SpecialOrder	_registeredObjectives	Family
0x0400105E	StardewValley.SpecialOrders.SpecialOrder	_highlightLookup	Family
0x0400105F	StardewValley.SpecialOrders.SpecialOrder	_orderData	Family
0x04001060	StardewValley.SpecialOrders.SpecialOrder	questState	Public
0x04001061	StardewValley.SpecialOrders.SpecialOrderStatus	value__	Public, SpecialName, RTSpecialName
0x04001062	StardewValley.SpecialOrders.SpecialOrderStatus	InProgress	Public, Static, Literal, HasDefault
0x04001063	StardewValley.SpecialOrders.SpecialOrderStatus	Complete	Public, Static, Literal, HasDefault
0x04001064	StardewValley.SpecialOrders.SpecialOrderStatus	Failed	Public, Static, Literal, HasDefault
0x04001065	StardewValley.SpecialOrders.Rewards.FriendshipReward	targetName	Public
0x04001066	StardewValley.SpecialOrders.Rewards.FriendshipReward	amount	Public
0x04001067	StardewValley.SpecialOrders.Rewards.GemsReward	amount	Public
0x04001068	StardewValley.SpecialOrders.Rewards.MailReward	noLetter	Public
0x04001069	StardewValley.SpecialOrders.Rewards.MailReward	grantedMails	Public
0x0400106A	StardewValley.SpecialOrders.Rewards.MailReward	host	Public
0x0400106B	StardewValley.SpecialOrders.Rewards.MoneyReward	amount	Public
0x0400106C	StardewValley.SpecialOrders.Rewards.MoneyReward	multiplier	Public
0x0400106D	StardewValley.SpecialOrders.Rewards.ObjectReward	itemKey	Public, InitOnly
0x0400106E	StardewValley.SpecialOrders.Rewards.ObjectReward	amount	Public, InitOnly
0x0400106F	StardewValley.SpecialOrders.Rewards.ObjectReward	_objectInstance	Private
0x04001070	StardewValley.SpecialOrders.Rewards.OrderReward	<NetFields>k__BackingField	Private, InitOnly
0x04001071	StardewValley.SpecialOrders.Rewards.ResetEventReward	resetEvents	Public
0x04001072	StardewValley.SpecialOrders.Objectives.CollectObjective	acceptableContextTagSets	Public
0x04001073	StardewValley.SpecialOrders.Objectives.DeliverObjective	acceptableContextTagSets	Public
0x04001074	StardewValley.SpecialOrders.Objectives.DeliverObjective	targetName	Public
0x04001075	StardewValley.SpecialOrders.Objectives.DeliverObjective	message	Public
0x04001076	StardewValley.SpecialOrders.Objectives.DonateObjective	dropBox	Public
0x04001077	StardewValley.SpecialOrders.Objectives.DonateObjective	dropBoxGameLocation	Public
0x04001078	StardewValley.SpecialOrders.Objectives.DonateObjective	dropBoxTileLocation	Public
0x04001079	StardewValley.SpecialOrders.Objectives.DonateObjective	acceptableContextTagSets	Public
0x0400107A	StardewValley.SpecialOrders.Objectives.DonateObjective	minimumCapacity	Public
0x0400107B	StardewValley.SpecialOrders.Objectives.DonateObjective	confirmed	Public
0x0400107C	StardewValley.SpecialOrders.Objectives.FishObjective	acceptableContextTagSets	Public
0x0400107D	StardewValley.SpecialOrders.Objectives.GiftObjective	acceptableContextTagSets	Public
0x0400107E	StardewValley.SpecialOrders.Objectives.GiftObjective	minimumLikeLevel	Public
0x0400107F	StardewValley.SpecialOrders.Objectives.OrderObjective	_order	Family
0x04001080	StardewValley.SpecialOrders.Objectives.OrderObjective	currentCount	Public
0x04001081	StardewValley.SpecialOrders.Objectives.OrderObjective	maxCount	Public
0x04001082	StardewValley.SpecialOrders.Objectives.OrderObjective	description	Public
0x04001083	StardewValley.SpecialOrders.Objectives.OrderObjective	_complete	Family
0x04001084	StardewValley.SpecialOrders.Objectives.OrderObjective	_registered	Family
0x04001085	StardewValley.SpecialOrders.Objectives.OrderObjective	failOnCompletion	Public
0x04001086	StardewValley.SpecialOrders.Objectives.OrderObjective	<NetFields>k__BackingField	Private, InitOnly
0x04001087	StardewValley.SpecialOrders.Objectives.ReachMineFloorObjective	skullCave	Public
0x04001088	StardewValley.SpecialOrders.Objectives.ShipObjective	acceptableContextTagSets	Public
0x04001089	StardewValley.SpecialOrders.Objectives.ShipObjective	useShipmentValue	Public
0x0400108A	StardewValley.SpecialOrders.Objectives.SlayObjective	targetNames	Public
0x0400108B	StardewValley.SpecialOrders.Objectives.SlayObjective	ignoreFarmMonsters	Public
0x0400108C	StardewValley.SDKs.NullSDKHelper	<Name>k__BackingField	Private, InitOnly
0x0400108D	StardewValley.SDKs.NullSDKHelper	<Networking>k__BackingField	Private, InitOnly
0x0400108E	StardewValley.SDKs.NullSDKHelper	<ConnectionFinished>k__BackingField	Private, InitOnly
0x0400108F	StardewValley.SDKs.NullSDKHelper	<ConnectionProgress>k__BackingField	Private, InitOnly
0x04001090	StardewValley.SDKs.WeGameRail.RailHelper	<Name>k__BackingField	Private, InitOnly
0x04001091	StardewValley.SDKs.Steam.SteamHelper	gameOverlayActivated	Private
0x04001092	StardewValley.SDKs.Steam.SteamHelper	encryptedAppTicketResponse	Private
0x04001093	StardewValley.SDKs.Steam.SteamHelper	gamepadTextInputDismissed	Private
0x04001094	StardewValley.SDKs.Steam.SteamHelper	galaxyAuthListener	Private
0x04001095	StardewValley.SDKs.Steam.SteamHelper	galaxyStateChangeListener	Private
0x04001096	StardewValley.SDKs.Steam.SteamHelper	galaxySpecificUserDataListener	Private
0x04001097	StardewValley.SDKs.Steam.SteamHelper	active	Public
0x04001098	StardewValley.SDKs.Steam.SteamHelper	networking	Private
0x04001099	StardewValley.SDKs.Steam.SteamHelper	<ConnectionFinished>k__BackingField	Private
0x0400109A	StardewValley.SDKs.Steam.SteamHelper	<ConnectionProgress>k__BackingField	Private
0x0400109B	StardewValley.SDKs.Steam.SteamHelper	<GalaxyConnected>k__BackingField	Private
0x0400109C	StardewValley.SDKs.Steam.SteamHelper	<Name>k__BackingField	Private, InitOnly
0x0400109D	StardewValley.SDKs.Steam.SteamHelper	_keyboardTextBox	Private
0x0400109E	StardewValley.SDKs.Steam.SteamHelper	_runningOnSteamDeck	Family
0x0400109F	StardewValley.SDKs.Steam.SteamNetClient	ClientBufferSize	Private, Static, Literal, HasDefault
0x040010A0	StardewValley.SDKs.Steam.SteamNetClient	SteamLobbyEnterCallResult	Private
0x040010A1	StardewValley.SDKs.Steam.SteamNetClient	SteamNetConnectionStatusChangedCallback	Private, InitOnly
0x040010A2	StardewValley.SDKs.Steam.SteamNetClient	GalaxyLobbyDataRetrieveCallback	Private
0x040010A3	StardewValley.SDKs.Steam.SteamNetClient	Messages	Private, InitOnly
0x040010A4	StardewValley.SDKs.Steam.SteamNetClient	GalaxyLobby	Private
0x040010A5	StardewValley.SDKs.Steam.SteamNetClient	SteamLobby	Private
0x040010A6	StardewValley.SDKs.Steam.SteamNetClient	HostId	Private
0x040010A7	StardewValley.SDKs.Steam.SteamNetClient	CachedHostName	Private
0x040010A8	StardewValley.SDKs.Steam.SteamNetClient	Connection	Private
0x040010A9	StardewValley.SDKs.Steam.SteamNetHelper	LobbyUpdateListeners	Private
0x040010AA	StardewValley.SDKs.Steam.SteamNetHelper	LobbyDataUpdateCallback	Private, InitOnly
0x040010AB	StardewValley.SDKs.Steam.SteamNetHelper	GameLobbyJoinRequestedCallback	Private, InitOnly
0x040010AC	StardewValley.SDKs.Steam.SteamNetHelper	RequestedLobby	Private
0x040010AD	StardewValley.SDKs.Steam.SteamNetServer	ServerBufferSize	Private, Static, Literal, HasDefault
0x040010AE	StardewValley.SDKs.Steam.SteamNetServer	FlagsLobbyEntered	Private, Static, Literal, HasDefault
0x040010AF	StardewValley.SDKs.Steam.SteamNetServer	FlagsLobbyLeft	Private, Static, Literal, HasDefault
0x040010B0	StardewValley.SDKs.Steam.SteamNetServer	LobbyCreatedCallResult	Private
0x040010B1	StardewValley.SDKs.Steam.SteamNetServer	SteamNetConnectionStatusChangedCallback	Private
0x040010B2	StardewValley.SDKs.Steam.SteamNetServer	LobbyChatUpdateCallback	Private
0x040010B3	StardewValley.SDKs.Steam.SteamNetServer	LobbyData	Private
0x040010B4	StardewValley.SDKs.Steam.SteamNetServer	ConnectionDataMap	Private
0x040010B5	StardewValley.SDKs.Steam.SteamNetServer	FarmerConnectionMap	Private
0x040010B6	StardewValley.SDKs.Steam.SteamNetServer	CachedDisplayNames	Private
0x040010B7	StardewValley.SDKs.Steam.SteamNetServer	RecentlyJoined	Private
0x040010B8	StardewValley.SDKs.Steam.SteamNetServer	Messages	Private, InitOnly
0x040010B9	StardewValley.SDKs.Steam.SteamNetServer	Lobby	Private
0x040010BA	StardewValley.SDKs.Steam.SteamNetServer	ListenSocket	Private
0x040010BB	StardewValley.SDKs.Steam.SteamNetServer	JoiningGroup	Private
0x040010BC	StardewValley.SDKs.Steam.SteamNetServer	FarmhandGroup	Private
0x040010BD	StardewValley.SDKs.Steam.SteamNetServer	Privacy	Private
0x040010BE	StardewValley.SDKs.Steam.Internal.ConnectionData	FarmerId	Public
0x040010BF	StardewValley.SDKs.Steam.Internal.ConnectionData	SteamId	Public
0x040010C0	StardewValley.SDKs.Steam.Internal.ConnectionData	Connection	Public
0x040010C1	StardewValley.SDKs.Steam.Internal.ConnectionData	Online	Public
0x040010C2	StardewValley.SDKs.Steam.Internal.ConnectionData	DisplayName	Public
0x040010C3	StardewValley.SDKs.Steam.Internal.HybridLobby	<SteamId>k__BackingField	Private
0x040010C4	StardewValley.SDKs.Steam.Internal.HybridLobby	<GalaxyId>k__BackingField	Private
0x040010C5	StardewValley.SDKs.Steam.Internal.HybridLobby	IsHybrid	Private
0x040010C6	StardewValley.SDKs.Steam.Internal.LobbyConnectionType	value__	Public, SpecialName, RTSpecialName
0x040010C7	StardewValley.SDKs.Steam.Internal.LobbyConnectionType	Steam	Public, Static, Literal, HasDefault
0x040010C8	StardewValley.SDKs.Steam.Internal.LobbyConnectionType	Galaxy	Public, Static, Literal, HasDefault
0x040010C9	StardewValley.SDKs.Steam.Internal.LobbyConnectionType	Hybrid	Public, Static, Literal, HasDefault
0x040010CA	StardewValley.SDKs.Steam.Internal.LobbyConnectionType	Invalid	Public, Static, Literal, HasDefault
0x040010CB	StardewValley.SDKs.GogGalaxy.GalaxyHelper	ClientID	Public, Static, Literal, HasDefault
0x040010CC	StardewValley.SDKs.GogGalaxy.GalaxyHelper	ClientSecret	Public, Static, Literal, HasDefault
0x040010CD	StardewValley.SDKs.GogGalaxy.GalaxyHelper	DisplayNameDataKey	Public, Static, Literal, HasDefault
0x040010CE	StardewValley.SDKs.GogGalaxy.GalaxyHelper	active	Public
0x040010CF	StardewValley.SDKs.GogGalaxy.GalaxyHelper	authListener	Private
0x040010D0	StardewValley.SDKs.GogGalaxy.GalaxyHelper	stateChangeListener	Private
0x040010D1	StardewValley.SDKs.GogGalaxy.GalaxyHelper	<Name>k__BackingField	Private, InitOnly
0x040010D2	StardewValley.SDKs.GogGalaxy.GalaxyHelper	<ConnectionFinished>k__BackingField	Private
0x040010D3	StardewValley.SDKs.GogGalaxy.GalaxyHelper	<ConnectionProgress>k__BackingField	Private
0x040010D4	StardewValley.SDKs.GogGalaxy.GalaxyHelper	networking	Private
0x040010D5	StardewValley.SDKs.GogGalaxy.GalaxyNetClient	lobbyId	Public
0x040010D6	StardewValley.SDKs.GogGalaxy.GalaxyNetClient	client	Family
0x040010D7	StardewValley.SDKs.GogGalaxy.GalaxyNetClient	serverId	Private
0x040010D8	StardewValley.SDKs.GogGalaxy.GalaxyNetClient	hostDisplayName	Private
0x040010D9	StardewValley.SDKs.GogGalaxy.GalaxyNetClient	galaxySpecificUserDataListener	Private
0x040010DA	StardewValley.SDKs.GogGalaxy.GalaxyNetClient	lastPingMs	Private
0x040010DB	StardewValley.SDKs.GogGalaxy.GalaxyNetHelper	GalaxyConnectionStringPrefix	Public, Static, Literal, HasDefault
0x040010DC	StardewValley.SDKs.GogGalaxy.GalaxyNetHelper	SteamConnectionStringPrefix	Public, Static, Literal, HasDefault
0x040010DD	StardewValley.SDKs.GogGalaxy.GalaxyNetHelper	GalaxyInvitePrefix	Public, Static, Literal, HasDefault
0x040010DE	StardewValley.SDKs.GogGalaxy.GalaxyNetHelper	SteamInvitePrefix	Public, Static, Literal, HasDefault
0x040010DF	StardewValley.SDKs.GogGalaxy.GalaxyNetHelper	lobbyRequested	Family
0x040010E0	StardewValley.SDKs.GogGalaxy.GalaxyNetHelper	lobbyEntered	Private
0x040010E1	StardewValley.SDKs.GogGalaxy.GalaxyNetHelper	lobbyJoinRequested	Private
0x040010E2	StardewValley.SDKs.GogGalaxy.GalaxyNetHelper	lobbyDataListener	Private
0x040010E3	StardewValley.SDKs.GogGalaxy.GalaxyNetHelper	richPresenceListener	Private
0x040010E4	StardewValley.SDKs.GogGalaxy.GalaxyNetHelper	lobbyUpdateListeners	Private
0x040010E5	StardewValley.SDKs.GogGalaxy.GalaxyNetServer	host	Private
0x040010E6	StardewValley.SDKs.GogGalaxy.GalaxyNetServer	server	Family
0x040010E7	StardewValley.SDKs.GogGalaxy.GalaxyNetServer	galaxySpecificUserDataListener	Private
0x040010E8	StardewValley.SDKs.GogGalaxy.GalaxyNetServer	peers	Family
0x040010E9	StardewValley.SDKs.GogGalaxy.GalaxyNetServer	displayNames	Family
0x040010EA	StardewValley.SDKs.GogGalaxy.GalaxySocket	Timeout	Public, Static, Literal, HasDefault
0x040010EB	StardewValley.SDKs.GogGalaxy.GalaxySocket	ProtocolVersionKey	Public, Static, Literal, HasDefault
0x040010EC	StardewValley.SDKs.GogGalaxy.GalaxySocket	HostNameDataKey	Public, Static, Literal, HasDefault
0x040010ED	StardewValley.SDKs.GogGalaxy.GalaxySocket	SteamHostIdDataKey	Public, Static, Literal, HasDefault
0x040010EE	StardewValley.SDKs.GogGalaxy.GalaxySocket	SteamLobbyIdDataKey	Public, Static, Literal, HasDefault
0x040010EF	StardewValley.SDKs.GogGalaxy.GalaxySocket	SendMaxPacketSize	Private, Static, Literal, HasDefault
0x040010F0	StardewValley.SDKs.GogGalaxy.GalaxySocket	ReceiveMaxPacketSize	Private, Static, Literal, HasDefault
0x040010F1	StardewValley.SDKs.GogGalaxy.GalaxySocket	RecreateLobbyDelay	Private, Static, Literal, HasDefault
0x040010F2	StardewValley.SDKs.GogGalaxy.GalaxySocket	HeartbeatDelay	Private, Static, Literal, HasDefault
0x040010F3	StardewValley.SDKs.GogGalaxy.GalaxySocket	HeartbeatMessage	Private, Static, Literal, HasDefault
0x040010F4	StardewValley.SDKs.GogGalaxy.GalaxySocket	isRecreatedLobby	Public
0x040010F5	StardewValley.SDKs.GogGalaxy.GalaxySocket	isFirstRecreateAttempt	Public
0x040010F6	StardewValley.SDKs.GogGalaxy.GalaxySocket	selfId	Private
0x040010F7	StardewValley.SDKs.GogGalaxy.GalaxySocket	connectingLobbyID	Private
0x040010F8	StardewValley.SDKs.GogGalaxy.GalaxySocket	lobby	Private
0x040010F9	StardewValley.SDKs.GogGalaxy.GalaxySocket	lobbyOwner	Private
0x040010FA	StardewValley.SDKs.GogGalaxy.GalaxySocket	galaxyLobbyEnterCallback	Private
0x040010FB	StardewValley.SDKs.GogGalaxy.GalaxySocket	galaxyLobbyCreatedCallback	Private
0x040010FC	StardewValley.SDKs.GogGalaxy.GalaxySocket	galaxyLobbyLeftCallback	Private
0x040010FD	StardewValley.SDKs.GogGalaxy.GalaxySocket	galaxyLobbyMemberStateCallback	Private
0x040010FE	StardewValley.SDKs.GogGalaxy.GalaxySocket	protocolVersion	Private
0x040010FF	StardewValley.SDKs.GogGalaxy.GalaxySocket	checkedProcotolVersion	Private
0x04001100	StardewValley.SDKs.GogGalaxy.GalaxySocket	lobbyData	Private
0x04001101	StardewValley.SDKs.GogGalaxy.GalaxySocket	privacy	Private
0x04001102	StardewValley.SDKs.GogGalaxy.GalaxySocket	memberLimit	Private
0x04001103	StardewValley.SDKs.GogGalaxy.GalaxySocket	recreateTimer	Private
0x04001104	StardewValley.SDKs.GogGalaxy.GalaxySocket	heartbeatTimer	Private
0x04001105	StardewValley.SDKs.GogGalaxy.GalaxySocket	connections	Private
0x04001106	StardewValley.SDKs.GogGalaxy.GalaxySocket	ghosts	Private
0x04001107	StardewValley.SDKs.GogGalaxy.GalaxySocket	incompletePackets	Private
0x04001108	StardewValley.SDKs.GogGalaxy.Listeners.GalaxyAuthListener	OnSuccess	Private, InitOnly
0x04001109	StardewValley.SDKs.GogGalaxy.Listeners.GalaxyAuthListener	OnFailure	Private, InitOnly
0x0400110A	StardewValley.SDKs.GogGalaxy.Listeners.GalaxyAuthListener	OnLost	Private, InitOnly
0x0400110B	StardewValley.SDKs.GogGalaxy.Listeners.GalaxyGameJoinRequestedListener	Callback	Private, InitOnly
0x0400110C	StardewValley.SDKs.GogGalaxy.Listeners.GalaxyLobbyCreatedListener	Callback	Private, InitOnly
0x0400110D	StardewValley.SDKs.GogGalaxy.Listeners.GalaxyLobbyDataListener	Callback	Private, InitOnly
0x0400110E	StardewValley.SDKs.GogGalaxy.Listeners.GalaxyLobbyDataRetrieveListener	OnSuccess	Private, InitOnly
0x0400110F	StardewValley.SDKs.GogGalaxy.Listeners.GalaxyLobbyDataRetrieveListener	OnFailure	Private, InitOnly
0x04001110	StardewValley.SDKs.GogGalaxy.Listeners.GalaxyLobbyEnteredListener	Callback	Private, InitOnly
0x04001111	StardewValley.SDKs.GogGalaxy.Listeners.GalaxyLobbyLeftListener	Callback	Private, InitOnly
0x04001112	StardewValley.SDKs.GogGalaxy.Listeners.GalaxyLobbyMemberStateListener	Callback	Private, InitOnly
0x04001113	StardewValley.SDKs.GogGalaxy.Listeners.GalaxyOperationalStateChangeListener	Callback	Private, InitOnly
0x04001114	StardewValley.SDKs.GogGalaxy.Listeners.GalaxyRichPresenceListener	Callback	Private, InitOnly
0x04001115	StardewValley.SDKs.GogGalaxy.Listeners.GalaxySpecificUserDataListener	Callback	Private, InitOnly
0x04001116	StardewValley.SDKs.GogGalaxy.Internal.Base36	Chars	Private, Static, Literal, HasDefault
0x04001117	StardewValley.SDKs.GogGalaxy.Internal.Base36	Base	Private, Static, Literal, HasDefault
0x04001118	StardewValley.SaveSerialization.SaveSerializer	_serializerLookup	Private, Static, InitOnly
0x04001119	StardewValley.SaveSerialization.Vector2Serializer	_reader	Private
0x0400111A	StardewValley.SaveSerialization.Vector2Serializer	_writer	Private
0x0400111B	StardewValley.SaveMigrations.SaveFixes	value__	Public, SpecialName, RTSpecialName
0x0400111C	StardewValley.SaveMigrations.SaveFixes	NONE	Public, Static, Literal, HasDefault
0x0400111D	StardewValley.SaveMigrations.SaveFixes	StoredBigCraftablesStackFix	Public, Static, Literal, HasDefault
0x0400111E	StardewValley.SaveMigrations.SaveFixes	PorchedCabinBushesFix	Public, Static, Literal, HasDefault
0x0400111F	StardewValley.SaveMigrations.SaveFixes	ChangeObeliskFootprintHeight	Public, Static, Literal, HasDefault
0x04001120	StardewValley.SaveMigrations.SaveFixes	CreateStorageDressers	Public, Static, Literal, HasDefault
0x04001121	StardewValley.SaveMigrations.SaveFixes	InferPreserves	Public, Static, Literal, HasDefault
0x04001122	StardewValley.SaveMigrations.SaveFixes	TransferHatSkipHairFlag	Public, Static, Literal, HasDefault
0x04001123	StardewValley.SaveMigrations.SaveFixes	RevealSecretNoteItemTastes	Public, Static, Literal, HasDefault
0x04001124	StardewValley.SaveMigrations.SaveFixes	TransferHoneyTypeToPreserves	Public, Static, Literal, HasDefault
0x04001125	StardewValley.SaveMigrations.SaveFixes	TransferNoteBlockScale	Public, Static, Literal, HasDefault
0x04001126	StardewValley.SaveMigrations.SaveFixes	FixCropHarvestAmountsAndInferSeedIndex	Public, Static, Literal, HasDefault
0x04001127	StardewValley.SaveMigrations.SaveFixes	quarryMineBushes	Public, Static, Literal, HasDefault
0x04001128	StardewValley.SaveMigrations.SaveFixes	MissingQisChallenge	Public, Static, Literal, HasDefault
0x04001129	StardewValley.SaveMigrations.SaveFixes	BedsToFurniture	Public, Static, Literal, HasDefault
0x0400112A	StardewValley.SaveMigrations.SaveFixes	ChildBedsToFurniture	Public, Static, Literal, HasDefault
0x0400112B	StardewValley.SaveMigrations.SaveFixes	ModularizeFarmStructures	Public, Static, Literal, HasDefault
0x0400112C	StardewValley.SaveMigrations.SaveFixes	FixFlooringFlags	Public, Static, Literal, HasDefault
0x0400112D	StardewValley.SaveMigrations.SaveFixes	FixStableOwnership	Public, Static, Literal, HasDefault
0x0400112E	StardewValley.SaveMigrations.SaveFixes	AddTownBush	Public, Static, Literal, HasDefault
0x0400112F	StardewValley.SaveMigrations.SaveFixes	ResetForges	Public, Static, Literal, HasDefault
0x04001130	StardewValley.SaveMigrations.SaveFixes	MakeDarkSwordVampiric	Public, Static, Literal, HasDefault
0x04001131	StardewValley.SaveMigrations.SaveFixes	FixBeachFarmBushes	Public, Static, Literal, HasDefault
0x04001132	StardewValley.SaveMigrations.SaveFixes	OstrichIncubatorFragility	Public, Static, Literal, HasDefault
0x04001133	StardewValley.SaveMigrations.SaveFixes	LeoChildrenFix	Public, Static, Literal, HasDefault
0x04001134	StardewValley.SaveMigrations.SaveFixes	Leo6HeartGermanFix	Public, Static, Literal, HasDefault
0x04001135	StardewValley.SaveMigrations.SaveFixes	BirdieQuestRemovedFix	Public, Static, Literal, HasDefault
0x04001136	StardewValley.SaveMigrations.SaveFixes	SkippedSummit	Public, Static, Literal, HasDefault
0x04001137	StardewValley.SaveMigrations.SaveFixes	MigrateBuildingsToData	Public, Static, Literal, HasDefault
0x04001138	StardewValley.SaveMigrations.SaveFixes	ModularizeFarmhouse	Public, Static, Literal, HasDefault
0x04001139	StardewValley.SaveMigrations.SaveFixes	ModularizePets	Public, Static, Literal, HasDefault
0x0400113A	StardewValley.SaveMigrations.SaveFixes	AddNpcRemovalFlags	Public, Static, Literal, HasDefault
0x0400113B	StardewValley.SaveMigrations.SaveFixes	MigrateFarmhands	Public, Static, Literal, HasDefault
0x0400113C	StardewValley.SaveMigrations.SaveFixes	MigrateLitterItemData	Public, Static, Literal, HasDefault
0x0400113D	StardewValley.SaveMigrations.SaveFixes	MigrateHoneyItems	Public, Static, Literal, HasDefault
0x0400113E	StardewValley.SaveMigrations.SaveFixes	MigrateMachineLastOutputRule	Public, Static, Literal, HasDefault
0x0400113F	StardewValley.SaveMigrations.SaveFixes	StandardizeBundleFields	Public, Static, Literal, HasDefault
0x04001140	StardewValley.SaveMigrations.SaveFixes	MigrateAdventurerGoalFlags	Public, Static, Literal, HasDefault
0x04001141	StardewValley.SaveMigrations.SaveFixes	SetCropSeedId	Public, Static, Literal, HasDefault
0x04001142	StardewValley.SaveMigrations.SaveFixes	FixMineBoulderCollisions	Public, Static, Literal, HasDefault
0x04001143	StardewValley.SaveMigrations.SaveFixes	MigratePetAndPetBowlIds	Public, Static, Literal, HasDefault
0x04001144	StardewValley.SaveMigrations.SaveFixes	MigrateHousePaint	Public, Static, Literal, HasDefault
0x04001145	StardewValley.SaveMigrations.SaveFixes	MigrateShedFloorWallIds	Public, Static, Literal, HasDefault
0x04001146	StardewValley.SaveMigrations.SaveFixes	MigrateItemIds	Public, Static, Literal, HasDefault
0x04001147	StardewValley.SaveMigrations.SaveFixes	RemoveMeatFromAnimalBundle	Public, Static, Literal, HasDefault
0x04001148	StardewValley.SaveMigrations.SaveFixes	RemoveMasteryRoomFoliage	Public, Static, Literal, HasDefault
0x04001149	StardewValley.SaveMigrations.SaveFixes	AddTownTrees	Public, Static, Literal, HasDefault
0x0400114A	StardewValley.SaveMigrations.SaveFixes	MapAdjustments_1_6	Public, Static, Literal, HasDefault
0x0400114B	StardewValley.SaveMigrations.SaveFixes	MigrateWalletItems	Public, Static, Literal, HasDefault
0x0400114C	StardewValley.SaveMigrations.SaveFixes	MigrateResourceClumps	Public, Static, Literal, HasDefault
0x0400114D	StardewValley.SaveMigrations.SaveFixes	MigrateFishingRodAttachmentSlots	Public, Static, Literal, HasDefault
0x0400114E	StardewValley.SaveMigrations.SaveFixes	MoveSlimeHutches	Public, Static, Literal, HasDefault
0x0400114F	StardewValley.SaveMigrations.SaveFixes	AddLocationsVisited	Public, Static, Literal, HasDefault
0x04001150	StardewValley.SaveMigrations.SaveFixes	MarkStarterGiftBoxes	Public, Static, Literal, HasDefault
0x04001151	StardewValley.SaveMigrations.SaveFixes	MigrateMailEventsToTriggerActions	Public, Static, Literal, HasDefault
0x04001152	StardewValley.SaveMigrations.SaveFixes	ShiftFarmHouseFurnitureForExpansion	Public, Static, Literal, HasDefault
0x04001153	StardewValley.SaveMigrations.SaveFixes	MigratePreservesTo16	Public, Static, Literal, HasDefault
0x04001154	StardewValley.SaveMigrations.SaveFixes	MigrateQuestDataTo16	Public, Static, Literal, HasDefault
0x04001155	StardewValley.SaveMigrations.SaveFixes	SetBushesInPots	Public, Static, Literal, HasDefault
0x04001156	StardewValley.SaveMigrations.SaveFixes	FixItemsNotMarkedAsInInventory	Public, Static, Literal, HasDefault
0x04001157	StardewValley.SaveMigrations.SaveFixes	BetaFixesFor16	Public, Static, Literal, HasDefault
0x04001158	StardewValley.SaveMigrations.SaveFixes	FixBasicWines	Public, Static, Literal, HasDefault
0x04001159	StardewValley.SaveMigrations.SaveFixes	ResetForges_1_6	Public, Static, Literal, HasDefault
0x0400115A	StardewValley.SaveMigrations.SaveFixes	RestoreAncientSeedRecipe_1_6	Public, Static, Literal, HasDefault
0x0400115B	StardewValley.SaveMigrations.SaveFixes	FixInstancedInterior	Public, Static, Literal, HasDefault
0x0400115C	StardewValley.SaveMigrations.SaveFixes	FixNonInstancedInterior	Public, Static, Literal, HasDefault
0x0400115D	StardewValley.SaveMigrations.SaveFixes	PopulateConstructedBuildings	Public, Static, Literal, HasDefault
0x0400115E	StardewValley.SaveMigrations.SaveFixes	FixRacoonQuestCompletion	Public, Static, Literal, HasDefault
0x0400115F	StardewValley.SaveMigrations.SaveFixes	RestoreDwarvish	Public, Static, Literal, HasDefault
0x04001160	StardewValley.SaveMigrations.SaveFixes	FixTubOFlowers	Public, Static, Literal, HasDefault
0x04001161	StardewValley.SaveMigrations.SaveFixes	MigrateStatFields	Public, Static, Literal, HasDefault
0x04001162	StardewValley.SaveMigrations.SaveFixes	MakeWildSeedsDeterministic	Public, Static, Literal, HasDefault
0x04001163	StardewValley.SaveMigrations.SaveFixes	FixTranslatedInternalNames	Public, Static, Literal, HasDefault
0x04001164	StardewValley.SaveMigrations.SaveFixes	ConvertBuildingQuests	Public, Static, Literal, HasDefault
0x04001165	StardewValley.SaveMigrations.SaveFixes	AddJunimoKartAndPrairieKingStats	Public, Static, Literal, HasDefault
0x04001166	StardewValley.SaveMigrations.SaveFixes	FixEmptyLostAndFoundItemStacks	Public, Static, Literal, HasDefault
0x04001167	StardewValley.SaveMigrations.SaveFixes	FixDuplicateMissedMail	Public, Static, Literal, HasDefault
0x04001168	StardewValley.SaveMigrations.SaveFixes	MAX	Public, Static, Literal, HasDefault
0x04001169	StardewValley.SaveMigrations.SaveMigrator	LatestSaveFix	Public, Static, InitOnly
0x0400116A	StardewValley.SaveMigrations.SaveMigrator_1_3	<GameVersion>k__BackingField	Private, InitOnly
0x0400116B	StardewValley.SaveMigrations.SaveMigrator_1_4	<GameVersion>k__BackingField	Private, InitOnly
0x0400116C	StardewValley.SaveMigrations.SaveMigrator_1_5	<GameVersion>k__BackingField	Private, InitOnly
0x0400116D	StardewValley.SaveMigrations.SaveMigrator_1_6	<GameVersion>k__BackingField	Private, InitOnly
0x0400116E	StardewValley.Quests.CraftingQuest	obsolete_isBigCraftable	Public
0x0400116F	StardewValley.Quests.CraftingQuest	ItemId	Public, InitOnly
0x04001170	StardewValley.Quests.DescriptionElement	serializer	Public, Static
0x04001171	StardewValley.Quests.DescriptionElement	translationKey	Public
0x04001172	StardewValley.Quests.DescriptionElement	substitutions	Public
0x04001173	StardewValley.Quests.DescriptionElement	<NetFields>k__BackingField	Private, InitOnly
0x04001174	StardewValley.Quests.FishingQuest	target	Public, InitOnly
0x04001175	StardewValley.Quests.FishingQuest	targetMessage	Public
0x04001176	StardewValley.Quests.FishingQuest	numberToFish	Public, InitOnly
0x04001177	StardewValley.Quests.FishingQuest	reward	Public, InitOnly
0x04001178	StardewValley.Quests.FishingQuest	numberFished	Public, InitOnly
0x04001179	StardewValley.Quests.FishingQuest	ItemId	Public, InitOnly
0x0400117A	StardewValley.Quests.FishingQuest	parts	Public, InitOnly
0x0400117B	StardewValley.Quests.FishingQuest	dialogueparts	Public, InitOnly
0x0400117C	StardewValley.Quests.FishingQuest	objective	Public, InitOnly
0x0400117D	StardewValley.Quests.GoSomewhereQuest	whereToGo	Public, InitOnly
0x0400117E	StardewValley.Quests.HaveBuildingQuest	buildingType	Public, InitOnly
0x0400117F	StardewValley.Quests.ItemDeliveryQuest	targetMessage	Public
0x04001180	StardewValley.Quests.ItemDeliveryQuest	target	Public, InitOnly
0x04001181	StardewValley.Quests.ItemDeliveryQuest	ItemId	Public, InitOnly
0x04001182	StardewValley.Quests.ItemDeliveryQuest	number	Public, InitOnly
0x04001183	StardewValley.Quests.ItemDeliveryQuest	parts	Public, InitOnly
0x04001184	StardewValley.Quests.ItemDeliveryQuest	dialogueparts	Public, InitOnly
0x04001185	StardewValley.Quests.ItemDeliveryQuest	objective	Public, InitOnly
0x04001186	StardewValley.Quests.ItemHarvestQuest	ItemId	Public, InitOnly
0x04001187	StardewValley.Quests.ItemHarvestQuest	Number	Public, InitOnly
0x04001188	StardewValley.Quests.LostItemQuest	npcName	Public, InitOnly
0x04001189	StardewValley.Quests.LostItemQuest	locationOfItem	Public, InitOnly
0x0400118A	StardewValley.Quests.LostItemQuest	ItemId	Public, InitOnly
0x0400118B	StardewValley.Quests.LostItemQuest	tileX	Public, InitOnly
0x0400118C	StardewValley.Quests.LostItemQuest	tileY	Public, InitOnly
0x0400118D	StardewValley.Quests.LostItemQuest	itemFound	Public, InitOnly
0x0400118E	StardewValley.Quests.LostItemQuest	objective	Public, InitOnly
0x0400118F	StardewValley.Quests.Quest	type_basic	Public, Static, Literal, HasDefault
0x04001190	StardewValley.Quests.Quest	type_crafting	Public, Static, Literal, HasDefault
0x04001191	StardewValley.Quests.Quest	type_itemDelivery	Public, Static, Literal, HasDefault
0x04001192	StardewValley.Quests.Quest	type_monster	Public, Static, Literal, HasDefault
0x04001193	StardewValley.Quests.Quest	type_socialize	Public, Static, Literal, HasDefault
0x04001194	StardewValley.Quests.Quest	type_location	Public, Static, Literal, HasDefault
0x04001195	StardewValley.Quests.Quest	type_fishing	Public, Static, Literal, HasDefault
0x04001196	StardewValley.Quests.Quest	type_building	Public, Static, Literal, HasDefault
0x04001197	StardewValley.Quests.Quest	type_harvest	Public, Static, Literal, HasDefault
0x04001198	StardewValley.Quests.Quest	type_resource	Public, Static, Literal, HasDefault
0x04001199	StardewValley.Quests.Quest	type_weeding	Public, Static, Literal, HasDefault
0x0400119A	StardewValley.Quests.Quest	_currentObjective	Public
0x0400119B	StardewValley.Quests.Quest	_questDescription	Public
0x0400119C	StardewValley.Quests.Quest	_questTitle	Public
0x0400119D	StardewValley.Quests.Quest	rewardDescription	Public, InitOnly
0x0400119E	StardewValley.Quests.Quest	accepted	Public, InitOnly
0x0400119F	StardewValley.Quests.Quest	completed	Public, InitOnly
0x040011A0	StardewValley.Quests.Quest	dailyQuest	Public, InitOnly
0x040011A1	StardewValley.Quests.Quest	showNew	Public, InitOnly
0x040011A2	StardewValley.Quests.Quest	canBeCancelled	Public, InitOnly
0x040011A3	StardewValley.Quests.Quest	destroy	Public, InitOnly
0x040011A4	StardewValley.Quests.Quest	id	Public, InitOnly
0x040011A5	StardewValley.Quests.Quest	moneyReward	Public, InitOnly
0x040011A6	StardewValley.Quests.Quest	questType	Public, InitOnly
0x040011A7	StardewValley.Quests.Quest	daysLeft	Public, InitOnly
0x040011A8	StardewValley.Quests.Quest	dayQuestAccepted	Public, InitOnly
0x040011A9	StardewValley.Quests.Quest	nextQuests	Public, InitOnly
0x040011AA	StardewValley.Quests.Quest	<modData>k__BackingField	Private, InitOnly
0x040011AB	StardewValley.Quests.Quest	obsolete_completionString	Public
0x040011AC	StardewValley.Quests.Quest	<NetFields>k__BackingField	Private, InitOnly
0x040011AD	StardewValley.Quests.Quest	_loadedDescription	Private
0x040011AE	StardewValley.Quests.Quest	_loadedTitle	Family
0x040011AF	StardewValley.Quests.ResourceCollectionQuest	target	Public, InitOnly
0x040011B0	StardewValley.Quests.ResourceCollectionQuest	targetMessage	Public, InitOnly
0x040011B1	StardewValley.Quests.ResourceCollectionQuest	numberCollected	Public, InitOnly
0x040011B2	StardewValley.Quests.ResourceCollectionQuest	number	Public, InitOnly
0x040011B3	StardewValley.Quests.ResourceCollectionQuest	reward	Public, InitOnly
0x040011B4	StardewValley.Quests.ResourceCollectionQuest	ItemId	Public, InitOnly
0x040011B5	StardewValley.Quests.ResourceCollectionQuest	parts	Public, InitOnly
0x040011B6	StardewValley.Quests.ResourceCollectionQuest	dialogueparts	Public, InitOnly
0x040011B7	StardewValley.Quests.ResourceCollectionQuest	objective	Public, InitOnly
0x040011B8	StardewValley.Quests.SecretLostItemQuest	npcName	Public, InitOnly
0x040011B9	StardewValley.Quests.SecretLostItemQuest	friendshipReward	Public, InitOnly
0x040011BA	StardewValley.Quests.SecretLostItemQuest	exclusiveQuestId	Public, InitOnly
0x040011BB	StardewValley.Quests.SecretLostItemQuest	ItemId	Public, InitOnly
0x040011BC	StardewValley.Quests.SecretLostItemQuest	itemFound	Public, InitOnly
0x040011BD	StardewValley.Quests.SlayMonsterQuest	targetMessage	Public
0x040011BE	StardewValley.Quests.SlayMonsterQuest	monsterName	Public, InitOnly
0x040011BF	StardewValley.Quests.SlayMonsterQuest	target	Public, InitOnly
0x040011C0	StardewValley.Quests.SlayMonsterQuest	monster	Public, InitOnly
0x040011C1	StardewValley.Quests.SlayMonsterQuest	numberToKill	Public, InitOnly
0x040011C2	StardewValley.Quests.SlayMonsterQuest	reward	Public, InitOnly
0x040011C3	StardewValley.Quests.SlayMonsterQuest	numberKilled	Public, InitOnly
0x040011C4	StardewValley.Quests.SlayMonsterQuest	parts	Public, InitOnly
0x040011C5	StardewValley.Quests.SlayMonsterQuest	dialogueparts	Public, InitOnly
0x040011C6	StardewValley.Quests.SlayMonsterQuest	objective	Public, InitOnly
0x040011C7	StardewValley.Quests.SlayMonsterQuest	ignoreFarmMonsters	Public, InitOnly
0x040011C8	StardewValley.Quests.SocializeQuest	whoToGreet	Public, InitOnly
0x040011C9	StardewValley.Quests.SocializeQuest	total	Public, InitOnly
0x040011CA	StardewValley.Quests.SocializeQuest	parts	Public, InitOnly
0x040011CB	StardewValley.Quests.SocializeQuest	objective	Public, InitOnly
0x040011CC	StardewValley.Projectiles.BasicProjectile	damageToFarmer	Public, InitOnly
0x040011CD	StardewValley.Projectiles.BasicProjectile	collisionSound	Public, InitOnly
0x040011CE	StardewValley.Projectiles.BasicProjectile	explode	Public, InitOnly
0x040011CF	StardewValley.Projectiles.BasicProjectile	collisionBehavior	Public
0x040011D0	StardewValley.Projectiles.BasicProjectile	debuff	Public
0x040011D1	StardewValley.Projectiles.BasicProjectile	debuffSound	Public
0x040011D2	StardewValley.Projectiles.DebuffingProjectile	debuff	Public, InitOnly
0x040011D3	StardewValley.Projectiles.DebuffingProjectile	wavyMotion	Public
0x040011D4	StardewValley.Projectiles.DebuffingProjectile	debuffIntensity	Public
0x040011D5	StardewValley.Projectiles.DebuffingProjectile	periodicEffectTimer	Private
0x040011D6	StardewValley.Projectiles.Projectile	travelTimeBeforeCollisionPossible	Public, Static, Literal, HasDefault
0x040011D7	StardewValley.Projectiles.Projectile	goblinsCurseIndex	Public, Static, Literal, HasDefault
0x040011D8	StardewValley.Projectiles.Projectile	flameBallIndex	Public, Static, Literal, HasDefault
0x040011D9	StardewValley.Projectiles.Projectile	fearBolt	Public, Static, Literal, HasDefault
0x040011DA	StardewValley.Projectiles.Projectile	shadowBall	Public, Static, Literal, HasDefault
0x040011DB	StardewValley.Projectiles.Projectile	bone	Public, Static, Literal, HasDefault
0x040011DC	StardewValley.Projectiles.Projectile	throwingKnife	Public, Static, Literal, HasDefault
0x040011DD	StardewValley.Projectiles.Projectile	snowBall	Public, Static, Literal, HasDefault
0x040011DE	StardewValley.Projectiles.Projectile	shamanBolt	Public, Static, Literal, HasDefault
0x040011DF	StardewValley.Projectiles.Projectile	frostBall	Public, Static, Literal, HasDefault
0x040011E0	StardewValley.Projectiles.Projectile	frozenBolt	Public, Static, Literal, HasDefault
0x040011E1	StardewValley.Projectiles.Projectile	fireball	Public, Static, Literal, HasDefault
0x040011E2	StardewValley.Projectiles.Projectile	slash	Public, Static, Literal, HasDefault
0x040011E3	StardewValley.Projectiles.Projectile	arrowBolt	Public, Static, Literal, HasDefault
0x040011E4	StardewValley.Projectiles.Projectile	launchedSlime	Public, Static, Literal, HasDefault
0x040011E5	StardewValley.Projectiles.Projectile	magicArrow	Public, Static, Literal, HasDefault
0x040011E6	StardewValley.Projectiles.Projectile	iceOrb	Public, Static, Literal, HasDefault
0x040011E7	StardewValley.Projectiles.Projectile	projectileSheetName	Public, Static, Literal, HasDefault
0x040011E8	StardewValley.Projectiles.Projectile	timePerTailUpdate	Public, Static, Literal, HasDefault
0x040011E9	StardewValley.Projectiles.Projectile	boundingBoxWidth	Public, InitOnly
0x040011EA	StardewValley.Projectiles.Projectile	projectileSheet	Public, Static
0x040011EB	StardewValley.Projectiles.Projectile	startingAlpha	Family
0x040011EC	StardewValley.Projectiles.Projectile	currentTileSheetIndex	Public, InitOnly
0x040011ED	StardewValley.Projectiles.Projectile	itemId	Public, InitOnly
0x040011EE	StardewValley.Projectiles.Projectile	position	Public, InitOnly
0x040011EF	StardewValley.Projectiles.Projectile	tailLength	Public, InitOnly
0x040011F0	StardewValley.Projectiles.Projectile	tailCounter	Public
0x040011F1	StardewValley.Projectiles.Projectile	bounceSound	Public, InitOnly
0x040011F2	StardewValley.Projectiles.Projectile	bouncesLeft	Public, InitOnly
0x040011F3	StardewValley.Projectiles.Projectile	piercesLeft	Public, InitOnly
0x040011F4	StardewValley.Projectiles.Projectile	travelTime	Public
0x040011F5	StardewValley.Projectiles.Projectile	_rotation	Family
0x040011F6	StardewValley.Projectiles.Projectile	hostTimeUntilAttackable	Public
0x040011F7	StardewValley.Projectiles.Projectile	startingRotation	Public, InitOnly
0x040011F8	StardewValley.Projectiles.Projectile	rotationVelocity	Public, InitOnly
0x040011F9	StardewValley.Projectiles.Projectile	alpha	Public, InitOnly
0x040011FA	StardewValley.Projectiles.Projectile	alphaChange	Public, InitOnly
0x040011FB	StardewValley.Projectiles.Projectile	xVelocity	Public, InitOnly
0x040011FC	StardewValley.Projectiles.Projectile	yVelocity	Public, InitOnly
0x040011FD	StardewValley.Projectiles.Projectile	acceleration	Public, InitOnly
0x040011FE	StardewValley.Projectiles.Projectile	maxVelocity	Public, InitOnly
0x040011FF	StardewValley.Projectiles.Projectile	color	Public, InitOnly
0x04001200	StardewValley.Projectiles.Projectile	tail	Public
0x04001201	StardewValley.Projectiles.Projectile	maxTravelDistance	Public, InitOnly
0x04001202	StardewValley.Projectiles.Projectile	travelDistance	Public
0x04001203	StardewValley.Projectiles.Projectile	projectileID	Public, InitOnly
0x04001204	StardewValley.Projectiles.Projectile	uniqueID	Public, InitOnly
0x04001205	StardewValley.Projectiles.Projectile	height	Public
0x04001206	StardewValley.Projectiles.Projectile	damagesMonsters	Public, InitOnly
0x04001207	StardewValley.Projectiles.Projectile	theOneWhoFiredMe	Public, InitOnly
0x04001208	StardewValley.Projectiles.Projectile	ignoreTravelGracePeriod	Public, InitOnly
0x04001209	StardewValley.Projectiles.Projectile	ignoreLocationCollision	Public, InitOnly
0x0400120A	StardewValley.Projectiles.Projectile	ignoreObjectCollisions	Public, InitOnly
0x0400120B	StardewValley.Projectiles.Projectile	ignoreMeleeAttacks	Public, InitOnly
0x0400120C	StardewValley.Projectiles.Projectile	ignoreCharacterCollisions	Public, InitOnly
0x0400120D	StardewValley.Projectiles.Projectile	destroyMe	Public
0x0400120E	StardewValley.Projectiles.Projectile	startingScale	Public, InitOnly
0x0400120F	StardewValley.Projectiles.Projectile	_localScale	Family
0x04001210	StardewValley.Projectiles.Projectile	scaleGrow	Public, InitOnly
0x04001211	StardewValley.Projectiles.Projectile	light	Public
0x04001212	StardewValley.Projectiles.Projectile	hasLit	Public
0x04001213	StardewValley.Projectiles.Projectile	lightSourceId	Public
0x04001214	StardewValley.Projectiles.Projectile	<modData>k__BackingField	Private, InitOnly
0x04001215	StardewValley.Projectiles.Projectile	<NetFields>k__BackingField	Private, InitOnly
0x04001216	StardewValley.Pathfinding.LocationWarpRoute	LocationNames	Public, InitOnly
0x04001217	StardewValley.Pathfinding.LocationWarpRoute	OnlyGender	Public, InitOnly
0x04001218	StardewValley.Pathfinding.PathFindController	impassable	Public, Static, Literal, HasDefault
0x04001219	StardewValley.Pathfinding.PathFindController	timeToWaitBeforeCancelling	Public, Static, Literal, HasDefault
0x0400121A	StardewValley.Pathfinding.PathFindController	character	Private
0x0400121B	StardewValley.Pathfinding.PathFindController	location	Public
0x0400121C	StardewValley.Pathfinding.PathFindController	pathToEndPoint	Public
0x0400121D	StardewValley.Pathfinding.PathFindController	endPoint	Public
0x0400121E	StardewValley.Pathfinding.PathFindController	finalFacingDirection	Public
0x0400121F	StardewValley.Pathfinding.PathFindController	pausedTimer	Public
0x04001220	StardewValley.Pathfinding.PathFindController	endBehaviorFunction	Public
0x04001221	StardewValley.Pathfinding.PathFindController	nonDestructivePathing	Public
0x04001222	StardewValley.Pathfinding.PathFindController	allowPlayerPathingInEvent	Public
0x04001223	StardewValley.Pathfinding.PathFindController	NPCSchedule	Public
0x04001224	StardewValley.Pathfinding.PathFindController	Directions	Family, Static, InitOnly
0x04001225	StardewValley.Pathfinding.PathFindController	_openList	Family, Static
0x04001226	StardewValley.Pathfinding.PathFindController	_closedList	Family, Static
0x04001227	StardewValley.Pathfinding.PathFindController	_counter	Family, Static
0x04001228	StardewValley.Pathfinding.PathFindController	timerSinceLastCheckPoint	Public
0x04001229	StardewValley.Pathfinding.PathNode	x	Public, InitOnly
0x0400122A	StardewValley.Pathfinding.PathNode	y	Public, InitOnly
0x0400122B	StardewValley.Pathfinding.PathNode	id	Public, InitOnly
0x0400122C	StardewValley.Pathfinding.PathNode	g	Public
0x0400122D	StardewValley.Pathfinding.PathNode	parent	Public
0x0400122E	StardewValley.Pathfinding.PriorityQueue	total_size	Private
0x0400122F	StardewValley.Pathfinding.PriorityQueue	nodes	Private
0x04001230	StardewValley.Pathfinding.SchedulePathDescription	route	Public
0x04001231	StardewValley.Pathfinding.SchedulePathDescription	time	Public
0x04001232	StardewValley.Pathfinding.SchedulePathDescription	facingDirection	Public
0x04001233	StardewValley.Pathfinding.SchedulePathDescription	endOfRouteBehavior	Public
0x04001234	StardewValley.Pathfinding.SchedulePathDescription	endOfRouteMessage	Public
0x04001235	StardewValley.Pathfinding.SchedulePathDescription	targetLocationName	Public
0x04001236	StardewValley.Pathfinding.SchedulePathDescription	targetTile	Public
0x04001237	StardewValley.Pathfinding.WarpPathfindingCache	Routes	Private, Static, InitOnly
0x04001238	StardewValley.Pathfinding.WarpPathfindingCache	IgnoreLocationNames	Public, Static, InitOnly
0x04001239	StardewValley.Pathfinding.WarpPathfindingCache	OverrideTargetNames	Public, Static, InitOnly
0x0400123A	StardewValley.Pathfinding.WarpPathfindingCache	GenderRestrictions	Public, Static, InitOnly
0x0400123B	StardewValley.Objects.BedFurniture	DEFAULT_BED_INDEX	Public, Static
0x0400123C	StardewValley.Objects.BedFurniture	DOUBLE_BED_INDEX	Public, Static
0x0400123D	StardewValley.Objects.BedFurniture	CHILD_BED_INDEX	Public, Static
0x0400123E	StardewValley.Objects.BedFurniture	bedTileOffset	Public
0x0400123F	StardewValley.Objects.BedFurniture	_alreadyAttempingRemoval	Family
0x04001240	StardewValley.Objects.BedFurniture	ignoreContextualBedSpotOffset	Public, Static
0x04001241	StardewValley.Objects.BedFurniture	_bedType	Family
0x04001242	StardewValley.Objects.BedFurniture	mutex	Public
0x04001243	StardewValley.Objects.Boots	defenseBonus	Public, InitOnly
0x04001244	StardewValley.Objects.Boots	immunityBonus	Public, InitOnly
0x04001245	StardewValley.Objects.Boots	indexInTileSheet	Public, InitOnly
0x04001246	StardewValley.Objects.Boots	price	Public, InitOnly
0x04001247	StardewValley.Objects.Boots	indexInColorSheet	Public, InitOnly
0x04001248	StardewValley.Objects.Boots	appliedBootSheetIndex	Public, InitOnly
0x04001249	StardewValley.Objects.Boots	displayName	Public
0x0400124A	StardewValley.Objects.Boots	description	Public
0x0400124B	StardewValley.Objects.Boots	<TypeDefinitionId>k__BackingField	Private, InitOnly
0x0400124C	StardewValley.Objects.BreakableContainer	barrelId	Public, Static, Literal, HasDefault
0x0400124D	StardewValley.Objects.BreakableContainer	frostBarrelId	Public, Static, Literal, HasDefault
0x0400124E	StardewValley.Objects.BreakableContainer	darkBarrelId	Public, Static, Literal, HasDefault
0x0400124F	StardewValley.Objects.BreakableContainer	desertBarrelId	Public, Static, Literal, HasDefault
0x04001250	StardewValley.Objects.BreakableContainer	volcanoBarrelId	Public, Static, Literal, HasDefault
0x04001251	StardewValley.Objects.BreakableContainer	waterBarrelId	Public, Static, Literal, HasDefault
0x04001252	StardewValley.Objects.BreakableContainer	debris	Private, InitOnly
0x04001253	StardewValley.Objects.BreakableContainer	shakeTimer	Private
0x04001254	StardewValley.Objects.BreakableContainer	health	Private, InitOnly
0x04001255	StardewValley.Objects.BreakableContainer	hitSound	Private, InitOnly
0x04001256	StardewValley.Objects.BreakableContainer	breakSound	Private, InitOnly
0x04001257	StardewValley.Objects.BreakableContainer	breakDebrisSource	Private, InitOnly
0x04001258	StardewValley.Objects.BreakableContainer	breakDebrisSource2	Private, InitOnly
0x04001259	StardewValley.Objects.Cask	defaultDaysToMature	Public, Static, Literal, HasDefault
0x0400125A	StardewValley.Objects.Cask	agingRate	Public, InitOnly
0x0400125B	StardewValley.Objects.Cask	daysToMature	Public, InitOnly
0x0400125C	StardewValley.Objects.Chest	capacity	Public, Static, Literal, HasDefault
0x0400125D	StardewValley.Objects.Chest	hitTimerInstance	Assembly
0x0400125E	StardewValley.Objects.Chest	startingLidFrame	Public, InitOnly
0x0400125F	StardewValley.Objects.Chest	lidFrameCount	Public, InitOnly
0x04001260	StardewValley.Objects.Chest	currentLidFrame	Private
0x04001261	StardewValley.Objects.Chest	frameCounter	Public, InitOnly
0x04001262	StardewValley.Objects.Chest	netItems	Public
0x04001263	StardewValley.Objects.Chest	separateWalletItems	Public, InitOnly
0x04001264	StardewValley.Objects.Chest	tint	Public, InitOnly
0x04001265	StardewValley.Objects.Chest	playerChoiceColor	Public, InitOnly
0x04001266	StardewValley.Objects.Chest	playerChest	Public, InitOnly
0x04001267	StardewValley.Objects.Chest	fridge	Public, InitOnly
0x04001268	StardewValley.Objects.Chest	giftbox	Public, InitOnly
0x04001269	StardewValley.Objects.Chest	giftboxIndex	Public, InitOnly
0x0400126A	StardewValley.Objects.Chest	giftboxIsStarterGift	Public, InitOnly
0x0400126B	StardewValley.Objects.Chest	bigCraftableSpriteIndex	Public, InitOnly
0x0400126C	StardewValley.Objects.Chest	dropContents	Public, InitOnly
0x0400126D	StardewValley.Objects.Chest	mailToAddOnItemDump	Public
0x0400126E	StardewValley.Objects.Chest	synchronized	Public, InitOnly
0x0400126F	StardewValley.Objects.Chest	_shippingBinFrameCounter	Public
0x04001270	StardewValley.Objects.Chest	_farmerNearby	Public
0x04001271	StardewValley.Objects.Chest	kickStartTile	Public
0x04001272	StardewValley.Objects.Chest	localKickStartTile	Public
0x04001273	StardewValley.Objects.Chest	kickProgress	Public
0x04001274	StardewValley.Objects.Chest	openChestEvent	Public, InitOnly
0x04001275	StardewValley.Objects.Chest	specialChestType	Public, InitOnly
0x04001276	StardewValley.Objects.Chest	globalInventoryId	Public, InitOnly
0x04001277	StardewValley.Objects.Chest	mutex	Public, InitOnly
0x04001278	StardewValley.Objects.Clothing	SHIRT_SHEET_WIDTH	Public, Static, Literal, HasDefault
0x04001279	StardewValley.Objects.Clothing	DefaultShirtSheetName	Public, Static, Literal, HasDefault
0x0400127A	StardewValley.Objects.Clothing	DefaultPantsSheetName	Public, Static, Literal, HasDefault
0x0400127B	StardewValley.Objects.Clothing	MinShirtId	Public, Static, Literal, HasDefault
0x0400127C	StardewValley.Objects.Clothing	price	Public, InitOnly
0x0400127D	StardewValley.Objects.Clothing	indexInTileSheet	Public, InitOnly
0x0400127E	StardewValley.Objects.Clothing	obsolete_indexInTileSheetFemale	Public
0x0400127F	StardewValley.Objects.Clothing	description	Public
0x04001280	StardewValley.Objects.Clothing	displayName	Public
0x04001281	StardewValley.Objects.Clothing	clothesType	Public, InitOnly
0x04001282	StardewValley.Objects.Clothing	dyeable	Public, InitOnly
0x04001283	StardewValley.Objects.Clothing	clothesColor	Public, InitOnly
0x04001284	StardewValley.Objects.Clothing	isPrismatic	Public, InitOnly
0x04001285	StardewValley.Objects.Clothing	_loadedData	Family
0x04001286	StardewValley.Objects.ColoredObject	color	Public, InitOnly
0x04001287	StardewValley.Objects.ColoredObject	colorSameIndexAsParentSheetIndex	Public, InitOnly
0x04001288	StardewValley.Objects.CombinedRing	combinedRings	Public
0x04001289	StardewValley.Objects.CrabPot	lidFlapTimerInterval	Public, Static, Literal, HasDefault
0x0400128A	StardewValley.Objects.CrabPot	yBob	Public
0x0400128B	StardewValley.Objects.CrabPot	directionOffset	Public, InitOnly
0x0400128C	StardewValley.Objects.CrabPot	bait	Public, InitOnly
0x0400128D	StardewValley.Objects.CrabPot	tileIndexToShow	Public
0x0400128E	StardewValley.Objects.CrabPot	lidFlapping	Public
0x0400128F	StardewValley.Objects.CrabPot	lidClosing	Public
0x04001290	StardewValley.Objects.CrabPot	lidFlapTimer	Public
0x04001291	StardewValley.Objects.CrabPot	shakeTimer	Public
0x04001292	StardewValley.Objects.CrabPot	shake	Public
0x04001293	StardewValley.Objects.CrabPot	ignoreRemovalTimer	Private
0x04001294	StardewValley.Objects.FishTankFurniture	TANK_DEPTH	Public, Static, Literal, HasDefault
0x04001295	StardewValley.Objects.FishTankFurniture	FLOOR_DECORATION_OFFSET	Public, Static, Literal, HasDefault
0x04001296	StardewValley.Objects.FishTankFurniture	TANK_SORT_REGION	Public, Static, Literal, HasDefault
0x04001297	StardewValley.Objects.FishTankFurniture	bubbles	Public
0x04001298	StardewValley.Objects.FishTankFurniture	tankFish	Public
0x04001299	StardewValley.Objects.FishTankFurniture	refreshFishEvent	Public
0x0400129A	StardewValley.Objects.FishTankFurniture	fishDirty	Public
0x0400129B	StardewValley.Objects.FishTankFurniture	_aquariumTexture	Private
0x0400129C	StardewValley.Objects.FishTankFurniture	floorDecorations	Public
0x0400129D	StardewValley.Objects.FishTankFurniture	decorationSlots	Public
0x0400129E	StardewValley.Objects.FishTankFurniture	floorDecorationIndices	Public
0x0400129F	StardewValley.Objects.FishTankFurniture	generationSeed	Public
0x040012A0	StardewValley.Objects.FishTankFurniture	localDepositedItem	Public
0x040012A1	StardewValley.Objects.FishTankFurniture	_currentDecorationIndex	Family
0x040012A2	StardewValley.Objects.FishTankFurniture	_fishLookup	Family
0x040012A3	StardewValley.Objects.TankFish	field_spriteIndex	Public, Static, Literal, HasDefault
0x040012A4	StardewValley.Objects.TankFish	field_type	Public, Static, Literal, HasDefault
0x040012A5	StardewValley.Objects.TankFish	field_idleAnimations	Public, Static, Literal, HasDefault
0x040012A6	StardewValley.Objects.TankFish	field_dartStartFrames	Public, Static, Literal, HasDefault
0x040012A7	StardewValley.Objects.TankFish	field_dartHoldFrames	Public, Static, Literal, HasDefault
0x040012A8	StardewValley.Objects.TankFish	field_dartEndFrames	Public, Static, Literal, HasDefault
0x040012A9	StardewValley.Objects.TankFish	field_texture	Public, Static, Literal, HasDefault
0x040012AA	StardewValley.Objects.TankFish	field_hatOffset	Public, Static, Literal, HasDefault
0x040012AB	StardewValley.Objects.TankFish	_tank	Family
0x040012AC	StardewValley.Objects.TankFish	position	Public
0x040012AD	StardewValley.Objects.TankFish	zPosition	Public
0x040012AE	StardewValley.Objects.TankFish	facingLeft	Public
0x040012AF	StardewValley.Objects.TankFish	velocity	Public
0x040012B0	StardewValley.Objects.TankFish	_texture	Family
0x040012B1	StardewValley.Objects.TankFish	nextSwim	Public
0x040012B2	StardewValley.Objects.TankFish	fishItemId	Public
0x040012B3	StardewValley.Objects.TankFish	fishIndex	Public
0x040012B4	StardewValley.Objects.TankFish	currentFrame	Public
0x040012B5	StardewValley.Objects.TankFish	hatPosition	Public
0x040012B6	StardewValley.Objects.TankFish	frogVariant	Public
0x040012B7	StardewValley.Objects.TankFish	numberOfDarts	Public
0x040012B8	StardewValley.Objects.TankFish	fishType	Public
0x040012B9	StardewValley.Objects.TankFish	minimumVelocity	Public
0x040012BA	StardewValley.Objects.TankFish	fishScale	Public
0x040012BB	StardewValley.Objects.TankFish	currentAnimation	Public
0x040012BC	StardewValley.Objects.TankFish	idleAnimation	Public
0x040012BD	StardewValley.Objects.TankFish	dartStartAnimation	Public
0x040012BE	StardewValley.Objects.TankFish	dartHoldAnimation	Public
0x040012BF	StardewValley.Objects.TankFish	dartEndAnimation	Public
0x040012C0	StardewValley.Objects.TankFish	currentAnimationFrame	Public
0x040012C1	StardewValley.Objects.TankFish	currentFrameTime	Public
0x040012C2	StardewValley.Objects.TankFish	nextBubble	Public
0x040012C3	StardewValley.Objects.TankFish	isErrorFish	Public
0x040012C4	StardewValley.Objects.Furniture	chair	Public, Static, Literal, HasDefault
0x040012C5	StardewValley.Objects.Furniture	bench	Public, Static, Literal, HasDefault
0x040012C6	StardewValley.Objects.Furniture	couch	Public, Static, Literal, HasDefault
0x040012C7	StardewValley.Objects.Furniture	armchair	Public, Static, Literal, HasDefault
0x040012C8	StardewValley.Objects.Furniture	dresser	Public, Static, Literal, HasDefault
0x040012C9	StardewValley.Objects.Furniture	longTable	Public, Static, Literal, HasDefault
0x040012CA	StardewValley.Objects.Furniture	painting	Public, Static, Literal, HasDefault
0x040012CB	StardewValley.Objects.Furniture	lamp	Public, Static, Literal, HasDefault
0x040012CC	StardewValley.Objects.Furniture	decor	Public, Static, Literal, HasDefault
0x040012CD	StardewValley.Objects.Furniture	other	Public, Static, Literal, HasDefault
0x040012CE	StardewValley.Objects.Furniture	bookcase	Public, Static, Literal, HasDefault
0x040012CF	StardewValley.Objects.Furniture	table	Public, Static, Literal, HasDefault
0x040012D0	StardewValley.Objects.Furniture	rug	Public, Static, Literal, HasDefault
0x040012D1	StardewValley.Objects.Furniture	window	Public, Static, Literal, HasDefault
0x040012D2	StardewValley.Objects.Furniture	fireplace	Public, Static, Literal, HasDefault
0x040012D3	StardewValley.Objects.Furniture	bed	Public, Static, Literal, HasDefault
0x040012D4	StardewValley.Objects.Furniture	torch	Public, Static, Literal, HasDefault
0x040012D5	StardewValley.Objects.Furniture	sconce	Public, Static, Literal, HasDefault
0x040012D6	StardewValley.Objects.Furniture	furnitureTextureName	Public, Static, Literal, HasDefault
0x040012D7	StardewValley.Objects.Furniture	furniture_type	Public, InitOnly
0x040012D8	StardewValley.Objects.Furniture	rotations	Public, InitOnly
0x040012D9	StardewValley.Objects.Furniture	currentRotation	Public, InitOnly
0x040012DA	StardewValley.Objects.Furniture	sourceIndexOffset	Private, InitOnly
0x040012DB	StardewValley.Objects.Furniture	drawPosition	Family, InitOnly
0x040012DC	StardewValley.Objects.Furniture	sourceRect	Public, InitOnly
0x040012DD	StardewValley.Objects.Furniture	defaultSourceRect	Public, InitOnly
0x040012DE	StardewValley.Objects.Furniture	defaultBoundingBox	Public, InitOnly
0x040012DF	StardewValley.Objects.Furniture	drawHeldObjectLow	Public, InitOnly
0x040012E0	StardewValley.Objects.Furniture	sittingFarmers	Public
0x040012E1	StardewValley.Objects.Furniture	lightGlowPosition	Public
0x040012E2	StardewValley.Objects.Furniture	AllowLocalRemoval	Public
0x040012E3	StardewValley.Objects.Furniture	isDrawingLocationFurniture	Public, Static
0x040012E4	StardewValley.Objects.Furniture	_frontTextureName	Family, Static
0x040012E5	StardewValley.Objects.Furniture	_placementRestriction	Private
0x040012E6	StardewValley.Objects.Furniture	_description	Private
0x040012E7	StardewValley.Objects.Furniture	<TypeDefinitionId>k__BackingField	Private, InitOnly
0x040012E8	StardewValley.Objects.Hat	widthOfTileSheetSquare	Public, Static, Literal, HasDefault
0x040012E9	StardewValley.Objects.Hat	heightOfTileSheetSquare	Public, Static, Literal, HasDefault
0x040012EA	StardewValley.Objects.Hat	data_index_internalName	Public, Static, Literal, HasDefault
0x040012EB	StardewValley.Objects.Hat	data_index_description	Public, Static, Literal, HasDefault
0x040012EC	StardewValley.Objects.Hat	data_index_showFullHair	Public, Static, Literal, HasDefault
0x040012ED	StardewValley.Objects.Hat	data_index_ignoreHairOffset	Public, Static, Literal, HasDefault
0x040012EE	StardewValley.Objects.Hat	data_index_tags	Public, Static, Literal, HasDefault
0x040012EF	StardewValley.Objects.Hat	data_index_displayName	Public, Static, Literal, HasDefault
0x040012F0	StardewValley.Objects.Hat	data_index_texture	Public, Static, Literal, HasDefault
0x040012F1	StardewValley.Objects.Hat	obsolete_which	Public
0x040012F2	StardewValley.Objects.Hat	skipHairDraw	Public
0x040012F3	StardewValley.Objects.Hat	ignoreHairstyleOffset	Public, InitOnly
0x040012F4	StardewValley.Objects.Hat	hairDrawType	Public, InitOnly
0x040012F5	StardewValley.Objects.Hat	isPrismatic	Public, InitOnly
0x040012F6	StardewValley.Objects.Hat	_isMask	Family
0x040012F7	StardewValley.Objects.Hat	enchantments	Public
0x040012F8	StardewValley.Objects.Hat	previousEnchantments	Public
0x040012F9	StardewValley.Objects.Hat	<TypeDefinitionId>k__BackingField	Private, InitOnly
0x040012FA	StardewValley.Objects.Hat	displayName	Public
0x040012FB	StardewValley.Objects.Hat	description	Public
0x040012FC	StardewValley.Objects.IndoorPot	hoeDirt	Public, InitOnly
0x040012FD	StardewValley.Objects.IndoorPot	bush	Public, InitOnly
0x040012FE	StardewValley.Objects.IndoorPot	bushLoadDirty	Public, InitOnly
0x040012FF	StardewValley.Objects.ItemPedestal	itemModifyMutex	Public
0x04001300	StardewValley.Objects.ItemPedestal	requiredItem	Public
0x04001301	StardewValley.Objects.ItemPedestal	successColor	Public
0x04001302	StardewValley.Objects.ItemPedestal	lockOnSuccess	Public
0x04001303	StardewValley.Objects.ItemPedestal	locked	Public
0x04001304	StardewValley.Objects.ItemPedestal	match	Public
0x04001305	StardewValley.Objects.ItemPedestal	isIslandShrinePedestal	Public, InitOnly
0x04001306	StardewValley.Objects.ItemPedestal	texture	Public
0x04001307	StardewValley.Objects.Mannequin	_description	Family
0x04001308	StardewValley.Objects.Mannequin	_data	Family
0x04001309	StardewValley.Objects.Mannequin	displayNameOverride	Public
0x0400130A	StardewValley.Objects.Mannequin	changeMutex	Public, InitOnly
0x0400130B	StardewValley.Objects.Mannequin	hat	Public, InitOnly
0x0400130C	StardewValley.Objects.Mannequin	shirt	Public, InitOnly
0x0400130D	StardewValley.Objects.Mannequin	pants	Public, InitOnly
0x0400130E	StardewValley.Objects.Mannequin	boots	Public, InitOnly
0x0400130F	StardewValley.Objects.Mannequin	facing	Public, InitOnly
0x04001310	StardewValley.Objects.Mannequin	swappedWithFarmerTonight	Public, InitOnly
0x04001311	StardewValley.Objects.Mannequin	renderCache	Private
0x04001312	StardewValley.Objects.Mannequin	eyeTimer	Assembly
0x04001313	StardewValley.Objects.Mannequin	<TypeDefinitionId>k__BackingField	Private, InitOnly
0x04001314	StardewValley.Objects.MiniJukebox	showNote	Private
0x04001315	StardewValley.Objects.PetLicense	Delimiter	Public, Static, Literal, HasDefault
0x04001316	StardewValley.Objects.Phone	PhoneHandlers	Public, Static
0x04001317	StardewValley.Objects.Phone	RING_DURATION	Public, Static, Literal, HasDefault
0x04001318	StardewValley.Objects.Phone	RING_CYCLE_TIME	Public, Static, Literal, HasDefault
0x04001319	StardewValley.Objects.Phone	r	Public, Static
0x0400131A	StardewValley.Objects.Phone	_phoneSoundPlaying	Family, Static
0x0400131B	StardewValley.Objects.Phone	ringingTimer	Public, Static
0x0400131C	StardewValley.Objects.Phone	whichPhoneCall	Public, Static
0x0400131D	StardewValley.Objects.Phone	lastRunTick	Public, Static
0x0400131E	StardewValley.Objects.Phone	lastMinutesElapsedTick	Public, Static
0x0400131F	StardewValley.Objects.Phone	intervalsToRing	Public, Static
0x04001320	StardewValley.Objects.RandomizedPlantFurniture	topIndex	Public
0x04001321	StardewValley.Objects.RandomizedPlantFurniture	middleIndex	Public
0x04001322	StardewValley.Objects.RandomizedPlantFurniture	bottomIndex	Public
0x04001323	StardewValley.Objects.Ring	SmallGlowRingId	Public, Static, Literal, HasDefault
0x04001324	StardewValley.Objects.Ring	GlowRingId	Public, Static, Literal, HasDefault
0x04001325	StardewValley.Objects.Ring	SmallMagnetRingId	Public, Static, Literal, HasDefault
0x04001326	StardewValley.Objects.Ring	MagnetRingId	Public, Static, Literal, HasDefault
0x04001327	StardewValley.Objects.Ring	SlimeCharmerRingId	Public, Static, Literal, HasDefault
0x04001328	StardewValley.Objects.Ring	WarriorRingId	Public, Static, Literal, HasDefault
0x04001329	StardewValley.Objects.Ring	VampireRingId	Public, Static, Literal, HasDefault
0x0400132A	StardewValley.Objects.Ring	SavageRingId	Public, Static, Literal, HasDefault
0x0400132B	StardewValley.Objects.Ring	YobaRingId	Public, Static, Literal, HasDefault
0x0400132C	StardewValley.Objects.Ring	SturdyRingId	Public, Static, Literal, HasDefault
0x0400132D	StardewValley.Objects.Ring	BurglarsRingId	Public, Static, Literal, HasDefault
0x0400132E	StardewValley.Objects.Ring	IridiumBandId	Public, Static, Literal, HasDefault
0x0400132F	StardewValley.Objects.Ring	AmethystRingId	Public, Static, Literal, HasDefault
0x04001330	StardewValley.Objects.Ring	TopazRingId	Public, Static, Literal, HasDefault
0x04001331	StardewValley.Objects.Ring	AquamarineRingId	Public, Static, Literal, HasDefault
0x04001332	StardewValley.Objects.Ring	JadeRingId	Public, Static, Literal, HasDefault
0x04001333	StardewValley.Objects.Ring	EmeraldRingId	Public, Static, Literal, HasDefault
0x04001334	StardewValley.Objects.Ring	RubyRingId	Public, Static, Literal, HasDefault
0x04001335	StardewValley.Objects.Ring	WeddingRingId	Public, Static, Literal, HasDefault
0x04001336	StardewValley.Objects.Ring	CrabshellRingId	Public, Static, Literal, HasDefault
0x04001337	StardewValley.Objects.Ring	NapalmRingId	Public, Static, Literal, HasDefault
0x04001338	StardewValley.Objects.Ring	ThornsRingId	Public, Static, Literal, HasDefault
0x04001339	StardewValley.Objects.Ring	LuckyRingId	Public, Static, Literal, HasDefault
0x0400133A	StardewValley.Objects.Ring	HotJavaRingId	Public, Static, Literal, HasDefault
0x0400133B	StardewValley.Objects.Ring	ProtectiveRingId	Public, Static, Literal, HasDefault
0x0400133C	StardewValley.Objects.Ring	SoulSapperRingId	Public, Static, Literal, HasDefault
0x0400133D	StardewValley.Objects.Ring	PhoenixRingId	Public, Static, Literal, HasDefault
0x0400133E	StardewValley.Objects.Ring	CombinedRingId	Public, Static, Literal, HasDefault
0x0400133F	StardewValley.Objects.Ring	ImmunityBandId	Public, Static, Literal, HasDefault
0x04001340	StardewValley.Objects.Ring	GlowstoneRingId	Public, Static, Literal, HasDefault
0x04001341	StardewValley.Objects.Ring	price	Public, InitOnly
0x04001342	StardewValley.Objects.Ring	obsolete_indexInTileSheet	Public
0x04001343	StardewValley.Objects.Ring	description	Public
0x04001344	StardewValley.Objects.Ring	displayName	Public
0x04001345	StardewValley.Objects.Ring	lightSourceId	Public
0x04001346	StardewValley.Objects.Ring	<TypeDefinitionId>k__BackingField	Private, InitOnly
0x04001347	StardewValley.Objects.Sign	OBJECT	Public, Static, Literal, HasDefault
0x04001348	StardewValley.Objects.Sign	HAT	Public, Static, Literal, HasDefault
0x04001349	StardewValley.Objects.Sign	BIG_OBJECT	Public, Static, Literal, HasDefault
0x0400134A	StardewValley.Objects.Sign	RING	Public, Static, Literal, HasDefault
0x0400134B	StardewValley.Objects.Sign	FURNITURE	Public, Static, Literal, HasDefault
0x0400134C	StardewValley.Objects.Sign	displayItem	Public, InitOnly
0x0400134D	StardewValley.Objects.Sign	displayType	Public, InitOnly
0x0400134E	StardewValley.Objects.SpecialItem	skullKey	Public, Static, Literal, HasDefault
0x0400134F	StardewValley.Objects.SpecialItem	clubCard	Public, Static, Literal, HasDefault
0x04001350	StardewValley.Objects.SpecialItem	specialCharm	Public, Static, Literal, HasDefault
0x04001351	StardewValley.Objects.SpecialItem	backpack	Public, Static, Literal, HasDefault
0x04001352	StardewValley.Objects.SpecialItem	magnifyingGlass	Public, Static, Literal, HasDefault
0x04001353	StardewValley.Objects.SpecialItem	darkTalisman	Public, Static, Literal, HasDefault
0x04001354	StardewValley.Objects.SpecialItem	magicInk	Public, Static, Literal, HasDefault
0x04001355	StardewValley.Objects.SpecialItem	which	Public, InitOnly
0x04001356	StardewValley.Objects.SpecialItem	<TypeDefinitionId>k__BackingField	Private, InitOnly
0x04001357	StardewValley.Objects.SpecialItem	_displayName	Private
0x04001358	StardewValley.Objects.StorageFurniture	heldItems	Public, InitOnly
0x04001359	StardewValley.Objects.StorageFurniture	mutex	Public, InitOnly
0x0400135A	StardewValley.Objects.TV	customChannel	Public, Static, Literal, HasDefault
0x0400135B	StardewValley.Objects.TV	weatherChannel	Public, Static, Literal, HasDefault
0x0400135C	StardewValley.Objects.TV	fortuneTellerChannel	Public, Static, Literal, HasDefault
0x0400135D	StardewValley.Objects.TV	tipsChannel	Public, Static, Literal, HasDefault
0x0400135E	StardewValley.Objects.TV	cookingChannel	Public, Static, Literal, HasDefault
0x0400135F	StardewValley.Objects.TV	fishingChannel	Public, Static, Literal, HasDefault
0x04001360	StardewValley.Objects.TV	currentChannel	Private
0x04001361	StardewValley.Objects.TV	screen	Private
0x04001362	StardewValley.Objects.TV	screenOverlay	Private
0x04001363	StardewValley.Objects.TV	weekToRecipeMap	Private, Static
0x04001364	StardewValley.Objects.Wallpaper	sourceRect	Public, InitOnly
0x04001365	StardewValley.Objects.Wallpaper	isFloor	Public, InitOnly
0x04001366	StardewValley.Objects.Wallpaper	setId	Public, InitOnly
0x04001367	StardewValley.Objects.Wallpaper	setData	Family
0x04001368	StardewValley.Objects.Wallpaper	wallpaperContainerRect	Private, Static, InitOnly
0x04001369	StardewValley.Objects.Wallpaper	floorContainerRect	Private, Static, InitOnly
0x0400136A	StardewValley.Objects.WoodChipper	CHIP_TIME	Public, Static, Literal, HasDefault
0x0400136B	StardewValley.Objects.WoodChipper	depositedItem	Public, InitOnly
0x0400136C	StardewValley.Objects.WoodChipper	_isAnimatingChip	Family
0x0400136D	StardewValley.Objects.WoodChipper	nextSmokeTime	Public
0x0400136E	StardewValley.Objects.WoodChipper	nextShakeTime	Public
0x0400136F	StardewValley.Objects.Workbench	mutex	Public, InitOnly
0x04001370	StardewValley.Objects.Trinkets.Trinket	_description	Family
0x04001371	StardewValley.Objects.Trinkets.Trinket	_data	Family
0x04001372	StardewValley.Objects.Trinkets.Trinket	_trinketEffect	Family
0x04001373	StardewValley.Objects.Trinkets.Trinket	_trinketEffectClassName	Family
0x04001374	StardewValley.Objects.Trinkets.Trinket	displayNameOverride	Family
0x04001375	StardewValley.Objects.Trinkets.Trinket	displayNameOverrideTemplate	Public, InitOnly
0x04001376	StardewValley.Objects.Trinkets.Trinket	descriptionSubstitutionTemplates	Public, InitOnly
0x04001377	StardewValley.Objects.Trinkets.Trinket	trinketMetadata	Public, InitOnly
0x04001378	StardewValley.Objects.Trinkets.Trinket	generationSeed	Public, InitOnly
0x04001379	StardewValley.Objects.Trinkets.Trinket	<TypeDefinitionId>k__BackingField	Private, InitOnly
0x0400137A	StardewValley.Objects.Trinkets.CompanionTrinketEffect	Variant	Public
0x0400137B	StardewValley.Objects.Trinkets.FairyBoxTrinketEffect	HealTimer	Public
0x0400137C	StardewValley.Objects.Trinkets.FairyBoxTrinketEffect	HealDelay	Public
0x0400137D	StardewValley.Objects.Trinkets.FairyBoxTrinketEffect	Power	Public
0x0400137E	StardewValley.Objects.Trinkets.FairyBoxTrinketEffect	DamageSinceLastHeal	Public
0x0400137F	StardewValley.Objects.Trinkets.IceOrbTrinketEffect	Range	Public, Static, Literal, HasDefault
0x04001380	StardewValley.Objects.Trinkets.IceOrbTrinketEffect	ProjectileTimer	Public
0x04001381	StardewValley.Objects.Trinkets.IceOrbTrinketEffect	ProjectileDelay	Public
0x04001382	StardewValley.Objects.Trinkets.IceOrbTrinketEffect	FreezeTime	Public
0x04001383	StardewValley.Objects.Trinkets.MagicQuiverTrinketEffect	CachedIgnoreLocations	Public, Static
0x04001384	StardewValley.Objects.Trinkets.MagicQuiverTrinketEffect	CachedIgnoreMonsters	Public, Static
0x04001385	StardewValley.Objects.Trinkets.MagicQuiverTrinketEffect	Range	Public, Static, Literal, HasDefault
0x04001386	StardewValley.Objects.Trinkets.MagicQuiverTrinketEffect	ProjectileTimer	Public
0x04001387	StardewValley.Objects.Trinkets.MagicQuiverTrinketEffect	ProjectileDelay	Public
0x04001388	StardewValley.Objects.Trinkets.MagicQuiverTrinketEffect	MinDamage	Public
0x04001389	StardewValley.Objects.Trinkets.MagicQuiverTrinketEffect	MaxDamage	Public
0x0400138A	StardewValley.Objects.Trinkets.TrinketEffect	Trinket	Public
0x0400138B	StardewValley.Objects.Trinkets.TrinketEffect	GeneralStat	Public
0x0400138C	StardewValley.Objects.Trinkets.TrinketEffect	Companion	Public
0x0400138D	StardewValley.Network.BandwidthLogger	bitsDownSinceLastUpdate	Private
0x0400138E	StardewValley.Network.BandwidthLogger	bitsUpSinceLastUpdate	Private
0x0400138F	StardewValley.Network.BandwidthLogger	lastUpdateTime	Private
0x04001390	StardewValley.Network.BandwidthLogger	lastBitsDownPerSecond	Private
0x04001391	StardewValley.Network.BandwidthLogger	lastBitsUpPerSecond	Private
0x04001392	StardewValley.Network.BandwidthLogger	avgBitsUpPerSecond	Private
0x04001393	StardewValley.Network.BandwidthLogger	bitsUpPerSecondCount	Private
0x04001394	StardewValley.Network.BandwidthLogger	avgBitsDownPerSecond	Private
0x04001395	StardewValley.Network.BandwidthLogger	bitsDownPerSecondCount	Private
0x04001396	StardewValley.Network.BandwidthLogger	totalBitsDown	Private
0x04001397	StardewValley.Network.BandwidthLogger	totalBitsUp	Private
0x04001398	StardewValley.Network.BandwidthLogger	totalMs	Private
0x04001399	StardewValley.Network.BandwidthLogger	queueCapacity	Private
0x0400139A	StardewValley.Network.BandwidthLogger	bitsUp	Private
0x0400139B	StardewValley.Network.BandwidthLogger	bitsDown	Private
0x0400139C	StardewValley.Network.BarGraph	DYNAMIC_SCALE_MAX	Public, Static
0x0400139D	StardewValley.Network.BarGraph	DYNAMIC_SCALE_AVG	Public, Static
0x0400139E	StardewValley.Network.BarGraph	elements	Private
0x0400139F	StardewValley.Network.BarGraph	height	Private
0x040013A0	StardewValley.Network.BarGraph	width	Private
0x040013A1	StardewValley.Network.BarGraph	x	Private
0x040013A2	StardewValley.Network.BarGraph	y	Private
0x040013A3	StardewValley.Network.BarGraph	maxValue	Private
0x040013A4	StardewValley.Network.BarGraph	barColor	Private
0x040013A5	StardewValley.Network.BarGraph	elementWidth	Private
0x040013A6	StardewValley.Network.BarGraph	whiteTexture	Private
0x040013A7	StardewValley.Network.Bimap`2	leftToRight	Private
0x040013A8	StardewValley.Network.Bimap`2	rightToLeft	Private
0x040013A9	StardewValley.Network.BuilderData	buildingType	Public
0x040013AA	StardewValley.Network.BuilderData	daysUntilBuilt	Public
0x040013AB	StardewValley.Network.BuilderData	buildingLocation	Public
0x040013AC	StardewValley.Network.BuilderData	buildingTile	Public
0x040013AD	StardewValley.Network.BuilderData	isUpgrade	Public
0x040013AE	StardewValley.Network.BuilderData	<NetFields>k__BackingField	Private, InitOnly
0x040013AF	StardewValley.Network.Client	connectionTimeout	Public, Static, Literal, HasDefault
0x040013B0	StardewValley.Network.Client	hasHandshaked	Public
0x040013B1	StardewValley.Network.Client	readyToPlay	Public
0x040013B2	StardewValley.Network.Client	timedOut	Public
0x040013B3	StardewValley.Network.Client	connectionStarted	Public
0x040013B4	StardewValley.Network.Client	serverName	Public
0x040013B5	StardewValley.Network.Client	connectionMessage	Public
0x040013B6	StardewValley.Network.Client	pendingDisconnect	Public
0x040013B7	StardewValley.Network.Client	bandwidthLogger	Family
0x040013B8	StardewValley.Network.Client	timeoutTime	Family
0x040013B9	StardewValley.Network.Client	availableFarmhands	Public
0x040013BA	StardewValley.Network.Client	userNames	Public
0x040013BB	StardewValley.Network.FarmerCollection	_locationFilter	Private
0x040013BC	StardewValley.Network.GameServer	servers	Assembly
0x040013BD	StardewValley.Network.GameServer	pendingGameAvailableActions	Private
0x040013BE	StardewValley.Network.GameServer	pendingAvailableFarmhands	Private, InitOnly
0x040013BF	StardewValley.Network.GameServer	completedPendingActions	Private
0x040013C0	StardewValley.Network.GameServer	bannedUsers	Private
0x040013C1	StardewValley.Network.GameServer	_wasConnected	Family
0x040013C2	StardewValley.Network.GameServer	_isLocalMultiplayerInitiatedServer	Family
0x040013C3	StardewValley.Network.HookableClient	<OnProcessingMessage>k__BackingField	Private
0x040013C4	StardewValley.Network.HookableClient	<OnSendingMessage>k__BackingField	Private
0x040013C5	StardewValley.Network.HookableServer	<OnProcessingMessage>k__BackingField	Private
0x040013C6	StardewValley.Network.IncomingMessage	messageType	Private
0x040013C7	StardewValley.Network.IncomingMessage	farmerID	Private
0x040013C8	StardewValley.Network.IncomingMessage	data	Private
0x040013C9	StardewValley.Network.IncomingMessage	stream	Private
0x040013CA	StardewValley.Network.IncomingMessage	reader	Private
0x040013CB	StardewValley.Network.LidgrenClient	address	Public
0x040013CC	StardewValley.Network.LidgrenClient	client	Public
0x040013CD	StardewValley.Network.LidgrenClient	serverDiscovered	Private
0x040013CE	StardewValley.Network.LidgrenClient	maxRetryAttempts	Private
0x040013CF	StardewValley.Network.LidgrenClient	retryMs	Private
0x040013D0	StardewValley.Network.LidgrenClient	lastAttemptMs	Private
0x040013D1	StardewValley.Network.LidgrenClient	retryAttempts	Private
0x040013D2	StardewValley.Network.LidgrenClient	lastLatencyMs	Private
0x040013D3	StardewValley.Network.LidgrenServer	defaultPort	Public, Static, Literal, HasDefault
0x040013D4	StardewValley.Network.LidgrenServer	server	Public
0x040013D5	StardewValley.Network.LidgrenServer	introductionsSent	Private
0x040013D6	StardewValley.Network.LidgrenServer	peers	Family
0x040013D7	StardewValley.Network.LocationWeather	<NetFields>k__BackingField	Private, InitOnly
0x040013D8	StardewValley.Network.LocationWeather	weatherForTomorrow	Public, InitOnly
0x040013D9	StardewValley.Network.LocationWeather	weather	Public, InitOnly
0x040013DA	StardewValley.Network.LocationWeather	isRaining	Public, InitOnly
0x040013DB	StardewValley.Network.LocationWeather	isSnowing	Public, InitOnly
0x040013DC	StardewValley.Network.LocationWeather	isLightning	Public, InitOnly
0x040013DD	StardewValley.Network.LocationWeather	isDebrisWeather	Public, InitOnly
0x040013DE	StardewValley.Network.LocationWeather	isGreenRain	Public, InitOnly
0x040013DF	StardewValley.Network.LocationWeather	monthlyNonRainyDayCount	Public, InitOnly
0x040013E0	StardewValley.Network.NetAudio	audioEvent	Private, InitOnly
0x040013E1	StardewValley.Network.NetAudio	activeCues	Private, InitOnly
0x040013E2	StardewValley.Network.NetAudio	location	Private
0x040013E3	StardewValley.Network.NetAudio	<NetFields>k__BackingField	Private, InitOnly
0x040013E4	StardewValley.Network.NetBufferReadStream	offset	Private
0x040013E5	StardewValley.Network.NetBufferReadStream	Buffer	Public
0x040013E6	StardewValley.Network.NetBufferWriteStream	offset	Private
0x040013E7	StardewValley.Network.NetBufferWriteStream	Buffer	Public
0x040013E8	StardewValley.Network.NetCharacterRef	npc	Private, InitOnly
0x040013E9	StardewValley.Network.NetCharacterRef	farmer	Private, InitOnly
0x040013EA	StardewValley.Network.NetCharacterRef	<NetFields>k__BackingField	Private, InitOnly
0x040013EB	StardewValley.Network.NetDancePartner	farmer	Private, InitOnly
0x040013EC	StardewValley.Network.NetDancePartner	villager	Private, InitOnly
0x040013ED	StardewValley.Network.NetDancePartner	<NetFields>k__BackingField	Private, InitOnly
0x040013EE	StardewValley.Network.NetDirection	Position	Public
0x040013EF	StardewValley.Network.NetFarmerCollection	farmers	Private
0x040013F0	StardewValley.Network.NetFarmerCollection	uids	Private
0x040013F1	StardewValley.Network.NetFarmerCollection	<NetFields>k__BackingField	Private, InitOnly
0x040013F2	StardewValley.Network.NetFarmerCollection	FarmerAdded	Private
0x040013F3	StardewValley.Network.NetFarmerCollection	FarmerRemoved	Private
0x040013F4	StardewValley.Network.NetFarmerRef	defined	Public, InitOnly
0x040013F5	StardewValley.Network.NetFarmerRef	uid	Public, InitOnly
0x040013F6	StardewValley.Network.NetFarmerRef	<NetFields>k__BackingField	Private, InitOnly
0x040013F7	StardewValley.Network.NetLocationRef	locationName	Public, InitOnly
0x040013F8	StardewValley.Network.NetLocationRef	isStructure	Public, InitOnly
0x040013F9	StardewValley.Network.NetLocationRef	_gameLocation	Family
0x040013FA	StardewValley.Network.NetLocationRef	_dirty	Family
0x040013FB	StardewValley.Network.NetLocationRef	_usedLocalLocation	Family
0x040013FC	StardewValley.Network.NetLocationRef	<NetFields>k__BackingField	Private, InitOnly
0x040013FD	StardewValley.Network.NetLocationRef	OnLocationChanged	Public
0x040013FE	StardewValley.Network.NetMutex	NoOwner	Public, Static, Literal, HasDefault
0x040013FF	StardewValley.Network.NetMutex	prevOwner	Private
0x04001400	StardewValley.Network.NetMutex	owner	Private, InitOnly
0x04001401	StardewValley.Network.NetMutex	lockRequest	Private, InitOnly
0x04001402	StardewValley.Network.NetMutex	onLockAcquired	Private
0x04001403	StardewValley.Network.NetMutex	onLockFailed	Private
0x04001404	StardewValley.Network.NetMutex	<NetFields>k__BackingField	Private, InitOnly
0x04001405	StardewValley.Network.NetMutexQueue`1	requests	Private, InitOnly
0x04001406	StardewValley.Network.NetMutexQueue`1	currentOwner	Private, InitOnly
0x04001407	StardewValley.Network.NetMutexQueue`1	localJobs	Private, InitOnly
0x04001408	StardewValley.Network.NetMutexQueue`1	Processor	Public
0x04001409	StardewValley.Network.NetMutexQueue`1	<NetFields>k__BackingField	Private, InitOnly
0x0400140A	StardewValley.Network.NetNPCRef	guid	Private, InitOnly
0x0400140B	StardewValley.Network.NetNPCRef	<NetFields>k__BackingField	Private, InitOnly
0x0400140C	StardewValley.Network.NetPausableField`3	paused	Private
0x0400140D	StardewValley.Network.NetPausableField`3	Field	Public, InitOnly
0x0400140E	StardewValley.Network.NetPausableField`3	pauseEvent	Private, InitOnly
0x0400140F	StardewValley.Network.NetPosition	SmoothingFudge	Private, Static, Literal, HasDefault
0x04001410	StardewValley.Network.NetPosition	DefaultDeltaAggregateTicks	Private, Static, Literal, HasDefault
0x04001411	StardewValley.Network.NetPosition	<NetFields>k__BackingField	Private, InitOnly
0x04001412	StardewValley.Network.NetPosition	fieldChangeEvent	Private
0x04001413	StardewValley.Network.NetPosition	fieldChangeVisibleEvent	Private
0x04001414	StardewValley.Network.NetPosition	ExtrapolationEnabled	Public
0x04001415	StardewValley.Network.NetPosition	moving	Public, InitOnly
0x04001416	StardewValley.Network.NetWitnessedLock	requested	Private, InitOnly
0x04001417	StardewValley.Network.NetWitnessedLock	witnesses	Private, InitOnly
0x04001418	StardewValley.Network.NetWitnessedLock	acquired	Private
0x04001419	StardewValley.Network.NetWitnessedLock	<NetFields>k__BackingField	Private, InitOnly
0x0400141A	StardewValley.Network.NetWorldState	uniqueIDForThisGame	Family, InitOnly
0x0400141B	StardewValley.Network.NetWorldState	serverPrivacy	Family, InitOnly
0x0400141C	StardewValley.Network.NetWorldState	whichFarm	Family, InitOnly
0x0400141D	StardewValley.Network.NetWorldState	whichModFarm	Family, InitOnly
0x0400141E	StardewValley.Network.NetWorldState	_oldModFarmType	Family
0x0400141F	StardewValley.Network.NetWorldState	shuffleMineChests	Public, InitOnly
0x04001420	StardewValley.Network.NetWorldState	minesDifficulty	Public, InitOnly
0x04001421	StardewValley.Network.NetWorldState	skullCavesDifficulty	Public, InitOnly
0x04001422	StardewValley.Network.NetWorldState	highestPlayerLimit	Public, InitOnly
0x04001423	StardewValley.Network.NetWorldState	currentPlayerLimit	Public, InitOnly
0x04001424	StardewValley.Network.NetWorldState	year	Family, InitOnly
0x04001425	StardewValley.Network.NetWorldState	season	Family, InitOnly
0x04001426	StardewValley.Network.NetWorldState	dayOfMonth	Family, InitOnly
0x04001427	StardewValley.Network.NetWorldState	timeOfDay	Family, InitOnly
0x04001428	StardewValley.Network.NetWorldState	daysPlayed	Family, InitOnly
0x04001429	StardewValley.Network.NetWorldState	visitsUntilY1Guarantee	Public, InitOnly
0x0400142A	StardewValley.Network.NetWorldState	isPaused	Family, InitOnly
0x0400142B	StardewValley.Network.NetWorldState	isTimePaused	Family, InitOnly
0x0400142C	StardewValley.Network.NetWorldState	locationWeather	Family, InitOnly
0x0400142D	StardewValley.Network.NetWorldState	isRaining	Family, InitOnly
0x0400142E	StardewValley.Network.NetWorldState	isSnowing	Family, InitOnly
0x0400142F	StardewValley.Network.NetWorldState	isLightning	Family, InitOnly
0x04001430	StardewValley.Network.NetWorldState	isDebrisWeather	Family, InitOnly
0x04001431	StardewValley.Network.NetWorldState	weatherForTomorrow	Public, InitOnly
0x04001432	StardewValley.Network.NetWorldState	bundles	Family, InitOnly
0x04001433	StardewValley.Network.NetWorldState	bundleRewards	Family, InitOnly
0x04001434	StardewValley.Network.NetWorldState	netBundleData	Family, InitOnly
0x04001435	StardewValley.Network.NetWorldState	_bundleData	Family
0x04001436	StardewValley.Network.NetWorldState	_bundleDataDirty	Family
0x04001437	StardewValley.Network.NetWorldState	raccoonBundles	Public, InitOnly
0x04001438	StardewValley.Network.NetWorldState	seasonOfCurrentRacconBundle	Public, InitOnly
0x04001439	StardewValley.Network.NetWorldState	parrotPlatformsUnlocked	Public, InitOnly
0x0400143A	StardewValley.Network.NetWorldState	goblinRemoved	Public, InitOnly
0x0400143B	StardewValley.Network.NetWorldState	submarineLocked	Public, InitOnly
0x0400143C	StardewValley.Network.NetWorldState	lowestMineLevel	Public, InitOnly
0x0400143D	StardewValley.Network.NetWorldState	lowestMineLevelForOrder	Public, InitOnly
0x0400143E	StardewValley.Network.NetWorldState	museumPieces	Family, InitOnly
0x0400143F	StardewValley.Network.NetWorldState	lostBooksFound	Family, InitOnly
0x04001440	StardewValley.Network.NetWorldState	goldenWalnuts	Family, InitOnly
0x04001441	StardewValley.Network.NetWorldState	goldenWalnutsFound	Family, InitOnly
0x04001442	StardewValley.Network.NetWorldState	goldenCoconutCracked	Family, InitOnly
0x04001443	StardewValley.Network.NetWorldState	foundBuriedNuts	Family, InitOnly
0x04001444	StardewValley.Network.NetWorldState	miniShippingBinsObtained	Family, InitOnly
0x04001445	StardewValley.Network.NetWorldState	perfectionWaivers	Family, InitOnly
0x04001446	StardewValley.Network.NetWorldState	timesFedRaccoons	Family, InitOnly
0x04001447	StardewValley.Network.NetWorldState	treasureTotemsUsed	Family, InitOnly
0x04001448	StardewValley.Network.NetWorldState	farmhandData	Public
0x04001449	StardewValley.Network.NetWorldState	locationsWithBuildings	Public, InitOnly
0x0400144A	StardewValley.Network.NetWorldState	builders	Public
0x0400144B	StardewValley.Network.NetWorldState	activePassiveFestivals	Public
0x0400144C	StardewValley.Network.NetWorldState	worldStateIDs	Family, InitOnly
0x0400144D	StardewValley.Network.NetWorldState	islandVisitors	Family, InitOnly
0x0400144E	StardewValley.Network.NetWorldState	checkedGarbage	Family, InitOnly
0x0400144F	StardewValley.Network.NetWorldState	dishOfTheDay	Public, InitOnly
0x04001450	StardewValley.Network.NetWorldState	activatedGoldenParrot	Private, InitOnly
0x04001451	StardewValley.Network.NetWorldState	daysPlayedWhenLastRaccoonBundleWasFinished	Private, InitOnly
0x04001452	StardewValley.Network.NetWorldState	canDriveYourselfToday	Public, InitOnly
0x04001453	StardewValley.Network.NetWorldState	goldenClocksTurnedOff	Public, InitOnly
0x04001454	StardewValley.Network.NetWorldState	netQuestOfTheDay	Family, InitOnly
0x04001455	StardewValley.Network.NetWorldState	<NetFields>k__BackingField	Private, InitOnly
0x04001456	StardewValley.Network.NetWorldState	<QuestOfTheDay>k__BackingField	Private
0x04001457	StardewValley.Network.OutgoingMessage	messageType	Private
0x04001458	StardewValley.Network.OutgoingMessage	farmerID	Private
0x04001459	StardewValley.Network.OutgoingMessage	data	Private
0x0400145A	StardewValley.Network.OverlaidDictionary	baseDict	Private
0x0400145B	StardewValley.Network.OverlaidDictionary	overlayDict	Private
0x0400145C	StardewValley.Network.OverlaidDictionary	compositeDict	Private
0x0400145D	StardewValley.Network.OverlaidDictionary	_locked	Private
0x0400145E	StardewValley.Network.OverlaidDictionary	_changes	Private
0x0400145F	StardewValley.Network.OverlayDictionary`2	_dictionary	Family
0x04001460	StardewValley.Network.OverlayDictionary`2	_removedPairs	Family
0x04001461	StardewValley.Network.OverlayDictionary`2	onValueAdded	Private
0x04001462	StardewValley.Network.OverlayDictionary`2	onValueRemoved	Private
0x04001463	StardewValley.Network.Server	gameServer	Assembly
0x04001464	StardewValley.Network.Server	bandwidthLogger	Family
0x04001465	StardewValley.Network.NetReady.ReadySynchronizer	ReadyChecks	Private, InitOnly
0x04001466	StardewValley.Network.NetReady.Internal.BaseReadyCheck	<Id>k__BackingField	Private, InitOnly
0x04001467	StardewValley.Network.NetReady.Internal.BaseReadyCheck	<ActiveLockId>k__BackingField	Private
0x04001468	StardewValley.Network.NetReady.Internal.BaseReadyCheck	<State>k__BackingField	Private
0x04001469	StardewValley.Network.NetReady.Internal.BaseReadyCheck	<NumberReady>k__BackingField	Private
0x0400146A	StardewValley.Network.NetReady.Internal.BaseReadyCheck	<NumberRequired>k__BackingField	Private
0x0400146B	StardewValley.Network.NetReady.Internal.BaseReadyCheck	<IsReady>k__BackingField	Private
0x0400146C	StardewValley.Network.NetReady.Internal.ReadyCheckMessageType	value__	Public, SpecialName, RTSpecialName
0x0400146D	StardewValley.Network.NetReady.Internal.ReadyCheckMessageType	Ready	Public, Static, Literal, HasDefault
0x0400146E	StardewValley.Network.NetReady.Internal.ReadyCheckMessageType	Cancel	Public, Static, Literal, HasDefault
0x0400146F	StardewValley.Network.NetReady.Internal.ReadyCheckMessageType	Lock	Public, Static, Literal, HasDefault
0x04001470	StardewValley.Network.NetReady.Internal.ReadyCheckMessageType	Release	Public, Static, Literal, HasDefault
0x04001471	StardewValley.Network.NetReady.Internal.ReadyCheckMessageType	AcceptLock	Public, Static, Literal, HasDefault
0x04001472	StardewValley.Network.NetReady.Internal.ReadyCheckMessageType	RejectLock	Public, Static, Literal, HasDefault
0x04001473	StardewValley.Network.NetReady.Internal.ReadyCheckMessageType	UpdateAmounts	Public, Static, Literal, HasDefault
0x04001474	StardewValley.Network.NetReady.Internal.ReadyCheckMessageType	RequireFarmers	Public, Static, Literal, HasDefault
0x04001475	StardewValley.Network.NetReady.Internal.ReadyCheckMessageType	Finish	Public, Static, Literal, HasDefault
0x04001476	StardewValley.Network.NetReady.Internal.ReadyState	value__	Public, SpecialName, RTSpecialName
0x04001477	StardewValley.Network.NetReady.Internal.ReadyState	NotReady	Public, Static, Literal, HasDefault
0x04001478	StardewValley.Network.NetReady.Internal.ReadyState	Ready	Public, Static, Literal, HasDefault
0x04001479	StardewValley.Network.NetReady.Internal.ReadyState	Locked	Public, Static, Literal, HasDefault
0x0400147A	StardewValley.Network.NetReady.Internal.ServerReadyCheck	ReadyStates	Private, InitOnly
0x0400147B	StardewValley.Network.NetReady.Internal.ServerReadyCheck	Locking	Private
0x0400147C	StardewValley.Network.NetReady.Internal.ServerReadyCheck	RequiredFarmers	Private, InitOnly
0x0400147D	StardewValley.Network.NetEvents.BasePlayerActionRequest	<Target>k__BackingField	Private
0x0400147E	StardewValley.Network.NetEvents.BasePlayerActionRequest	<OnlyPlayerId>k__BackingField	Private
0x0400147F	StardewValley.Network.NetEvents.BaseSetFlagRequest	<FlagId>k__BackingField	Private
0x04001480	StardewValley.Network.NetEvents.BaseSetFlagRequest	<FlagState>k__BackingField	Private
0x04001481	StardewValley.Network.NetEvents.MailType	value__	Public, SpecialName, RTSpecialName
0x04001482	StardewValley.Network.NetEvents.MailType	Now	Public, Static, Literal, HasDefault
0x04001483	StardewValley.Network.NetEvents.MailType	Tomorrow	Public, Static, Literal, HasDefault
0x04001484	StardewValley.Network.NetEvents.MailType	Received	Public, Static, Literal, HasDefault
0x04001485	StardewValley.Network.NetEvents.MailType	All	Public, Static, Literal, HasDefault
0x04001486	StardewValley.Network.NetEvents.NutDropRequest	<Key>k__BackingField	Private
0x04001487	StardewValley.Network.NetEvents.NutDropRequest	<LocationName>k__BackingField	Private
0x04001488	StardewValley.Network.NetEvents.NutDropRequest	<Tile>k__BackingField	Private
0x04001489	StardewValley.Network.NetEvents.NutDropRequest	<Limit>k__BackingField	Private
0x0400148A	StardewValley.Network.NetEvents.NutDropRequest	<RewardAmount>k__BackingField	Private
0x0400148B	StardewValley.Network.NetEvents.PlayerActionTarget	value__	Public, SpecialName, RTSpecialName
0x0400148C	StardewValley.Network.NetEvents.PlayerActionTarget	Current	Public, Static, Literal, HasDefault
0x0400148D	StardewValley.Network.NetEvents.PlayerActionTarget	Host	Public, Static, Literal, HasDefault
0x0400148E	StardewValley.Network.NetEvents.PlayerActionTarget	All	Public, Static, Literal, HasDefault
0x0400148F	StardewValley.Network.NetEvents.SetMailRequest	<MailType>k__BackingField	Private
0x04001490	StardewValley.Network.NetEvents.SetSimpleFlagRequest	<FlagType>k__BackingField	Private
0x04001491	StardewValley.Network.NetEvents.SimpleFlagType	value__	Public, SpecialName, RTSpecialName
0x04001492	StardewValley.Network.NetEvents.SimpleFlagType	ActionApplied	Public, Static, Literal, HasDefault
0x04001493	StardewValley.Network.NetEvents.SimpleFlagType	CookingRecipeKnown	Public, Static, Literal, HasDefault
0x04001494	StardewValley.Network.NetEvents.SimpleFlagType	CraftingRecipeKnown	Public, Static, Literal, HasDefault
0x04001495	StardewValley.Network.NetEvents.SimpleFlagType	DialogueAnswerSelected	Public, Static, Literal, HasDefault
0x04001496	StardewValley.Network.NetEvents.SimpleFlagType	EventSeen	Public, Static, Literal, HasDefault
0x04001497	StardewValley.Network.NetEvents.SimpleFlagType	HasQuest	Public, Static, Literal, HasDefault
0x04001498	StardewValley.Network.NetEvents.SimpleFlagType	SongHeard	Public, Static, Literal, HasDefault
0x04001499	StardewValley.Network.Dedicated.DedicatedServerMessageType	value__	Public, SpecialName, RTSpecialName
0x0400149A	StardewValley.Network.Dedicated.DedicatedServerMessageType	EventDone	Public, Static, Literal, HasDefault
0x0400149B	StardewValley.Network.Dedicated.DedicatedServerMessageType	HostAction	Public, Static, Literal, HasDefault
0x0400149C	StardewValley.Network.Dedicated.DedicatedServer	BROADCAST_EVENT_KEY	Private, Static, Literal, HasDefault
0x0400149D	StardewValley.Network.Dedicated.DedicatedServer	farmerWarps	Private, InitOnly
0x0400149E	StardewValley.Network.Dedicated.DedicatedServer	eventLocks	Private, InitOnly
0x0400149F	StardewValley.Network.Dedicated.DedicatedServer	onlineIds	Private, InitOnly
0x040014A0	StardewValley.Network.Dedicated.DedicatedServer	broadcastEvents	Private, InitOnly
0x040014A1	StardewValley.Network.Dedicated.DedicatedServer	notBroadcastEvents	Private, InitOnly
0x040014A2	StardewValley.Network.Dedicated.DedicatedServer	fakeWarp	Private
0x040014A3	StardewValley.Network.Dedicated.DedicatedServer	warpingSleep	Private
0x040014A4	StardewValley.Network.Dedicated.DedicatedServer	warpingFestival	Private
0x040014A5	StardewValley.Network.Dedicated.DedicatedServer	warpingHostBroadcastEvent	Private
0x040014A6	StardewValley.Network.Dedicated.DedicatedServer	startedFestivalMainEvent	Private
0x040014A7	StardewValley.Network.Dedicated.DedicatedServer	startedFestivalEnd	Private
0x040014A8	StardewValley.Network.Dedicated.DedicatedServer	shouldJudgeGrange	Private
0x040014A9	StardewValley.Network.Dedicated.DedicatedServer	CheckedHostPrecondition	Public
0x040014AA	StardewValley.Network.Dedicated.DedicatedServer	fakeFarmerId	Private
0x040014AB	StardewValley.Network.Compress.LZ4NetCompression	HeaderSize	Private, Static, Literal, HasDefault
0x040014AC	StardewValley.Network.ChestHit.ChestHitArgs	Location	Public
0x040014AD	StardewValley.Network.ChestHit.ChestHitArgs	ChestTile	Public
0x040014AE	StardewValley.Network.ChestHit.ChestHitArgs	ToolPosition	Public
0x040014AF	StardewValley.Network.ChestHit.ChestHitArgs	StandingPixel	Public
0x040014B0	StardewValley.Network.ChestHit.ChestHitArgs	Direction	Public
0x040014B1	StardewValley.Network.ChestHit.ChestHitArgs	HoldDownClick	Public
0x040014B2	StardewValley.Network.ChestHit.ChestHitArgs	ToolCanHit	Public
0x040014B3	StardewValley.Network.ChestHit.ChestHitArgs	RecentlyHit	Public
0x040014B4	StardewValley.Network.ChestHit.ChestHitSynchronizer	EventQueue	Private, InitOnly
0x040014B5	StardewValley.Network.ChestHit.ChestHitSynchronizer	SavedTimers	Assembly, InitOnly
0x040014B6	StardewValley.Network.ChestHit.ChestHitTimer	Milliseconds	Public
0x040014B7	StardewValley.Network.ChestHit.ChestHitTimer	SavedTime	Public
0x040014B8	StardewValley.Network.ChestHit.Internal.ChestHitMessageType	value__	Public, SpecialName, RTSpecialName
0x040014B9	StardewValley.Network.ChestHit.Internal.ChestHitMessageType	Sync	Public, Static, Literal, HasDefault
0x040014BA	StardewValley.Network.ChestHit.Internal.ChestHitMessageType	Move	Public, Static, Literal, HasDefault
0x040014BB	StardewValley.Network.ChestHit.Internal.ChestHitMessageType	Delete	Public, Static, Literal, HasDefault
0x040014BC	StardewValley.NativeClipboard.ClipboardPlatformType	value__	Public, SpecialName, RTSpecialName
0x040014BD	StardewValley.NativeClipboard.ClipboardPlatformType	Linux	Public, Static, Literal, HasDefault
0x040014BE	StardewValley.NativeClipboard.ClipboardPlatformType	OSX	Public, Static, Literal, HasDefault
0x040014BF	StardewValley.NativeClipboard.ClipboardPlatformType	Windows	Public, Static, Literal, HasDefault
0x040014C0	StardewValley.NativeClipboard.ClipboardPlatformType	Unknown	Public, Static, Literal, HasDefault
0x040014C1	StardewValley.NativeClipboard.SdlClipboard	PlatformClipboard	Private, Static
0x040014C2	StardewValley.NativeClipboard.SdlClipboard	PlatformName	Family
0x040014C3	StardewValley.NativeClipboard.SdlClipboard	Platform	Assembly, Static, InitOnly
0x040014C4	StardewValley.Monsters.AngryRoger	rotationIncrement	Public, Static, Literal, HasDefault
0x040014C5	StardewValley.Monsters.AngryRoger	wasHitCounter	Public
0x040014C6	StardewValley.Monsters.AngryRoger	targetRotation	Public
0x040014C7	StardewValley.Monsters.AngryRoger	turningRight	Public
0x040014C8	StardewValley.Monsters.AngryRoger	identifier	Public
0x040014C9	StardewValley.Monsters.AngryRoger	yOffset	Public
0x040014CA	StardewValley.Monsters.AngryRoger	yOffsetExtra	Public
0x040014CB	StardewValley.Monsters.AngryRoger	lightSourceId	Public
0x040014CC	StardewValley.Monsters.Bat	rotationIncrement	Public, Static, Literal, HasDefault
0x040014CD	StardewValley.Monsters.Bat	wasHitCounter	Public, InitOnly
0x040014CE	StardewValley.Monsters.Bat	targetRotation	Public
0x040014CF	StardewValley.Monsters.Bat	turningRight	Public, InitOnly
0x040014D0	StardewValley.Monsters.Bat	seenPlayer	Public, InitOnly
0x040014D1	StardewValley.Monsters.Bat	cursedDoll	Public, InitOnly
0x040014D2	StardewValley.Monsters.Bat	hauntedSkull	Public, InitOnly
0x040014D3	StardewValley.Monsters.Bat	magmaSprite	Public, InitOnly
0x040014D4	StardewValley.Monsters.Bat	canLunge	Public, InitOnly
0x040014D5	StardewValley.Monsters.Bat	batFlap	Private
0x040014D6	StardewValley.Monsters.Bat	extraVelocity	Private
0x040014D7	StardewValley.Monsters.Bat	maxSpeed	Private
0x040014D8	StardewValley.Monsters.Bat	lungeFrequency	Public
0x040014D9	StardewValley.Monsters.Bat	lungeChargeTime	Public
0x040014DA	StardewValley.Monsters.Bat	lungeSpeed	Public
0x040014DB	StardewValley.Monsters.Bat	lungeDecelerationTicks	Public
0x040014DC	StardewValley.Monsters.Bat	nextLunge	Public
0x040014DD	StardewValley.Monsters.Bat	lungeTimer	Public
0x040014DE	StardewValley.Monsters.Bat	lungeVelocity	Public
0x040014DF	StardewValley.Monsters.Bat	previousPositions	Private
0x040014E0	StardewValley.Monsters.BigSlime	c	Public, InitOnly
0x040014E1	StardewValley.Monsters.BigSlime	heldItem	Public, InitOnly
0x040014E2	StardewValley.Monsters.BigSlime	heldObjectBobTimer	Private
0x040014E3	StardewValley.Monsters.BlueSquid	nextFire	Public
0x040014E4	StardewValley.Monsters.BlueSquid	squidYOffset	Public
0x040014E5	StardewValley.Monsters.BlueSquid	canMoveTimer	Public
0x040014E6	StardewValley.Monsters.BlueSquid	projectileIntroTimer	Public
0x040014E7	StardewValley.Monsters.BlueSquid	projectileOutroTimer	Public
0x040014E8	StardewValley.Monsters.BlueSquid	nearFarmer	Public
0x040014E9	StardewValley.Monsters.BlueSquid	lastRotation	Public
0x040014EA	StardewValley.Monsters.BlueSquid	justThrust	Public
0x040014EB	StardewValley.Monsters.Bug	isArmoredBug	Public, InitOnly
0x040014EC	StardewValley.Monsters.DinoMonster	timeUntilNextAttack	Public
0x040014ED	StardewValley.Monsters.DinoMonster	firing	Public, InitOnly
0x040014EE	StardewValley.Monsters.DinoMonster	attackState	Public
0x040014EF	StardewValley.Monsters.DinoMonster	nextFireTime	Public
0x040014F0	StardewValley.Monsters.DinoMonster	totalFireTime	Public
0x040014F1	StardewValley.Monsters.DinoMonster	nextChangeDirectionTime	Public
0x040014F2	StardewValley.Monsters.DinoMonster	nextWanderTime	Public
0x040014F3	StardewValley.Monsters.DinoMonster	wanderState	Public
0x040014F4	StardewValley.Monsters.DinoMonster	projectiles	Public, InitOnly
0x040014F5	StardewValley.Monsters.DinoMonster	lastProjectileSlot	Public
0x040014F6	StardewValley.Monsters.DustSpirit	seenFarmer	Public
0x040014F7	StardewValley.Monsters.DustSpirit	runningAwayFromFarmer	Public
0x040014F8	StardewValley.Monsters.DustSpirit	chargingFarmer	Public
0x040014F9	StardewValley.Monsters.DustSpirit	voice	Public
0x040014FA	StardewValley.Monsters.DustSpirit	meep	Public
0x040014FB	StardewValley.Monsters.DwarvishSentry	yOffset	Public
0x040014FC	StardewValley.Monsters.DwarvishSentry	pauseTimer	Public
0x040014FD	StardewValley.Monsters.Fly	rotationIncrement	Public, Static, Literal, HasDefault
0x040014FE	StardewValley.Monsters.Fly	volumeTileRange	Public, Static, Literal, HasDefault
0x040014FF	StardewValley.Monsters.Fly	spawnTime	Public, Static, Literal, HasDefault
0x04001500	StardewValley.Monsters.Fly	spawningCounter	Public
0x04001501	StardewValley.Monsters.Fly	wasHitCounter	Public
0x04001502	StardewValley.Monsters.Fly	targetRotation	Public
0x04001503	StardewValley.Monsters.Fly	buzz	Public, Static
0x04001504	StardewValley.Monsters.Fly	turningRight	Public
0x04001505	StardewValley.Monsters.Fly	hard	Public
0x04001506	StardewValley.Monsters.Ghost	rotationIncrement	Public, Static, Literal, HasDefault
0x04001507	StardewValley.Monsters.Ghost	wasHitCounter	Public
0x04001508	StardewValley.Monsters.Ghost	targetRotation	Public
0x04001509	StardewValley.Monsters.Ghost	turningRight	Public
0x0400150A	StardewValley.Monsters.Ghost	identifier	Public
0x0400150B	StardewValley.Monsters.Ghost	yOffset	Public
0x0400150C	StardewValley.Monsters.Ghost	yOffsetExtra	Public
0x0400150D	StardewValley.Monsters.Ghost	lightSourceId	Public
0x0400150E	StardewValley.Monsters.Ghost	currentState	Public
0x0400150F	StardewValley.Monsters.Ghost	stateTimer	Public
0x04001510	StardewValley.Monsters.Ghost	nextParticle	Public
0x04001511	StardewValley.Monsters.Ghost	variant	Public
0x04001512	StardewValley.Monsters.GreenSlime	mutationFactor	Public, Static, Literal, HasDefault
0x04001513	StardewValley.Monsters.GreenSlime	matingInterval	Public, Static, Literal, HasDefault
0x04001514	StardewValley.Monsters.GreenSlime	childhoodLength	Public, Static, Literal, HasDefault
0x04001515	StardewValley.Monsters.GreenSlime	durationOfMating	Public, Static, Literal, HasDefault
0x04001516	StardewValley.Monsters.GreenSlime	chanceToMate	Public, Static, Literal, HasDefault
0x04001517	StardewValley.Monsters.GreenSlime	matingRange	Public, Static
0x04001518	StardewValley.Monsters.GreenSlime	AQUA_SLIME	Public, Static, Literal, HasDefault
0x04001519	StardewValley.Monsters.GreenSlime	stackedSlimes	Public
0x0400151A	StardewValley.Monsters.GreenSlime	randomStackOffset	Public
0x0400151B	StardewValley.Monsters.GreenSlime	attackedEvent	Public
0x0400151C	StardewValley.Monsters.GreenSlime	leftDrift	Public, InitOnly
0x0400151D	StardewValley.Monsters.GreenSlime	cute	Public, InitOnly
0x0400151E	StardewValley.Monsters.GreenSlime	readyToJump	Public
0x0400151F	StardewValley.Monsters.GreenSlime	matingCountdown	Public
0x04001520	StardewValley.Monsters.GreenSlime	yOffset	Public
0x04001521	StardewValley.Monsters.GreenSlime	wagTimer	Public
0x04001522	StardewValley.Monsters.GreenSlime	readyToMate	Public
0x04001523	StardewValley.Monsters.GreenSlime	ageUntilFullGrown	Public, InitOnly
0x04001524	StardewValley.Monsters.GreenSlime	animateTimer	Public
0x04001525	StardewValley.Monsters.GreenSlime	timeSinceLastJump	Public
0x04001526	StardewValley.Monsters.GreenSlime	specialNumber	Public, InitOnly
0x04001527	StardewValley.Monsters.GreenSlime	firstGeneration	Public, InitOnly
0x04001528	StardewValley.Monsters.GreenSlime	color	Public, InitOnly
0x04001529	StardewValley.Monsters.GreenSlime	pursuingMate	Private, InitOnly
0x0400152A	StardewValley.Monsters.GreenSlime	avoidingMate	Private, InitOnly
0x0400152B	StardewValley.Monsters.GreenSlime	mate	Private
0x0400152C	StardewValley.Monsters.GreenSlime	prismatic	Public, InitOnly
0x0400152D	StardewValley.Monsters.GreenSlime	facePosition	Private, InitOnly
0x0400152E	StardewValley.Monsters.GreenSlime	jumpEvent	Private, InitOnly
0x0400152F	StardewValley.Monsters.Grub	healthToRunAway	Public, Static, Literal, HasDefault
0x04001530	StardewValley.Monsters.Grub	leftDrift	Public, InitOnly
0x04001531	StardewValley.Monsters.Grub	pupating	Public, InitOnly
0x04001532	StardewValley.Monsters.Grub	hard	Public, InitOnly
0x04001533	StardewValley.Monsters.Grub	metamorphCounter	Public
0x04001534	StardewValley.Monsters.Grub	targetRotation	Public, InitOnly
0x04001535	StardewValley.Monsters.HotHead	lastAttacker	Public
0x04001536	StardewValley.Monsters.HotHead	timeUntilExplode	Public
0x04001537	StardewValley.Monsters.HotHead	angry	Public
0x04001538	StardewValley.Monsters.LavaLurk	submergedAnimation	Public
0x04001539	StardewValley.Monsters.LavaLurk	lurkAnimation	Public
0x0400153A	StardewValley.Monsters.LavaLurk	emergeAnimation	Public
0x0400153B	StardewValley.Monsters.LavaLurk	diveAnimation	Public
0x0400153C	StardewValley.Monsters.LavaLurk	resubmergeAnimation	Public
0x0400153D	StardewValley.Monsters.LavaLurk	idleAnimation	Public
0x0400153E	StardewValley.Monsters.LavaLurk	fireAnimation	Public
0x0400153F	StardewValley.Monsters.LavaLurk	locallyPlayingAnimation	Public
0x04001540	StardewValley.Monsters.LavaLurk	approachFarmer	Public
0x04001541	StardewValley.Monsters.LavaLurk	velocity	Public
0x04001542	StardewValley.Monsters.LavaLurk	swimSpeed	Public
0x04001543	StardewValley.Monsters.LavaLurk	targettedFarmer	Public
0x04001544	StardewValley.Monsters.LavaLurk	currentState	Public
0x04001545	StardewValley.Monsters.LavaLurk	stateTimer	Public
0x04001546	StardewValley.Monsters.LavaLurk	fireTimer	Public
0x04001547	StardewValley.Monsters.Leaper	leapDuration	Public
0x04001548	StardewValley.Monsters.Leaper	leapProgress	Public
0x04001549	StardewValley.Monsters.Leaper	leaping	Public
0x0400154A	StardewValley.Monsters.Leaper	leapStartPosition	Public
0x0400154B	StardewValley.Monsters.Leaper	leapEndPosition	Public
0x0400154C	StardewValley.Monsters.Leaper	nextLeap	Public
0x0400154D	StardewValley.Monsters.MetalHead	c	Public, InitOnly
0x0400154E	StardewValley.Monsters.ParryEventArgs	damage	Public
0x0400154F	StardewValley.Monsters.ParryEventArgs	farmerId	Private
0x04001550	StardewValley.Monsters.Monster	index_health	Public, Static, Literal, HasDefault
0x04001551	StardewValley.Monsters.Monster	index_damageToFarmer	Public, Static, Literal, HasDefault
0x04001552	StardewValley.Monsters.Monster	index_isGlider	Public, Static, Literal, HasDefault
0x04001553	StardewValley.Monsters.Monster	index_drops	Public, Static, Literal, HasDefault
0x04001554	StardewValley.Monsters.Monster	index_resilience	Public, Static, Literal, HasDefault
0x04001555	StardewValley.Monsters.Monster	index_jitteriness	Public, Static, Literal, HasDefault
0x04001556	StardewValley.Monsters.Monster	index_distanceThresholdToMoveTowardsPlayer	Public, Static, Literal, HasDefault
0x04001557	StardewValley.Monsters.Monster	index_speed	Public, Static, Literal, HasDefault
0x04001558	StardewValley.Monsters.Monster	index_missChance	Public, Static, Literal, HasDefault
0x04001559	StardewValley.Monsters.Monster	index_isMineMonster	Public, Static, Literal, HasDefault
0x0400155A	StardewValley.Monsters.Monster	index_experiencePoints	Public, Static, Literal, HasDefault
0x0400155B	StardewValley.Monsters.Monster	index_displayName	Public, Static, Literal, HasDefault
0x0400155C	StardewValley.Monsters.Monster	defaultInvincibleCountdown	Public, Static, Literal, HasDefault
0x0400155D	StardewValley.Monsters.Monster	timeBeforeAIMovementAgain	Public
0x0400155E	StardewValley.Monsters.Monster	damageToFarmer	Public, InitOnly
0x0400155F	StardewValley.Monsters.Monster	health	Public, InitOnly
0x04001560	StardewValley.Monsters.Monster	maxHealth	Public, InitOnly
0x04001561	StardewValley.Monsters.Monster	resilience	Public, InitOnly
0x04001562	StardewValley.Monsters.Monster	slipperiness	Public, InitOnly
0x04001563	StardewValley.Monsters.Monster	experienceGained	Public, InitOnly
0x04001564	StardewValley.Monsters.Monster	jitteriness	Public, InitOnly
0x04001565	StardewValley.Monsters.Monster	missChance	Public, InitOnly
0x04001566	StardewValley.Monsters.Monster	isGlider	Public, InitOnly
0x04001567	StardewValley.Monsters.Monster	mineMonster	Public, InitOnly
0x04001568	StardewValley.Monsters.Monster	hasSpecialItem	Public, InitOnly
0x04001569	StardewValley.Monsters.Monster	synchedRotation	Public, InitOnly
0x0400156A	StardewValley.Monsters.Monster	objectsToDrop	Public, InitOnly
0x0400156B	StardewValley.Monsters.Monster	skipHorizontal	Public
0x0400156C	StardewValley.Monsters.Monster	invincibleCountdown	Public
0x0400156D	StardewValley.Monsters.Monster	defaultAnimationInterval	Public, InitOnly
0x0400156E	StardewValley.Monsters.Monster	stunTime	Public, InitOnly
0x0400156F	StardewValley.Monsters.Monster	initializedForLocation	Public
0x04001570	StardewValley.Monsters.Monster	netFocusedOnFarmers	Public, InitOnly
0x04001571	StardewValley.Monsters.Monster	netWildernessFarmMonster	Public, InitOnly
0x04001572	StardewValley.Monsters.Monster	parryEvent	Private, InitOnly
0x04001573	StardewValley.Monsters.Monster	trajectoryEvent	Private, InitOnly
0x04001574	StardewValley.Monsters.Monster	deathAnimEvent	Private, InitOnly
0x04001575	StardewValley.Monsters.Monster	ignoreDamageLOS	Public, InitOnly
0x04001576	StardewValley.Monsters.Monster	onCollision	Public
0x04001577	StardewValley.Monsters.Monster	isHardModeMonster	Public
0x04001578	StardewValley.Monsters.Monster	slideAnimationTimer	Private
0x04001579	StardewValley.Monsters.Mummy	reviveTimer	Public
0x0400157A	StardewValley.Monsters.Mummy	revivalTime	Public, Static, Literal, HasDefault
0x0400157B	StardewValley.Monsters.Mummy	_damageToFarmer	Family
0x0400157C	StardewValley.Monsters.Mummy	crumbleEvent	Private, InitOnly
0x0400157D	StardewValley.Monsters.RockCrab	waiter	Public
0x0400157E	StardewValley.Monsters.RockCrab	shellGone	Public, InitOnly
0x0400157F	StardewValley.Monsters.RockCrab	shellHealth	Public, InitOnly
0x04001580	StardewValley.Monsters.RockCrab	isStickBug	Public, InitOnly
0x04001581	StardewValley.Monsters.RockGolem	seenPlayer	Public, InitOnly
0x04001582	StardewValley.Monsters.Serpent	rotationIncrement	Public, Static, Literal, HasDefault
0x04001583	StardewValley.Monsters.Serpent	wasHitCounter	Public
0x04001584	StardewValley.Monsters.Serpent	targetRotation	Public
0x04001585	StardewValley.Monsters.Serpent	turningRight	Public
0x04001586	StardewValley.Monsters.Serpent	killer	Public, InitOnly
0x04001587	StardewValley.Monsters.Serpent	segments	Public
0x04001588	StardewValley.Monsters.Serpent	segmentCount	Public
0x04001589	StardewValley.Monsters.ShadowGirl	blockTimeBeforePathfinding	Public, Static, Literal, HasDefault
0x0400158A	StardewValley.Monsters.ShadowGirl	lastPosition	Public
0x0400158B	StardewValley.Monsters.ShadowGirl	howLongOnThisPosition	Public
0x0400158C	StardewValley.Monsters.ShadowGuy	visionDistance	Public, Static, Literal, HasDefault
0x0400158D	StardewValley.Monsters.ShadowGuy	spellCooldown	Public, Static, Literal, HasDefault
0x0400158E	StardewValley.Monsters.ShadowGuy	spottedPlayer	Public
0x0400158F	StardewValley.Monsters.ShadowGuy	casting	Public
0x04001590	StardewValley.Monsters.ShadowGuy	teleporting	Public
0x04001591	StardewValley.Monsters.ShadowGuy	coolDown	Public
0x04001592	StardewValley.Monsters.ShadowGuy	teleportationPath	Public
0x04001593	StardewValley.Monsters.ShadowGuy	rotationTimer	Public
0x04001594	StardewValley.Monsters.ShadowShaman	visionDistance	Public, Static, Literal, HasDefault
0x04001595	StardewValley.Monsters.ShadowShaman	spellCooldown	Public, Static, Literal, HasDefault
0x04001596	StardewValley.Monsters.ShadowShaman	spottedPlayer	Public
0x04001597	StardewValley.Monsters.ShadowShaman	casting	Public, InitOnly
0x04001598	StardewValley.Monsters.ShadowShaman	coolDown	Public
0x04001599	StardewValley.Monsters.ShadowShaman	rotationTimer	Public
0x0400159A	StardewValley.Monsters.Shooter	shooting	Public
0x0400159B	StardewValley.Monsters.Shooter	shotsLeft	Public
0x0400159C	StardewValley.Monsters.Shooter	nextShot	Public
0x0400159D	StardewValley.Monsters.Shooter	projectileSpeed	Public
0x0400159E	StardewValley.Monsters.Shooter	projectileDebuff	Public
0x0400159F	StardewValley.Monsters.Shooter	numberOfShotsPerFire	Public
0x040015A0	StardewValley.Monsters.Shooter	aimTime	Public
0x040015A1	StardewValley.Monsters.Shooter	burstTime	Public
0x040015A2	StardewValley.Monsters.Shooter	aimEndTime	Public
0x040015A3	StardewValley.Monsters.Shooter	firedProjectile	Public
0x040015A4	StardewValley.Monsters.Shooter	damageSound	Public
0x040015A5	StardewValley.Monsters.Shooter	fireSound	Public
0x040015A6	StardewValley.Monsters.Shooter	projectileRange	Public
0x040015A7	StardewValley.Monsters.Shooter	desiredDistance	Public
0x040015A8	StardewValley.Monsters.Shooter	fireRange	Public
0x040015A9	StardewValley.Monsters.Shooter	fireEvent	Public
0x040015AA	StardewValley.Monsters.Skeleton	spottedPlayer	Public
0x040015AB	StardewValley.Monsters.Skeleton	throwing	Public, InitOnly
0x040015AC	StardewValley.Monsters.Skeleton	isMage	Public, InitOnly
0x040015AD	StardewValley.Monsters.Skeleton	controllerAttemptTimer	Private
0x040015AE	StardewValley.Monsters.Spiker	targetDirection	Public
0x040015AF	StardewValley.Monsters.Spiker	moving	Public
0x040015B0	StardewValley.Monsters.Spiker	_localMoving	Family
0x040015B1	StardewValley.Monsters.Spiker	nextMoveCheck	Public
0x040015B2	StardewValley.Monsters.SquidKid	lastFireball	Public
0x040015B3	StardewValley.Monsters.SquidKid	yOffset	Public
0x040015B4	StardewValley.Monsters.SquidKid	fireballEvent	Private, InitOnly
0x040015B5	StardewValley.Monsters.SquidKid	hurtAnimationEvent	Private, InitOnly
0x040015B6	StardewValley.Monsters.SquidKid	numFireballsLeft	Private
0x040015B7	StardewValley.Monsters.SquidKid	firingTimer	Private
0x040015B8	StardewValley.Mods.RenderSteps	value__	Public, SpecialName, RTSpecialName
0x040015B9	StardewValley.Mods.RenderSteps	FullScene	Public, Static, Literal, HasDefault
0x040015BA	StardewValley.Mods.RenderSteps	World	Public, Static, Literal, HasDefault
0x040015BB	StardewValley.Mods.RenderSteps	World_Background	Public, Static, Literal, HasDefault
0x040015BC	StardewValley.Mods.RenderSteps	World_Sorted	Public, Static, Literal, HasDefault
0x040015BD	StardewValley.Mods.RenderSteps	World_AlwaysFront	Public, Static, Literal, HasDefault
0x040015BE	StardewValley.Mods.RenderSteps	World_Weather	Public, Static, Literal, HasDefault
0x040015BF	StardewValley.Mods.RenderSteps	World_RenderLightmap	Public, Static, Literal, HasDefault
0x040015C0	StardewValley.Mods.RenderSteps	World_DrawLightmapOnScreen	Public, Static, Literal, HasDefault
0x040015C1	StardewValley.Mods.RenderSteps	MenuBackground	Public, Static, Literal, HasDefault
0x040015C2	StardewValley.Mods.RenderSteps	Menu	Public, Static, Literal, HasDefault
0x040015C3	StardewValley.Mods.RenderSteps	HUD	Public, Static, Literal, HasDefault
0x040015C4	StardewValley.Mods.RenderSteps	DialogueBox	Public, Static, Literal, HasDefault
0x040015C5	StardewValley.Mods.RenderSteps	Overlays	Public, Static, Literal, HasDefault
0x040015C6	StardewValley.Mods.RenderSteps	Overlays_OverlayMenu	Public, Static, Literal, HasDefault
0x040015C7	StardewValley.Mods.RenderSteps	Overlays_Chatbox	Public, Static, Literal, HasDefault
0x040015C8	StardewValley.Mods.RenderSteps	Overlays_OnscreenKeyboard	Public, Static, Literal, HasDefault
0x040015C9	StardewValley.Mods.RenderSteps	Minigame	Public, Static, Literal, HasDefault
0x040015CA	StardewValley.Mods.RenderSteps	LoadingScreen	Public, Static, Literal, HasDefault
0x040015CB	StardewValley.Mods.RenderSteps	GlobalFade	Public, Static, Literal, HasDefault
0x040015CC	StardewValley.Mods.RenderSteps	OverlayTemporarySprites	Public, Static, Literal, HasDefault
0x040015CD	StardewValley.Minigames.AbigailGame	mapWidth	Public, Static, Literal, HasDefault
0x040015CE	StardewValley.Minigames.AbigailGame	mapHeight	Public, Static, Literal, HasDefault
0x040015CF	StardewValley.Minigames.AbigailGame	pixelZoom	Public, Static, Literal, HasDefault
0x040015D0	StardewValley.Minigames.AbigailGame	bulletSpeed	Public, Static, Literal, HasDefault
0x040015D1	StardewValley.Minigames.AbigailGame	lootChance	Public, Static, Literal, HasDefault
0x040015D2	StardewValley.Minigames.AbigailGame	coinChance	Public, Static, Literal, HasDefault
0x040015D3	StardewValley.Minigames.AbigailGame	lootDuration	Public
0x040015D4	StardewValley.Minigames.AbigailGame	powerupDuration	Public
0x040015D5	StardewValley.Minigames.AbigailGame	abigailPortraitDuration	Public, Static, Literal, HasDefault
0x040015D6	StardewValley.Minigames.AbigailGame	playerSpeed	Public, Static, Literal, HasDefault
0x040015D7	StardewValley.Minigames.AbigailGame	baseTileSize	Public, Static, Literal, HasDefault
0x040015D8	StardewValley.Minigames.AbigailGame	orcSpeed	Public, Static, Literal, HasDefault
0x040015D9	StardewValley.Minigames.AbigailGame	ogreSpeed	Public, Static, Literal, HasDefault
0x040015DA	StardewValley.Minigames.AbigailGame	ghostSpeed	Public, Static, Literal, HasDefault
0x040015DB	StardewValley.Minigames.AbigailGame	spikeySpeed	Public, Static, Literal, HasDefault
0x040015DC	StardewValley.Minigames.AbigailGame	spikeyHealth	Public, Static, Literal, HasDefault
0x040015DD	StardewValley.Minigames.AbigailGame	cactusDanceDelay	Public, Static, Literal, HasDefault
0x040015DE	StardewValley.Minigames.AbigailGame	playerMotionDelay	Public, Static, Literal, HasDefault
0x040015DF	StardewValley.Minigames.AbigailGame	playerFootStepDelay	Public, Static, Literal, HasDefault
0x040015E0	StardewValley.Minigames.AbigailGame	deathDelay	Public, Static, Literal, HasDefault
0x040015E1	StardewValley.Minigames.AbigailGame	MAP_BARRIER1	Public, Static, Literal, HasDefault
0x040015E2	StardewValley.Minigames.AbigailGame	MAP_BARRIER2	Public, Static, Literal, HasDefault
0x040015E3	StardewValley.Minigames.AbigailGame	MAP_ROCKY1	Public, Static, Literal, HasDefault
0x040015E4	StardewValley.Minigames.AbigailGame	MAP_DESERT	Public, Static, Literal, HasDefault
0x040015E5	StardewValley.Minigames.AbigailGame	MAP_GRASSY	Public, Static, Literal, HasDefault
0x040015E6	StardewValley.Minigames.AbigailGame	MAP_CACTUS	Public, Static, Literal, HasDefault
0x040015E7	StardewValley.Minigames.AbigailGame	MAP_FENCE	Public, Static, Literal, HasDefault
0x040015E8	StardewValley.Minigames.AbigailGame	MAP_TRENCH1	Public, Static, Literal, HasDefault
0x040015E9	StardewValley.Minigames.AbigailGame	MAP_TRENCH2	Public, Static, Literal, HasDefault
0x040015EA	StardewValley.Minigames.AbigailGame	MAP_BRIDGE	Public, Static, Literal, HasDefault
0x040015EB	StardewValley.Minigames.AbigailGame	orc	Public, Static, Literal, HasDefault
0x040015EC	StardewValley.Minigames.AbigailGame	ghost	Public, Static, Literal, HasDefault
0x040015ED	StardewValley.Minigames.AbigailGame	ogre	Public, Static, Literal, HasDefault
0x040015EE	StardewValley.Minigames.AbigailGame	mummy	Public, Static, Literal, HasDefault
0x040015EF	StardewValley.Minigames.AbigailGame	devil	Public, Static, Literal, HasDefault
0x040015F0	StardewValley.Minigames.AbigailGame	mushroom	Public, Static, Literal, HasDefault
0x040015F1	StardewValley.Minigames.AbigailGame	spikey	Public, Static, Literal, HasDefault
0x040015F2	StardewValley.Minigames.AbigailGame	dracula	Public, Static, Literal, HasDefault
0x040015F3	StardewValley.Minigames.AbigailGame	desert	Public, Static, Literal, HasDefault
0x040015F4	StardewValley.Minigames.AbigailGame	woods	Public, Static, Literal, HasDefault
0x040015F5	StardewValley.Minigames.AbigailGame	graveyard	Public, Static, Literal, HasDefault
0x040015F6	StardewValley.Minigames.AbigailGame	POWERUP_LOG	Public, Static, Literal, HasDefault
0x040015F7	StardewValley.Minigames.AbigailGame	POWERUP_SKULL	Public, Static, Literal, HasDefault
0x040015F8	StardewValley.Minigames.AbigailGame	coin1	Public, Static, Literal, HasDefault
0x040015F9	StardewValley.Minigames.AbigailGame	coin5	Public, Static, Literal, HasDefault
0x040015FA	StardewValley.Minigames.AbigailGame	POWERUP_SPREAD	Public, Static, Literal, HasDefault
0x040015FB	StardewValley.Minigames.AbigailGame	POWERUP_RAPIDFIRE	Public, Static, Literal, HasDefault
0x040015FC	StardewValley.Minigames.AbigailGame	POWERUP_NUKE	Public, Static, Literal, HasDefault
0x040015FD	StardewValley.Minigames.AbigailGame	POWERUP_ZOMBIE	Public, Static, Literal, HasDefault
0x040015FE	StardewValley.Minigames.AbigailGame	POWERUP_SPEED	Public, Static, Literal, HasDefault
0x040015FF	StardewValley.Minigames.AbigailGame	POWERUP_SHOTGUN	Public, Static, Literal, HasDefault
0x04001600	StardewValley.Minigames.AbigailGame	POWERUP_LIFE	Public, Static, Literal, HasDefault
0x04001601	StardewValley.Minigames.AbigailGame	POWERUP_TELEPORT	Public, Static, Literal, HasDefault
0x04001602	StardewValley.Minigames.AbigailGame	POWERUP_SHERRIFF	Public, Static, Literal, HasDefault
0x04001603	StardewValley.Minigames.AbigailGame	POWERUP_HEART	Public, Static, Literal, HasDefault
0x04001604	StardewValley.Minigames.AbigailGame	ITEM_FIRESPEED1	Public, Static, Literal, HasDefault
0x04001605	StardewValley.Minigames.AbigailGame	ITEM_FIRESPEED2	Public, Static, Literal, HasDefault
0x04001606	StardewValley.Minigames.AbigailGame	ITEM_FIRESPEED3	Public, Static, Literal, HasDefault
0x04001607	StardewValley.Minigames.AbigailGame	ITEM_RUNSPEED1	Public, Static, Literal, HasDefault
0x04001608	StardewValley.Minigames.AbigailGame	ITEM_RUNSPEED2	Public, Static, Literal, HasDefault
0x04001609	StardewValley.Minigames.AbigailGame	ITEM_LIFE	Public, Static, Literal, HasDefault
0x0400160A	StardewValley.Minigames.AbigailGame	ITEM_AMMO1	Public, Static, Literal, HasDefault
0x0400160B	StardewValley.Minigames.AbigailGame	ITEM_AMMO2	Public, Static, Literal, HasDefault
0x0400160C	StardewValley.Minigames.AbigailGame	ITEM_AMMO3	Public, Static, Literal, HasDefault
0x0400160D	StardewValley.Minigames.AbigailGame	ITEM_SPREADPISTOL	Public, Static, Literal, HasDefault
0x0400160E	StardewValley.Minigames.AbigailGame	ITEM_STAR	Public, Static, Literal, HasDefault
0x0400160F	StardewValley.Minigames.AbigailGame	ITEM_SKULL	Public, Static, Literal, HasDefault
0x04001610	StardewValley.Minigames.AbigailGame	ITEM_LOG	Public, Static, Literal, HasDefault
0x04001611	StardewValley.Minigames.AbigailGame	option_retry	Public, Static, Literal, HasDefault
0x04001612	StardewValley.Minigames.AbigailGame	option_quit	Public, Static, Literal, HasDefault
0x04001613	StardewValley.Minigames.AbigailGame	runSpeedLevel	Public
0x04001614	StardewValley.Minigames.AbigailGame	fireSpeedLevel	Public
0x04001615	StardewValley.Minigames.AbigailGame	ammoLevel	Public
0x04001616	StardewValley.Minigames.AbigailGame	whichRound	Public
0x04001617	StardewValley.Minigames.AbigailGame	spreadPistol	Public
0x04001618	StardewValley.Minigames.AbigailGame	waveDuration	Public, Static, Literal, HasDefault
0x04001619	StardewValley.Minigames.AbigailGame	betweenWaveDuration	Public, Static, Literal, HasDefault
0x0400161A	StardewValley.Minigames.AbigailGame	monsters	Public, Static
0x0400161B	StardewValley.Minigames.AbigailGame	_borderTiles	Family
0x0400161C	StardewValley.Minigames.AbigailGame	playerPosition	Public
0x0400161D	StardewValley.Minigames.AbigailGame	player2Position	Public, Static
0x0400161E	StardewValley.Minigames.AbigailGame	playerBoundingBox	Public
0x0400161F	StardewValley.Minigames.AbigailGame	merchantBox	Public
0x04001620	StardewValley.Minigames.AbigailGame	player2BoundingBox	Public
0x04001621	StardewValley.Minigames.AbigailGame	noPickUpBox	Public
0x04001622	StardewValley.Minigames.AbigailGame	playerMovementDirections	Public, Static
0x04001623	StardewValley.Minigames.AbigailGame	playerShootingDirections	Public, Static
0x04001624	StardewValley.Minigames.AbigailGame	player2MovementDirections	Public
0x04001625	StardewValley.Minigames.AbigailGame	player2ShootingDirections	Public
0x04001626	StardewValley.Minigames.AbigailGame	shootingDelay	Public
0x04001627	StardewValley.Minigames.AbigailGame	shotTimer	Public
0x04001628	StardewValley.Minigames.AbigailGame	motionPause	Public
0x04001629	StardewValley.Minigames.AbigailGame	bulletDamage	Public
0x0400162A	StardewValley.Minigames.AbigailGame	lives	Public
0x0400162B	StardewValley.Minigames.AbigailGame	coins	Public
0x0400162C	StardewValley.Minigames.AbigailGame	score	Public
0x0400162D	StardewValley.Minigames.AbigailGame	player2deathtimer	Public
0x0400162E	StardewValley.Minigames.AbigailGame	player2invincibletimer	Public
0x0400162F	StardewValley.Minigames.AbigailGame	bullets	Public
0x04001630	StardewValley.Minigames.AbigailGame	enemyBullets	Public, Static
0x04001631	StardewValley.Minigames.AbigailGame	map	Public, Static
0x04001632	StardewValley.Minigames.AbigailGame	nextMap	Public, Static
0x04001633	StardewValley.Minigames.AbigailGame	spawnQueue	Public
0x04001634	StardewValley.Minigames.AbigailGame	topLeftScreenCoordinate	Public, Static
0x04001635	StardewValley.Minigames.AbigailGame	cactusDanceTimer	Public
0x04001636	StardewValley.Minigames.AbigailGame	playerMotionAnimationTimer	Public
0x04001637	StardewValley.Minigames.AbigailGame	playerFootstepSoundTimer	Public
0x04001638	StardewValley.Minigames.AbigailGame	behaviorAfterPause	Public
0x04001639	StardewValley.Minigames.AbigailGame	monsterChances	Public
0x0400163A	StardewValley.Minigames.AbigailGame	shoppingCarpetNoPickup	Public
0x0400163B	StardewValley.Minigames.AbigailGame	activePowerups	Public
0x0400163C	StardewValley.Minigames.AbigailGame	abigail	Public
0x0400163D	StardewValley.Minigames.AbigailGame	powerups	Public, Static
0x0400163E	StardewValley.Minigames.AbigailGame	AbigailDialogue	Public
0x0400163F	StardewValley.Minigames.AbigailGame	temporarySprites	Public, Static
0x04001640	StardewValley.Minigames.AbigailGame	heldItem	Public
0x04001641	StardewValley.Minigames.AbigailGame	world	Public, Static
0x04001642	StardewValley.Minigames.AbigailGame	gameOverOption	Public
0x04001643	StardewValley.Minigames.AbigailGame	gamerestartTimer	Public
0x04001644	StardewValley.Minigames.AbigailGame	player2TargetUpdateTimer	Public
0x04001645	StardewValley.Minigames.AbigailGame	player2shotTimer	Public
0x04001646	StardewValley.Minigames.AbigailGame	player2AnimationTimer	Public
0x04001647	StardewValley.Minigames.AbigailGame	fadethenQuitTimer	Public
0x04001648	StardewValley.Minigames.AbigailGame	abigailPortraitYposition	Public
0x04001649	StardewValley.Minigames.AbigailGame	abigailPortraitTimer	Public
0x0400164A	StardewValley.Minigames.AbigailGame	abigailPortraitExpression	Public
0x0400164B	StardewValley.Minigames.AbigailGame	waveTimer	Public, Static
0x0400164C	StardewValley.Minigames.AbigailGame	betweenWaveTimer	Public, Static
0x0400164D	StardewValley.Minigames.AbigailGame	whichWave	Public, Static
0x0400164E	StardewValley.Minigames.AbigailGame	monsterConfusionTimer	Public, Static
0x0400164F	StardewValley.Minigames.AbigailGame	zombieModeTimer	Public, Static
0x04001650	StardewValley.Minigames.AbigailGame	shoppingTimer	Public, Static
0x04001651	StardewValley.Minigames.AbigailGame	holdItemTimer	Public, Static
0x04001652	StardewValley.Minigames.AbigailGame	itemToHold	Public, Static
0x04001653	StardewValley.Minigames.AbigailGame	newMapPosition	Public, Static
0x04001654	StardewValley.Minigames.AbigailGame	playerInvincibleTimer	Public, Static
0x04001655	StardewValley.Minigames.AbigailGame	screenFlash	Public, Static
0x04001656	StardewValley.Minigames.AbigailGame	gopherTrainPosition	Public, Static
0x04001657	StardewValley.Minigames.AbigailGame	endCutsceneTimer	Public, Static
0x04001658	StardewValley.Minigames.AbigailGame	endCutscenePhase	Public, Static
0x04001659	StardewValley.Minigames.AbigailGame	startTimer	Public, Static
0x0400165A	StardewValley.Minigames.AbigailGame	deathTimer	Public, Static
0x0400165B	StardewValley.Minigames.AbigailGame	onStartMenu	Public, Static
0x0400165C	StardewValley.Minigames.AbigailGame	shopping	Public, Static
0x0400165D	StardewValley.Minigames.AbigailGame	gopherRunning	Public, Static
0x0400165E	StardewValley.Minigames.AbigailGame	store	Public, Static
0x0400165F	StardewValley.Minigames.AbigailGame	merchantLeaving	Public, Static
0x04001660	StardewValley.Minigames.AbigailGame	merchantArriving	Public, Static
0x04001661	StardewValley.Minigames.AbigailGame	merchantShopOpen	Public, Static
0x04001662	StardewValley.Minigames.AbigailGame	waitingForPlayerToMoveDownAMap	Public, Static
0x04001663	StardewValley.Minigames.AbigailGame	scrollingMap	Public, Static
0x04001664	StardewValley.Minigames.AbigailGame	hasGopherAppeared	Public, Static
0x04001665	StardewValley.Minigames.AbigailGame	shootoutLevel	Public, Static
0x04001666	StardewValley.Minigames.AbigailGame	gopherTrain	Public, Static
0x04001667	StardewValley.Minigames.AbigailGame	playerJumped	Public, Static
0x04001668	StardewValley.Minigames.AbigailGame	endCutscene	Public, Static
0x04001669	StardewValley.Minigames.AbigailGame	gameOver	Public, Static
0x0400166A	StardewValley.Minigames.AbigailGame	playingWithAbigail	Public, Static
0x0400166B	StardewValley.Minigames.AbigailGame	beatLevelWithAbigail	Public, Static
0x0400166C	StardewValley.Minigames.AbigailGame	storeItems	Public
0x0400166D	StardewValley.Minigames.AbigailGame	quit	Public
0x0400166E	StardewValley.Minigames.AbigailGame	died	Public
0x0400166F	StardewValley.Minigames.AbigailGame	gopherBox	Public, Static
0x04001670	StardewValley.Minigames.AbigailGame	gopherMotion	Public
0x04001671	StardewValley.Minigames.AbigailGame	overworldSong	Private, Static
0x04001672	StardewValley.Minigames.AbigailGame	outlawSong	Private, Static
0x04001673	StardewValley.Minigames.AbigailGame	zombieSong	Private, Static
0x04001674	StardewValley.Minigames.AbigailGame	_binds	Family
0x04001675	StardewValley.Minigames.AbigailGame	_buttonHeldState	Family
0x04001676	StardewValley.Minigames.AbigailGame	_buttonHeldFrames	Family
0x04001677	StardewValley.Minigames.AbigailGame	player2FootstepSoundTimer	Private
0x04001678	StardewValley.Minigames.AbigailGame	targetMonster	Public
0x04001679	StardewValley.Minigames.BoatJourney	_age	Public
0x0400167A	StardewValley.Minigames.BoatJourney	texture	Public
0x0400167B	StardewValley.Minigames.BoatJourney	mapSourceRectangle	Public
0x0400167C	StardewValley.Minigames.BoatJourney	_zoomLevel	Family
0x0400167D	StardewValley.Minigames.BoatJourney	viewTarget	Family
0x0400167E	StardewValley.Minigames.BoatJourney	_upperLeft	Family
0x0400167F	StardewValley.Minigames.BoatJourney	entities	Public
0x04001680	StardewValley.Minigames.BoatJourney	_currentBoatSpeed	Family
0x04001681	StardewValley.Minigames.BoatJourney	boatSpeed	Public
0x04001682	StardewValley.Minigames.BoatJourney	dockSpeed	Public
0x04001683	StardewValley.Minigames.BoatJourney	_nextSlosh	Family
0x04001684	StardewValley.Minigames.BoatJourney	_fadeComplete	Family
0x04001685	StardewValley.Minigames.BoatJourney	points	Public
0x04001686	StardewValley.Minigames.BoatJourney	_interpolatedPoints	Family
0x04001687	StardewValley.Minigames.BoatJourney	_cumulativeDistances	Family
0x04001688	StardewValley.Minigames.BoatJourney	_totalPathDistance	Family
0x04001689	StardewValley.Minigames.BoatJourney	traveledBoatDistance	Family
0x0400168A	StardewValley.Minigames.BoatJourney	nextSmoke	Family
0x0400168B	StardewValley.Minigames.BoatJourney	departureDelay	Public
0x0400168C	StardewValley.Minigames.BoatJourney	_boat	Family
0x0400168D	StardewValley.Minigames.BoatJourney	_seagulls	Family
0x0400168E	StardewValley.Minigames.CalicoJack	cardState_flipped	Public, Static, Literal, HasDefault
0x0400168F	StardewValley.Minigames.CalicoJack	cardState_up	Public, Static, Literal, HasDefault
0x04001690	StardewValley.Minigames.CalicoJack	cardState_transitioning	Public, Static, Literal, HasDefault
0x04001691	StardewValley.Minigames.CalicoJack	bet	Public, Static, Literal, HasDefault
0x04001692	StardewValley.Minigames.CalicoJack	cardWidth	Public, Static, Literal, HasDefault
0x04001693	StardewValley.Minigames.CalicoJack	dealTime	Public, Static, Literal, HasDefault
0x04001694	StardewValley.Minigames.CalicoJack	playingTo	Public, Static, Literal, HasDefault
0x04001695	StardewValley.Minigames.CalicoJack	passNumber	Public, Static, Literal, HasDefault
0x04001696	StardewValley.Minigames.CalicoJack	dealerTurnDelay	Public, Static, Literal, HasDefault
0x04001697	StardewValley.Minigames.CalicoJack	playerCards	Public
0x04001698	StardewValley.Minigames.CalicoJack	dealerCards	Public
0x04001699	StardewValley.Minigames.CalicoJack	r	Private
0x0400169A	StardewValley.Minigames.CalicoJack	currentBet	Private
0x0400169B	StardewValley.Minigames.CalicoJack	startTimer	Private
0x0400169C	StardewValley.Minigames.CalicoJack	dealerTurnTimer	Private
0x0400169D	StardewValley.Minigames.CalicoJack	bustTimer	Private
0x0400169E	StardewValley.Minigames.CalicoJack	hit	Private
0x0400169F	StardewValley.Minigames.CalicoJack	stand	Private
0x040016A0	StardewValley.Minigames.CalicoJack	doubleOrNothing	Private
0x040016A1	StardewValley.Minigames.CalicoJack	playAgain	Private
0x040016A2	StardewValley.Minigames.CalicoJack	quit	Private
0x040016A3	StardewValley.Minigames.CalicoJack	currentlySnappedComponent	Private
0x040016A4	StardewValley.Minigames.CalicoJack	showingResultsScreen	Private
0x040016A5	StardewValley.Minigames.CalicoJack	playerWon	Private
0x040016A6	StardewValley.Minigames.CalicoJack	highStakes	Private
0x040016A7	StardewValley.Minigames.CalicoJack	endMessage	Private
0x040016A8	StardewValley.Minigames.CalicoJack	endTitle	Private
0x040016A9	StardewValley.Minigames.CalicoJack	coinBuffer	Private
0x040016AA	StardewValley.Minigames.CraneGame	gameWidth	Public
0x040016AB	StardewValley.Minigames.CraneGame	gameHeight	Public
0x040016AC	StardewValley.Minigames.CraneGame	_content	Family
0x040016AD	StardewValley.Minigames.CraneGame	spriteSheet	Public
0x040016AE	StardewValley.Minigames.CraneGame	upperLeft	Public
0x040016AF	StardewValley.Minigames.CraneGame	_gameObjects	Family
0x040016B0	StardewValley.Minigames.CraneGame	_buttonStates	Family
0x040016B1	StardewValley.Minigames.CraneGame	_shouldQuit	Family
0x040016B2	StardewValley.Minigames.CraneGame	onQuit	Public
0x040016B3	StardewValley.Minigames.CraneGame	music	Public
0x040016B4	StardewValley.Minigames.CraneGame	fastMusic	Public
0x040016B5	StardewValley.Minigames.CraneGame	_effect	Public
0x040016B6	StardewValley.Minigames.CraneGame	freezeFrames	Public
0x040016B7	StardewValley.Minigames.CraneGame	craneSound	Public
0x040016B8	StardewValley.Minigames.CraneGame	_gameObjectTypes	Public
0x040016B9	StardewValley.Minigames.CraneGame	_gameObjectsByType	Public
0x040016BA	StardewValley.Minigames.Darts	currentGameState	Public
0x040016BB	StardewValley.Minigames.Darts	stateTimer	Public
0x040016BC	StardewValley.Minigames.Darts	pixelScale	Public
0x040016BD	StardewValley.Minigames.Darts	gamePaused	Public
0x040016BE	StardewValley.Minigames.Darts	upperLeft	Public
0x040016BF	StardewValley.Minigames.Darts	screenWidth	Private
0x040016C0	StardewValley.Minigames.Darts	screenHeight	Private
0x040016C1	StardewValley.Minigames.Darts	texture	Private
0x040016C2	StardewValley.Minigames.Darts	cursorPosition	Public
0x040016C3	StardewValley.Minigames.Darts	aimPosition	Public
0x040016C4	StardewValley.Minigames.Darts	dartBoardCenter	Public
0x040016C5	StardewValley.Minigames.Darts	canCancelShot	Family
0x040016C6	StardewValley.Minigames.Darts	chargeTime	Public
0x040016C7	StardewValley.Minigames.Darts	chargeDirection	Public
0x040016C8	StardewValley.Minigames.Darts	hangTime	Public
0x040016C9	StardewValley.Minigames.Darts	previousPoints	Public
0x040016CA	StardewValley.Minigames.Darts	points	Public
0x040016CB	StardewValley.Minigames.Darts	nextPointTransferTime	Public
0x040016CC	StardewValley.Minigames.Darts	chargeSound	Public, Static
0x040016CD	StardewValley.Minigames.Darts	throwStartPosition	Public
0x040016CE	StardewValley.Minigames.Darts	dartPosition	Public
0x040016CF	StardewValley.Minigames.Darts	dartTime	Public
0x040016D0	StardewValley.Minigames.Darts	lastHitString	Public
0x040016D1	StardewValley.Minigames.Darts	lastHitAmount	Public
0x040016D2	StardewValley.Minigames.Darts	shakeScore	Public
0x040016D3	StardewValley.Minigames.Darts	startingDartCount	Public
0x040016D4	StardewValley.Minigames.Darts	dartCount	Public
0x040016D5	StardewValley.Minigames.Darts	throwsCount	Public
0x040016D6	StardewValley.Minigames.Darts	alternateTextString	Public
0x040016D7	StardewValley.Minigames.Darts	gameOverString	Public
0x040016D8	StardewValley.Minigames.Darts	lastHitWasDouble	Public
0x040016D9	StardewValley.Minigames.FantasyBoardGame	borderSourceWidth	Public
0x040016DA	StardewValley.Minigames.FantasyBoardGame	borderSourceHeight	Public
0x040016DB	StardewValley.Minigames.FantasyBoardGame	slideSourceWidth	Public
0x040016DC	StardewValley.Minigames.FantasyBoardGame	slideSourceHeight	Public
0x040016DD	StardewValley.Minigames.FantasyBoardGame	content	Private
0x040016DE	StardewValley.Minigames.FantasyBoardGame	slides	Private
0x040016DF	StardewValley.Minigames.FantasyBoardGame	border	Private
0x040016E0	StardewValley.Minigames.FantasyBoardGame	whichSlide	Public
0x040016E1	StardewValley.Minigames.FantasyBoardGame	shakeTimer	Public
0x040016E2	StardewValley.Minigames.FantasyBoardGame	endTimer	Public
0x040016E3	StardewValley.Minigames.FantasyBoardGame	grade	Private
0x040016E4	StardewValley.Minigames.FishingGame	location	Private
0x040016E5	StardewValley.Minigames.FishingGame	content	Private
0x040016E6	StardewValley.Minigames.FishingGame	timerToStart	Private
0x040016E7	StardewValley.Minigames.FishingGame	gameEndTimer	Private
0x040016E8	StardewValley.Minigames.FishingGame	showResultsTimer	Private
0x040016E9	StardewValley.Minigames.FishingGame	exit	Public
0x040016EA	StardewValley.Minigames.FishingGame	gameDone	Public
0x040016EB	StardewValley.Minigames.FishingGame	score	Public
0x040016EC	StardewValley.Minigames.FishingGame	fishCaught	Public
0x040016ED	StardewValley.Minigames.FishingGame	starTokensWon	Public
0x040016EE	StardewValley.Minigames.FishingGame	perfections	Public
0x040016EF	StardewValley.Minigames.FishingGame	perfectionBonus	Public
0x040016F0	StardewValley.Minigames.FishingGame	originalLocation	Public
0x040016F1	StardewValley.Minigames.GrandpaStory	sceneWidth	Public, Static, Literal, HasDefault
0x040016F2	StardewValley.Minigames.GrandpaStory	sceneHeight	Public, Static, Literal, HasDefault
0x040016F3	StardewValley.Minigames.GrandpaStory	scene_beforeGrandpa	Public, Static, Literal, HasDefault
0x040016F4	StardewValley.Minigames.GrandpaStory	scene_grandpaSpeech	Public, Static, Literal, HasDefault
0x040016F5	StardewValley.Minigames.GrandpaStory	scene_timePass	Public, Static, Literal, HasDefault
0x040016F6	StardewValley.Minigames.GrandpaStory	scene_jojaCorpOverhead	Public, Static, Literal, HasDefault
0x040016F7	StardewValley.Minigames.GrandpaStory	scene_jojaCorpPan	Public, Static, Literal, HasDefault
0x040016F8	StardewValley.Minigames.GrandpaStory	scene_desk	Public, Static, Literal, HasDefault
0x040016F9	StardewValley.Minigames.GrandpaStory	content	Private
0x040016FA	StardewValley.Minigames.GrandpaStory	texture	Private
0x040016FB	StardewValley.Minigames.GrandpaStory	foregroundFade	Private
0x040016FC	StardewValley.Minigames.GrandpaStory	backgroundFade	Private
0x040016FD	StardewValley.Minigames.GrandpaStory	foregroundFadeChange	Private
0x040016FE	StardewValley.Minigames.GrandpaStory	backgroundFadeChange	Private
0x040016FF	StardewValley.Minigames.GrandpaStory	panX	Private
0x04001700	StardewValley.Minigames.GrandpaStory	letterScale	Private
0x04001701	StardewValley.Minigames.GrandpaStory	letterDy	Private
0x04001702	StardewValley.Minigames.GrandpaStory	letterDyDy	Private
0x04001703	StardewValley.Minigames.GrandpaStory	scene	Private
0x04001704	StardewValley.Minigames.GrandpaStory	totalMilliseconds	Private
0x04001705	StardewValley.Minigames.GrandpaStory	grandpaSpeechTimer	Private
0x04001706	StardewValley.Minigames.GrandpaStory	parallaxPan	Private
0x04001707	StardewValley.Minigames.GrandpaStory	letterOpenTimer	Private
0x04001708	StardewValley.Minigames.GrandpaStory	drawGrandpa	Private
0x04001709	StardewValley.Minigames.GrandpaStory	letterReceived	Private
0x0400170A	StardewValley.Minigames.GrandpaStory	mouseActive	Private
0x0400170B	StardewValley.Minigames.GrandpaStory	clickedLetter	Private
0x0400170C	StardewValley.Minigames.GrandpaStory	quit	Private
0x0400170D	StardewValley.Minigames.GrandpaStory	fadingToQuit	Private
0x0400170E	StardewValley.Minigames.GrandpaStory	grandpaSpeech	Private
0x0400170F	StardewValley.Minigames.GrandpaStory	letterPosition	Private
0x04001710	StardewValley.Minigames.GrandpaStory	letterView	Private
0x04001711	StardewValley.Minigames.HaleyCowPictures	pictureWidth	Private, Static, Literal, HasDefault
0x04001712	StardewValley.Minigames.HaleyCowPictures	pictureHeight	Private, Static, Literal, HasDefault
0x04001713	StardewValley.Minigames.HaleyCowPictures	sourceWidth	Private, Static, Literal, HasDefault
0x04001714	StardewValley.Minigames.HaleyCowPictures	sourceHeight	Private, Static, Literal, HasDefault
0x04001715	StardewValley.Minigames.HaleyCowPictures	numberOfPhotosSoFar	Private
0x04001716	StardewValley.Minigames.HaleyCowPictures	betweenPhotoTimer	Private
0x04001717	StardewValley.Minigames.HaleyCowPictures	content	Private
0x04001718	StardewValley.Minigames.HaleyCowPictures	centerOfScreen	Private
0x04001719	StardewValley.Minigames.HaleyCowPictures	pictures	Private
0x0400171A	StardewValley.Minigames.HaleyCowPictures	fadeAlpha	Private
0x0400171B	StardewValley.Minigames.Intro	pixelScale	Public
0x0400171C	StardewValley.Minigames.Intro	skyLoopWidth	Public, Static, Literal, HasDefault
0x0400171D	StardewValley.Minigames.Intro	cloudLoopWidth	Public, Static, Literal, HasDefault
0x0400171E	StardewValley.Minigames.Intro	tilesBeyondViewportToSimulate	Public, Static, Literal, HasDefault
0x0400171F	StardewValley.Minigames.Intro	leftFence	Public, Static, Literal, HasDefault
0x04001720	StardewValley.Minigames.Intro	centerFence	Public, Static, Literal, HasDefault
0x04001721	StardewValley.Minigames.Intro	rightFence	Public, Static, Literal, HasDefault
0x04001722	StardewValley.Minigames.Intro	busYRest	Public, Static, Literal, HasDefault
0x04001723	StardewValley.Minigames.Intro	choosingCharacterState	Public, Static, Literal, HasDefault
0x04001724	StardewValley.Minigames.Intro	panningDownFromCloudsState	Public, Static, Literal, HasDefault
0x04001725	StardewValley.Minigames.Intro	panningDownToRoadState	Public, Static, Literal, HasDefault
0x04001726	StardewValley.Minigames.Intro	drivingState	Public, Static, Literal, HasDefault
0x04001727	StardewValley.Minigames.Intro	stardewInViewState	Public, Static, Literal, HasDefault
0x04001728	StardewValley.Minigames.Intro	speed	Public
0x04001729	StardewValley.Minigames.Intro	valleyPosition	Private
0x0400172A	StardewValley.Minigames.Intro	skyPosition	Private
0x0400172B	StardewValley.Minigames.Intro	roadPosition	Private
0x0400172C	StardewValley.Minigames.Intro	bigCloudPosition	Private
0x0400172D	StardewValley.Minigames.Intro	backCloudPosition	Private
0x0400172E	StardewValley.Minigames.Intro	globalYPan	Private
0x0400172F	StardewValley.Minigames.Intro	globalYPanDY	Private
0x04001730	StardewValley.Minigames.Intro	drivingTimer	Private
0x04001731	StardewValley.Minigames.Intro	fadeAlpha	Private
0x04001732	StardewValley.Minigames.Intro	treePosition	Private
0x04001733	StardewValley.Minigames.Intro	screenWidth	Private
0x04001734	StardewValley.Minigames.Intro	screenHeight	Private
0x04001735	StardewValley.Minigames.Intro	tileSize	Private
0x04001736	StardewValley.Minigames.Intro	transformMatrix	Private
0x04001737	StardewValley.Minigames.Intro	texture	Private
0x04001738	StardewValley.Minigames.Intro	roadsideTexture	Private
0x04001739	StardewValley.Minigames.Intro	cloudTexture	Private
0x0400173A	StardewValley.Minigames.Intro	treeStripTexture	Private
0x0400173B	StardewValley.Minigames.Intro	backClouds	Private
0x0400173C	StardewValley.Minigames.Intro	road	Private
0x0400173D	StardewValley.Minigames.Intro	sky	Private
0x0400173E	StardewValley.Minigames.Intro	roadsideObjects	Private
0x0400173F	StardewValley.Minigames.Intro	roadsideFences	Private
0x04001740	StardewValley.Minigames.Intro	skyColor	Private
0x04001741	StardewValley.Minigames.Intro	roadColor	Private
0x04001742	StardewValley.Minigames.Intro	carColor	Private
0x04001743	StardewValley.Minigames.Intro	cameraCenteredOnBus	Private
0x04001744	StardewValley.Minigames.Intro	addedSign	Private
0x04001745	StardewValley.Minigames.Intro	busPosition	Private
0x04001746	StardewValley.Minigames.Intro	carPosition	Private
0x04001747	StardewValley.Minigames.Intro	birdPosition	Private
0x04001748	StardewValley.Minigames.Intro	characterCreateMenu	Private
0x04001749	StardewValley.Minigames.Intro	balloons	Private
0x0400174A	StardewValley.Minigames.Intro	birdFrame	Private
0x0400174B	StardewValley.Minigames.Intro	birdTimer	Private
0x0400174C	StardewValley.Minigames.Intro	birdXTimer	Private
0x0400174D	StardewValley.Minigames.Intro	roadNoise	Public, Static
0x0400174E	StardewValley.Minigames.Intro	fenceBuildStatus	Private
0x0400174F	StardewValley.Minigames.Intro	currentState	Private
0x04001750	StardewValley.Minigames.Intro	quit	Private
0x04001751	StardewValley.Minigames.Intro	hasQuit	Private
0x04001752	StardewValley.Minigames.MaruComet	telescopeCircleWidth	Private, Static, Literal, HasDefault
0x04001753	StardewValley.Minigames.MaruComet	flybyRepeater	Private, Static, Literal, HasDefault
0x04001754	StardewValley.Minigames.MaruComet	flybySpeed	Private, Static, Literal, HasDefault
0x04001755	StardewValley.Minigames.MaruComet	content	Private
0x04001756	StardewValley.Minigames.MaruComet	centerOfScreen	Private
0x04001757	StardewValley.Minigames.MaruComet	cometColorOrigin	Private
0x04001758	StardewValley.Minigames.MaruComet	cometTexture	Private
0x04001759	StardewValley.Minigames.MaruComet	flybys	Private
0x0400175A	StardewValley.Minigames.MaruComet	flybysClose	Private
0x0400175B	StardewValley.Minigames.MaruComet	flybysFar	Private
0x0400175C	StardewValley.Minigames.MaruComet	currentString	Private
0x0400175D	StardewValley.Minigames.MaruComet	zoom	Private
0x0400175E	StardewValley.Minigames.MaruComet	flybyTimer	Private
0x0400175F	StardewValley.Minigames.MaruComet	totalTimer	Private
0x04001760	StardewValley.Minigames.MaruComet	currentStringCharacter	Private
0x04001761	StardewValley.Minigames.MaruComet	characterAdvanceTimer	Private
0x04001762	StardewValley.Minigames.MaruComet	fade	Private
0x04001763	StardewValley.Minigames.MineCart	gameState	Public
0x04001764	StardewValley.Minigames.MineCart	followDistance	Public, Static, Literal, HasDefault
0x04001765	StardewValley.Minigames.MineCart	pixelScale	Public
0x04001766	StardewValley.Minigames.MineCart	tilesBeyondViewportToSimulate	Public, Static, Literal, HasDefault
0x04001767	StardewValley.Minigames.MineCart	bgLoopWidth	Public, Static, Literal, HasDefault
0x04001768	StardewValley.Minigames.MineCart	gravity	Public, Static, Literal, HasDefault
0x04001769	StardewValley.Minigames.MineCart	brownArea	Public, Static, Literal, HasDefault
0x0400176A	StardewValley.Minigames.MineCart	frostArea	Public, Static, Literal, HasDefault
0x0400176B	StardewValley.Minigames.MineCart	darkArea	Public, Static, Literal, HasDefault
0x0400176C	StardewValley.Minigames.MineCart	waterArea	Public, Static, Literal, HasDefault
0x0400176D	StardewValley.Minigames.MineCart	lavaArea	Public, Static, Literal, HasDefault
0x0400176E	StardewValley.Minigames.MineCart	heavenlyArea	Public, Static, Literal, HasDefault
0x0400176F	StardewValley.Minigames.MineCart	sunsetArea	Public, Static, Literal, HasDefault
0x04001770	StardewValley.Minigames.MineCart	endingCutscene	Public, Static, Literal, HasDefault
0x04001771	StardewValley.Minigames.MineCart	bonusLevel1	Public, Static, Literal, HasDefault
0x04001772	StardewValley.Minigames.MineCart	mushroomArea	Public, Static, Literal, HasDefault
0x04001773	StardewValley.Minigames.MineCart	LAST_LEVEL	Public, Static, Literal, HasDefault
0x04001774	StardewValley.Minigames.MineCart	infiniteModeLevels	Public, InitOnly
0x04001775	StardewValley.Minigames.MineCart	shakeMagnitude	Public
0x04001776	StardewValley.Minigames.MineCart	_shakeOffset	Family
0x04001777	StardewValley.Minigames.MineCart	infiniteMode	Public, Static, Literal, HasDefault
0x04001778	StardewValley.Minigames.MineCart	progressMode	Public, Static, Literal, HasDefault
0x04001779	StardewValley.Minigames.MineCart	respawnTime	Public, Static, Literal, HasDefault
0x0400177A	StardewValley.Minigames.MineCart	maxJumpGraceTime	Public, Static
0x0400177B	StardewValley.Minigames.MineCart	slimeBossPosition	Public
0x0400177C	StardewValley.Minigames.MineCart	slimeBossSpeed	Public
0x0400177D	StardewValley.Minigames.MineCart	secondsOnThisLevel	Public
0x0400177E	StardewValley.Minigames.MineCart	fruitEatCount	Public
0x0400177F	StardewValley.Minigames.MineCart	currentFruitCheckIndex	Public
0x04001780	StardewValley.Minigames.MineCart	currentFruitCheckMagnitude	Public
0x04001781	StardewValley.Minigames.MineCart	checkpointScanDistance	Public, Static, Literal, HasDefault
0x04001782	StardewValley.Minigames.MineCart	coinCount	Public
0x04001783	StardewValley.Minigames.MineCart	gamePaused	Public
0x04001784	StardewValley.Minigames.MineCart	perfectText	Private
0x04001785	StardewValley.Minigames.MineCart	lakeSpeedAccumulator	Private
0x04001786	StardewValley.Minigames.MineCart	backBGPosition	Private
0x04001787	StardewValley.Minigames.MineCart	midBGPosition	Private
0x04001788	StardewValley.Minigames.MineCart	waterFallPosition	Private
0x04001789	StardewValley.Minigames.MineCart	upperLeft	Public
0x0400178A	StardewValley.Minigames.MineCart	musicSW	Private
0x0400178B	StardewValley.Minigames.MineCart	titleJunimoStartedBobbing	Private
0x0400178C	StardewValley.Minigames.MineCart	lastLevelWasPerfect	Private
0x0400178D	StardewValley.Minigames.MineCart	completelyPerfect	Private
0x0400178E	StardewValley.Minigames.MineCart	screenWidth	Private
0x0400178F	StardewValley.Minigames.MineCart	screenHeight	Private
0x04001790	StardewValley.Minigames.MineCart	tileSize	Public
0x04001791	StardewValley.Minigames.MineCart	waterfallWidth	Private
0x04001792	StardewValley.Minigames.MineCart	ytileOffset	Private
0x04001793	StardewValley.Minigames.MineCart	score	Private
0x04001794	StardewValley.Minigames.MineCart	levelsBeat	Private
0x04001795	StardewValley.Minigames.MineCart	gameMode	Private
0x04001796	StardewValley.Minigames.MineCart	livesLeft	Private
0x04001797	StardewValley.Minigames.MineCart	distanceToTravel	Private
0x04001798	StardewValley.Minigames.MineCart	respawnCounter	Private
0x04001799	StardewValley.Minigames.MineCart	currentTheme	Private
0x0400179A	StardewValley.Minigames.MineCart	reachedFinish	Private
0x0400179B	StardewValley.Minigames.MineCart	gameOver	Private
0x0400179C	StardewValley.Minigames.MineCart	screenDarkness	Private
0x0400179D	StardewValley.Minigames.MineCart	cutsceneText	Family
0x0400179E	StardewValley.Minigames.MineCart	fadeDelta	Public
0x0400179F	StardewValley.Minigames.MineCart	minecartLoop	Private
0x040017A0	StardewValley.Minigames.MineCart	texture	Private
0x040017A1	StardewValley.Minigames.MineCart	_tracks	Private
0x040017A2	StardewValley.Minigames.MineCart	lakeDecor	Private
0x040017A3	StardewValley.Minigames.MineCart	obstacles	Private
0x040017A4	StardewValley.Minigames.MineCart	sparkShower	Private
0x040017A5	StardewValley.Minigames.MineCart	levelThemesFinishedThisRun	Private
0x040017A6	StardewValley.Minigames.MineCart	backBGTint	Private
0x040017A7	StardewValley.Minigames.MineCart	midBGTint	Private
0x040017A8	StardewValley.Minigames.MineCart	caveTint	Private
0x040017A9	StardewValley.Minigames.MineCart	lakeTint	Private
0x040017AA	StardewValley.Minigames.MineCart	waterfallTint	Private
0x040017AB	StardewValley.Minigames.MineCart	trackShadowTint	Private
0x040017AC	StardewValley.Minigames.MineCart	trackTint	Private
0x040017AD	StardewValley.Minigames.MineCart	midBGSource	Private
0x040017AE	StardewValley.Minigames.MineCart	backBGSource	Private
0x040017AF	StardewValley.Minigames.MineCart	lakeBGSource	Private
0x040017B0	StardewValley.Minigames.MineCart	backBGYOffset	Private
0x040017B1	StardewValley.Minigames.MineCart	midBGYOffset	Private
0x040017B2	StardewValley.Minigames.MineCart	_totalTime	Family
0x040017B3	StardewValley.Minigames.MineCart	player	Private
0x040017B4	StardewValley.Minigames.MineCart	trackBuilderCharacter	Private
0x040017B5	StardewValley.Minigames.MineCart	titleScreenJunimo	Private
0x040017B6	StardewValley.Minigames.MineCart	_entities	Private
0x040017B7	StardewValley.Minigames.MineCart	LEVEL_TRANSITIONS	Public
0x040017B8	StardewValley.Minigames.MineCart	_lastGenerator	Family
0x040017B9	StardewValley.Minigames.MineCart	_forcedNextGenerator	Family
0x040017BA	StardewValley.Minigames.MineCart	screenLeftBound	Public
0x040017BB	StardewValley.Minigames.MineCart	generatorPosition	Public
0x040017BC	StardewValley.Minigames.MineCart	_trackGenerator	Private
0x040017BD	StardewValley.Minigames.MineCart	_goalIndicator	Family
0x040017BE	StardewValley.Minigames.MineCart	bottomTile	Public
0x040017BF	StardewValley.Minigames.MineCart	topTile	Public
0x040017C0	StardewValley.Minigames.MineCart	deathTimer	Public
0x040017C1	StardewValley.Minigames.MineCart	_lastTilePosition	Family
0x040017C2	StardewValley.Minigames.MineCart	slimeResetPosition	Public
0x040017C3	StardewValley.Minigames.MineCart	checkpointPosition	Public
0x040017C4	StardewValley.Minigames.MineCart	furthestGeneratedCheckpoint	Public
0x040017C5	StardewValley.Minigames.MineCart	isJumpPressed	Public
0x040017C6	StardewValley.Minigames.MineCart	stateTimer	Public
0x040017C7	StardewValley.Minigames.MineCart	cutsceneTick	Public
0x040017C8	StardewValley.Minigames.MineCart	pauseBeforeTitleFadeOutTimer	Public
0x040017C9	StardewValley.Minigames.MineCart	mapTimer	Public
0x040017CA	StardewValley.Minigames.MineCart	_currentHighScores	Private
0x040017CB	StardewValley.Minigames.MineCart	currentHighScore	Private
0x040017CC	StardewValley.Minigames.MineCart	scoreUpdateTimer	Public
0x040017CD	StardewValley.Minigames.MineCart	_spawnedFruit	Family
0x040017CE	StardewValley.Minigames.MineCart	_collectedFruit	Family
0x040017CF	StardewValley.Minigames.MineCart	checkpointPositions	Public
0x040017D0	StardewValley.Minigames.MineCart	_validObstacles	Family
0x040017D1	StardewValley.Minigames.MineCart	_generatorRolls	Family
0x040017D2	StardewValley.Minigames.MineCart	_trackAddedFlip	Private
0x040017D3	StardewValley.Minigames.MineCart	_buttonState	Family
0x040017D4	StardewValley.Minigames.MineCart	_wasJustChatting	Public
0x040017D5	StardewValley.Minigames.NetLeaderboards	<NetFields>k__BackingField	Private, InitOnly
0x040017D6	StardewValley.Minigames.NetLeaderboards	entries	Public
0x040017D7	StardewValley.Minigames.NetLeaderboards	maxEntries	Public
0x040017D8	StardewValley.Minigames.NetLeaderboardsEntry	name	Public, InitOnly
0x040017D9	StardewValley.Minigames.NetLeaderboardsEntry	score	Public, InitOnly
0x040017DA	StardewValley.Minigames.NetLeaderboardsEntry	<NetFields>k__BackingField	Private, InitOnly
0x040017DB	StardewValley.Minigames.PlaneFlyBy	robotSpeed	Public, Static, Literal, HasDefault
0x040017DC	StardewValley.Minigames.PlaneFlyBy	skyLength	Public, Static, Literal, HasDefault
0x040017DD	StardewValley.Minigames.PlaneFlyBy	millisecondsSinceStart	Public
0x040017DE	StardewValley.Minigames.PlaneFlyBy	backgroundPosition	Public
0x040017DF	StardewValley.Minigames.PlaneFlyBy	smokeTimer	Public
0x040017E0	StardewValley.Minigames.PlaneFlyBy	robotPosition	Public
0x040017E1	StardewValley.Minigames.PlaneFlyBy	tempSprites	Public
0x040017E2	StardewValley.Minigames.RobotBlastoff	backGroundSpeed	Public, Static, Literal, HasDefault
0x040017E3	StardewValley.Minigames.RobotBlastoff	robotSpeed	Public, Static, Literal, HasDefault
0x040017E4	StardewValley.Minigames.RobotBlastoff	skyLength	Public, Static, Literal, HasDefault
0x040017E5	StardewValley.Minigames.RobotBlastoff	millisecondsSinceStart	Public
0x040017E6	StardewValley.Minigames.RobotBlastoff	backgroundPosition	Public
0x040017E7	StardewValley.Minigames.RobotBlastoff	smokeTimer	Public
0x040017E8	StardewValley.Minigames.RobotBlastoff	robotPosition	Public
0x040017E9	StardewValley.Minigames.RobotBlastoff	tempSprites	Public
0x040017EA	StardewValley.Minigames.Slots	slotTurnRate	Public, Static, Literal, HasDefault
0x040017EB	StardewValley.Minigames.Slots	numberOfIcons	Public, Static, Literal, HasDefault
0x040017EC	StardewValley.Minigames.Slots	defaultBet	Public, Static, Literal, HasDefault
0x040017ED	StardewValley.Minigames.Slots	coinBuffer	Private
0x040017EE	StardewValley.Minigames.Slots	slots	Private
0x040017EF	StardewValley.Minigames.Slots	slotResults	Private
0x040017F0	StardewValley.Minigames.Slots	spinButton10	Private
0x040017F1	StardewValley.Minigames.Slots	spinButton100	Private
0x040017F2	StardewValley.Minigames.Slots	doneButton	Private
0x040017F3	StardewValley.Minigames.Slots	spinning	Public
0x040017F4	StardewValley.Minigames.Slots	showResult	Public
0x040017F5	StardewValley.Minigames.Slots	payoutModifier	Public
0x040017F6	StardewValley.Minigames.Slots	currentBet	Public
0x040017F7	StardewValley.Minigames.Slots	spinsCount	Public
0x040017F8	StardewValley.Minigames.Slots	slotsFinished	Public
0x040017F9	StardewValley.Minigames.Slots	endTimer	Public
0x040017FA	StardewValley.Minigames.Slots	currentlySnappedComponent	Public
0x040017FB	StardewValley.Minigames.TargetGame	location	Private
0x040017FC	StardewValley.Minigames.TargetGame	timerToStart	Private
0x040017FD	StardewValley.Minigames.TargetGame	gameEndTimer	Private
0x040017FE	StardewValley.Minigames.TargetGame	showResultsTimer	Private
0x040017FF	StardewValley.Minigames.TargetGame	gameDone	Private
0x04001800	StardewValley.Minigames.TargetGame	exit	Private
0x04001801	StardewValley.Minigames.TargetGame	score	Public, Static
0x04001802	StardewValley.Minigames.TargetGame	shotsFired	Public, Static
0x04001803	StardewValley.Minigames.TargetGame	successShots	Public, Static
0x04001804	StardewValley.Minigames.TargetGame	accuracy	Public, Static
0x04001805	StardewValley.Minigames.TargetGame	starTokensWon	Public, Static
0x04001806	StardewValley.Minigames.TargetGame	targets	Public
0x04001807	StardewValley.Minigames.TargetGame	modifierBonus	Private
0x04001808	StardewValley.Minigames.TelescopeScene	temporaryContent	Public
0x04001809	StardewValley.Minigames.TelescopeScene	background	Public
0x0400180A	StardewValley.Minigames.TelescopeScene	trees	Public
0x0400180B	StardewValley.Minigames.TelescopeScene	yOffset	Public
0x0400180C	StardewValley.Minigames.TelescopeScene	walkSpace	Public
0x0400180D	StardewValley.Minigames.Test	wallpaper	Public
0x0400180E	StardewValley.Menus.AboutMenu	region_upArrow	Public, Static, Literal, HasDefault
0x0400180F	StardewValley.Menus.AboutMenu	region_downArrow	Public, Static, Literal, HasDefault
0x04001810	StardewValley.Menus.AboutMenu	height	Public, Static, Literal, HasDefault
0x04001811	StardewValley.Menus.AboutMenu	backButton	Public
0x04001812	StardewValley.Menus.AboutMenu	upButton	Public
0x04001813	StardewValley.Menus.AboutMenu	downButton	Public
0x04001814	StardewValley.Menus.AboutMenu	credits	Public
0x04001815	StardewValley.Menus.AboutMenu	currentCreditsIndex	Private
0x04001816	StardewValley.Menus.ImageCreditsBlock	clickableComponent	Private
0x04001817	StardewValley.Menus.ImageCreditsBlock	animationFrames	Private
0x04001818	StardewValley.Menus.TextCreditsBlock	text	Private
0x04001819	StardewValley.Menus.TextCreditsBlock	color	Private
0x0400181A	StardewValley.Menus.TextCreditsBlock	renderNameInEnglish	Private
0x0400181B	StardewValley.Menus.LinkCreditsBlock	text	Private
0x0400181C	StardewValley.Menus.LinkCreditsBlock	url	Private
0x0400181D	StardewValley.Menus.LinkCreditsBlock	currentlyHovered	Private
0x0400181E	StardewValley.Menus.AdvancedGameOptions	itemsPerPage	Public, Static, Literal, HasDefault
0x0400181F	StardewValley.Menus.AdvancedGameOptions	hoverText	Private
0x04001820	StardewValley.Menus.AdvancedGameOptions	optionSlots	Public
0x04001821	StardewValley.Menus.AdvancedGameOptions	currentItemIndex	Public
0x04001822	StardewValley.Menus.AdvancedGameOptions	upArrow	Private
0x04001823	StardewValley.Menus.AdvancedGameOptions	downArrow	Private
0x04001824	StardewValley.Menus.AdvancedGameOptions	scrollBar	Private
0x04001825	StardewValley.Menus.AdvancedGameOptions	okButton	Public
0x04001826	StardewValley.Menus.AdvancedGameOptions	applySettingCallbacks	Public
0x04001827	StardewValley.Menus.AdvancedGameOptions	tooltips	Public
0x04001828	StardewValley.Menus.AdvancedGameOptions	ID_okButton	Public
0x04001829	StardewValley.Menus.AdvancedGameOptions	scrolling	Private
0x0400182A	StardewValley.Menus.AdvancedGameOptions	options	Public
0x0400182B	StardewValley.Menus.AdvancedGameOptions	scrollBarBounds	Private
0x0400182C	StardewValley.Menus.AdvancedGameOptions	_lastSelectedIndex	Family, Static
0x0400182D	StardewValley.Menus.AdvancedGameOptions	_lastCurrentItemIndex	Family, Static
0x0400182E	StardewValley.Menus.AdvancedGameOptions	_lastHoveredIndex	Family
0x0400182F	StardewValley.Menus.AdvancedGameOptions	_hoverDuration	Family
0x04001830	StardewValley.Menus.AdvancedGameOptions	WINDOW_WIDTH	Public, Static, Literal, HasDefault
0x04001831	StardewValley.Menus.AdvancedGameOptions	WINDOW_HEIGHT	Public, Static, Literal, HasDefault
0x04001832	StardewValley.Menus.AdvancedGameOptions	initialMonsterSpawnAtValue	Public
0x04001833	StardewValley.Menus.AdvancedGameOptions	optionsSlotHeld	Private
0x04001834	StardewValley.Menus.AnimalPage	slotsOnPage	Public, Static, Literal, HasDefault
0x04001835	StardewValley.Menus.AnimalPage	hoverText	Public
0x04001836	StardewValley.Menus.AnimalPage	upButton	Public
0x04001837	StardewValley.Menus.AnimalPage	downButton	Public
0x04001838	StardewValley.Menus.AnimalPage	scrollBar	Public
0x04001839	StardewValley.Menus.AnimalPage	scrollBarRunner	Public
0x0400183A	StardewValley.Menus.AnimalPage	AnimalEntries	Public
0x0400183B	StardewValley.Menus.AnimalPage	sprites	Public, InitOnly
0x0400183C	StardewValley.Menus.AnimalPage	slotPosition	Public
0x0400183D	StardewValley.Menus.AnimalPage	characterSlots	Public, InitOnly
0x0400183E	StardewValley.Menus.AnimalPage	scrolling	Public
0x0400183F	StardewValley.Menus.AnimalQueryMenu	region_okButton	Public, Static, Literal, HasDefault
0x04001840	StardewValley.Menus.AnimalQueryMenu	region_love	Public, Static, Literal, HasDefault
0x04001841	StardewValley.Menus.AnimalQueryMenu	region_sellButton	Public, Static, Literal, HasDefault
0x04001842	StardewValley.Menus.AnimalQueryMenu	region_moveHomeButton	Public, Static, Literal, HasDefault
0x04001843	StardewValley.Menus.AnimalQueryMenu	region_noButton	Public, Static, Literal, HasDefault
0x04001844	StardewValley.Menus.AnimalQueryMenu	region_allowReproductionButton	Public, Static, Literal, HasDefault
0x04001845	StardewValley.Menus.AnimalQueryMenu	region_loveHover	Public, Static, Literal, HasDefault
0x04001846	StardewValley.Menus.AnimalQueryMenu	region_textBoxCC	Public, Static, Literal, HasDefault
0x04001847	StardewValley.Menus.AnimalQueryMenu	width	Public, Static
0x04001848	StardewValley.Menus.AnimalQueryMenu	height	Public, Static
0x04001849	StardewValley.Menus.AnimalQueryMenu	animal	Public
0x0400184A	StardewValley.Menus.AnimalQueryMenu	textBox	Public
0x0400184B	StardewValley.Menus.AnimalQueryMenu	okButton	Public
0x0400184C	StardewValley.Menus.AnimalQueryMenu	love	Public
0x0400184D	StardewValley.Menus.AnimalQueryMenu	sellButton	Public
0x0400184E	StardewValley.Menus.AnimalQueryMenu	moveHomeButton	Public
0x0400184F	StardewValley.Menus.AnimalQueryMenu	yesButton	Public
0x04001850	StardewValley.Menus.AnimalQueryMenu	noButton	Public
0x04001851	StardewValley.Menus.AnimalQueryMenu	allowReproductionButton	Public
0x04001852	StardewValley.Menus.AnimalQueryMenu	loveHover	Public
0x04001853	StardewValley.Menus.AnimalQueryMenu	textBoxCC	Public
0x04001854	StardewValley.Menus.AnimalQueryMenu	loveLevel	Public
0x04001855	StardewValley.Menus.AnimalQueryMenu	confirmingSell	Public
0x04001856	StardewValley.Menus.AnimalQueryMenu	movingAnimal	Public
0x04001857	StardewValley.Menus.AnimalQueryMenu	hoverText	Public
0x04001858	StardewValley.Menus.AnimalQueryMenu	parentName	Public
0x04001859	StardewValley.Menus.AnimationPreviewTool	components	Public
0x0400185A	StardewValley.Menus.AnimationPreviewTool	scrollView	Public
0x0400185B	StardewValley.Menus.AnimationPreviewTool	animationButtons	Public
0x0400185C	StardewValley.Menus.AnimationPreviewTool	okButton	Public
0x0400185D	StardewValley.Menus.AnimationPreviewTool	hairLabel	Public
0x0400185E	StardewValley.Menus.AnimationPreviewTool	shirtLabel	Public
0x0400185F	StardewValley.Menus.AnimationPreviewTool	pantsLabel	Public
0x04001860	StardewValley.Menus.AnimationPreviewTool	scrollY	Public
0x04001861	StardewValley.Menus.Billboard	billboardTexture	Private
0x04001862	StardewValley.Menus.Billboard	basewidth	Public, Static, Literal, HasDefault
0x04001863	StardewValley.Menus.Billboard	baseWidth_calendar	Public, Static, Literal, HasDefault
0x04001864	StardewValley.Menus.Billboard	baseheight	Public, Static, Literal, HasDefault
0x04001865	StardewValley.Menus.Billboard	dailyQuestBoard	Private
0x04001866	StardewValley.Menus.Billboard	acceptQuestButton	Public
0x04001867	StardewValley.Menus.Billboard	calendarDays	Public
0x04001868	StardewValley.Menus.Billboard	hoverText	Private
0x04001869	StardewValley.Menus.Billboard	booksellerdays	Private
0x0400186A	StardewValley.Menus.Billboard	calendarDayData	Public, InitOnly
0x0400186B	StardewValley.Menus.BobberBar	timePerFishSizeReduction	Public, Static, Literal, HasDefault
0x0400186C	StardewValley.Menus.BobberBar	bobberTrackHeight	Public, Static, Literal, HasDefault
0x0400186D	StardewValley.Menus.BobberBar	bobberBarTrackHeight	Public, Static, Literal, HasDefault
0x0400186E	StardewValley.Menus.BobberBar	xOffsetToBobberTrack	Public, Static, Literal, HasDefault
0x0400186F	StardewValley.Menus.BobberBar	yOffsetToBobberTrack	Public, Static, Literal, HasDefault
0x04001870	StardewValley.Menus.BobberBar	mixed	Public, Static, Literal, HasDefault
0x04001871	StardewValley.Menus.BobberBar	dart	Public, Static, Literal, HasDefault
0x04001872	StardewValley.Menus.BobberBar	smooth	Public, Static, Literal, HasDefault
0x04001873	StardewValley.Menus.BobberBar	sink	Public, Static, Literal, HasDefault
0x04001874	StardewValley.Menus.BobberBar	floater	Public, Static, Literal, HasDefault
0x04001875	StardewValley.Menus.BobberBar	CHALLENGE_BAIT_MAX_FISHES	Public, Static, Literal, HasDefault
0x04001876	StardewValley.Menus.BobberBar	handledFishResult	Public
0x04001877	StardewValley.Menus.BobberBar	difficulty	Public
0x04001878	StardewValley.Menus.BobberBar	motionType	Public
0x04001879	StardewValley.Menus.BobberBar	whichFish	Public
0x0400187A	StardewValley.Menus.BobberBar	distanceFromCatchPenaltyModifier	Public
0x0400187B	StardewValley.Menus.BobberBar	setFlagOnCatch	Public
0x0400187C	StardewValley.Menus.BobberBar	bobberPosition	Public
0x0400187D	StardewValley.Menus.BobberBar	bobberSpeed	Public
0x0400187E	StardewValley.Menus.BobberBar	bobberAcceleration	Public
0x0400187F	StardewValley.Menus.BobberBar	bobberTargetPosition	Public
0x04001880	StardewValley.Menus.BobberBar	scale	Public
0x04001881	StardewValley.Menus.BobberBar	everythingShakeTimer	Public
0x04001882	StardewValley.Menus.BobberBar	floaterSinkerAcceleration	Public
0x04001883	StardewValley.Menus.BobberBar	treasurePosition	Public
0x04001884	StardewValley.Menus.BobberBar	treasureCatchLevel	Public
0x04001885	StardewValley.Menus.BobberBar	treasureAppearTimer	Public
0x04001886	StardewValley.Menus.BobberBar	treasureScale	Public
0x04001887	StardewValley.Menus.BobberBar	bobberInBar	Public
0x04001888	StardewValley.Menus.BobberBar	buttonPressed	Public
0x04001889	StardewValley.Menus.BobberBar	flipBubble	Public
0x0400188A	StardewValley.Menus.BobberBar	fadeIn	Public
0x0400188B	StardewValley.Menus.BobberBar	fadeOut	Public
0x0400188C	StardewValley.Menus.BobberBar	treasure	Public
0x0400188D	StardewValley.Menus.BobberBar	treasureCaught	Public
0x0400188E	StardewValley.Menus.BobberBar	perfect	Public
0x0400188F	StardewValley.Menus.BobberBar	bossFish	Public
0x04001890	StardewValley.Menus.BobberBar	beginnersRod	Public
0x04001891	StardewValley.Menus.BobberBar	fromFishPond	Public
0x04001892	StardewValley.Menus.BobberBar	goldenTreasure	Public
0x04001893	StardewValley.Menus.BobberBar	bobberBarHeight	Public
0x04001894	StardewValley.Menus.BobberBar	fishSize	Public
0x04001895	StardewValley.Menus.BobberBar	fishQuality	Public
0x04001896	StardewValley.Menus.BobberBar	minFishSize	Public
0x04001897	StardewValley.Menus.BobberBar	maxFishSize	Public
0x04001898	StardewValley.Menus.BobberBar	fishSizeReductionTimer	Public
0x04001899	StardewValley.Menus.BobberBar	challengeBaitFishes	Public
0x0400189A	StardewValley.Menus.BobberBar	bobbers	Public
0x0400189B	StardewValley.Menus.BobberBar	barShake	Public
0x0400189C	StardewValley.Menus.BobberBar	fishShake	Public
0x0400189D	StardewValley.Menus.BobberBar	everythingShake	Public
0x0400189E	StardewValley.Menus.BobberBar	treasureShake	Public
0x0400189F	StardewValley.Menus.BobberBar	reelRotation	Public
0x040018A0	StardewValley.Menus.BobberBar	sparkleText	Private
0x040018A1	StardewValley.Menus.BobberBar	bobberBarPos	Public
0x040018A2	StardewValley.Menus.BobberBar	bobberBarSpeed	Public
0x040018A3	StardewValley.Menus.BobberBar	distanceFromCatching	Public
0x040018A4	StardewValley.Menus.BobberBar	reelSound	Public, Static
0x040018A5	StardewValley.Menus.BobberBar	unReelSound	Public, Static
0x040018A6	StardewValley.Menus.BobberBar	fishObject	Private
0x040018A7	StardewValley.Menus.BuffsDisplay	displayAttributes	Public, Static, InitOnly
0x040018A8	StardewValley.Menus.BuffsDisplay	buffs	Private, InitOnly
0x040018A9	StardewValley.Menus.BuffsDisplay	updatedIDs	Public, InitOnly
0x040018AA	StardewValley.Menus.BuffsDisplay	dirty	Public
0x040018AB	StardewValley.Menus.BuffsDisplay	hoverText	Public
0x040018AC	StardewValley.Menus.BuildingPaintMenu	region_colorButtons	Public, Static, Literal, HasDefault
0x040018AD	StardewValley.Menus.BuildingPaintMenu	region_okButton	Public, Static, Literal, HasDefault
0x040018AE	StardewValley.Menus.BuildingPaintMenu	region_nextRegion	Public, Static, Literal, HasDefault
0x040018AF	StardewValley.Menus.BuildingPaintMenu	region_prevRegion	Public, Static, Literal, HasDefault
0x040018B0	StardewValley.Menus.BuildingPaintMenu	region_copyColor	Public, Static, Literal, HasDefault
0x040018B1	StardewValley.Menus.BuildingPaintMenu	region_defaultColor	Public, Static, Literal, HasDefault
0x040018B2	StardewValley.Menus.BuildingPaintMenu	region_hueSlider	Public, Static, Literal, HasDefault
0x040018B3	StardewValley.Menus.BuildingPaintMenu	region_saturationSlider	Public, Static, Literal, HasDefault
0x040018B4	StardewValley.Menus.BuildingPaintMenu	region_lightnessSlider	Public, Static, Literal, HasDefault
0x040018B5	StardewValley.Menus.BuildingPaintMenu	region_appearanceButton	Public, Static, Literal, HasDefault
0x040018B6	StardewValley.Menus.BuildingPaintMenu	WINDOW_WIDTH	Public, Static
0x040018B7	StardewValley.Menus.BuildingPaintMenu	WINDOW_HEIGHT	Public, Static
0x040018B8	StardewValley.Menus.BuildingPaintMenu	previewPane	Public
0x040018B9	StardewValley.Menus.BuildingPaintMenu	colorPane	Public
0x040018BA	StardewValley.Menus.BuildingPaintMenu	activeSlider	Public
0x040018BB	StardewValley.Menus.BuildingPaintMenu	appearanceButton	Public
0x040018BC	StardewValley.Menus.BuildingPaintMenu	okButton	Public
0x040018BD	StardewValley.Menus.BuildingPaintMenu	savedColors	Public, Static
0x040018BE	StardewValley.Menus.BuildingPaintMenu	buttonColors	Public
0x040018BF	StardewValley.Menus.BuildingPaintMenu	colorSliderPanel	Public
0x040018C0	StardewValley.Menus.BuildingPaintMenu	hoverText	Private
0x040018C1	StardewValley.Menus.BuildingPaintMenu	building	Public
0x040018C2	StardewValley.Menus.BuildingPaintMenu	buildingType	Public
0x040018C3	StardewValley.Menus.BuildingPaintMenu	colorTarget	Public
0x040018C4	StardewValley.Menus.BuildingPaintMenu	_paintData	Family
0x040018C5	StardewValley.Menus.BuildingPaintMenu	currentPaintRegion	Public
0x040018C6	StardewValley.Menus.BuildingPaintMenu	regions	Public
0x040018C7	StardewValley.Menus.BuildingPaintMenu	nextRegionButton	Public
0x040018C8	StardewValley.Menus.BuildingPaintMenu	previousRegionButton	Public
0x040018C9	StardewValley.Menus.BuildingPaintMenu	copyColorButton	Public
0x040018CA	StardewValley.Menus.BuildingPaintMenu	defaultColorButton	Public
0x040018CB	StardewValley.Menus.BuildingPaintMenu	savedColorButtons	Public
0x040018CC	StardewValley.Menus.BuildingPaintMenu	sliderHandles	Public
0x040018CD	StardewValley.Menus.BuildingSkinMenu	region_okButton	Public, Static, Literal, HasDefault
0x040018CE	StardewValley.Menus.BuildingSkinMenu	region_nextSkin	Public, Static, Literal, HasDefault
0x040018CF	StardewValley.Menus.BuildingSkinMenu	region_prevSkin	Public, Static, Literal, HasDefault
0x040018D0	StardewValley.Menus.BuildingSkinMenu	WindowWidth	Public, Static
0x040018D1	StardewValley.Menus.BuildingSkinMenu	WindowHeight	Public, Static
0x040018D2	StardewValley.Menus.BuildingSkinMenu	PreviewPane	Public
0x040018D3	StardewValley.Menus.BuildingSkinMenu	OkButton	Public
0x040018D4	StardewValley.Menus.BuildingSkinMenu	Building	Public
0x040018D5	StardewValley.Menus.BuildingSkinMenu	NextSkinButton	Public
0x040018D6	StardewValley.Menus.BuildingSkinMenu	PreviousSkinButton	Public
0x040018D7	StardewValley.Menus.BuildingSkinMenu	BuildingDisplayName	Public
0x040018D8	StardewValley.Menus.BuildingSkinMenu	BuildingDescription	Public
0x040018D9	StardewValley.Menus.BuildingSkinMenu	Skins	Public
0x040018DA	StardewValley.Menus.BuildingSkinMenu	Skin	Public
0x040018DB	StardewValley.Menus.ButtonTutorialMenu	move_run_check	Public, Static, Literal, HasDefault
0x040018DC	StardewValley.Menus.ButtonTutorialMenu	useTool_menu	Public, Static, Literal, HasDefault
0x040018DD	StardewValley.Menus.ButtonTutorialMenu	movementSpeed	Public, Static, Literal, HasDefault
0x040018DE	StardewValley.Menus.ButtonTutorialMenu	width	Public, Static, Literal, HasDefault
0x040018DF	StardewValley.Menus.ButtonTutorialMenu	height	Public, Static, Literal, HasDefault
0x040018E0	StardewValley.Menus.ButtonTutorialMenu	timerToclose	Private
0x040018E1	StardewValley.Menus.ButtonTutorialMenu	which	Private
0x040018E2	StardewValley.Menus.ButtonTutorialMenu	current	Private, Static
0x040018E3	StardewValley.Menus.ButtonTutorialMenu	myID	Private
0x040018E4	StardewValley.Menus.CarpenterMenu	region_backButton	Public, Static, Literal, HasDefault
0x040018E5	StardewValley.Menus.CarpenterMenu	region_forwardButton	Public, Static, Literal, HasDefault
0x040018E6	StardewValley.Menus.CarpenterMenu	region_upgradeIcon	Public, Static, Literal, HasDefault
0x040018E7	StardewValley.Menus.CarpenterMenu	region_demolishButton	Public, Static, Literal, HasDefault
0x040018E8	StardewValley.Menus.CarpenterMenu	region_moveBuitton	Public, Static, Literal, HasDefault
0x040018E9	StardewValley.Menus.CarpenterMenu	region_okButton	Public, Static, Literal, HasDefault
0x040018EA	StardewValley.Menus.CarpenterMenu	region_cancelButton	Public, Static, Literal, HasDefault
0x040018EB	StardewValley.Menus.CarpenterMenu	region_paintButton	Public, Static, Literal, HasDefault
0x040018EC	StardewValley.Menus.CarpenterMenu	region_appearanceButton	Public, Static, Literal, HasDefault
0x040018ED	StardewValley.Menus.CarpenterMenu	_readOnly	Private
0x040018EE	StardewValley.Menus.CarpenterMenu	maxWidthOfBuildingViewer	Public
0x040018EF	StardewValley.Menus.CarpenterMenu	maxHeightOfBuildingViewer	Public
0x040018F0	StardewValley.Menus.CarpenterMenu	maxWidthOfDescription	Public
0x040018F1	StardewValley.Menus.CarpenterMenu	Builder	Public, InitOnly
0x040018F2	StardewValley.Menus.CarpenterMenu	BuilderLocationName	Public, InitOnly
0x040018F3	StardewValley.Menus.CarpenterMenu	BuilderViewport	Public, InitOnly
0x040018F4	StardewValley.Menus.CarpenterMenu	TargetLocation	Public
0x040018F5	StardewValley.Menus.CarpenterMenu	TargetViewportCenterOnTile	Public
0x040018F6	StardewValley.Menus.CarpenterMenu	Blueprints	Public, InitOnly
0x040018F7	StardewValley.Menus.CarpenterMenu	Blueprint	Public
0x040018F8	StardewValley.Menus.CarpenterMenu	okButton	Public
0x040018F9	StardewValley.Menus.CarpenterMenu	cancelButton	Public
0x040018FA	StardewValley.Menus.CarpenterMenu	backButton	Public
0x040018FB	StardewValley.Menus.CarpenterMenu	forwardButton	Public
0x040018FC	StardewValley.Menus.CarpenterMenu	upgradeIcon	Public
0x040018FD	StardewValley.Menus.CarpenterMenu	demolishButton	Public
0x040018FE	StardewValley.Menus.CarpenterMenu	moveButton	Public
0x040018FF	StardewValley.Menus.CarpenterMenu	paintButton	Public
0x04001900	StardewValley.Menus.CarpenterMenu	appearanceButton	Public
0x04001901	StardewValley.Menus.CarpenterMenu	currentBuilding	Public
0x04001902	StardewValley.Menus.CarpenterMenu	buildingToMove	Public
0x04001903	StardewValley.Menus.CarpenterMenu	ingredients	Public, InitOnly
0x04001904	StardewValley.Menus.CarpenterMenu	onFarm	Public
0x04001905	StardewValley.Menus.CarpenterMenu	Action	Public
0x04001906	StardewValley.Menus.CarpenterMenu	drawBG	Public
0x04001907	StardewValley.Menus.CarpenterMenu	freeze	Public
0x04001908	StardewValley.Menus.CarpenterMenu	hoverText	Private
0x04001909	StardewValley.Menus.CharacterCustomization	region_okbutton	Public, Static, Literal, HasDefault
0x0400190A	StardewValley.Menus.CharacterCustomization	region_skipIntroButton	Public, Static, Literal, HasDefault
0x0400190B	StardewValley.Menus.CharacterCustomization	region_randomButton	Public, Static, Literal, HasDefault
0x0400190C	StardewValley.Menus.CharacterCustomization	region_male	Public, Static, Literal, HasDefault
0x0400190D	StardewValley.Menus.CharacterCustomization	region_female	Public, Static, Literal, HasDefault
0x0400190E	StardewValley.Menus.CharacterCustomization	region_dog	Public, Static, Literal, HasDefault
0x0400190F	StardewValley.Menus.CharacterCustomization	region_cat	Public, Static, Literal, HasDefault
0x04001910	StardewValley.Menus.CharacterCustomization	region_shirtLeft	Public, Static, Literal, HasDefault
0x04001911	StardewValley.Menus.CharacterCustomization	region_shirtRight	Public, Static, Literal, HasDefault
0x04001912	StardewValley.Menus.CharacterCustomization	region_hairLeft	Public, Static, Literal, HasDefault
0x04001913	StardewValley.Menus.CharacterCustomization	region_hairRight	Public, Static, Literal, HasDefault
0x04001914	StardewValley.Menus.CharacterCustomization	region_accLeft	Public, Static, Literal, HasDefault
0x04001915	StardewValley.Menus.CharacterCustomization	region_accRight	Public, Static, Literal, HasDefault
0x04001916	StardewValley.Menus.CharacterCustomization	region_skinLeft	Public, Static, Literal, HasDefault
0x04001917	StardewValley.Menus.CharacterCustomization	region_skinRight	Public, Static, Literal, HasDefault
0x04001918	StardewValley.Menus.CharacterCustomization	region_directionLeft	Public, Static, Literal, HasDefault
0x04001919	StardewValley.Menus.CharacterCustomization	region_directionRight	Public, Static, Literal, HasDefault
0x0400191A	StardewValley.Menus.CharacterCustomization	region_cabinsLeft	Public, Static, Literal, HasDefault
0x0400191B	StardewValley.Menus.CharacterCustomization	region_cabinsRight	Public, Static, Literal, HasDefault
0x0400191C	StardewValley.Menus.CharacterCustomization	region_cabinsClose	Public, Static, Literal, HasDefault
0x0400191D	StardewValley.Menus.CharacterCustomization	region_cabinsSeparate	Public, Static, Literal, HasDefault
0x0400191E	StardewValley.Menus.CharacterCustomization	region_coopHelp	Public, Static, Literal, HasDefault
0x0400191F	StardewValley.Menus.CharacterCustomization	region_coopHelpOK	Public, Static, Literal, HasDefault
0x04001920	StardewValley.Menus.CharacterCustomization	region_difficultyLeft	Public, Static, Literal, HasDefault
0x04001921	StardewValley.Menus.CharacterCustomization	region_difficultyRight	Public, Static, Literal, HasDefault
0x04001922	StardewValley.Menus.CharacterCustomization	region_petLeft	Public, Static, Literal, HasDefault
0x04001923	StardewValley.Menus.CharacterCustomization	region_petRight	Public, Static, Literal, HasDefault
0x04001924	StardewValley.Menus.CharacterCustomization	region_pantsLeft	Public, Static, Literal, HasDefault
0x04001925	StardewValley.Menus.CharacterCustomization	region_pantsRight	Public, Static, Literal, HasDefault
0x04001926	StardewValley.Menus.CharacterCustomization	region_walletsLeft	Public, Static, Literal, HasDefault
0x04001927	StardewValley.Menus.CharacterCustomization	region_walletsRight	Public, Static, Literal, HasDefault
0x04001928	StardewValley.Menus.CharacterCustomization	region_coopHelpRight	Public, Static, Literal, HasDefault
0x04001929	StardewValley.Menus.CharacterCustomization	region_coopHelpLeft	Public, Static, Literal, HasDefault
0x0400192A	StardewValley.Menus.CharacterCustomization	region_coopHelpButtons	Public, Static, Literal, HasDefault
0x0400192B	StardewValley.Menus.CharacterCustomization	region_advancedOptions	Public, Static, Literal, HasDefault
0x0400192C	StardewValley.Menus.CharacterCustomization	region_colorPicker1	Public, Static, Literal, HasDefault
0x0400192D	StardewValley.Menus.CharacterCustomization	region_colorPicker2	Public, Static, Literal, HasDefault
0x0400192E	StardewValley.Menus.CharacterCustomization	region_colorPicker3	Public, Static, Literal, HasDefault
0x0400192F	StardewValley.Menus.CharacterCustomization	region_colorPicker4	Public, Static, Literal, HasDefault
0x04001930	StardewValley.Menus.CharacterCustomization	region_colorPicker5	Public, Static, Literal, HasDefault
0x04001931	StardewValley.Menus.CharacterCustomization	region_colorPicker6	Public, Static, Literal, HasDefault
0x04001932	StardewValley.Menus.CharacterCustomization	region_colorPicker7	Public, Static, Literal, HasDefault
0x04001933	StardewValley.Menus.CharacterCustomization	region_colorPicker8	Public, Static, Literal, HasDefault
0x04001934	StardewValley.Menus.CharacterCustomization	region_colorPicker9	Public, Static, Literal, HasDefault
0x04001935	StardewValley.Menus.CharacterCustomization	region_farmSelection1	Public, Static, Literal, HasDefault
0x04001936	StardewValley.Menus.CharacterCustomization	region_farmSelection2	Public, Static, Literal, HasDefault
0x04001937	StardewValley.Menus.CharacterCustomization	region_farmSelection3	Public, Static, Literal, HasDefault
0x04001938	StardewValley.Menus.CharacterCustomization	region_farmSelection4	Public, Static, Literal, HasDefault
0x04001939	StardewValley.Menus.CharacterCustomization	region_farmSelection5	Public, Static, Literal, HasDefault
0x0400193A	StardewValley.Menus.CharacterCustomization	region_farmSelection6	Public, Static, Literal, HasDefault
0x0400193B	StardewValley.Menus.CharacterCustomization	region_farmSelection7	Public, Static, Literal, HasDefault
0x0400193C	StardewValley.Menus.CharacterCustomization	region_farmSelection8	Public, Static, Literal, HasDefault
0x0400193D	StardewValley.Menus.CharacterCustomization	region_farmSelection9	Public, Static, Literal, HasDefault
0x0400193E	StardewValley.Menus.CharacterCustomization	region_farmSelection10	Public, Static, Literal, HasDefault
0x0400193F	StardewValley.Menus.CharacterCustomization	region_farmSelection11	Public, Static, Literal, HasDefault
0x04001940	StardewValley.Menus.CharacterCustomization	region_farmSelection12	Public, Static, Literal, HasDefault
0x04001941	StardewValley.Menus.CharacterCustomization	region_farmSelectionLeft	Public, Static, Literal, HasDefault
0x04001942	StardewValley.Menus.CharacterCustomization	region_farmSelectionRight	Public, Static, Literal, HasDefault
0x04001943	StardewValley.Menus.CharacterCustomization	region_nameBox	Public, Static, Literal, HasDefault
0x04001944	StardewValley.Menus.CharacterCustomization	region_farmNameBox	Public, Static, Literal, HasDefault
0x04001945	StardewValley.Menus.CharacterCustomization	region_favThingBox	Public, Static, Literal, HasDefault
0x04001946	StardewValley.Menus.CharacterCustomization	colorPickerTimerDelay	Public, Static, Literal, HasDefault
0x04001947	StardewValley.Menus.CharacterCustomization	widthOfMultiplayerArea	Public, Static, Literal, HasDefault
0x04001948	StardewValley.Menus.CharacterCustomization	colorPickerTimer	Private
0x04001949	StardewValley.Menus.CharacterCustomization	pantsColorPicker	Public
0x0400194A	StardewValley.Menus.CharacterCustomization	hairColorPicker	Public
0x0400194B	StardewValley.Menus.CharacterCustomization	eyeColorPicker	Public
0x0400194C	StardewValley.Menus.CharacterCustomization	labels	Public
0x0400194D	StardewValley.Menus.CharacterCustomization	leftSelectionButtons	Public
0x0400194E	StardewValley.Menus.CharacterCustomization	rightSelectionButtons	Public
0x0400194F	StardewValley.Menus.CharacterCustomization	genderButtons	Public
0x04001950	StardewValley.Menus.CharacterCustomization	farmTypeButtons	Public
0x04001951	StardewValley.Menus.CharacterCustomization	farmTypeNextPageButton	Public
0x04001952	StardewValley.Menus.CharacterCustomization	farmTypePreviousPageButton	Public
0x04001953	StardewValley.Menus.CharacterCustomization	farmTypeButtonNames	Private
0x04001954	StardewValley.Menus.CharacterCustomization	farmTypeHoverText	Private
0x04001955	StardewValley.Menus.CharacterCustomization	farmTypeIcons	Private
0x04001956	StardewValley.Menus.CharacterCustomization	_currentFarmPage	Family
0x04001957	StardewValley.Menus.CharacterCustomization	_farmPages	Family
0x04001958	StardewValley.Menus.CharacterCustomization	colorPickerCCs	Public
0x04001959	StardewValley.Menus.CharacterCustomization	cabinLayoutButtons	Public
0x0400195A	StardewValley.Menus.CharacterCustomization	okButton	Public
0x0400195B	StardewValley.Menus.CharacterCustomization	skipIntroButton	Public
0x0400195C	StardewValley.Menus.CharacterCustomization	randomButton	Public
0x0400195D	StardewValley.Menus.CharacterCustomization	coopHelpButton	Public
0x0400195E	StardewValley.Menus.CharacterCustomization	coopHelpOkButton	Public
0x0400195F	StardewValley.Menus.CharacterCustomization	coopHelpRightButton	Public
0x04001960	StardewValley.Menus.CharacterCustomization	coopHelpLeftButton	Public
0x04001961	StardewValley.Menus.CharacterCustomization	advancedOptionsButton	Public
0x04001962	StardewValley.Menus.CharacterCustomization	nameBox	Private
0x04001963	StardewValley.Menus.CharacterCustomization	farmnameBox	Private
0x04001964	StardewValley.Menus.CharacterCustomization	favThingBox	Private
0x04001965	StardewValley.Menus.CharacterCustomization	skipIntro	Private
0x04001966	StardewValley.Menus.CharacterCustomization	isModifyingExistingPet	Public
0x04001967	StardewValley.Menus.CharacterCustomization	showingCoopHelp	Public
0x04001968	StardewValley.Menus.CharacterCustomization	coopHelpScreen	Public
0x04001969	StardewValley.Menus.CharacterCustomization	source	Public
0x0400196A	StardewValley.Menus.CharacterCustomization	helpStringSize	Private
0x0400196B	StardewValley.Menus.CharacterCustomization	hoverText	Private
0x0400196C	StardewValley.Menus.CharacterCustomization	hoverTitle	Private
0x0400196D	StardewValley.Menus.CharacterCustomization	coopHelpString	Private
0x0400196E	StardewValley.Menus.CharacterCustomization	noneString	Private
0x0400196F	StardewValley.Menus.CharacterCustomization	normalDiffString	Private
0x04001970	StardewValley.Menus.CharacterCustomization	toughDiffString	Private
0x04001971	StardewValley.Menus.CharacterCustomization	hardDiffString	Private
0x04001972	StardewValley.Menus.CharacterCustomization	superDiffString	Private
0x04001973	StardewValley.Menus.CharacterCustomization	sharedWalletString	Private
0x04001974	StardewValley.Menus.CharacterCustomization	separateWalletString	Private
0x04001975	StardewValley.Menus.CharacterCustomization	nameBoxCC	Public
0x04001976	StardewValley.Menus.CharacterCustomization	farmnameBoxCC	Public
0x04001977	StardewValley.Menus.CharacterCustomization	favThingBoxCC	Public
0x04001978	StardewValley.Menus.CharacterCustomization	backButton	Public
0x04001979	StardewValley.Menus.CharacterCustomization	nameLabel	Private
0x0400197A	StardewValley.Menus.CharacterCustomization	farmLabel	Private
0x0400197B	StardewValley.Menus.CharacterCustomization	favoriteLabel	Private
0x0400197C	StardewValley.Menus.CharacterCustomization	shirtLabel	Private
0x0400197D	StardewValley.Menus.CharacterCustomization	skinLabel	Private
0x0400197E	StardewValley.Menus.CharacterCustomization	hairLabel	Private
0x0400197F	StardewValley.Menus.CharacterCustomization	accLabel	Private
0x04001980	StardewValley.Menus.CharacterCustomization	pantsStyleLabel	Private
0x04001981	StardewValley.Menus.CharacterCustomization	startingCabinsLabel	Private
0x04001982	StardewValley.Menus.CharacterCustomization	cabinLayoutLabel	Private
0x04001983	StardewValley.Menus.CharacterCustomization	separateWalletLabel	Private
0x04001984	StardewValley.Menus.CharacterCustomization	difficultyModifierLabel	Private
0x04001985	StardewValley.Menus.CharacterCustomization	_sliderOpTarget	Private
0x04001986	StardewValley.Menus.CharacterCustomization	_sliderAction	Private
0x04001987	StardewValley.Menus.CharacterCustomization	_recolorEyesAction	Private, InitOnly
0x04001988	StardewValley.Menus.CharacterCustomization	_recolorPantsAction	Private, InitOnly
0x04001989	StardewValley.Menus.CharacterCustomization	_recolorHairAction	Private, InitOnly
0x0400198A	StardewValley.Menus.CharacterCustomization	_itemToDye	Family
0x0400198B	StardewValley.Menus.CharacterCustomization	_shouldShowBackButton	Family
0x0400198C	StardewValley.Menus.CharacterCustomization	_isDyeMenu	Family
0x0400198D	StardewValley.Menus.CharacterCustomization	_displayFarmer	Family
0x0400198E	StardewValley.Menus.CharacterCustomization	portraitBox	Public
0x0400198F	StardewValley.Menus.CharacterCustomization	petPortraitBox	Public
0x04001990	StardewValley.Menus.CharacterCustomization	oldName	Public
0x04001991	StardewValley.Menus.CharacterCustomization	_multiplayerServer	Private
0x04001992	StardewValley.Menus.CharacterCustomization	advancedCCHighlightTimer	Private
0x04001993	StardewValley.Menus.CharacterCustomization	_petTypesAndBreeds	Family
0x04001994	StardewValley.Menus.CharacterCustomization	lastHeldColorPicker	Private
0x04001995	StardewValley.Menus.CharacterCustomization	timesRandom	Private
0x04001996	StardewValley.Menus.ChatSnippet	message	Public
0x04001997	StardewValley.Menus.ChatSnippet	emojiIndex	Public
0x04001998	StardewValley.Menus.ChatSnippet	myLength	Public
0x04001999	StardewValley.Menus.ChatMessage	message	Public
0x0400199A	StardewValley.Menus.ChatMessage	timeLeftToDisplay	Public
0x0400199B	StardewValley.Menus.ChatMessage	verticalSize	Public
0x0400199C	StardewValley.Menus.ChatMessage	alpha	Public
0x0400199D	StardewValley.Menus.ChatMessage	color	Public
0x0400199E	StardewValley.Menus.ChatMessage	language	Public
0x0400199F	StardewValley.Menus.ChatBox	chatMessage	Public, Static, Literal, HasDefault
0x040019A0	StardewValley.Menus.ChatBox	errorMessage	Public, Static, Literal, HasDefault
0x040019A1	StardewValley.Menus.ChatBox	userNotificationMessage	Public, Static, Literal, HasDefault
0x040019A2	StardewValley.Menus.ChatBox	privateMessage	Public, Static, Literal, HasDefault
0x040019A3	StardewValley.Menus.ChatBox	defaultMaxMessages	Public, Static, Literal, HasDefault
0x040019A4	StardewValley.Menus.ChatBox	timeToDisplayMessages	Public, Static, Literal, HasDefault
0x040019A5	StardewValley.Menus.ChatBox	chatboxWidth	Public, Static, Literal, HasDefault
0x040019A6	StardewValley.Menus.ChatBox	chatboxHeight	Public, Static, Literal, HasDefault
0x040019A7	StardewValley.Menus.ChatBox	region_chatBox	Public, Static, Literal, HasDefault
0x040019A8	StardewValley.Menus.ChatBox	region_emojiButton	Public, Static, Literal, HasDefault
0x040019A9	StardewValley.Menus.ChatBox	chatBox	Public
0x040019AA	StardewValley.Menus.ChatBox	chatBoxCC	Public
0x040019AB	StardewValley.Menus.ChatBox	CheatCommandChatLogger	Private, InitOnly
0x040019AC	StardewValley.Menus.ChatBox	messages	Public
0x040019AD	StardewValley.Menus.ChatBox	oldKBState	Private
0x040019AE	StardewValley.Menus.ChatBox	cheatHistory	Private
0x040019AF	StardewValley.Menus.ChatBox	cheatHistoryPosition	Private
0x040019B0	StardewValley.Menus.ChatBox	maxMessages	Public
0x040019B1	StardewValley.Menus.ChatBox	emojiTexture	Public, Static
0x040019B2	StardewValley.Menus.ChatBox	emojiMenuIcon	Public
0x040019B3	StardewValley.Menus.ChatBox	emojiMenu	Public
0x040019B4	StardewValley.Menus.ChatBox	choosingEmoji	Public
0x040019B5	StardewValley.Menus.ChatBox	lastReceivedPrivateMessagePlayerId	Private
0x040019B6	StardewValley.Menus.ChatTextBox	parentMenu	Public
0x040019B7	StardewValley.Menus.ChatTextBox	finalText	Public
0x040019B8	StardewValley.Menus.ChatTextBox	currentWidth	Public
0x040019B9	StardewValley.Menus.ChooseFromIconsMenu	iconBackRectangle	Private
0x040019BA	StardewValley.Menus.ChooseFromIconsMenu	texture	Private
0x040019BB	StardewValley.Menus.ChooseFromIconsMenu	iconBackHighlightPosition	Private
0x040019BC	StardewValley.Menus.ChooseFromIconsMenu	iconFrontHighlightPositionOffset	Private
0x040019BD	StardewValley.Menus.ChooseFromIconsMenu	which	Private
0x040019BE	StardewValley.Menus.ChooseFromIconsMenu	icons	Public
0x040019BF	StardewValley.Menus.ChooseFromIconsMenu	iconFronts	Public
0x040019C0	StardewValley.Menus.ChooseFromIconsMenu	iconXOffset	Private
0x040019C1	StardewValley.Menus.ChooseFromIconsMenu	maxTooltipHeight	Private
0x040019C2	StardewValley.Menus.ChooseFromIconsMenu	maxTooltipWidth	Private
0x040019C3	StardewValley.Menus.ChooseFromIconsMenu	destroyTimer	Private
0x040019C4	StardewValley.Menus.ChooseFromIconsMenu	temporarySprites	Private
0x040019C5	StardewValley.Menus.ChooseFromIconsMenu	sourceObject	Public
0x040019C6	StardewValley.Menus.ChooseFromIconsMenu	hasTooltips	Private
0x040019C7	StardewValley.Menus.ChooseFromIconsMenu	title	Private
0x040019C8	StardewValley.Menus.ChooseFromIconsMenu	hoverSound	Private
0x040019C9	StardewValley.Menus.ChooseFromIconsMenu	titleStyle	Private
0x040019CA	StardewValley.Menus.ChooseFromIconsMenu	selected	Private
0x040019CB	StardewValley.Menus.ChooseFromListMenu	region_backButton	Public, Static, Literal, HasDefault
0x040019CC	StardewValley.Menus.ChooseFromListMenu	region_forwardButton	Public, Static, Literal, HasDefault
0x040019CD	StardewValley.Menus.ChooseFromListMenu	region_okButton	Public, Static, Literal, HasDefault
0x040019CE	StardewValley.Menus.ChooseFromListMenu	region_cancelButton	Public, Static, Literal, HasDefault
0x040019CF	StardewValley.Menus.ChooseFromListMenu	w	Public, Static, Literal, HasDefault
0x040019D0	StardewValley.Menus.ChooseFromListMenu	h	Public, Static, Literal, HasDefault
0x040019D1	StardewValley.Menus.ChooseFromListMenu	backButton	Public
0x040019D2	StardewValley.Menus.ChooseFromListMenu	forwardButton	Public
0x040019D3	StardewValley.Menus.ChooseFromListMenu	okButton	Public
0x040019D4	StardewValley.Menus.ChooseFromListMenu	cancelButton	Public
0x040019D5	StardewValley.Menus.ChooseFromListMenu	options	Private
0x040019D6	StardewValley.Menus.ChooseFromListMenu	index	Private
0x040019D7	StardewValley.Menus.ChooseFromListMenu	chooseAction	Private
0x040019D8	StardewValley.Menus.ChooseFromListMenu	isJukebox	Private
0x040019D9	StardewValley.Menus.ClickableAnimatedComponent	sprite	Public
0x040019DA	StardewValley.Menus.ClickableAnimatedComponent	sourceRect	Public
0x040019DB	StardewValley.Menus.ClickableAnimatedComponent	baseScale	Public
0x040019DC	StardewValley.Menus.ClickableAnimatedComponent	hoverText	Public
0x040019DD	StardewValley.Menus.ClickableAnimatedComponent	drawLabel	Private
0x040019DE	StardewValley.Menus.ClickableComponent	ID_ignore	Public, Static, Literal, HasDefault
0x040019DF	StardewValley.Menus.ClickableComponent	CUSTOM_SNAP_BEHAVIOR	Public, Static, Literal, HasDefault
0x040019E0	StardewValley.Menus.ClickableComponent	SNAP_AUTOMATIC	Public, Static, Literal, HasDefault
0x040019E1	StardewValley.Menus.ClickableComponent	SNAP_TO_DEFAULT	Public, Static, Literal, HasDefault
0x040019E2	StardewValley.Menus.ClickableComponent	bounds	Public
0x040019E3	StardewValley.Menus.ClickableComponent	name	Public
0x040019E4	StardewValley.Menus.ClickableComponent	label	Public
0x040019E5	StardewValley.Menus.ClickableComponent	scale	Public
0x040019E6	StardewValley.Menus.ClickableComponent	item	Public
0x040019E7	StardewValley.Menus.ClickableComponent	visible	Public
0x040019E8	StardewValley.Menus.ClickableComponent	leftNeighborImmutable	Public
0x040019E9	StardewValley.Menus.ClickableComponent	rightNeighborImmutable	Public
0x040019EA	StardewValley.Menus.ClickableComponent	upNeighborImmutable	Public
0x040019EB	StardewValley.Menus.ClickableComponent	downNeighborImmutable	Public
0x040019EC	StardewValley.Menus.ClickableComponent	fullyImmutable	Public
0x040019ED	StardewValley.Menus.ClickableComponent	myID	Public
0x040019EE	StardewValley.Menus.ClickableComponent	myAlternateID	Public
0x040019EF	StardewValley.Menus.ClickableComponent	leftNeighborID	Public
0x040019F0	StardewValley.Menus.ClickableComponent	rightNeighborID	Public
0x040019F1	StardewValley.Menus.ClickableComponent	upNeighborID	Public
0x040019F2	StardewValley.Menus.ClickableComponent	downNeighborID	Public
0x040019F3	StardewValley.Menus.ClickableComponent	region	Public
0x040019F4	StardewValley.Menus.ClickableComponent	tryDefaultIfNoRightNeighborExists	Public
0x040019F5	StardewValley.Menus.ClickableComponent	tryDefaultIfNoDownNeighborExists	Public
0x040019F6	StardewValley.Menus.ClickableComponent	<ScreenReaderText>k__BackingField	Private
0x040019F7	StardewValley.Menus.ClickableComponent	<ScreenReaderDescription>k__BackingField	Private
0x040019F8	StardewValley.Menus.ClickableComponent	<ScreenReaderIgnore>k__BackingField	Private
0x040019F9	StardewValley.Menus.ClickableTextureComponent	texture	Public
0x040019FA	StardewValley.Menus.ClickableTextureComponent	sourceRect	Public
0x040019FB	StardewValley.Menus.ClickableTextureComponent	startingSourceRect	Public
0x040019FC	StardewValley.Menus.ClickableTextureComponent	baseScale	Public
0x040019FD	StardewValley.Menus.ClickableTextureComponent	hoverText	Public
0x040019FE	StardewValley.Menus.ClickableTextureComponent	drawLabel	Public
0x040019FF	StardewValley.Menus.ClickableTextureComponent	drawShadow	Public
0x04001A00	StardewValley.Menus.ClickableTextureComponent	drawLabelWithShadow	Public
0x04001A01	StardewValley.Menus.CollectionsPage	region_sideTabShipped	Public, Static, Literal, HasDefault
0x04001A02	StardewValley.Menus.CollectionsPage	region_sideTabFish	Public, Static, Literal, HasDefault
0x04001A03	StardewValley.Menus.CollectionsPage	region_sideTabArtifacts	Public, Static, Literal, HasDefault
0x04001A04	StardewValley.Menus.CollectionsPage	region_sideTabMinerals	Public, Static, Literal, HasDefault
0x04001A05	StardewValley.Menus.CollectionsPage	region_sideTabCooking	Public, Static, Literal, HasDefault
0x04001A06	StardewValley.Menus.CollectionsPage	region_sideTabAchivements	Public, Static, Literal, HasDefault
0x04001A07	StardewValley.Menus.CollectionsPage	region_sideTabSecretNotes	Public, Static, Literal, HasDefault
0x04001A08	StardewValley.Menus.CollectionsPage	region_sideTabLetters	Public, Static, Literal, HasDefault
0x04001A09	StardewValley.Menus.CollectionsPage	region_forwardButton	Public, Static, Literal, HasDefault
0x04001A0A	StardewValley.Menus.CollectionsPage	region_backButton	Public, Static, Literal, HasDefault
0x04001A0B	StardewValley.Menus.CollectionsPage	widthToMoveActiveTab	Public, Static
0x04001A0C	StardewValley.Menus.CollectionsPage	organicsTab	Public, Static, Literal, HasDefault
0x04001A0D	StardewValley.Menus.CollectionsPage	fishTab	Public, Static, Literal, HasDefault
0x04001A0E	StardewValley.Menus.CollectionsPage	archaeologyTab	Public, Static, Literal, HasDefault
0x04001A0F	StardewValley.Menus.CollectionsPage	mineralsTab	Public, Static, Literal, HasDefault
0x04001A10	StardewValley.Menus.CollectionsPage	cookingTab	Public, Static, Literal, HasDefault
0x04001A11	StardewValley.Menus.CollectionsPage	achievementsTab	Public, Static, Literal, HasDefault
0x04001A12	StardewValley.Menus.CollectionsPage	secretNotesTab	Public, Static, Literal, HasDefault
0x04001A13	StardewValley.Menus.CollectionsPage	lettersTab	Public, Static, Literal, HasDefault
0x04001A14	StardewValley.Menus.CollectionsPage	distanceFromMenuBottomBeforeNewPage	Public, Static, Literal, HasDefault
0x04001A15	StardewValley.Menus.CollectionsPage	hoverText	Private
0x04001A16	StardewValley.Menus.CollectionsPage	backButton	Public
0x04001A17	StardewValley.Menus.CollectionsPage	forwardButton	Public
0x04001A18	StardewValley.Menus.CollectionsPage	sideTabs	Public
0x04001A19	StardewValley.Menus.CollectionsPage	currentTab	Public
0x04001A1A	StardewValley.Menus.CollectionsPage	currentPage	Public
0x04001A1B	StardewValley.Menus.CollectionsPage	secretNoteImage	Public
0x04001A1C	StardewValley.Menus.CollectionsPage	collections	Public
0x04001A1D	StardewValley.Menus.CollectionsPage	secretNotesData	Public
0x04001A1E	StardewValley.Menus.CollectionsPage	secretNoteImageTexture	Public
0x04001A1F	StardewValley.Menus.CollectionsPage	letterviewerSubMenu	Public
0x04001A20	StardewValley.Menus.CollectionsPage	hoverItem	Private
0x04001A21	StardewValley.Menus.CollectionsPage	hoverCraftingRecipe	Private
0x04001A22	StardewValley.Menus.CollectionsPage	value	Private
0x04001A23	StardewValley.Menus.ColorPicker	sliderChunks	Public, Static, Literal, HasDefault
0x04001A24	StardewValley.Menus.ColorPicker	bounds	Private
0x04001A25	StardewValley.Menus.ColorPicker	hueBar	Public
0x04001A26	StardewValley.Menus.ColorPicker	valueBar	Public
0x04001A27	StardewValley.Menus.ColorPicker	saturationBar	Public
0x04001A28	StardewValley.Menus.ColorPicker	recentSliderBar	Public
0x04001A29	StardewValley.Menus.ColorPicker	Name	Public
0x04001A2A	StardewValley.Menus.ColorPicker	LastColor	Public
0x04001A2B	StardewValley.Menus.ColorPicker	Dirty	Public
0x04001A2C	StardewValley.Menus.ConfirmationDialog	region_okButton	Public, Static, Literal, HasDefault
0x04001A2D	StardewValley.Menus.ConfirmationDialog	region_cancelButton	Public, Static, Literal, HasDefault
0x04001A2E	StardewValley.Menus.ConfirmationDialog	message	Family
0x04001A2F	StardewValley.Menus.ConfirmationDialog	okButton	Public
0x04001A30	StardewValley.Menus.ConfirmationDialog	cancelButton	Public
0x04001A31	StardewValley.Menus.ConfirmationDialog	onConfirm	Family
0x04001A32	StardewValley.Menus.ConfirmationDialog	onCancel	Family
0x04001A33	StardewValley.Menus.ConfirmationDialog	active	Private
0x04001A34	StardewValley.Menus.ConfirmationDialog	delayBeforeCancellable	Private
0x04001A35	StardewValley.Menus.CoopMenu	region_refresh	Public, Static, Literal, HasDefault
0x04001A36	StardewValley.Menus.CoopMenu	region_joinTab	Public, Static, Literal, HasDefault
0x04001A37	StardewValley.Menus.CoopMenu	region_hostTab	Public, Static, Literal, HasDefault
0x04001A38	StardewValley.Menus.CoopMenu	region_tabs	Public, Static, Literal, HasDefault
0x04001A39	StardewValley.Menus.CoopMenu	hostSlots	Family
0x04001A3A	StardewValley.Menus.CoopMenu	refreshButton	Public
0x04001A3B	StardewValley.Menus.CoopMenu	joinTab	Public
0x04001A3C	StardewValley.Menus.CoopMenu	hostTab	Public
0x04001A3D	StardewValley.Menus.CoopMenu	lobbyUpdateListener	Private
0x04001A3E	StardewValley.Menus.CoopMenu	currentTab	Public
0x04001A3F	StardewValley.Menus.CoopMenu	smallScreenFormat	Private
0x04001A40	StardewValley.Menus.CoopMenu	isSetUp	Private
0x04001A41	StardewValley.Menus.CoopMenu	updateCounter	Private
0x04001A42	StardewValley.Menus.CoopMenu	Filter	Private
0x04001A43	StardewValley.Menus.CoopMenu	_refreshDelay	Private
0x04001A44	StardewValley.Menus.CoopMenu	tooManyFarms	Public
0x04001A45	StardewValley.Menus.CoopMenu	_splitScreen	Private, InitOnly
0x04001A46	StardewValley.Menus.CoopMenu	lastEnteredInviteCode	Public, Static
0x04001A47	StardewValley.Menus.CoopMenu	_stringBuilder	Private
0x04001A48	StardewValley.Menus.CraftingPage	howManyRecipesFitOnPage	Public, Static, Literal, HasDefault
0x04001A49	StardewValley.Menus.CraftingPage	numInRow	Public, Static, Literal, HasDefault
0x04001A4A	StardewValley.Menus.CraftingPage	numInCol	Public, Static, Literal, HasDefault
0x04001A4B	StardewValley.Menus.CraftingPage	region_upArrow	Public, Static, Literal, HasDefault
0x04001A4C	StardewValley.Menus.CraftingPage	region_downArrow	Public, Static, Literal, HasDefault
0x04001A4D	StardewValley.Menus.CraftingPage	region_craftingSelectionArea	Public, Static, Literal, HasDefault
0x04001A4E	StardewValley.Menus.CraftingPage	region_craftingModifier	Public, Static, Literal, HasDefault
0x04001A4F	StardewValley.Menus.CraftingPage	hoverText	Public
0x04001A50	StardewValley.Menus.CraftingPage	hoverItem	Public
0x04001A51	StardewValley.Menus.CraftingPage	lastCookingHover	Public
0x04001A52	StardewValley.Menus.CraftingPage	inventory	Public
0x04001A53	StardewValley.Menus.CraftingPage	heldItem	Public
0x04001A54	StardewValley.Menus.CraftingPage	pagesOfCraftingRecipes	Public
0x04001A55	StardewValley.Menus.CraftingPage	currentCraftingPage	Public
0x04001A56	StardewValley.Menus.CraftingPage	hoverRecipe	Public
0x04001A57	StardewValley.Menus.CraftingPage	upButton	Public
0x04001A58	StardewValley.Menus.CraftingPage	downButton	Public
0x04001A59	StardewValley.Menus.CraftingPage	cooking	Public
0x04001A5A	StardewValley.Menus.CraftingPage	trashCan	Public
0x04001A5B	StardewValley.Menus.CraftingPage	dropItemInvisibleButton	Public
0x04001A5C	StardewValley.Menus.CraftingPage	trashCanLidRotation	Public
0x04001A5D	StardewValley.Menus.CraftingPage	_materialContainers	Public
0x04001A5E	StardewValley.Menus.CraftingPage	_standaloneMenu	Family
0x04001A5F	StardewValley.Menus.CraftingPage	hoverAmount	Public
0x04001A60	StardewValley.Menus.CraftingPage	currentPageClickableComponents	Public
0x04001A61	StardewValley.Menus.CraftingPage	hoverTitle	Private
0x04001A62	StardewValley.Menus.DayTimeMoneyBox	width	Public, Static, Literal, HasDefault
0x04001A63	StardewValley.Menus.DayTimeMoneyBox	height	Public, Static, Literal, HasDefault
0x04001A64	StardewValley.Menus.DayTimeMoneyBox	position	Public
0x04001A65	StardewValley.Menus.DayTimeMoneyBox	sourceRect	Private
0x04001A66	StardewValley.Menus.DayTimeMoneyBox	moneyDial	Public
0x04001A67	StardewValley.Menus.DayTimeMoneyBox	timeShakeTimer	Public
0x04001A68	StardewValley.Menus.DayTimeMoneyBox	moneyShakeTimer	Public
0x04001A69	StardewValley.Menus.DayTimeMoneyBox	questPulseTimer	Public
0x04001A6A	StardewValley.Menus.DayTimeMoneyBox	whenToPulseTimer	Public
0x04001A6B	StardewValley.Menus.DayTimeMoneyBox	questButton	Public
0x04001A6C	StardewValley.Menus.DayTimeMoneyBox	zoomOutButton	Public
0x04001A6D	StardewValley.Menus.DayTimeMoneyBox	zoomInButton	Public
0x04001A6E	StardewValley.Menus.DayTimeMoneyBox	_hoverText	Private
0x04001A6F	StardewValley.Menus.DayTimeMoneyBox	_timeText	Private
0x04001A70	StardewValley.Menus.DayTimeMoneyBox	_dateText	Private
0x04001A71	StardewValley.Menus.DayTimeMoneyBox	_hours	Private
0x04001A72	StardewValley.Menus.DayTimeMoneyBox	_padZeros	Private
0x04001A73	StardewValley.Menus.DayTimeMoneyBox	_temp	Private
0x04001A74	StardewValley.Menus.DayTimeMoneyBox	_lastDayOfMonth	Private
0x04001A75	StardewValley.Menus.DayTimeMoneyBox	_lastDayOfMonthString	Private
0x04001A76	StardewValley.Menus.DayTimeMoneyBox	_amString	Private
0x04001A77	StardewValley.Menus.DayTimeMoneyBox	_pmString	Private
0x04001A78	StardewValley.Menus.DayTimeMoneyBox	questNotificationTimer	Private
0x04001A79	StardewValley.Menus.DayTimeMoneyBox	questPingTexture	Private
0x04001A7A	StardewValley.Menus.DayTimeMoneyBox	questPingSourceRect	Private
0x04001A7B	StardewValley.Menus.DayTimeMoneyBox	questPingString	Private
0x04001A7C	StardewValley.Menus.DayTimeMoneyBox	goldCoinCounter	Private
0x04001A7D	StardewValley.Menus.DayTimeMoneyBox	goldCoinTimer	Private
0x04001A7E	StardewValley.Menus.DayTimeMoneyBox	goldCoinString	Private
0x04001A7F	StardewValley.Menus.DayTimeMoneyBox	_languageCode	Private
0x04001A80	StardewValley.Menus.DayTimeMoneyBox	questsDirty	Public
0x04001A81	StardewValley.Menus.DayTimeMoneyBox	questPingTimer	Public
0x04001A82	StardewValley.Menus.DialogueBox	dialogues	Public
0x04001A83	StardewValley.Menus.DialogueBox	characterDialogue	Public
0x04001A84	StardewValley.Menus.DialogueBox	characterDialoguesBrokenUp	Public
0x04001A85	StardewValley.Menus.DialogueBox	responses	Public
0x04001A86	StardewValley.Menus.DialogueBox	portraitBoxSize	Public, Static, Literal, HasDefault
0x04001A87	StardewValley.Menus.DialogueBox	nameTagWidth	Public, Static, Literal, HasDefault
0x04001A88	StardewValley.Menus.DialogueBox	nameTagHeight	Public, Static, Literal, HasDefault
0x04001A89	StardewValley.Menus.DialogueBox	portraitPlateWidth	Public, Static, Literal, HasDefault
0x04001A8A	StardewValley.Menus.DialogueBox	nameTagSideMargin	Public, Static, Literal, HasDefault
0x04001A8B	StardewValley.Menus.DialogueBox	transitionRate	Public, Static, Literal, HasDefault
0x04001A8C	StardewValley.Menus.DialogueBox	characterAdvanceDelay	Public, Static, Literal, HasDefault
0x04001A8D	StardewValley.Menus.DialogueBox	safetyDelay	Public, Static, Literal, HasDefault
0x04001A8E	StardewValley.Menus.DialogueBox	questionFinishPauseTimer	Public
0x04001A8F	StardewValley.Menus.DialogueBox	_showedOptions	Family
0x04001A90	StardewValley.Menus.DialogueBox	friendshipJewel	Public
0x04001A91	StardewValley.Menus.DialogueBox	responseCC	Public
0x04001A92	StardewValley.Menus.DialogueBox	x	Public
0x04001A93	StardewValley.Menus.DialogueBox	y	Public
0x04001A94	StardewValley.Menus.DialogueBox	transitionX	Public
0x04001A95	StardewValley.Menus.DialogueBox	transitionY	Public
0x04001A96	StardewValley.Menus.DialogueBox	transitionWidth	Public
0x04001A97	StardewValley.Menus.DialogueBox	transitionHeight	Public
0x04001A98	StardewValley.Menus.DialogueBox	characterAdvanceTimer	Public
0x04001A99	StardewValley.Menus.DialogueBox	characterIndexInDialogue	Public
0x04001A9A	StardewValley.Menus.DialogueBox	safetyTimer	Public
0x04001A9B	StardewValley.Menus.DialogueBox	heightForQuestions	Public
0x04001A9C	StardewValley.Menus.DialogueBox	selectedResponse	Public
0x04001A9D	StardewValley.Menus.DialogueBox	newPortaitShakeTimer	Public
0x04001A9E	StardewValley.Menus.DialogueBox	transitionInitialized	Public
0x04001A9F	StardewValley.Menus.DialogueBox	showTyping	Public
0x04001AA0	StardewValley.Menus.DialogueBox	transitioning	Public
0x04001AA1	StardewValley.Menus.DialogueBox	transitioningBigger	Public
0x04001AA2	StardewValley.Menus.DialogueBox	dialogueContinuedOnNextPage	Public
0x04001AA3	StardewValley.Menus.DialogueBox	dialogueFinished	Public
0x04001AA4	StardewValley.Menus.DialogueBox	isQuestion	Public
0x04001AA5	StardewValley.Menus.DialogueBox	dialogueIcon	Public
0x04001AA6	StardewValley.Menus.DialogueBox	aboveDialogueImage	Public
0x04001AA7	StardewValley.Menus.DialogueBox	hoverText	Private
0x04001AA8	StardewValley.Menus.DigitEntryMenu	digits	Public
0x04001AA9	StardewValley.Menus.DigitEntryMenu	calculatorX	Private
0x04001AAA	StardewValley.Menus.DigitEntryMenu	calculatorY	Private
0x04001AAB	StardewValley.Menus.DigitEntryMenu	calculatorWidth	Private
0x04001AAC	StardewValley.Menus.DigitEntryMenu	calculatorHeight	Private
0x04001AAD	StardewValley.Menus.DigitEntryMenu	clear	Private, Static
0x04001AAE	StardewValley.Menus.DiscreteColorPicker	sizeOfEachSwatch	Public, Static, Literal, HasDefault
0x04001AAF	StardewValley.Menus.DiscreteColorPicker	itemToDrawColored	Public
0x04001AB0	StardewValley.Menus.DiscreteColorPicker	visible	Public
0x04001AB1	StardewValley.Menus.DiscreteColorPicker	totalColors	Public, Static
0x04001AB2	StardewValley.Menus.DiscreteColorPicker	colorSelection	Public
0x04001AB3	StardewValley.Menus.DyeMenu	_timeUntilCraft	Family
0x04001AB4	StardewValley.Menus.DyeMenu	dyePots	Public
0x04001AB5	StardewValley.Menus.DyeMenu	dyeButton	Public
0x04001AB6	StardewValley.Menus.DyeMenu	DYE_POT_ID_OFFSET	Public, Static, Literal, HasDefault
0x04001AB7	StardewValley.Menus.DyeMenu	dyeTexture	Public
0x04001AB8	StardewValley.Menus.DyeMenu	_highlightDictionary	Family
0x04001AB9	StardewValley.Menus.DyeMenu	_slotDrawPositions	Family
0x04001ABA	StardewValley.Menus.DyeMenu	_hoveredPotIndex	Family
0x04001ABB	StardewValley.Menus.DyeMenu	_dyeDropAnimationFrames	Family
0x04001ABC	StardewValley.Menus.DyeMenu	MILLISECONDS_PER_DROP_FRAME	Public, Static, Literal, HasDefault
0x04001ABD	StardewValley.Menus.DyeMenu	TOTAL_DROP_FRAMES	Public, Static, Literal, HasDefault
0x04001ABE	StardewValley.Menus.DyeMenu	validPotColors	Public
0x04001ABF	StardewValley.Menus.DyeMenu	displayedDescription	Family
0x04001AC0	StardewValley.Menus.DyeMenu	dyedClothesDisplays	Public
0x04001AC1	StardewValley.Menus.DyeMenu	_dyedClothesDisplayPosition	Family
0x04001AC2	StardewValley.Menus.EmojiMenu	EMOJI_SIZE	Public, Static, Literal, HasDefault
0x04001AC3	StardewValley.Menus.EmojiMenu	chatBoxTexture	Private
0x04001AC4	StardewValley.Menus.EmojiMenu	emojiTexture	Private
0x04001AC5	StardewValley.Menus.EmojiMenu	chatBox	Private
0x04001AC6	StardewValley.Menus.EmojiMenu	emojiSelectionButtons	Private
0x04001AC7	StardewValley.Menus.EmojiMenu	pageStartIndex	Private
0x04001AC8	StardewValley.Menus.EmojiMenu	upArrow	Private
0x04001AC9	StardewValley.Menus.EmojiMenu	downArrow	Private
0x04001ACA	StardewValley.Menus.EmojiMenu	sendArrow	Private
0x04001ACB	StardewValley.Menus.EmojiMenu	totalEmojis	Public, Static
0x04001ACC	StardewValley.Menus.EmojiMenu	totalVisibleEmojis	Public, Static
0x04001ACD	StardewValley.Menus.EmoteMenu	menuBackgroundTexture	Public
0x04001ACE	StardewValley.Menus.EmoteMenu	emotes	Public
0x04001ACF	StardewValley.Menus.EmoteMenu	_mouseStartPosition	Family
0x04001AD0	StardewValley.Menus.EmoteMenu	_hasSelectedEmote	Public
0x04001AD1	StardewValley.Menus.EmoteMenu	_emoteButtons	Family
0x04001AD2	StardewValley.Menus.EmoteMenu	_selectedEmote	Family
0x04001AD3	StardewValley.Menus.EmoteMenu	_selectedIndex	Family
0x04001AD4	StardewValley.Menus.EmoteMenu	_oldSelection	Family
0x04001AD5	StardewValley.Menus.EmoteMenu	_selectedTime	Family
0x04001AD6	StardewValley.Menus.EmoteMenu	_alpha	Family
0x04001AD7	StardewValley.Menus.EmoteMenu	_menuCloseGracePeriod	Family
0x04001AD8	StardewValley.Menus.EmoteMenu	_age	Family
0x04001AD9	StardewValley.Menus.EmoteMenu	gamepadMode	Public
0x04001ADA	StardewValley.Menus.EmoteMenu	_expandTime	Family
0x04001ADB	StardewValley.Menus.EmoteMenu	_expandedButtonRadius	Family
0x04001ADC	StardewValley.Menus.EmoteMenu	_buttonRadius	Family
0x04001ADD	StardewValley.Menus.EmoteSelector	scrollView	Public
0x04001ADE	StardewValley.Menus.EmoteSelector	emoteButtons	Public
0x04001ADF	StardewValley.Menus.EmoteSelector	okButton	Public
0x04001AE0	StardewValley.Menus.EmoteSelector	scrollY	Public
0x04001AE1	StardewValley.Menus.EmoteSelector	emoteIndex	Public
0x04001AE2	StardewValley.Menus.EmoteSelector	_selectedEmote	Family
0x04001AE3	StardewValley.Menus.EmoteSelector	_hoveredEmote	Family
0x04001AE4	StardewValley.Menus.EmoteSelector	emoteTexture	Family
0x04001AE5	StardewValley.Menus.ExitPage	exitToTitle	Public
0x04001AE6	StardewValley.Menus.ExitPage	exitToDesktop	Public
0x04001AE7	StardewValley.Menus.FarmerBoxButton	Selected	Public
0x04001AE8	StardewValley.Menus.FarmersBox	_farmers	Private, InitOnly
0x04001AE9	StardewValley.Menus.FarmersBox	_updateTimer	Public
0x04001AEA	StardewValley.Menus.FarmhandMenu	gettingFarmhands	Public
0x04001AEB	StardewValley.Menus.FarmhandMenu	approvingFarmhand	Public
0x04001AEC	StardewValley.Menus.FarmhandMenu	client	Public
0x04001AED	StardewValley.Menus.FieldOfficeMenu	fieldOfficeMenuTexture	Private
0x04001AEE	StardewValley.Menus.FieldOfficeMenu	office	Private
0x04001AEF	StardewValley.Menus.FieldOfficeMenu	madeADonation	Private
0x04001AF0	StardewValley.Menus.FieldOfficeMenu	gotReward	Private
0x04001AF1	StardewValley.Menus.FieldOfficeMenu	pieceHolders	Public
0x04001AF2	StardewValley.Menus.FieldOfficeMenu	bearTimer	Private
0x04001AF3	StardewValley.Menus.FieldOfficeMenu	snakeTimer	Private
0x04001AF4	StardewValley.Menus.FieldOfficeMenu	batTimer	Private
0x04001AF5	StardewValley.Menus.FieldOfficeMenu	frogTimer	Private
0x04001AF6	StardewValley.Menus.ForgeMenu	_timeUntilCraft	Family
0x04001AF7	StardewValley.Menus.ForgeMenu	_clankEffectTimer	Family
0x04001AF8	StardewValley.Menus.ForgeMenu	_sparklingTimer	Family
0x04001AF9	StardewValley.Menus.ForgeMenu	region_leftIngredient	Public, Static, Literal, HasDefault
0x04001AFA	StardewValley.Menus.ForgeMenu	region_rightIngredient	Public, Static, Literal, HasDefault
0x04001AFB	StardewValley.Menus.ForgeMenu	region_startButton	Public, Static, Literal, HasDefault
0x04001AFC	StardewValley.Menus.ForgeMenu	region_resultItem	Public, Static, Literal, HasDefault
0x04001AFD	StardewValley.Menus.ForgeMenu	region_unforgeButton	Public, Static, Literal, HasDefault
0x04001AFE	StardewValley.Menus.ForgeMenu	craftResultDisplay	Public
0x04001AFF	StardewValley.Menus.ForgeMenu	leftIngredientSpot	Public
0x04001B00	StardewValley.Menus.ForgeMenu	rightIngredientSpot	Public
0x04001B01	StardewValley.Menus.ForgeMenu	startTailoringButton	Public
0x04001B02	StardewValley.Menus.ForgeMenu	unforgeButton	Public
0x04001B03	StardewValley.Menus.ForgeMenu	equipmentIcons	Public
0x04001B04	StardewValley.Menus.ForgeMenu	region_ring_1	Public, Static, Literal, HasDefault
0x04001B05	StardewValley.Menus.ForgeMenu	region_ring_2	Public, Static, Literal, HasDefault
0x04001B06	StardewValley.Menus.ForgeMenu	CRAFT_TIME	Public, Static, Literal, HasDefault
0x04001B07	StardewValley.Menus.ForgeMenu	forgeTextures	Public
0x04001B08	StardewValley.Menus.ForgeMenu	_highlightDictionary	Family
0x04001B09	StardewValley.Menus.ForgeMenu	tempSprites	Family
0x04001B0A	StardewValley.Menus.ForgeMenu	unforging	Private
0x04001B0B	StardewValley.Menus.ForgeMenu	displayedDescription	Family
0x04001B0C	StardewValley.Menus.ForgeMenu	_craftState	Family
0x04001B0D	StardewValley.Menus.ForgeMenu	questionMarkOffset	Public
0x04001B0E	StardewValley.Menus.GameMenu	inventoryTab	Public, Static, InitOnly
0x04001B0F	StardewValley.Menus.GameMenu	skillsTab	Public, Static, InitOnly
0x04001B10	StardewValley.Menus.GameMenu	socialTab	Public, Static, InitOnly
0x04001B11	StardewValley.Menus.GameMenu	mapTab	Public, Static, InitOnly
0x04001B12	StardewValley.Menus.GameMenu	craftingTab	Public, Static, InitOnly
0x04001B13	StardewValley.Menus.GameMenu	animalsTab	Public, Static, InitOnly
0x04001B14	StardewValley.Menus.GameMenu	powersTab	Public, Static, InitOnly
0x04001B15	StardewValley.Menus.GameMenu	collectionsTab	Public, Static, InitOnly
0x04001B16	StardewValley.Menus.GameMenu	optionsTab	Public, Static, InitOnly
0x04001B17	StardewValley.Menus.GameMenu	exitTab	Public, Static, InitOnly
0x04001B18	StardewValley.Menus.GameMenu	region_inventoryTab	Public, Static, Literal, HasDefault
0x04001B19	StardewValley.Menus.GameMenu	region_skillsTab	Public, Static, Literal, HasDefault
0x04001B1A	StardewValley.Menus.GameMenu	region_socialTab	Public, Static, Literal, HasDefault
0x04001B1B	StardewValley.Menus.GameMenu	region_mapTab	Public, Static, Literal, HasDefault
0x04001B1C	StardewValley.Menus.GameMenu	region_craftingTab	Public, Static, Literal, HasDefault
0x04001B1D	StardewValley.Menus.GameMenu	region_animalsTab	Public, Static, Literal, HasDefault
0x04001B1E	StardewValley.Menus.GameMenu	region_powersTab	Public, Static, Literal, HasDefault
0x04001B1F	StardewValley.Menus.GameMenu	region_collectionsTab	Public, Static, Literal, HasDefault
0x04001B20	StardewValley.Menus.GameMenu	region_optionsTab	Public, Static, Literal, HasDefault
0x04001B21	StardewValley.Menus.GameMenu	region_exitTab	Public, Static, Literal, HasDefault
0x04001B22	StardewValley.Menus.GameMenu	numberOfTabs	Public, Static, InitOnly
0x04001B23	StardewValley.Menus.GameMenu	currentTab	Public
0x04001B24	StardewValley.Menus.GameMenu	lastOpenedNonMapTab	Public
0x04001B25	StardewValley.Menus.GameMenu	hoverText	Public
0x04001B26	StardewValley.Menus.GameMenu	descriptionText	Public
0x04001B27	StardewValley.Menus.GameMenu	tabs	Public
0x04001B28	StardewValley.Menus.GameMenu	pages	Public
0x04001B29	StardewValley.Menus.GameMenu	invisible	Public
0x04001B2A	StardewValley.Menus.GameMenu	forcePreventClose	Public, Static
0x04001B2B	StardewValley.Menus.GameMenu	bundleItemHovered	Public, Static
0x04001B2C	StardewValley.Menus.GameMenu	TabTranslationKeys	Private, Static, InitOnly
0x04001B2D	StardewValley.Menus.GeodeMenu	region_geodeSpot	Public, Static, Literal, HasDefault
0x04001B2E	StardewValley.Menus.GeodeMenu	geodeSpot	Public
0x04001B2F	StardewValley.Menus.GeodeMenu	clint	Public
0x04001B30	StardewValley.Menus.GeodeMenu	geodeDestructionAnimation	Public
0x04001B31	StardewValley.Menus.GeodeMenu	sparkle	Public
0x04001B32	StardewValley.Menus.GeodeMenu	geodeAnimationTimer	Public
0x04001B33	StardewValley.Menus.GeodeMenu	yPositionOfGem	Public
0x04001B34	StardewValley.Menus.GeodeMenu	alertTimer	Public
0x04001B35	StardewValley.Menus.GeodeMenu	delayBeforeShowArtifactTimer	Public
0x04001B36	StardewValley.Menus.GeodeMenu	geodeTreasure	Public
0x04001B37	StardewValley.Menus.GeodeMenu	geodeTreasureOverride	Public
0x04001B38	StardewValley.Menus.GeodeMenu	waitingForServerResponse	Public
0x04001B39	StardewValley.Menus.GeodeMenu	fluffSprites	Private
0x04001B3A	StardewValley.Menus.IClickableMenu	_childMenu	Family
0x04001B3B	StardewValley.Menus.IClickableMenu	_parentMenu	Family
0x04001B3C	StardewValley.Menus.IClickableMenu	upperRightCloseButton_ID	Public, Static, Literal, HasDefault
0x04001B3D	StardewValley.Menus.IClickableMenu	currency_g	Public, Static, Literal, HasDefault
0x04001B3E	StardewValley.Menus.IClickableMenu	currency_starTokens	Public, Static, Literal, HasDefault
0x04001B3F	StardewValley.Menus.IClickableMenu	currency_qiCoins	Public, Static, Literal, HasDefault
0x04001B40	StardewValley.Menus.IClickableMenu	currency_qiGems	Public, Static, Literal, HasDefault
0x04001B41	StardewValley.Menus.IClickableMenu	greyedOutSpotIndex	Public, Static, Literal, HasDefault
0x04001B42	StardewValley.Menus.IClickableMenu	presentIconIndex	Public, Static, Literal, HasDefault
0x04001B43	StardewValley.Menus.IClickableMenu	itemSpotIndex	Public, Static, Literal, HasDefault
0x04001B44	StardewValley.Menus.IClickableMenu	closeSound	Family
0x04001B45	StardewValley.Menus.IClickableMenu	borderWidth	Public, Static
0x04001B46	StardewValley.Menus.IClickableMenu	tabYPositionRelativeToMenuY	Public, Static
0x04001B47	StardewValley.Menus.IClickableMenu	spaceToClearTopBorder	Public, Static
0x04001B48	StardewValley.Menus.IClickableMenu	spaceToClearSideBorder	Public, Static
0x04001B49	StardewValley.Menus.IClickableMenu	spaceBetweenTabs	Public, Static, Literal, HasDefault
0x04001B4A	StardewValley.Menus.IClickableMenu	xPositionOnScreen	Public
0x04001B4B	StardewValley.Menus.IClickableMenu	yPositionOnScreen	Public
0x04001B4C	StardewValley.Menus.IClickableMenu	width	Public
0x04001B4D	StardewValley.Menus.IClickableMenu	height	Public
0x04001B4E	StardewValley.Menus.IClickableMenu	behaviorBeforeCleanup	Public
0x04001B4F	StardewValley.Menus.IClickableMenu	exitFunction	Public
0x04001B50	StardewValley.Menus.IClickableMenu	upperRightCloseButton	Public
0x04001B51	StardewValley.Menus.IClickableMenu	destroy	Public
0x04001B52	StardewValley.Menus.IClickableMenu	_dependencies	Family
0x04001B53	StardewValley.Menus.IClickableMenu	allClickableComponents	Public
0x04001B54	StardewValley.Menus.IClickableMenu	currentlySnappedComponent	Public
0x04001B55	StardewValley.Menus.IClickableMenu	HoverTextStringBuilder	Public, Static
0x04001B56	StardewValley.Menus.InventoryMenu	region_inventorySlot0	Public, Static, Literal, HasDefault
0x04001B57	StardewValley.Menus.InventoryMenu	region_inventorySlot1	Public, Static, Literal, HasDefault
0x04001B58	StardewValley.Menus.InventoryMenu	region_inventorySlot2	Public, Static, Literal, HasDefault
0x04001B59	StardewValley.Menus.InventoryMenu	region_inventorySlot3	Public, Static, Literal, HasDefault
0x04001B5A	StardewValley.Menus.InventoryMenu	region_inventorySlot4	Public, Static, Literal, HasDefault
0x04001B5B	StardewValley.Menus.InventoryMenu	region_inventorySlot5	Public, Static, Literal, HasDefault
0x04001B5C	StardewValley.Menus.InventoryMenu	region_inventorySlot6	Public, Static, Literal, HasDefault
0x04001B5D	StardewValley.Menus.InventoryMenu	region_inventorySlot7	Public, Static, Literal, HasDefault
0x04001B5E	StardewValley.Menus.InventoryMenu	region_dropButton	Public, Static, Literal, HasDefault
0x04001B5F	StardewValley.Menus.InventoryMenu	region_inventoryArea	Public, Static, Literal, HasDefault
0x04001B60	StardewValley.Menus.InventoryMenu	hoverText	Public
0x04001B61	StardewValley.Menus.InventoryMenu	hoverTitle	Public
0x04001B62	StardewValley.Menus.InventoryMenu	descriptionTitle	Public
0x04001B63	StardewValley.Menus.InventoryMenu	descriptionText	Public
0x04001B64	StardewValley.Menus.InventoryMenu	inventory	Public
0x04001B65	StardewValley.Menus.InventoryMenu	_iconShakeTimer	Family
0x04001B66	StardewValley.Menus.InventoryMenu	actualInventory	Public
0x04001B67	StardewValley.Menus.InventoryMenu	highlightMethod	Public
0x04001B68	StardewValley.Menus.InventoryMenu	onAddItem	Public
0x04001B69	StardewValley.Menus.InventoryMenu	playerInventory	Public
0x04001B6A	StardewValley.Menus.InventoryMenu	drawSlots	Public
0x04001B6B	StardewValley.Menus.InventoryMenu	showGrayedOutSlots	Public
0x04001B6C	StardewValley.Menus.InventoryMenu	capacity	Public
0x04001B6D	StardewValley.Menus.InventoryMenu	rows	Public
0x04001B6E	StardewValley.Menus.InventoryMenu	horizontalGap	Public
0x04001B6F	StardewValley.Menus.InventoryMenu	verticalGap	Public
0x04001B70	StardewValley.Menus.InventoryMenu	dropItemInvisibleButton	Public
0x04001B71	StardewValley.Menus.InventoryMenu	moveItemSound	Public
0x04001B72	StardewValley.Menus.InventoryPage	region_inventory	Public, Static, Literal, HasDefault
0x04001B73	StardewValley.Menus.InventoryPage	region_hat	Public, Static, Literal, HasDefault
0x04001B74	StardewValley.Menus.InventoryPage	region_ring1	Public, Static, Literal, HasDefault
0x04001B75	StardewValley.Menus.InventoryPage	region_ring2	Public, Static, Literal, HasDefault
0x04001B76	StardewValley.Menus.InventoryPage	region_boots	Public, Static, Literal, HasDefault
0x04001B77	StardewValley.Menus.InventoryPage	region_trashCan	Public, Static, Literal, HasDefault
0x04001B78	StardewValley.Menus.InventoryPage	region_organizeButton	Public, Static, Literal, HasDefault
0x04001B79	StardewValley.Menus.InventoryPage	region_accessory	Public, Static, Literal, HasDefault
0x04001B7A	StardewValley.Menus.InventoryPage	region_shirt	Public, Static, Literal, HasDefault
0x04001B7B	StardewValley.Menus.InventoryPage	region_pants	Public, Static, Literal, HasDefault
0x04001B7C	StardewValley.Menus.InventoryPage	region_shoes	Public, Static, Literal, HasDefault
0x04001B7D	StardewValley.Menus.InventoryPage	region_trinkets	Public, Static, Literal, HasDefault
0x04001B7E	StardewValley.Menus.InventoryPage	inventory	Public
0x04001B7F	StardewValley.Menus.InventoryPage	hoverText	Public
0x04001B80	StardewValley.Menus.InventoryPage	hoverTitle	Public
0x04001B81	StardewValley.Menus.InventoryPage	hoverAmount	Public
0x04001B82	StardewValley.Menus.InventoryPage	hoveredItem	Public
0x04001B83	StardewValley.Menus.InventoryPage	equipmentIcons	Public
0x04001B84	StardewValley.Menus.InventoryPage	portrait	Public
0x04001B85	StardewValley.Menus.InventoryPage	trashCan	Public
0x04001B86	StardewValley.Menus.InventoryPage	organizeButton	Public
0x04001B87	StardewValley.Menus.InventoryPage	trashCanLidRotation	Private
0x04001B88	StardewValley.Menus.InventoryPage	junimoNoteIcon	Public
0x04001B89	StardewValley.Menus.InventoryPage	junimoNotePulser	Private
0x04001B8A	StardewValley.Menus.InventoryPage	_pet	Family
0x04001B8B	StardewValley.Menus.InventoryPage	_horse	Family
0x04001B8C	StardewValley.Menus.InviteCodeDialog	code	Private
0x04001B8D	StardewValley.Menus.ItemExitBehavior	value__	Public, SpecialName, RTSpecialName
0x04001B8E	StardewValley.Menus.ItemExitBehavior	ReturnToPlayer	Public, Static, Literal, HasDefault
0x04001B8F	StardewValley.Menus.ItemExitBehavior	ReturnToMenu	Public, Static, Literal, HasDefault
0x04001B90	StardewValley.Menus.ItemExitBehavior	Drop	Public, Static, Literal, HasDefault
0x04001B91	StardewValley.Menus.ItemExitBehavior	Discard	Public, Static, Literal, HasDefault
0x04001B92	StardewValley.Menus.ItemGrabMenu	region_organizationButtons	Public, Static, Literal, HasDefault
0x04001B93	StardewValley.Menus.ItemGrabMenu	region_itemsToGrabMenuModifier	Public, Static, Literal, HasDefault
0x04001B94	StardewValley.Menus.ItemGrabMenu	region_fillStacksButton	Public, Static, Literal, HasDefault
0x04001B95	StardewValley.Menus.ItemGrabMenu	region_organizeButton	Public, Static, Literal, HasDefault
0x04001B96	StardewValley.Menus.ItemGrabMenu	region_colorPickToggle	Public, Static, Literal, HasDefault
0x04001B97	StardewValley.Menus.ItemGrabMenu	region_specialButton	Public, Static, Literal, HasDefault
0x04001B98	StardewValley.Menus.ItemGrabMenu	region_lastShippedHolder	Public, Static, Literal, HasDefault
0x04001B99	StardewValley.Menus.ItemGrabMenu	source_none	Public, Static, Literal, HasDefault
0x04001B9A	StardewValley.Menus.ItemGrabMenu	source_chest	Public, Static, Literal, HasDefault
0x04001B9B	StardewValley.Menus.ItemGrabMenu	source_gift	Public, Static, Literal, HasDefault
0x04001B9C	StardewValley.Menus.ItemGrabMenu	source_fishingChest	Public, Static, Literal, HasDefault
0x04001B9D	StardewValley.Menus.ItemGrabMenu	source_overflow	Public, Static, Literal, HasDefault
0x04001B9E	StardewValley.Menus.ItemGrabMenu	specialButton_junimotoggle	Public, Static, Literal, HasDefault
0x04001B9F	StardewValley.Menus.ItemGrabMenu	ItemsToGrabMenu	Public
0x04001BA0	StardewValley.Menus.ItemGrabMenu	poof	Public
0x04001BA1	StardewValley.Menus.ItemGrabMenu	reverseGrab	Public
0x04001BA2	StardewValley.Menus.ItemGrabMenu	showReceivingMenu	Public
0x04001BA3	StardewValley.Menus.ItemGrabMenu	drawBG	Public
0x04001BA4	StardewValley.Menus.ItemGrabMenu	destroyItemOnClick	Public
0x04001BA5	StardewValley.Menus.ItemGrabMenu	canExitOnKey	Public
0x04001BA6	StardewValley.Menus.ItemGrabMenu	playRightClickSound	Public
0x04001BA7	StardewValley.Menus.ItemGrabMenu	allowRightClick	Public
0x04001BA8	StardewValley.Menus.ItemGrabMenu	shippingBin	Public
0x04001BA9	StardewValley.Menus.ItemGrabMenu	message	Public
0x04001BAA	StardewValley.Menus.ItemGrabMenu	behaviorFunction	Public
0x04001BAB	StardewValley.Menus.ItemGrabMenu	behaviorOnItemGrab	Public
0x04001BAC	StardewValley.Menus.ItemGrabMenu	sourceItem	Public
0x04001BAD	StardewValley.Menus.ItemGrabMenu	fillStacksButton	Public
0x04001BAE	StardewValley.Menus.ItemGrabMenu	organizeButton	Public
0x04001BAF	StardewValley.Menus.ItemGrabMenu	colorPickerToggleButton	Public
0x04001BB0	StardewValley.Menus.ItemGrabMenu	specialButton	Public
0x04001BB1	StardewValley.Menus.ItemGrabMenu	lastShippedHolder	Public
0x04001BB2	StardewValley.Menus.ItemGrabMenu	discreteColorPickerCC	Public
0x04001BB3	StardewValley.Menus.ItemGrabMenu	source	Public
0x04001BB4	StardewValley.Menus.ItemGrabMenu	whichSpecialButton	Public
0x04001BB5	StardewValley.Menus.ItemGrabMenu	context	Public
0x04001BB6	StardewValley.Menus.ItemGrabMenu	snappedtoBottom	Public
0x04001BB7	StardewValley.Menus.ItemGrabMenu	chestColorPicker	Public
0x04001BB8	StardewValley.Menus.ItemGrabMenu	essential	Public
0x04001BB9	StardewValley.Menus.ItemGrabMenu	superEssential	Public
0x04001BBA	StardewValley.Menus.ItemGrabMenu	storageSpaceTopBorderOffset	Public
0x04001BBB	StardewValley.Menus.ItemGrabMenu	HasUpdateTicked	Private
0x04001BBC	StardewValley.Menus.ItemGrabMenu	_transferredItemSprites	Public
0x04001BBD	StardewValley.Menus.ItemGrabMenu	_sourceItemInCurrentLocation	Public
0x04001BBE	StardewValley.Menus.ItemGrabMenu	junimoNoteIcon	Public
0x04001BBF	StardewValley.Menus.ItemGrabMenu	junimoNotePulser	Public
0x04001BC0	StardewValley.Menus.ItemListMenu	region_okbutton	Public, Static, Literal, HasDefault
0x04001BC1	StardewValley.Menus.ItemListMenu	region_forwardButton	Public, Static, Literal, HasDefault
0x04001BC2	StardewValley.Menus.ItemListMenu	region_backButton	Public, Static, Literal, HasDefault
0x04001BC3	StardewValley.Menus.ItemListMenu	itemsPerCategoryPage	Public
0x04001BC4	StardewValley.Menus.ItemListMenu	okButton	Public
0x04001BC5	StardewValley.Menus.ItemListMenu	forwardButton	Public
0x04001BC6	StardewValley.Menus.ItemListMenu	backButton	Public
0x04001BC7	StardewValley.Menus.ItemListMenu	itemsToList	Private
0x04001BC8	StardewValley.Menus.ItemListMenu	title	Private
0x04001BC9	StardewValley.Menus.ItemListMenu	currentTab	Private
0x04001BCA	StardewValley.Menus.ItemListMenu	totalValueOfItems	Private
0x04001BCB	StardewValley.Menus.JojaCDMenu	width	Public, Static, Literal, HasDefault
0x04001BCC	StardewValley.Menus.JojaCDMenu	height	Public, Static, Literal, HasDefault
0x04001BCD	StardewValley.Menus.JojaCDMenu	buttonWidth	Public, Static, Literal, HasDefault
0x04001BCE	StardewValley.Menus.JojaCDMenu	buttonHeight	Public, Static, Literal, HasDefault
0x04001BCF	StardewValley.Menus.JojaCDMenu	noteTexture	Private
0x04001BD0	StardewValley.Menus.JojaCDMenu	checkboxes	Public
0x04001BD1	StardewValley.Menus.JojaCDMenu	hoverText	Private
0x04001BD2	StardewValley.Menus.JojaCDMenu	boughtSomething	Private
0x04001BD3	StardewValley.Menus.JojaCDMenu	exitTimer	Private
0x04001BD4	StardewValley.Menus.JunimoNoteMenu	region_ingredientSlotModifier	Public, Static, Literal, HasDefault
0x04001BD5	StardewValley.Menus.JunimoNoteMenu	region_ingredientListModifier	Public, Static, Literal, HasDefault
0x04001BD6	StardewValley.Menus.JunimoNoteMenu	region_bundleModifier	Public, Static, Literal, HasDefault
0x04001BD7	StardewValley.Menus.JunimoNoteMenu	region_areaNextButton	Public, Static, Literal, HasDefault
0x04001BD8	StardewValley.Menus.JunimoNoteMenu	region_areaBackButton	Public, Static, Literal, HasDefault
0x04001BD9	StardewValley.Menus.JunimoNoteMenu	region_backButton	Public, Static, Literal, HasDefault
0x04001BDA	StardewValley.Menus.JunimoNoteMenu	region_purchaseButton	Public, Static, Literal, HasDefault
0x04001BDB	StardewValley.Menus.JunimoNoteMenu	region_presentButton	Public, Static, Literal, HasDefault
0x04001BDC	StardewValley.Menus.JunimoNoteMenu	noteTextureName	Public, Static, Literal, HasDefault
0x04001BDD	StardewValley.Menus.JunimoNoteMenu	noteTexture	Public
0x04001BDE	StardewValley.Menus.JunimoNoteMenu	specificBundlePage	Public
0x04001BDF	StardewValley.Menus.JunimoNoteMenu	baseWidth	Public, Static, Literal, HasDefault
0x04001BE0	StardewValley.Menus.JunimoNoteMenu	baseHeight	Public, Static, Literal, HasDefault
0x04001BE1	StardewValley.Menus.JunimoNoteMenu	inventory	Public
0x04001BE2	StardewValley.Menus.JunimoNoteMenu	partialDonationItem	Public
0x04001BE3	StardewValley.Menus.JunimoNoteMenu	partialDonationComponents	Public
0x04001BE4	StardewValley.Menus.JunimoNoteMenu	currentPartialIngredientDescription	Public
0x04001BE5	StardewValley.Menus.JunimoNoteMenu	currentPartialIngredientDescriptionIndex	Public
0x04001BE6	StardewValley.Menus.JunimoNoteMenu	heldItem	Public
0x04001BE7	StardewValley.Menus.JunimoNoteMenu	hoveredItem	Public
0x04001BE8	StardewValley.Menus.JunimoNoteMenu	canClick	Public, Static
0x04001BE9	StardewValley.Menus.JunimoNoteMenu	whichArea	Public
0x04001BEA	StardewValley.Menus.JunimoNoteMenu	gameMenuTabToReturnTo	Public
0x04001BEB	StardewValley.Menus.JunimoNoteMenu	menuToReturnTo	Public
0x04001BEC	StardewValley.Menus.JunimoNoteMenu	bundlesChanged	Public
0x04001BED	StardewValley.Menus.JunimoNoteMenu	screenSwipe	Public, Static
0x04001BEE	StardewValley.Menus.JunimoNoteMenu	hoverText	Public, Static
0x04001BEF	StardewValley.Menus.JunimoNoteMenu	bundles	Public
0x04001BF0	StardewValley.Menus.JunimoNoteMenu	tempSprites	Public, Static
0x04001BF1	StardewValley.Menus.JunimoNoteMenu	ingredientSlots	Public
0x04001BF2	StardewValley.Menus.JunimoNoteMenu	ingredientList	Public
0x04001BF3	StardewValley.Menus.JunimoNoteMenu	fromGameMenu	Public
0x04001BF4	StardewValley.Menus.JunimoNoteMenu	fromThisMenu	Public
0x04001BF5	StardewValley.Menus.JunimoNoteMenu	scrambledText	Public
0x04001BF6	StardewValley.Menus.JunimoNoteMenu	singleBundleMenu	Private
0x04001BF7	StardewValley.Menus.JunimoNoteMenu	backButton	Public
0x04001BF8	StardewValley.Menus.JunimoNoteMenu	purchaseButton	Public
0x04001BF9	StardewValley.Menus.JunimoNoteMenu	areaNextButton	Public
0x04001BFA	StardewValley.Menus.JunimoNoteMenu	areaBackButton	Public
0x04001BFB	StardewValley.Menus.JunimoNoteMenu	presentButton	Public
0x04001BFC	StardewValley.Menus.JunimoNoteMenu	onIngredientDeposit	Public
0x04001BFD	StardewValley.Menus.JunimoNoteMenu	onBundleComplete	Public
0x04001BFE	StardewValley.Menus.JunimoNoteMenu	onScreenSwipeFinished	Public
0x04001BFF	StardewValley.Menus.JunimoNoteMenu	currentPageBundle	Public
0x04001C00	StardewValley.Menus.JunimoNoteMenu	oldTriggerSpot	Private
0x04001C01	StardewValley.Menus.Bundle	NameIndex	Public, Static, Literal, HasDefault
0x04001C02	StardewValley.Menus.Bundle	RewardIndex	Public, Static, Literal, HasDefault
0x04001C03	StardewValley.Menus.Bundle	IngredientsIndex	Public, Static, Literal, HasDefault
0x04001C04	StardewValley.Menus.Bundle	ColorIndex	Public, Static, Literal, HasDefault
0x04001C05	StardewValley.Menus.Bundle	NumberOfSlotsIndex	Public, Static, Literal, HasDefault
0x04001C06	StardewValley.Menus.Bundle	SpriteIndex	Public, Static, Literal, HasDefault
0x04001C07	StardewValley.Menus.Bundle	DisplayNameIndex	Public, Static, Literal, HasDefault
0x04001C08	StardewValley.Menus.Bundle	FieldCount	Public, Static, Literal, HasDefault
0x04001C09	StardewValley.Menus.Bundle	shakeRate	Public, Static, Literal, HasDefault
0x04001C0A	StardewValley.Menus.Bundle	shakeDecayRate	Public, Static, Literal, HasDefault
0x04001C0B	StardewValley.Menus.Bundle	Color_Green	Public, Static, Literal, HasDefault
0x04001C0C	StardewValley.Menus.Bundle	Color_Purple	Public, Static, Literal, HasDefault
0x04001C0D	StardewValley.Menus.Bundle	Color_Orange	Public, Static, Literal, HasDefault
0x04001C0E	StardewValley.Menus.Bundle	Color_Yellow	Public, Static, Literal, HasDefault
0x04001C0F	StardewValley.Menus.Bundle	Color_Red	Public, Static, Literal, HasDefault
0x04001C10	StardewValley.Menus.Bundle	Color_Blue	Public, Static, Literal, HasDefault
0x04001C11	StardewValley.Menus.Bundle	Color_Teal	Public, Static, Literal, HasDefault
0x04001C12	StardewValley.Menus.Bundle	DefaultShakeForce	Public, Static, Literal, HasDefault
0x04001C13	StardewValley.Menus.Bundle	rewardDescription	Public
0x04001C14	StardewValley.Menus.Bundle	ingredients	Public
0x04001C15	StardewValley.Menus.Bundle	bundleColor	Public
0x04001C16	StardewValley.Menus.Bundle	numberOfIngredientSlots	Public
0x04001C17	StardewValley.Menus.Bundle	bundleIndex	Public
0x04001C18	StardewValley.Menus.Bundle	completionTimer	Public
0x04001C19	StardewValley.Menus.Bundle	complete	Public
0x04001C1A	StardewValley.Menus.Bundle	depositsAllowed	Public
0x04001C1B	StardewValley.Menus.Bundle	bundleTextureOverride	Public
0x04001C1C	StardewValley.Menus.Bundle	bundleTextureIndexOverride	Public
0x04001C1D	StardewValley.Menus.Bundle	sprite	Public
0x04001C1E	StardewValley.Menus.Bundle	maxShake	Private
0x04001C1F	StardewValley.Menus.Bundle	shakeLeft	Private
0x04001C20	StardewValley.Menus.BundleIngredientDescription	id	Public, InitOnly
0x04001C21	StardewValley.Menus.BundleIngredientDescription	preservesId	Public
0x04001C22	StardewValley.Menus.BundleIngredientDescription	category	Public, InitOnly
0x04001C23	StardewValley.Menus.BundleIngredientDescription	stack	Public, InitOnly
0x04001C24	StardewValley.Menus.BundleIngredientDescription	quality	Public, InitOnly
0x04001C25	StardewValley.Menus.BundleIngredientDescription	completed	Public
0x04001C26	StardewValley.Menus.LanguageSelectionMenu	width	Public, Static
0x04001C27	StardewValley.Menus.LanguageSelectionMenu	height	Public, Static
0x04001C28	StardewValley.Menus.LanguageSelectionMenu	_currentPage	Family
0x04001C29	StardewValley.Menus.LanguageSelectionMenu	_pageCount	Family
0x04001C2A	StardewValley.Menus.LanguageSelectionMenu	languages	Public, InitOnly
0x04001C2B	StardewValley.Menus.LanguageSelectionMenu	languageButtons	Public, InitOnly
0x04001C2C	StardewValley.Menus.LanguageSelectionMenu	nextPageButton	Public
0x04001C2D	StardewValley.Menus.LanguageSelectionMenu	previousPageButton	Public
0x04001C2E	StardewValley.Menus.LetterViewerMenu	region_backButton	Public, Static, Literal, HasDefault
0x04001C2F	StardewValley.Menus.LetterViewerMenu	region_forwardButton	Public, Static, Literal, HasDefault
0x04001C30	StardewValley.Menus.LetterViewerMenu	region_acceptQuestButton	Public, Static, Literal, HasDefault
0x04001C31	StardewValley.Menus.LetterViewerMenu	region_itemGrabButton	Public, Static, Literal, HasDefault
0x04001C32	StardewValley.Menus.LetterViewerMenu	letterWidth	Public, Static, Literal, HasDefault
0x04001C33	StardewValley.Menus.LetterViewerMenu	letterHeight	Public, Static, Literal, HasDefault
0x04001C34	StardewValley.Menus.LetterViewerMenu	letterTexture	Public
0x04001C35	StardewValley.Menus.LetterViewerMenu	secretNoteImageTexture	Public
0x04001C36	StardewValley.Menus.LetterViewerMenu	moneyIncluded	Public
0x04001C37	StardewValley.Menus.LetterViewerMenu	secretNoteImage	Public
0x04001C38	StardewValley.Menus.LetterViewerMenu	whichBG	Public
0x04001C39	StardewValley.Menus.LetterViewerMenu	questID	Public
0x04001C3A	StardewValley.Menus.LetterViewerMenu	specialOrderId	Public
0x04001C3B	StardewValley.Menus.LetterViewerMenu	learnedRecipe	Public
0x04001C3C	StardewValley.Menus.LetterViewerMenu	cookingOrCrafting	Public
0x04001C3D	StardewValley.Menus.LetterViewerMenu	mailTitle	Public
0x04001C3E	StardewValley.Menus.LetterViewerMenu	mailMessage	Public
0x04001C3F	StardewValley.Menus.LetterViewerMenu	page	Public
0x04001C40	StardewValley.Menus.LetterViewerMenu	itemsToGrab	Public, InitOnly
0x04001C41	StardewValley.Menus.LetterViewerMenu	scale	Public
0x04001C42	StardewValley.Menus.LetterViewerMenu	isMail	Public
0x04001C43	StardewValley.Menus.LetterViewerMenu	isFromCollection	Public
0x04001C44	StardewValley.Menus.LetterViewerMenu	destroy	Public
0x04001C45	StardewValley.Menus.LetterViewerMenu	customTextColor	Public
0x04001C46	StardewValley.Menus.LetterViewerMenu	usingCustomBackground	Public
0x04001C47	StardewValley.Menus.LetterViewerMenu	backButton	Public
0x04001C48	StardewValley.Menus.LetterViewerMenu	forwardButton	Public
0x04001C49	StardewValley.Menus.LetterViewerMenu	acceptQuestButton	Public
0x04001C4A	StardewValley.Menus.LetterViewerMenu	scaleChange	Public, Static, Literal, HasDefault
0x04001C4B	StardewValley.Menus.LevelUpMenu	region_okButton	Public, Static, Literal, HasDefault
0x04001C4C	StardewValley.Menus.LevelUpMenu	region_leftProfession	Public, Static, Literal, HasDefault
0x04001C4D	StardewValley.Menus.LevelUpMenu	region_rightProfession	Public, Static, Literal, HasDefault
0x04001C4E	StardewValley.Menus.LevelUpMenu	basewidth	Public, Static, Literal, HasDefault
0x04001C4F	StardewValley.Menus.LevelUpMenu	baseheight	Public, Static, Literal, HasDefault
0x04001C50	StardewValley.Menus.LevelUpMenu	informationUp	Public
0x04001C51	StardewValley.Menus.LevelUpMenu	isActive	Public
0x04001C52	StardewValley.Menus.LevelUpMenu	isProfessionChooser	Public
0x04001C53	StardewValley.Menus.LevelUpMenu	hasUpdatedProfessions	Public
0x04001C54	StardewValley.Menus.LevelUpMenu	currentLevel	Private
0x04001C55	StardewValley.Menus.LevelUpMenu	currentSkill	Private
0x04001C56	StardewValley.Menus.LevelUpMenu	timerBeforeStart	Private
0x04001C57	StardewValley.Menus.LevelUpMenu	leftProfessionColor	Private
0x04001C58	StardewValley.Menus.LevelUpMenu	rightProfessionColor	Private
0x04001C59	StardewValley.Menus.LevelUpMenu	oldMouseState	Private
0x04001C5A	StardewValley.Menus.LevelUpMenu	starIcon	Public
0x04001C5B	StardewValley.Menus.LevelUpMenu	okButton	Public
0x04001C5C	StardewValley.Menus.LevelUpMenu	leftProfession	Public
0x04001C5D	StardewValley.Menus.LevelUpMenu	rightProfession	Public
0x04001C5E	StardewValley.Menus.LevelUpMenu	newCraftingRecipes	Private
0x04001C5F	StardewValley.Menus.LevelUpMenu	extraInfoForLevel	Private
0x04001C60	StardewValley.Menus.LevelUpMenu	leftProfessionDescription	Private
0x04001C61	StardewValley.Menus.LevelUpMenu	rightProfessionDescription	Private
0x04001C62	StardewValley.Menus.LevelUpMenu	sourceRectForLevelIcon	Private
0x04001C63	StardewValley.Menus.LevelUpMenu	title	Private
0x04001C64	StardewValley.Menus.LevelUpMenu	professionsToChoose	Private
0x04001C65	StardewValley.Menus.LevelUpMenu	littleStars	Private
0x04001C66	StardewValley.Menus.LevelUpMenu	hasMovedSelection	Public
0x04001C67	StardewValley.Menus.LoadGameMenu	CenterOffset	Family, Static, Literal, HasDefault
0x04001C68	StardewValley.Menus.LoadGameMenu	region_upArrow	Public, Static, Literal, HasDefault
0x04001C69	StardewValley.Menus.LoadGameMenu	region_downArrow	Public, Static, Literal, HasDefault
0x04001C6A	StardewValley.Menus.LoadGameMenu	region_okDelete	Public, Static, Literal, HasDefault
0x04001C6B	StardewValley.Menus.LoadGameMenu	region_cancelDelete	Public, Static, Literal, HasDefault
0x04001C6C	StardewValley.Menus.LoadGameMenu	region_slots	Public, Static, Literal, HasDefault
0x04001C6D	StardewValley.Menus.LoadGameMenu	region_deleteButtons	Public, Static, Literal, HasDefault
0x04001C6E	StardewValley.Menus.LoadGameMenu	region_navigationButtons	Public, Static, Literal, HasDefault
0x04001C6F	StardewValley.Menus.LoadGameMenu	region_deleteConfirmations	Public, Static, Literal, HasDefault
0x04001C70	StardewValley.Menus.LoadGameMenu	itemsPerPage	Public, Static, Literal, HasDefault
0x04001C71	StardewValley.Menus.LoadGameMenu	slotButtons	Public
0x04001C72	StardewValley.Menus.LoadGameMenu	deleteButtons	Public
0x04001C73	StardewValley.Menus.LoadGameMenu	currentItemIndex	Public
0x04001C74	StardewValley.Menus.LoadGameMenu	timerToLoad	Public
0x04001C75	StardewValley.Menus.LoadGameMenu	selected	Public
0x04001C76	StardewValley.Menus.LoadGameMenu	selectedForDelete	Public
0x04001C77	StardewValley.Menus.LoadGameMenu	upArrow	Public
0x04001C78	StardewValley.Menus.LoadGameMenu	downArrow	Public
0x04001C79	StardewValley.Menus.LoadGameMenu	scrollBar	Public
0x04001C7A	StardewValley.Menus.LoadGameMenu	okDeleteButton	Public
0x04001C7B	StardewValley.Menus.LoadGameMenu	cancelDeleteButton	Public
0x04001C7C	StardewValley.Menus.LoadGameMenu	backButton	Public
0x04001C7D	StardewValley.Menus.LoadGameMenu	scrolling	Public
0x04001C7E	StardewValley.Menus.LoadGameMenu	deleteConfirmationScreen	Public
0x04001C7F	StardewValley.Menus.LoadGameMenu	menuSlots	Family
0x04001C80	StardewValley.Menus.LoadGameMenu	scrollBarRunner	Private
0x04001C81	StardewValley.Menus.LoadGameMenu	hoverText	Family
0x04001C82	StardewValley.Menus.LoadGameMenu	loading	Public
0x04001C83	StardewValley.Menus.LoadGameMenu	drawn	Public
0x04001C84	StardewValley.Menus.LoadGameMenu	deleting	Public
0x04001C85	StardewValley.Menus.LoadGameMenu	_updatesSinceLastDeleteConfirmScreen	Private
0x04001C86	StardewValley.Menus.LoadGameMenu	_initTask	Private
0x04001C87	StardewValley.Menus.LoadGameMenu	_deleteTask	Private
0x04001C88	StardewValley.Menus.LoadGameMenu	disposedValue	Private
0x04001C89	StardewValley.Menus.MapPage	EnableDebugLines	Public, Static
0x04001C8A	StardewValley.Menus.MapPage	mapPosition	Public, InitOnly
0x04001C8B	StardewValley.Menus.MapPage	mapRegion	Public, InitOnly
0x04001C8C	StardewValley.Menus.MapPage	mapAreas	Public, InitOnly
0x04001C8D	StardewValley.Menus.MapPage	scrollText	Public, InitOnly
0x04001C8E	StardewValley.Menus.MapPage	defaultComponentID	Public, InitOnly
0x04001C8F	StardewValley.Menus.MapPage	mapBounds	Public
0x04001C90	StardewValley.Menus.MapPage	points	Public, InitOnly
0x04001C91	StardewValley.Menus.MapPage	hoverText	Public
0x04001C92	StardewValley.Menus.MasteryTrackerMenu	MASTERY_EXP_PER_LEVEL	Public, Static, Literal, HasDefault
0x04001C93	StardewValley.Menus.MasteryTrackerMenu	WIDTH	Public, Static, Literal, HasDefault
0x04001C94	StardewValley.Menus.MasteryTrackerMenu	HEIGHT	Public, Static, Literal, HasDefault
0x04001C95	StardewValley.Menus.MasteryTrackerMenu	mainButton	Public
0x04001C96	StardewValley.Menus.MasteryTrackerMenu	pressedButtonTimer	Private
0x04001C97	StardewValley.Menus.MasteryTrackerMenu	destroyTimer	Private
0x04001C98	StardewValley.Menus.MasteryTrackerMenu	rewards	Private
0x04001C99	StardewValley.Menus.MasteryTrackerMenu	which	Private
0x04001C9A	StardewValley.Menus.MasteryTrackerMenu	canClaim	Private
0x04001C9B	StardewValley.Menus.MenuWithInventory	region_okButton	Public, Static, Literal, HasDefault
0x04001C9C	StardewValley.Menus.MenuWithInventory	region_trashCan	Public, Static, Literal, HasDefault
0x04001C9D	StardewValley.Menus.MenuWithInventory	_heldItem	Private
0x04001C9E	StardewValley.Menus.MenuWithInventory	descriptionText	Public
0x04001C9F	StardewValley.Menus.MenuWithInventory	hoverText	Public
0x04001CA0	StardewValley.Menus.MenuWithInventory	descriptionTitle	Public
0x04001CA1	StardewValley.Menus.MenuWithInventory	inventory	Public
0x04001CA2	StardewValley.Menus.MenuWithInventory	hoveredItem	Public
0x04001CA3	StardewValley.Menus.MenuWithInventory	wiggleWordsTimer	Public
0x04001CA4	StardewValley.Menus.MenuWithInventory	hoverAmount	Public
0x04001CA5	StardewValley.Menus.MenuWithInventory	okButton	Public
0x04001CA6	StardewValley.Menus.MenuWithInventory	trashCan	Public
0x04001CA7	StardewValley.Menus.MenuWithInventory	trashCanLidRotation	Public
0x04001CA8	StardewValley.Menus.MenuWithInventory	dropItemInvisibleButton	Public
0x04001CA9	StardewValley.Menus.MenuWithInventory	HeldItemExitBehavior	Public
0x04001CAA	StardewValley.Menus.MenuWithInventory	AllowExitWithHeldItem	Public
0x04001CAB	StardewValley.Menus.MineElevatorMenu	elevators	Public
0x04001CAC	StardewValley.Menus.MuseumMenu	startingState	Public, Static, Literal, HasDefault
0x04001CAD	StardewValley.Menus.MuseumMenu	placingInMuseumState	Public, Static, Literal, HasDefault
0x04001CAE	StardewValley.Menus.MuseumMenu	exitingState	Public, Static, Literal, HasDefault
0x04001CAF	StardewValley.Menus.MuseumMenu	fadeTimer	Public
0x04001CB0	StardewValley.Menus.MuseumMenu	state	Public
0x04001CB1	StardewValley.Menus.MuseumMenu	menuPositionOffset	Public
0x04001CB2	StardewValley.Menus.MuseumMenu	fadeIntoBlack	Public
0x04001CB3	StardewValley.Menus.MuseumMenu	menuMovingDown	Public
0x04001CB4	StardewValley.Menus.MuseumMenu	blackFadeAlpha	Public
0x04001CB5	StardewValley.Menus.MuseumMenu	sparkleText	Public
0x04001CB6	StardewValley.Menus.MuseumMenu	globalLocationOfSparklingArtifact	Public
0x04001CB7	StardewValley.Menus.MuseumMenu	Museum	Public
0x04001CB8	StardewValley.Menus.MuseumMenu	holdingMuseumPiece	Private
0x04001CB9	StardewValley.Menus.MuseumMenu	reOrganizing	Public
0x04001CBA	StardewValley.Menus.NamingMenu	region_okButton	Public, Static, Literal, HasDefault
0x04001CBB	StardewValley.Menus.NamingMenu	region_doneNamingButton	Public, Static, Literal, HasDefault
0x04001CBC	StardewValley.Menus.NamingMenu	region_randomButton	Public, Static, Literal, HasDefault
0x04001CBD	StardewValley.Menus.NamingMenu	region_namingBox	Public, Static, Literal, HasDefault
0x04001CBE	StardewValley.Menus.NamingMenu	doneNamingButton	Public
0x04001CBF	StardewValley.Menus.NamingMenu	randomButton	Public
0x04001CC0	StardewValley.Menus.NamingMenu	textBox	Public
0x04001CC1	StardewValley.Menus.NamingMenu	textBoxCC	Public
0x04001CC2	StardewValley.Menus.NamingMenu	doneNaming	Public
0x04001CC3	StardewValley.Menus.NamingMenu	title	Public
0x04001CC4	StardewValley.Menus.NamingMenu	minLength	Public
0x04001CC5	StardewValley.Menus.NamingMenu	FilterInput	Public
0x04001CC6	StardewValley.Menus.NumberSelectionMenu	region_leftButton	Public, Static, Literal, HasDefault
0x04001CC7	StardewValley.Menus.NumberSelectionMenu	region_rightButton	Public, Static, Literal, HasDefault
0x04001CC8	StardewValley.Menus.NumberSelectionMenu	region_okButton	Public, Static, Literal, HasDefault
0x04001CC9	StardewValley.Menus.NumberSelectionMenu	region_cancelButton	Public, Static, Literal, HasDefault
0x04001CCA	StardewValley.Menus.NumberSelectionMenu	message	Private
0x04001CCB	StardewValley.Menus.NumberSelectionMenu	price	Family
0x04001CCC	StardewValley.Menus.NumberSelectionMenu	minValue	Family
0x04001CCD	StardewValley.Menus.NumberSelectionMenu	maxValue	Family
0x04001CCE	StardewValley.Menus.NumberSelectionMenu	currentValue	Family
0x04001CCF	StardewValley.Menus.NumberSelectionMenu	priceShake	Family
0x04001CD0	StardewValley.Menus.NumberSelectionMenu	heldTimer	Family
0x04001CD1	StardewValley.Menus.NumberSelectionMenu	behaviorFunction	Private
0x04001CD2	StardewValley.Menus.NumberSelectionMenu	numberSelectedBox	Family
0x04001CD3	StardewValley.Menus.NumberSelectionMenu	leftButton	Public
0x04001CD4	StardewValley.Menus.NumberSelectionMenu	rightButton	Public
0x04001CD5	StardewValley.Menus.NumberSelectionMenu	okButton	Public
0x04001CD6	StardewValley.Menus.NumberSelectionMenu	cancelButton	Public
0x04001CD7	StardewValley.Menus.OptionsElement	defaultX	Public, Static, Literal, HasDefault
0x04001CD8	StardewValley.Menus.OptionsElement	defaultY	Public, Static, Literal, HasDefault
0x04001CD9	StardewValley.Menus.OptionsElement	defaultPixelWidth	Public, Static, Literal, HasDefault
0x04001CDA	StardewValley.Menus.OptionsElement	bounds	Public
0x04001CDB	StardewValley.Menus.OptionsElement	label	Public
0x04001CDC	StardewValley.Menus.OptionsElement	whichOption	Public
0x04001CDD	StardewValley.Menus.OptionsElement	greyedOut	Public
0x04001CDE	StardewValley.Menus.OptionsElement	labelOffset	Public
0x04001CDF	StardewValley.Menus.OptionsElement	style	Public
0x04001CE0	StardewValley.Menus.OptionsElement	<ScreenReaderText>k__BackingField	Private
0x04001CE1	StardewValley.Menus.OptionsElement	<ScreenReaderDescription>k__BackingField	Private
0x04001CE2	StardewValley.Menus.OptionsElement	<ScreenReaderIgnore>k__BackingField	Private
0x04001CE3	StardewValley.Menus.OptionsButton	action	Private
0x04001CE4	StardewValley.Menus.OptionsPlusMinusButton	_buttonBounds	Family
0x04001CE5	StardewValley.Menus.OptionsPlusMinusButton	_buttonRect	Family
0x04001CE6	StardewValley.Menus.OptionsPlusMinusButton	_buttonTexture	Family
0x04001CE7	StardewValley.Menus.OptionsPlusMinusButton	_buttonAction	Family
0x04001CE8	StardewValley.Menus.OptionsPlusMinus	pixelsWide	Public, Static, Literal, HasDefault
0x04001CE9	StardewValley.Menus.OptionsPlusMinus	options	Public
0x04001CEA	StardewValley.Menus.OptionsPlusMinus	displayOptions	Public
0x04001CEB	StardewValley.Menus.OptionsPlusMinus	selected	Public
0x04001CEC	StardewValley.Menus.OptionsPlusMinus	isChecked	Public
0x04001CED	StardewValley.Menus.OptionsPlusMinus	snapZoomPlus	Public, Static
0x04001CEE	StardewValley.Menus.OptionsPlusMinus	snapZoomMinus	Public, Static
0x04001CEF	StardewValley.Menus.OptionsPlusMinus	minusButton	Public
0x04001CF0	StardewValley.Menus.OptionsPlusMinus	plusButton	Public
0x04001CF1	StardewValley.Menus.OptionsPlusMinus	minusButtonSource	Public, Static
0x04001CF2	StardewValley.Menus.OptionsPlusMinus	plusButtonSource	Public, Static
0x04001CF3	StardewValley.Menus.OptionsCheckbox	pixelsWide	Public, Static, Literal, HasDefault
0x04001CF4	StardewValley.Menus.OptionsCheckbox	selected	Public, Static
0x04001CF5	StardewValley.Menus.OptionsCheckbox	isChecked	Public
0x04001CF6	StardewValley.Menus.OptionsCheckbox	sourceRectUnchecked	Public, Static
0x04001CF7	StardewValley.Menus.OptionsCheckbox	sourceRectChecked	Public, Static
0x04001CF8	StardewValley.Menus.OptionsSlider	pixelsWide	Public, Static, Literal, HasDefault
0x04001CF9	StardewValley.Menus.OptionsSlider	pixelsHigh	Public, Static, Literal, HasDefault
0x04001CFA	StardewValley.Menus.OptionsSlider	sliderButtonWidth	Public, Static, Literal, HasDefault
0x04001CFB	StardewValley.Menus.OptionsSlider	sliderMaxValue	Public, Static, Literal, HasDefault
0x04001CFC	StardewValley.Menus.OptionsSlider	value	Public
0x04001CFD	StardewValley.Menus.OptionsSlider	sliderBGSource	Public, Static
0x04001CFE	StardewValley.Menus.OptionsSlider	sliderButtonRect	Public, Static
0x04001CFF	StardewValley.Menus.OptionsInputListener	buttonNames	Public
0x04001D00	StardewValley.Menus.OptionsInputListener	listenerMessage	Private
0x04001D01	StardewValley.Menus.OptionsInputListener	listening	Private
0x04001D02	StardewValley.Menus.OptionsInputListener	setbuttonBounds	Private
0x04001D03	StardewValley.Menus.OptionsInputListener	setButtonSource	Public, Static
0x04001D04	StardewValley.Menus.OptionsTextEntry	pixelsHigh	Public, Static, Literal, HasDefault
0x04001D05	StardewValley.Menus.OptionsTextEntry	textBox	Public
0x04001D06	StardewValley.Menus.OptionsDropDown	pixelsHigh	Public, Static, Literal, HasDefault
0x04001D07	StardewValley.Menus.OptionsDropDown	selected	Public, Static
0x04001D08	StardewValley.Menus.OptionsDropDown	dropDownOptions	Public
0x04001D09	StardewValley.Menus.OptionsDropDown	dropDownDisplayOptions	Public
0x04001D0A	StardewValley.Menus.OptionsDropDown	selectedOption	Public
0x04001D0B	StardewValley.Menus.OptionsDropDown	recentSlotY	Public
0x04001D0C	StardewValley.Menus.OptionsDropDown	startingSelected	Public
0x04001D0D	StardewValley.Menus.OptionsDropDown	clicked	Private
0x04001D0E	StardewValley.Menus.OptionsDropDown	dropDownBounds	Public
0x04001D0F	StardewValley.Menus.OptionsDropDown	dropDownBGSource	Public, Static
0x04001D10	StardewValley.Menus.OptionsDropDown	dropDownButtonSource	Public, Static
0x04001D11	StardewValley.Menus.OptionsPage	itemsPerPage	Public, Static, Literal, HasDefault
0x04001D12	StardewValley.Menus.OptionsPage	hoverText	Private
0x04001D13	StardewValley.Menus.OptionsPage	optionSlots	Public
0x04001D14	StardewValley.Menus.OptionsPage	currentItemIndex	Public
0x04001D15	StardewValley.Menus.OptionsPage	upArrow	Private
0x04001D16	StardewValley.Menus.OptionsPage	downArrow	Private
0x04001D17	StardewValley.Menus.OptionsPage	scrollBar	Private
0x04001D18	StardewValley.Menus.OptionsPage	scrolling	Private
0x04001D19	StardewValley.Menus.OptionsPage	options	Public
0x04001D1A	StardewValley.Menus.OptionsPage	scrollBarRunner	Private
0x04001D1B	StardewValley.Menus.OptionsPage	_lastSelectedIndex	Assembly, Static
0x04001D1C	StardewValley.Menus.OptionsPage	_lastCurrentItemIndex	Assembly, Static
0x04001D1D	StardewValley.Menus.OptionsPage	lastRebindTick	Public
0x04001D1E	StardewValley.Menus.OptionsPage	optionsSlotHeld	Private
0x04001D1F	StardewValley.Menus.PondQueryMenu	region_okButton	Public, Static, Literal, HasDefault
0x04001D20	StardewValley.Menus.PondQueryMenu	region_emptyButton	Public, Static, Literal, HasDefault
0x04001D21	StardewValley.Menus.PondQueryMenu	region_noButton	Public, Static, Literal, HasDefault
0x04001D22	StardewValley.Menus.PondQueryMenu	region_nettingButton	Public, Static, Literal, HasDefault
0x04001D23	StardewValley.Menus.PondQueryMenu	width	Public, Static
0x04001D24	StardewValley.Menus.PondQueryMenu	height	Public, Static
0x04001D25	StardewValley.Menus.PondQueryMenu	unresolved_needs_extra_height	Public, Static, Literal, HasDefault
0x04001D26	StardewValley.Menus.PondQueryMenu	_pond	Family
0x04001D27	StardewValley.Menus.PondQueryMenu	_fishItem	Family
0x04001D28	StardewValley.Menus.PondQueryMenu	_statusText	Family
0x04001D29	StardewValley.Menus.PondQueryMenu	okButton	Public
0x04001D2A	StardewValley.Menus.PondQueryMenu	emptyButton	Public
0x04001D2B	StardewValley.Menus.PondQueryMenu	yesButton	Public
0x04001D2C	StardewValley.Menus.PondQueryMenu	noButton	Public
0x04001D2D	StardewValley.Menus.PondQueryMenu	changeNettingButton	Public
0x04001D2E	StardewValley.Menus.PondQueryMenu	confirmingEmpty	Private
0x04001D2F	StardewValley.Menus.PondQueryMenu	_confirmationBoxRectangle	Family
0x04001D30	StardewValley.Menus.PondQueryMenu	_confirmationText	Family
0x04001D31	StardewValley.Menus.PondQueryMenu	_age	Family
0x04001D32	StardewValley.Menus.PondQueryMenu	hoverText	Private
0x04001D33	StardewValley.Menus.PowersTab	region_forwardButton	Public, Static, Literal, HasDefault
0x04001D34	StardewValley.Menus.PowersTab	region_backButton	Public, Static, Literal, HasDefault
0x04001D35	StardewValley.Menus.PowersTab	distanceFromMenuBottomBeforeNewPage	Public, Static, Literal, HasDefault
0x04001D36	StardewValley.Menus.PowersTab	currentPage	Public
0x04001D37	StardewValley.Menus.PowersTab	descriptionText	Public
0x04001D38	StardewValley.Menus.PowersTab	hoverText	Public
0x04001D39	StardewValley.Menus.PowersTab	backButton	Public
0x04001D3A	StardewValley.Menus.PowersTab	forwardButton	Public
0x04001D3B	StardewValley.Menus.PowersTab	powers	Public
0x04001D3C	StardewValley.Menus.PrizeTicketMenu	WIDTH	Public, Static, Literal, HasDefault
0x04001D3D	StardewValley.Menus.PrizeTicketMenu	HEIGHT	Public, Static, Literal, HasDefault
0x04001D3E	StardewValley.Menus.PrizeTicketMenu	texture	Public
0x04001D3F	StardewValley.Menus.PrizeTicketMenu	mainButton	Public
0x04001D40	StardewValley.Menus.PrizeTicketMenu	pressedButtonTimer	Public
0x04001D41	StardewValley.Menus.PrizeTicketMenu	currentPrizeTrack	Public
0x04001D42	StardewValley.Menus.PrizeTicketMenu	getRewardTimer	Public
0x04001D43	StardewValley.Menus.PrizeTicketMenu	moveRewardTrackTimer	Public
0x04001D44	StardewValley.Menus.PrizeTicketMenu	moveRewardTrackPreTimer	Public
0x04001D45	StardewValley.Menus.PrizeTicketMenu	gettingReward	Public
0x04001D46	StardewValley.Menus.PrizeTicketMenu	movingRewardTrack	Public
0x04001D47	StardewValley.Menus.ProfileMenu	region_characterSelectors	Public, Static, Literal, HasDefault
0x04001D48	StardewValley.Menus.ProfileMenu	region_categorySelector	Public, Static, Literal, HasDefault
0x04001D49	StardewValley.Menus.ProfileMenu	region_itemButtons	Public, Static, Literal, HasDefault
0x04001D4A	StardewValley.Menus.ProfileMenu	region_backButton	Public, Static, Literal, HasDefault
0x04001D4B	StardewValley.Menus.ProfileMenu	region_forwardButton	Public, Static, Literal, HasDefault
0x04001D4C	StardewValley.Menus.ProfileMenu	region_upArrow	Public, Static, Literal, HasDefault
0x04001D4D	StardewValley.Menus.ProfileMenu	region_downArrow	Public, Static, Literal, HasDefault
0x04001D4E	StardewValley.Menus.ProfileMenu	letterWidth	Public, Static, Literal, HasDefault
0x04001D4F	StardewValley.Menus.ProfileMenu	letterHeight	Public, Static, Literal, HasDefault
0x04001D50	StardewValley.Menus.ProfileMenu	letterTexture	Public
0x04001D51	StardewValley.Menus.ProfileMenu	hoverText	Family
0x04001D52	StardewValley.Menus.ProfileMenu	_profileItems	Family
0x04001D53	StardewValley.Menus.ProfileMenu	hoveredItem	Public
0x04001D54	StardewValley.Menus.ProfileMenu	backButton	Public
0x04001D55	StardewValley.Menus.ProfileMenu	forwardButton	Public
0x04001D56	StardewValley.Menus.ProfileMenu	nextCharacterButton	Public
0x04001D57	StardewValley.Menus.ProfileMenu	previousCharacterButton	Public
0x04001D58	StardewValley.Menus.ProfileMenu	characterSpriteBox	Family
0x04001D59	StardewValley.Menus.ProfileMenu	_currentCategory	Family
0x04001D5A	StardewValley.Menus.ProfileMenu	_animatedSprite	Family
0x04001D5B	StardewValley.Menus.ProfileMenu	_directionChangeTimer	Family
0x04001D5C	StardewValley.Menus.ProfileMenu	_hiddenEmoteTimer	Family
0x04001D5D	StardewValley.Menus.ProfileMenu	_currentDirection	Family
0x04001D5E	StardewValley.Menus.ProfileMenu	_hideTooltipTime	Family
0x04001D5F	StardewValley.Menus.ProfileMenu	_socialPage	Family
0x04001D60	StardewValley.Menus.ProfileMenu	_status	Family
0x04001D61	StardewValley.Menus.ProfileMenu	_printedName	Family
0x04001D62	StardewValley.Menus.ProfileMenu	_characterEntrancePosition	Family
0x04001D63	StardewValley.Menus.ProfileMenu	upArrow	Public
0x04001D64	StardewValley.Menus.ProfileMenu	downArrow	Public
0x04001D65	StardewValley.Menus.ProfileMenu	scrollBar	Family
0x04001D66	StardewValley.Menus.ProfileMenu	scrollBarRunner	Family
0x04001D67	StardewValley.Menus.ProfileMenu	clickableProfileItems	Public
0x04001D68	StardewValley.Menus.ProfileMenu	Current	Public
0x04001D69	StardewValley.Menus.ProfileMenu	SocialEntries	Public, InitOnly
0x04001D6A	StardewValley.Menus.ProfileMenu	_characterNamePosition	Family
0x04001D6B	StardewValley.Menus.ProfileMenu	_heartDisplayPosition	Family
0x04001D6C	StardewValley.Menus.ProfileMenu	_birthdayHeadingDisplayPosition	Family
0x04001D6D	StardewValley.Menus.ProfileMenu	_birthdayDisplayPosition	Family
0x04001D6E	StardewValley.Menus.ProfileMenu	_statusHeadingDisplayPosition	Family
0x04001D6F	StardewValley.Menus.ProfileMenu	_statusDisplayPosition	Family
0x04001D70	StardewValley.Menus.ProfileMenu	_giftLogHeadingDisplayPosition	Family
0x04001D71	StardewValley.Menus.ProfileMenu	_giftLogCategoryDisplayPosition	Family
0x04001D72	StardewValley.Menus.ProfileMenu	_errorMessagePosition	Family
0x04001D73	StardewValley.Menus.ProfileMenu	_characterSpriteDrawPosition	Family
0x04001D74	StardewValley.Menus.ProfileMenu	_characterStatusDisplayBox	Family
0x04001D75	StardewValley.Menus.ProfileMenu	_clickableTextureComponents	Family
0x04001D76	StardewValley.Menus.ProfileMenu	_itemDisplayRect	Public
0x04001D77	StardewValley.Menus.ProfileMenu	scrollPosition	Family
0x04001D78	StardewValley.Menus.ProfileMenu	scrollStep	Family
0x04001D79	StardewValley.Menus.ProfileMenu	scrollSize	Family
0x04001D7A	StardewValley.Menus.ProfileMenu	itemCategories	Public, Static
0x04001D7B	StardewValley.Menus.ProfileMenu	_sortedItems	Family
0x04001D7C	StardewValley.Menus.ProfileMenu	scrolling	Public
0x04001D7D	StardewValley.Menus.ProfileMenu	_characterSpriteRandomInt	Private
0x04001D7E	StardewValley.Menus.ProfileItem	_context	Family
0x04001D7F	StardewValley.Menus.ProfileItem	itemName	Public
0x04001D80	StardewValley.Menus.ProfileItem	_nameDrawPosition	Family
0x04001D81	StardewValley.Menus.PI_ItemList	_items	Family
0x04001D82	StardewValley.Menus.PI_ItemList	_components	Family
0x04001D83	StardewValley.Menus.PI_ItemList	_height	Family
0x04001D84	StardewValley.Menus.PI_ItemList	_emptyBoxPositions	Family
0x04001D85	StardewValley.Menus.PurchaseAnimalsMenu	region_okButton	Public, Static, Literal, HasDefault
0x04001D86	StardewValley.Menus.PurchaseAnimalsMenu	region_doneNamingButton	Public, Static, Literal, HasDefault
0x04001D87	StardewValley.Menus.PurchaseAnimalsMenu	region_randomButton	Public, Static, Literal, HasDefault
0x04001D88	StardewValley.Menus.PurchaseAnimalsMenu	region_namingBox	Public, Static, Literal, HasDefault
0x04001D89	StardewValley.Menus.PurchaseAnimalsMenu	region_upArrow	Public, Static, Literal, HasDefault
0x04001D8A	StardewValley.Menus.PurchaseAnimalsMenu	region_downArrow	Public, Static, Literal, HasDefault
0x04001D8B	StardewValley.Menus.PurchaseAnimalsMenu	menuHeight	Public, Static
0x04001D8C	StardewValley.Menus.PurchaseAnimalsMenu	menuWidth	Public, Static
0x04001D8D	StardewValley.Menus.PurchaseAnimalsMenu	clickedAnimalButton	Public
0x04001D8E	StardewValley.Menus.PurchaseAnimalsMenu	animalsToPurchase	Public
0x04001D8F	StardewValley.Menus.PurchaseAnimalsMenu	okButton	Public
0x04001D90	StardewValley.Menus.PurchaseAnimalsMenu	doneNamingButton	Public
0x04001D91	StardewValley.Menus.PurchaseAnimalsMenu	randomButton	Public
0x04001D92	StardewValley.Menus.PurchaseAnimalsMenu	upArrow	Public
0x04001D93	StardewValley.Menus.PurchaseAnimalsMenu	downArrow	Public
0x04001D94	StardewValley.Menus.PurchaseAnimalsMenu	hovered	Public
0x04001D95	StardewValley.Menus.PurchaseAnimalsMenu	textBoxCC	Public
0x04001D96	StardewValley.Menus.PurchaseAnimalsMenu	onFarm	Public
0x04001D97	StardewValley.Menus.PurchaseAnimalsMenu	namingAnimal	Public
0x04001D98	StardewValley.Menus.PurchaseAnimalsMenu	freeze	Public
0x04001D99	StardewValley.Menus.PurchaseAnimalsMenu	animalBeingPurchased	Public
0x04001D9A	StardewValley.Menus.PurchaseAnimalsMenu	textBox	Public
0x04001D9B	StardewValley.Menus.PurchaseAnimalsMenu	textBoxEvent	Public
0x04001D9C	StardewValley.Menus.PurchaseAnimalsMenu	newAnimalHome	Public
0x04001D9D	StardewValley.Menus.PurchaseAnimalsMenu	priceOfAnimal	Public
0x04001D9E	StardewValley.Menus.PurchaseAnimalsMenu	readOnly	Public
0x04001D9F	StardewValley.Menus.PurchaseAnimalsMenu	currentScroll	Public
0x04001DA0	StardewValley.Menus.PurchaseAnimalsMenu	scrollRows	Public
0x04001DA1	StardewValley.Menus.PurchaseAnimalsMenu	TargetLocation	Public
0x04001DA2	StardewValley.Menus.QuestContainerMenu	ItemsToGrabMenu	Public
0x04001DA3	StardewValley.Menus.QuestContainerMenu	stackCapacityCheck	Public
0x04001DA4	StardewValley.Menus.QuestContainerMenu	onItemChanged	Public
0x04001DA5	StardewValley.Menus.QuestContainerMenu	onConfirm	Public
0x04001DA6	StardewValley.Menus.QuestLog	questsPerPage	Public, Static, Literal, HasDefault
0x04001DA7	StardewValley.Menus.QuestLog	region_forwardButton	Public, Static, Literal, HasDefault
0x04001DA8	StardewValley.Menus.QuestLog	region_backButton	Public, Static, Literal, HasDefault
0x04001DA9	StardewValley.Menus.QuestLog	region_rewardBox	Public, Static, Literal, HasDefault
0x04001DAA	StardewValley.Menus.QuestLog	region_cancelQuestButton	Public, Static, Literal, HasDefault
0x04001DAB	StardewValley.Menus.QuestLog	pages	Family
0x04001DAC	StardewValley.Menus.QuestLog	questLogButtons	Public
0x04001DAD	StardewValley.Menus.QuestLog	currentPage	Family
0x04001DAE	StardewValley.Menus.QuestLog	questPage	Family
0x04001DAF	StardewValley.Menus.QuestLog	forwardButton	Public
0x04001DB0	StardewValley.Menus.QuestLog	backButton	Public
0x04001DB1	StardewValley.Menus.QuestLog	rewardBox	Public
0x04001DB2	StardewValley.Menus.QuestLog	cancelQuestButton	Public
0x04001DB3	StardewValley.Menus.QuestLog	_shownQuest	Family
0x04001DB4	StardewValley.Menus.QuestLog	_objectiveText	Family
0x04001DB5	StardewValley.Menus.QuestLog	_contentHeight	Family
0x04001DB6	StardewValley.Menus.QuestLog	_scissorRectHeight	Family
0x04001DB7	StardewValley.Menus.QuestLog	scrollAmount	Public
0x04001DB8	StardewValley.Menus.QuestLog	upArrow	Public
0x04001DB9	StardewValley.Menus.QuestLog	downArrow	Public
0x04001DBA	StardewValley.Menus.QuestLog	scrollBar	Public
0x04001DBB	StardewValley.Menus.QuestLog	scrolling	Family
0x04001DBC	StardewValley.Menus.QuestLog	scrollBarBounds	Public
0x04001DBD	StardewValley.Menus.QuestLog	hoverText	Private
0x04001DBE	StardewValley.Menus.ReadyCheckDialog	checkName	Public
0x04001DBF	StardewValley.Menus.ReadyCheckDialog	allowCancel	Private
0x04001DC0	StardewValley.Menus.RenovateMenu	region_okButton	Public, Static, Literal, HasDefault
0x04001DC1	StardewValley.Menus.RenovateMenu	region_randomButton	Public, Static, Literal, HasDefault
0x04001DC2	StardewValley.Menus.RenovateMenu	menuHeight	Public, Static
0x04001DC3	StardewValley.Menus.RenovateMenu	menuWidth	Public, Static
0x04001DC4	StardewValley.Menus.RenovateMenu	okButton	Public
0x04001DC5	StardewValley.Menus.RenovateMenu	hovered	Public
0x04001DC6	StardewValley.Menus.RenovateMenu	freeze	Private
0x04001DC7	StardewValley.Menus.RenovateMenu	_renovation	Family
0x04001DC8	StardewValley.Menus.RenovateMenu	_oldLocation	Family
0x04001DC9	StardewValley.Menus.RenovateMenu	_oldPosition	Family
0x04001DCA	StardewValley.Menus.RenovateMenu	_selectedIndex	Family
0x04001DCB	StardewValley.Menus.RenovateMenu	_animatingIndex	Family
0x04001DCC	StardewValley.Menus.RenovateMenu	_buildAnimationTimer	Family
0x04001DCD	StardewValley.Menus.RenovateMenu	_buildAnimationCount	Family
0x04001DCE	StardewValley.Menus.SaveGameMenu	loader	Private
0x04001DCF	StardewValley.Menus.SaveGameMenu	completePause	Private
0x04001DD0	StardewValley.Menus.SaveGameMenu	quit	Public
0x04001DD1	StardewValley.Menus.SaveGameMenu	hasDrawn	Public
0x04001DD2	StardewValley.Menus.SaveGameMenu	saveText	Private
0x04001DD3	StardewValley.Menus.SaveGameMenu	margin	Private
0x04001DD4	StardewValley.Menus.SaveGameMenu	_stringBuilder	Private
0x04001DD5	StardewValley.Menus.SaveGameMenu	_ellipsisDelay	Private
0x04001DD6	StardewValley.Menus.SaveGameMenu	_ellipsisCount	Private
0x04001DD7	StardewValley.Menus.SaveGameMenu	_hasSentFarmhandData	Family
0x04001DD8	StardewValley.Menus.ShippingMenu	region_okbutton	Public, Static, Literal, HasDefault
0x04001DD9	StardewValley.Menus.ShippingMenu	region_forwardButton	Public, Static, Literal, HasDefault
0x04001DDA	StardewValley.Menus.ShippingMenu	region_backButton	Public, Static, Literal, HasDefault
0x04001DDB	StardewValley.Menus.ShippingMenu	farming_category	Public, Static, Literal, HasDefault
0x04001DDC	StardewValley.Menus.ShippingMenu	foraging_category	Public, Static, Literal, HasDefault
0x04001DDD	StardewValley.Menus.ShippingMenu	fishing_category	Public, Static, Literal, HasDefault
0x04001DDE	StardewValley.Menus.ShippingMenu	mining_category	Public, Static, Literal, HasDefault
0x04001DDF	StardewValley.Menus.ShippingMenu	other_category	Public, Static, Literal, HasDefault
0x04001DE0	StardewValley.Menus.ShippingMenu	total_category	Public, Static, Literal, HasDefault
0x04001DE1	StardewValley.Menus.ShippingMenu	timePerIntroCategory	Public, Static, Literal, HasDefault
0x04001DE2	StardewValley.Menus.ShippingMenu	outroFadeTime	Public, Static, Literal, HasDefault
0x04001DE3	StardewValley.Menus.ShippingMenu	smokeRate	Public, Static, Literal, HasDefault
0x04001DE4	StardewValley.Menus.ShippingMenu	categorylabelHeight	Public, Static, Literal, HasDefault
0x04001DE5	StardewValley.Menus.ShippingMenu	itemsPerCategoryPage	Public
0x04001DE6	StardewValley.Menus.ShippingMenu	currentPage	Public
0x04001DE7	StardewValley.Menus.ShippingMenu	currentTab	Public
0x04001DE8	StardewValley.Menus.ShippingMenu	categories	Public
0x04001DE9	StardewValley.Menus.ShippingMenu	okButton	Public
0x04001DEA	StardewValley.Menus.ShippingMenu	forwardButton	Public
0x04001DEB	StardewValley.Menus.ShippingMenu	backButton	Public
0x04001DEC	StardewValley.Menus.ShippingMenu	categoryTotals	Private
0x04001DED	StardewValley.Menus.ShippingMenu	categoryDials	Private
0x04001DEE	StardewValley.Menus.ShippingMenu	itemValues	Private
0x04001DEF	StardewValley.Menus.ShippingMenu	singleItemValues	Private
0x04001DF0	StardewValley.Menus.ShippingMenu	categoryItems	Private
0x04001DF1	StardewValley.Menus.ShippingMenu	categoryLabelsWidth	Private
0x04001DF2	StardewValley.Menus.ShippingMenu	plusButtonWidth	Private
0x04001DF3	StardewValley.Menus.ShippingMenu	itemSlotWidth	Private
0x04001DF4	StardewValley.Menus.ShippingMenu	itemAndPlusButtonWidth	Private
0x04001DF5	StardewValley.Menus.ShippingMenu	totalWidth	Private
0x04001DF6	StardewValley.Menus.ShippingMenu	centerX	Private
0x04001DF7	StardewValley.Menus.ShippingMenu	centerY	Private
0x04001DF8	StardewValley.Menus.ShippingMenu	introTimer	Private
0x04001DF9	StardewValley.Menus.ShippingMenu	outroFadeTimer	Private
0x04001DFA	StardewValley.Menus.ShippingMenu	outroPauseBeforeDateChange	Private
0x04001DFB	StardewValley.Menus.ShippingMenu	finalOutroTimer	Private
0x04001DFC	StardewValley.Menus.ShippingMenu	smokeTimer	Private
0x04001DFD	StardewValley.Menus.ShippingMenu	dayPlaqueY	Private
0x04001DFE	StardewValley.Menus.ShippingMenu	moonShake	Private
0x04001DFF	StardewValley.Menus.ShippingMenu	timesPokedMoon	Private
0x04001E00	StardewValley.Menus.ShippingMenu	weatherX	Private
0x04001E01	StardewValley.Menus.ShippingMenu	outro	Private
0x04001E02	StardewValley.Menus.ShippingMenu	newDayPlaque	Private
0x04001E03	StardewValley.Menus.ShippingMenu	savedYet	Private
0x04001E04	StardewValley.Menus.ShippingMenu	animations	Public
0x04001E05	StardewValley.Menus.ShippingMenu	saveGameMenu	Private
0x04001E06	StardewValley.Menus.ShippingMenu	_hasFinished	Family
0x04001E07	StardewValley.Menus.ShippingMenu	_activated	Public
0x04001E08	StardewValley.Menus.ShippingMenu	wasGreenRain	Private
0x04001E09	StardewValley.Menus.ShopMenu	region_shopButtonModifier	Public, Static, Literal, HasDefault
0x04001E0A	StardewValley.Menus.ShopMenu	region_upArrow	Public, Static, Literal, HasDefault
0x04001E0B	StardewValley.Menus.ShopMenu	region_downArrow	Public, Static, Literal, HasDefault
0x04001E0C	StardewValley.Menus.ShopMenu	region_tabStartIndex	Public, Static, Literal, HasDefault
0x04001E0D	StardewValley.Menus.ShopMenu	infiniteStock	Public, Static, Literal, HasDefault
0x04001E0E	StardewValley.Menus.ShopMenu	itemsPerPage	Public, Static, Literal, HasDefault
0x04001E0F	StardewValley.Menus.ShopMenu	numberRequiredForExtraItemTrade	Public, Static, Literal, HasDefault
0x04001E10	StardewValley.Menus.ShopMenu	hoverText	Public
0x04001E11	StardewValley.Menus.ShopMenu	boldTitleText	Public
0x04001E12	StardewValley.Menus.ShopMenu	openMenuSound	Public
0x04001E13	StardewValley.Menus.ShopMenu	purchaseSound	Public
0x04001E14	StardewValley.Menus.ShopMenu	purchaseRepeatSound	Public
0x04001E15	StardewValley.Menus.ShopMenu	ShopId	Public
0x04001E16	StardewValley.Menus.ShopMenu	ShopData	Public
0x04001E17	StardewValley.Menus.ShopMenu	<VisualTheme>k__BackingField	Private
0x04001E18	StardewValley.Menus.ShopMenu	inventory	Public
0x04001E19	StardewValley.Menus.ShopMenu	heldItem	Public
0x04001E1A	StardewValley.Menus.ShopMenu	hoveredItem	Public
0x04001E1B	StardewValley.Menus.ShopMenu	DefaultStackDrawType	Public
0x04001E1C	StardewValley.Menus.ShopMenu	poof	Private
0x04001E1D	StardewValley.Menus.ShopMenu	scrollBarRunner	Private
0x04001E1E	StardewValley.Menus.ShopMenu	forSale	Public
0x04001E1F	StardewValley.Menus.ShopMenu	forSaleButtons	Public
0x04001E20	StardewValley.Menus.ShopMenu	categoriesToSellHere	Public
0x04001E21	StardewValley.Menus.ShopMenu	tagsToSellHere	Public
0x04001E22	StardewValley.Menus.ShopMenu	itemPriceAndStock	Public
0x04001E23	StardewValley.Menus.ShopMenu	sellPercentage	Private
0x04001E24	StardewValley.Menus.ShopMenu	animations	Private
0x04001E25	StardewValley.Menus.ShopMenu	hoverPrice	Public
0x04001E26	StardewValley.Menus.ShopMenu	currentItemIndex	Public
0x04001E27	StardewValley.Menus.ShopMenu	currency	Public
0x04001E28	StardewValley.Menus.ShopMenu	upArrow	Public
0x04001E29	StardewValley.Menus.ShopMenu	downArrow	Public
0x04001E2A	StardewValley.Menus.ShopMenu	scrollBar	Public
0x04001E2B	StardewValley.Menus.ShopMenu	portraitTexture	Public
0x04001E2C	StardewValley.Menus.ShopMenu	potraitPersonDialogue	Public
0x04001E2D	StardewValley.Menus.ShopMenu	source	Public
0x04001E2E	StardewValley.Menus.ShopMenu	scrolling	Private
0x04001E2F	StardewValley.Menus.ShopMenu	onPurchase	Public
0x04001E30	StardewValley.Menus.ShopMenu	onSell	Public
0x04001E31	StardewValley.Menus.ShopMenu	canPurchaseCheck	Public
0x04001E32	StardewValley.Menus.ShopMenu	tabButtons	Public
0x04001E33	StardewValley.Menus.ShopMenu	currentTab	Family
0x04001E34	StardewValley.Menus.ShopMenu	_isStorageShop	Family
0x04001E35	StardewValley.Menus.ShopMenu	readOnly	Public
0x04001E36	StardewValley.Menus.ShopMenu	buyBackItems	Public
0x04001E37	StardewValley.Menus.ShopMenu	buyBackItemsToResellTomorrow	Public
0x04001E38	StardewValley.Menus.ShopMenu	safetyTimer	Public
0x04001E39	StardewValley.Menus.SkillsPage	region_special1	Public, Static, Literal, HasDefault
0x04001E3A	StardewValley.Menus.SkillsPage	region_special2	Public, Static, Literal, HasDefault
0x04001E3B	StardewValley.Menus.SkillsPage	region_special3	Public, Static, Literal, HasDefault
0x04001E3C	StardewValley.Menus.SkillsPage	region_special4	Public, Static, Literal, HasDefault
0x04001E3D	StardewValley.Menus.SkillsPage	region_special5	Public, Static, Literal, HasDefault
0x04001E3E	StardewValley.Menus.SkillsPage	region_special6	Public, Static, Literal, HasDefault
0x04001E3F	StardewValley.Menus.SkillsPage	region_special7	Public, Static, Literal, HasDefault
0x04001E40	StardewValley.Menus.SkillsPage	region_special8	Public, Static, Literal, HasDefault
0x04001E41	StardewValley.Menus.SkillsPage	region_special9	Public, Static, Literal, HasDefault
0x04001E42	StardewValley.Menus.SkillsPage	region_special_skullkey	Public, Static, Literal, HasDefault
0x04001E43	StardewValley.Menus.SkillsPage	region_special_townkey	Public, Static, Literal, HasDefault
0x04001E44	StardewValley.Menus.SkillsPage	region_ccTracker	Public, Static, Literal, HasDefault
0x04001E45	StardewValley.Menus.SkillsPage	region_skillArea1	Public, Static, Literal, HasDefault
0x04001E46	StardewValley.Menus.SkillsPage	region_skillArea2	Public, Static, Literal, HasDefault
0x04001E47	StardewValley.Menus.SkillsPage	region_skillArea3	Public, Static, Literal, HasDefault
0x04001E48	StardewValley.Menus.SkillsPage	region_skillArea4	Public, Static, Literal, HasDefault
0x04001E49	StardewValley.Menus.SkillsPage	region_skillArea5	Public, Static, Literal, HasDefault
0x04001E4A	StardewValley.Menus.SkillsPage	skillBars	Public
0x04001E4B	StardewValley.Menus.SkillsPage	skillAreas	Public
0x04001E4C	StardewValley.Menus.SkillsPage	specialItems	Public
0x04001E4D	StardewValley.Menus.SkillsPage	ccTrackerButtons	Public
0x04001E4E	StardewValley.Menus.SkillsPage	hoverText	Private
0x04001E4F	StardewValley.Menus.SkillsPage	hoverTitle	Private
0x04001E50	StardewValley.Menus.SkillsPage	professionImage	Private
0x04001E51	StardewValley.Menus.SkillsPage	playerPanelIndex	Private
0x04001E52	StardewValley.Menus.SkillsPage	playerPanelTimer	Private
0x04001E53	StardewValley.Menus.SkillsPage	playerPanel	Private
0x04001E54	StardewValley.Menus.SkillsPage	playerPanelFrames	Private
0x04001E55	StardewValley.Menus.SkillsPage	timesClickedJunimo	Private
0x04001E56	StardewValley.Menus.SliderBar	defaultWidth	Public, Static
0x04001E57	StardewValley.Menus.SliderBar	defaultHeight	Public, Static, Literal, HasDefault
0x04001E58	StardewValley.Menus.SliderBar	value	Public
0x04001E59	StardewValley.Menus.SliderBar	bounds	Public
0x04001E5A	StardewValley.Menus.SocialPage	slotsOnPage	Public, Static, Literal, HasDefault
0x04001E5B	StardewValley.Menus.SocialPage	hoverText	Public
0x04001E5C	StardewValley.Menus.SocialPage	upButton	Public
0x04001E5D	StardewValley.Menus.SocialPage	downButton	Public
0x04001E5E	StardewValley.Menus.SocialPage	scrollBar	Public
0x04001E5F	StardewValley.Menus.SocialPage	scrollBarRunner	Public
0x04001E60	StardewValley.Menus.SocialPage	SocialEntries	Public, InitOnly
0x04001E61	StardewValley.Menus.SocialPage	sprites	Public, InitOnly
0x04001E62	StardewValley.Menus.SocialPage	slotPosition	Public
0x04001E63	StardewValley.Menus.SocialPage	numFarmers	Public
0x04001E64	StardewValley.Menus.SocialPage	characterSlots	Public, InitOnly
0x04001E65	StardewValley.Menus.SocialPage	scrolling	Public
0x04001E66	StardewValley.Menus.SpecialCurrencyDisplay	currency_walnuts	Public, Static, Literal, HasDefault
0x04001E67	StardewValley.Menus.SpecialCurrencyDisplay	currency_qiGems	Public, Static, Literal, HasDefault
0x04001E68	StardewValley.Menus.SpecialCurrencyDisplay	defaultSeconds	Public, Static, Literal, HasDefault
0x04001E69	StardewValley.Menus.SpecialCurrencyDisplay	registeredCurrencyDisplays	Public
0x04001E6A	StardewValley.Menus.SpecialCurrencyDisplay	displayedCurrencies	Public, InitOnly
0x04001E6B	StardewValley.Menus.SpecialOrdersBoard	billboardTexture	Private
0x04001E6C	StardewValley.Menus.SpecialOrdersBoard	basewidth	Public, Static, Literal, HasDefault
0x04001E6D	StardewValley.Menus.SpecialOrdersBoard	baseheight	Public, Static, Literal, HasDefault
0x04001E6E	StardewValley.Menus.SpecialOrdersBoard	acceptLeftQuestButton	Public
0x04001E6F	StardewValley.Menus.SpecialOrdersBoard	acceptRightQuestButton	Public
0x04001E70	StardewValley.Menus.SpecialOrdersBoard	boardType	Public
0x04001E71	StardewValley.Menus.SpecialOrdersBoard	leftOrder	Public
0x04001E72	StardewValley.Menus.SpecialOrdersBoard	rightOrder	Public
0x04001E73	StardewValley.Menus.SpecialOrdersBoard	emojiIndices	Public
0x04001E74	StardewValley.Menus.StorageContainer	ItemsToGrabMenu	Public
0x04001E75	StardewValley.Menus.StorageContainer	poof	Private
0x04001E76	StardewValley.Menus.StorageContainer	itemChangeBehavior	Private
0x04001E77	StardewValley.Menus.StrengthGame	power	Private
0x04001E78	StardewValley.Menus.StrengthGame	changeSpeed	Private
0x04001E79	StardewValley.Menus.StrengthGame	endTimer	Private
0x04001E7A	StardewValley.Menus.StrengthGame	transparency	Private
0x04001E7B	StardewValley.Menus.StrengthGame	barColor	Private
0x04001E7C	StardewValley.Menus.StrengthGame	victorySound	Private
0x04001E7D	StardewValley.Menus.StrengthGame	clicked	Private
0x04001E7E	StardewValley.Menus.StrengthGame	showedResult	Private
0x04001E7F	StardewValley.Menus.TailoringMenu	_timeUntilCraft	Family
0x04001E80	StardewValley.Menus.TailoringMenu	region_leftIngredient	Public, Static, Literal, HasDefault
0x04001E81	StardewValley.Menus.TailoringMenu	region_rightIngredient	Public, Static, Literal, HasDefault
0x04001E82	StardewValley.Menus.TailoringMenu	region_startButton	Public, Static, Literal, HasDefault
0x04001E83	StardewValley.Menus.TailoringMenu	region_resultItem	Public, Static, Literal, HasDefault
0x04001E84	StardewValley.Menus.TailoringMenu	needleSprite	Public
0x04001E85	StardewValley.Menus.TailoringMenu	presserSprite	Public
0x04001E86	StardewValley.Menus.TailoringMenu	craftResultDisplay	Public
0x04001E87	StardewValley.Menus.TailoringMenu	needlePosition	Public
0x04001E88	StardewValley.Menus.TailoringMenu	presserPosition	Public
0x04001E89	StardewValley.Menus.TailoringMenu	leftIngredientStartSpot	Public
0x04001E8A	StardewValley.Menus.TailoringMenu	leftIngredientEndSpot	Public
0x04001E8B	StardewValley.Menus.TailoringMenu	_rightItemOffset	Family
0x04001E8C	StardewValley.Menus.TailoringMenu	leftIngredientSpot	Public
0x04001E8D	StardewValley.Menus.TailoringMenu	rightIngredientSpot	Public
0x04001E8E	StardewValley.Menus.TailoringMenu	blankLeftIngredientSpot	Public
0x04001E8F	StardewValley.Menus.TailoringMenu	blankRightIngredientSpot	Public
0x04001E90	StardewValley.Menus.TailoringMenu	startTailoringButton	Public
0x04001E91	StardewValley.Menus.TailoringMenu	region_shirt	Public, Static, Literal, HasDefault
0x04001E92	StardewValley.Menus.TailoringMenu	region_pants	Public, Static, Literal, HasDefault
0x04001E93	StardewValley.Menus.TailoringMenu	region_hat	Public, Static, Literal, HasDefault
0x04001E94	StardewValley.Menus.TailoringMenu	equipmentIcons	Public
0x04001E95	StardewValley.Menus.TailoringMenu	CRAFT_TIME	Public, Static, Literal, HasDefault
0x04001E96	StardewValley.Menus.TailoringMenu	tailoringTextures	Public
0x04001E97	StardewValley.Menus.TailoringMenu	_tailoringRecipes	Public
0x04001E98	StardewValley.Menus.TailoringMenu	_sewingSound	Private
0x04001E99	StardewValley.Menus.TailoringMenu	ItemHighlightCache	Private, InitOnly
0x04001E9A	StardewValley.Menus.TailoringMenu	_shouldPrismaticDye	Family
0x04001E9B	StardewValley.Menus.TailoringMenu	_isDyeCraft	Family
0x04001E9C	StardewValley.Menus.TailoringMenu	_isMultipleResultCraft	Family
0x04001E9D	StardewValley.Menus.TailoringMenu	displayedDescription	Family
0x04001E9E	StardewValley.Menus.TailoringMenu	_craftState	Family
0x04001E9F	StardewValley.Menus.TailoringMenu	questionMarkOffset	Public
0x04001EA0	StardewValley.Menus.TailorRecipeListTool	scrollView	Public
0x04001EA1	StardewValley.Menus.TailorRecipeListTool	recipeComponents	Public
0x04001EA2	StardewValley.Menus.TailorRecipeListTool	okButton	Public
0x04001EA3	StardewValley.Menus.TailorRecipeListTool	scrollY	Public
0x04001EA4	StardewValley.Menus.TailorRecipeListTool	_recipeLookup	Public
0x04001EA5	StardewValley.Menus.TailorRecipeListTool	hoveredItem	Public
0x04001EA6	StardewValley.Menus.TailorRecipeListTool	hoverText	Public
0x04001EA7	StardewValley.Menus.TailorRecipeListTool	_recipeHoverTexts	Public
0x04001EA8	StardewValley.Menus.TailorRecipeListTool	_recipeOutputIds	Public
0x04001EA9	StardewValley.Menus.TailorRecipeListTool	_recipeColors	Public
0x04001EAA	StardewValley.Menus.TextBox	_textBoxTexture	Family
0x04001EAB	StardewValley.Menus.TextBox	_caretTexture	Family
0x04001EAC	StardewValley.Menus.TextBox	_font	Family
0x04001EAD	StardewValley.Menus.TextBox	_textColor	Family
0x04001EAE	StardewValley.Menus.TextBox	<X>k__BackingField	Private
0x04001EAF	StardewValley.Menus.TextBox	<Y>k__BackingField	Private
0x04001EB0	StardewValley.Menus.TextBox	<Width>k__BackingField	Private
0x04001EB1	StardewValley.Menus.TextBox	<Height>k__BackingField	Private
0x04001EB2	StardewValley.Menus.TextBox	<PasswordBox>k__BackingField	Private
0x04001EB3	StardewValley.Menus.TextBox	numbersOnly	Public
0x04001EB4	StardewValley.Menus.TextBox	textLimit	Public
0x04001EB5	StardewValley.Menus.TextBox	limitWidth	Public
0x04001EB6	StardewValley.Menus.TextBox	_text	Private
0x04001EB7	StardewValley.Menus.TextBox	<TitleText>k__BackingField	Private
0x04001EB8	StardewValley.Menus.TextBox	OnEnterPressed	Private
0x04001EB9	StardewValley.Menus.TextBox	OnTabPressed	Private
0x04001EBA	StardewValley.Menus.TextBox	OnBackspacePressed	Private
0x04001EBB	StardewValley.Menus.TextBox	_showKeyboard	Private
0x04001EBC	StardewValley.Menus.TextBox	_selected	Private
0x04001EBD	StardewValley.Menus.TextEntryMenu	borderSpace	Public, Static, Literal, HasDefault
0x04001EBE	StardewValley.Menus.TextEntryMenu	buttonSize	Public, Static, Literal, HasDefault
0x04001EBF	StardewValley.Menus.TextEntryMenu	windowWidth	Public, Static, Literal, HasDefault
0x04001EC0	StardewValley.Menus.TextEntryMenu	windowHeight	Public, Static, Literal, HasDefault
0x04001EC1	StardewValley.Menus.TextEntryMenu	letterMaps	Public
0x04001EC2	StardewValley.Menus.TextEntryMenu	keys	Public
0x04001EC3	StardewValley.Menus.TextEntryMenu	backspaceButton	Public
0x04001EC4	StardewValley.Menus.TextEntryMenu	spaceButton	Public
0x04001EC5	StardewValley.Menus.TextEntryMenu	okButton	Public
0x04001EC6	StardewValley.Menus.TextEntryMenu	upperCaseButton	Public
0x04001EC7	StardewValley.Menus.TextEntryMenu	symbolsButton	Public
0x04001EC8	StardewValley.Menus.TextEntryMenu	_lettersPerRow	Family
0x04001EC9	StardewValley.Menus.TextEntryMenu	_target	Family
0x04001ECA	StardewValley.Menus.TextEntryMenu	_currentKeyboard	Public
0x04001ECB	StardewValley.Menus.TitleMenu	SkipSplashScreens	Public, Static
0x04001ECC	StardewValley.Menus.TitleMenu	region_muteMusic	Public, Static, Literal, HasDefault
0x04001ECD	StardewValley.Menus.TitleMenu	region_windowedButton	Public, Static, Literal, HasDefault
0x04001ECE	StardewValley.Menus.TitleMenu	region_aboutButton	Public, Static, Literal, HasDefault
0x04001ECF	StardewValley.Menus.TitleMenu	region_backButton	Public, Static, Literal, HasDefault
0x04001ED0	StardewValley.Menus.TitleMenu	region_newButton	Public, Static, Literal, HasDefault
0x04001ED1	StardewValley.Menus.TitleMenu	region_loadButton	Public, Static, Literal, HasDefault
0x04001ED2	StardewValley.Menus.TitleMenu	region_coopButton	Public, Static, Literal, HasDefault
0x04001ED3	StardewValley.Menus.TitleMenu	region_exitButton	Public, Static, Literal, HasDefault
0x04001ED4	StardewValley.Menus.TitleMenu	region_languagesButton	Public, Static, Literal, HasDefault
0x04001ED5	StardewValley.Menus.TitleMenu	fadeFromWhiteDuration	Public, Static, Literal, HasDefault
0x04001ED6	StardewValley.Menus.TitleMenu	viewportFinalPosition	Public, Static, Literal, HasDefault
0x04001ED7	StardewValley.Menus.TitleMenu	logoSwipeDuration	Public, Static, Literal, HasDefault
0x04001ED8	StardewValley.Menus.TitleMenu	numberOfButtons	Public, Static, Literal, HasDefault
0x04001ED9	StardewValley.Menus.TitleMenu	spaceBetweenButtons	Public, Static, Literal, HasDefault
0x04001EDA	StardewValley.Menus.TitleMenu	bigCloudDX	Public, Static, Literal, HasDefault
0x04001EDB	StardewValley.Menus.TitleMenu	mediumCloudDX	Public, Static, Literal, HasDefault
0x04001EDC	StardewValley.Menus.TitleMenu	smallCloudDX	Public, Static, Literal, HasDefault
0x04001EDD	StardewValley.Menus.TitleMenu	bgmountainsParallaxSpeed	Public, Static, Literal, HasDefault
0x04001EDE	StardewValley.Menus.TitleMenu	mountainsParallaxSpeed	Public, Static, Literal, HasDefault
0x04001EDF	StardewValley.Menus.TitleMenu	foregroundJungleParallaxSpeed	Public, Static, Literal, HasDefault
0x04001EE0	StardewValley.Menus.TitleMenu	cloudsParallaxSpeed	Public, Static, Literal, HasDefault
0x04001EE1	StardewValley.Menus.TitleMenu	pixelZoom	Public, Static
0x04001EE2	StardewValley.Menus.TitleMenu	titleButtonsTextureName	Public, Static, Literal, HasDefault
0x04001EE3	StardewValley.Menus.TitleMenu	OnCreatedNewCharacter	Private, Static
0x04001EE4	StardewValley.Menus.TitleMenu	menuContent	Public
0x04001EE5	StardewValley.Menus.TitleMenu	cloudsTexture	Public
0x04001EE6	StardewValley.Menus.TitleMenu	titleButtonsTexture	Public
0x04001EE7	StardewValley.Menus.TitleMenu	specialSurprised	Public
0x04001EE8	StardewValley.Menus.TitleMenu	specialSurprisedTimeStamp	Public
0x04001EE9	StardewValley.Menus.TitleMenu	amuzioTexture	Private
0x04001EEA	StardewValley.Menus.TitleMenu	bigClouds	Private
0x04001EEB	StardewValley.Menus.TitleMenu	smallClouds	Private
0x04001EEC	StardewValley.Menus.TitleMenu	tempSprites	Private
0x04001EED	StardewValley.Menus.TitleMenu	behindSignTempSprites	Private
0x04001EEE	StardewValley.Menus.TitleMenu	buttons	Public
0x04001EEF	StardewValley.Menus.TitleMenu	backButton	Public
0x04001EF0	StardewValley.Menus.TitleMenu	muteMusicButton	Public
0x04001EF1	StardewValley.Menus.TitleMenu	aboutButton	Public
0x04001EF2	StardewValley.Menus.TitleMenu	languageButton	Public
0x04001EF3	StardewValley.Menus.TitleMenu	windowedButton	Public
0x04001EF4	StardewValley.Menus.TitleMenu	skipButton	Public
0x04001EF5	StardewValley.Menus.TitleMenu	_movedCursor	Family
0x04001EF6	StardewValley.Menus.TitleMenu	birds	Public
0x04001EF7	StardewValley.Menus.TitleMenu	eRect	Private
0x04001EF8	StardewValley.Menus.TitleMenu	screwRect	Private
0x04001EF9	StardewValley.Menus.TitleMenu	cornerRect	Private
0x04001EFA	StardewValley.Menus.TitleMenu	r_hole_rect	Private
0x04001EFB	StardewValley.Menus.TitleMenu	r_hole_rect2	Private
0x04001EFC	StardewValley.Menus.TitleMenu	leafRects	Private
0x04001EFD	StardewValley.Menus.TitleMenu	_subMenu	Assembly, Static
0x04001EFE	StardewValley.Menus.TitleMenu	startupPreferences	Public, InitOnly
0x04001EFF	StardewValley.Menus.TitleMenu	globalXOffset	Public
0x04001F00	StardewValley.Menus.TitleMenu	viewportY	Public
0x04001F01	StardewValley.Menus.TitleMenu	viewportDY	Public
0x04001F02	StardewValley.Menus.TitleMenu	logoSwipeTimer	Public
0x04001F03	StardewValley.Menus.TitleMenu	globalCloudAlpha	Public
0x04001F04	StardewValley.Menus.TitleMenu	cornerClickEndTimer	Public
0x04001F05	StardewValley.Menus.TitleMenu	cornerClickParrotTimer	Public
0x04001F06	StardewValley.Menus.TitleMenu	cornerClickSoundEffectTimer	Public
0x04001F07	StardewValley.Menus.TitleMenu	hasRoomAnotherFarm	Private
0x04001F08	StardewValley.Menus.TitleMenu	fadeFromWhiteTimer	Public
0x04001F09	StardewValley.Menus.TitleMenu	pauseBeforeViewportRiseTimer	Public
0x04001F0A	StardewValley.Menus.TitleMenu	buttonsToShow	Public
0x04001F0B	StardewValley.Menus.TitleMenu	showButtonsTimer	Public
0x04001F0C	StardewValley.Menus.TitleMenu	logoFadeTimer	Public
0x04001F0D	StardewValley.Menus.TitleMenu	logoSurprisedTimer	Public
0x04001F0E	StardewValley.Menus.TitleMenu	clicksOnE	Public
0x04001F0F	StardewValley.Menus.TitleMenu	clicksOnLeaf	Public
0x04001F10	StardewValley.Menus.TitleMenu	clicksOnScrew	Public
0x04001F11	StardewValley.Menus.TitleMenu	cornerClicks	Public
0x04001F12	StardewValley.Menus.TitleMenu	buttonsDX	Public
0x04001F13	StardewValley.Menus.TitleMenu	titleInPosition	Public
0x04001F14	StardewValley.Menus.TitleMenu	isTransitioningButtons	Public
0x04001F15	StardewValley.Menus.TitleMenu	shades	Public
0x04001F16	StardewValley.Menus.TitleMenu	cornerPhaseHolding	Public
0x04001F17	StardewValley.Menus.TitleMenu	showCornerClickEasterEgg	Public
0x04001F18	StardewValley.Menus.TitleMenu	transitioningCharacterCreationMenu	Public
0x04001F19	StardewValley.Menus.TitleMenu	amuzioTimer	Private
0x04001F1A	StardewValley.Menus.TitleMenu	windowNumber	Assembly, Static
0x04001F1B	StardewValley.Menus.TitleMenu	startupMessage	Public
0x04001F1C	StardewValley.Menus.TitleMenu	startupMessageColor	Public
0x04001F1D	StardewValley.Menus.TitleMenu	debugSaveFileToTry	Public
0x04001F1E	StardewValley.Menus.TitleMenu	bCount	Private
0x04001F1F	StardewValley.Menus.TitleMenu	whichSubMenu	Private
0x04001F20	StardewValley.Menus.TitleMenu	quitTimer	Private
0x04001F21	StardewValley.Menus.TitleMenu	transitioningFromLoadScreen	Private
0x04001F22	StardewValley.Menus.TitleMenu	ticksUntilLanguageLoad	Public, Static
0x04001F23	StardewValley.Menus.TitleMenu	disposedValue	Private
0x04001F24	StardewValley.Menus.TitleTextInputMenu	pasteButton	Public
0x04001F25	StardewValley.Menus.TitleTextInputMenu	region_pasteButton	Public, Static, Literal, HasDefault
0x04001F26	StardewValley.Menus.TitleTextInputMenu	context	Public
0x04001F27	StardewValley.Menus.Toolbar	buttons	Public
0x04001F28	StardewValley.Menus.Toolbar	yPositionOnScreen	Public
0x04001F29	StardewValley.Menus.Toolbar	hoverItem	Public
0x04001F2A	StardewValley.Menus.Toolbar	transparency	Public
0x04001F2B	StardewValley.Menus.Toolbar	hoverDirty	Private
0x04001F2C	StardewValley.Menus.Toolbar	slotText	Public
0x04001F2D	StardewValley.Menus.Toolbar	toolbarTextSource	Public
0x04001F2E	StardewValley.Menus.TooManyFarmsMenu	cWidth	Public, Static, Literal, HasDefault
0x04001F2F	StardewValley.Menus.TooManyFarmsMenu	cHeight	Public, Static, Literal, HasDefault
0x04001F30	StardewValley.Menus.TutorialMenu	constructionTab	Public, Static, Literal, HasDefault
0x04001F31	StardewValley.Menus.TutorialMenu	friendshipTab	Public, Static, Literal, HasDefault
0x04001F32	StardewValley.Menus.TutorialMenu	townTab	Public, Static, Literal, HasDefault
0x04001F33	StardewValley.Menus.TutorialMenu	animalsTab	Public, Static, Literal, HasDefault
0x04001F34	StardewValley.Menus.TutorialMenu	currentTab	Private
0x04001F35	StardewValley.Menus.TutorialMenu	topics	Private
0x04001F36	StardewValley.Menus.TutorialMenu	backButton	Private
0x04001F37	StardewValley.Menus.TutorialMenu	okButton	Private
0x04001F38	StardewValley.Menus.TutorialMenu	icons	Private
0x04001F39	StardewValley.Menus.WheelSpinGame	width	Public, Static, Literal, HasDefault
0x04001F3A	StardewValley.Menus.WheelSpinGame	height	Public, Static, Literal, HasDefault
0x04001F3B	StardewValley.Menus.WheelSpinGame	arrowRotation	Public
0x04001F3C	StardewValley.Menus.WheelSpinGame	arrowRotationVelocity	Public
0x04001F3D	StardewValley.Menus.WheelSpinGame	arrowRotationDeceleration	Public
0x04001F3E	StardewValley.Menus.WheelSpinGame	timerBeforeStart	Private
0x04001F3F	StardewValley.Menus.WheelSpinGame	wager	Private
0x04001F40	StardewValley.Menus.WheelSpinGame	resultText	Private
0x04001F41	StardewValley.Menus.WheelSpinGame	doneSpinning	Private
0x04001F42	StardewValley.Logging.CheatCommandChatLogger	ChatBox	Private, InitOnly
0x04001F43	StardewValley.Logging.DefaultLogger	MessageBuilder	Private, InitOnly
0x04001F44	StardewValley.Logging.DefaultLogger	_LogPath	Private
0x04001F45	StardewValley.Logging.DefaultLogger	StartedLogFile	Private
0x04001F46	StardewValley.Logging.DefaultLogger	<ShouldWriteToConsole>k__BackingField	Private, InitOnly
0x04001F47	StardewValley.Logging.DefaultLogger	<ShouldWriteToLogFile>k__BackingField	Private, InitOnly
0x04001F48	StardewValley.Locations.AbandonedJojaMart	restoreAreaCutsceneEvent	Private, InitOnly
0x04001F49	StardewValley.Locations.AbandonedJojaMart	bundleMutex	Public
0x04001F4A	StardewValley.Locations.AdventureGuild	Gil	Public
0x04001F4B	StardewValley.Locations.AdventureGuild	talkedToGil	Public
0x04001F4C	StardewValley.Locations.BathHousePool	steamZoom	Public, Static, Literal, HasDefault
0x04001F4D	StardewValley.Locations.BathHousePool	steamYMotionPerMillisecond	Public, Static, Literal, HasDefault
0x04001F4E	StardewValley.Locations.BathHousePool	steamAnimation	Private
0x04001F4F	StardewValley.Locations.BathHousePool	swimShadow	Private
0x04001F50	StardewValley.Locations.BathHousePool	steamPosition	Private
0x04001F51	StardewValley.Locations.BathHousePool	steamYOffset	Private
0x04001F52	StardewValley.Locations.BathHousePool	swimShadowTimer	Private
0x04001F53	StardewValley.Locations.BathHousePool	swimShadowFrame	Private
0x04001F54	StardewValley.Locations.Beach	oldMariner	Private
0x04001F55	StardewValley.Locations.Beach	bridgeFixed	Public, InitOnly
0x04001F56	StardewValley.Locations.Beach	derbyMutex	Public
0x04001F57	StardewValley.Locations.Beach	hasShownCCUpgrade	Private
0x04001F58	StardewValley.Locations.BeachNightMarket	shopClosedTexture	Private
0x04001F59	StardewValley.Locations.BeachNightMarket	smokeTimer	Private
0x04001F5A	StardewValley.Locations.BeachNightMarket	paintingMailKey	Private
0x04001F5B	StardewValley.Locations.BeachNightMarket	hasReceivedFreeGift	Private
0x04001F5C	StardewValley.Locations.BeachNightMarket	hasShownCCUpgrade	Private
0x04001F5D	StardewValley.Locations.BoatTunnel	boatTexture	Private
0x04001F5E	StardewValley.Locations.BoatTunnel	boatPosition	Private
0x04001F5F	StardewValley.Locations.BoatTunnel	gateRect	Public
0x04001F60	StardewValley.Locations.BoatTunnel	_gateFrame	Family
0x04001F61	StardewValley.Locations.BoatTunnel	_gateDirection	Family
0x04001F62	StardewValley.Locations.BoatTunnel	_gateFrameTimer	Family
0x04001F63	StardewValley.Locations.BoatTunnel	GATE_SECONDS_PER_FRAME	Public, Static, Literal, HasDefault
0x04001F64	StardewValley.Locations.BoatTunnel	GATE_FRAMES	Public, Static, Literal, HasDefault
0x04001F65	StardewValley.Locations.BoatTunnel	_boatOffset	Family
0x04001F66	StardewValley.Locations.BoatTunnel	_boatDirection	Family
0x04001F67	StardewValley.Locations.BoatTunnel	PLANK_MAX_OFFSET	Public, Static, Literal, HasDefault
0x04001F68	StardewValley.Locations.BoatTunnel	_plankPosition	Public
0x04001F69	StardewValley.Locations.BoatTunnel	_plankDirection	Public
0x04001F6A	StardewValley.Locations.BoatTunnel	_farmerActor	Family
0x04001F6B	StardewValley.Locations.BoatTunnel	_boatEvent	Family
0x04001F6C	StardewValley.Locations.BoatTunnel	_playerPathing	Family
0x04001F6D	StardewValley.Locations.BoatTunnel	nonBlockingPause	Family
0x04001F6E	StardewValley.Locations.BoatTunnel	_nextBubble	Family
0x04001F6F	StardewValley.Locations.BoatTunnel	_nextSlosh	Family
0x04001F70	StardewValley.Locations.BoatTunnel	_nextSmoke	Family
0x04001F71	StardewValley.Locations.BoatTunnel	_plankShake	Family
0x04001F72	StardewValley.Locations.BoatTunnel	forceWarpTimer	Family
0x04001F73	StardewValley.Locations.BoatTunnel	_boatAnimating	Family
0x04001F74	StardewValley.Locations.BoatTunnel	animationState	Public
0x04001F75	StardewValley.Locations.BoatTunnel	<TicketPrice>k__BackingField	Private
0x04001F76	StardewValley.Locations.BugLand	hasSpawnedBugsToday	Public
0x04001F77	StardewValley.Locations.BusStop	busDefaultXTile	Public, Static, Literal, HasDefault
0x04001F78	StardewValley.Locations.BusStop	busDefaultYTile	Public, Static, Literal, HasDefault
0x04001F79	StardewValley.Locations.BusStop	<TicketPrice>k__BackingField	Private
0x04001F7A	StardewValley.Locations.BusStop	minecartSteam	Private
0x04001F7B	StardewValley.Locations.BusStop	busDoor	Private
0x04001F7C	StardewValley.Locations.BusStop	busPosition	Public
0x04001F7D	StardewValley.Locations.BusStop	busMotion	Public
0x04001F7E	StardewValley.Locations.BusStop	drivingOff	Public
0x04001F7F	StardewValley.Locations.BusStop	drivingBack	Public
0x04001F80	StardewValley.Locations.BusStop	leaving	Public
0x04001F81	StardewValley.Locations.BusStop	forceWarpTimer	Private
0x04001F82	StardewValley.Locations.BusStop	busSource	Private
0x04001F83	StardewValley.Locations.BusStop	pamSource	Private
0x04001F84	StardewValley.Locations.BusStop	pamOffset	Private
0x04001F85	StardewValley.Locations.Cabin	obsolete_farmhand	Public
0x04001F86	StardewValley.Locations.Cabin	farmhandReference	Public, InitOnly
0x04001F87	StardewValley.Locations.Cabin	inventoryMutex	Public, InitOnly
0x04001F88	StardewValley.Locations.Caldera	mapBaseTilesheet	Public
0x04001F89	StardewValley.Locations.Caldera	visited	Public
0x04001F8A	StardewValley.Locations.Club	timesPlayedCalicoJack	Public, Static
0x04001F8B	StardewValley.Locations.Club	timesPlayedSlots	Public, Static
0x04001F8C	StardewValley.Locations.Club	coinBuffer	Private
0x04001F8D	StardewValley.Locations.CommunityCenter	AREA_Pantry	Public, Static, Literal, HasDefault
0x04001F8E	StardewValley.Locations.CommunityCenter	AREA_FishTank	Public, Static, Literal, HasDefault
0x04001F8F	StardewValley.Locations.CommunityCenter	AREA_CraftsRoom	Public, Static, Literal, HasDefault
0x04001F90	StardewValley.Locations.CommunityCenter	AREA_BoilerRoom	Public, Static, Literal, HasDefault
0x04001F91	StardewValley.Locations.CommunityCenter	AREA_Vault	Public, Static, Literal, HasDefault
0x04001F92	StardewValley.Locations.CommunityCenter	AREA_Bulletin	Public, Static, Literal, HasDefault
0x04001F93	StardewValley.Locations.CommunityCenter	AREA_AbandonedJojaMart	Public, Static, Literal, HasDefault
0x04001F94	StardewValley.Locations.CommunityCenter	AREA_Bulletin2	Public, Static, Literal, HasDefault
0x04001F95	StardewValley.Locations.CommunityCenter	AREA_JunimoHut	Public, Static, Literal, HasDefault
0x04001F96	StardewValley.Locations.CommunityCenter	warehouse	Private, InitOnly
0x04001F97	StardewValley.Locations.CommunityCenter	bundleMutexes	Public
0x04001F98	StardewValley.Locations.CommunityCenter	areasComplete	Public, InitOnly
0x04001F99	StardewValley.Locations.CommunityCenter	numberOfStarsOnPlaque	Public, InitOnly
0x04001F9A	StardewValley.Locations.CommunityCenter	newJunimoNoteCheckEvent	Private, InitOnly
0x04001F9B	StardewValley.Locations.CommunityCenter	restoreAreaCutsceneEvent	Private, InitOnly
0x04001F9C	StardewValley.Locations.CommunityCenter	areaCompleteRewardEvent	Private, InitOnly
0x04001F9D	StardewValley.Locations.CommunityCenter	messageAlpha	Private
0x04001F9E	StardewValley.Locations.CommunityCenter	junimoNotesViewportTargets	Private
0x04001F9F	StardewValley.Locations.CommunityCenter	areaToBundleDictionary	Private
0x04001FA0	StardewValley.Locations.CommunityCenter	bundleToAreaDictionary	Private
0x04001FA1	StardewValley.Locations.CommunityCenter	bundlesIngredientsInfo	Private
0x04001FA2	StardewValley.Locations.CommunityCenter	_isWatchingJunimoGoodbye	Private
0x04001FA3	StardewValley.Locations.CommunityCenter	missedRewardsChestTile	Private
0x04001FA4	StardewValley.Locations.CommunityCenter	missedRewardsTileSheetId	Private, Static, Literal, HasDefault
0x04001FA5	StardewValley.Locations.CommunityCenter	missedRewardsChest	Public, InitOnly
0x04001FA6	StardewValley.Locations.CommunityCenter	missedRewardsChestVisible	Public, InitOnly
0x04001FA7	StardewValley.Locations.CommunityCenter	showMissedRewardsChestEvent	Public, InitOnly
0x04001FA8	StardewValley.Locations.CommunityCenter	PHASE_firstPause	Public, Static, Literal, HasDefault
0x04001FA9	StardewValley.Locations.CommunityCenter	PHASE_junimoAppear	Public, Static, Literal, HasDefault
0x04001FAA	StardewValley.Locations.CommunityCenter	PHASE_junimoDance	Public, Static, Literal, HasDefault
0x04001FAB	StardewValley.Locations.CommunityCenter	PHASE_restore	Public, Static, Literal, HasDefault
0x04001FAC	StardewValley.Locations.CommunityCenter	restoreAreaTimer	Private
0x04001FAD	StardewValley.Locations.CommunityCenter	restoreAreaPhase	Private
0x04001FAE	StardewValley.Locations.CommunityCenter	restoreAreaIndex	Private
0x04001FAF	StardewValley.Locations.CommunityCenter	buildUpSound	Private
0x04001FB0	StardewValley.Locations.DecorationFacade	Field	Public, InitOnly
0x04001FB1	StardewValley.Locations.DecorationFacade	OnChange	Private
0x04001FB2	StardewValley.Locations.DecorationFacade	pendingChanges	Private
0x04001FB3	StardewValley.Locations.DecorationFacade	warnedDeprecated	Public, Static
0x04001FB4	StardewValley.Locations.DecoratableLocation	wallPaper	Public, InitOnly
0x04001FB5	StardewValley.Locations.DecoratableLocation	wallpaperIDs	Public, InitOnly
0x04001FB6	StardewValley.Locations.DecoratableLocation	appliedWallpaper	Public, InitOnly
0x04001FB7	StardewValley.Locations.DecoratableLocation	wallpaperTiles	Public, InitOnly
0x04001FB8	StardewValley.Locations.DecoratableLocation	floor	Public, InitOnly
0x04001FB9	StardewValley.Locations.DecoratableLocation	floorIDs	Public, InitOnly
0x04001FBA	StardewValley.Locations.DecoratableLocation	appliedFloor	Public, InitOnly
0x04001FBB	StardewValley.Locations.DecoratableLocation	floorTiles	Public, InitOnly
0x04001FBC	StardewValley.Locations.DecoratableLocation	_wallAndFloorTileSheets	Family
0x04001FBD	StardewValley.Locations.DecoratableLocation	_wallAndFloorTileSheetMap	Family
0x04001FBE	StardewValley.Locations.DecoratableLocation	LogTroubleshootingInfo	Public, Static
0x04001FBF	StardewValley.Locations.Desert	busDefaultXTile	Public, Static, Literal, HasDefault
0x04001FC0	StardewValley.Locations.Desert	busDefaultYTile	Public, Static, Literal, HasDefault
0x04001FC1	StardewValley.Locations.Desert	busDoor	Private
0x04001FC2	StardewValley.Locations.Desert	busPosition	Private
0x04001FC3	StardewValley.Locations.Desert	busMotion	Private
0x04001FC4	StardewValley.Locations.Desert	drivingOff	Public
0x04001FC5	StardewValley.Locations.Desert	drivingBack	Public
0x04001FC6	StardewValley.Locations.Desert	leaving	Public
0x04001FC7	StardewValley.Locations.Desert	chimneyTimer	Private
0x04001FC8	StardewValley.Locations.Desert	desertMerchantBounds	Private
0x04001FC9	StardewValley.Locations.Desert	warpedToDesert	Public, Static
0x04001FCA	StardewValley.Locations.Desert	busSource	Private
0x04001FCB	StardewValley.Locations.Desert	pamSource	Private
0x04001FCC	StardewValley.Locations.Desert	transparentWindowSource	Private
0x04001FCD	StardewValley.Locations.Desert	pamOffset	Private
0x04001FCE	StardewValley.Locations.DesertFestival	CALICO_STATUE_GHOST_INVASION	Public, Static, Literal, HasDefault
0x04001FCF	StardewValley.Locations.DesertFestival	CALICO_STATUE_SERPENT_INVASION	Public, Static, Literal, HasDefault
0x04001FD0	StardewValley.Locations.DesertFestival	CALICO_STATUE_SKELETON_INVASION	Public, Static, Literal, HasDefault
0x04001FD1	StardewValley.Locations.DesertFestival	CALICO_STATUE_BAT_INVASION	Public, Static, Literal, HasDefault
0x04001FD2	StardewValley.Locations.DesertFestival	CALICO_STATUE_ASSASSIN_BUGS	Public, Static, Literal, HasDefault
0x04001FD3	StardewValley.Locations.DesertFestival	CALICO_STATUE_THIN_SHELLS	Public, Static, Literal, HasDefault
0x04001FD4	StardewValley.Locations.DesertFestival	CALICO_STATUE_MEAGER_MEALS	Public, Static, Literal, HasDefault
0x04001FD5	StardewValley.Locations.DesertFestival	CALICO_STATUE_MONSTER_SURGE	Public, Static, Literal, HasDefault
0x04001FD6	StardewValley.Locations.DesertFestival	CALICO_STATUE_SHARP_TEETH	Public, Static, Literal, HasDefault
0x04001FD7	StardewValley.Locations.DesertFestival	CALICO_STATUE_MUMMY_CURSE	Public, Static, Literal, HasDefault
0x04001FD8	StardewValley.Locations.DesertFestival	CALICO_STATUE_SPEED_BOOST	Public, Static, Literal, HasDefault
0x04001FD9	StardewValley.Locations.DesertFestival	CALICO_STATUE_REFRESH	Public, Static, Literal, HasDefault
0x04001FDA	StardewValley.Locations.DesertFestival	CALICO_STATUE_50_EGG_TREASURE	Public, Static, Literal, HasDefault
0x04001FDB	StardewValley.Locations.DesertFestival	CALICO_STATUE_NO_EFFECT	Public, Static, Literal, HasDefault
0x04001FDC	StardewValley.Locations.DesertFestival	CALICO_STATUE_TOOTH_FILE	Public, Static, Literal, HasDefault
0x04001FDD	StardewValley.Locations.DesertFestival	CALICO_STATUE_25_EGG_TREASURE	Public, Static, Literal, HasDefault
0x04001FDE	StardewValley.Locations.DesertFestival	CALICO_STATUE_10_EGG_TREASURE	Public, Static, Literal, HasDefault
0x04001FDF	StardewValley.Locations.DesertFestival	CALICO_STATUE_100_EGG_TREASURE	Public, Static, Literal, HasDefault
0x04001FE0	StardewValley.Locations.DesertFestival	CalicoStatueInvasionIds	Public, Static, InitOnly
0x04001FE1	StardewValley.Locations.DesertFestival	NUM_SCHOLAR_QUESTIONS	Public, Static, Literal, HasDefault
0x04001FE2	StardewValley.Locations.DesertFestival	FISHING_QUEST_ID	Public, Static, Literal, HasDefault
0x04001FE3	StardewValley.Locations.DesertFestival	_cactusGuyRevealItem	Family
0x04001FE4	StardewValley.Locations.DesertFestival	_cactusGuyRevealTimer	Family
0x04001FE5	StardewValley.Locations.DesertFestival	_cactusShakeTimer	Family
0x04001FE6	StardewValley.Locations.DesertFestival	_currentlyShownCactusID	Family
0x04001FE7	StardewValley.Locations.DesertFestival	_revealCactusEvent	Family
0x04001FE8	StardewValley.Locations.DesertFestival	_hideCactusEvent	Family
0x04001FE9	StardewValley.Locations.DesertFestival	eggMoneyDial	Family
0x04001FEA	StardewValley.Locations.DesertFestival	netRacers	Public
0x04001FEB	StardewValley.Locations.DesertFestival	_localRacers	Family
0x04001FEC	StardewValley.Locations.DesertFestival	festivalChimneyTimer	Family
0x04001FED	StardewValley.Locations.DesertFestival	finishedRacers	Public
0x04001FEE	StardewValley.Locations.DesertFestival	racerCount	Public
0x04001FEF	StardewValley.Locations.DesertFestival	totalRacers	Public
0x04001FF0	StardewValley.Locations.DesertFestival	announceRaceEvent	Public
0x04001FF1	StardewValley.Locations.DesertFestival	currentRaceState	Public
0x04001FF2	StardewValley.Locations.DesertFestival	sabotages	Public
0x04001FF3	StardewValley.Locations.DesertFestival	raceGuesses	Public
0x04001FF4	StardewValley.Locations.DesertFestival	nextRaceGuesses	Public
0x04001FF5	StardewValley.Locations.DesertFestival	specialRewardsCollected	Public
0x04001FF6	StardewValley.Locations.DesertFestival	rewardsToCollect	Public
0x04001FF7	StardewValley.Locations.DesertFestival	lastRaceWinner	Public
0x04001FF8	StardewValley.Locations.DesertFestival	_raceStateTimer	Family
0x04001FF9	StardewValley.Locations.DesertFestival	_raceText	Family
0x04001FFA	StardewValley.Locations.DesertFestival	_raceTextTimer	Family
0x04001FFB	StardewValley.Locations.DesertFestival	_raceTextShake	Family
0x04001FFC	StardewValley.Locations.DesertFestival	_localSabotageText	Family
0x04001FFD	StardewValley.Locations.DesertFestival	_currentScholarQuestion	Family
0x04001FFE	StardewValley.Locations.DesertFestival	_cookIngredient	Family
0x04001FFF	StardewValley.Locations.DesertFestival	_cookSauce	Family
0x04002000	StardewValley.Locations.DesertFestival	raceTrack	Public
0x04002001	StardewValley.Locations.DesertFestival	checkedMineExplanation	Private
0x04002002	StardewValley.Locations.Racer	<NetFields>k__BackingField	Private, InitOnly
0x04002003	StardewValley.Locations.Racer	moving	Public
0x04002004	StardewValley.Locations.Racer	lastPosition	Public
0x04002005	StardewValley.Locations.Racer	position	Public
0x04002006	StardewValley.Locations.Racer	direction	Public
0x04002007	StardewValley.Locations.Racer	horizontalPosition	Public
0x04002008	StardewValley.Locations.Racer	currentTrackIndex	Public
0x04002009	StardewValley.Locations.Racer	segmentStart	Public
0x0400200A	StardewValley.Locations.Racer	segmentEnd	Public
0x0400200B	StardewValley.Locations.Racer	jumpSegmentStart	Public
0x0400200C	StardewValley.Locations.Racer	jumpSegmentEnd	Public
0x0400200D	StardewValley.Locations.Racer	jumping	Public
0x0400200E	StardewValley.Locations.Racer	tripping	Public
0x0400200F	StardewValley.Locations.Racer	drawAboveMap	Public
0x04002010	StardewValley.Locations.Racer	moveSpeed	Public
0x04002011	StardewValley.Locations.Racer	minMoveSpeed	Public
0x04002012	StardewValley.Locations.Racer	maxMoveSpeed	Public
0x04002013	StardewValley.Locations.Racer	height	Public
0x04002014	StardewValley.Locations.Racer	tripTimer	Public
0x04002015	StardewValley.Locations.Racer	racerIndex	Public
0x04002016	StardewValley.Locations.Racer	_texture	Family
0x04002017	StardewValley.Locations.Racer	frame	Public
0x04002018	StardewValley.Locations.Racer	nextFrameSwap	Public
0x04002019	StardewValley.Locations.Racer	burstDuration	Public
0x0400201A	StardewValley.Locations.Racer	nextBurst	Public
0x0400201B	StardewValley.Locations.Racer	extraLuck	Public
0x0400201C	StardewValley.Locations.Racer	gravity	Public
0x0400201D	StardewValley.Locations.Racer	_tripLeaps	Public
0x0400201E	StardewValley.Locations.Racer	progress	Public
0x0400201F	StardewValley.Locations.Racer	sabotages	Public
0x04002020	StardewValley.Locations.FarmHouse	fridge	Public, InitOnly
0x04002021	StardewValley.Locations.FarmHouse	synchronizedDisplayedLevel	Public, InitOnly
0x04002022	StardewValley.Locations.FarmHouse	fridgePosition	Public
0x04002023	StardewValley.Locations.FarmHouse	spouseRoomSpot	Public
0x04002024	StardewValley.Locations.FarmHouse	lastSpouseRoom	Private
0x04002025	StardewValley.Locations.FarmHouse	mapLoader	Private
0x04002026	StardewValley.Locations.FarmHouse	cellarWarps	Public
0x04002027	StardewValley.Locations.FarmHouse	cribStyle	Public, InitOnly
0x04002028	StardewValley.Locations.FarmHouse	previousUpgradeLevel	Public
0x04002029	StardewValley.Locations.FarmHouse	currentlyDisplayedUpgradeLevel	Private
0x0400202A	StardewValley.Locations.FarmHouse	displayingSpouseRoom	Private
0x0400202B	StardewValley.Locations.FarmHouse	nightLightingColor	Private
0x0400202C	StardewValley.Locations.FarmHouse	rainLightingColor	Private
0x0400202D	StardewValley.Locations.Forest	raccoonStumpCheckFlag	Public, Static, Literal, HasDefault
0x0400202E	StardewValley.Locations.Forest	raccoontreeFlag	Public, Static, Literal, HasDefault
0x0400202F	StardewValley.Locations.Forest	MarnieLivestockArea	Public
0x04002030	StardewValley.Locations.Forest	marniesLivestock	Public, InitOnly
0x04002031	StardewValley.Locations.Forest	travelingMerchantBounds	Public, InitOnly
0x04002032	StardewValley.Locations.Forest	netTravelingMerchantDay	Public, InitOnly
0x04002033	StardewValley.Locations.Forest	obsolete_log	Public
0x04002034	StardewValley.Locations.Forest	stumpFixed	Public, InitOnly
0x04002035	StardewValley.Locations.Forest	derbyMutex	Public
0x04002036	StardewValley.Locations.Forest	numRaccoonBabies	Private
0x04002037	StardewValley.Locations.Forest	chimneyTimer	Private
0x04002038	StardewValley.Locations.Forest	hasShownCCUpgrade	Private
0x04002039	StardewValley.Locations.Forest	hatterSource	Private
0x0400203A	StardewValley.Locations.Forest	hatterPos	Private
0x0400203B	StardewValley.Locations.IslandEast	_parrots	Family
0x0400203C	StardewValley.Locations.IslandEast	_parrotTextures	Family
0x0400203D	StardewValley.Locations.IslandEast	bananaShrineEvent	Family
0x0400203E	StardewValley.Locations.IslandEast	bananaShrineComplete	Public
0x0400203F	StardewValley.Locations.IslandEast	bananaShrineNutAwarded	Public
0x04002040	StardewValley.Locations.IslandFarmCave	gourmand	Public
0x04002041	StardewValley.Locations.IslandFarmCave	gourmandRequestsFulfilled	Public
0x04002042	StardewValley.Locations.IslandFarmCave	requestGourmandCheckEvent	Public
0x04002043	StardewValley.Locations.IslandFarmCave	gourmandResponseEvent	Public
0x04002044	StardewValley.Locations.IslandFarmCave	triggeredGourmand	Public
0x04002045	StardewValley.Locations.IslandFarmCave	TOTAL_GOURMAND_REQUESTS	Public, Static
0x04002046	StardewValley.Locations.IslandFarmCave	gourmandMutex	Private
0x04002047	StardewValley.Locations.IslandFarmCave	smokeTexture	Private
0x04002048	StardewValley.Locations.IslandFarmCave	smokeTimer	Private
0x04002049	StardewValley.Locations.IslandFarmHouse	fridge	Public, InitOnly
0x0400204A	StardewValley.Locations.IslandFarmHouse	fridgePosition	Public
0x0400204B	StardewValley.Locations.IslandFarmHouse	visited	Public
0x0400204C	StardewValley.Locations.IslandFarmHouse	nightLightingColor	Private
0x0400204D	StardewValley.Locations.IslandFarmHouse	rainLightingColor	Private
0x0400204E	StardewValley.Locations.IslandFieldOffice	totalPieces	Public, Static, Literal, HasDefault
0x0400204F	StardewValley.Locations.IslandFieldOffice	piece_Skeleton_Back_Leg	Public, Static, Literal, HasDefault
0x04002050	StardewValley.Locations.IslandFieldOffice	piece_Skeleton_Ribs	Public, Static, Literal, HasDefault
0x04002051	StardewValley.Locations.IslandFieldOffice	piece_Skeleton_Front_Leg	Public, Static, Literal, HasDefault
0x04002052	StardewValley.Locations.IslandFieldOffice	piece_Skeleton_Tail	Public, Static, Literal, HasDefault
0x04002053	StardewValley.Locations.IslandFieldOffice	piece_Skeleton_Spine	Public, Static, Literal, HasDefault
0x04002054	StardewValley.Locations.IslandFieldOffice	piece_Skeleton_Skull	Public, Static, Literal, HasDefault
0x04002055	StardewValley.Locations.IslandFieldOffice	piece_Snake_Tail	Public, Static, Literal, HasDefault
0x04002056	StardewValley.Locations.IslandFieldOffice	piece_Snake_Spine	Public, Static, Literal, HasDefault
0x04002057	StardewValley.Locations.IslandFieldOffice	piece_Snake_Skull	Public, Static, Literal, HasDefault
0x04002058	StardewValley.Locations.IslandFieldOffice	piece_Bat	Public, Static, Literal, HasDefault
0x04002059	StardewValley.Locations.IslandFieldOffice	piece_Frog	Public, Static, Literal, HasDefault
0x0400205A	StardewValley.Locations.IslandFieldOffice	uncollectedRewards	Public
0x0400205B	StardewValley.Locations.IslandFieldOffice	safariGuyMutex	Public
0x0400205C	StardewValley.Locations.IslandFieldOffice	safariGuy	Private
0x0400205D	StardewValley.Locations.IslandFieldOffice	piecesDonated	Public
0x0400205E	StardewValley.Locations.IslandFieldOffice	centerSkeletonRestored	Public, InitOnly
0x0400205F	StardewValley.Locations.IslandFieldOffice	snakeRestored	Public, InitOnly
0x04002060	StardewValley.Locations.IslandFieldOffice	batRestored	Public, InitOnly
0x04002061	StardewValley.Locations.IslandFieldOffice	frogRestored	Public, InitOnly
0x04002062	StardewValley.Locations.IslandFieldOffice	plantsRestoredLeft	Public, InitOnly
0x04002063	StardewValley.Locations.IslandFieldOffice	plantsRestoredRight	Public, InitOnly
0x04002064	StardewValley.Locations.IslandFieldOffice	hasFailedSurveyToday	Public, InitOnly
0x04002065	StardewValley.Locations.IslandFieldOffice	_shouldTriggerFinalCutscene	Private
0x04002066	StardewValley.Locations.IslandFieldOffice	speakerTimer	Private
0x04002067	StardewValley.Locations.IslandForestLocation	_ambientLightColor	Family
0x04002068	StardewValley.Locations.IslandForestLocation	_wisps	Private
0x04002069	StardewValley.Locations.IslandForestLocation	weatherDebris	Private
0x0400206A	StardewValley.Locations.IslandForestLocation	_rayTexture	Family
0x0400206B	StardewValley.Locations.IslandForestLocation	_raySeed	Family
0x0400206C	StardewValley.Locations.Wisp	position	Public
0x0400206D	StardewValley.Locations.Wisp	drawPosition	Public
0x0400206E	StardewValley.Locations.Wisp	oldPositions	Public
0x0400206F	StardewValley.Locations.Wisp	oldPositionIndex	Public
0x04002070	StardewValley.Locations.Wisp	index	Public
0x04002071	StardewValley.Locations.Wisp	tailUpdateTimer	Public
0x04002072	StardewValley.Locations.Wisp	rotationSpeed	Public
0x04002073	StardewValley.Locations.Wisp	rotationOffset	Public
0x04002074	StardewValley.Locations.Wisp	rotationRadius	Public
0x04002075	StardewValley.Locations.Wisp	age	Public
0x04002076	StardewValley.Locations.Wisp	lifeTime	Public
0x04002077	StardewValley.Locations.Wisp	baseColor	Public
0x04002078	StardewValley.Locations.IslandHut	treeNutObtained	Public
0x04002079	StardewValley.Locations.IslandHut	hitTreeEvent	Public
0x0400207A	StardewValley.Locations.IslandHut	parrotBoyEvent	Public
0x0400207B	StardewValley.Locations.IslandHut	treeHitLocal	Public
0x0400207C	StardewValley.Locations.IslandHut	firstParrotDone	Public, InitOnly
0x0400207D	StardewValley.Locations.IslandHut	hintDialogues	Public
0x0400207E	StardewValley.Locations.IslandHut	hintForToday	Public
0x0400207F	StardewValley.Locations.IslandHut	hintShowTime	Public
0x04002080	StardewValley.Locations.IslandHut	hintShakeTime	Public
0x04002081	StardewValley.Locations.IslandLocation	TOTAL_WALNUTS	Public, Static, Literal, HasDefault
0x04002082	StardewValley.Locations.IslandLocation	parrotPlatforms	Public
0x04002083	StardewValley.Locations.IslandLocation	parrotUpgradePerches	Public
0x04002084	StardewValley.Locations.IslandLocation	buriedNutPoints	Public
0x04002085	StardewValley.Locations.IslandLocation	locationGemBird	Public
0x04002086	StardewValley.Locations.IslandLocation	_dayParallaxTexture	Family
0x04002087	StardewValley.Locations.IslandLocation	_nightParallaxTexture	Family
0x04002088	StardewValley.Locations.IslandLocation	underwaterSprites	Family
0x04002089	StardewValley.Locations.IslandNorth	bridgeFixed	Public, InitOnly
0x0400208A	StardewValley.Locations.IslandNorth	traderActivated	Public, InitOnly
0x0400208B	StardewValley.Locations.IslandNorth	caveOpened	Public, InitOnly
0x0400208C	StardewValley.Locations.IslandNorth	treeNutShot	Public, InitOnly
0x0400208D	StardewValley.Locations.IslandNorth	suspensionBridges	Public
0x0400208E	StardewValley.Locations.IslandNorth	_sawFlameSpriteSouth	Family
0x0400208F	StardewValley.Locations.IslandNorth	_sawFlameSpriteNorth	Family
0x04002090	StardewValley.Locations.IslandNorth	hasTriedFirstEntryDigSiteLoad	Family
0x04002091	StardewValley.Locations.IslandNorth	boulderKnockTimer	Private
0x04002092	StardewValley.Locations.IslandNorth	boulderTextTimer	Private
0x04002093	StardewValley.Locations.IslandNorth	boulderTextString	Private
0x04002094	StardewValley.Locations.IslandNorth	boulderKnocksLeft	Private
0x04002095	StardewValley.Locations.IslandNorth	boulderPosition	Private
0x04002096	StardewValley.Locations.IslandNorth	doneHittingBoulderWithToolTimer	Private
0x04002097	StardewValley.Locations.IslandSecret	suspensionBridges	Public
0x04002098	StardewValley.Locations.IslandSecret	addedSlimesToday	Private, InitOnly
0x04002099	StardewValley.Locations.IslandShrine	northPedestal	Public
0x0400209A	StardewValley.Locations.IslandShrine	southPedestal	Public
0x0400209B	StardewValley.Locations.IslandShrine	eastPedestal	Public
0x0400209C	StardewValley.Locations.IslandShrine	westPedestal	Public
0x0400209D	StardewValley.Locations.IslandShrine	puzzleFinishedEvent	Public
0x0400209E	StardewValley.Locations.IslandShrine	puzzleFinished	Public
0x0400209F	StardewValley.Locations.IslandSouth	_boatDirection	Family
0x040020A0	StardewValley.Locations.IslandSouth	boatTexture	Public
0x040020A1	StardewValley.Locations.IslandSouth	boatPosition	Public
0x040020A2	StardewValley.Locations.IslandSouth	_boatOffset	Family
0x040020A3	StardewValley.Locations.IslandSouth	_nextBubble	Family
0x040020A4	StardewValley.Locations.IslandSouth	_nextSlosh	Family
0x040020A5	StardewValley.Locations.IslandSouth	_nextSmoke	Family
0x040020A6	StardewValley.Locations.IslandSouth	boatLight	Public
0x040020A7	StardewValley.Locations.IslandSouth	boatStringLight	Public
0x040020A8	StardewValley.Locations.IslandSouth	shouldToggleResort	Public, InitOnly
0x040020A9	StardewValley.Locations.IslandSouth	resortOpenToday	Public, InitOnly
0x040020AA	StardewValley.Locations.IslandSouth	resortRestored	Public, InitOnly
0x040020AB	StardewValley.Locations.IslandSouth	westernTurtleMoved	Public, InitOnly
0x040020AC	StardewValley.Locations.IslandSouth	_parrotBoyHiding	Family
0x040020AD	StardewValley.Locations.IslandSouth	_isFirstVisit	Family
0x040020AE	StardewValley.Locations.IslandSouth	_exitsBlocked	Family
0x040020AF	StardewValley.Locations.IslandSouth	_sawFlameSprite	Family
0x040020B0	StardewValley.Locations.IslandSouth	moveTurtleEvent	Public
0x040020B1	StardewValley.Locations.IslandSouth	turtle1Spot	Private
0x040020B2	StardewValley.Locations.IslandSouth	turtle2Spot	Private
0x040020B3	StardewValley.Locations.IslandSouthEast	lightId	Private, Static, Literal, HasDefault
0x040020B4	StardewValley.Locations.IslandSouthEast	mermaidSprites	Public
0x040020B5	StardewValley.Locations.IslandSouthEast	lastPlayedNote	Public
0x040020B6	StardewValley.Locations.IslandSouthEast	songIndex	Public
0x040020B7	StardewValley.Locations.IslandSouthEast	mermaidIdle	Public
0x040020B8	StardewValley.Locations.IslandSouthEast	mermaidWave	Public
0x040020B9	StardewValley.Locations.IslandSouthEast	mermaidReward	Public
0x040020BA	StardewValley.Locations.IslandSouthEast	mermaidDance	Public
0x040020BB	StardewValley.Locations.IslandSouthEast	mermaidFrameIndex	Public
0x040020BC	StardewValley.Locations.IslandSouthEast	currentMermaidAnimation	Public
0x040020BD	StardewValley.Locations.IslandSouthEast	mermaidFrameTimer	Public
0x040020BE	StardewValley.Locations.IslandSouthEast	mermaidDanceTime	Public
0x040020BF	StardewValley.Locations.IslandSouthEast	mermaidPuzzleSuccess	Public
0x040020C0	StardewValley.Locations.IslandSouthEast	mermaidPuzzleFinished	Public
0x040020C1	StardewValley.Locations.IslandSouthEast	fishWalnutEvent	Public
0x040020C2	StardewValley.Locations.IslandSouthEast	fishedWalnut	Public
0x040020C3	StardewValley.Locations.IslandSouthEastCave	_parrots	Family
0x040020C4	StardewValley.Locations.IslandSouthEastCave	_parrotTextures	Family
0x040020C5	StardewValley.Locations.IslandSouthEastCave	drinksClaimed	Public
0x040020C6	StardewValley.Locations.IslandSouthEastCave	wasPirateCaveOnLoad	Public
0x040020C7	StardewValley.Locations.IslandSouthEastCave	smokeTimer	Private
0x040020C8	StardewValley.Locations.IslandWest	addedSlimesToday	Private, InitOnly
0x040020C9	StardewValley.Locations.IslandWest	sandDuggy	Public
0x040020CA	StardewValley.Locations.IslandWest	farmhouseRestored	Public, InitOnly
0x040020CB	StardewValley.Locations.IslandWest	farmhouseMailbox	Public, InitOnly
0x040020CC	StardewValley.Locations.IslandWest	farmObelisk	Public, InitOnly
0x040020CD	StardewValley.Locations.IslandWest	shippingBinPosition	Public
0x040020CE	StardewValley.Locations.IslandWest	shippingBinLid	Private
0x040020CF	StardewValley.Locations.IslandWest	shippingBinLidOpenArea	Private
0x040020D0	StardewValley.Locations.IslandWestCave1	lightSourceId	Public, Static, Literal, HasDefault
0x040020D1	StardewValley.Locations.IslandWestCave1	crystals	Family
0x040020D2	StardewValley.Locations.IslandWestCave1	PHASE_INTRO	Public, Static, Literal, HasDefault
0x040020D3	StardewValley.Locations.IslandWestCave1	PHASE_PLAY_SEQUENCE	Public, Static, Literal, HasDefault
0x040020D4	StardewValley.Locations.IslandWestCave1	PHASE_WAIT_FOR_PLAYER_INPUT	Public, Static, Literal, HasDefault
0x040020D5	StardewValley.Locations.IslandWestCave1	PHASE_NOTHING	Public, Static, Literal, HasDefault
0x040020D6	StardewValley.Locations.IslandWestCave1	PHASE_SUCCESSFUL_SEQUENCE	Public, Static, Literal, HasDefault
0x040020D7	StardewValley.Locations.IslandWestCave1	PHASE_OUTRO	Public, Static, Literal, HasDefault
0x040020D8	StardewValley.Locations.IslandWestCave1	completed	Public
0x040020D9	StardewValley.Locations.IslandWestCave1	isActivated	Public
0x040020DA	StardewValley.Locations.IslandWestCave1	netPhaseTimer	Public
0x040020DB	StardewValley.Locations.IslandWestCave1	localPhaseTimer	Public
0x040020DC	StardewValley.Locations.IslandWestCave1	betweenNotesTimer	Public
0x040020DD	StardewValley.Locations.IslandWestCave1	localPhase	Public
0x040020DE	StardewValley.Locations.IslandWestCave1	netPhase	Public
0x040020DF	StardewValley.Locations.IslandWestCave1	currentDifficulty	Public
0x040020E0	StardewValley.Locations.IslandWestCave1	currentCrystalSequenceIndex	Public
0x040020E1	StardewValley.Locations.IslandWestCave1	currentPlaybackCrystalSequenceIndex	Public
0x040020E2	StardewValley.Locations.IslandWestCave1	timesFailed	Public
0x040020E3	StardewValley.Locations.IslandWestCave1	currentCrystalSequence	Public
0x040020E4	StardewValley.Locations.IslandWestCave1	enterValueEvent	Public
0x040020E5	StardewValley.Locations.JojaMart	JojaMembershipPrice	Public, Static, Literal, HasDefault
0x040020E6	StardewValley.Locations.JojaMart	Morris	Public, Static
0x040020E7	StardewValley.Locations.JojaMart	communityDevelopmentTexture	Private
0x040020E8	StardewValley.Locations.LibraryMuseum	dwarvenGuide	Public, Static, Literal, HasDefault
0x040020E9	StardewValley.Locations.LibraryMuseum	_totalArtifacts	Family, Static
0x040020EA	StardewValley.Locations.LibraryMuseum	totalNotes	Public, Static, Literal, HasDefault
0x040020EB	StardewValley.Locations.LibraryMuseum	mutex	Private, InitOnly
0x040020EC	StardewValley.Locations.LibraryMuseum	_itemToRewardsLookup	Family
0x040020ED	StardewValley.Locations.ManorHouse	sendMoneyMapping	Private
0x040020EE	StardewValley.Locations.ManorHouse	changeWalletTypeImmediately	Private, Static, InitOnly
0x040020EF	StardewValley.Locations.MermaidHouse	mermaidSprites	Private
0x040020F0	StardewValley.Locations.MermaidHouse	showTimer	Private
0x040020F1	StardewValley.Locations.MermaidHouse	curtainMovement	Private
0x040020F2	StardewValley.Locations.MermaidHouse	curtainOpenPercent	Private
0x040020F3	StardewValley.Locations.MermaidHouse	blackBGAlpha	Private
0x040020F4	StardewValley.Locations.MermaidHouse	bigMermaidAlpha	Private
0x040020F5	StardewValley.Locations.MermaidHouse	oldStopWatchTime	Private
0x040020F6	StardewValley.Locations.MermaidHouse	finalLeftMermaidAlpha	Private
0x040020F7	StardewValley.Locations.MermaidHouse	finalRightMermaidAlpha	Private
0x040020F8	StardewValley.Locations.MermaidHouse	finalBigMermaidAlpha	Private
0x040020F9	StardewValley.Locations.MermaidHouse	fairyTimer	Private
0x040020FA	StardewValley.Locations.MermaidHouse	mermaidFrames	Private
0x040020FB	StardewValley.Locations.MermaidHouse	stopWatch	Private
0x040020FC	StardewValley.Locations.MermaidHouse	bubbles	Private
0x040020FD	StardewValley.Locations.MermaidHouse	sparkles	Private
0x040020FE	StardewValley.Locations.MermaidHouse	alwaysFrontTempSprites	Private
0x040020FF	StardewValley.Locations.MermaidHouse	lastFiveClamTones	Private
0x04002100	StardewValley.Locations.MermaidHouse	pearlRecipient	Private
0x04002101	StardewValley.Locations.MineShaft	mineFrostLevel	Public, Static, Literal, HasDefault
0x04002102	StardewValley.Locations.MineShaft	mineLavaLevel	Public, Static, Literal, HasDefault
0x04002103	StardewValley.Locations.MineShaft	upperArea	Public, Static, Literal, HasDefault
0x04002104	StardewValley.Locations.MineShaft	jungleArea	Public, Static, Literal, HasDefault
0x04002105	StardewValley.Locations.MineShaft	frostArea	Public, Static, Literal, HasDefault
0x04002106	StardewValley.Locations.MineShaft	lavaArea	Public, Static, Literal, HasDefault
0x04002107	StardewValley.Locations.MineShaft	desertArea	Public, Static, Literal, HasDefault
0x04002108	StardewValley.Locations.MineShaft	bottomOfMineLevel	Public, Static, Literal, HasDefault
0x04002109	StardewValley.Locations.MineShaft	quarryMineShaft	Public, Static, Literal, HasDefault
0x0400210A	StardewValley.Locations.MineShaft	numberOfLevelsPerArea	Public, Static, Literal, HasDefault
0x0400210B	StardewValley.Locations.MineShaft	mineFeature_barrels	Public, Static, Literal, HasDefault
0x0400210C	StardewValley.Locations.MineShaft	mineFeature_chests	Public, Static, Literal, HasDefault
0x0400210D	StardewValley.Locations.MineShaft	mineFeature_coalCart	Public, Static, Literal, HasDefault
0x0400210E	StardewValley.Locations.MineShaft	mineFeature_elevator	Public, Static, Literal, HasDefault
0x0400210F	StardewValley.Locations.MineShaft	chanceForColoredGemstone	Public, Static, Literal, HasDefault
0x04002110	StardewValley.Locations.MineShaft	chanceForDiamond	Public, Static, Literal, HasDefault
0x04002111	StardewValley.Locations.MineShaft	chanceForPrismaticShard	Public, Static, Literal, HasDefault
0x04002112	StardewValley.Locations.MineShaft	monsterLimit	Public, Static, Literal, HasDefault
0x04002113	StardewValley.Locations.MineShaft	MineTileSheetId	Public, Static, Literal, HasDefault
0x04002114	StardewValley.Locations.MineShaft	permanentMineChanges	Public, Static
0x04002115	StardewValley.Locations.MineShaft	numberOfCraftedStairsUsedThisRun	Public, Static
0x04002116	StardewValley.Locations.MineShaft	mineRandom	Public
0x04002117	StardewValley.Locations.MineShaft	mineLoader	Private
0x04002118	StardewValley.Locations.MineShaft	timeUntilElevatorLightUp	Private
0x04002119	StardewValley.Locations.MineShaft	loadedMapNumber	Public
0x0400211A	StardewValley.Locations.MineShaft	fogTime	Public
0x0400211B	StardewValley.Locations.MineShaft	isFogUp	Public
0x0400211C	StardewValley.Locations.MineShaft	timeSinceLastMusic	Public, Static
0x0400211D	StardewValley.Locations.MineShaft	ladderHasSpawned	Public
0x0400211E	StardewValley.Locations.MineShaft	ghostAdded	Public
0x0400211F	StardewValley.Locations.MineShaft	loadedDarkArea	Public
0x04002120	StardewValley.Locations.MineShaft	isFallingDownShaft	Public
0x04002121	StardewValley.Locations.MineShaft	fogPos	Public
0x04002122	StardewValley.Locations.MineShaft	elevatorShouldDing	Private, InitOnly
0x04002123	StardewValley.Locations.MineShaft	mapImageSource	Public, InitOnly
0x04002124	StardewValley.Locations.MineShaft	netMineLevel	Private, InitOnly
0x04002125	StardewValley.Locations.MineShaft	netStonesLeftOnThisLevel	Private, InitOnly
0x04002126	StardewValley.Locations.MineShaft	netTileBeneathLadder	Private, InitOnly
0x04002127	StardewValley.Locations.MineShaft	netTileBeneathElevator	Private, InitOnly
0x04002128	StardewValley.Locations.MineShaft	calicoStatueSpot	Public, InitOnly
0x04002129	StardewValley.Locations.MineShaft	recentlyActivatedCalicoStatue	Public, InitOnly
0x0400212A	StardewValley.Locations.MineShaft	netElevatorLightSpot	Private, InitOnly
0x0400212B	StardewValley.Locations.MineShaft	netIsSlimeArea	Private, InitOnly
0x0400212C	StardewValley.Locations.MineShaft	netIsMonsterArea	Private, InitOnly
0x0400212D	StardewValley.Locations.MineShaft	netIsTreasureRoom	Private, InitOnly
0x0400212E	StardewValley.Locations.MineShaft	netIsDinoArea	Private, InitOnly
0x0400212F	StardewValley.Locations.MineShaft	netIsQuarryArea	Private, InitOnly
0x04002130	StardewValley.Locations.MineShaft	netAmbientFog	Private, InitOnly
0x04002131	StardewValley.Locations.MineShaft	netLighting	Private, InitOnly
0x04002132	StardewValley.Locations.MineShaft	netFogColor	Private, InitOnly
0x04002133	StardewValley.Locations.MineShaft	createLadderAtEvent	Private, InitOnly
0x04002134	StardewValley.Locations.MineShaft	createLadderDownEvent	Private, InitOnly
0x04002135	StardewValley.Locations.MineShaft	fogAlpha	Private
0x04002136	StardewValley.Locations.MineShaft	bugLevelLoop	Public, Static
0x04002137	StardewValley.Locations.MineShaft	rainbowLights	Public, InitOnly
0x04002138	StardewValley.Locations.MineShaft	isLightingDark	Public, InitOnly
0x04002139	StardewValley.Locations.MineShaft	forceLayout	Private, InitOnly
0x0400213A	StardewValley.Locations.MineShaft	mapContent	Private
0x0400213B	StardewValley.Locations.MineShaft	activeMines	Public, Static
0x0400213C	StardewValley.Locations.MineShaft	mushroomLevelsGeneratedToday	Public, Static
0x0400213D	StardewValley.Locations.MineShaft	totalCalicoStatuesActivatedToday	Public, Static
0x0400213E	StardewValley.Locations.MineShaft	recentCalicoStatueEffect	Private
0x0400213F	StardewValley.Locations.MineShaft	forceFirstTime	Private
0x04002140	StardewValley.Locations.MineShaft	deepestLevelOnCurrentDesertFestivalRun	Private, Static
0x04002141	StardewValley.Locations.MineShaft	lastLevelsDownFallen	Private
0x04002142	StardewValley.Locations.MineShaft	fogSource	Private
0x04002143	StardewValley.Locations.MineShaft	brownSpots	Private
0x04002144	StardewValley.Locations.MineShaft	lifespan	Private
0x04002145	StardewValley.Locations.MineShaft	hasAddedDesertFestivalStatue	Private
0x04002146	StardewValley.Locations.MineShaft	calicoEggIconTimerShake	Public
0x04002147	StardewValley.Locations.MineInfo	platformContainersLeft	Public
0x04002148	StardewValley.Locations.MineInfo	chestsLeft	Public
0x04002149	StardewValley.Locations.MineInfo	coalCartsLeft	Public
0x0400214A	StardewValley.Locations.MineInfo	elevator	Public
0x0400214B	StardewValley.Locations.Mountain	daysBeforeLandslide	Public, Static, Literal, HasDefault
0x0400214C	StardewValley.Locations.Mountain	minecartSteam	Private
0x0400214D	StardewValley.Locations.Mountain	bridgeRestored	Private
0x0400214E	StardewValley.Locations.Mountain	treehouseBuilt	Public
0x0400214F	StardewValley.Locations.Mountain	treehouseDoorDirty	Public
0x04002150	StardewValley.Locations.Mountain	oreBoulderPresent	Private, InitOnly
0x04002151	StardewValley.Locations.Mountain	railroadAreaBlocked	Private, InitOnly
0x04002152	StardewValley.Locations.Mountain	landslide	Private, InitOnly
0x04002153	StardewValley.Locations.Mountain	landSlideRect	Private
0x04002154	StardewValley.Locations.Mountain	railroadBlockRect	Private
0x04002155	StardewValley.Locations.Mountain	oldTime	Private
0x04002156	StardewValley.Locations.Mountain	boulderSourceRect	Private
0x04002157	StardewValley.Locations.Mountain	raildroadBlocksourceRect	Private
0x04002158	StardewValley.Locations.Mountain	landSlideSourceRect	Private
0x04002159	StardewValley.Locations.Mountain	boulderPosition	Private
0x0400215A	StardewValley.Locations.MovieTheater	_startedMovie	Family
0x0400215B	StardewValley.Locations.MovieTheater	_isJojaTheater	Family, Static
0x0400215C	StardewValley.Locations.MovieTheater	_movieData	Family, Static
0x0400215D	StardewValley.Locations.MovieTheater	_movieDataById	Family, Static
0x0400215E	StardewValley.Locations.MovieTheater	_genericReactions	Family, Static
0x0400215F	StardewValley.Locations.MovieTheater	_concessionTastes	Family, Static
0x04002160	StardewValley.Locations.MovieTheater	_spawnedMoviePatrons	Family, InitOnly
0x04002161	StardewValley.Locations.MovieTheater	_purchasedConcessions	Family, InitOnly
0x04002162	StardewValley.Locations.MovieTheater	_playerInvitedPatrons	Family, InitOnly
0x04002163	StardewValley.Locations.MovieTheater	_characterGroupLookup	Family, InitOnly
0x04002164	StardewValley.Locations.MovieTheater	_hangoutPoints	Family
0x04002165	StardewValley.Locations.MovieTheater	_availableHangoutPoints	Family
0x04002166	StardewValley.Locations.MovieTheater	_maxHangoutGroups	Family
0x04002167	StardewValley.Locations.MovieTheater	_movieStartTime	Family
0x04002168	StardewValley.Locations.MovieTheater	dayFirstEntered	Public, InitOnly
0x04002169	StardewValley.Locations.MovieTheater	_concessions	Family, Static
0x0400216A	StardewValley.Locations.MovieTheater	LOVE_MOVIE_FRIENDSHIP	Public, Static, Literal, HasDefault
0x0400216B	StardewValley.Locations.MovieTheater	LIKE_MOVIE_FRIENDSHIP	Public, Static, Literal, HasDefault
0x0400216C	StardewValley.Locations.MovieTheater	DISLIKE_MOVIE_FRIENDSHIP	Public, Static, Literal, HasDefault
0x0400216D	StardewValley.Locations.MovieTheater	LOVE_CONCESSION_FRIENDSHIP	Public, Static, Literal, HasDefault
0x0400216E	StardewValley.Locations.MovieTheater	LIKE_CONCESSION_FRIENDSHIP	Public, Static, Literal, HasDefault
0x0400216F	StardewValley.Locations.MovieTheater	DISLIKE_CONCESSION_FRIENDSHIP	Public, Static, Literal, HasDefault
0x04002170	StardewValley.Locations.MovieTheater	OPEN_TIME	Public, Static, Literal, HasDefault
0x04002171	StardewValley.Locations.MovieTheater	CLOSE_TIME	Public, Static, Literal, HasDefault
0x04002172	StardewValley.Locations.MovieTheater	MainTileSheetId	Public, Static, Literal, HasDefault
0x04002173	StardewValley.Locations.MovieTheater	_destinationPositions	Family
0x04002174	StardewValley.Locations.MovieTheater	birds	Public
0x04002175	StardewValley.Locations.MovieTheater	forceMovieId	Public, Static
0x04002176	StardewValley.Locations.MovieTheater	_exitX	Family
0x04002177	StardewValley.Locations.MovieTheater	_exitY	Family
0x04002178	StardewValley.Locations.MovieTheater	movieViewerLockEvent	Private
0x04002179	StardewValley.Locations.MovieTheater	startMovieEvent	Private
0x0400217A	StardewValley.Locations.MovieTheater	requestStartMovieEvent	Private
0x0400217B	StardewValley.Locations.MovieTheater	endMovieEvent	Private
0x0400217C	StardewValley.Locations.MovieTheater	_viewingFarmers	Family
0x0400217D	StardewValley.Locations.MovieTheater	_viewingGroups	Family
0x0400217E	StardewValley.Locations.MovieTheater	_playerGroups	Family
0x0400217F	StardewValley.Locations.MovieTheater	_npcGroups	Family
0x04002180	StardewValley.Locations.MovieTheater	_hasRequestedMovieStart	Family, Static
0x04002181	StardewValley.Locations.MovieTheater	_playerHangoutGroup	Family, Static
0x04002182	StardewValley.Locations.MovieTheater	_farmerCount	Family
0x04002183	StardewValley.Locations.MovieTheater	currentState	Family, InitOnly
0x04002184	StardewValley.Locations.MovieTheater	showingId	Family, InitOnly
0x04002185	StardewValley.Locations.MovieTheater	possibleNPCGroups	Public, Static
0x04002186	StardewValley.Locations.Railroad	TrainChance	Private, Static, Literal, HasDefault
0x04002187	StardewValley.Locations.Railroad	trainSoundDelay	Public, Static, Literal, HasDefault
0x04002188	StardewValley.Locations.Railroad	train	Public, InitOnly
0x04002189	StardewValley.Locations.Railroad	hasTrainPassed	Private, InitOnly
0x0400218A	StardewValley.Locations.Railroad	trainTime	Private
0x0400218B	StardewValley.Locations.Railroad	trainTimer	Public, InitOnly
0x0400218C	StardewValley.Locations.Railroad	trainLoop	Public, Static
0x0400218D	StardewValley.Locations.Railroad	witchStatueGone	Public, InitOnly
0x0400218E	StardewValley.Locations.Railroad	DailyTrainChance	Private, Static
0x0400218F	StardewValley.Locations.Sewer	steamZoom	Public, Static, Literal, HasDefault
0x04002190	StardewValley.Locations.Sewer	steamYMotionPerMillisecond	Public, Static, Literal, HasDefault
0x04002191	StardewValley.Locations.Sewer	steamAnimation	Private
0x04002192	StardewValley.Locations.Sewer	steamPosition	Private
0x04002193	StardewValley.Locations.Sewer	steamColor	Private
0x04002194	StardewValley.Locations.ShopLocation	maxItemsToSellFromPlayer	Public, Static, Literal, HasDefault
0x04002195	StardewValley.Locations.ShopLocation	itemsFromPlayerToSell	Public, InitOnly
0x04002196	StardewValley.Locations.ShopLocation	itemsToStartSellingTomorrow	Public, InitOnly
0x04002197	StardewValley.Locations.Submarine	submergeTime	Public, Static, Literal, HasDefault
0x04002198	StardewValley.Locations.Submarine	MainTileSheetId	Public, Static, Literal, HasDefault
0x04002199	StardewValley.Locations.Submarine	submerged	Public, InitOnly
0x0400219A	StardewValley.Locations.Submarine	ascending	Public, InitOnly
0x0400219B	StardewValley.Locations.Submarine	submarineSprites	Private
0x0400219C	StardewValley.Locations.Submarine	curtainMovement	Private
0x0400219D	StardewValley.Locations.Submarine	curtainOpenPercent	Private
0x0400219E	StardewValley.Locations.Submarine	submergeTimer	Private
0x0400219F	StardewValley.Locations.Submarine	ambientLightTargetColor	Private
0x040021A0	StardewValley.Locations.Submarine	hasLitSubmergeLight	Private
0x040021A1	StardewValley.Locations.Submarine	hasLitAscendLight	Private
0x040021A2	StardewValley.Locations.Submarine	doneUntilReset	Private
0x040021A3	StardewValley.Locations.Submarine	localAscending	Private
0x040021A4	StardewValley.Locations.Summit	wind	Private
0x040021A5	StardewValley.Locations.Summit	windGust	Private
0x040021A6	StardewValley.Locations.Summit	globalWind	Private
0x040021A7	StardewValley.Locations.Summit	isShowingEndSlideshow	Public
0x040021A8	StardewValley.Locations.Town	minecartSteam	Private
0x040021A9	StardewValley.Locations.Town	ccRefurbished	Private
0x040021AA	StardewValley.Locations.Town	ccJoja	Private
0x040021AB	StardewValley.Locations.Town	playerCheckedBoard	Private
0x040021AC	StardewValley.Locations.Town	isShowingDestroyedJoja	Private
0x040021AD	StardewValley.Locations.Town	isShowingUpgradedPamHouse	Private
0x040021AE	StardewValley.Locations.Town	isShowingSpecialOrdersBoard	Private
0x040021AF	StardewValley.Locations.Town	showBookseller	Private
0x040021B0	StardewValley.Locations.Town	mapLoader	Private
0x040021B1	StardewValley.Locations.Town	daysUntilCommunityUpgrade	Public, InitOnly
0x040021B2	StardewValley.Locations.Town	clockCenter	Private
0x040021B3	StardewValley.Locations.Town	ccFacadePosition	Private
0x040021B4	StardewValley.Locations.Town	ccFacadePositionBottom	Private
0x040021B5	StardewValley.Locations.Town	minuteHandSource	Public, Static
0x040021B6	StardewValley.Locations.Town	hourHandSource	Public, Static
0x040021B7	StardewValley.Locations.Town	clockNub	Public, Static
0x040021B8	StardewValley.Locations.Town	jojaFacadeTop	Public, Static
0x040021B9	StardewValley.Locations.Town	jojaFacadeBottom	Public, Static
0x040021BA	StardewValley.Locations.Town	jojaFacadeWinterOverlay	Public, Static
0x040021BB	StardewValley.Locations.VolcanoDungeon	coalIndexPlaceholder	Private, Static, Literal, HasDefault
0x040021BC	StardewValley.Locations.VolcanoDungeon	coalIndexPlaceholderString	Private, Static, Literal, HasDefault
0x040021BD	StardewValley.Locations.VolcanoDungeon	MainTileSheetId	Public, Static, Literal, HasDefault
0x040021BE	StardewValley.Locations.VolcanoDungeon	level	Public
0x040021BF	StardewValley.Locations.VolcanoDungeon	coolLavaEvent	Public
0x040021C0	StardewValley.Locations.VolcanoDungeon	activeLevels	Public, Static
0x040021C1	StardewValley.Locations.VolcanoDungeon	cooledLavaTiles	Public
0x040021C2	StardewValley.Locations.VolcanoDungeon	localCooledLavaTiles	Public
0x040021C3	StardewValley.Locations.VolcanoDungeon	dirtTiles	Public
0x040021C4	StardewValley.Locations.VolcanoDungeon	generationSeed	Public
0x040021C5	StardewValley.Locations.VolcanoDungeon	layoutIndex	Public
0x040021C6	StardewValley.Locations.VolcanoDungeon	generationRandom	Public
0x040021C7	StardewValley.Locations.VolcanoDungeon	mapContent	Private
0x040021C8	StardewValley.Locations.VolcanoDungeon	mapWidth	Public
0x040021C9	StardewValley.Locations.VolcanoDungeon	mapHeight	Public
0x040021CA	StardewValley.Locations.VolcanoDungeon	WALL_HEIGHT	Public, Static, Literal, HasDefault
0x040021CB	StardewValley.Locations.VolcanoDungeon	backLayer	Public
0x040021CC	StardewValley.Locations.VolcanoDungeon	buildingsLayer	Public
0x040021CD	StardewValley.Locations.VolcanoDungeon	frontLayer	Public
0x040021CE	StardewValley.Locations.VolcanoDungeon	alwaysFrontLayer	Public
0x040021CF	StardewValley.Locations.VolcanoDungeon	startPosition	Public
0x040021D0	StardewValley.Locations.VolcanoDungeon	endPosition	Public
0x040021D1	StardewValley.Locations.VolcanoDungeon	LAYOUT_WIDTH	Public, Static, Literal, HasDefault
0x040021D2	StardewValley.Locations.VolcanoDungeon	LAYOUT_HEIGHT	Public, Static, Literal, HasDefault
0x040021D3	StardewValley.Locations.VolcanoDungeon	mapBaseTilesheet	Public
0x040021D4	StardewValley.Locations.VolcanoDungeon	setPieceAreas	Public, Static
0x040021D5	StardewValley.Locations.VolcanoDungeon	_blobIndexLookup	Family, Static
0x040021D6	StardewValley.Locations.VolcanoDungeon	_lavaBlobIndexLookup	Family, Static
0x040021D7	StardewValley.Locations.VolcanoDungeon	generated	Family
0x040021D8	StardewValley.Locations.VolcanoDungeon	shortcutOutPosition	Family, Static
0x040021D9	StardewValley.Locations.VolcanoDungeon	shortcutOutUnlocked	Family
0x040021DA	StardewValley.Locations.VolcanoDungeon	bridgeUnlocked	Family
0x040021DB	StardewValley.Locations.VolcanoDungeon	pixelMap	Public
0x040021DC	StardewValley.Locations.VolcanoDungeon	heightMap	Public
0x040021DD	StardewValley.Locations.VolcanoDungeon	possibleSwitchPositions	Public
0x040021DE	StardewValley.Locations.VolcanoDungeon	possibleGatePositions	Public
0x040021DF	StardewValley.Locations.VolcanoDungeon	dwarfGates	Public
0x040021E0	StardewValley.Locations.VolcanoDungeon	_sawFlameSprite	Family
0x040021E1	StardewValley.Locations.VolcanoDungeon	lavaSoundsPlayedThisTick	Private
0x040021E2	StardewValley.Locations.VolcanoDungeon	steamTimer	Private
0x040021E3	StardewValley.Locations.DwarfGate	tilePosition	Public
0x040021E4	StardewValley.Locations.DwarfGate	<NetFields>k__BackingField	Private, InitOnly
0x040021E5	StardewValley.Locations.DwarfGate	locationRef	Public
0x040021E6	StardewValley.Locations.DwarfGate	triggeredOpen	Public
0x040021E7	StardewValley.Locations.DwarfGate	switches	Public
0x040021E8	StardewValley.Locations.DwarfGate	localSwitches	Public
0x040021E9	StardewValley.Locations.DwarfGate	opened	Public
0x040021EA	StardewValley.Locations.DwarfGate	localOpened	Public
0x040021EB	StardewValley.Locations.DwarfGate	pressedSwitches	Public
0x040021EC	StardewValley.Locations.DwarfGate	localPressedSwitches	Public
0x040021ED	StardewValley.Locations.DwarfGate	gateIndex	Public
0x040021EE	StardewValley.Locations.DwarfGate	openEvent	Public
0x040021EF	StardewValley.Locations.DwarfGate	pressEvent	Public
0x040021F0	StardewValley.Locations.WizardHouse	cauldronTimer	Private
0x040021F1	StardewValley.Locations.Woods	numBaubles	Public, Static, Literal, HasDefault
0x040021F2	StardewValley.Locations.Woods	baubles	Private
0x040021F3	StardewValley.Locations.Woods	weatherDebris	Private
0x040021F4	StardewValley.Locations.Woods	hasUnlockedStatue	Public, InitOnly
0x040021F5	StardewValley.Locations.Woods	addedSlimesToday	Private, InitOnly
0x040021F6	StardewValley.Locations.Woods	statueAnimationEvent	Private, InitOnly
0x040021F7	StardewValley.Locations.Woods	_ambientLightColor	Family
0x040021F8	StardewValley.Locations.Woods	statueTimer	Private
0x040021F9	StardewValley.ItemTypeDefinitions.BaseItemDataDefinition	ParsedItemCache	Public
0x040021FA	StardewValley.ItemTypeDefinitions.FlooringDataDefinition	LegacyFlooringCount	Private, Static, Literal, HasDefault
0x040021FB	StardewValley.ItemTypeDefinitions.ItemMetadata	ParsedData	Private
0x040021FC	StardewValley.ItemTypeDefinitions.ItemMetadata	IsParsedDataLoaded	Private
0x040021FD	StardewValley.ItemTypeDefinitions.ItemMetadata	TypeDefinition	Private
0x040021FE	StardewValley.ItemTypeDefinitions.ItemMetadata	IsTypeResolveAttempted	Private
0x040021FF	StardewValley.ItemTypeDefinitions.ItemMetadata	TypeDefinitionContainsItem	Private
0x04002200	StardewValley.ItemTypeDefinitions.ItemMetadata	<LocalItemId>k__BackingField	Private, InitOnly
0x04002201	StardewValley.ItemTypeDefinitions.ItemMetadata	<QualifiedItemId>k__BackingField	Private, InitOnly
0x04002202	StardewValley.ItemTypeDefinitions.ItemMetadata	<TypeIdentifier>k__BackingField	Private
0x04002203	StardewValley.ItemTypeDefinitions.ParsedItemData	LoadedTexture	Private
0x04002204	StardewValley.ItemTypeDefinitions.ParsedItemData	Texture	Private
0x04002205	StardewValley.ItemTypeDefinitions.ParsedItemData	DefaultSourceRect	Private
0x04002206	StardewValley.ItemTypeDefinitions.ParsedItemData	ItemType	Public, InitOnly
0x04002207	StardewValley.ItemTypeDefinitions.ParsedItemData	ItemId	Public, InitOnly
0x04002208	StardewValley.ItemTypeDefinitions.ParsedItemData	QualifiedItemId	Public, InitOnly
0x04002209	StardewValley.ItemTypeDefinitions.ParsedItemData	SpriteIndex	Public, InitOnly
0x0400220A	StardewValley.ItemTypeDefinitions.ParsedItemData	TextureName	Public, InitOnly
0x0400220B	StardewValley.ItemTypeDefinitions.ParsedItemData	InternalName	Public, InitOnly
0x0400220C	StardewValley.ItemTypeDefinitions.ParsedItemData	DisplayName	Public, InitOnly
0x0400220D	StardewValley.ItemTypeDefinitions.ParsedItemData	Description	Public, InitOnly
0x0400220E	StardewValley.ItemTypeDefinitions.ParsedItemData	Category	Public, InitOnly
0x0400220F	StardewValley.ItemTypeDefinitions.ParsedItemData	ObjectType	Public, InitOnly
0x04002210	StardewValley.ItemTypeDefinitions.ParsedItemData	RawData	Public, InitOnly
0x04002211	StardewValley.ItemTypeDefinitions.ParsedItemData	IsErrorItem	Public, InitOnly
0x04002212	StardewValley.ItemTypeDefinitions.ParsedItemData	ExcludeFromRandomSale	Public, InitOnly
0x04002213	StardewValley.ItemTypeDefinitions.WallpaperDataDefinition	LegacyWallpaperCount	Family, Static, Literal, HasDefault
0x04002214	StardewValley.Inventories.Inventory	Items	Private, InitOnly
0x04002215	StardewValley.Inventories.Inventory	ItemsById	Private
0x04002216	StardewValley.Inventories.Inventory	CachedItemStackCount	Private
0x04002217	StardewValley.Inventories.Inventory	<NetFields>k__BackingField	Private, InitOnly
0x04002218	StardewValley.Inventories.Inventory	<IsLocalPlayerInventory>k__BackingField	Private
0x04002219	StardewValley.Inventories.Inventory	OnSlotChanged	Private
0x0400221A	StardewValley.Inventories.Inventory	OnInventoryReplaced	Private
0x0400221B	StardewValley.Inventories.Inventory	<LastTickSlotChanged>k__BackingField	Private
0x0400221C	StardewValley.Inventories.InventoryIndex	Index	Private, InitOnly
0x0400221D	StardewValley.Inventories.InventoryIndex	AddImpl	Private, InitOnly
0x0400221E	StardewValley.Inventories.InventoryIndex	RemoveImpl	Private, InitOnly
0x0400221F	StardewValley.Internal.ForEachItemContext	Item	Public, InitOnly
0x04002220	StardewValley.Internal.ForEachItemContext	RemoveItem	Public, InitOnly
0x04002221	StardewValley.Internal.ForEachItemContext	ReplaceItemWith	Public, InitOnly
0x04002222	StardewValley.Internal.ForEachItemContext	GetPath	Public, InitOnly
0x04002223	StardewValley.Internal.ItemQueryContext	<Location>k__BackingField	Private, InitOnly
0x04002224	StardewValley.Internal.ItemQueryContext	<Player>k__BackingField	Private, InitOnly
0x04002225	StardewValley.Internal.ItemQueryContext	<Random>k__BackingField	Private, InitOnly
0x04002226	StardewValley.Internal.ItemQueryContext	<QueryString>k__BackingField	Private
0x04002227	StardewValley.Internal.ItemQueryContext	<ParentContext>k__BackingField	Private, InitOnly
0x04002228	StardewValley.Internal.ItemQueryContext	<SourcePhrase>k__BackingField	Private
0x04002229	StardewValley.Internal.ItemQueryContext	<CustomFields>k__BackingField	Private
0x0400222A	StardewValley.Internal.ItemQueryResolver	<ItemResolvers>k__BackingField	Private, Static, InitOnly
0x0400222B	StardewValley.Internal.ItemQueryResult	Item	Public
0x0400222C	StardewValley.Internal.ItemQueryResult	OverrideBasePrice	Public
0x0400222D	StardewValley.Internal.ItemQueryResult	OverrideStackSize	Public
0x0400222E	StardewValley.Internal.ItemQueryResult	OverrideShopAvailableStock	Public
0x0400222F	StardewValley.Internal.ItemQueryResult	OverrideTradeItemId	Public
0x04002230	StardewValley.Internal.ItemQueryResult	OverrideTradeItemAmount	Public
0x04002231	StardewValley.Internal.ItemQueryResult	SyncStacksWith	Public
0x04002232	StardewValley.Internal.ItemQuerySearchMode	value__	Public, SpecialName, RTSpecialName
0x04002233	StardewValley.Internal.ItemQuerySearchMode	All	Public, Static, Literal, HasDefault
0x04002234	StardewValley.Internal.ItemQuerySearchMode	AllOfTypeItem	Public, Static, Literal, HasDefault
0x04002235	StardewValley.Internal.ItemQuerySearchMode	FirstOfTypeItem	Public, Static, Literal, HasDefault
0x04002236	StardewValley.Internal.ItemQuerySearchMode	RandomOfTypeItem	Public, Static, Literal, HasDefault
0x04002237	StardewValley.Internal.LogBuilder	Log	Public, InitOnly
0x04002238	StardewValley.Internal.LogBuilder	Indent	Public, InitOnly
0x04002239	StardewValley.Internal.OtherNamesAttribute	<Aliases>k__BackingField	Private, InitOnly
0x0400223A	StardewValley.Internal.StaticDelegateBuilder	CachedDelegates	Private, Static, InitOnly
0x0400223B	StardewValley.Hashing.HashUtility	Hasher	Private, Static, InitOnly
0x0400223C	StardewValley.Events.BaseFarmEvent	<NetFields>k__BackingField	Private
0x0400223D	StardewValley.Events.BirthingEvent	timer	Private
0x0400223E	StardewValley.Events.BirthingEvent	soundName	Private
0x0400223F	StardewValley.Events.BirthingEvent	message	Private
0x04002240	StardewValley.Events.BirthingEvent	babyName	Private
0x04002241	StardewValley.Events.BirthingEvent	playedSound	Private
0x04002242	StardewValley.Events.BirthingEvent	isMale	Private
0x04002243	StardewValley.Events.BirthingEvent	getBabyName	Private
0x04002244	StardewValley.Events.BirthingEvent	naming	Private
0x04002245	StardewValley.Events.DiaryEvent	NPCname	Public
0x04002246	StardewValley.Events.FairyEvent	lightSourceId	Public
0x04002247	StardewValley.Events.FairyEvent	fairyPosition	Private
0x04002248	StardewValley.Events.FairyEvent	targetCrop	Private
0x04002249	StardewValley.Events.FairyEvent	f	Private
0x0400224A	StardewValley.Events.FairyEvent	fairyFrame	Private
0x0400224B	StardewValley.Events.FairyEvent	fairyAnimationTimer	Private
0x0400224C	StardewValley.Events.FairyEvent	animationLoopsDone	Private
0x0400224D	StardewValley.Events.FairyEvent	timerSinceFade	Private
0x0400224E	StardewValley.Events.FairyEvent	animateLeft	Private
0x0400224F	StardewValley.Events.FairyEvent	terminate	Private
0x04002250	StardewValley.Events.MovieTheaterScreeningEvent	currentResponse	Public
0x04002251	StardewValley.Events.MovieTheaterScreeningEvent	playerAndGuestAudienceGroups	Public
0x04002252	StardewValley.Events.MovieTheaterScreeningEvent	_responseOrder	Public
0x04002253	StardewValley.Events.MovieTheaterScreeningEvent	_whiteListDependencyLookup	Family
0x04002254	StardewValley.Events.MovieTheaterScreeningEvent	_characterResponses	Family
0x04002255	StardewValley.Events.MovieTheaterScreeningEvent	movieData	Public
0x04002256	StardewValley.Events.MovieTheaterScreeningEvent	_farmers	Family
0x04002257	StardewValley.Events.MovieTheaterScreeningEvent	_concessionsData	Family
0x04002258	StardewValley.Events.PlayerCoupleBirthingEvent	timer	Private
0x04002259	StardewValley.Events.PlayerCoupleBirthingEvent	soundName	Private
0x0400225A	StardewValley.Events.PlayerCoupleBirthingEvent	message	Private
0x0400225B	StardewValley.Events.PlayerCoupleBirthingEvent	babyName	Private
0x0400225C	StardewValley.Events.PlayerCoupleBirthingEvent	playedSound	Private
0x0400225D	StardewValley.Events.PlayerCoupleBirthingEvent	isMale	Private
0x0400225E	StardewValley.Events.PlayerCoupleBirthingEvent	getBabyName	Private
0x0400225F	StardewValley.Events.PlayerCoupleBirthingEvent	naming	Private
0x04002260	StardewValley.Events.PlayerCoupleBirthingEvent	farmHouse	Private
0x04002261	StardewValley.Events.PlayerCoupleBirthingEvent	spouseID	Private
0x04002262	StardewValley.Events.PlayerCoupleBirthingEvent	spouse	Private
0x04002263	StardewValley.Events.PlayerCoupleBirthingEvent	isPlayersTurn	Private
0x04002264	StardewValley.Events.PlayerCoupleBirthingEvent	child	Private
0x04002265	StardewValley.Events.QiPlaneEvent	qiPlanePos	Private
0x04002266	StardewValley.Events.QiPlaneEvent	tempSprites	Private
0x04002267	StardewValley.Events.QiPlaneEvent	boxDropTimer	Private
0x04002268	StardewValley.Events.QiPlaneEvent	textTimer	Private
0x04002269	StardewValley.Events.QiPlaneEvent	finalFadeTimer	Private
0x0400226A	StardewValley.Events.QiPlaneEvent	str	Private
0x0400226B	StardewValley.Events.QuestionEvent	pregnancyQuestion	Public, Static, Literal, HasDefault
0x0400226C	StardewValley.Events.QuestionEvent	barnBirth	Public, Static, Literal, HasDefault
0x0400226D	StardewValley.Events.QuestionEvent	playerPregnancyQuestion	Public, Static, Literal, HasDefault
0x0400226E	StardewValley.Events.QuestionEvent	whichQuestion	Private
0x0400226F	StardewValley.Events.QuestionEvent	animalHouse	Private
0x04002270	StardewValley.Events.QuestionEvent	animal	Public
0x04002271	StardewValley.Events.QuestionEvent	forceProceed	Public
0x04002272	StardewValley.Events.SoundInTheNightEvent	cropCircle	Public, Static, Literal, HasDefault
0x04002273	StardewValley.Events.SoundInTheNightEvent	meteorite	Public, Static, Literal, HasDefault
0x04002274	StardewValley.Events.SoundInTheNightEvent	dogs	Public, Static, Literal, HasDefault
0x04002275	StardewValley.Events.SoundInTheNightEvent	owl	Public, Static, Literal, HasDefault
0x04002276	StardewValley.Events.SoundInTheNightEvent	earthquake	Public, Static, Literal, HasDefault
0x04002277	StardewValley.Events.SoundInTheNightEvent	raccoonStump	Public, Static, Literal, HasDefault
0x04002278	StardewValley.Events.SoundInTheNightEvent	behavior	Private, InitOnly
0x04002279	StardewValley.Events.SoundInTheNightEvent	timer	Private
0x0400227A	StardewValley.Events.SoundInTheNightEvent	timeUntilText	Private
0x0400227B	StardewValley.Events.SoundInTheNightEvent	soundName	Private
0x0400227C	StardewValley.Events.SoundInTheNightEvent	message	Private
0x0400227D	StardewValley.Events.SoundInTheNightEvent	playedSound	Private
0x0400227E	StardewValley.Events.SoundInTheNightEvent	showedMessage	Private
0x0400227F	StardewValley.Events.SoundInTheNightEvent	finished	Private
0x04002280	StardewValley.Events.SoundInTheNightEvent	targetLocation	Private
0x04002281	StardewValley.Events.SoundInTheNightEvent	targetBuilding	Private
0x04002282	StardewValley.Events.WitchEvent	lightSourceId	Public
0x04002283	StardewValley.Events.WitchEvent	witchPosition	Private
0x04002284	StardewValley.Events.WitchEvent	targetBuilding	Private
0x04002285	StardewValley.Events.WitchEvent	f	Private
0x04002286	StardewValley.Events.WitchEvent	r	Private
0x04002287	StardewValley.Events.WitchEvent	witchFrame	Private
0x04002288	StardewValley.Events.WitchEvent	witchAnimationTimer	Private
0x04002289	StardewValley.Events.WitchEvent	animationLoopsDone	Private
0x0400228A	StardewValley.Events.WitchEvent	timerSinceFade	Private
0x0400228B	StardewValley.Events.WitchEvent	animateLeft	Private
0x0400228C	StardewValley.Events.WitchEvent	terminate	Private
0x0400228D	StardewValley.Events.WitchEvent	goldenWitch	Public
0x0400228E	StardewValley.Events.WorldChangeEvent	identifier	Public, Static, Literal, HasDefault
0x0400228F	StardewValley.Events.WorldChangeEvent	jojaGreenhouse	Public, Static, Literal, HasDefault
0x04002290	StardewValley.Events.WorldChangeEvent	junimoGreenHouse	Public, Static, Literal, HasDefault
0x04002291	StardewValley.Events.WorldChangeEvent	jojaBoiler	Public, Static, Literal, HasDefault
0x04002292	StardewValley.Events.WorldChangeEvent	junimoBoiler	Public, Static, Literal, HasDefault
0x04002293	StardewValley.Events.WorldChangeEvent	jojaBridge	Public, Static, Literal, HasDefault
0x04002294	StardewValley.Events.WorldChangeEvent	junimoBridge	Public, Static, Literal, HasDefault
0x04002295	StardewValley.Events.WorldChangeEvent	jojaBus	Public, Static, Literal, HasDefault
0x04002296	StardewValley.Events.WorldChangeEvent	junimoBus	Public, Static, Literal, HasDefault
0x04002297	StardewValley.Events.WorldChangeEvent	jojaBoulder	Public, Static, Literal, HasDefault
0x04002298	StardewValley.Events.WorldChangeEvent	junimoBoulder	Public, Static, Literal, HasDefault
0x04002299	StardewValley.Events.WorldChangeEvent	jojaMovieTheater	Public, Static, Literal, HasDefault
0x0400229A	StardewValley.Events.WorldChangeEvent	junimoMovieTheater	Public, Static, Literal, HasDefault
0x0400229B	StardewValley.Events.WorldChangeEvent	movieTheaterLightning	Public, Static, Literal, HasDefault
0x0400229C	StardewValley.Events.WorldChangeEvent	willyBoatRepair	Public, Static, Literal, HasDefault
0x0400229D	StardewValley.Events.WorldChangeEvent	treehouseBuild	Public, Static, Literal, HasDefault
0x0400229E	StardewValley.Events.WorldChangeEvent	goldenParrots	Public, Static, Literal, HasDefault
0x0400229F	StardewValley.Events.WorldChangeEvent	whichEvent	Public, InitOnly
0x040022A0	StardewValley.Events.WorldChangeEvent	cutsceneLengthTimer	Private
0x040022A1	StardewValley.Events.WorldChangeEvent	timerSinceFade	Private
0x040022A2	StardewValley.Events.WorldChangeEvent	soundTimer	Private
0x040022A3	StardewValley.Events.WorldChangeEvent	soundInterval	Private
0x040022A4	StardewValley.Events.WorldChangeEvent	location	Private
0x040022A5	StardewValley.Events.WorldChangeEvent	sound	Private
0x040022A6	StardewValley.Events.WorldChangeEvent	wasRaining	Private
0x040022A7	StardewValley.Events.WorldChangeEvent	preEventLocation	Public
0x040022A8	StardewValley.Enchantments.BaseEnchantment	_displayName	Family
0x040022A9	StardewValley.Enchantments.BaseEnchantment	<NetFields>k__BackingField	Private, InitOnly
0x040022AA	StardewValley.Enchantments.BaseEnchantment	_applied	Family
0x040022AB	StardewValley.Enchantments.BaseEnchantment	hideEnchantmentName	Public, Static
0x040022AC	StardewValley.Enchantments.BaseEnchantment	hideSecondaryEnchantName	Public, Static
0x040022AD	StardewValley.Enchantments.BaseEnchantment	_enchantments	Family, Static
0x040022AE	StardewValley.Enchantments.BaseEnchantment	level	Family, InitOnly
0x040022AF	StardewValley.Delegates.GameStateQueryContext	Location	Public, InitOnly
0x040022B0	StardewValley.Delegates.GameStateQueryContext	ExplicitTargetLocation	Public, InitOnly
0x040022B1	StardewValley.Delegates.GameStateQueryContext	Player	Public, InitOnly
0x040022B2	StardewValley.Delegates.GameStateQueryContext	TargetItem	Public, InitOnly
0x040022B3	StardewValley.Delegates.GameStateQueryContext	InputItem	Public, InitOnly
0x040022B4	StardewValley.Delegates.GameStateQueryContext	Random	Public, InitOnly
0x040022B5	StardewValley.Delegates.GameStateQueryContext	IgnoreQueryKeys	Public, InitOnly
0x040022B6	StardewValley.Delegates.GameStateQueryContext	CustomFields	Public, InitOnly
0x040022B7	StardewValley.Delegates.TriggerActionContext	Trigger	Public, InitOnly
0x040022B8	StardewValley.Delegates.TriggerActionContext	TriggerArgs	Public, InitOnly
0x040022B9	StardewValley.Delegates.TriggerActionContext	Data	Public, InitOnly
0x040022BA	StardewValley.Delegates.TriggerActionContext	CustomFields	Public, InitOnly
0x040022BB	StardewValley.Constants.AchievementIds	Greenhorn	Public, Static, Literal, HasDefault
0x040022BC	StardewValley.Constants.AchievementIds	Cowpoke	Public, Static, Literal, HasDefault
0x040022BD	StardewValley.Constants.AchievementIds	Homesteader	Public, Static, Literal, HasDefault
0x040022BE	StardewValley.Constants.AchievementIds	Millionaire	Public, Static, Literal, HasDefault
0x040022BF	StardewValley.Constants.AchievementIds	Legend	Public, Static, Literal, HasDefault
0x040022C0	StardewValley.Constants.AchievementIds	CompleteCollection	Public, Static, Literal, HasDefault
0x040022C1	StardewValley.Constants.AchievementIds	NewFriend	Public, Static, Literal, HasDefault
0x040022C2	StardewValley.Constants.AchievementIds	BestFriends	Public, Static, Literal, HasDefault
0x040022C3	StardewValley.Constants.AchievementIds	BelovedFarmer	Public, Static, Literal, HasDefault
0x040022C4	StardewValley.Constants.AchievementIds	Cliques	Public, Static, Literal, HasDefault
0x040022C5	StardewValley.Constants.AchievementIds	Networking	Public, Static, Literal, HasDefault
0x040022C6	StardewValley.Constants.AchievementIds	Popular	Public, Static, Literal, HasDefault
0x040022C7	StardewValley.Constants.AchievementIds	Cook	Public, Static, Literal, HasDefault
0x040022C8	StardewValley.Constants.AchievementIds	SousChef	Public, Static, Literal, HasDefault
0x040022C9	StardewValley.Constants.AchievementIds	GourmetChef	Public, Static, Literal, HasDefault
0x040022CA	StardewValley.Constants.AchievementIds	MovingUp	Public, Static, Literal, HasDefault
0x040022CB	StardewValley.Constants.AchievementIds	LivingLarge	Public, Static, Literal, HasDefault
0x040022CC	StardewValley.Constants.AchievementIds	Diy	Public, Static, Literal, HasDefault
0x040022CD	StardewValley.Constants.AchievementIds	Artisan	Public, Static, Literal, HasDefault
0x040022CE	StardewValley.Constants.AchievementIds	CraftMaster	Public, Static, Literal, HasDefault
0x040022CF	StardewValley.Constants.AchievementIds	Fisherman	Public, Static, Literal, HasDefault
0x040022D0	StardewValley.Constants.AchievementIds	OlMariner	Public, Static, Literal, HasDefault
0x040022D1	StardewValley.Constants.AchievementIds	MasterAngler	Public, Static, Literal, HasDefault
0x040022D2	StardewValley.Constants.AchievementIds	MotherCatch	Public, Static, Literal, HasDefault
0x040022D3	StardewValley.Constants.AchievementIds	TreasureTrove	Public, Static, Literal, HasDefault
0x040022D4	StardewValley.Constants.AchievementIds	Gofer	Public, Static, Literal, HasDefault
0x040022D5	StardewValley.Constants.AchievementIds	ABigHelp	Public, Static, Literal, HasDefault
0x040022D6	StardewValley.Constants.AchievementIds	Polyculture	Public, Static, Literal, HasDefault
0x040022D7	StardewValley.Constants.AchievementIds	Monoculture	Public, Static, Literal, HasDefault
0x040022D8	StardewValley.Constants.AchievementIds	FullShipment	Public, Static, Literal, HasDefault
0x040022D9	StardewValley.Constants.AchievementIds	ADistantShore	Public, Static, Literal, HasDefault
0x040022DA	StardewValley.Constants.AchievementIds	WellRead	Public, Static, Literal, HasDefault
0x040022DB	StardewValley.Constants.AchievementIds	TwoThumbsUp	Public, Static, Literal, HasDefault
0x040022DC	StardewValley.Constants.AchievementIds	BlueRibbon	Public, Static, Literal, HasDefault
0x040022DD	StardewValley.Constants.AchievementIds	AnUnforgettableSoup	Public, Static, Literal, HasDefault
0x040022DE	StardewValley.Constants.AchievementIds	GoodNeighbors	Public, Static, Literal, HasDefault
0x040022DF	StardewValley.Constants.AchievementIds	DangerInTheDeep	Public, Static, Literal, HasDefault
0x040022E0	StardewValley.Constants.AchievementIds	InfinitePower	Public, Static, Literal, HasDefault
0x040022E1	StardewValley.Constants.AchievementIds	Perfection	Public, Static, Literal, HasDefault
0x040022E2	StardewValley.Constants.EventIds	Unknown	Public, Static, Literal, HasDefault
0x040022E3	StardewValley.Constants.EventIds	BirdieIntro	Public, Static, Literal, HasDefault
0x040022E4	StardewValley.Constants.EventIds	BirdieQuestFinished	Public, Static, Literal, HasDefault
0x040022E5	StardewValley.Constants.EventIds	BoatDeparture	Public, Static, Literal, HasDefault
0x040022E6	StardewValley.Constants.EventIds	IslandDeparture	Public, Static, Literal, HasDefault
0x040022E7	StardewValley.Constants.EventIds	MovieThreaterScreening	Public, Static, Literal, HasDefault
0x040022E8	StardewValley.Constants.EventIds	MissingBundleComplete	Public, Static, Literal, HasDefault
0x040022E9	StardewValley.Constants.EventIds	TrashBearCleanup	Public, Static, Literal, HasDefault
0x040022EA	StardewValley.Constants.EventIds	Wedding	Public, Static, Literal, HasDefault
0x040022EB	StardewValley.Constants.StatKeys	AverageBedtime	Public, Static, Literal, HasDefault
0x040022EC	StardewValley.Constants.StatKeys	BeachFarmSpawns	Public, Static, Literal, HasDefault
0x040022ED	StardewValley.Constants.StatKeys	BeveragesMade	Public, Static, Literal, HasDefault
0x040022EE	StardewValley.Constants.StatKeys	BillboardQuestsDone	Public, Static, Literal, HasDefault
0x040022EF	StardewValley.Constants.StatKeys	BlessingOfWaters	Public, Static, Literal, HasDefault
0x040022F0	StardewValley.Constants.StatKeys	BoatRidesToIsland	Public, Static, Literal, HasDefault
0x040022F1	StardewValley.Constants.StatKeys	Book_Bomb	Public, Static, Literal, HasDefault
0x040022F2	StardewValley.Constants.StatKeys	Book_Crabbing	Public, Static, Literal, HasDefault
0x040022F3	StardewValley.Constants.StatKeys	Book_Defense	Public, Static, Literal, HasDefault
0x040022F4	StardewValley.Constants.StatKeys	Book_Friendship	Public, Static, Literal, HasDefault
0x040022F5	StardewValley.Constants.StatKeys	Book_Marlon	Public, Static, Literal, HasDefault
0x040022F6	StardewValley.Constants.StatKeys	Book_PriceCatalogue	Public, Static, Literal, HasDefault
0x040022F7	StardewValley.Constants.StatKeys	Book_Roe	Public, Static, Literal, HasDefault
0x040022F8	StardewValley.Constants.StatKeys	Book_Speed	Public, Static, Literal, HasDefault
0x040022F9	StardewValley.Constants.StatKeys	Book_Speed2	Public, Static, Literal, HasDefault
0x040022FA	StardewValley.Constants.StatKeys	Book_Trash	Public, Static, Literal, HasDefault
0x040022FB	StardewValley.Constants.StatKeys	Book_Void	Public, Static, Literal, HasDefault
0x040022FC	StardewValley.Constants.StatKeys	Book_WildSeeds	Public, Static, Literal, HasDefault
0x040022FD	StardewValley.Constants.StatKeys	Book_Woodcutting	Public, Static, Literal, HasDefault
0x040022FE	StardewValley.Constants.StatKeys	Book_Diamonds	Public, Static, Literal, HasDefault
0x040022FF	StardewValley.Constants.StatKeys	Book_Mystery	Public, Static, Literal, HasDefault
0x04002300	StardewValley.Constants.StatKeys	Book_AnimalCatalogue	Public, Static, Literal, HasDefault
0x04002301	StardewValley.Constants.StatKeys	Book_Horse	Public, Static, Literal, HasDefault
0x04002302	StardewValley.Constants.StatKeys	Book_Artifact	Public, Static, Literal, HasDefault
0x04002303	StardewValley.Constants.StatKeys	Book_Grass	Public, Static, Literal, HasDefault
0x04002304	StardewValley.Constants.StatKeys	CaveCarrotsFound	Public, Static, Literal, HasDefault
0x04002305	StardewValley.Constants.StatKeys	CheeseMade	Public, Static, Literal, HasDefault
0x04002306	StardewValley.Constants.StatKeys	ChickenEggsLayed	Public, Static, Literal, HasDefault
0x04002307	StardewValley.Constants.StatKeys	ChildrenTurnedToDoves	Public, Static, Literal, HasDefault
0x04002308	StardewValley.Constants.StatKeys	CompletedJunimoKart	Public, Static, Literal, HasDefault
0x04002309	StardewValley.Constants.StatKeys	CompletedPrairieKing	Public, Static, Literal, HasDefault
0x0400230A	StardewValley.Constants.StatKeys	CompletedPrairieKingWithoutDying	Public, Static, Literal, HasDefault
0x0400230B	StardewValley.Constants.StatKeys	CopperFound	Public, Static, Literal, HasDefault
0x0400230C	StardewValley.Constants.StatKeys	CowMilkProduced	Public, Static, Literal, HasDefault
0x0400230D	StardewValley.Constants.StatKeys	CropsShipped	Public, Static, Literal, HasDefault
0x0400230E	StardewValley.Constants.StatKeys	DaysPlayed	Public, Static, Literal, HasDefault
0x0400230F	StardewValley.Constants.StatKeys	DiamondsFound	Public, Static, Literal, HasDefault
0x04002310	StardewValley.Constants.StatKeys	DirtHoed	Public, Static, Literal, HasDefault
0x04002311	StardewValley.Constants.StatKeys	DuckEggsLayed	Public, Static, Literal, HasDefault
0x04002312	StardewValley.Constants.StatKeys	ExMemoriesWiped	Public, Static, Literal, HasDefault
0x04002313	StardewValley.Constants.StatKeys	FishCaught	Public, Static, Literal, HasDefault
0x04002314	StardewValley.Constants.StatKeys	GeodesCracked	Public, Static, Literal, HasDefault
0x04002315	StardewValley.Constants.StatKeys	GiftsGiven	Public, Static, Literal, HasDefault
0x04002316	StardewValley.Constants.StatKeys	GoatCheeseMade	Public, Static, Literal, HasDefault
0x04002317	StardewValley.Constants.StatKeys	GoatMilkProduced	Public, Static, Literal, HasDefault
0x04002318	StardewValley.Constants.StatKeys	GoldenTagsTurnedIn	Public, Static, Literal, HasDefault
0x04002319	StardewValley.Constants.StatKeys	GoldFound	Public, Static, Literal, HasDefault
0x0400231A	StardewValley.Constants.StatKeys	GoodFriends	Public, Static, Literal, HasDefault
0x0400231B	StardewValley.Constants.StatKeys	HardModeMonstersKilled	Public, Static, Literal, HasDefault
0x0400231C	StardewValley.Constants.StatKeys	IndividualMoneyEarned	Public, Static, Literal, HasDefault
0x0400231D	StardewValley.Constants.StatKeys	IridiumFound	Public, Static, Literal, HasDefault
0x0400231E	StardewValley.Constants.StatKeys	IronFound	Public, Static, Literal, HasDefault
0x0400231F	StardewValley.Constants.StatKeys	ItemsCooked	Public, Static, Literal, HasDefault
0x04002320	StardewValley.Constants.StatKeys	ItemsCrafted	Public, Static, Literal, HasDefault
0x04002321	StardewValley.Constants.StatKeys	ItemsForaged	Public, Static, Literal, HasDefault
0x04002322	StardewValley.Constants.StatKeys	ItemsShipped	Public, Static, Literal, HasDefault
0x04002323	StardewValley.Constants.StatKeys	MasteryExp	Public, Static, Literal, HasDefault
0x04002324	StardewValley.Constants.StatKeys	MasteryLevelsSpent	Public, Static, Literal, HasDefault
0x04002325	StardewValley.Constants.StatKeys	MonstersKilled	Public, Static, Literal, HasDefault
0x04002326	StardewValley.Constants.StatKeys	MossHarvested	Public, Static, Literal, HasDefault
0x04002327	StardewValley.Constants.StatKeys	MysteryBoxesOpened	Public, Static, Literal, HasDefault
0x04002328	StardewValley.Constants.StatKeys	MysticStonesCrushed	Public, Static, Literal, HasDefault
0x04002329	StardewValley.Constants.StatKeys	NotesFound	Public, Static, Literal, HasDefault
0x0400232A	StardewValley.Constants.StatKeys	OtherPreciousGemsFound	Public, Static, Literal, HasDefault
0x0400232B	StardewValley.Constants.StatKeys	PiecesOfTrashRecycled	Public, Static, Literal, HasDefault
0x0400232C	StardewValley.Constants.StatKeys	PreservesMade	Public, Static, Literal, HasDefault
0x0400232D	StardewValley.Constants.StatKeys	PrismaticShardsFound	Public, Static, Literal, HasDefault
0x0400232E	StardewValley.Constants.StatKeys	QuestsCompleted	Public, Static, Literal, HasDefault
0x0400232F	StardewValley.Constants.StatKeys	RabbitWoolProduced	Public, Static, Literal, HasDefault
0x04002330	StardewValley.Constants.StatKeys	RocksCrushed	Public, Static, Literal, HasDefault
0x04002331	StardewValley.Constants.StatKeys	SheepWoolProduced	Public, Static, Literal, HasDefault
0x04002332	StardewValley.Constants.StatKeys	SlimesKilled	Public, Static, Literal, HasDefault
0x04002333	StardewValley.Constants.StatKeys	SpecialOrderPrizeTickets	Public, Static, Literal, HasDefault
0x04002334	StardewValley.Constants.StatKeys	StepsTaken	Public, Static, Literal, HasDefault
0x04002335	StardewValley.Constants.StatKeys	StoneGathered	Public, Static, Literal, HasDefault
0x04002336	StardewValley.Constants.StatKeys	StumpsChopped	Public, Static, Literal, HasDefault
0x04002337	StardewValley.Constants.StatKeys	TicketPrizesClaimed	Public, Static, Literal, HasDefault
0x04002338	StardewValley.Constants.StatKeys	TimesEnchanted	Public, Static, Literal, HasDefault
0x04002339	StardewValley.Constants.StatKeys	TimesFished	Public, Static, Literal, HasDefault
0x0400233A	StardewValley.Constants.StatKeys	TimesUnconscious	Public, Static, Literal, HasDefault
0x0400233B	StardewValley.Constants.StatKeys	TotalMoneyGifted	Public, Static, Literal, HasDefault
0x0400233C	StardewValley.Constants.StatKeys	TrashCansChecked	Public, Static, Literal, HasDefault
0x0400233D	StardewValley.Constants.StatKeys	TrinketSlots	Public, Static, Literal, HasDefault
0x0400233E	StardewValley.Constants.StatKeys	TrufflesFound	Public, Static, Literal, HasDefault
0x0400233F	StardewValley.Constants.StatKeys	WeedsEliminated	Public, Static, Literal, HasDefault
0x04002340	StardewValley.Constants.StatKeys	WildTreesPlanted	Public, Static, Literal, HasDefault
0x04002341	StardewValley.Constants.StatKeys	SeedsSown	Public, Static, Literal, HasDefault
0x04002342	StardewValley.ConsoleAsync.AsyncOperationManager	_instance	Private, Static
0x04002343	StardewValley.ConsoleAsync.AsyncOperationManager	_pendingOps	Private
0x04002344	StardewValley.ConsoleAsync.AsyncOperationManager	_tempOps	Private
0x04002345	StardewValley.ConsoleAsync.AsyncOperationManager	_doneOps	Private
0x04002346	StardewValley.ConsoleAsync.AsyncTaskOperation	Task	Public
0x04002347	StardewValley.ConsoleAsync.AsyncTaskOperation	TaskStarted	Public
0x04002348	StardewValley.ConsoleAsync.GenericOp	DoneCallback	Public
0x04002349	StardewValley.ConsoleAsync.GenericResult	Success	Public
0x0400234A	StardewValley.ConsoleAsync.GenericResult	Failed	Public
0x0400234B	StardewValley.ConsoleAsync.GenericResult	Ex	Public
0x0400234C	StardewValley.Companions.Companion	<NetFields>k__BackingField	Private, InitOnly
0x0400234D	StardewValley.Companions.Companion	direction	Public, InitOnly
0x0400234E	StardewValley.Companions.Companion	_position	Family, InitOnly
0x0400234F	StardewValley.Companions.Companion	_owner	Family, InitOnly
0x04002350	StardewValley.Companions.Companion	whichVariant	Public, InitOnly
0x04002351	StardewValley.Companions.Companion	lerp	Public
0x04002352	StardewValley.Companions.Companion	startPosition	Public
0x04002353	StardewValley.Companions.Companion	endPosition	Public
0x04002354	StardewValley.Companions.Companion	height	Public
0x04002355	StardewValley.Companions.Companion	gravity	Public
0x04002356	StardewValley.Companions.Companion	hopEvent	Public
0x04002357	StardewValley.Companions.FlyingCompanion	VARIANT_FAIRY	Public, Static, Literal, HasDefault
0x04002358	StardewValley.Companions.FlyingCompanion	VARIANT_PARROT	Public, Static, Literal, HasDefault
0x04002359	StardewValley.Companions.FlyingCompanion	flitTimer	Private
0x0400235A	StardewValley.Companions.FlyingCompanion	extraPosition	Private
0x0400235B	StardewValley.Companions.FlyingCompanion	extraPositionMotion	Private
0x0400235C	StardewValley.Companions.FlyingCompanion	extraPositionAcceleration	Private
0x0400235D	StardewValley.Companions.FlyingCompanion	floatup	Private
0x0400235E	StardewValley.Companions.FlyingCompanion	flapAnimationLength	Private
0x0400235F	StardewValley.Companions.FlyingCompanion	currentSidewaysFlap	Private
0x04002360	StardewValley.Companions.FlyingCompanion	hasLight	Private
0x04002361	StardewValley.Companions.FlyingCompanion	lightId	Private
0x04002362	StardewValley.Companions.FlyingCompanion	whichSubVariant	Private
0x04002363	StardewValley.Companions.FlyingCompanion	startingYForVariant	Private
0x04002364	StardewValley.Companions.FlyingCompanion	perching	Private
0x04002365	StardewValley.Companions.FlyingCompanion	timeSinceLastZeroLerp	Private
0x04002366	StardewValley.Companions.FlyingCompanion	parrot_squawkTimer	Private
0x04002367	StardewValley.Companions.FlyingCompanion	parrot_squatTimer	Private
0x04002368	StardewValley.Companions.HungryFrogCompanion	RANGE	Private, Static, Literal, HasDefault
0x04002369	StardewValley.Companions.HungryFrogCompanion	FULLNESS_TIME	Private, Static, Literal, HasDefault
0x0400236A	StardewValley.Companions.HungryFrogCompanion	fullnessTime	Public
0x0400236B	StardewValley.Companions.HungryFrogCompanion	monsterEatCheckTimer	Private
0x0400236C	StardewValley.Companions.HungryFrogCompanion	tongueOutTimer	Private
0x0400236D	StardewValley.Companions.HungryFrogCompanion	tongueOut	Private, InitOnly
0x0400236E	StardewValley.Companions.HungryFrogCompanion	tongueReturn	Private, InitOnly
0x0400236F	StardewValley.Companions.HungryFrogCompanion	tonguePosition	Private, InitOnly
0x04002370	StardewValley.Companions.HungryFrogCompanion	tongueVelocity	Private, InitOnly
0x04002371	StardewValley.Companions.HungryFrogCompanion	attachedMonsterField	Private, InitOnly
0x04002372	StardewValley.Companions.HungryFrogCompanion	fullnessTrigger	Private, InitOnly
0x04002373	StardewValley.Companions.HungryFrogCompanion	initialEquipDelay	Private
0x04002374	StardewValley.Companions.HungryFrogCompanion	lastHopTimer	Private
0x04002375	StardewValley.Characters.Child	newborn	Public, Static, Literal, HasDefault
0x04002376	StardewValley.Characters.Child	baby	Public, Static, Literal, HasDefault
0x04002377	StardewValley.Characters.Child	crawler	Public, Static, Literal, HasDefault
0x04002378	StardewValley.Characters.Child	toddler	Public, Static, Literal, HasDefault
0x04002379	StardewValley.Characters.Child	daysOld	Public, InitOnly
0x0400237A	StardewValley.Characters.Child	idOfParent	Public
0x0400237B	StardewValley.Characters.Child	darkSkinned	Public, InitOnly
0x0400237C	StardewValley.Characters.Child	setStateEvent	Private, InitOnly
0x0400237D	StardewValley.Characters.Child	hat	Public, InitOnly
0x0400237E	StardewValley.Characters.Child	mutex	Public, InitOnly
0x0400237F	StardewValley.Characters.Child	previousState	Private
0x04002380	StardewValley.Characters.Horse	horseId	Private, InitOnly
0x04002381	StardewValley.Characters.Horse	netRider	Private, InitOnly
0x04002382	StardewValley.Characters.Horse	ownerId	Public, InitOnly
0x04002383	StardewValley.Characters.Horse	mounting	Public, InitOnly
0x04002384	StardewValley.Characters.Horse	dismounting	Public, InitOnly
0x04002385	StardewValley.Characters.Horse	dismountTile	Private
0x04002386	StardewValley.Characters.Horse	ridingAnimationDirection	Private
0x04002387	StardewValley.Characters.Horse	roomForHorseAtDismountTile	Private
0x04002388	StardewValley.Characters.Horse	hat	Public, InitOnly
0x04002389	StardewValley.Characters.Horse	mutex	Public, InitOnly
0x0400238A	StardewValley.Characters.Horse	onFootstepAction	Public
0x0400238B	StardewValley.Characters.Horse	ateCarrotToday	Public
0x0400238C	StardewValley.Characters.Horse	squeezingThroughGate	Private
0x0400238D	StardewValley.Characters.Horse	munchingCarrotTimer	Private
0x0400238E	StardewValley.Characters.Junimo	alpha	Private, InitOnly
0x0400238F	StardewValley.Characters.Junimo	alphaChange	Private, InitOnly
0x04002390	StardewValley.Characters.Junimo	whichArea	Public, InitOnly
0x04002391	StardewValley.Characters.Junimo	friendly	Public, InitOnly
0x04002392	StardewValley.Characters.Junimo	holdingStar	Public, InitOnly
0x04002393	StardewValley.Characters.Junimo	holdingBundle	Public, InitOnly
0x04002394	StardewValley.Characters.Junimo	temporaryJunimo	Public, InitOnly
0x04002395	StardewValley.Characters.Junimo	stayPut	Public, InitOnly
0x04002396	StardewValley.Characters.Junimo	motion	Private, InitOnly
0x04002397	StardewValley.Characters.Junimo	nextPosition	Private, InitOnly
0x04002398	StardewValley.Characters.Junimo	color	Private, InitOnly
0x04002399	StardewValley.Characters.Junimo	bundleColor	Private, InitOnly
0x0400239A	StardewValley.Characters.Junimo	sayingGoodbye	Private, InitOnly
0x0400239B	StardewValley.Characters.Junimo	setReturnToJunimoHutToFetchStarControllerEvent	Private, InitOnly
0x0400239C	StardewValley.Characters.Junimo	setBringBundleBackToHutControllerEvent	Private, InitOnly
0x0400239D	StardewValley.Characters.Junimo	setJunimoReachedHutToFetchStarControllerEvent	Private, InitOnly
0x0400239E	StardewValley.Characters.Junimo	starDoneSpinningEvent	Private, InitOnly
0x0400239F	StardewValley.Characters.Junimo	returnToJunimoHutToFetchFinalStarEvent	Private, InitOnly
0x040023A0	StardewValley.Characters.Junimo	farmerCloseCheckTimer	Private
0x040023A1	StardewValley.Characters.Junimo	soundTimer	Private, Static
0x040023A2	StardewValley.Characters.JunimoHarvester	alpha	Family
0x040023A3	StardewValley.Characters.JunimoHarvester	alphaChange	Family
0x040023A4	StardewValley.Characters.JunimoHarvester	motion	Family
0x040023A5	StardewValley.Characters.JunimoHarvester	nextPosition	Family
0x040023A6	StardewValley.Characters.JunimoHarvester	color	Family, InitOnly
0x040023A7	StardewValley.Characters.JunimoHarvester	destroy	Family
0x040023A8	StardewValley.Characters.JunimoHarvester	lastItemHarvested	Family
0x040023A9	StardewValley.Characters.JunimoHarvester	whichJunimoFromThisHut	Public
0x040023AA	StardewValley.Characters.JunimoHarvester	harvestTimer	Family
0x040023AB	StardewValley.Characters.JunimoHarvester	isPrismatic	Public, InitOnly
0x040023AC	StardewValley.Characters.JunimoHarvester	netHome	Family, InitOnly
0x040023AD	StardewValley.Characters.JunimoHarvester	netAnimationEvent	Family, InitOnly
0x040023AE	StardewValley.Characters.Pet	type_cat	Public, Static, Literal, HasDefault
0x040023AF	StardewValley.Characters.Pet	type_dog	Public, Static, Literal, HasDefault
0x040023B0	StardewValley.Characters.Pet	petId	Public
0x040023B1	StardewValley.Characters.Pet	bedTime	Public, Static, Literal, HasDefault
0x040023B2	StardewValley.Characters.Pet	maxFriendship	Public, Static, Literal, HasDefault
0x040023B3	StardewValley.Characters.Pet	behavior_Walk	Public, Static, Literal, HasDefault
0x040023B4	StardewValley.Characters.Pet	behavior_Sleep	Public, Static, Literal, HasDefault
0x040023B5	StardewValley.Characters.Pet	behavior_SitDown	Public, Static, Literal, HasDefault
0x040023B6	StardewValley.Characters.Pet	behavior_Sprint	Public, Static, Literal, HasDefault
0x040023B7	StardewValley.Characters.Pet	behaviorTimer	Family
0x040023B8	StardewValley.Characters.Pet	animationLoopsLeft	Family
0x040023B9	StardewValley.Characters.Pet	petType	Public, InitOnly
0x040023BA	StardewValley.Characters.Pet	whichBreed	Public, InitOnly
0x040023BB	StardewValley.Characters.Pet	netCurrentBehavior	Private, InitOnly
0x040023BC	StardewValley.Characters.Pet	homeLocationName	Public, InitOnly
0x040023BD	StardewValley.Characters.Pet	petPushEvent	Public, InitOnly
0x040023BE	StardewValley.Characters.Pet	_currentBehavior	Family
0x040023BF	StardewValley.Characters.Pet	lastPetDay	Public
0x040023C0	StardewValley.Characters.Pet	grantedFriendshipForPet	Public
0x040023C1	StardewValley.Characters.Pet	friendshipTowardFarmer	Public
0x040023C2	StardewValley.Characters.Pet	timesPet	Public
0x040023C3	StardewValley.Characters.Pet	hat	Public, InitOnly
0x040023C4	StardewValley.Characters.Pet	_walkFromPushTimer	Family
0x040023C5	StardewValley.Characters.Pet	isSleepingOnFarmerBed	Public
0x040023C6	StardewValley.Characters.Pet	mutex	Public, InitOnly
0x040023C7	StardewValley.Characters.Pet	pushingTimer	Private
0x040023C8	StardewValley.Characters.Raccoon	mrs_raccoon	Public, InitOnly
0x040023C9	StardewValley.Characters.Raccoon	mutex	Public, InitOnly
0x040023CA	StardewValley.Characters.Raccoon	wasTalkedTo	Private
0x040023CB	StardewValley.Characters.Raccoon	updateFacingDirectionTimer	Private
0x040023CC	StardewValley.Characters.TrashBear	showWantBubbleTimer	Private
0x040023CD	StardewValley.Characters.TrashBear	itemWantedIndex	Public
0x040023CE	StardewValley.Characters.TrashBear	cutsceneEvent	Private, InitOnly
0x040023CF	StardewValley.Characters.TrashBear	eatEvent	Private, InitOnly
0x040023D0	StardewValley.Characters.TrashBear	itemBeingEaten	Private
0x040023D1	StardewValley.Buildings.Building	id	Public, InitOnly
0x040023D2	StardewValley.Buildings.Building	texture	Public
0x040023D3	StardewValley.Buildings.Building	paintedTexture	Public
0x040023D4	StardewValley.Buildings.Building	skinId	Public
0x040023D5	StardewValley.Buildings.Building	indoors	Public, InitOnly
0x040023D6	StardewValley.Buildings.Building	nonInstancedIndoorsName	Public, InitOnly
0x040023D7	StardewValley.Buildings.Building	tileX	Public, InitOnly
0x040023D8	StardewValley.Buildings.Building	tileY	Public, InitOnly
0x040023D9	StardewValley.Buildings.Building	tilesWide	Public, InitOnly
0x040023DA	StardewValley.Buildings.Building	tilesHigh	Public, InitOnly
0x040023DB	StardewValley.Buildings.Building	maxOccupants	Public, InitOnly
0x040023DC	StardewValley.Buildings.Building	currentOccupants	Public, InitOnly
0x040023DD	StardewValley.Buildings.Building	daysOfConstructionLeft	Public, InitOnly
0x040023DE	StardewValley.Buildings.Building	daysUntilUpgrade	Public, InitOnly
0x040023DF	StardewValley.Buildings.Building	upgradeName	Public, InitOnly
0x040023E0	StardewValley.Buildings.Building	buildingType	Public, InitOnly
0x040023E1	StardewValley.Buildings.Building	netBuildingPaintColor	Public
0x040023E2	StardewValley.Buildings.Building	hayCapacity	Public
0x040023E3	StardewValley.Buildings.Building	buildingChests	Public
0x040023E4	StardewValley.Buildings.Building	parentLocationName	Public
0x040023E5	StardewValley.Buildings.Building	hasLoaded	Public
0x040023E6	StardewValley.Buildings.Building	buildingMetadata	Family
0x040023E7	StardewValley.Buildings.Building	lastHouseUpgradeLevel	Family
0x040023E8	StardewValley.Buildings.Building	hasChimney	Family
0x040023E9	StardewValley.Buildings.Building	chimneyPosition	Family
0x040023EA	StardewValley.Buildings.Building	chimneyTimer	Family
0x040023EB	StardewValley.Buildings.Building	<modData>k__BackingField	Private, InitOnly
0x040023EC	StardewValley.Buildings.Building	humanDoor	Public, InitOnly
0x040023ED	StardewValley.Buildings.Building	animalDoor	Public, InitOnly
0x040023EE	StardewValley.Buildings.Building	color	Public
0x040023EF	StardewValley.Buildings.Building	animalDoorOpen	Public, InitOnly
0x040023F0	StardewValley.Buildings.Building	animalDoorOpenAmount	Public, InitOnly
0x040023F1	StardewValley.Buildings.Building	magical	Public, InitOnly
0x040023F2	StardewValley.Buildings.Building	fadeWhenPlayerIsBehind	Public, InitOnly
0x040023F3	StardewValley.Buildings.Building	owner	Public, InitOnly
0x040023F4	StardewValley.Buildings.Building	newConstructionTimer	Family, InitOnly
0x040023F5	StardewValley.Buildings.Building	alpha	Public
0x040023F6	StardewValley.Buildings.Building	_isMoving	Family
0x040023F7	StardewValley.Buildings.Building	<NetFields>k__BackingField	Private, InitOnly
0x040023F8	StardewValley.Buildings.Building	leftShadow	Public, Static
0x040023F9	StardewValley.Buildings.Building	middleShadow	Public, Static
0x040023FA	StardewValley.Buildings.Building	rightShadow	Public, Static
0x040023FB	StardewValley.Buildings.FishPond	MAXIMUM_OCCUPANCY	Public, Static, Literal, HasDefault
0x040023FC	StardewValley.Buildings.FishPond	FISHING_MILLISECONDS	Public, Static, InitOnly
0x040023FD	StardewValley.Buildings.FishPond	HARVEST_BASE_EXP	Public, Static, InitOnly
0x040023FE	StardewValley.Buildings.FishPond	HARVEST_OUTPUT_EXP_MULTIPLIER	Public, Static, InitOnly
0x040023FF	StardewValley.Buildings.FishPond	QUEST_BASE_EXP	Public, Static, InitOnly
0x04002400	StardewValley.Buildings.FishPond	QUEST_SPAWNRATE_EXP_MULTIPIER	Public, Static, InitOnly
0x04002401	StardewValley.Buildings.FishPond	NUMBER_OF_NETTING_STYLE_TYPES	Public, Static, Literal, HasDefault
0x04002402	StardewValley.Buildings.FishPond	fishType	Public, InitOnly
0x04002403	StardewValley.Buildings.FishPond	lastUnlockedPopulationGate	Public, InitOnly
0x04002404	StardewValley.Buildings.FishPond	hasCompletedRequest	Public, InitOnly
0x04002405	StardewValley.Buildings.FishPond	goldenAnimalCracker	Public, InitOnly
0x04002406	StardewValley.Buildings.FishPond	isPlayingGoldenCrackerAnimation	Public, InitOnly
0x04002407	StardewValley.Buildings.FishPond	sign	Public, InitOnly
0x04002408	StardewValley.Buildings.FishPond	overrideWaterColor	Public, InitOnly
0x04002409	StardewValley.Buildings.FishPond	output	Public, InitOnly
0x0400240A	StardewValley.Buildings.FishPond	neededItem	Public, InitOnly
0x0400240B	StardewValley.Buildings.FishPond	neededItemCount	Public, InitOnly
0x0400240C	StardewValley.Buildings.FishPond	daysSinceSpawn	Public, InitOnly
0x0400240D	StardewValley.Buildings.FishPond	nettingStyle	Public, InitOnly
0x0400240E	StardewValley.Buildings.FishPond	seedOffset	Public, InitOnly
0x0400240F	StardewValley.Buildings.FishPond	hasSpawnedFish	Public, InitOnly
0x04002410	StardewValley.Buildings.FishPond	needsMutex	Public, InitOnly
0x04002411	StardewValley.Buildings.FishPond	_hasAnimatedSpawnedFish	Family
0x04002412	StardewValley.Buildings.FishPond	_delayUntilFishSilhouetteAdded	Family
0x04002413	StardewValley.Buildings.FishPond	_numberOfFishToJump	Family
0x04002414	StardewValley.Buildings.FishPond	_timeUntilFishHop	Family
0x04002415	StardewValley.Buildings.FishPond	_fishObject	Family
0x04002416	StardewValley.Buildings.FishPond	_fishSilhouettes	Public
0x04002417	StardewValley.Buildings.FishPond	_jumpingFish	Public
0x04002418	StardewValley.Buildings.FishPond	animateHappyFishEvent	Private, InitOnly
0x04002419	StardewValley.Buildings.FishPond	animations	Public
0x0400241A	StardewValley.Buildings.FishPond	_fishPondData	Family
0x0400241B	StardewValley.Buildings.JumpingFish	startPosition	Public
0x0400241C	StardewValley.Buildings.JumpingFish	endPosition	Public
0x0400241D	StardewValley.Buildings.JumpingFish	_age	Family
0x0400241E	StardewValley.Buildings.JumpingFish	jumpTime	Public
0x0400241F	StardewValley.Buildings.JumpingFish	_pond	Family
0x04002420	StardewValley.Buildings.JumpingFish	_fishObject	Family
0x04002421	StardewValley.Buildings.JumpingFish	_flipped	Family
0x04002422	StardewValley.Buildings.JumpingFish	position	Public
0x04002423	StardewValley.Buildings.JumpingFish	jumpHeight	Public
0x04002424	StardewValley.Buildings.JumpingFish	angularVelocity	Public
0x04002425	StardewValley.Buildings.JumpingFish	angle	Public
0x04002426	StardewValley.Buildings.PondFishSilhouette	position	Public
0x04002427	StardewValley.Buildings.PondFishSilhouette	_pond	Family
0x04002428	StardewValley.Buildings.PondFishSilhouette	_fishObject	Family
0x04002429	StardewValley.Buildings.PondFishSilhouette	_velocity	Family
0x0400242A	StardewValley.Buildings.PondFishSilhouette	nextDart	Family
0x0400242B	StardewValley.Buildings.PondFishSilhouette	_upRight	Family
0x0400242C	StardewValley.Buildings.PondFishSilhouette	_age	Family
0x0400242D	StardewValley.Buildings.PondFishSilhouette	_wiggleTimer	Family
0x0400242E	StardewValley.Buildings.PondFishSilhouette	_sinkAmount	Family
0x0400242F	StardewValley.Buildings.PondFishSilhouette	_randomOffset	Family
0x04002430	StardewValley.Buildings.PondFishSilhouette	_flipped	Family
0x04002431	StardewValley.Buildings.GreenhouseBuilding	_farm	Family
0x04002432	StardewValley.Buildings.IndoorsType	value__	Public, SpecialName, RTSpecialName
0x04002433	StardewValley.Buildings.IndoorsType	None	Public, Static, Literal, HasDefault
0x04002434	StardewValley.Buildings.IndoorsType	Instanced	Public, Static, Literal, HasDefault
0x04002435	StardewValley.Buildings.IndoorsType	Global	Public, Static, Literal, HasDefault
0x04002436	StardewValley.Buildings.JunimoHut	cropHarvestRadius	Public
0x04002437	StardewValley.Buildings.JunimoHut	obsolete_output	Public
0x04002438	StardewValley.Buildings.JunimoHut	noHarvest	Public, InitOnly
0x04002439	StardewValley.Buildings.JunimoHut	wasLit	Public, InitOnly
0x0400243A	StardewValley.Buildings.JunimoHut	junimoSendOutTimer	Private
0x0400243B	StardewValley.Buildings.JunimoHut	myJunimos	Public
0x0400243C	StardewValley.Buildings.JunimoHut	lastKnownCropLocation	Public
0x0400243D	StardewValley.Buildings.JunimoHut	raisinDays	Public
0x0400243E	StardewValley.Buildings.JunimoHut	shouldSendOutJunimos	Public
0x0400243F	StardewValley.Buildings.JunimoHut	lightInteriorRect	Private
0x04002440	StardewValley.Buildings.JunimoHut	bagRect	Private
0x04002441	StardewValley.Buildings.Mill	obsolete_input	Public
0x04002442	StardewValley.Buildings.Mill	obsolete_output	Public
0x04002443	StardewValley.Buildings.PetBowl	watered	Public, InitOnly
0x04002444	StardewValley.Buildings.PetBowl	nameTimer	Private
0x04002445	StardewValley.Buildings.PetBowl	nameTimerMessage	Private
0x04002446	StardewValley.Buildings.PetBowl	petId	Public, InitOnly
0x04002447	StardewValley.Buildings.ShippingBin	shippingBinLid	Private
0x04002448	StardewValley.Buildings.ShippingBin	farm	Private
0x04002449	StardewValley.Buildings.ShippingBin	shippingBinLidOpenArea	Private
0x0400244A	StardewValley.Buildings.ShippingBin	_lidGenerationPosition	Family
0x0400244B	StardewValley.Buffs.BuffAttributeDisplay	Texture	Public, InitOnly
0x0400244C	StardewValley.Buffs.BuffAttributeDisplay	SpriteIndex	Public, InitOnly
0x0400244D	StardewValley.Buffs.BuffAttributeDisplay	Value	Public, InitOnly
0x0400244E	StardewValley.Buffs.BuffAttributeDisplay	Description	Public, InitOnly
0x0400244F	StardewValley.Buffs.BuffEffects	AdditiveFields	Private, InitOnly
0x04002450	StardewValley.Buffs.BuffEffects	MultiplicativeFields	Private, InitOnly
0x04002451	StardewValley.Buffs.BuffEffects	<NetFields>k__BackingField	Private, InitOnly
0x04002452	StardewValley.Buffs.BuffEffects	CombatLevel	Public, InitOnly
0x04002453	StardewValley.Buffs.BuffEffects	FarmingLevel	Public, InitOnly
0x04002454	StardewValley.Buffs.BuffEffects	FishingLevel	Public, InitOnly
0x04002455	StardewValley.Buffs.BuffEffects	MiningLevel	Public, InitOnly
0x04002456	StardewValley.Buffs.BuffEffects	LuckLevel	Public, InitOnly
0x04002457	StardewValley.Buffs.BuffEffects	ForagingLevel	Public, InitOnly
0x04002458	StardewValley.Buffs.BuffEffects	MaxStamina	Public, InitOnly
0x04002459	StardewValley.Buffs.BuffEffects	MagneticRadius	Public, InitOnly
0x0400245A	StardewValley.Buffs.BuffEffects	Speed	Public, InitOnly
0x0400245B	StardewValley.Buffs.BuffEffects	Defense	Public, InitOnly
0x0400245C	StardewValley.Buffs.BuffEffects	Attack	Public, InitOnly
0x0400245D	StardewValley.Buffs.BuffEffects	AttackMultiplier	Public, InitOnly
0x0400245E	StardewValley.Buffs.BuffEffects	Immunity	Public, InitOnly
0x0400245F	StardewValley.Buffs.BuffEffects	KnockbackMultiplier	Public, InitOnly
0x04002460	StardewValley.Buffs.BuffEffects	WeaponSpeedMultiplier	Public, InitOnly
0x04002461	StardewValley.Buffs.BuffEffects	CriticalChanceMultiplier	Public, InitOnly
0x04002462	StardewValley.Buffs.BuffEffects	CriticalPowerMultiplier	Public, InitOnly
0x04002463	StardewValley.Buffs.BuffEffects	WeaponPrecisionMultiplier	Public, InitOnly
0x04002464	StardewValley.Buffs.BuffManager	Player	Family
0x04002465	StardewValley.Buffs.BuffManager	CombinedEffects	Family, InitOnly
0x04002466	StardewValley.Buffs.BuffManager	AppliedBuffs	Public, InitOnly
0x04002467	StardewValley.Buffs.BuffManager	AppliedBuffIds	Public, InitOnly
0x04002468	StardewValley.Buffs.BuffManager	<NetFields>k__BackingField	Private, InitOnly
0x04002469	StardewValley.Buffs.BuffManager	Dirty	Public
0x0400246A	StardewValley.BellsAndWhistles.AmbientLocationSounds	sound_babblingBrook	Public, Static, Literal, HasDefault
0x0400246B	StardewValley.BellsAndWhistles.AmbientLocationSounds	sound_cracklingFire	Public, Static, Literal, HasDefault
0x0400246C	StardewValley.BellsAndWhistles.AmbientLocationSounds	sound_engine	Public, Static, Literal, HasDefault
0x0400246D	StardewValley.BellsAndWhistles.AmbientLocationSounds	sound_cricket	Public, Static, Literal, HasDefault
0x0400246E	StardewValley.BellsAndWhistles.AmbientLocationSounds	sound_waterfall	Public, Static, Literal, HasDefault
0x0400246F	StardewValley.BellsAndWhistles.AmbientLocationSounds	sound_waterfall_big	Public, Static, Literal, HasDefault
0x04002470	StardewValley.BellsAndWhistles.AmbientLocationSounds	numberOfSounds	Public, Static, Literal, HasDefault
0x04002471	StardewValley.BellsAndWhistles.AmbientLocationSounds	doNotPlay	Public, Static, Literal, HasDefault
0x04002472	StardewValley.BellsAndWhistles.AmbientLocationSounds	sounds	Private, Static
0x04002473	StardewValley.BellsAndWhistles.AmbientLocationSounds	updateTimer	Private, Static
0x04002474	StardewValley.BellsAndWhistles.AmbientLocationSounds	farthestSoundDistance	Private, Static
0x04002475	StardewValley.BellsAndWhistles.AmbientLocationSounds	shortestDistanceForCue	Private, Static
0x04002476	StardewValley.BellsAndWhistles.AmbientLocationSounds	babblingBrook	Private, Static
0x04002477	StardewValley.BellsAndWhistles.AmbientLocationSounds	cracklingFire	Private, Static
0x04002478	StardewValley.BellsAndWhistles.AmbientLocationSounds	engine	Private, Static
0x04002479	StardewValley.BellsAndWhistles.AmbientLocationSounds	cricket	Private, Static
0x0400247A	StardewValley.BellsAndWhistles.AmbientLocationSounds	waterfall	Private, Static
0x0400247B	StardewValley.BellsAndWhistles.AmbientLocationSounds	waterfallBig	Private, Static
0x0400247C	StardewValley.BellsAndWhistles.AmbientLocationSounds	volumeOverrideForLocChange	Private, Static
0x0400247D	StardewValley.BellsAndWhistles.Birdie	brownBird	Public, Static, Literal, HasDefault
0x0400247E	StardewValley.BellsAndWhistles.Birdie	blueBird	Public, Static, Literal, HasDefault
0x0400247F	StardewValley.BellsAndWhistles.Birdie	flyingSpeed	Public, Static, Literal, HasDefault
0x04002480	StardewValley.BellsAndWhistles.Birdie	walkingSpeed	Public, Static, Literal, HasDefault
0x04002481	StardewValley.BellsAndWhistles.Birdie	pecking	Public, Static, Literal, HasDefault
0x04002482	StardewValley.BellsAndWhistles.Birdie	flyingAway	Public, Static, Literal, HasDefault
0x04002483	StardewValley.BellsAndWhistles.Birdie	sleeping	Public, Static, Literal, HasDefault
0x04002484	StardewValley.BellsAndWhistles.Birdie	stopped	Public, Static, Literal, HasDefault
0x04002485	StardewValley.BellsAndWhistles.Birdie	walking	Public, Static, Literal, HasDefault
0x04002486	StardewValley.BellsAndWhistles.Birdie	state	Private
0x04002487	StardewValley.BellsAndWhistles.Birdie	flightOffset	Private
0x04002488	StardewValley.BellsAndWhistles.Birdie	stationary	Private
0x04002489	StardewValley.BellsAndWhistles.Birdie	characterCheckTimer	Private
0x0400248A	StardewValley.BellsAndWhistles.Birdie	walkTimer	Private
0x0400248B	StardewValley.BellsAndWhistles.Butterfly	maxSpeed	Public, Static, Literal, HasDefault
0x0400248C	StardewValley.BellsAndWhistles.Butterfly	flapTimer	Private
0x0400248D	StardewValley.BellsAndWhistles.Butterfly	flapSpeed	Private
0x0400248E	StardewValley.BellsAndWhistles.Butterfly	motion	Private
0x0400248F	StardewValley.BellsAndWhistles.Butterfly	motionMultiplier	Private
0x04002490	StardewValley.BellsAndWhistles.Butterfly	prismaticCaptureTimer	Private
0x04002491	StardewValley.BellsAndWhistles.Butterfly	prismaticSprinkleTimer	Private
0x04002492	StardewValley.BellsAndWhistles.Butterfly	summerButterfly	Private
0x04002493	StardewValley.BellsAndWhistles.Butterfly	stayInbounds	Public
0x04002494	StardewValley.BellsAndWhistles.Butterfly	isPrismatic	Public
0x04002495	StardewValley.BellsAndWhistles.Butterfly	isLit	Public
0x04002496	StardewValley.BellsAndWhistles.Butterfly	lightId	Private
0x04002497	StardewValley.BellsAndWhistles.CalderaMonkey	phase_tailBOB	Private, Static, Literal, HasDefault
0x04002498	StardewValley.BellsAndWhistles.CalderaMonkey	phase_footPaddle	Private, Static, Literal, HasDefault
0x04002499	StardewValley.BellsAndWhistles.CalderaMonkey	phase_relaxing	Private, Static, Literal, HasDefault
0x0400249A	StardewValley.BellsAndWhistles.CalderaMonkey	phase_scream	Private, Static, Literal, HasDefault
0x0400249B	StardewValley.BellsAndWhistles.CalderaMonkey	movementRectangle	Public
0x0400249C	StardewValley.BellsAndWhistles.CalderaMonkey	currentPhase	Private
0x0400249D	StardewValley.BellsAndWhistles.CalderaMonkey	currentFrame	Private
0x0400249E	StardewValley.BellsAndWhistles.CalderaMonkey	nextFrameTimer	Private
0x0400249F	StardewValley.BellsAndWhistles.CalderaMonkey	nextPhaseTimer	Private
0x040024A0	StardewValley.BellsAndWhistles.CalderaMonkey	currentFrameDelay	Private
0x040024A1	StardewValley.BellsAndWhistles.CalderaMonkey	_baseSourceRectangle	Family
0x040024A2	StardewValley.BellsAndWhistles.CalderaMonkey	movementDirection	Family
0x040024A3	StardewValley.BellsAndWhistles.CalderaMonkey	buddies	Private
0x040024A4	StardewValley.BellsAndWhistles.CalderaMonkey	texture	Private
0x040024A5	StardewValley.BellsAndWhistles.CalderaMonkey	swimShadow	Private
0x040024A6	StardewValley.BellsAndWhistles.Cloud	width	Public, Static, Literal, HasDefault
0x040024A7	StardewValley.BellsAndWhistles.Cloud	height	Public, Static, Literal, HasDefault
0x040024A8	StardewValley.BellsAndWhistles.Cloud	zoom	Public
0x040024A9	StardewValley.BellsAndWhistles.Cloud	verticalFlip	Private
0x040024AA	StardewValley.BellsAndWhistles.Cloud	horizontalFlip	Private
0x040024AB	StardewValley.BellsAndWhistles.CrabCritter	movementRectangle	Public
0x040024AC	StardewValley.BellsAndWhistles.CrabCritter	nextCharacterCheck	Public
0x040024AD	StardewValley.BellsAndWhistles.CrabCritter	nextFrameChange	Public
0x040024AE	StardewValley.BellsAndWhistles.CrabCritter	nextMovementChange	Public
0x040024AF	StardewValley.BellsAndWhistles.CrabCritter	moving	Public
0x040024B0	StardewValley.BellsAndWhistles.CrabCritter	diving	Public
0x040024B1	StardewValley.BellsAndWhistles.CrabCritter	skittering	Public
0x040024B2	StardewValley.BellsAndWhistles.CrabCritter	skitterTime	Family
0x040024B3	StardewValley.BellsAndWhistles.CrabCritter	_baseSourceRectangle	Family
0x040024B4	StardewValley.BellsAndWhistles.CrabCritter	_currentFrame	Family
0x040024B5	StardewValley.BellsAndWhistles.CrabCritter	_crabVariant	Family
0x040024B6	StardewValley.BellsAndWhistles.CrabCritter	movementDirection	Family
0x040024B7	StardewValley.BellsAndWhistles.CrabCritter	movementBounds	Public
0x040024B8	StardewValley.BellsAndWhistles.Critter	spriteWidth	Public, Static, Literal, HasDefault
0x040024B9	StardewValley.BellsAndWhistles.Critter	spriteHeight	Public, Static, Literal, HasDefault
0x040024BA	StardewValley.BellsAndWhistles.Critter	gravity	Public, Static, Literal, HasDefault
0x040024BB	StardewValley.BellsAndWhistles.Critter	critterTexture	Public, Static
0x040024BC	StardewValley.BellsAndWhistles.Critter	position	Public
0x040024BD	StardewValley.BellsAndWhistles.Critter	startingPosition	Public
0x040024BE	StardewValley.BellsAndWhistles.Critter	baseFrame	Public
0x040024BF	StardewValley.BellsAndWhistles.Critter	sprite	Public
0x040024C0	StardewValley.BellsAndWhistles.Critter	flip	Public
0x040024C1	StardewValley.BellsAndWhistles.Critter	gravityAffectedDY	Public
0x040024C2	StardewValley.BellsAndWhistles.Critter	yOffset	Public
0x040024C3	StardewValley.BellsAndWhistles.Critter	yJumpOffset	Public
0x040024C4	StardewValley.BellsAndWhistles.Crow	flyingSpeed	Public, Static, Literal, HasDefault
0x040024C5	StardewValley.BellsAndWhistles.Crow	pecking	Public, Static, Literal, HasDefault
0x040024C6	StardewValley.BellsAndWhistles.Crow	flyingAway	Public, Static, Literal, HasDefault
0x040024C7	StardewValley.BellsAndWhistles.Crow	sleeping	Public, Static, Literal, HasDefault
0x040024C8	StardewValley.BellsAndWhistles.Crow	stopped	Public, Static, Literal, HasDefault
0x040024C9	StardewValley.BellsAndWhistles.Crow	state	Private
0x040024CA	StardewValley.BellsAndWhistles.EmilysParrot	flappingPhase	Public, Static, Literal, HasDefault
0x040024CB	StardewValley.BellsAndWhistles.EmilysParrot	hoppingPhase	Public, Static, Literal, HasDefault
0x040024CC	StardewValley.BellsAndWhistles.EmilysParrot	lookingSidewaysPhase	Public, Static, Literal, HasDefault
0x040024CD	StardewValley.BellsAndWhistles.EmilysParrot	nappingPhase	Public, Static, Literal, HasDefault
0x040024CE	StardewValley.BellsAndWhistles.EmilysParrot	headBobbingPhase	Public, Static, Literal, HasDefault
0x040024CF	StardewValley.BellsAndWhistles.EmilysParrot	currentFrame	Private
0x040024D0	StardewValley.BellsAndWhistles.EmilysParrot	currentFrameTimer	Private
0x040024D1	StardewValley.BellsAndWhistles.EmilysParrot	currentPhaseTimer	Private
0x040024D2	StardewValley.BellsAndWhistles.EmilysParrot	currentPhase	Private
0x040024D3	StardewValley.BellsAndWhistles.EmilysParrot	shakeTimer	Private
0x040024D4	StardewValley.BellsAndWhistles.Firefly	glowing	Private
0x040024D5	StardewValley.BellsAndWhistles.Firefly	id	Private
0x040024D6	StardewValley.BellsAndWhistles.Firefly	motion	Private
0x040024D7	StardewValley.BellsAndWhistles.Firefly	light	Private
0x040024D8	StardewValley.BellsAndWhistles.Frog	waterLeaper	Private
0x040024D9	StardewValley.BellsAndWhistles.Frog	leapingIntoWater	Private
0x040024DA	StardewValley.BellsAndWhistles.Frog	splash	Private
0x040024DB	StardewValley.BellsAndWhistles.Frog	characterCheckTimer	Private
0x040024DC	StardewValley.BellsAndWhistles.Frog	beforeFadeTimer	Private
0x040024DD	StardewValley.BellsAndWhistles.Frog	alpha	Private
0x040024DE	StardewValley.BellsAndWhistles.MoneyDial	digitHeight	Public, Static, Literal, HasDefault
0x040024DF	StardewValley.BellsAndWhistles.MoneyDial	numDigits	Public
0x040024E0	StardewValley.BellsAndWhistles.MoneyDial	currentValue	Public
0x040024E1	StardewValley.BellsAndWhistles.MoneyDial	previousTargetValue	Public
0x040024E2	StardewValley.BellsAndWhistles.MoneyDial	animations	Public
0x040024E3	StardewValley.BellsAndWhistles.MoneyDial	speed	Private
0x040024E4	StardewValley.BellsAndWhistles.MoneyDial	soundTimer	Private
0x040024E5	StardewValley.BellsAndWhistles.MoneyDial	moneyMadeAccumulator	Private
0x040024E6	StardewValley.BellsAndWhistles.MoneyDial	moneyShineTimer	Private
0x040024E7	StardewValley.BellsAndWhistles.MoneyDial	playSounds	Private
0x040024E8	StardewValley.BellsAndWhistles.MoneyDial	onPlaySound	Public
0x040024E9	StardewValley.BellsAndWhistles.MoneyDial	ShouldShakeMainMoneyBox	Public
0x040024EA	StardewValley.BellsAndWhistles.Opossum	characterCheckTimer	Private
0x040024EB	StardewValley.BellsAndWhistles.Opossum	running	Private
0x040024EC	StardewValley.BellsAndWhistles.Opossum	jumpTimer	Private
0x040024ED	StardewValley.BellsAndWhistles.OverheadParrot	_texture	Family
0x040024EE	StardewValley.BellsAndWhistles.OverheadParrot	velocity	Public
0x040024EF	StardewValley.BellsAndWhistles.OverheadParrot	age	Public
0x040024F0	StardewValley.BellsAndWhistles.OverheadParrot	flyOffset	Public
0x040024F1	StardewValley.BellsAndWhistles.OverheadParrot	height	Public
0x040024F2	StardewValley.BellsAndWhistles.OverheadParrot	sourceRect	Public
0x040024F3	StardewValley.BellsAndWhistles.OverheadParrot	drawOffset	Public
0x040024F4	StardewValley.BellsAndWhistles.OverheadParrot	spriteFlapFrames	Public
0x040024F5	StardewValley.BellsAndWhistles.OverheadParrot	currentFlapIndex	Public
0x040024F6	StardewValley.BellsAndWhistles.OverheadParrot	flapFrameAccumulator	Public
0x040024F7	StardewValley.BellsAndWhistles.OverheadParrot	swayAmount	Public
0x040024F8	StardewValley.BellsAndWhistles.OverheadParrot	lastDrawPosition	Public
0x040024F9	StardewValley.BellsAndWhistles.OverheadParrot	_shouldDrawShadow	Family
0x040024FA	StardewValley.BellsAndWhistles.ParrotPlatform	activePlatform	Public, Static
0x040024FB	StardewValley.BellsAndWhistles.ParrotPlatform	position	Public
0x040024FC	StardewValley.BellsAndWhistles.ParrotPlatform	texture	Public
0x040024FD	StardewValley.BellsAndWhistles.ParrotPlatform	parrots	Public
0x040024FE	StardewValley.BellsAndWhistles.ParrotPlatform	height	Public
0x040024FF	StardewValley.BellsAndWhistles.ParrotPlatform	_takeoffEvent	Family
0x04002500	StardewValley.BellsAndWhistles.ParrotPlatform	takeoffState	Public
0x04002501	StardewValley.BellsAndWhistles.ParrotPlatform	stateTimer	Public
0x04002502	StardewValley.BellsAndWhistles.ParrotPlatform	liftSpeed	Public
0x04002503	StardewValley.BellsAndWhistles.ParrotPlatform	_onActivationTile	Family
0x04002504	StardewValley.BellsAndWhistles.ParrotPlatform	shake	Public
0x04002505	StardewValley.BellsAndWhistles.ParrotPlatform	currentLocationKey	Public
0x04002506	StardewValley.BellsAndWhistles.ParrotPlatform	currentDestination	Public
0x04002507	StardewValley.BellsAndWhistles.ParrotUpgradePerch	GoldenParrotMailKey	Public, Static, Literal, HasDefault
0x04002508	StardewValley.BellsAndWhistles.ParrotUpgradePerch	animationEvent	Public
0x04002509	StardewValley.BellsAndWhistles.ParrotUpgradePerch	upgradeMutex	Public
0x0400250A	StardewValley.BellsAndWhistles.ParrotUpgradePerch	tilePosition	Public
0x0400250B	StardewValley.BellsAndWhistles.ParrotUpgradePerch	texture	Public
0x0400250C	StardewValley.BellsAndWhistles.ParrotUpgradePerch	upgradeRect	Public
0x0400250D	StardewValley.BellsAndWhistles.ParrotUpgradePerch	parrots	Public
0x0400250E	StardewValley.BellsAndWhistles.ParrotUpgradePerch	upgradeCompleteEvent	Public
0x0400250F	StardewValley.BellsAndWhistles.ParrotUpgradePerch	currentState	Public
0x04002510	StardewValley.BellsAndWhistles.ParrotUpgradePerch	stateTimer	Public
0x04002511	StardewValley.BellsAndWhistles.ParrotUpgradePerch	requiredNuts	Public
0x04002512	StardewValley.BellsAndWhistles.ParrotUpgradePerch	squawkTime	Public
0x04002513	StardewValley.BellsAndWhistles.ParrotUpgradePerch	timeUntilChomp	Public
0x04002514	StardewValley.BellsAndWhistles.ParrotUpgradePerch	timeUntilSqwawk	Public
0x04002515	StardewValley.BellsAndWhistles.ParrotUpgradePerch	shakeTime	Public
0x04002516	StardewValley.BellsAndWhistles.ParrotUpgradePerch	costShakeTime	Public
0x04002517	StardewValley.BellsAndWhistles.ParrotUpgradePerch	<NetFields>k__BackingField	Private, InitOnly
0x04002518	StardewValley.BellsAndWhistles.ParrotUpgradePerch	PARROT_COUNT	Public, Static, Literal, HasDefault
0x04002519	StardewValley.BellsAndWhistles.ParrotUpgradePerch	parrotPresent	Public
0x0400251A	StardewValley.BellsAndWhistles.ParrotUpgradePerch	isPlayerNearby	Public
0x0400251B	StardewValley.BellsAndWhistles.ParrotUpgradePerch	upgradeName	Public
0x0400251C	StardewValley.BellsAndWhistles.ParrotUpgradePerch	requiredMail	Public
0x0400251D	StardewValley.BellsAndWhistles.ParrotUpgradePerch	nextParrotSpawn	Public
0x0400251E	StardewValley.BellsAndWhistles.ParrotUpgradePerch	locationRef	Public
0x0400251F	StardewValley.BellsAndWhistles.ParrotUpgradePerch	onApplyUpgrade	Public
0x04002520	StardewValley.BellsAndWhistles.ParrotUpgradePerch	onUpdateCompletionStatus	Public
0x04002521	StardewValley.BellsAndWhistles.ParrotUpgradePerch	_cachedAvailablity	Family
0x04002522	StardewValley.BellsAndWhistles.PerchingBirds	BIRD_STARTLE_DISTANCE	Public, Static, Literal, HasDefault
0x04002523	StardewValley.BellsAndWhistles.PerchingBirds	_birds	Public
0x04002524	StardewValley.BellsAndWhistles.PerchingBirds	_birdLocations	Family
0x04002525	StardewValley.BellsAndWhistles.PerchingBirds	_birdRoostLocations	Family
0x04002526	StardewValley.BellsAndWhistles.PerchingBirds	_birdPointOccupancy	Public
0x04002527	StardewValley.BellsAndWhistles.PerchingBirds	roosting	Public
0x04002528	StardewValley.BellsAndWhistles.PerchingBirds	_birdSheet	Family
0x04002529	StardewValley.BellsAndWhistles.PerchingBirds	_birdWidth	Family
0x0400252A	StardewValley.BellsAndWhistles.PerchingBirds	_birdHeight	Family
0x0400252B	StardewValley.BellsAndWhistles.PerchingBirds	_flapFrames	Family
0x0400252C	StardewValley.BellsAndWhistles.PerchingBirds	_birdOrigin	Family
0x0400252D	StardewValley.BellsAndWhistles.PerchingBirds	peckDuration	Public
0x0400252E	StardewValley.BellsAndWhistles.PerchingBirds	birdSpeed	Public
0x0400252F	StardewValley.BellsAndWhistles.Bird	position	Public
0x04002530	StardewValley.BellsAndWhistles.Bird	startPosition	Public
0x04002531	StardewValley.BellsAndWhistles.Bird	endPosition	Public
0x04002532	StardewValley.BellsAndWhistles.Bird	pathPosition	Public
0x04002533	StardewValley.BellsAndWhistles.Bird	velocity	Public
0x04002534	StardewValley.BellsAndWhistles.Bird	framesUntilNextMove	Public
0x04002535	StardewValley.BellsAndWhistles.Bird	birdState	Public
0x04002536	StardewValley.BellsAndWhistles.Bird	context	Public
0x04002537	StardewValley.BellsAndWhistles.Bird	peckFrames	Public
0x04002538	StardewValley.BellsAndWhistles.Bird	nextPeck	Public
0x04002539	StardewValley.BellsAndWhistles.Bird	peckDirection	Public
0x0400253A	StardewValley.BellsAndWhistles.Bird	birdType	Public
0x0400253B	StardewValley.BellsAndWhistles.Bird	flapFrames	Public
0x0400253C	StardewValley.BellsAndWhistles.Bird	flyArcHeight	Public
0x0400253D	StardewValley.BellsAndWhistles.PlayerStatusList	<NetFields>k__BackingField	Private, InitOnly
0x0400253E	StardewValley.BellsAndWhistles.PlayerStatusList	_statusList	Family, InitOnly
0x0400253F	StardewValley.BellsAndWhistles.PlayerStatusList	_formattedStatusList	Family, InitOnly
0x04002540	StardewValley.BellsAndWhistles.PlayerStatusList	_iconSprites	Family, InitOnly
0x04002541	StardewValley.BellsAndWhistles.PlayerStatusList	_sortedFarmers	Family, InitOnly
0x04002542	StardewValley.BellsAndWhistles.PlayerStatusList	iconAnimationFrames	Public
0x04002543	StardewValley.BellsAndWhistles.PlayerStatusList	largestSpriteWidth	Public
0x04002544	StardewValley.BellsAndWhistles.PlayerStatusList	largestSpriteHeight	Public
0x04002545	StardewValley.BellsAndWhistles.PlayerStatusList	sortMode	Public
0x04002546	StardewValley.BellsAndWhistles.PlayerStatusList	displayMode	Public
0x04002547	StardewValley.BellsAndWhistles.PlayerStatusList	_iconDefinitions	Family
0x04002548	StardewValley.BellsAndWhistles.Rabbit	characterCheckTimer	Private
0x04002549	StardewValley.BellsAndWhistles.Rabbit	running	Private
0x0400254A	StardewValley.BellsAndWhistles.SandDuggy	holeLocations	Public
0x0400254B	StardewValley.BellsAndWhistles.SandDuggy	frame	Public
0x0400254C	StardewValley.BellsAndWhistles.SandDuggy	currentHoleIndex	Public
0x0400254D	StardewValley.BellsAndWhistles.SandDuggy	_localIndex	Public
0x0400254E	StardewValley.BellsAndWhistles.SandDuggy	<NetFields>k__BackingField	Private, InitOnly
0x0400254F	StardewValley.BellsAndWhistles.SandDuggy	locationRef	Public
0x04002550	StardewValley.BellsAndWhistles.SandDuggy	currentState	Public
0x04002551	StardewValley.BellsAndWhistles.SandDuggy	texture	Public
0x04002552	StardewValley.BellsAndWhistles.SandDuggy	nextFrameUpdate	Public
0x04002553	StardewValley.BellsAndWhistles.SandDuggy	whacked	Public
0x04002554	StardewValley.BellsAndWhistles.ScreenFade	globalFade	Public
0x04002555	StardewValley.BellsAndWhistles.ScreenFade	fadeIn	Public
0x04002556	StardewValley.BellsAndWhistles.ScreenFade	fadeToBlack	Public
0x04002557	StardewValley.BellsAndWhistles.ScreenFade	nonWarpFade	Public
0x04002558	StardewValley.BellsAndWhistles.ScreenFade	fadeToBlackAlpha	Public
0x04002559	StardewValley.BellsAndWhistles.ScreenFade	globalFadeSpeed	Public
0x0400255A	StardewValley.BellsAndWhistles.ScreenFade	fadeToFudge	Private, Static, Literal, HasDefault
0x0400255B	StardewValley.BellsAndWhistles.ScreenFade	afterFade	Private
0x0400255C	StardewValley.BellsAndWhistles.ScreenFade	onFadeToBlackComplete	Private
0x0400255D	StardewValley.BellsAndWhistles.ScreenFade	onFadedBackInComplete	Private
0x0400255E	StardewValley.BellsAndWhistles.ScreenSwipe	swipe_bundleComplete	Public, Static, Literal, HasDefault
0x0400255F	StardewValley.BellsAndWhistles.ScreenSwipe	swipe_raccoon	Public, Static, Literal, HasDefault
0x04002560	StardewValley.BellsAndWhistles.ScreenSwipe	borderPixelWidth	Public, Static, Literal, HasDefault
0x04002561	StardewValley.BellsAndWhistles.ScreenSwipe	bgSource	Private
0x04002562	StardewValley.BellsAndWhistles.ScreenSwipe	flairSource	Private
0x04002563	StardewValley.BellsAndWhistles.ScreenSwipe	messageSource	Private
0x04002564	StardewValley.BellsAndWhistles.ScreenSwipe	movingFlairSource	Private
0x04002565	StardewValley.BellsAndWhistles.ScreenSwipe	bgDest	Private
0x04002566	StardewValley.BellsAndWhistles.ScreenSwipe	yPosition	Private
0x04002567	StardewValley.BellsAndWhistles.ScreenSwipe	durationAfterSwipe	Private
0x04002568	StardewValley.BellsAndWhistles.ScreenSwipe	originalBGSourceXLimit	Private
0x04002569	StardewValley.BellsAndWhistles.ScreenSwipe	flairPositions	Private
0x0400256A	StardewValley.BellsAndWhistles.ScreenSwipe	messagePosition	Private
0x0400256B	StardewValley.BellsAndWhistles.ScreenSwipe	movingFlairPosition	Private
0x0400256C	StardewValley.BellsAndWhistles.ScreenSwipe	movingFlairMotion	Private
0x0400256D	StardewValley.BellsAndWhistles.ScreenSwipe	swipeVelocity	Private
0x0400256E	StardewValley.BellsAndWhistles.ScreenSwipe	texture	Private
0x0400256F	StardewValley.BellsAndWhistles.ScreenSwipe	width	Private
0x04002570	StardewValley.BellsAndWhistles.ScreenSwipe	height	Private
0x04002571	StardewValley.BellsAndWhistles.Seagull	walkingSpeed	Public, Static, Literal, HasDefault
0x04002572	StardewValley.BellsAndWhistles.Seagull	flyingSpeed	Public, Static, Literal, HasDefault
0x04002573	StardewValley.BellsAndWhistles.Seagull	walking	Public, Static, Literal, HasDefault
0x04002574	StardewValley.BellsAndWhistles.Seagull	flyingAway	Public, Static, Literal, HasDefault
0x04002575	StardewValley.BellsAndWhistles.Seagull	flyingToLand	Public, Static, Literal, HasDefault
0x04002576	StardewValley.BellsAndWhistles.Seagull	swimming	Public, Static, Literal, HasDefault
0x04002577	StardewValley.BellsAndWhistles.Seagull	stopped	Public, Static, Literal, HasDefault
0x04002578	StardewValley.BellsAndWhistles.Seagull	state	Private
0x04002579	StardewValley.BellsAndWhistles.Seagull	characterCheckTimer	Private
0x0400257A	StardewValley.BellsAndWhistles.Seagull	moveLeft	Private
0x0400257B	StardewValley.BellsAndWhistles.SebsFrogs	yOriginal	Private
0x0400257C	StardewValley.BellsAndWhistles.SebsFrogs	flipJump	Private
0x0400257D	StardewValley.BellsAndWhistles.SparklingText	maxDistanceForSparkle	Public, Static
0x0400257E	StardewValley.BellsAndWhistles.SparklingText	font	Private
0x0400257F	StardewValley.BellsAndWhistles.SparklingText	color	Private
0x04002580	StardewValley.BellsAndWhistles.SparklingText	sparkleColor	Private
0x04002581	StardewValley.BellsAndWhistles.SparklingText	rainbow	Private
0x04002582	StardewValley.BellsAndWhistles.SparklingText	millisecondsDuration	Private
0x04002583	StardewValley.BellsAndWhistles.SparklingText	amplitude	Private
0x04002584	StardewValley.BellsAndWhistles.SparklingText	period	Private
0x04002585	StardewValley.BellsAndWhistles.SparklingText	colorCycle	Private
0x04002586	StardewValley.BellsAndWhistles.SparklingText	text	Public
0x04002587	StardewValley.BellsAndWhistles.SparklingText	individualCharacterOffsets	Private
0x04002588	StardewValley.BellsAndWhistles.SparklingText	offsetDecay	Public
0x04002589	StardewValley.BellsAndWhistles.SparklingText	alpha	Public
0x0400258A	StardewValley.BellsAndWhistles.SparklingText	textWidth	Public
0x0400258B	StardewValley.BellsAndWhistles.SparklingText	drawnTextWidth	Public
0x0400258C	StardewValley.BellsAndWhistles.SparklingText	layerDepth	Public
0x0400258D	StardewValley.BellsAndWhistles.SparklingText	sparkleFrequency	Private
0x0400258E	StardewValley.BellsAndWhistles.SparklingText	sparkles	Private
0x0400258F	StardewValley.BellsAndWhistles.SparklingText	boundingBox	Private
0x04002590	StardewValley.BellsAndWhistles.SpriteText	scrollStyle_scroll	Public, Static, Literal, HasDefault
0x04002591	StardewValley.BellsAndWhistles.SpriteText	scrollStyle_speechBubble	Public, Static, Literal, HasDefault
0x04002592	StardewValley.BellsAndWhistles.SpriteText	scrollStyle_darkMetal	Public, Static, Literal, HasDefault
0x04002593	StardewValley.BellsAndWhistles.SpriteText	scrollStyle_blueMetal	Public, Static, Literal, HasDefault
0x04002594	StardewValley.BellsAndWhistles.SpriteText	maxCharacter	Public, Static, Literal, HasDefault
0x04002595	StardewValley.BellsAndWhistles.SpriteText	maxHeight	Public, Static, Literal, HasDefault
0x04002596	StardewValley.BellsAndWhistles.SpriteText	characterWidth	Public, Static, Literal, HasDefault
0x04002597	StardewValley.BellsAndWhistles.SpriteText	characterHeight	Public, Static, Literal, HasDefault
0x04002598	StardewValley.BellsAndWhistles.SpriteText	horizontalSpaceBetweenCharacters	Public, Static, Literal, HasDefault
0x04002599	StardewValley.BellsAndWhistles.SpriteText	verticalSpaceBetweenCharacters	Public, Static, Literal, HasDefault
0x0400259A	StardewValley.BellsAndWhistles.SpriteText	newLine	Public, Static, Literal, HasDefault
0x0400259B	StardewValley.BellsAndWhistles.SpriteText	fontPixelZoom	Public, Static
0x0400259C	StardewValley.BellsAndWhistles.SpriteText	shadowAlpha	Public, Static
0x0400259D	StardewValley.BellsAndWhistles.SpriteText	characterMap	Public, Static
0x0400259E	StardewValley.BellsAndWhistles.SpriteText	FontFile	Public, Static
0x0400259F	StardewValley.BellsAndWhistles.SpriteText	fontPages	Public, Static
0x040025A0	StardewValley.BellsAndWhistles.SpriteText	spriteTexture	Public, Static
0x040025A1	StardewValley.BellsAndWhistles.SpriteText	coloredTexture	Public, Static
0x040025A2	StardewValley.BellsAndWhistles.SpriteText	color_index_Default	Public, Static, Literal, HasDefault
0x040025A3	StardewValley.BellsAndWhistles.SpriteText	color_index_Black	Public, Static, Literal, HasDefault
0x040025A4	StardewValley.BellsAndWhistles.SpriteText	color_index_Blue	Public, Static, Literal, HasDefault
0x040025A5	StardewValley.BellsAndWhistles.SpriteText	color_index_Red	Public, Static, Literal, HasDefault
0x040025A6	StardewValley.BellsAndWhistles.SpriteText	color_index_Purple	Public, Static, Literal, HasDefault
0x040025A7	StardewValley.BellsAndWhistles.SpriteText	color_index_White	Public, Static, Literal, HasDefault
0x040025A8	StardewValley.BellsAndWhistles.SpriteText	color_index_Orange	Public, Static, Literal, HasDefault
0x040025A9	StardewValley.BellsAndWhistles.SpriteText	color_index_Green	Public, Static, Literal, HasDefault
0x040025AA	StardewValley.BellsAndWhistles.SpriteText	color_index_Cyan	Public, Static, Literal, HasDefault
0x040025AB	StardewValley.BellsAndWhistles.SpriteText	color_index_Gray	Public, Static, Literal, HasDefault
0x040025AC	StardewValley.BellsAndWhistles.SpriteText	color_index_JojaBlue	Public, Static, Literal, HasDefault
0x040025AD	StardewValley.BellsAndWhistles.SpriteText	<color_Black>k__BackingField	Private, Static, InitOnly
0x040025AE	StardewValley.BellsAndWhistles.SpriteText	<color_Blue>k__BackingField	Private, Static, InitOnly
0x040025AF	StardewValley.BellsAndWhistles.SpriteText	<color_Red>k__BackingField	Private, Static, InitOnly
0x040025B0	StardewValley.BellsAndWhistles.SpriteText	<color_Purple>k__BackingField	Private, Static, InitOnly
0x040025B1	StardewValley.BellsAndWhistles.SpriteText	<color_White>k__BackingField	Private, Static, InitOnly
0x040025B2	StardewValley.BellsAndWhistles.SpriteText	<color_Orange>k__BackingField	Private, Static, InitOnly
0x040025B3	StardewValley.BellsAndWhistles.SpriteText	<color_Green>k__BackingField	Private, Static, InitOnly
0x040025B4	StardewValley.BellsAndWhistles.SpriteText	<color_Cyan>k__BackingField	Private, Static, InitOnly
0x040025B5	StardewValley.BellsAndWhistles.SpriteText	<color_Gray>k__BackingField	Private, Static, InitOnly
0x040025B6	StardewValley.BellsAndWhistles.SpriteText	<color_JojaBlue>k__BackingField	Private, Static, InitOnly
0x040025B7	StardewValley.BellsAndWhistles.SpriteText	forceEnglishFont	Public, Static
0x040025B8	StardewValley.BellsAndWhistles.Squirrel	nextNibbleTimer	Private
0x040025B9	StardewValley.BellsAndWhistles.Squirrel	treeRunTimer	Private
0x040025BA	StardewValley.BellsAndWhistles.Squirrel	characterCheckTimer	Private
0x040025BB	StardewValley.BellsAndWhistles.Squirrel	running	Private
0x040025BC	StardewValley.BellsAndWhistles.Squirrel	climbed	Private
0x040025BD	StardewValley.BellsAndWhistles.Squirrel	treeTile	Private
0x040025BE	StardewValley.BellsAndWhistles.SuspensionBridge	bridgeBounds	Public
0x040025BF	StardewValley.BellsAndWhistles.SuspensionBridge	bridgeEntrances	Public
0x040025C0	StardewValley.BellsAndWhistles.SuspensionBridge	bridgeSortRegions	Public
0x040025C1	StardewValley.BellsAndWhistles.SuspensionBridge	BRIDGE_SORT_OFFSET	Public, Static, Literal, HasDefault
0x040025C2	StardewValley.BellsAndWhistles.SuspensionBridge	_texture	Family
0x040025C3	StardewValley.BellsAndWhistles.SuspensionBridge	shakeTime	Public
0x040025C4	StardewValley.BellsAndWhistles.Train	minCars	Public, Static, Literal, HasDefault
0x040025C5	StardewValley.BellsAndWhistles.Train	maxCars	Public, Static, Literal, HasDefault
0x040025C6	StardewValley.BellsAndWhistles.Train	chanceForLongTrain	Public, Static, Literal, HasDefault
0x040025C7	StardewValley.BellsAndWhistles.Train	randomTrain	Public, Static, Literal, HasDefault
0x040025C8	StardewValley.BellsAndWhistles.Train	jojaTrain	Public, Static, Literal, HasDefault
0x040025C9	StardewValley.BellsAndWhistles.Train	coalTrain	Public, Static, Literal, HasDefault
0x040025CA	StardewValley.BellsAndWhistles.Train	passengerTrain	Public, Static, Literal, HasDefault
0x040025CB	StardewValley.BellsAndWhistles.Train	uniformColorPlainTrain	Public, Static, Literal, HasDefault
0x040025CC	StardewValley.BellsAndWhistles.Train	prisonTrain	Public, Static, Literal, HasDefault
0x040025CD	StardewValley.BellsAndWhistles.Train	christmasTrain	Public, Static, Literal, HasDefault
0x040025CE	StardewValley.BellsAndWhistles.Train	cars	Public, InitOnly
0x040025CF	StardewValley.BellsAndWhistles.Train	type	Public, InitOnly
0x040025D0	StardewValley.BellsAndWhistles.Train	position	Public, InitOnly
0x040025D1	StardewValley.BellsAndWhistles.Train	speed	Public
0x040025D2	StardewValley.BellsAndWhistles.Train	wheelRotation	Public
0x040025D3	StardewValley.BellsAndWhistles.Train	smokeTimer	Public
0x040025D4	StardewValley.BellsAndWhistles.Train	whistleSteam	Private
0x040025D5	StardewValley.BellsAndWhistles.Train	<NetFields>k__BackingField	Private, InitOnly
0x040025D6	StardewValley.BellsAndWhistles.TrainCar	spotsForTopFeatures	Public, Static, Literal, HasDefault
0x040025D7	StardewValley.BellsAndWhistles.TrainCar	chanceForTopFeature	Public, Static, Literal, HasDefault
0x040025D8	StardewValley.BellsAndWhistles.TrainCar	engine	Public, Static, Literal, HasDefault
0x040025D9	StardewValley.BellsAndWhistles.TrainCar	passengerCar	Public, Static, Literal, HasDefault
0x040025DA	StardewValley.BellsAndWhistles.TrainCar	coalCar	Public, Static, Literal, HasDefault
0x040025DB	StardewValley.BellsAndWhistles.TrainCar	plainCar	Public, Static, Literal, HasDefault
0x040025DC	StardewValley.BellsAndWhistles.TrainCar	coal	Public, Static, Literal, HasDefault
0x040025DD	StardewValley.BellsAndWhistles.TrainCar	metal	Public, Static, Literal, HasDefault
0x040025DE	StardewValley.BellsAndWhistles.TrainCar	wood	Public, Static, Literal, HasDefault
0x040025DF	StardewValley.BellsAndWhistles.TrainCar	compartments	Public, Static, Literal, HasDefault
0x040025E0	StardewValley.BellsAndWhistles.TrainCar	grass	Public, Static, Literal, HasDefault
0x040025E1	StardewValley.BellsAndWhistles.TrainCar	hay	Public, Static, Literal, HasDefault
0x040025E2	StardewValley.BellsAndWhistles.TrainCar	bricks	Public, Static, Literal, HasDefault
0x040025E3	StardewValley.BellsAndWhistles.TrainCar	rocks	Public, Static, Literal, HasDefault
0x040025E4	StardewValley.BellsAndWhistles.TrainCar	packages	Public, Static, Literal, HasDefault
0x040025E5	StardewValley.BellsAndWhistles.TrainCar	presents	Public, Static, Literal, HasDefault
0x040025E6	StardewValley.BellsAndWhistles.TrainCar	frontDecal	Public, InitOnly
0x040025E7	StardewValley.BellsAndWhistles.TrainCar	carType	Public, InitOnly
0x040025E8	StardewValley.BellsAndWhistles.TrainCar	resourceType	Public, InitOnly
0x040025E9	StardewValley.BellsAndWhistles.TrainCar	loaded	Public, InitOnly
0x040025EA	StardewValley.BellsAndWhistles.TrainCar	topFeatures	Public, InitOnly
0x040025EB	StardewValley.BellsAndWhistles.TrainCar	alternateCar	Public, InitOnly
0x040025EC	StardewValley.BellsAndWhistles.TrainCar	color	Public, InitOnly
0x040025ED	StardewValley.BellsAndWhistles.TrainCar	<NetFields>k__BackingField	Private, InitOnly
0x040025EE	StardewValley.BellsAndWhistles.Woodpecker	flyingSpeed	Public, Static, Literal, HasDefault
0x040025EF	StardewValley.BellsAndWhistles.Woodpecker	flyingAway	Private
0x040025F0	StardewValley.BellsAndWhistles.Woodpecker	tree	Private
0x040025F1	StardewValley.BellsAndWhistles.Woodpecker	peckTimer	Private
0x040025F2	StardewValley.BellsAndWhistles.Woodpecker	characterCheckTimer	Private
0x040025F3	StardewValley.Audio.AudioCategoryWrapper	audioCategory	Private
0x040025F4	StardewValley.Audio.AudioCueModificationManager	cueModificationData	Public
0x040025F5	StardewValley.Audio.AudioEngineWrapper	audioEngine	Private
0x040025F6	StardewValley.Audio.DummyAudioEngine	category	Private
0x040025F7	StardewValley.Audio.DummyAudioEngine	<Engine>k__BackingField	Private, InitOnly
0x040025F8	StardewValley.Audio.DummyAudioEngine	<IsDisposed>k__BackingField	Private, InitOnly
0x040025F9	StardewValley.Audio.LoopingCueManager	playingCues	Private
0x040025FA	StardewValley.Audio.LoopingCueManager	cuesToStop	Private
0x040025FB	StardewValley.Audio.SoundContext	value__	Public, SpecialName, RTSpecialName
0x040025FC	StardewValley.Audio.SoundContext	Default	Public, Static, Literal, HasDefault
0x040025FD	StardewValley.Audio.SoundContext	NPC	Public, Static, Literal, HasDefault
0x040025FE	StardewValley.Audio.SoundsHelper	DefaultPitch	Public, Static, Literal, HasDefault
0x040025FF	StardewValley.Audio.SoundsHelper	MaxPitch	Public, Static, Literal, HasDefault
0x04002600	StardewValley.Audio.SoundsHelper	MaxDistanceFromScreen	Public, Static
0x04002601	StardewValley.Audio.SoundsHelper	LogSound	Private
0x04002602	<PrivateImplementationDetails>	08B91D938FDC9748D5C1421B60641978397B757A74A1FA8865F6CAB2E82F0DB2	Assembly, Static, InitOnly, HasFieldRVA
0x04002603	<PrivateImplementationDetails>	0A04527818647E1A2177275B8F14E4B9407FEE865EB016CA16093A1401E8DD6A	Assembly, Static, InitOnly, HasFieldRVA
0x04002604	<PrivateImplementationDetails>	0CA6F9CA079D37B73EE05785845E5B41DBFB69DCFA71BF17152C52641918B5AC	Assembly, Static, InitOnly, HasFieldRVA
0x04002605	<PrivateImplementationDetails>	0FB5F21CB155F93C0BC0D50C0B529EFBB7E569A73F272579DCA09273359CE7C4	Assembly, Static, InitOnly, HasFieldRVA
0x04002606	<PrivateImplementationDetails>	111B15B20E0428A22EEAA1E54B0D3B008A7A3E79C8F7F4E783710F569E9CEF15	Assembly, Static, InitOnly, HasFieldRVA
0x04002607	<PrivateImplementationDetails>	149A886C82F71D1EB8C19D213C0088AC0B43028C9071B748925AF596A057C4F8	Assembly, Static, InitOnly, HasFieldRVA
0x04002608	<PrivateImplementationDetails>	16BB927CF6BB239F9FB65E65B98981542829AEF6DCAD018BB2D05CE16776C52D	Assembly, Static, InitOnly, HasFieldRVA
0x04002609	<PrivateImplementationDetails>	172BA07C8B5BE44D36F3A593C68172EA379076E65AAFF6CC8CF87F241D109E8D	Assembly, Static, InitOnly, HasFieldRVA
0x0400260A	<PrivateImplementationDetails>	1AB724D6E1442654272BF2F5A1F925BEED0F1C9C8A8F12CF8ADBDE2AD22291DF	Assembly, Static, InitOnly, HasFieldRVA
0x0400260B	<PrivateImplementationDetails>	1B909894AB54BA14409853B070C201CB209646BC4F477483D1561ADA312E7969	Assembly, Static, InitOnly, HasFieldRVA
0x0400260C	<PrivateImplementationDetails>	1E556FA6A5D20A5335CF0E88DD974290AE48B7B3DE4A91E1C965078258F65691	Assembly, Static, InitOnly, HasFieldRVA
0x0400260D	<PrivateImplementationDetails>	2129C2B019B28492EB684F2E6DC20CD4CE05A13F5ADF38D7BFC66F73C614DA3D	Assembly, Static, InitOnly, HasFieldRVA
0x0400260E	<PrivateImplementationDetails>	27E4F4ABCA5485E6C44C2F5FA9CD1D60152915C0182838B34B855BAEDB602B1E	Assembly, Static, InitOnly, HasFieldRVA
0x0400260F	<PrivateImplementationDetails>	27F1E83040C0CCF9FEE046018D0F94ADC93564A0AAE4204725CD4D57F5BFA696	Assembly, Static, InitOnly, HasFieldRVA
0x04002610	<PrivateImplementationDetails>	28D532AEA2E87F96E8E3FE99919569875A46D1168D50357AC0F94ED1CF435734	Assembly, Static, InitOnly, HasFieldRVA
0x04002611	<PrivateImplementationDetails>	2EF83B43314F8CD03190EEE30ECCF048DA37791237F27C62A579F23EACE9FD70	Assembly, Static, InitOnly, HasFieldRVA
0x04002612	<PrivateImplementationDetails>	36B8FDA0BFB1D93A07326EE7CAC8EB99FF1AF237D234FFA3210F64D3EB774C38	Assembly, Static, InitOnly, HasFieldRVA
0x04002613	<PrivateImplementationDetails>	3E4FB5FE52BF269D6EE955711016291D6D327A4AAC39B2464C53C6BD0D73242A	Assembly, Static, InitOnly, HasFieldRVA
0x04002614	<PrivateImplementationDetails>	4636993D3E1DA4E9D6B8F87B79E8F7C6D018580D52661950EABC3845C5897A4D	Assembly, Static, InitOnly, HasFieldRVA
0x04002615	<PrivateImplementationDetails>	470ECF406D2EE2DD961A4E100C987577296AEC0682B55A955BF1C894FA7EA362	Assembly, Static, InitOnly, HasFieldRVA
0x04002616	<PrivateImplementationDetails>	487D5A990806A0D2A9BA83EB4C55AE0B9397D4E3E901023F11A7F765AFFF309D	Assembly, Static, InitOnly, HasFieldRVA
0x04002617	<PrivateImplementationDetails>	522BD1CC7E57DEF8FCF53AB2CDB273324E42EC26419E78251B525FED525D791A	Assembly, Static, InitOnly, HasFieldRVA
0x04002618	<PrivateImplementationDetails>	54A55000CBB881AA51D0F244A44BE17AC5CF35409189C5EE8006FB4DD68C429B	Assembly, Static, InitOnly, HasFieldRVA
0x04002619	<PrivateImplementationDetails>	5961BF1FCF83803CE7775E15E9DB8D21AF741539B85CCFDD643F9E22CC7820D6	Assembly, Static, InitOnly, HasFieldRVA
0x0400261A	<PrivateImplementationDetails>	5D34088B4ABB1F3FE88DCF84DD5C145EFD5EA01DF1B05BB8FEAD12305B0979B7	Assembly, Static, InitOnly, HasFieldRVA
0x0400261B	<PrivateImplementationDetails>	5D5D53A95318F5F5C8845C31BB91B726C277AAB6ADEF88CF4583ED13125432FD	Assembly, Static, InitOnly, HasFieldRVA
0x0400261C	<PrivateImplementationDetails>	5D6878AD6E68B2CCB04A7CD7942BE07C15F947CCA8824203021DD465D90712AD	Assembly, Static, InitOnly, HasFieldRVA
0x0400261D	<PrivateImplementationDetails>	5E28CC18461902D4C48B45719AB5F04F8B4E5386111D9F22CDABBB8A2A44F645	Assembly, Static, InitOnly, HasFieldRVA
0x0400261E	<PrivateImplementationDetails>	61358F81002F15B87F2746D4CD7FE28FD2CB45B8F0840B807B18C5A23F791CB1	Assembly, Static, InitOnly, HasFieldRVA
0x0400261F	<PrivateImplementationDetails>	6256A4B0BE4127B6FF9FA076FE7595961BC296521BD01220F64C6F95768C1FDD	Assembly, Static, InitOnly, HasFieldRVA
0x04002620	<PrivateImplementationDetails>	662D6944FA5A0060A5338846D74AE789E4CD8795219203B4E7A850612169605D	Assembly, Static, InitOnly, HasFieldRVA
0x04002621	<PrivateImplementationDetails>	6C3235192C5E0EF4EABD6E92B4BC8C3B3DCFE10B6C4B1E7A2FBEB5F2A923143A	Assembly, Static, InitOnly, HasFieldRVA
0x04002622	<PrivateImplementationDetails>	6DDD174356763393334AE30B2B3860AEBC30900BEA96E515EF3174C1DBF9E395	Assembly, Static, InitOnly, HasFieldRVA
0x04002623	<PrivateImplementationDetails>	709A255FDF71F1A620BA434ED626C46682B28767765B24D3B0D47BD77F6B0693	Assembly, Static, InitOnly, HasFieldRVA
0x04002624	<PrivateImplementationDetails>	74BCD6ED20AF2231F2BB1CDE814C5F4FF48E54BAC46029EEF90DDF4A208E2B20	Assembly, Static, InitOnly, HasFieldRVA
0x04002625	<PrivateImplementationDetails>	76AE1A6040AB0CFFA796AD099F996CCA9DDB7F68F3D73416F77A96D65144C23C	Assembly, Static, InitOnly, HasFieldRVA
0x04002626	<PrivateImplementationDetails>	76B351CF70EE5EC7F1B83F392A5ECF88567129B80AC8399061D9BA3F1DB3DDD1	Assembly, Static, InitOnly, HasFieldRVA
0x04002627	<PrivateImplementationDetails>	7854160975EB7474E1424E4E624A3DDDE3F8DC291ECB40B5A6ED17A029392945	Assembly, Static, InitOnly, HasFieldRVA
0x04002628	<PrivateImplementationDetails>	78DCF54D809AEB74AE7503243590CC1967CB2CFF7E91A129768B368D8E9BABB8	Assembly, Static, InitOnly, HasFieldRVA
0x04002629	<PrivateImplementationDetails>	79F6FF48B8B879C9E6BF8ADB609EB437E68D9B3CFE1991FB597ECAFC04A43A2A	Assembly, Static, InitOnly, HasFieldRVA
0x0400262A	<PrivateImplementationDetails>	7DDF88204E7E265240211841F0AB290A5E77EE4F9223EB2E39F9B89C30C41B9D	Assembly, Static, InitOnly, HasFieldRVA
0x0400262B	<PrivateImplementationDetails>	86D02584B6780FCB173E45672774D7D768D06B8D54F26C9180CF62510DBA9E68	Assembly, Static, InitOnly, HasFieldRVA
0x0400262C	<PrivateImplementationDetails>	8AE83CF30C3CEAC5F4B9F025200D65EFAEC851DE0098817DB69F0E547407C095	Assembly, Static, InitOnly, HasFieldRVA
0x0400262D	<PrivateImplementationDetails>	8FC498A953A183E1FE81A183AE59047435BB9B33D657C625FAB03D38BE19F92E	Assembly, Static, InitOnly, HasFieldRVA
0x0400262E	<PrivateImplementationDetails>	9009BFCD90A17A11A2BE28ADB5CBBE8119D8401FDD84A76DF1E57AE5121FB152	Assembly, Static, InitOnly, HasFieldRVA
0x0400262F	<PrivateImplementationDetails>	9413299B9D7B8A2439C8CC65F08204AF9DDDDF8C904DE2C55CA35529AEA247BE	Assembly, Static, InitOnly, HasFieldRVA
0x04002630	<PrivateImplementationDetails>	9476220840D3CE82203B4A722E278773B1DA458A22F49FCB9FC45B851DF7D503	Assembly, Static, InitOnly, HasFieldRVA
0x04002631	<PrivateImplementationDetails>	9AE5DD05D6B622D4E92EC385911D337B81253302EF5C03AEB8A44E17B272D521	Assembly, Static, InitOnly, HasFieldRVA
0x04002632	<PrivateImplementationDetails>	A350CF4377044D582011C2B28CEF0833D79628BA6726DC22C49C13868A6840A8	Assembly, Static, InitOnly, HasFieldRVA
0x04002633	<PrivateImplementationDetails>	A998FCA5A8099DB2D4C0C12F88DF4C3DB4EDCE2A6F819BE166253659CE8256E6	Assembly, Static, InitOnly, HasFieldRVA
0x04002634	<PrivateImplementationDetails>	AEC6A47089322BD9FA68FB822F8F6D34C05DFD694DFD59C3C6F2452130151207	Assembly, Static, InitOnly, HasFieldRVA
0x04002635	<PrivateImplementationDetails>	B19579EEE364F43AA17A51F030153F7100201A42E907FE371CBF35013BE4BD27	Assembly, Static, InitOnly, HasFieldRVA
0x04002636	<PrivateImplementationDetails>	B23D510F520CB4BA8AFA847F8A40E757C40CB6A55B237EFA1AC6D3984911B114	Assembly, Static, InitOnly, HasFieldRVA
0x04002637	<PrivateImplementationDetails>	B3D8DED37411FC4CD816845D3D264866BFAC7043570399FC915B05758607ACDF	Assembly, Static, InitOnly, HasFieldRVA
0x04002638	<PrivateImplementationDetails>	B3EC074B4E0F62DA9898F2C4A81DB990D7623E5B07FBA6DCDC099A6470A6D6B7	Assembly, Static, InitOnly, HasFieldRVA
0x04002639	<PrivateImplementationDetails>	B42704121B322D42F37416A40C60A1BE1DF1704D74440D2CF2C055FB9DA0C6C0	Assembly, Static, InitOnly, HasFieldRVA
0x0400263A	<PrivateImplementationDetails>	B9D4AF390AFC6A0F149B843D651CFEBC1C4EC496A0263B72207836F9C525E1C4	Assembly, Static, InitOnly, HasFieldRVA
0x0400263B	<PrivateImplementationDetails>	BAED642339816AFFB3FE8719792D0E4CE82F12DB72B7373D244EAA65445800FE	Assembly, Static, InitOnly, HasFieldRVA
0x0400263C	<PrivateImplementationDetails>	C133E473E5E653C5C4AEDB8BCC1C1A3A44D384FC0B6C0FCF04672B1B325EC01B	Assembly, Static, InitOnly, HasFieldRVA
0x0400263D	<PrivateImplementationDetails>	C437B060BFC2EFBD93ED5ACA4AC129D6DAACC269A4545AB2B176E90D1A8DC22F	Assembly, Static, InitOnly, HasFieldRVA
0x0400263E	<PrivateImplementationDetails>	C50B0B65C2ADF36D289ED9A9AFF1DF651BBD4B61EAFAA1B44A325D6AF46691DA	Assembly, Static, InitOnly, HasFieldRVA
0x0400263F	<PrivateImplementationDetails>	C8283E35D2780693C74D36878278BE6897009EE29C9A4C4A28C32E4A5822F0B0	Assembly, Static, InitOnly, HasFieldRVA
0x04002640	<PrivateImplementationDetails>	CB7F2A4D07C9F202338738BDF7C987AB138FEB1096D8D3C44157CBCC85DC37BB	Assembly, Static, InitOnly, HasFieldRVA
0x04002641	<PrivateImplementationDetails>	CE4C1B87C518A1408BA3E1D0DA3C08A1B37827AD5E2EEE525CE0BF50785E0D2E	Assembly, Static, InitOnly, HasFieldRVA
0x04002642	<PrivateImplementationDetails>	CF64D219C0BA56CECE4E41E0C8BF3AF538F4510FA9A2B00F38DA09E548270E5C	Assembly, Static, InitOnly, HasFieldRVA
0x04002643	<PrivateImplementationDetails>	D1EE22B90FE4AF305AF6DDCA353A38EE5BFD813AAB0DACF7BE843879D2BFC7A3	Assembly, Static, InitOnly, HasFieldRVA
0x04002644	<PrivateImplementationDetails>	D5572FD861AAD6508C6625BBC4111A92D7144BAB50FA36C11A3CEECCF40D2FBD	Assembly, Static, InitOnly, HasFieldRVA
0x04002645	<PrivateImplementationDetails>	D68E0C901DC87DA61CA80314CD8A0BDC758AD8C66AFA95874244184E9DF9223C	Assembly, Static, InitOnly, HasFieldRVA
0x04002646	<PrivateImplementationDetails>	DAACEEEA77C35B26A7EAFAD63E941284DF15841C721FF81E93DBCC562E73824F	Assembly, Static, InitOnly, HasFieldRVA
0x04002647	<PrivateImplementationDetails>	DE06D8D01345BCF271E9CDFD5235B155670C52217F86FE5E7BA10ADC45750CE0	Assembly, Static, InitOnly, HasFieldRVA
0x04002648	<PrivateImplementationDetails>	E24AC1FF3ECFD8DD429E7B5D027FC0DFFBEC36C1675B675D0431F494041ED9C4	Assembly, Static, InitOnly, HasFieldRVA
0x04002649	<PrivateImplementationDetails>	E429B904DCFD32A0CD187F5352D811D88203DF3FA01365903D83A8A81233E9FF	Assembly, Static, InitOnly, HasFieldRVA
0x0400264A	<PrivateImplementationDetails>	E528F4309E1413E6BC35AEA5D8DB8519384D2FCC33F9DD5D1126D73F104CF92A	Assembly, Static, InitOnly, HasFieldRVA
0x0400264B	<PrivateImplementationDetails>	E73E7A0C5373709F5377ED0FE29345DCEC4AC34177BFEF2B02062F302C22503B	Assembly, Static, InitOnly, HasFieldRVA
0x0400264C	<PrivateImplementationDetails>	ED03CD675B59589FAB434847F9A8391C59F2E6C097F39DBF4E3D9132CBA6B4D1	Assembly, Static, InitOnly, HasFieldRVA
0x0400264D	<PrivateImplementationDetails>	F0E3665A2FA2FA953509101867F76C9572327803CC65FFC3859F4308E4107F9B	Assembly, Static, InitOnly, HasFieldRVA
0x0400264E	<PrivateImplementationDetails>	F2D77AC34FC01A9069040386A407A4E286A85870F32283925EAFD94DF1C610BA	Assembly, Static, InitOnly, HasFieldRVA
0x0400264F	<PrivateImplementationDetails>	F5677DC52DEA01051DDA40AD7D9C937EDD7E568D528FB3BB4452245DF8FB37A1	Assembly, Static, InitOnly, HasFieldRVA
0x04002650	<PrivateImplementationDetails>	F5B2DF1791B77187F3EFA1B3B4FC9214D3CC0F76DCD3C71084C5576F9F3EFB9B	Assembly, Static, InitOnly, HasFieldRVA
0x04002651	<PrivateImplementationDetails>	F8D7861760C88CC514F66095AF0AED47ECBA063ADB65F47125ED07BCC2CF9842	Assembly, Static, InitOnly, HasFieldRVA
0x04002652	<PrivateImplementationDetails>	FC216F5C5AE2947D800794ECD5F752EE8381073C2E5D0D095FDA040F541702F3	Assembly, Static, InitOnly, HasFieldRVA
0x04002653	ObjToStr+ToStringDescription	Type	Public
0x04002654	ObjToStr+ToStringDescription	Members	Public
0x04002655	ObjToStr+ToStringMember	Member	Public
0x04002656	ObjToStr+ToStringMember	_name	Private
0x04002657	ObjToStr+ToStringMember	_format	Private
0x04002658	ObjToStr+Style	ShowRootObjectType	Public
0x04002659	ObjToStr+Style	ObjectDelimiter	Public
0x0400265A	ObjToStr+Style	MemberDelimiter	Public
0x0400265B	ObjToStr+Style	MemberNameValueDelimiter	Public
0x0400265C	ObjToStr+Style	TrailingNewline	Public
0x0400265D	ObjToStr+Style	TypeAndMembersSingleLine	Public, Static
0x0400265E	ObjToStr+Style	MembersOnlyMultiline	Public, Static
0x0400265F	Ionic.Zlib.DeflateManager+Config	GoodLength	Assembly
0x04002660	Ionic.Zlib.DeflateManager+Config	MaxLazy	Assembly
0x04002661	Ionic.Zlib.DeflateManager+Config	NiceLength	Assembly
0x04002662	Ionic.Zlib.DeflateManager+Config	MaxChainLength	Assembly
0x04002663	Ionic.Zlib.DeflateManager+Config	Flavor	Assembly
0x04002664	Ionic.Zlib.DeflateManager+Config	Table	Private, Static, InitOnly
0x04002665	Ionic.Zlib.InflateBlocks+InflateBlockMode	value__	Public, SpecialName, RTSpecialName
0x04002666	Ionic.Zlib.InflateBlocks+InflateBlockMode	TYPE	Public, Static, Literal, HasDefault
0x04002667	Ionic.Zlib.InflateBlocks+InflateBlockMode	LENS	Public, Static, Literal, HasDefault
0x04002668	Ionic.Zlib.InflateBlocks+InflateBlockMode	STORED	Public, Static, Literal, HasDefault
0x04002669	Ionic.Zlib.InflateBlocks+InflateBlockMode	TABLE	Public, Static, Literal, HasDefault
0x0400266A	Ionic.Zlib.InflateBlocks+InflateBlockMode	BTREE	Public, Static, Literal, HasDefault
0x0400266B	Ionic.Zlib.InflateBlocks+InflateBlockMode	DTREE	Public, Static, Literal, HasDefault
0x0400266C	Ionic.Zlib.InflateBlocks+InflateBlockMode	CODES	Public, Static, Literal, HasDefault
0x0400266D	Ionic.Zlib.InflateBlocks+InflateBlockMode	DRY	Public, Static, Literal, HasDefault
0x0400266E	Ionic.Zlib.InflateBlocks+InflateBlockMode	DONE	Public, Static, Literal, HasDefault
0x0400266F	Ionic.Zlib.InflateBlocks+InflateBlockMode	BAD	Public, Static, Literal, HasDefault
0x04002670	Ionic.Zlib.InflateManager+InflateManagerMode	value__	Public, SpecialName, RTSpecialName
0x04002671	Ionic.Zlib.InflateManager+InflateManagerMode	METHOD	Public, Static, Literal, HasDefault
0x04002672	Ionic.Zlib.InflateManager+InflateManagerMode	FLAG	Public, Static, Literal, HasDefault
0x04002673	Ionic.Zlib.InflateManager+InflateManagerMode	DICT4	Public, Static, Literal, HasDefault
0x04002674	Ionic.Zlib.InflateManager+InflateManagerMode	DICT3	Public, Static, Literal, HasDefault
0x04002675	Ionic.Zlib.InflateManager+InflateManagerMode	DICT2	Public, Static, Literal, HasDefault
0x04002676	Ionic.Zlib.InflateManager+InflateManagerMode	DICT1	Public, Static, Literal, HasDefault
0x04002677	Ionic.Zlib.InflateManager+InflateManagerMode	DICT0	Public, Static, Literal, HasDefault
0x04002678	Ionic.Zlib.InflateManager+InflateManagerMode	BLOCKS	Public, Static, Literal, HasDefault
0x04002679	Ionic.Zlib.InflateManager+InflateManagerMode	CHECK4	Public, Static, Literal, HasDefault
0x0400267A	Ionic.Zlib.InflateManager+InflateManagerMode	CHECK3	Public, Static, Literal, HasDefault
0x0400267B	Ionic.Zlib.InflateManager+InflateManagerMode	CHECK2	Public, Static, Literal, HasDefault
0x0400267C	Ionic.Zlib.InflateManager+InflateManagerMode	CHECK1	Public, Static, Literal, HasDefault
0x0400267D	Ionic.Zlib.InflateManager+InflateManagerMode	DONE	Public, Static, Literal, HasDefault
0x0400267E	Ionic.Zlib.InflateManager+InflateManagerMode	BAD	Public, Static, Literal, HasDefault
0x0400267F	Ionic.Zlib.ZlibBaseStream+StreamMode	value__	Public, SpecialName, RTSpecialName
0x04002680	Ionic.Zlib.ZlibBaseStream+StreamMode	Writer	Public, Static, Literal, HasDefault
0x04002681	Ionic.Zlib.ZlibBaseStream+StreamMode	Reader	Public, Static, Literal, HasDefault
0x04002682	Ionic.Zlib.ZlibBaseStream+StreamMode	Undefined	Public, Static, Literal, HasDefault
0x04002683	Netcode.BinaryReaderWriterExtensions+<>c	<>9	Public, Static, InitOnly
0x04002684	Netcode.BinaryReaderWriterExtensions+<>c	<>9__2_0	Public, Static
0x04002685	Netcode.AbstractNetSerializable+<>c__DisplayClass11_0	tick	Public
0x04002686	Netcode.NetArray`2+<GetEnumerator>d__33	<>1__state	Private
0x04002687	Netcode.NetArray`2+<GetEnumerator>d__33	<>2__current	Private
0x04002688	Netcode.NetArray`2+<GetEnumerator>d__33	<>4__this	Public
0x04002689	Netcode.NetArray`2+<GetEnumerator>d__33	<>7__wrap1	Private
0x0400268A	Netcode.NetCollection`1+<>c__DisplayClass42_0	f	Public
0x0400268B	Netcode.NetDictionary`5+IncomingChange	Tick	Public
0x0400268C	Netcode.NetDictionary`5+IncomingChange	Removal	Public
0x0400268D	Netcode.NetDictionary`5+IncomingChange	Key	Public
0x0400268E	Netcode.NetDictionary`5+IncomingChange	Field	Public
0x0400268F	Netcode.NetDictionary`5+IncomingChange	Reassigned	Public
0x04002690	Netcode.NetDictionary`5+OutgoingChange	Removal	Public
0x04002691	Netcode.NetDictionary`5+OutgoingChange	Key	Public
0x04002692	Netcode.NetDictionary`5+OutgoingChange	Field	Public
0x04002693	Netcode.NetDictionary`5+OutgoingChange	Reassigned	Public
0x04002694	Netcode.NetDictionary`5+PairsCollection	_net	Private
0x04002695	Netcode.NetDictionary`5+ValuesCollection	_net	Private
0x04002696	Netcode.NetDictionary`5+KeysCollection	_dict	Private
0x04002697	Netcode.NetDictionary`5+<>c	<>9	Public, Static, InitOnly
0x04002698	Netcode.NetDictionary`5+<>c	<>9__59_0	Public, Static
0x04002699	Netcode.NetDictionary`5+<>c	<>9__92_0	Public, Static
0x0400269A	Netcode.NetDictionary`5+<>c__DisplayClass50_0	key	Public
0x0400269B	Netcode.NetDictionary`5+<>c__DisplayClass64_0	f	Public
0x0400269C	Netcode.NetDictionary`5+<>c__DisplayClass85_0	<>4__this	Public
0x0400269D	Netcode.NetDictionary`5+<>c__DisplayClass85_0	key	Public
0x0400269E	Netcode.NetDictionary`5+<>c__DisplayClass85_0	reassign	Public
0x0400269F	Netcode.NetDictionary`5+<>c__DisplayClass85_0	reader	Public
0x040026A0	Netcode.NetDictionary`5+<>c__DisplayClass85_0	version	Public
0x040026A1	Netcode.NetDictionary`5+<>c__DisplayClass85_0	<>9__1	Public
0x040026A2	Netcode.NetDictionary`5+<>c__DisplayClass91_0	update	Public
0x040026A3	Netcode.NetDictionary`5+<>c__DisplayClass91_0	writer	Public
0x040026A4	Netcode.NetDictionary`5+<updates>d__92	<>1__state	Private
0x040026A5	Netcode.NetDictionary`5+<updates>d__92	<>2__current	Private
0x040026A6	Netcode.NetDictionary`5+<updates>d__92	<>l__initialThreadId	Private
0x040026A7	Netcode.NetDictionary`5+<updates>d__92	<>4__this	Public
0x040026A8	Netcode.NetDictionary`5+<updates>d__92	<>7__wrap1	Private
0x040026A9	Netcode.NetDictionary`5+<updates>d__92	<>7__wrap2	Private
0x040026AA	Netcode.AbstractNetEvent1`1+EventRecording	arg	Public
0x040026AB	Netcode.AbstractNetEvent1`1+EventRecording	timestamp	Public
0x040026AC	Netcode.AbstractNetEvent1`1+<>c__DisplayClass8_0	match	Public
0x040026AD	Netcode.NetEventBinary+<>c__DisplayClass2_0	handler	Public
0x040026AE	Netcode.NetFieldBase`2+NetFieldBaseBool	value__	Public, SpecialName, RTSpecialName
0x040026AF	Netcode.NetFieldBase`2+NetFieldBaseBool	None	Public, Static, Literal, HasDefault
0x040026B0	Netcode.NetFieldBase`2+NetFieldBaseBool	InterpolationEnabled	Public, Static, Literal, HasDefault
0x040026B1	Netcode.NetFieldBase`2+NetFieldBaseBool	ExtrapolationEnabled	Public, Static, Literal, HasDefault
0x040026B2	Netcode.NetFieldBase`2+NetFieldBaseBool	InterpolationWait	Public, Static, Literal, HasDefault
0x040026B3	Netcode.NetFieldBase`2+NetFieldBaseBool	notifyOnTargetValueChange	Public, Static, Literal, HasDefault
0x040026B4	Netcode.NetHashSet`1+IncomingChange	Tick	Public
0x040026B5	Netcode.NetHashSet`1+IncomingChange	Removal	Public
0x040026B6	Netcode.NetHashSet`1+IncomingChange	Value	Public
0x040026B7	Netcode.NetHashSet`1+OutgoingChange	Removal	Public
0x040026B8	Netcode.NetHashSet`1+OutgoingChange	Value	Public
0x040026B9	Netcode.NetHashSet`1+<>c	<>9	Public, Static, InitOnly
0x040026BA	Netcode.NetHashSet`1+<>c	<>9__20_0	Public, Static
0x040026BB	Netcode.NetHashSet`1+<>c__DisplayClass33_0	match	Public
0x040026BC	Netcode.NetHashSet`1+<>c__DisplayClass33_0	<>4__this	Public
0x040026BD	Netcode.NetList`2+Enumerator	_list	Private, InitOnly
0x040026BE	Netcode.NetList`2+Enumerator	_index	Private
0x040026BF	Netcode.NetList`2+Enumerator	_current	Private
0x040026C0	Netcode.NetList`2+Enumerator	_done	Private
0x040026C1	Netcode.NetList`2+<>c__DisplayClass24_0	<>4__this	Public
0x040026C2	Netcode.NetList`2+<>c__DisplayClass24_0	index	Public
0x040026C3	Netcode.NetList`2+<>c__DisplayClass51_0	f	Public
0x040026C4	Netcode.NetObjectShrinkList`1+Enumerator	_array	Private, InitOnly
0x040026C5	Netcode.NetObjectShrinkList`1+Enumerator	_index	Private
0x040026C6	Netcode.NetObjectShrinkList`1+Enumerator	_current	Private
0x040026C7	Netcode.NetObjectShrinkList`1+Enumerator	_done	Private
0x040026C8	Netcode.NetRefBase`2+RefDeltaType	value__	Public, SpecialName, RTSpecialName
0x040026C9	Netcode.NetRefBase`2+RefDeltaType	ChildDelta	Public, Static, Literal, HasDefault
0x040026CA	Netcode.NetRefBase`2+RefDeltaType	Reassigned	Public, Static, Literal, HasDefault
0x040026CB	Netcode.NetRefBase`2+<>c__DisplayClass25_0	reader	Public
0x040026CC	Netcode.NetRefBase`2+<>c__DisplayClass25_0	<>4__this	Public
0x040026CD	Netcode.NetRefBase`2+<>c__DisplayClass25_0	version	Public
0x040026CE	Netcode.NetRefBase`2+<>c__DisplayClass26_0	<>4__this	Public
0x040026CF	Netcode.NetRefBase`2+<>c__DisplayClass26_0	writer	Public
0x040026D0	Netcode.NetRootDictionary`2+Enumerator	_roots	Private
0x040026D1	Netcode.NetRootDictionary`2+Enumerator	_enumerator	Private
0x040026D2	Netcode.NetRootDictionary`2+Enumerator	_current	Private
0x040026D3	Netcode.NetRootDictionary`2+Enumerator	_done	Private
0x040026D4	Netcode.NetRootDictionary`2+<>c	<>9	Public, Static, InitOnly
0x040026D5	Netcode.NetRootDictionary`2+<>c	<>9__14_0	Public, Static
0x040026D6	Netcode.NetVersion+<>c	<>9	Public, Static, InitOnly
0x040026D7	Netcode.NetVersion+<>c	<>9__11_0	Public, Static
0x040026D8	Netcode.NetVersion+<>c	<>9__12_0	Public, Static
0x040026D9	Netcode.NetVersion+<>c	<>9__13_0	Public, Static
0x040026DA	Force.DeepCloner.Helpers.ClonerToExprGenerator+<>c__DisplayClass8_0	objFrom	Public
0x040026DB	Force.DeepCloner.Helpers.ClonerToExprGenerator+<>c__DisplayClass8_0	objTo	Public
0x040026DC	Force.DeepCloner.Helpers.DeepClonerCache+<>c__DisplayClass5_0`1	adder	Public
0x040026DD	Force.DeepCloner.Helpers.DeepClonerCache+<>c__DisplayClass6_0`1	adder	Public
0x040026DE	Force.DeepCloner.Helpers.DeepClonerCache+<>c__DisplayClass7_0`1	adder	Public
0x040026DF	Force.DeepCloner.Helpers.DeepClonerCache+<>c__DisplayClass8_0`1	adder	Public
0x040026E0	Force.DeepCloner.Helpers.DeepClonerCache+<>c__DisplayClass9_0`1	adder	Public
0x040026E1	Force.DeepCloner.Helpers.DeepClonerExprGenerator+<>c	<>9	Public, Static, InitOnly
0x040026E2	Force.DeepCloner.Helpers.DeepClonerExprGenerator+<>c	<>9__4_0	Public, Static
0x040026E3	Force.DeepCloner.Helpers.DeepClonerExprGenerator+<>c	<>9__6_1	Public, Static
0x040026E4	Force.DeepCloner.Helpers.DeepClonerExprGenerator+<>c	<>9__6_2	Public, Static
0x040026E5	Force.DeepCloner.Helpers.DeepClonerExprGenerator+<>c__DisplayClass6_0	tupleLength	Public
0x040026E6	Force.DeepCloner.Helpers.DeepClonerExprGenerator+<>c__DisplayClass6_0	local	Public
0x040026E7	Force.DeepCloner.Helpers.DeepClonerGenerator+<>c	<>9	Public, Static, InitOnly
0x040026E8	Force.DeepCloner.Helpers.DeepClonerGenerator+<>c	<>9__1_0	Public, Static
0x040026E9	Force.DeepCloner.Helpers.DeepClonerGenerator+<>c	<>9__2_0	Public, Static
0x040026EA	Force.DeepCloner.Helpers.DeepClonerGenerator+<>c	<>9__11_0	Public, Static
0x040026EB	Force.DeepCloner.Helpers.DeepClonerGenerator+<>c	<>9__11_1	Public, Static
0x040026EC	Force.DeepCloner.Helpers.DeepClonerGenerator+<>c__9`1	<>9	Public, Static, InitOnly
0x040026ED	Force.DeepCloner.Helpers.DeepClonerGenerator+<>c__9`1	<>9__9_0	Public, Static
0x040026EE	Force.DeepCloner.Helpers.DeepCloneState+MiniDictionary	_buckets	Private
0x040026EF	Force.DeepCloner.Helpers.DeepCloneState+MiniDictionary	_entries	Private
0x040026F0	Force.DeepCloner.Helpers.DeepCloneState+MiniDictionary	_count	Private
0x040026F1	Force.DeepCloner.Helpers.DeepCloneState+MiniDictionary	_primes	Private, Static, InitOnly
0x040026F2	Force.DeepCloner.Helpers.ReflectionHelper+<>c	<>9	Public, Static, InitOnly
0x040026F3	Force.DeepCloner.Helpers.ReflectionHelper+<>c	<>9__4_0	Public, Static
0x040026F4	Force.DeepCloner.Helpers.ReflectionHelper+<>c	<>9__6_0	Public, Static
0x040026F5	Force.DeepCloner.Helpers.ShallowObjectCloner+ShallowSafeObjectCloner	_cloneFunc	Private, Static, InitOnly
0x040026F6	StardewValley.ButtonCollection+ButtonEnumerator	_pressed	Private, InitOnly
0x040026F7	StardewValley.ButtonCollection+ButtonEnumerator	_current	Private
0x040026F8	StardewValley.ChatCommands+ChatCommand	Name	Public, InitOnly
0x040026F9	StardewValley.ChatCommands+ChatCommand	Handler	Public, InitOnly
0x040026FA	StardewValley.ChatCommands+ChatCommand	HelpDescription	Public, InitOnly
0x040026FB	StardewValley.ChatCommands+ChatCommand	IsMainPlayerOnly	Public, InitOnly
0x040026FC	StardewValley.ChatCommands+ChatCommand	IsMultiplayerOnly	Public, InitOnly
0x040026FD	StardewValley.ChatCommands+ChatCommand	IsCheatsOnly	Public, InitOnly
0x040026FE	StardewValley.ChatCommands+<>c	<>9	Public, Static, InitOnly
0x040026FF	StardewValley.ChatCommands+<>c__DisplayClass9_0	debugCommandName	Public
0x04002700	StardewValley.CraftingRecipe+<>c__DisplayClass27_0	isCooking	Public
0x04002701	StardewValley.CraftingRecipe+<>c__DisplayClass27_0	id	Public
0x04002702	StardewValley.CraftingRecipe+<>c__DisplayClass27_0	conditions	Public
0x04002703	StardewValley.Debris+DebrisType	value__	Public, SpecialName, RTSpecialName
0x04002704	StardewValley.Debris+DebrisType	CHUNKS	Public, Static, Literal, HasDefault
0x04002705	StardewValley.Debris+DebrisType	LETTERS	Public, Static, Literal, HasDefault
0x04002706	StardewValley.Debris+DebrisType	ARCHAEOLOGY	Public, Static, Literal, HasDefault
0x04002707	StardewValley.Debris+DebrisType	OBJECT	Public, Static, Literal, HasDefault
0x04002708	StardewValley.Debris+DebrisType	SPRITECHUNKS	Public, Static, Literal, HasDefault
0x04002709	StardewValley.Debris+DebrisType	RESOURCE	Public, Static, Literal, HasDefault
0x0400270A	StardewValley.Debris+DebrisType	NUMBERS	Public, Static, Literal, HasDefault
0x0400270B	StardewValley.DebugCommands+<>c	<>9	Public, Static, InitOnly
0x0400270C	StardewValley.DebugCommands+<>c	<>9__4_0	Public, Static
0x0400270D	StardewValley.DebugCommands+<>c	<>9__4_1	Public, Static
0x0400270E	StardewValley.DebugCommands+<>c	<>9__4_3	Public, Static
0x0400270F	StardewValley.DebugCommands+<>c	<>9__4_4	Public, Static
0x04002710	StardewValley.DebugCommands+<>c__DisplayClass4_0	search	Public
0x04002711	StardewValley.Dialogue+<>c__DisplayClass103_0	translationKey	Public
0x04002712	StardewValley.Dialogue+<>c__DisplayClass103_0	<>4__this	Public
0x04002713	StardewValley.Dialogue+<>c__DisplayClass103_0	masterString	Public
0x04002714	StardewValley.Dialogue+<>c__DisplayClass103_1	commandArgs	Public
0x04002715	StardewValley.Dialogue+<>c__DisplayClass103_1	CS$<>8__locals1	Public
0x04002716	StardewValley.Event+<>c	<>9	Public, Static, InitOnly
0x04002717	StardewValley.Event+<>c	<>9__117_0	Public, Static
0x04002718	StardewValley.Event+<>c	<>9__193_0	Public, Static
0x04002719	StardewValley.Event+<>c	<>9__193_1	Public, Static
0x0400271A	StardewValley.Event+<>c	<>9__197_0	Public, Static
0x0400271B	StardewValley.Event+<>c	<>9__208_0	Public, Static
0x0400271C	StardewValley.Event+<>c	<>9__213_1	Public, Static
0x0400271D	StardewValley.Event+<>c__DisplayClass117_0	<>4__this	Public
0x0400271E	StardewValley.Event+<>c__DisplayClass117_0	left_location	Public
0x0400271F	StardewValley.Event+<>c__DisplayClass124_0	e	Public
0x04002720	StardewValley.Event+<>c__DisplayClass124_0	<>4__this	Public
0x04002721	StardewValley.Event+<>c__DisplayClass124_0	onComplete	Public
0x04002722	StardewValley.Event+<>c__DisplayClass124_0	locationRequest	Public
0x04002723	StardewValley.Event+<>c__DisplayClass132_0	time	Public
0x04002724	StardewValley.Event+<>c__DisplayClass152_0	willy	Public
0x04002725	StardewValley.Event+<>c__DisplayClass172_0	location	Public
0x04002726	StardewValley.Event+<>c__DisplayClass172_0	<>4__this	Public
0x04002727	StardewValley.Event+<>c__DisplayClass172_0	<>9__5	Public
0x04002728	StardewValley.Event+<>c__DisplayClass172_1	terraria_cat	Public
0x04002729	StardewValley.Event+<>c__DisplayClass172_1	warpRect2	Public
0x0400272A	StardewValley.Event+<>c__DisplayClass172_1	CS$<>8__locals1	Public
0x0400272B	StardewValley.Event+<>c__DisplayClass172_2	cat_sprite	Public
0x0400272C	StardewValley.Event+<>c__DisplayClass172_2	CS$<>8__locals2	Public
0x0400272D	StardewValley.Event+<>c__DisplayClass172_2	<>9__2	Public
0x0400272E	StardewValley.Event+<>c__DisplayClass172_2	<>9__3	Public
0x0400272F	StardewValley.Event+<>c__DisplayClass202_0	showedClosedMessage	Public
0x04002730	StardewValley.Event+<>c__DisplayClass203_0	rect	Public
0x04002731	StardewValley.Event+<>c__DisplayClass213_0	obj	Public
0x04002732	StardewValley.Event+<>c__DisplayClass213_0	recipient	Public
0x04002733	StardewValley.Event+<>c__DisplayClass213_0	article	Public
0x04002734	StardewValley.Event+<>c__DisplayClass228_0	idsToRemove	Public
0x04002735	StardewValley.EventScript_GreenTea+<>c	<>9	Public, Static, InitOnly
0x04002736	StardewValley.EventScript_GreenTea+<>c	<>9__29_0	Public, Static
0x04002737	StardewValley.FarmAnimal+<>c__DisplayClass112_0	<>4__this	Public
0x04002738	StardewValley.FarmAnimal+<>c__DisplayClass112_0	r	Public
0x04002739	StardewValley.FarmAnimal+<>c__DisplayClass132_0	<>4__this	Public
0x0400273A	StardewValley.FarmAnimal+<>c__DisplayClass132_0	location	Public
0x0400273B	StardewValley.FarmAnimal+<>c__DisplayClass132_0	produce	Public
0x0400273C	StardewValley.Farmer+EmoteType	emoteString	Public
0x0400273D	StardewValley.Farmer+EmoteType	emoteIconIndex	Public
0x0400273E	StardewValley.Farmer+EmoteType	animationFrames	Public
0x0400273F	StardewValley.Farmer+EmoteType	hidden	Public
0x04002740	StardewValley.Farmer+EmoteType	facingDirection	Public
0x04002741	StardewValley.Farmer+EmoteType	displayNameKey	Public
0x04002742	StardewValley.Farmer+<>c	<>9	Public, Static, InitOnly
0x04002743	StardewValley.Farmer+<>c	<>9__517_0	Public, Static
0x04002744	StardewValley.Farmer+<>c	<>9__578_0	Public, Static
0x04002745	StardewValley.Farmer+<>c	<>9__584_0	Public, Static
0x04002746	StardewValley.Farmer+<>c	<>9__605_0	Public, Static
0x04002747	StardewValley.Farmer+<>c__DisplayClass541_0	datablesOnly	Public
0x04002748	StardewValley.Farmer+<>c__DisplayClass541_0	<>4__this	Public
0x04002749	StardewValley.Farmer+<>c__DisplayClass541_0	minPoints	Public
0x0400274A	StardewValley.Farmer+<>c__DisplayClass541_0	maxPoints	Public
0x0400274B	StardewValley.Farmer+<>c__DisplayClass541_0	found	Public
0x0400274C	StardewValley.Farmer+<>c__DisplayClass550_0	itemId	Public
0x0400274D	StardewValley.Farmer+<>c__DisplayClass550_0	numberCaught	Public
0x0400274E	StardewValley.Farmer+<>c__DisplayClass550_0	size	Public
0x0400274F	StardewValley.Farmer+<>c__DisplayClass595_0	item	Public
0x04002750	StardewValley.Farmer+<>c__DisplayClass595_0	countAdded	Public
0x04002751	StardewValley.Farmer+<>c__DisplayClass621_0	mouse_pos	Public
0x04002752	StardewValley.Farmer+<>c__DisplayClass629_0	actualItem	Public
0x04002753	StardewValley.Farmer+<>c__DisplayClass629_0	countAdded	Public
0x04002754	StardewValley.Farmer+<>c__DisplayClass629_0	<>4__this	Public
0x04002755	StardewValley.Farmer+<>c__DisplayClass672_0	who	Public
0x04002756	StardewValley.Farmer+<>c__DisplayClass672_0	bed_sleep_position	Public
0x04002757	StardewValley.Farmer+<>c__DisplayClass672_0	bed_tile	Public
0x04002758	StardewValley.Farmer+<>c__DisplayClass672_0	passOutLocation	Public
0x04002759	StardewValley.Farmer+<>c__DisplayClass724_0`1	slot	Public
0x0400275A	StardewValley.Farmer+<>c__DisplayClass744_0	who	Public
0x0400275B	StardewValley.Farmer+<>c__DisplayClass744_0	<>4__this	Public
0x0400275C	StardewValley.Farmer+<>c__DisplayClass750_0	questID	Public
0x0400275D	StardewValley.FarmerRenderer+FarmerSpriteLayers	value__	Public, SpecialName, RTSpecialName
0x0400275E	StardewValley.FarmerRenderer+FarmerSpriteLayers	SlingshotUp	Public, Static, Literal, HasDefault
0x0400275F	StardewValley.FarmerRenderer+FarmerSpriteLayers	ToolUp	Public, Static, Literal, HasDefault
0x04002760	StardewValley.FarmerRenderer+FarmerSpriteLayers	Base	Public, Static, Literal, HasDefault
0x04002761	StardewValley.FarmerRenderer+FarmerSpriteLayers	Pants	Public, Static, Literal, HasDefault
0x04002762	StardewValley.FarmerRenderer+FarmerSpriteLayers	FaceSkin	Public, Static, Literal, HasDefault
0x04002763	StardewValley.FarmerRenderer+FarmerSpriteLayers	Eyes	Public, Static, Literal, HasDefault
0x04002764	StardewValley.FarmerRenderer+FarmerSpriteLayers	Shirt	Public, Static, Literal, HasDefault
0x04002765	StardewValley.FarmerRenderer+FarmerSpriteLayers	AccessoryUnderHair	Public, Static, Literal, HasDefault
0x04002766	StardewValley.FarmerRenderer+FarmerSpriteLayers	ArmsUp	Public, Static, Literal, HasDefault
0x04002767	StardewValley.FarmerRenderer+FarmerSpriteLayers	HatMaskUp	Public, Static, Literal, HasDefault
0x04002768	StardewValley.FarmerRenderer+FarmerSpriteLayers	Hair	Public, Static, Literal, HasDefault
0x04002769	StardewValley.FarmerRenderer+FarmerSpriteLayers	Accessory	Public, Static, Literal, HasDefault
0x0400276A	StardewValley.FarmerRenderer+FarmerSpriteLayers	Hat	Public, Static, Literal, HasDefault
0x0400276B	StardewValley.FarmerRenderer+FarmerSpriteLayers	Tool	Public, Static, Literal, HasDefault
0x0400276C	StardewValley.FarmerRenderer+FarmerSpriteLayers	Arms	Public, Static, Literal, HasDefault
0x0400276D	StardewValley.FarmerRenderer+FarmerSpriteLayers	ToolDown	Public, Static, Literal, HasDefault
0x0400276E	StardewValley.FarmerRenderer+FarmerSpriteLayers	Slingshot	Public, Static, Literal, HasDefault
0x0400276F	StardewValley.FarmerRenderer+FarmerSpriteLayers	PantsPassedOut	Public, Static, Literal, HasDefault
0x04002770	StardewValley.FarmerRenderer+FarmerSpriteLayers	SwimWaterRing	Public, Static, Literal, HasDefault
0x04002771	StardewValley.FarmerRenderer+FarmerSpriteLayers	MAX	Public, Static, Literal, HasDefault
0x04002772	StardewValley.FarmerRenderer+FarmerSpriteLayers	TOOL_IN_USE_SIDE	Public, Static, Literal, HasDefault
0x04002773	StardewValley.FarmerSprite+AnimationFrame	frame	Public
0x04002774	StardewValley.FarmerSprite+AnimationFrame	milliseconds	Public
0x04002775	StardewValley.FarmerSprite+AnimationFrame	positionOffset	Public
0x04002776	StardewValley.FarmerSprite+AnimationFrame	xOffset	Public
0x04002777	StardewValley.FarmerSprite+AnimationFrame	armOffset	Public
0x04002778	StardewValley.FarmerSprite+AnimationFrame	flip	Public
0x04002779	StardewValley.FarmerSprite+AnimationFrame	frameStartBehavior	Public
0x0400277A	StardewValley.FarmerSprite+AnimationFrame	frameEndBehavior	Public
0x0400277B	StardewValley.FarmerTeam+RemoteBuildingPermissions	value__	Public, SpecialName, RTSpecialName
0x0400277C	StardewValley.FarmerTeam+RemoteBuildingPermissions	Off	Public, Static, Literal, HasDefault
0x0400277D	StardewValley.FarmerTeam+RemoteBuildingPermissions	OwnedBuildings	Public, Static, Literal, HasDefault
0x0400277E	StardewValley.FarmerTeam+RemoteBuildingPermissions	On	Public, Static, Literal, HasDefault
0x0400277F	StardewValley.FarmerTeam+SleepAnnounceModes	value__	Public, SpecialName, RTSpecialName
0x04002780	StardewValley.FarmerTeam+SleepAnnounceModes	All	Public, Static, Literal, HasDefault
0x04002781	StardewValley.FarmerTeam+SleepAnnounceModes	First	Public, Static, Literal, HasDefault
0x04002782	StardewValley.FarmerTeam+SleepAnnounceModes	Off	Public, Static, Literal, HasDefault
0x04002783	StardewValley.FarmerTeam+<>c	<>9	Public, Static, InitOnly
0x04002784	StardewValley.FarmerTeam+<>c	<>9__85_0	Public, Static
0x04002785	StardewValley.FarmerTeam+<>c	<>9__85_1	Public, Static
0x04002786	StardewValley.FarmerTeam+<>c	<>9__85_4	Public, Static
0x04002787	StardewValley.FarmerTeam+<>c	<>9__102_1	Public, Static
0x04002788	StardewValley.FarmerTeam+<>c	<>9__117_0	Public, Static
0x04002789	StardewValley.FarmerTeam+<>c__DisplayClass100_0	id	Public
0x0400278A	StardewValley.FarmerTeam+<>c__DisplayClass118_0	location	Public
0x0400278B	StardewValley.FarmerTeam+<>c__DisplayClass118_0	building	Public
0x0400278C	StardewValley.FarmerTeam+<>c__DisplayClass118_0	who	Public
0x0400278D	StardewValley.FarmerTeam+<>c__DisplayClass120_0	location	Public
0x0400278E	StardewValley.FarmerTeam+<>c__DisplayClass120_0	building	Public
0x0400278F	StardewValley.FarmerTeam+<>c__DisplayClass122_0	location	Public
0x04002790	StardewValley.FarmerTeam+<>c__DisplayClass122_0	building	Public
0x04002791	StardewValley.FarmerTeam+<>c__DisplayClass124_0	farmhand	Public
0x04002792	StardewValley.FarmerTeam+<>c__DisplayClass141_0	proposal	Public
0x04002793	StardewValley.FarmerTeam+<>c__DisplayClass141_0	responseNo	Public
0x04002794	StardewValley.FarmerTeam+<>c__DisplayClass141_0	responseYes	Public
0x04002795	StardewValley.FarmerTeam+<>c__DisplayClass141_0	<>4__this	Public
0x04002796	StardewValley.FarmerTeam+<>c__DisplayClass85_0	buildingType	Public
0x04002797	StardewValley.FarmerTeam+<>c__DisplayClass91_0	farmer	Public
0x04002798	StardewValley.FarmerTeam+<>c__DisplayClass91_0	horse	Public
0x04002799	StardewValley.Game1+BundleType	value__	Public, SpecialName, RTSpecialName
0x0400279A	StardewValley.Game1+BundleType	Default	Public, Static, Literal, HasDefault
0x0400279B	StardewValley.Game1+BundleType	Remixed	Public, Static, Literal, HasDefault
0x0400279C	StardewValley.Game1+MineChestType	value__	Public, SpecialName, RTSpecialName
0x0400279D	StardewValley.Game1+MineChestType	Default	Public, Static, Literal, HasDefault
0x0400279E	StardewValley.Game1+MineChestType	Remixed	Public, Static, Literal, HasDefault
0x0400279F	StardewValley.Game1+<>c	<>9	Public, Static, InitOnly
0x040027A0	StardewValley.Game1+<>c	<>9__664_0	Public, Static
0x040027A1	StardewValley.Game1+<>c	<>9__665_0	Public, Static
0x040027A2	StardewValley.Game1+<>c	<>9__665_1	Public, Static
0x040027A3	StardewValley.Game1+<>c	<>9__679_0	Public, Static
0x040027A4	StardewValley.Game1+<>c	<>9__738_1	Public, Static
0x040027A5	StardewValley.Game1+<>c	<>9__738_0	Public, Static
0x040027A6	StardewValley.Game1+<>c	<>9__746_2	Public, Static
0x040027A7	StardewValley.Game1+<>c	<>9__746_3	Public, Static
0x040027A8	StardewValley.Game1+<>c	<>9__762_0	Public, Static
0x040027A9	StardewValley.Game1+<>c	<>9__764_0	Public, Static
0x040027AA	StardewValley.Game1+<>c	<>9__772_0	Public, Static
0x040027AB	StardewValley.Game1+<>c	<>9__782_2	Public, Static
0x040027AC	StardewValley.Game1+<>c	<>9__784_0	Public, Static
0x040027AD	StardewValley.Game1+<>c	<>9__784_1	Public, Static
0x040027AE	StardewValley.Game1+<>c	<>9__784_4	Public, Static
0x040027AF	StardewValley.Game1+<>c	<>9__784_5	Public, Static
0x040027B0	StardewValley.Game1+<>c	<>9__784_6	Public, Static
0x040027B1	StardewValley.Game1+<>c	<>9__784_7	Public, Static
0x040027B2	StardewValley.Game1+<>c	<>9__784_8	Public, Static
0x040027B3	StardewValley.Game1+<>c	<>9__784_9	Public, Static
0x040027B4	StardewValley.Game1+<>c	<>9__784_10	Public, Static
0x040027B5	StardewValley.Game1+<>c	<>9__784_11	Public, Static
0x040027B6	StardewValley.Game1+<>c	<>9__784_12	Public, Static
0x040027B7	StardewValley.Game1+<>c	<>9__784_13	Public, Static
0x040027B8	StardewValley.Game1+<>c	<>9__786_1	Public, Static
0x040027B9	StardewValley.Game1+<>c	<>9__786_2	Public, Static
0x040027BA	StardewValley.Game1+<>c	<>9__786_0	Public, Static
0x040027BB	StardewValley.Game1+<>c	<>9__795_0	Public, Static
0x040027BC	StardewValley.Game1+<>c	<>9__796_0	Public, Static
0x040027BD	StardewValley.Game1+<>c	<>9__799_0	Public, Static
0x040027BE	StardewValley.Game1+<>c	<>9__802_1	Public, Static
0x040027BF	StardewValley.Game1+<>c	<>9__802_0	Public, Static
0x040027C0	StardewValley.Game1+<>c	<>9__841_0	Public, Static
0x040027C1	StardewValley.Game1+<>c	<>9__846_0	Public, Static
0x040027C2	StardewValley.Game1+<>c	<>9__866_0	Public, Static
0x040027C3	StardewValley.Game1+<>c	<>9__959_1	Public, Static
0x040027C4	StardewValley.Game1+<>c	<>9__959_0	Public, Static
0x040027C5	StardewValley.Game1+<>c	<>9__960_0	Public, Static
0x040027C6	StardewValley.Game1+<>c	<>9__1068_0	Public, Static
0x040027C7	StardewValley.Game1+<>c	<>9__1068_1	Public, Static
0x040027C8	StardewValley.Game1+<>c__DisplayClass1005_0	menu	Public
0x040027C9	StardewValley.Game1+<>c__DisplayClass1051_0	stables	Public
0x040027CA	StardewValley.Game1+<>c__DisplayClass1062_0	<>4__this	Public
0x040027CB	StardewValley.Game1+<>c__DisplayClass1062_0	itemId	Public
0x040027CC	StardewValley.Game1+<>c__DisplayClass1062_0	<>9__2	Public
0x040027CD	StardewValley.Game1+<>c__DisplayClass1063_0	<>4__this	Public
0x040027CE	StardewValley.Game1+<>c__DisplayClass1063_0	itemId	Public
0x040027CF	StardewValley.Game1+<>c__DisplayClass1066_0	itemId	Public
0x040027D0	StardewValley.Game1+<>c__DisplayClass1066_0	<>4__this	Public
0x040027D1	StardewValley.Game1+<>c__DisplayClass1066_0	<>9__3	Public
0x040027D2	StardewValley.Game1+<>c__DisplayClass2_0	callback	Public
0x040027D3	StardewValley.Game1+<>c__DisplayClass612_0	w	Public
0x040027D4	StardewValley.Game1+<>c__DisplayClass612_0	h	Public
0x040027D5	StardewValley.Game1+<>c__DisplayClass665_0	buildingType	Public
0x040027D6	StardewValley.Game1+<>c__DisplayClass678_0	context	Public
0x040027D7	StardewValley.Game1+<>c__DisplayClass713_0	free_farmhands	Public
0x040027D8	StardewValley.Game1+<>c__DisplayClass735_0	<>4__this	Public
0x040027D9	StardewValley.Game1+<>c__DisplayClass735_0	time	Public
0x040027DA	StardewValley.Game1+<>c__DisplayClass749_0	time	Public
0x040027DB	StardewValley.Game1+<>c__DisplayClass772_0	location	Public
0x040027DC	StardewValley.Game1+<>c__DisplayClass772_1	divorced	Public
0x040027DD	StardewValley.Game1+<>c__DisplayClass772_2	found	Public
0x040027DE	StardewValley.Game1+<>c__DisplayClass772_2	requiredQuestItems	Public
0x040027DF	StardewValley.Game1+<>c__DisplayClass772_3	missingTools	Public
0x040027E0	StardewValley.Game1+<>c__DisplayClass772_3	missingScythes	Public
0x040027E1	StardewValley.Game1+<>c__DisplayClass782_0	after	Public
0x040027E2	StardewValley.Game1+<>c__DisplayClass784_0	overnightMinutesElapsed	Public
0x040027E3	StardewValley.Game1+<>c__DisplayClass784_0	additional_shipped_items	Public
0x040027E4	StardewValley.Game1+<>c__DisplayClass846_0	warp_offset_x	Public
0x040027E5	StardewValley.Game1+<>c__DisplayClass846_0	warp_offset_y	Public
0x040027E6	StardewValley.Game1+<>c__DisplayClass846_0	locationRequest	Public
0x040027E7	StardewValley.Game1+<>c__DisplayClass846_0	tileX	Public
0x040027E8	StardewValley.Game1+<>c__DisplayClass846_0	tileY	Public
0x040027E9	StardewValley.Game1+<>c__DisplayClass846_0	facingDirectionAfterWarp	Public
0x040027EA	StardewValley.Game1+<>c__DisplayClass850_0`1	check	Public
0x040027EB	StardewValley.Game1+<>c__DisplayClass850_0`1	match	Public
0x040027EC	StardewValley.Game1+<>c__DisplayClass850_0`1	fallback	Public
0x040027ED	StardewValley.Game1+<>c__DisplayClass851_0`1	match	Public
0x040027EE	StardewValley.Game1+<>c__DisplayClass851_0`1	fallback	Public
0x040027EF	StardewValley.Game1+<>c__DisplayClass852_0`1	name	Public
0x040027F0	StardewValley.Game1+<>c__DisplayClass852_0`1	mustBeVillager	Public
0x040027F1	StardewValley.Game1+<>c__DisplayClass852_0`1	match	Public
0x040027F2	StardewValley.Game1+<>c__DisplayClass852_0`1	fallback	Public
0x040027F3	StardewValley.Game1+<>c__DisplayClass853_0	name	Public
0x040027F4	StardewValley.Game1+<>c__DisplayClass853_0	mustBeVillager	Public
0x040027F5	StardewValley.Game1+<>c__DisplayClass853_0	match	Public
0x040027F6	StardewValley.Game1+<>c__DisplayClass853_0	fallback	Public
0x040027F7	StardewValley.Game1+<>c__DisplayClass862_0	nameOrUniqueName	Public
0x040027F8	StardewValley.Game1+<>c__DisplayClass863_0	location	Public
0x040027F9	StardewValley.Game1+<>c__DisplayClass873_0	event_string	Public
0x040027FA	StardewValley.Game1+<>c__DisplayClass919_0	type	Public
0x040027FB	StardewValley.Game1+<>c__DisplayClass925_0	grabTile	Public
0x040027FC	StardewValley.Game1+<>c__DisplayClass925_0	who	Public
0x040027FD	StardewValley.Game1+<>c__DisplayClass927_0	position	Public
0x040027FE	StardewValley.Game1+<>c__DisplayClass927_1	tile	Public
0x040027FF	StardewValley.Game1+<>c__DisplayClass950_0	locationEvents	Public
0x04002800	StardewValley.Game1+<>c__DisplayClass950_0	eventAssetName	Public
0x04002801	StardewValley.Game1+<>c__DisplayClass950_1	key	Public
0x04002802	StardewValley.Game1+<>c__DisplayClass950_1	id	Public
0x04002803	StardewValley.Game1+<>c__DisplayClass950_1	CS$<>8__locals1	Public
0x04002804	StardewValley.Game1+<>c__DisplayClass978_0	currentPadState	Public
0x04002805	StardewValley.Game1+<>c__DisplayClass978_0	currentMouseState	Public
0x04002806	StardewValley.Game1+<>c__DisplayClass978_0	<>4__this	Public
0x04002807	StardewValley.Game1+<>c__DisplayClass978_0	currentKBState	Public
0x04002808	StardewValley.Game1+<>c__DisplayClass978_0	time	Public
0x04002809	StardewValley.Game1+<GetLoadContentEnumerator>d__630	<>1__state	Private
0x0400280A	StardewValley.Game1+<GetLoadContentEnumerator>d__630	<>2__current	Private
0x0400280B	StardewValley.Game1+<GetLoadContentEnumerator>d__630	<>4__this	Public
0x0400280C	StardewValley.Game1+<GetLoadContentEnumerator>d__630	<step>5__2	Private
0x0400280D	StardewValley.Game1+<_newDayAfterFade>d__784	<>1__state	Private
0x0400280E	StardewValley.Game1+<_newDayAfterFade>d__784	<>2__current	Private
0x0400280F	StardewValley.Game1+<_newDayAfterFade>d__784	<>8__1	Private
0x04002810	StardewValley.Game1+<_newDayAfterFade>d__784	<timeWentToSleep>5__2	Private
0x04002811	StardewValley.Game1+<_newDayAfterFade>d__784	<divorceNPCs>5__3	Private
0x04002812	StardewValley.Game1+<_newDayAfterFade>d__784	<yesterdayWasGreenRain>5__4	Private
0x04002813	StardewValley.Game1+<getAllFarmhands>d__913	<>1__state	Private
0x04002814	StardewValley.Game1+<getAllFarmhands>d__913	<>2__current	Private
0x04002815	StardewValley.Game1+<getAllFarmhands>d__913	<>l__initialThreadId	Private
0x04002816	StardewValley.Game1+<getAllFarmhands>d__913	<>7__wrap1	Private
0x04002817	StardewValley.Game1+<getOfflineFarmhands>d__914	<>1__state	Private
0x04002818	StardewValley.Game1+<getOfflineFarmhands>d__914	<>2__current	Private
0x04002819	StardewValley.Game1+<getOfflineFarmhands>d__914	<>l__initialThreadId	Private
0x0400281A	StardewValley.Game1+<getOfflineFarmhands>d__914	<>7__wrap1	Private
0x0400281B	StardewValley.GameStateQuery+ParsedGameStateQuery	Negated	Public, InitOnly
0x0400281C	StardewValley.GameStateQuery+ParsedGameStateQuery	Query	Public, InitOnly
0x0400281D	StardewValley.GameStateQuery+ParsedGameStateQuery	Resolver	Public, InitOnly
0x0400281E	StardewValley.GameStateQuery+ParsedGameStateQuery	Error	Public, InitOnly
0x0400281F	StardewValley.HouseRenovation+AnimationType	value__	Public, SpecialName, RTSpecialName
0x04002820	StardewValley.HouseRenovation+AnimationType	Build	Public, Static, Literal, HasDefault
0x04002821	StardewValley.HouseRenovation+AnimationType	Destroy	Public, Static, Literal, HasDefault
0x04002822	StardewValley.HouseRenovation+<>c__DisplayClass47_0	farmhouse	Public
0x04002823	StardewValley.HouseRenovation+<>c__DisplayClass47_0	<>9__2	Public
0x04002824	StardewValley.HouseRenovation+<>c__DisplayClass47_1	action_data	Public
0x04002825	StardewValley.HouseRenovation+<>c__DisplayClass47_2	field	Public
0x04002826	StardewValley.HouseRenovation+<>c__DisplayClass47_2	CS$<>8__locals1	Public
0x04002827	StardewValley.HUDMessage+<>c	<>9	Public, Static, InitOnly
0x04002828	StardewValley.HUDMessage+<>c	<>9__24_0	Public, Static
0x04002829	StardewValley.IslandGemBird+GemBirdType	value__	Public, SpecialName, RTSpecialName
0x0400282A	StardewValley.IslandGemBird+GemBirdType	Emerald	Public, Static, Literal, HasDefault
0x0400282B	StardewValley.IslandGemBird+GemBirdType	Aquamarine	Public, Static, Literal, HasDefault
0x0400282C	StardewValley.IslandGemBird+GemBirdType	Ruby	Public, Static, Literal, HasDefault
0x0400282D	StardewValley.IslandGemBird+GemBirdType	Amethyst	Public, Static, Literal, HasDefault
0x0400282E	StardewValley.IslandGemBird+GemBirdType	Topaz	Public, Static, Literal, HasDefault
0x0400282F	StardewValley.IslandGemBird+GemBirdType	MAX	Public, Static, Literal, HasDefault
0x04002830	StardewValley.Item+<>c	<>9	Public, Static, InitOnly
0x04002831	StardewValley.Item+<>c	<>9__50_1	Public, Static
0x04002832	StardewValley.ItemRegistry+<>c__DisplayClass17_0	definition	Public
0x04002833	StardewValley.LightSource+LightContext	value__	Public, SpecialName, RTSpecialName
0x04002834	StardewValley.LightSource+LightContext	None	Public, Static, Literal, HasDefault
0x04002835	StardewValley.LightSource+LightContext	MapLight	Public, Static, Literal, HasDefault
0x04002836	StardewValley.LightSource+LightContext	WindowLight	Public, Static, Literal, HasDefault
0x04002837	StardewValley.LocalizedContentManager+LanguageCode	value__	Public, SpecialName, RTSpecialName
0x04002838	StardewValley.LocalizedContentManager+LanguageCode	en	Public, Static, Literal, HasDefault
0x04002839	StardewValley.LocalizedContentManager+LanguageCode	ja	Public, Static, Literal, HasDefault
0x0400283A	StardewValley.LocalizedContentManager+LanguageCode	ru	Public, Static, Literal, HasDefault
0x0400283B	StardewValley.LocalizedContentManager+LanguageCode	zh	Public, Static, Literal, HasDefault
0x0400283C	StardewValley.LocalizedContentManager+LanguageCode	pt	Public, Static, Literal, HasDefault
0x0400283D	StardewValley.LocalizedContentManager+LanguageCode	es	Public, Static, Literal, HasDefault
0x0400283E	StardewValley.LocalizedContentManager+LanguageCode	de	Public, Static, Literal, HasDefault
0x0400283F	StardewValley.LocalizedContentManager+LanguageCode	th	Public, Static, Literal, HasDefault
0x04002840	StardewValley.LocalizedContentManager+LanguageCode	fr	Public, Static, Literal, HasDefault
0x04002841	StardewValley.LocalizedContentManager+LanguageCode	ko	Public, Static, Literal, HasDefault
0x04002842	StardewValley.LocalizedContentManager+LanguageCode	it	Public, Static, Literal, HasDefault
0x04002843	StardewValley.LocalizedContentManager+LanguageCode	tr	Public, Static, Literal, HasDefault
0x04002844	StardewValley.LocalizedContentManager+LanguageCode	hu	Public, Static, Literal, HasDefault
0x04002845	StardewValley.LocalizedContentManager+LanguageCode	mod	Public, Static, Literal, HasDefault
0x04002846	StardewValley.GameRunner+<>c	<>9	Public, Static, InitOnly
0x04002847	StardewValley.GameRunner+<>c	<>9__11_0	Public, Static
0x04002848	StardewValley.GameRunner+<>c	<>9__11_4	Public, Static
0x04002849	StardewValley.GameRunner+<>c	<>9__15_0	Public, Static
0x0400284A	StardewValley.GameRunner+<>c__DisplayClass11_0	sender	Public
0x0400284B	StardewValley.GameRunner+<>c__DisplayClass11_0	args	Public
0x0400284C	StardewValley.GameRunner+<>c__DisplayClass12_0	sender	Public
0x0400284D	StardewValley.GameRunner+<>c__DisplayClass12_0	args	Public
0x0400284E	StardewValley.Farm+LightningStrikeEvent	boltPosition	Public
0x0400284F	StardewValley.Farm+LightningStrikeEvent	createBolt	Public
0x04002850	StardewValley.Farm+LightningStrikeEvent	bigFlash	Public
0x04002851	StardewValley.Farm+LightningStrikeEvent	smallFlash	Public
0x04002852	StardewValley.Farm+LightningStrikeEvent	destroyedTerrainFeature	Public
0x04002853	StardewValley.Farm+<>c	<>9	Public, Static, InitOnly
0x04002854	StardewValley.Farm+<>c	<>9__49_0	Public, Static
0x04002855	StardewValley.GameLocation+DamagePlayersEventArg	Area	Public
0x04002856	StardewValley.GameLocation+DamagePlayersEventArg	Damage	Public
0x04002857	StardewValley.GameLocation+DamagePlayersEventArg	IsBomb	Public
0x04002858	StardewValley.GameLocation+<>c	<>9	Public, Static, InitOnly
0x04002859	StardewValley.GameLocation+<>c	<>9__160_12	Public, Static
0x0400285A	StardewValley.GameLocation+<>c	<>9__210_0	Public, Static
0x0400285B	StardewValley.GameLocation+<>c	<>9__213_0	Public, Static
0x0400285C	StardewValley.GameLocation+<>c	<>9__272_1	Public, Static
0x0400285D	StardewValley.GameLocation+<>c	<>9__305_0	Public, Static
0x0400285E	StardewValley.GameLocation+<>c	<>9__305_1	Public, Static
0x0400285F	StardewValley.GameLocation+<>c	<>9__340_0	Public, Static
0x04002860	StardewValley.GameLocation+<>c	<>9__347_0	Public, Static
0x04002861	StardewValley.GameLocation+<>c	<>9__385_1	Public, Static
0x04002862	StardewValley.GameLocation+<>c	<>9__390_0	Public, Static
0x04002863	StardewValley.GameLocation+<>c	<>9__390_1	Public, Static
0x04002864	StardewValley.GameLocation+<>c	<>9__390_2	Public, Static
0x04002865	StardewValley.GameLocation+<>c	<>9__390_3	Public, Static
0x04002866	StardewValley.GameLocation+<>c	<>9__390_4	Public, Static
0x04002867	StardewValley.GameLocation+<>c	<>9__390_5	Public, Static
0x04002868	StardewValley.GameLocation+<>c	<>9__390_6	Public, Static
0x04002869	StardewValley.GameLocation+<>c	<>9__390_7	Public, Static
0x0400286A	StardewValley.GameLocation+<>c	<>9__396_10	Public, Static
0x0400286B	StardewValley.GameLocation+<>c	<>9__396_2	Public, Static
0x0400286C	StardewValley.GameLocation+<>c	<>9__396_11	Public, Static
0x0400286D	StardewValley.GameLocation+<>c	<>9__396_3	Public, Static
0x0400286E	StardewValley.GameLocation+<>c	<>9__413_0	Public, Static
0x0400286F	StardewValley.GameLocation+<>c	<>9__418_0	Public, Static
0x04002870	StardewValley.GameLocation+<>c	<>9__420_0	Public, Static
0x04002871	StardewValley.GameLocation+<>c	<>9__422_0	Public, Static
0x04002872	StardewValley.GameLocation+<>c	<>9__433_0	Public, Static
0x04002873	StardewValley.GameLocation+<>c	<>9__433_1	Public, Static
0x04002874	StardewValley.GameLocation+<>c	<>9__434_0	Public, Static
0x04002875	StardewValley.GameLocation+<>c	<>9__435_0	Public, Static
0x04002876	StardewValley.GameLocation+<>c	<>9__435_1	Public, Static
0x04002877	StardewValley.GameLocation+<>c	<>9__435_2	Public, Static
0x04002878	StardewValley.GameLocation+<>c	<>9__437_1	Public, Static
0x04002879	StardewValley.GameLocation+<>c	<>9__449_1	Public, Static
0x0400287A	StardewValley.GameLocation+<>c	<>9__502_0	Public, Static
0x0400287B	StardewValley.GameLocation+<>c	<>9__502_1	Public, Static
0x0400287C	StardewValley.GameLocation+<>c	<>9__505_0	Public, Static
0x0400287D	StardewValley.GameLocation+<>c	<>9__506_0	Public, Static
0x0400287E	StardewValley.GameLocation+<>c__DisplayClass162_0	levelsNotSpent	Public
0x0400287F	StardewValley.GameLocation+<>c__DisplayClass202_0	tileCenterPoint	Public
0x04002880	StardewValley.GameLocation+<>c__DisplayClass202_0	exceptItemId	Public
0x04002881	StardewValley.GameLocation+<>c__DisplayClass202_0	lostAndFound	Public
0x04002882	StardewValley.GameLocation+<>c__DisplayClass244_0	farmer	Public
0x04002883	StardewValley.GameLocation+<>c__DisplayClass244_0	<>4__this	Public
0x04002884	StardewValley.GameLocation+<>c__DisplayClass244_0	position	Public
0x04002885	StardewValley.GameLocation+<>c__DisplayClass244_0	character	Public
0x04002886	StardewValley.GameLocation+<>c__DisplayClass244_0	passableTiles	Public
0x04002887	StardewValley.GameLocation+<>c__DisplayClass244_0	pathfinding	Public
0x04002888	StardewValley.GameLocation+<>c__DisplayClass244_0	skipCollisionEffects	Public
0x04002889	StardewValley.GameLocation+<>c__DisplayClass244_0	back_layer	Public
0x0400288A	StardewValley.GameLocation+<>c__DisplayClass244_0	buildings_layer	Public
0x0400288B	StardewValley.GameLocation+<>c__DisplayClass244_0	projectile	Public
0x0400288C	StardewValley.GameLocation+<>c__DisplayClass244_0	isFarmer	Public
0x0400288D	StardewValley.GameLocation+<>c__DisplayClass244_1	t	Public
0x0400288E	StardewValley.GameLocation+<>c__DisplayClass244_1	CS$<>8__locals1	Public
0x0400288F	StardewValley.GameLocation+<>c__DisplayClass244_2	t	Public
0x04002890	StardewValley.GameLocation+<>c__DisplayClass244_2	CS$<>8__locals2	Public
0x04002891	StardewValley.GameLocation+<>c__DisplayClass244_3	tmp	Public
0x04002892	StardewValley.GameLocation+<>c__DisplayClass244_3	CS$<>8__locals3	Public
0x04002893	StardewValley.GameLocation+<>c__DisplayClass244_4	t	Public
0x04002894	StardewValley.GameLocation+<>c__DisplayClass244_4	CS$<>8__locals4	Public
0x04002895	StardewValley.GameLocation+<>c__DisplayClass266_0	newPixelArea	Public
0x04002896	StardewValley.GameLocation+<>c__DisplayClass266_0	<>9__0	Public
0x04002897	StardewValley.GameLocation+<>c__DisplayClass272_0	<>4__this	Public
0x04002898	StardewValley.GameLocation+<>c__DisplayClass272_0	action	Public
0x04002899	StardewValley.GameLocation+<>c__DisplayClass272_0	playerStandingPosition	Public
0x0400289A	StardewValley.GameLocation+<>c__DisplayClass272_1	locationToWarp	Public
0x0400289B	StardewValley.GameLocation+<>c__DisplayClass272_1	tile	Public
0x0400289C	StardewValley.GameLocation+<>c__DisplayClass276_0	time	Public
0x0400289D	StardewValley.GameLocation+<>c__DisplayClass276_0	<>4__this	Public
0x0400289E	StardewValley.GameLocation+<>c__DisplayClass276_1	spriteID	Public
0x0400289F	StardewValley.GameLocation+<>c__DisplayClass276_1	position	Public
0x040028A0	StardewValley.GameLocation+<>c__DisplayClass276_1	splashAnimation	Public
0x040028A1	StardewValley.GameLocation+<>c__DisplayClass276_1	CS$<>8__locals1	Public
0x040028A2	StardewValley.GameLocation+<>c__DisplayClass276_2	player_position	Public
0x040028A3	StardewValley.GameLocation+<>c__DisplayClass296_0	<>4__this	Public
0x040028A4	StardewValley.GameLocation+<>c__DisplayClass296_0	monster	Public
0x040028A5	StardewValley.GameLocation+<>c__DisplayClass296_0	killedByBomb	Public
0x040028A6	StardewValley.GameLocation+<>c__DisplayClass296_0	isHutchSlime	Public
0x040028A7	StardewValley.GameLocation+<>c__DisplayClass299_0	monster	Public
0x040028A8	StardewValley.GameLocation+<>c__DisplayClass347_0	lightIdPrefix	Public
0x040028A9	StardewValley.GameLocation+<>c__DisplayClass385_0	fridge	Public
0x040028AA	StardewValley.GameLocation+<>c__DisplayClass385_0	mini_fridges	Public
0x040028AB	StardewValley.GameLocation+<>c__DisplayClass391_0	<>4__this	Public
0x040028AC	StardewValley.GameLocation+<>c__DisplayClass391_0	tile	Public
0x040028AD	StardewValley.GameLocation+<>c__DisplayClass391_0	garbageRandom	Public
0x040028AE	StardewValley.GameLocation+<>c__DisplayClass391_0	tileY	Public
0x040028AF	StardewValley.GameLocation+<>c__DisplayClass392_0	logError	Public
0x040028B0	StardewValley.GameLocation+<>c__DisplayClass392_1	error	Public
0x040028B1	StardewValley.GameLocation+<>c__DisplayClass392_1	CS$<>8__locals1	Public
0x040028B2	StardewValley.GameLocation+<>c__DisplayClass396_0	<>4__this	Public
0x040028B3	StardewValley.GameLocation+<>c__DisplayClass396_0	action	Public
0x040028B4	StardewValley.GameLocation+<>c__DisplayClass396_0	tileLocation	Public
0x040028B5	StardewValley.GameLocation+<>c__DisplayClass396_0	who	Public
0x040028B6	StardewValley.GameLocation+<>c__DisplayClass396_0	<>9__6	Public
0x040028B7	StardewValley.GameLocation+<>c__DisplayClass396_0	<>9__8	Public
0x040028B8	StardewValley.GameLocation+<>c__DisplayClass396_1	tempSprite	Public
0x040028B9	StardewValley.GameLocation+<>c__DisplayClass396_1	CS$<>8__locals1	Public
0x040028BA	StardewValley.GameLocation+<>c__DisplayClass396_1	<>9__5	Public
0x040028BB	StardewValley.GameLocation+<>c__DisplayClass396_2	_id	Public
0x040028BC	StardewValley.GameLocation+<>c__DisplayClass396_2	tempSprite	Public
0x040028BD	StardewValley.GameLocation+<>c__DisplayClass396_2	CS$<>8__locals2	Public
0x040028BE	StardewValley.GameLocation+<>c__DisplayClass396_3	id	Public
0x040028BF	StardewValley.GameLocation+<>c__DisplayClass396_4	minimum_capacity	Public
0x040028C0	StardewValley.GameLocation+<>c__DisplayClass396_5	order	Public
0x040028C1	StardewValley.GameLocation+<>c__DisplayClass396_5	CS$<>8__locals3	Public
0x040028C2	StardewValley.GameLocation+<>c__DisplayClass398_0	destinationLookup	Public
0x040028C3	StardewValley.GameLocation+<>c__DisplayClass398_0	<>4__this	Public
0x040028C4	StardewValley.GameLocation+<>c__DisplayClass398_0	network	Public
0x040028C5	StardewValley.GameLocation+<>c__DisplayClass398_1	price	Public
0x040028C6	StardewValley.GameLocation+<>c__DisplayClass398_1	destination	Public
0x040028C7	StardewValley.GameLocation+<>c__DisplayClass398_1	CS$<>8__locals1	Public
0x040028C8	StardewValley.GameLocation+<>c__DisplayClass449_0	onMenuOpened	Public
0x040028C9	StardewValley.GameLocation+<>c__DisplayClass490_0	id	Public
0x040028CA	StardewValley.GameLocation+<>c__DisplayClass502_0	location	Public
0x040028CB	StardewValley.GameLocation+<>c__DisplayClass502_0	bobberTile	Public
0x040028CC	StardewValley.GameLocation+<>c__DisplayClass502_0	waterDepth	Public
0x040028CD	StardewValley.GameLocation+<>c__DisplayClass502_0	<>9__2	Public
0x040028CE	StardewValley.GameLocation+<>c__DisplayClass502_0	<>9__3	Public
0x040028CF	StardewValley.GameLocation+<>c__DisplayClass502_1	spawn	Public
0x040028D0	StardewValley.GameLocation+<>c__DisplayClass502_1	CS$<>8__locals1	Public
0x040028D1	StardewValley.GameLocation+<>c__DisplayClass503_0	fish	Public
0x040028D2	StardewValley.GameLocation+<>c__DisplayClass505_0	drop	Public
0x040028D3	StardewValley.GameLocation+<>c__DisplayClass505_0	<>4__this	Public
0x040028D4	StardewValley.GameLocation+<>c__DisplayClass506_0	drop	Public
0x040028D5	StardewValley.GameLocation+<>c__DisplayClass506_0	<>4__this	Public
0x040028D6	StardewValley.GameLocation+<>c__DisplayClass508_0	rawData	Public
0x040028D7	StardewValley.GameLocation+<>c__DisplayClass511_0	<>4__this	Public
0x040028D8	StardewValley.GameLocation+<>c__DisplayClass511_0	xLocation	Public
0x040028D9	StardewValley.GameLocation+<>c__DisplayClass511_0	yLocation	Public
0x040028DA	StardewValley.GameLocation+<>c__DisplayClass533_0	forage	Public
0x040028DB	StardewValley.GameLocation+<>c__DisplayClass533_0	<>4__this	Public
0x040028DC	StardewValley.GameLocation+<>c__DisplayClass536_0	pixelArea	Public
0x040028DD	StardewValley.GameLocation+<>c__DisplayClass538_0	tile	Public
0x040028DE	StardewValley.GameLocation+<>c__DisplayClass538_0	pixel	Public
0x040028DF	StardewValley.GameLocation+<>c__DisplayClass563_0	onLoad	Public
0x040028E0	StardewValley.GameLocation+<>c__DisplayClass574_0	hay	Public
0x040028E1	StardewValley.GameLocation+<>c__DisplayClass575_0	count	Public
0x040028E2	StardewValley.GameLocation+<>c__DisplayClass592_0	interiors	Public
0x040028E3	StardewValley.InteriorDoorDictionary+DoorCollection	_dict	Private
0x040028E4	StardewValley.InteriorDoorDictionary+<GetDoorTilesFromMapProperty>d__7	<>1__state	Private
0x040028E5	StardewValley.InteriorDoorDictionary+<GetDoorTilesFromMapProperty>d__7	<>2__current	Private
0x040028E6	StardewValley.InteriorDoorDictionary+<GetDoorTilesFromMapProperty>d__7	<>l__initialThreadId	Private
0x040028E7	StardewValley.InteriorDoorDictionary+<GetDoorTilesFromMapProperty>d__7	location	Private
0x040028E8	StardewValley.InteriorDoorDictionary+<GetDoorTilesFromMapProperty>d__7	<>3__location	Public
0x040028E9	StardewValley.InteriorDoorDictionary+<GetDoorTilesFromMapProperty>d__7	<fields>5__2	Private
0x040028EA	StardewValley.InteriorDoorDictionary+<GetDoorTilesFromMapProperty>d__7	<i>5__3	Private
0x040028EB	StardewValley.WaterTiles+WaterTileData	isWater	Public
0x040028EC	StardewValley.WaterTiles+WaterTileData	isVisible	Public
0x040028ED	StardewValley.MachineDataUtility+<>c	<>9	Public, Static, InitOnly
0x040028EE	StardewValley.MachineDataUtility+<>c	<>9__12_0	Public, Static
0x040028EF	StardewValley.MachineDataUtility+<>c__DisplayClass7_0	machine	Public
0x040028F0	StardewValley.MachineDataUtility+<>c__DisplayClass7_0	outputData	Public
0x040028F1	StardewValley.MachineDataUtility+<>c__DisplayClass7_0	inputItem	Public
0x040028F2	StardewValley.MachineDataUtility+<>c__DisplayClass7_0	who	Public
0x040028F3	StardewValley.DisposableList`1+Enumerator	_parent	Private, InitOnly
0x040028F4	StardewValley.DisposableList`1+Enumerator	_index	Private
0x040028F5	StardewValley.MultipleMutexRequest+<>c__DisplayClass7_0	mutex	Public
0x040028F6	StardewValley.MultipleMutexRequest+<>c__DisplayClass7_0	<>4__this	Public
0x040028F7	StardewValley.Multiplayer+PartyWideMessageQueue	value__	Public, SpecialName, RTSpecialName
0x040028F8	StardewValley.Multiplayer+PartyWideMessageQueue	MailForTomorrow	Public, Static, Literal, HasDefault
0x040028F9	StardewValley.Multiplayer+PartyWideMessageQueue	SeenMail	Public, Static, Literal, HasDefault
0x040028FA	StardewValley.Multiplayer+DisconnectType	value__	Public, SpecialName, RTSpecialName
0x040028FB	StardewValley.Multiplayer+DisconnectType	None	Public, Static, Literal, HasDefault
0x040028FC	StardewValley.Multiplayer+DisconnectType	ClosedGame	Public, Static, Literal, HasDefault
0x040028FD	StardewValley.Multiplayer+DisconnectType	ExitedToMainMenu	Public, Static, Literal, HasDefault
0x040028FE	StardewValley.Multiplayer+DisconnectType	ExitedToMainMenu_FromFarmhandSelect	Public, Static, Literal, HasDefault
0x040028FF	StardewValley.Multiplayer+DisconnectType	HostLeft	Public, Static, Literal, HasDefault
0x04002900	StardewValley.Multiplayer+DisconnectType	ServerOfflineMode	Public, Static, Literal, HasDefault
0x04002901	StardewValley.Multiplayer+DisconnectType	ServerFull	Public, Static, Literal, HasDefault
0x04002902	StardewValley.Multiplayer+DisconnectType	Kicked	Public, Static, Literal, HasDefault
0x04002903	StardewValley.Multiplayer+DisconnectType	AcceptedOtherInvite	Public, Static, Literal, HasDefault
0x04002904	StardewValley.Multiplayer+DisconnectType	ClientTimeout	Public, Static, Literal, HasDefault
0x04002905	StardewValley.Multiplayer+DisconnectType	LidgrenTimeout	Public, Static, Literal, HasDefault
0x04002906	StardewValley.Multiplayer+DisconnectType	GalaxyTimeout	Public, Static, Literal, HasDefault
0x04002907	StardewValley.Multiplayer+DisconnectType	Timeout_FarmhandSelection	Public, Static, Literal, HasDefault
0x04002908	StardewValley.Multiplayer+DisconnectType	LidgrenDisconnect_Unknown	Public, Static, Literal, HasDefault
0x04002909	StardewValley.Multiplayer+<>c	<>9	Public, Static, InitOnly
0x0400290A	StardewValley.Multiplayer+<>c	<>9__119_0	Public, Static
0x0400290B	StardewValley.Multiplayer+<>c	<>9__130_0	Public, Static
0x0400290C	StardewValley.Multiplayer+<>c__DisplayClass157_0	location	Public
0x0400290D	StardewValley.Multiplayer+<>c__DisplayClass157_1	farmerActor	Public
0x0400290E	StardewValley.Multiplayer+<>c__DisplayClass157_1	eventId	Public
0x0400290F	StardewValley.Multiplayer+<>c__DisplayClass157_1	notify_when_done	Public
0x04002910	StardewValley.Multiplayer+<>c__DisplayClass157_1	location_for_event_check	Public
0x04002911	StardewValley.Multiplayer+<>c__DisplayClass157_1	request	Public
0x04002912	StardewValley.Multiplayer+<>c__DisplayClass157_1	oldLocation	Public
0x04002913	StardewValley.Multiplayer+<>c__DisplayClass157_1	oldTile	Public
0x04002914	StardewValley.Multiplayer+<>c__DisplayClass157_1	direction	Public
0x04002915	StardewValley.Multiplayer+<>c__DisplayClass157_1	tileX	Public
0x04002916	StardewValley.Multiplayer+<>c__DisplayClass157_1	tileY	Public
0x04002917	StardewValley.Multiplayer+<>c__DisplayClass78_0	message	Public
0x04002918	StardewValley.Multiplayer+<_GetActiveLocationsHere>d__136	<>1__state	Private
0x04002919	StardewValley.Multiplayer+<_GetActiveLocationsHere>d__136	<>2__current	Private
0x0400291A	StardewValley.Multiplayer+<_GetActiveLocationsHere>d__136	<>l__initialThreadId	Private
0x0400291B	StardewValley.Multiplayer+<_GetActiveLocationsHere>d__136	location	Private
0x0400291C	StardewValley.Multiplayer+<_GetActiveLocationsHere>d__136	<>3__location	Public
0x0400291D	StardewValley.Multiplayer+<_GetActiveLocationsHere>d__136	<>4__this	Public
0x0400291E	StardewValley.Multiplayer+<_GetActiveLocationsHere>d__136	<>7__wrap1	Private
0x0400291F	StardewValley.Multiplayer+<_GetActiveLocationsHere>d__136	<>7__wrap2	Private
0x04002920	StardewValley.Multiplayer+<activeLocations>d__135	<>1__state	Private
0x04002921	StardewValley.Multiplayer+<activeLocations>d__135	<>2__current	Private
0x04002922	StardewValley.Multiplayer+<activeLocations>d__135	<>l__initialThreadId	Private
0x04002923	StardewValley.Multiplayer+<activeLocations>d__135	<>4__this	Public
0x04002924	StardewValley.Multiplayer+<activeLocations>d__135	<>7__wrap1	Private
0x04002925	StardewValley.Multiplayer+<activeLocations>d__135	<>7__wrap2	Private
0x04002926	StardewValley.Multiplayer+<farmerRoots>d__67	<>1__state	Private
0x04002927	StardewValley.Multiplayer+<farmerRoots>d__67	<>2__current	Private
0x04002928	StardewValley.Multiplayer+<farmerRoots>d__67	<>l__initialThreadId	Private
0x04002929	StardewValley.Multiplayer+<farmerRoots>d__67	<>7__wrap1	Private
0x0400292A	StardewValley.NPC+<>c	<>9	Public, Static, InitOnly
0x0400292B	StardewValley.NPC+<>c	<>9__115_0	Public, Static
0x0400292C	StardewValley.NPC+<>c	<>9__115_1	Public, Static
0x0400292D	StardewValley.NPC+<>c	<>9__115_2	Public, Static
0x0400292E	StardewValley.NPC+<>c	<>9__233_1	Public, Static
0x0400292F	StardewValley.NPC+<>c	<>9__233_6	Public, Static
0x04002930	StardewValley.NPC+<>c	<>9__236_4	Public, Static
0x04002931	StardewValley.NPC+<>c	<>9__322_0	Public, Static
0x04002932	StardewValley.NPC+<>c	<>9__322_1	Public, Static
0x04002933	StardewValley.NPC+<>c	<>9__330_1	Public, Static
0x04002934	StardewValley.NPC+<>c	<>9__330_3	Public, Static
0x04002935	StardewValley.NPC+<>c	<>9__330_4	Public, Static
0x04002936	StardewValley.NPC+<>c	<>9__330_7	Public, Static
0x04002937	StardewValley.NPC+<>c	<>9__330_9	Public, Static
0x04002938	StardewValley.NPC+<>c	<>9__330_10	Public, Static
0x04002939	StardewValley.NPC+<>c__DisplayClass232_0	who	Public
0x0400293A	StardewValley.NPC+<>c__DisplayClass233_0	<>4__this	Public
0x0400293B	StardewValley.NPC+<>c__DisplayClass233_0	activeObj	Public
0x0400293C	StardewValley.NPC+<>c__DisplayClass233_0	probe	Public
0x0400293D	StardewValley.NPC+<>c__DisplayClass233_0	who	Public
0x0400293E	StardewValley.NPC+<>c__DisplayClass233_1	o	Public
0x0400293F	StardewValley.NPC+<>c__DisplayClass233_1	CS$<>8__locals1	Public
0x04002940	StardewValley.NPC+<>c__DisplayClass236_0	<>4__this	Public
0x04002941	StardewValley.NPC+<>c__DisplayClass236_0	l	Public
0x04002942	StardewValley.NPC+<>c__DisplayClass241_0	location_events	Public
0x04002943	StardewValley.NPC+<>c__DisplayClass241_0	eventAssetName	Public
0x04002944	StardewValley.NPC+<>c__DisplayClass241_0	oldLocation	Public
0x04002945	StardewValley.NPC+<>c__DisplayClass241_0	oldTile	Public
0x04002946	StardewValley.NPC+<>c__DisplayClass241_0	oldDirection	Public
0x04002947	StardewValley.NPC+<>c__DisplayClass241_1	key	Public
0x04002948	StardewValley.NPC+<>c__DisplayClass241_1	location_request	Public
0x04002949	StardewValley.NPC+<>c__DisplayClass241_1	CS$<>8__locals1	Public
0x0400294A	StardewValley.NPC+<>c__DisplayClass330_0	<>4__this	Public
0x0400294B	StardewValley.NPC+<>c__DisplayClass330_0	taste	Public
0x0400294C	StardewValley.NPC+<>c__DisplayClass330_1	tag	Public
0x0400294D	StardewValley.NPC+<>c__DisplayClass330_2	tag	Public
0x0400294E	StardewValley.Object+PreserveType	value__	Public, SpecialName, RTSpecialName
0x0400294F	StardewValley.Object+PreserveType	Wine	Public, Static, Literal, HasDefault
0x04002950	StardewValley.Object+PreserveType	Jelly	Public, Static, Literal, HasDefault
0x04002951	StardewValley.Object+PreserveType	Pickle	Public, Static, Literal, HasDefault
0x04002952	StardewValley.Object+PreserveType	Juice	Public, Static, Literal, HasDefault
0x04002953	StardewValley.Object+PreserveType	Roe	Public, Static, Literal, HasDefault
0x04002954	StardewValley.Object+PreserveType	AgedRoe	Public, Static, Literal, HasDefault
0x04002955	StardewValley.Object+PreserveType	Honey	Public, Static, Literal, HasDefault
0x04002956	StardewValley.Object+PreserveType	Bait	Public, Static, Literal, HasDefault
0x04002957	StardewValley.Object+PreserveType	DriedFruit	Public, Static, Literal, HasDefault
0x04002958	StardewValley.Object+PreserveType	DriedMushroom	Public, Static, Literal, HasDefault
0x04002959	StardewValley.Object+PreserveType	SmokedFish	Public, Static, Literal, HasDefault
0x0400295A	StardewValley.Object+<>c	<>9	Public, Static, InitOnly
0x0400295B	StardewValley.Object+<>c	<>9__308_2	Public, Static
0x0400295C	StardewValley.Object+<>c	<>9__309_0	Public, Static
0x0400295D	StardewValley.Object+<>c__DisplayClass259_0	location	Public
0x0400295E	StardewValley.Object+<>c__DisplayClass259_0	<>4__this	Public
0x0400295F	StardewValley.Object+<>c__DisplayClass259_1	chest	Public
0x04002960	StardewValley.Object+<>c__DisplayClass259_1	CS$<>8__locals1	Public
0x04002961	StardewValley.Object+<>c__DisplayClass308_0	location	Public
0x04002962	StardewValley.Object+<>c__DisplayClass308_0	<>4__this	Public
0x04002963	StardewValley.Object+<>c__DisplayClass325_0	<>4__this	Public
0x04002964	StardewValley.Object+<>c__DisplayClass325_0	who	Public
0x04002965	StardewValley.Object+<>c__DisplayClass327_0	who	Public
0x04002966	StardewValley.Object+<>c__DisplayClass327_1	v	Public
0x04002967	StardewValley.Object+<>c__DisplayClass327_1	CS$<>8__locals1	Public
0x04002968	StardewValley.Object+<>c__DisplayClass339_0	<>4__this	Public
0x04002969	StardewValley.Object+<>c__DisplayClass339_0	signMenu	Public
0x0400296A	StardewValley.Object+<>c__DisplayClass346_0	chest	Public
0x0400296B	StardewValley.Object+<>c__DisplayClass346_0	<>4__this	Public
0x0400296C	StardewValley.Object+<>c__DisplayClass346_0	who	Public
0x0400296D	StardewValley.Object+<>c__DisplayClass346_0	taskSource	Public
0x0400296E	StardewValley.Object+<>c__DisplayClass401_0	location	Public
0x0400296F	StardewValley.Object+<>c__DisplayClass401_0	who	Public
0x04002970	StardewValley.Object+<>c__DisplayClass401_1	dirt	Public
0x04002971	StardewValley.Object+<>c__DisplayClass401_1	CS$<>8__locals1	Public
0x04002972	StardewValley.Object+<>c__DisplayClass401_2	chest	Public
0x04002973	StardewValley.Object+<>c__DisplayClass401_2	items	Public
0x04002974	StardewValley.Object+<>c__DisplayClass401_2	CS$<>8__locals2	Public
0x04002975	StardewValley.Object+<GetFoodOrDrinkBuffs>d__357	<>1__state	Private
0x04002976	StardewValley.Object+<GetFoodOrDrinkBuffs>d__357	<>2__current	Private
0x04002977	StardewValley.Object+<GetFoodOrDrinkBuffs>d__357	<>l__initialThreadId	Private
0x04002978	StardewValley.Object+<GetFoodOrDrinkBuffs>d__357	<>4__this	Public
0x04002979	StardewValley.Object+<GetFoodOrDrinkBuffs>d__357	<>7__wrap1	Private
0x0400297A	StardewValley.Object+<TryCreateBuffsFromData>d__358	<>1__state	Private
0x0400297B	StardewValley.Object+<TryCreateBuffsFromData>d__358	<>2__current	Private
0x0400297C	StardewValley.Object+<TryCreateBuffsFromData>d__358	<>l__initialThreadId	Private
0x0400297D	StardewValley.Object+<TryCreateBuffsFromData>d__358	obj	Private
0x0400297E	StardewValley.Object+<TryCreateBuffsFromData>d__358	<>3__obj	Public
0x0400297F	StardewValley.Object+<TryCreateBuffsFromData>d__358	adjustEffects	Private
0x04002980	StardewValley.Object+<TryCreateBuffsFromData>d__358	<>3__adjustEffects	Public
0x04002981	StardewValley.Object+<TryCreateBuffsFromData>d__358	durationMultiplier	Private
0x04002982	StardewValley.Object+<TryCreateBuffsFromData>d__358	<>3__durationMultiplier	Public
0x04002983	StardewValley.Object+<TryCreateBuffsFromData>d__358	name	Private
0x04002984	StardewValley.Object+<TryCreateBuffsFromData>d__358	<>3__name	Public
0x04002985	StardewValley.Object+<TryCreateBuffsFromData>d__358	displayName	Private
0x04002986	StardewValley.Object+<TryCreateBuffsFromData>d__358	<>3__displayName	Public
0x04002987	StardewValley.Object+<TryCreateBuffsFromData>d__358	<>7__wrap1	Private
0x04002988	StardewValley.Options+ItemStowingModes	value__	Public, SpecialName, RTSpecialName
0x04002989	StardewValley.Options+ItemStowingModes	Off	Public, Static, Literal, HasDefault
0x0400298A	StardewValley.Options+ItemStowingModes	GamepadOnly	Public, Static, Literal, HasDefault
0x0400298B	StardewValley.Options+ItemStowingModes	Both	Public, Static, Literal, HasDefault
0x0400298C	StardewValley.Options+GamepadModes	value__	Public, SpecialName, RTSpecialName
0x0400298D	StardewValley.Options+GamepadModes	Auto	Public, Static, Literal, HasDefault
0x0400298E	StardewValley.Options+GamepadModes	ForceOn	Public, Static, Literal, HasDefault
0x0400298F	StardewValley.Options+GamepadModes	ForceOff	Public, Static, Literal, HasDefault
0x04002990	StardewValley.Program+LogType	value__	Public, SpecialName, RTSpecialName
0x04002991	StardewValley.Program+LogType	Error	Public, Static, Literal, HasDefault
0x04002992	StardewValley.Program+LogType	Disconnect	Public, Static, Literal, HasDefault
0x04002993	StardewValley.SaveGame+<>c	<>9	Public, Static, InitOnly
0x04002994	StardewValley.SaveGame+<>c	<>9__94_0	Public, Static
0x04002995	StardewValley.SaveGame+<>c	<>9__94_1	Public, Static
0x04002996	StardewValley.SaveGame+<>c	<>9__94_2	Public, Static
0x04002997	StardewValley.SaveGame+<>c	<>9__94_3	Public, Static
0x04002998	StardewValley.SaveGame+<>c	<>9__94_4	Public, Static
0x04002999	StardewValley.SaveGame+<>c	<>9__94_5	Public, Static
0x0400299A	StardewValley.SaveGame+<>c	<>9__94_6	Public, Static
0x0400299B	StardewValley.SaveGame+<>c	<>9__101_2	Public, Static
0x0400299C	StardewValley.SaveGame+<>c	<>9__101_3	Public, Static
0x0400299D	StardewValley.SaveGame+<>c	<>9__101_4	Public, Static
0x0400299E	StardewValley.SaveGame+<>c	<>9__101_0	Public, Static
0x0400299F	StardewValley.SaveGame+<>c	<>9__102_0	Public, Static
0x040029A0	StardewValley.SaveGame+<>c	<>9__103_1	Public, Static
0x040029A1	StardewValley.SaveGame+<>c	<>9__103_0	Public, Static
0x040029A2	StardewValley.SaveGame+<>c	<>9__105_0	Public, Static
0x040029A3	StardewValley.SaveGame+<>c__DisplayClass101_0	file	Public
0x040029A4	StardewValley.SaveGame+<>c__DisplayClass101_0	error	Public
0x040029A5	StardewValley.SaveGame+<>c__DisplayClass101_0	autoRecovered	Public
0x040029A6	StardewValley.SaveGame+<>c__DisplayClass101_1	validFarmhands	Public
0x040029A7	StardewValley.SaveGame+<>c__DisplayClass92_0	loader	Public
0x040029A8	StardewValley.SaveGame+<Save>d__92	<>1__state	Private
0x040029A9	StardewValley.SaveGame+<Save>d__92	<>2__current	Private
0x040029AA	StardewValley.SaveGame+<Save>d__92	<>8__1	Private
0x040029AB	StardewValley.SaveGame+<Save>d__92	<save>5__2	Private
0x040029AC	StardewValley.SaveGame+<Save>d__92	<saveTask>5__3	Private
0x040029AD	StardewValley.SaveGame+<getLoadEnumerator>d__101	<>1__state	Private
0x040029AE	StardewValley.SaveGame+<getLoadEnumerator>d__101	<>2__current	Private
0x040029AF	StardewValley.SaveGame+<getLoadEnumerator>d__101	file	Public
0x040029B0	StardewValley.SaveGame+<getLoadEnumerator>d__101	<>8__1	Private
0x040029B1	StardewValley.SaveGame+<getLoadEnumerator>d__101	<stopwatch>5__2	Private
0x040029B2	StardewValley.SaveGame+<getLoadEnumerator>d__101	<readSaveTask>5__3	Private
0x040029B3	StardewValley.SaveGame+<getSaveEnumerator>d__94	<>1__state	Private
0x040029B4	StardewValley.SaveGame+<getSaveEnumerator>d__94	<>2__current	Private
0x040029B5	StardewValley.SaveGame+<getSaveEnumerator>d__94	<saveData>5__2	Private
0x040029B6	StardewValley.SaveGame+<getSaveEnumerator>d__94	<finalFarmerPath>5__3	Private
0x040029B7	StardewValley.SaveGame+<getSaveEnumerator>d__94	<finalDataPath>5__4	Private
0x040029B8	StardewValley.SaveGame+<getSaveEnumerator>d__94	<tempFarmerPath>5__5	Private
0x040029B9	StardewValley.SaveGame+<getSaveEnumerator>d__94	<tempDataPath>5__6	Private
0x040029BA	StardewValley.SaveGame+<getSaveEnumerator>d__94	<fstream>5__7	Private
0x040029BB	StardewValley.SaveGame+<getSaveEnumerator>d__94	<mstream1>5__8	Private
0x040029BC	StardewValley.SaveGame+<getSaveEnumerator>d__94	<mstream2>5__9	Private
0x040029BD	StardewValley.SaveGame+<getSaveEnumerator>d__94	<buffer1>5__10	Private
0x040029BE	StardewValley.SaveGame+<getSaveEnumerator>d__94	<settings>5__11	Private
0x040029BF	StardewValley.SerializableDictionary`2+ChangeArgs	Type	Public, InitOnly
0x040029C0	StardewValley.SerializableDictionary`2+ChangeArgs	Key	Public, InitOnly
0x040029C1	StardewValley.SerializableDictionary`2+ChangeArgs	Value	Public, InitOnly
0x040029C2	StardewValley.MapSeat+<>c	<>9	Public, Static, InitOnly
0x040029C3	StardewValley.MapSeat+<>c	<>9__24_0	Public, Static
0x040029C4	StardewValley.Tool+<>c__DisplayClass122_0	oldEnchantments	Public
0x040029C5	StardewValley.Utility+HorseWarpRestrictions	value__	Public, SpecialName, RTSpecialName
0x040029C6	StardewValley.Utility+HorseWarpRestrictions	None	Public, Static, Literal, HasDefault
0x040029C7	StardewValley.Utility+HorseWarpRestrictions	NoOwnedHorse	Public, Static, Literal, HasDefault
0x040029C8	StardewValley.Utility+HorseWarpRestrictions	Indoors	Public, Static, Literal, HasDefault
0x040029C9	StardewValley.Utility+HorseWarpRestrictions	NoRoom	Public, Static, Literal, HasDefault
0x040029CA	StardewValley.Utility+HorseWarpRestrictions	InUse	Public, Static, Literal, HasDefault
0x040029CB	StardewValley.Utility+<>c	<>9	Public, Static, InitOnly
0x040029CC	StardewValley.Utility+<>c	<>9__35_1	Public, Static
0x040029CD	StardewValley.Utility+<>c	<>9__35_2	Public, Static
0x040029CE	StardewValley.Utility+<>c	<>9__35_3	Public, Static
0x040029CF	StardewValley.Utility+<>c	<>9__35_4	Public, Static
0x040029D0	StardewValley.Utility+<>c	<>9__35_6	Public, Static
0x040029D1	StardewValley.Utility+<>c	<>9__78_0	Public, Static
0x040029D2	StardewValley.Utility+<>c	<>9__78_1	Public, Static
0x040029D3	StardewValley.Utility+<>c	<>9__79_0	Public, Static
0x040029D4	StardewValley.Utility+<>c	<>9__79_1	Public, Static
0x040029D5	StardewValley.Utility+<>c	<>9__110_1	Public, Static
0x040029D6	StardewValley.Utility+<>c	<>9__135_0	Public, Static
0x040029D7	StardewValley.Utility+<>c	<>9__135_1	Public, Static
0x040029D8	StardewValley.Utility+<>c	<>9__158_0	Public, Static
0x040029D9	StardewValley.Utility+<>c	<>9__158_1	Public, Static
0x040029DA	StardewValley.Utility+<>c	<>9__158_2	Public, Static
0x040029DB	StardewValley.Utility+<>c	<>9__158_3	Public, Static
0x040029DC	StardewValley.Utility+<>c	<>9__158_4	Public, Static
0x040029DD	StardewValley.Utility+<>c	<>9__158_5	Public, Static
0x040029DE	StardewValley.Utility+<>c	<>9__158_6	Public, Static
0x040029DF	StardewValley.Utility+<>c	<>9__158_7	Public, Static
0x040029E0	StardewValley.Utility+<>c	<>9__199_1	Public, Static
0x040029E1	StardewValley.Utility+<>c	<>9__199_4	Public, Static
0x040029E2	StardewValley.Utility+<>c	<>9__199_5	Public, Static
0x040029E3	StardewValley.Utility+<>c	<>9__199_6	Public, Static
0x040029E4	StardewValley.Utility+<>c	<>9__199_7	Public, Static
0x040029E5	StardewValley.Utility+<>c	<>9__200_1	Public, Static
0x040029E6	StardewValley.Utility+<>c	<>9__213_0	Public, Static
0x040029E7	StardewValley.Utility+<>c	<>9__290_0	Public, Static
0x040029E8	StardewValley.Utility+<>c	<>9__295_0	Public, Static
0x040029E9	StardewValley.Utility+<>c__DisplayClass110_0	animalLocations	Public
0x040029EA	StardewValley.Utility+<>c__DisplayClass110_0	animalsToRemove	Public
0x040029EB	StardewValley.Utility+<>c__DisplayClass110_0	uniqueAnimals	Public
0x040029EC	StardewValley.Utility+<>c__DisplayClass110_1	animalId	Public
0x040029ED	StardewValley.Utility+<>c__DisplayClass110_2	a	Public
0x040029EE	StardewValley.Utility+<>c__DisplayClass110_2	<>9__4	Public
0x040029EF	StardewValley.Utility+<>c__DisplayClass110_3	b	Public
0x040029F0	StardewValley.Utility+<>c__DisplayClass111_0	spouseActor	Public
0x040029F1	StardewValley.Utility+<>c__DisplayClass111_0	contextualAttendees	Public
0x040029F2	StardewValley.Utility+<>c__DisplayClass118_0	itemId	Public
0x040029F3	StardewValley.Utility+<>c__DisplayClass118_0	itemFound	Public
0x040029F4	StardewValley.Utility+<>c__DisplayClass17_0	action	Public
0x040029F5	StardewValley.Utility+<>c__DisplayClass17_1	shouldContinue	Public
0x040029F6	StardewValley.Utility+<>c__DisplayClass17_1	CS$<>8__locals1	Public
0x040029F7	StardewValley.Utility+<>c__DisplayClass18_0	ignoreUnderConstruction	Public
0x040029F8	StardewValley.Utility+<>c__DisplayClass18_0	action	Public
0x040029F9	StardewValley.Utility+<>c__DisplayClass196_0	id	Public
0x040029FA	StardewValley.Utility+<>c__DisplayClass196_0	match	Public
0x040029FB	StardewValley.Utility+<>c__DisplayClass199_0	ownerType	Public
0x040029FC	StardewValley.Utility+<>c__DisplayClass199_0	ownerName	Public
0x040029FD	StardewValley.Utility+<>c__DisplayClass200_0	forceOpen	Public
0x040029FE	StardewValley.Utility+<>c__DisplayClass200_0	owner	Public
0x040029FF	StardewValley.Utility+<>c__DisplayClass200_0	<>9__2	Public
0x04002A00	StardewValley.Utility+<>c__DisplayClass204_0	uid	Public
0x04002A01	StardewValley.Utility+<>c__DisplayClass204_0	match	Public
0x04002A02	StardewValley.Utility+<>c__DisplayClass205_0	horseId	Public
0x04002A03	StardewValley.Utility+<>c__DisplayClass205_0	match	Public
0x04002A04	StardewValley.Utility+<>c__DisplayClass20_0	includeEventActors	Public
0x04002A05	StardewValley.Utility+<>c__DisplayClass20_0	action	Public
0x04002A06	StardewValley.Utility+<>c__DisplayClass219_0	name	Public
0x04002A07	StardewValley.Utility+<>c__DisplayClass219_0	found	Public
0x04002A08	StardewValley.Utility+<>c__DisplayClass21_0	includeEventActors	Public
0x04002A09	StardewValley.Utility+<>c__DisplayClass21_0	action	Public
0x04002A0A	StardewValley.Utility+<>c__DisplayClass22_0`1	ignoreUnderConstruction	Public
0x04002A0B	StardewValley.Utility+<>c__DisplayClass22_0`1	action	Public
0x04002A0C	StardewValley.Utility+<>c__DisplayClass23_0	action	Public
0x04002A0D	StardewValley.Utility+<>c__DisplayClass24_0	action	Public
0x04002A0E	StardewValley.Utility+<>c__DisplayClass26_0	action	Public
0x04002A0F	StardewValley.Utility+<>c__DisplayClass270_0	list	Public
0x04002A10	StardewValley.Utility+<>c__DisplayClass271_0	list	Public
0x04002A11	StardewValley.Utility+<>c__DisplayClass274_0	action	Public
0x04002A12	StardewValley.Utility+<>c__DisplayClass277_0	region	Public
0x04002A13	StardewValley.Utility+<>c__DisplayClass278_0	ignoreNpc	Public
0x04002A14	StardewValley.Utility+<>c__DisplayClass295_0	geode	Public
0x04002A15	StardewValley.Utility+<>c__DisplayClass295_1	drop	Public
0x04002A16	StardewValley.Utility+<>c__DisplayClass295_1	CS$<>8__locals1	Public
0x04002A17	StardewValley.Utility+<>c__DisplayClass35_0	query	Public
0x04002A18	StardewValley.Utility+<>c__DisplayClass38_0	name_bank	Public
0x04002A19	StardewValley.Utility+<>c__DisplayClass41_0	animals	Public
0x04002A1A	StardewValley.Utility+<>c__DisplayClass42_0	must_be_villager	Public
0x04002A1B	StardewValley.Utility+<>c__DisplayClass42_0	name_bank	Public
0x04002A1C	StardewValley.Utility+<>c__DisplayClass57_0	match	Public
0x04002A1D	StardewValley.Utility+<>c__DisplayClass67_0	region	Public
0x04002A1E	StardewValley.Utility+<>c__DisplayClass67_0	who	Public
0x04002A1F	StardewValley.Utility+<>c__DisplayClass67_0	amount	Public
0x04002A20	StardewValley.Utility+<>c__DisplayClass68_0	who	Public
0x04002A21	StardewValley.Utility+<>c__DisplayClass68_1	entry	Public
0x04002A22	StardewValley.Utility+<>c__DisplayClass68_1	CS$<>8__locals1	Public
0x04002A23	StardewValley.Utility+<>c__DisplayClass69_0	who	Public
0x04002A24	StardewValley.Utility+<>c__DisplayClass69_0	highestFriendPoints	Public
0x04002A25	StardewValley.Utility+<>c__DisplayClass69_0	topSpot	Public
0x04002A26	StardewValley.Utility+<>c__DisplayClass71_0	who	Public
0x04002A27	StardewValley.Utility+<>c__DisplayClass71_0	highestFriendPoints	Public
0x04002A28	StardewValley.Utility+<>c__DisplayClass71_0	topSpot	Public
0x04002A29	StardewValley.Utility+<>c__DisplayClass73_0	who	Public
0x04002A2A	StardewValley.Utility+<>c__DisplayClass73_0	minFriendshipPoints	Public
0x04002A2B	StardewValley.Utility+<>c__DisplayClass73_0	maxFriendshipPoints	Public
0x04002A2C	StardewValley.Utility+<>c__DisplayClass73_0	romanceOnly	Public
0x04002A2D	StardewValley.Utility+<>c__DisplayClass73_0	number	Public
0x04002A2E	StardewValley.Utility+<GetNpcsWithinDistance>d__235	<>1__state	Private
0x04002A2F	StardewValley.Utility+<GetNpcsWithinDistance>d__235	<>2__current	Private
0x04002A30	StardewValley.Utility+<GetNpcsWithinDistance>d__235	<>l__initialThreadId	Private
0x04002A31	StardewValley.Utility+<GetNpcsWithinDistance>d__235	location	Private
0x04002A32	StardewValley.Utility+<GetNpcsWithinDistance>d__235	<>3__location	Public
0x04002A33	StardewValley.Utility+<GetNpcsWithinDistance>d__235	centerTile	Private
0x04002A34	StardewValley.Utility+<GetNpcsWithinDistance>d__235	<>3__centerTile	Public
0x04002A35	StardewValley.Utility+<GetNpcsWithinDistance>d__235	tilesAway	Private
0x04002A36	StardewValley.Utility+<GetNpcsWithinDistance>d__235	<>3__tilesAway	Public
0x04002A37	StardewValley.Utility+<GetNpcsWithinDistance>d__235	<>7__wrap1	Private
0x04002A38	StardewValley.Utility+<GetPlayersWithinDistance>d__236	<>1__state	Private
0x04002A39	StardewValley.Utility+<GetPlayersWithinDistance>d__236	<>2__current	Private
0x04002A3A	StardewValley.Utility+<GetPlayersWithinDistance>d__236	<>l__initialThreadId	Private
0x04002A3B	StardewValley.Utility+<GetPlayersWithinDistance>d__236	location	Private
0x04002A3C	StardewValley.Utility+<GetPlayersWithinDistance>d__236	<>3__location	Public
0x04002A3D	StardewValley.Utility+<GetPlayersWithinDistance>d__236	centerTile	Private
0x04002A3E	StardewValley.Utility+<GetPlayersWithinDistance>d__236	<>3__centerTile	Public
0x04002A3F	StardewValley.Utility+<GetPlayersWithinDistance>d__236	tilesAway	Private
0x04002A40	StardewValley.Utility+<GetPlayersWithinDistance>d__236	<>3__tilesAway	Public
0x04002A41	StardewValley.Utility+<GetPlayersWithinDistance>d__236	<>7__wrap1	Private
0x04002A42	StardewValley.Utility+<GetPointsOnLine>d__104	<>1__state	Private
0x04002A43	StardewValley.Utility+<GetPointsOnLine>d__104	<>2__current	Private
0x04002A44	StardewValley.Utility+<GetPointsOnLine>d__104	<>l__initialThreadId	Private
0x04002A45	StardewValley.Utility+<GetPointsOnLine>d__104	y1	Private
0x04002A46	StardewValley.Utility+<GetPointsOnLine>d__104	<>3__y1	Public
0x04002A47	StardewValley.Utility+<GetPointsOnLine>d__104	y0	Private
0x04002A48	StardewValley.Utility+<GetPointsOnLine>d__104	<>3__y0	Public
0x04002A49	StardewValley.Utility+<GetPointsOnLine>d__104	x1	Private
0x04002A4A	StardewValley.Utility+<GetPointsOnLine>d__104	<>3__x1	Public
0x04002A4B	StardewValley.Utility+<GetPointsOnLine>d__104	x0	Private
0x04002A4C	StardewValley.Utility+<GetPointsOnLine>d__104	<>3__x0	Public
0x04002A4D	StardewValley.Utility+<GetPointsOnLine>d__104	ignoreSwap	Private
0x04002A4E	StardewValley.Utility+<GetPointsOnLine>d__104	<>3__ignoreSwap	Public
0x04002A4F	StardewValley.Utility+<GetPointsOnLine>d__104	<steep>5__2	Private
0x04002A50	StardewValley.Utility+<GetPointsOnLine>d__104	<dx>5__3	Private
0x04002A51	StardewValley.Utility+<GetPointsOnLine>d__104	<dy>5__4	Private
0x04002A52	StardewValley.Utility+<GetPointsOnLine>d__104	<error>5__5	Private
0x04002A53	StardewValley.Utility+<GetPointsOnLine>d__104	<ystep>5__6	Private
0x04002A54	StardewValley.Utility+<GetPointsOnLine>d__104	<y>5__7	Private
0x04002A55	StardewValley.Utility+<GetPointsOnLine>d__104	<x>5__8	Private
0x04002A56	StardewValley.Utility+<generateNewFarm>d__335	<>1__state	Private
0x04002A57	StardewValley.Utility+<generateNewFarm>d__335	<>2__current	Private
0x04002A58	StardewValley.Utility+<generateNewFarm>d__335	loadForNewGame	Public
0x04002A59	StardewValley.Util.BoundingBoxGroup+<>c__DisplayClass4_0	rect	Public
0x04002A5A	StardewValley.Util.EventTest+<>c__DisplayClass7_0	script	Public
0x04002A5B	StardewValley.Triggers.TriggerActionManager+<>c	<>9	Public, Static, InitOnly
0x04002A5C	StardewValley.Triggers.TriggerActionManager+<>c	<>9__14_0	Public, Static
0x04002A5D	StardewValley.Tools.Axe+<>c__DisplayClass6_0	tileRect	Public
0x04002A5E	StardewValley.Tools.Axe+<>c__DisplayClass6_0	<>4__this	Public
0x04002A5F	StardewValley.Tools.Axe+<>c__DisplayClass6_0	tile	Public
0x04002A60	StardewValley.Tools.FishingRod+<>c	<>9	Public, Static, InitOnly
0x04002A61	StardewValley.Tools.FishingRod+<>c	<>9__73_0	Public, Static
0x04002A62	StardewValley.Tools.FishingRod+<>c__DisplayClass104_0	fishId	Public
0x04002A63	StardewValley.Tools.FishingRod+<>c__DisplayClass104_0	fishSize	Public
0x04002A64	StardewValley.Tools.FishingRod+<>c__DisplayClass104_0	fishQuality	Public
0x04002A65	StardewValley.Tools.FishingRod+<>c__DisplayClass104_0	fishDifficulty	Public
0x04002A66	StardewValley.Tools.FishingRod+<>c__DisplayClass104_0	treasureCaught	Public
0x04002A67	StardewValley.Tools.FishingRod+<>c__DisplayClass104_0	wasPerfect	Public
0x04002A68	StardewValley.Tools.FishingRod+<>c__DisplayClass104_0	fromFishPond	Public
0x04002A69	StardewValley.Tools.FishingRod+<>c__DisplayClass104_0	setFlagOnCatch	Public
0x04002A6A	StardewValley.Tools.FishingRod+<>c__DisplayClass104_0	isBossFish	Public
0x04002A6B	StardewValley.Tools.FishingRod+<>c__DisplayClass104_0	numCaught	Public
0x04002A6C	StardewValley.Tools.FishingRod+<>c__DisplayClass105_0	<>4__this	Public
0x04002A6D	StardewValley.Tools.FishingRod+<>c__DisplayClass105_0	isBossFish	Public
0x04002A6E	StardewValley.Tools.FishingRod+<>c__DisplayClass117_0	time	Public
0x04002A6F	StardewValley.Tools.FishingRod+<>c__DisplayClass117_0	<>4__this	Public
0x04002A70	StardewValley.Tools.FishingRod+<>c__DisplayClass117_0	who	Public
0x04002A71	StardewValley.Tools.FishingRod+<>c__DisplayClass81_0	<>4__this	Public
0x04002A72	StardewValley.Tools.FishingRod+<>c__DisplayClass81_0	o	Public
0x04002A73	StardewValley.Tools.MeleeWeapon+<>c	<>9	Public, Static, InitOnly
0x04002A74	StardewValley.Tools.MeleeWeapon+<>c	<>9__73_0	Public, Static
0x04002A75	StardewValley.Tools.MeleeWeapon+<>c__DisplayClass92_0	areaOfEffect	Public
0x04002A76	StardewValley.Tools.MeleeWeapon+<>c__DisplayClass92_0	location	Public
0x04002A77	StardewValley.Tests.SyntaxAbstractor+<>c	<>9	Public, Static, InitOnly
0x04002A78	StardewValley.Tests.SyntaxAbstractor+<>c	<>9__30_0	Public, Static
0x04002A79	StardewValley.Tests.SyntaxAbstractor+<>c	<>9__30_1	Public, Static
0x04002A7A	StardewValley.Tests.SyntaxAbstractor+<>c	<>9__30_2	Public, Static
0x04002A7B	StardewValley.Tests.SyntaxAbstractor+<>c	<>9__30_3	Public, Static
0x04002A7C	StardewValley.Tests.SyntaxAbstractor+<>c	<>9__30_4	Public, Static
0x04002A7D	StardewValley.Tests.SyntaxAbstractor+<>c	<>9__30_5	Public, Static
0x04002A7E	StardewValley.Tests.SyntaxAbstractor+<>c	<>9__30_6	Public, Static
0x04002A7F	StardewValley.Tests.SyntaxAbstractor+<>c	<>9__30_7	Public, Static
0x04002A80	StardewValley.Tests.SyntaxAbstractor+<>c	<>9__30_8	Public, Static
0x04002A81	StardewValley.Tests.SyntaxAbstractor+<>c	<>9__30_9	Public, Static
0x04002A82	StardewValley.Tests.SyntaxAbstractor+<>c	<>9__30_10	Public, Static
0x04002A83	StardewValley.Tests.SyntaxAbstractor+<>c	<>9__30_11	Public, Static
0x04002A84	StardewValley.Tests.SyntaxAbstractor+<>c	<>9__30_12	Public, Static
0x04002A85	StardewValley.Tests.SyntaxAbstractor+<>c	<>9__30_13	Public, Static
0x04002A86	StardewValley.Tests.TranslationValidator+<>c__DisplayClass1_0`1	<>4__this	Public
0x04002A87	StardewValley.Tests.TranslationValidator+<>c__DisplayClass1_0`1	baseAssetName	Public
0x04002A88	StardewValley.Tests.TranslationValidator+<>c__DisplayClass2_0`1	getSyntax	Public
0x04002A89	StardewValley.Tests.TranslationValidator+<>c__DisplayClass2_1`1	key	Public
0x04002A8A	StardewValley.Tests.TranslationValidator+<>c__DisplayClass2_1`1	CS$<>8__locals1	Public
0x04002A8B	StardewValley.Tests.TranslationValidator+<Compare>d__2`1	<>1__state	Private
0x04002A8C	StardewValley.Tests.TranslationValidator+<Compare>d__2`1	<>2__current	Private
0x04002A8D	StardewValley.Tests.TranslationValidator+<Compare>d__2`1	<>l__initialThreadId	Private
0x04002A8E	StardewValley.Tests.TranslationValidator+<Compare>d__2`1	getSyntax	Private
0x04002A8F	StardewValley.Tests.TranslationValidator+<Compare>d__2`1	<>3__getSyntax	Public
0x04002A90	StardewValley.Tests.TranslationValidator+<Compare>d__2`1	baseData	Private
0x04002A91	StardewValley.Tests.TranslationValidator+<Compare>d__2`1	<>3__baseData	Public
0x04002A92	StardewValley.Tests.TranslationValidator+<Compare>d__2`1	<>8__1	Private
0x04002A93	StardewValley.Tests.TranslationValidator+<Compare>d__2`1	getText	Private
0x04002A94	StardewValley.Tests.TranslationValidator+<Compare>d__2`1	<>3__getText	Public
0x04002A95	StardewValley.Tests.TranslationValidator+<Compare>d__2`1	translatedData	Private
0x04002A96	StardewValley.Tests.TranslationValidator+<Compare>d__2`1	<>3__translatedData	Public
0x04002A97	StardewValley.Tests.TranslationValidator+<Compare>d__2`1	<>4__this	Public
0x04002A98	StardewValley.Tests.TranslationValidator+<Compare>d__2`1	<>7__wrap1	Private
0x04002A99	StardewValley.TerrainFeatures.Bush+<>c	<>9	Public, Static, InitOnly
0x04002A9A	StardewValley.TerrainFeatures.Bush+<>c__DisplayClass38_0	<>4__this	Public
0x04002A9B	StardewValley.TerrainFeatures.Bush+<>c__DisplayClass38_0	tileLocation	Public
0x04002A9C	StardewValley.TerrainFeatures.Bush+<>c__DisplayClass38_0	shakeOff	Public
0x04002A9D	StardewValley.TerrainFeatures.Flooring+NeighborLoc	Offset	Public, InitOnly
0x04002A9E	StardewValley.TerrainFeatures.Flooring+NeighborLoc	Direction	Public, InitOnly
0x04002A9F	StardewValley.TerrainFeatures.Flooring+NeighborLoc	InvDirection	Public, InitOnly
0x04002AA0	StardewValley.TerrainFeatures.Flooring+Neighbor	feature	Public, InitOnly
0x04002AA1	StardewValley.TerrainFeatures.Flooring+Neighbor	direction	Public, InitOnly
0x04002AA2	StardewValley.TerrainFeatures.Flooring+Neighbor	invDirection	Public, InitOnly
0x04002AA3	StardewValley.TerrainFeatures.FruitTree+<>c__DisplayClass66_0	<>4__this	Public
0x04002AA4	StardewValley.TerrainFeatures.FruitTree+<>c__DisplayClass66_0	drop	Public
0x04002AA5	StardewValley.TerrainFeatures.GiantCrop+<>c__DisplayClass15_0	<>4__this	Public
0x04002AA6	StardewValley.TerrainFeatures.GiantCrop+<>c__DisplayClass15_0	drop	Public
0x04002AA7	StardewValley.TerrainFeatures.HoeDirt+NeighborLoc	Offset	Public, InitOnly
0x04002AA8	StardewValley.TerrainFeatures.HoeDirt+NeighborLoc	Direction	Public, InitOnly
0x04002AA9	StardewValley.TerrainFeatures.HoeDirt+NeighborLoc	InvDirection	Public, InitOnly
0x04002AAA	StardewValley.TerrainFeatures.HoeDirt+Neighbor	feature	Public, InitOnly
0x04002AAB	StardewValley.TerrainFeatures.HoeDirt+Neighbor	direction	Public, InitOnly
0x04002AAC	StardewValley.TerrainFeatures.HoeDirt+Neighbor	invDirection	Public, InitOnly
0x04002AAD	StardewValley.TerrainFeatures.HoeDirt+<>c__DisplayClass69_0	rejected	Public
0x04002AAE	StardewValley.TerrainFeatures.Tree+<>c__DisplayClass74_0	<>4__this	Public
0x04002AAF	StardewValley.TerrainFeatures.Tree+<>c__DisplayClass74_0	fieldName	Public
0x04002AB0	StardewValley.TerrainFeatures.Tree+<>c__DisplayClass74_0	drop	Public
0x04002AB1	StardewValley.TerrainFeatures.Tree+<>c__DisplayClass94_0	previousItemId	Public
0x04002AB2	StardewValley.TerrainFeatures.Tree+<>c__DisplayClass94_0	<>9__0	Public
0x04002AB3	StardewValley.SpecialOrders.SpecialOrder+<>c	<>9	Public, Static, InitOnly
0x04002AB4	StardewValley.SpecialOrders.SpecialOrder+<>c	<>9__55_0	Public, Static
0x04002AB5	StardewValley.SpecialOrders.SpecialOrder+<>c	<>9__73_0	Public, Static
0x04002AB6	StardewValley.SpecialOrders.SpecialOrder+<>c__DisplayClass54_0	orderType	Public
0x04002AB7	StardewValley.SpecialOrders.Objectives.GiftObjective+LikeLevels	value__	Public, SpecialName, RTSpecialName
0x04002AB8	StardewValley.SpecialOrders.Objectives.GiftObjective+LikeLevels	None	Public, Static, Literal, HasDefault
0x04002AB9	StardewValley.SpecialOrders.Objectives.GiftObjective+LikeLevels	Hated	Public, Static, Literal, HasDefault
0x04002ABA	StardewValley.SpecialOrders.Objectives.GiftObjective+LikeLevels	Disliked	Public, Static, Literal, HasDefault
0x04002ABB	StardewValley.SpecialOrders.Objectives.GiftObjective+LikeLevels	Neutral	Public, Static, Literal, HasDefault
0x04002ABC	StardewValley.SpecialOrders.Objectives.GiftObjective+LikeLevels	Liked	Public, Static, Literal, HasDefault
0x04002ABD	StardewValley.SpecialOrders.Objectives.GiftObjective+LikeLevels	Loved	Public, Static, Literal, HasDefault
0x04002ABE	StardewValley.SDKs.Steam.SteamNetClient+<>c__DisplayClass28_0	message	Public
0x04002ABF	StardewValley.SDKs.Steam.SteamNetClient+<>c__DisplayClass28_0	<>4__this	Public
0x04002AC0	StardewValley.SDKs.Steam.SteamNetClient+<>c__DisplayClass29_0	<>4__this	Public
0x04002AC1	StardewValley.SDKs.Steam.SteamNetClient+<>c__DisplayClass29_0	message	Public
0x04002AC2	StardewValley.SDKs.Steam.SteamNetServer+<>c__DisplayClass30_0	<>4__this	Public
0x04002AC3	StardewValley.SDKs.Steam.SteamNetServer+<>c__DisplayClass30_0	evt	Public
0x04002AC4	StardewValley.SDKs.Steam.SteamNetServer+<>c__DisplayClass39_0	<>4__this	Public
0x04002AC5	StardewValley.SDKs.Steam.SteamNetServer+<>c__DisplayClass39_0	connectionData	Public
0x04002AC6	StardewValley.SDKs.Steam.SteamNetServer+<>c__DisplayClass39_0	farmerId	Public
0x04002AC7	StardewValley.SDKs.Steam.SteamNetServer+<>c__DisplayClass40_0	messageConnection	Public
0x04002AC8	StardewValley.SDKs.Steam.SteamNetServer+<>c__DisplayClass40_0	isRecentlyJoined	Public
0x04002AC9	StardewValley.SDKs.Steam.SteamNetServer+<>c__DisplayClass40_0	message	Public
0x04002ACA	StardewValley.SDKs.Steam.SteamNetServer+<>c__DisplayClass40_0	connectionData	Public
0x04002ACB	StardewValley.SDKs.Steam.SteamNetServer+<>c__DisplayClass40_0	<>4__this	Public
0x04002ACC	StardewValley.SDKs.Steam.SteamNetServer+<>c__DisplayClass41_0	messageConnection	Public
0x04002ACD	StardewValley.SDKs.Steam.SteamNetServer+<>c__DisplayClass41_0	message	Public
0x04002ACE	StardewValley.SDKs.Steam.SteamNetServer+<>c__DisplayClass41_0	<>4__this	Public
0x04002ACF	StardewValley.SDKs.GogGalaxy.GalaxyNetClient+<>c__DisplayClass16_0	<>4__this	Public
0x04002AD0	StardewValley.SDKs.GogGalaxy.GalaxyNetClient+<>c__DisplayClass16_0	message	Public
0x04002AD1	StardewValley.SDKs.GogGalaxy.GalaxyNetClient+<>c__DisplayClass20_0	<>4__this	Public
0x04002AD2	StardewValley.SDKs.GogGalaxy.GalaxyNetClient+<>c__DisplayClass20_0	message	Public
0x04002AD3	StardewValley.SDKs.GogGalaxy.GalaxyNetServer+<>c__DisplayClass18_0	<>4__this	Public
0x04002AD4	StardewValley.SDKs.GogGalaxy.GalaxyNetServer+<>c__DisplayClass18_0	userID	Public
0x04002AD5	StardewValley.SDKs.GogGalaxy.GalaxyNetServer+<>c__DisplayClass24_0	<>4__this	Public
0x04002AD6	StardewValley.SDKs.GogGalaxy.GalaxyNetServer+<>c__DisplayClass24_0	peer	Public
0x04002AD7	StardewValley.SDKs.GogGalaxy.GalaxyNetServer+<>c__DisplayClass24_1	message	Public
0x04002AD8	StardewValley.SDKs.GogGalaxy.GalaxyNetServer+<>c__DisplayClass24_1	CS$<>8__locals1	Public
0x04002AD9	StardewValley.SDKs.GogGalaxy.GalaxyNetServer+<>c__DisplayClass24_2	capturedPeer	Public
0x04002ADA	StardewValley.SDKs.GogGalaxy.GalaxyNetServer+<>c__DisplayClass24_2	farmer	Public
0x04002ADB	StardewValley.SDKs.GogGalaxy.GalaxyNetServer+<>c__DisplayClass24_2	CS$<>8__locals2	Public
0x04002ADC	StardewValley.SDKs.GogGalaxy.GalaxySocket+<>c	<>9	Public, Static, InitOnly
0x04002ADD	StardewValley.SDKs.GogGalaxy.GalaxySocket+<>c	<>9__64_0	Public, Static
0x04002ADE	StardewValley.SDKs.GogGalaxy.GalaxySocket+<LobbyMembers>d__59	<>1__state	Private
0x04002ADF	StardewValley.SDKs.GogGalaxy.GalaxySocket+<LobbyMembers>d__59	<>2__current	Private
0x04002AE0	StardewValley.SDKs.GogGalaxy.GalaxySocket+<LobbyMembers>d__59	<>l__initialThreadId	Private
0x04002AE1	StardewValley.SDKs.GogGalaxy.GalaxySocket+<LobbyMembers>d__59	<>4__this	Public
0x04002AE2	StardewValley.SDKs.GogGalaxy.GalaxySocket+<LobbyMembers>d__59	<lobby_members_count>5__2	Private
0x04002AE3	StardewValley.SDKs.GogGalaxy.GalaxySocket+<LobbyMembers>d__59	<i>5__3	Private
0x04002AE4	StardewValley.SaveMigrations.SaveMigrator+<>c	<>9	Public, Static, InitOnly
0x04002AE5	StardewValley.SaveMigrations.SaveMigrator+<>c	<>9__3_0	Public, Static
0x04002AE6	StardewValley.SaveMigrations.SaveMigrator+<>c	<>9__3_1	Public, Static
0x04002AE7	StardewValley.SaveMigrations.SaveMigrator_1_3+<>c	<>9	Public, Static, InitOnly
0x04002AE8	StardewValley.SaveMigrations.SaveMigrator_1_3+<>c	<>9__4_0	Public, Static
0x04002AE9	StardewValley.SaveMigrations.SaveMigrator_1_3+<>c__DisplayClass7_0	stablesMissingHorses	Public
0x04002AEA	StardewValley.SaveMigrations.SaveMigrator_1_4+<>c	<>9	Public, Static, InitOnly
0x04002AEB	StardewValley.SaveMigrations.SaveMigrator_1_4+<>c	<>9__3_0	Public, Static
0x04002AEC	StardewValley.SaveMigrations.SaveMigrator_1_4+<>c	<>9__3_1	Public, Static
0x04002AED	StardewValley.SaveMigrations.SaveMigrator_1_4+<>c	<>9__3_2	Public, Static
0x04002AEE	StardewValley.SaveMigrations.SaveMigrator_1_4+<>c	<>9__3_3	Public, Static
0x04002AEF	StardewValley.SaveMigrations.SaveMigrator_1_4+<>c	<>9__3_4	Public, Static
0x04002AF0	StardewValley.SaveMigrations.SaveMigrator_1_4+<>c	<>9__3_5	Public, Static
0x04002AF1	StardewValley.SaveMigrations.SaveMigrator_1_4+<>c	<>9__3_6	Public, Static
0x04002AF2	StardewValley.SaveMigrations.SaveMigrator_1_4+<>c	<>9__4_0	Public, Static
0x04002AF3	StardewValley.SaveMigrations.SaveMigrator_1_4+<>c__DisplayClass3_0	preserveItemIndices	Public
0x04002AF4	StardewValley.SaveMigrations.SaveMigrator_1_4+<>c__DisplayClass3_0	suffixes	Public
0x04002AF5	StardewValley.SaveMigrations.SaveMigrator_1_4+<>c__DisplayClass3_0	suffixPreserveTypes	Public
0x04002AF6	StardewValley.SaveMigrations.SaveMigrator_1_4+<>c__DisplayClass3_0	prefixes	Public
0x04002AF7	StardewValley.SaveMigrations.SaveMigrator_1_4+<>c__DisplayClass3_0	prefixPreserveTypes	Public
0x04002AF8	StardewValley.SaveMigrations.SaveMigrator_1_5+<>c	<>9	Public, Static, InitOnly
0x04002AF9	StardewValley.SaveMigrations.SaveMigrator_1_5+<>c	<>9__3_0	Public, Static
0x04002AFA	StardewValley.SaveMigrations.SaveMigrator_1_5+<>c	<>9__3_1	Public, Static
0x04002AFB	StardewValley.SaveMigrations.SaveMigrator_1_5+<>c	<>9__3_2	Public, Static
0x04002AFC	StardewValley.SaveMigrations.SaveMigrator_1_5+<>c	<>9__3_3	Public, Static
0x04002AFD	StardewValley.SaveMigrations.SaveMigrator_1_5+<>c	<>9__3_4	Public, Static
0x04002AFE	StardewValley.SaveMigrations.SaveMigrator_1_5+<>c	<>9__3_5	Public, Static
0x04002AFF	StardewValley.SaveMigrations.SaveMigrator_1_5+<>c	<>9__4_0	Public, Static
0x04002B00	StardewValley.SaveMigrations.SaveMigrator_1_6+LegacyDescriptionElement	xmlKey	Public
0x04002B01	StardewValley.SaveMigrations.SaveMigrator_1_6+LegacyDescriptionElement	param	Public
0x04002B02	StardewValley.SaveMigrations.SaveMigrator_1_6+<>c	<>9	Public, Static, InitOnly
0x04002B03	StardewValley.SaveMigrations.SaveMigrator_1_6+<>c	<>9__3_0	Public, Static
0x04002B04	StardewValley.SaveMigrations.SaveMigrator_1_6+<>c	<>9__3_20	Public, Static
0x04002B05	StardewValley.SaveMigrations.SaveMigrator_1_6+<>c	<>9__3_1	Public, Static
0x04002B06	StardewValley.SaveMigrations.SaveMigrator_1_6+<>c	<>9__3_2	Public, Static
0x04002B07	StardewValley.SaveMigrations.SaveMigrator_1_6+<>c	<>9__3_3	Public, Static
0x04002B08	StardewValley.SaveMigrations.SaveMigrator_1_6+<>c	<>9__3_4	Public, Static
0x04002B09	StardewValley.SaveMigrations.SaveMigrator_1_6+<>c	<>9__3_5	Public, Static
0x04002B0A	StardewValley.SaveMigrations.SaveMigrator_1_6+<>c	<>9__3_6	Public, Static
0x04002B0B	StardewValley.SaveMigrations.SaveMigrator_1_6+<>c	<>9__3_22	Public, Static
0x04002B0C	StardewValley.SaveMigrations.SaveMigrator_1_6+<>c	<>9__3_7	Public, Static
0x04002B0D	StardewValley.SaveMigrations.SaveMigrator_1_6+<>c	<>9__3_8	Public, Static
0x04002B0E	StardewValley.SaveMigrations.SaveMigrator_1_6+<>c	<>9__3_9	Public, Static
0x04002B0F	StardewValley.SaveMigrations.SaveMigrator_1_6+<>c	<>9__3_10	Public, Static
0x04002B10	StardewValley.SaveMigrations.SaveMigrator_1_6+<>c	<>9__3_25	Public, Static
0x04002B11	StardewValley.SaveMigrations.SaveMigrator_1_6+<>c	<>9__3_11	Public, Static
0x04002B12	StardewValley.SaveMigrations.SaveMigrator_1_6+<>c	<>9__3_12	Public, Static
0x04002B13	StardewValley.SaveMigrations.SaveMigrator_1_6+<>c	<>9__3_13	Public, Static
0x04002B14	StardewValley.SaveMigrations.SaveMigrator_1_6+<>c	<>9__3_14	Public, Static
0x04002B15	StardewValley.SaveMigrations.SaveMigrator_1_6+<>c	<>9__3_15	Public, Static
0x04002B16	StardewValley.SaveMigrations.SaveMigrator_1_6+<>c	<>9__3_16	Public, Static
0x04002B17	StardewValley.SaveMigrations.SaveMigrator_1_6+<>c	<>9__3_17	Public, Static
0x04002B18	StardewValley.SaveMigrations.SaveMigrator_1_6+<>c	<>9__3_18	Public, Static
0x04002B19	StardewValley.SaveMigrations.SaveMigrator_1_6+<>c	<>9__3_19	Public, Static
0x04002B1A	StardewValley.SaveMigrations.SaveMigrator_1_6+<>c__DisplayClass3_0	seedsByHarvestId	Public
0x04002B1B	StardewValley.SaveMigrations.SaveMigrator_1_6+<>c__DisplayClass3_1	house	Public
0x04002B1C	StardewValley.SaveMigrations.SaveMigrator_1_6+<>c__DisplayClass3_2	objTypeDefinition	Public
0x04002B1D	StardewValley.SaveMigrations.SaveMigrator_1_6+<>c__DisplayClass3_3	building	Public
0x04002B1E	StardewValley.SaveMigrations.SaveMigrator_1_6+<>c__DisplayClass3_4	stats	Public
0x04002B1F	StardewValley.Quests.ItemDeliveryQuest+<>c	<>9	Public, Static, InitOnly
0x04002B20	StardewValley.Quests.ItemDeliveryQuest+<>c	<>9__11_0	Public, Static
0x04002B21	StardewValley.Quests.ItemDeliveryQuest+<>c	<>9__11_1	Public, Static
0x04002B22	StardewValley.Objects.BedFurniture+BedType	value__	Public, SpecialName, RTSpecialName
0x04002B23	StardewValley.Objects.BedFurniture+BedType	Any	Public, Static, Literal, HasDefault
0x04002B24	StardewValley.Objects.BedFurniture+BedType	Single	Public, Static, Literal, HasDefault
0x04002B25	StardewValley.Objects.BedFurniture+BedType	Double	Public, Static, Literal, HasDefault
0x04002B26	StardewValley.Objects.BedFurniture+BedType	Child	Public, Static, Literal, HasDefault
0x04002B27	StardewValley.Objects.BedFurniture+<>c__DisplayClass19_0	<>4__this	Public
0x04002B28	StardewValley.Objects.BedFurniture+<>c__DisplayClass19_0	removal_action	Public
0x04002B29	StardewValley.Objects.BedFurniture+<>c__DisplayClass24_0	x	Public
0x04002B2A	StardewValley.Objects.BedFurniture+<>c__DisplayClass24_0	y	Public
0x04002B2B	StardewValley.Objects.BedFurniture+<>c__DisplayClass24_0	location	Public
0x04002B2C	StardewValley.Objects.Chest+SpecialChestTypes	value__	Public, SpecialName, RTSpecialName
0x04002B2D	StardewValley.Objects.Chest+SpecialChestTypes	None	Public, Static, Literal, HasDefault
0x04002B2E	StardewValley.Objects.Chest+SpecialChestTypes	MiniShippingBin	Public, Static, Literal, HasDefault
0x04002B2F	StardewValley.Objects.Chest+SpecialChestTypes	JunimoChest	Public, Static, Literal, HasDefault
0x04002B30	StardewValley.Objects.Chest+SpecialChestTypes	AutoLoader	Public, Static, Literal, HasDefault
0x04002B31	StardewValley.Objects.Chest+SpecialChestTypes	Enricher	Public, Static, Literal, HasDefault
0x04002B32	StardewValley.Objects.Chest+SpecialChestTypes	Mill	Public, Static, Literal, HasDefault
0x04002B33	StardewValley.Objects.Chest+SpecialChestTypes	BigChest	Public, Static, Literal, HasDefault
0x04002B34	StardewValley.Objects.Chest+<>c__DisplayClass51_0	<>4__this	Public
0x04002B35	StardewValley.Objects.Chest+<>c__DisplayClass51_0	args	Public
0x04002B36	StardewValley.Objects.Chest+<>c__DisplayClass53_0	<>4__this	Public
0x04002B37	StardewValley.Objects.Chest+<>c__DisplayClass53_0	location	Public
0x04002B38	StardewValley.Objects.Chest+<>c__DisplayClass58_0	grabMenu	Public
0x04002B39	StardewValley.Objects.Chest+<>c__DisplayClass60_0	grab_menu	Public
0x04002B3A	StardewValley.Objects.Clothing+ClothesType	value__	Public, SpecialName, RTSpecialName
0x04002B3B	StardewValley.Objects.Clothing+ClothesType	SHIRT	Public, Static, Literal, HasDefault
0x04002B3C	StardewValley.Objects.Clothing+ClothesType	PANTS	Public, Static, Literal, HasDefault
0x04002B3D	StardewValley.Objects.FishTankFurniture+FishTankCategories	value__	Public, SpecialName, RTSpecialName
0x04002B3E	StardewValley.Objects.FishTankFurniture+FishTankCategories	None	Public, Static, Literal, HasDefault
0x04002B3F	StardewValley.Objects.FishTankFurniture+FishTankCategories	Swim	Public, Static, Literal, HasDefault
0x04002B40	StardewValley.Objects.FishTankFurniture+FishTankCategories	Ground	Public, Static, Literal, HasDefault
0x04002B41	StardewValley.Objects.FishTankFurniture+FishTankCategories	Decoration	Public, Static, Literal, HasDefault
0x04002B42	StardewValley.Objects.FishTankFurniture+<>c__DisplayClass29_0	location	Public
0x04002B43	StardewValley.Objects.FishTankFurniture+<>c__DisplayClass29_0	<>4__this	Public
0x04002B44	StardewValley.Objects.FishTankFurniture+<>c__DisplayClass29_0	who	Public
0x04002B45	StardewValley.Objects.TankFish+FishType	value__	Public, SpecialName, RTSpecialName
0x04002B46	StardewValley.Objects.TankFish+FishType	Normal	Public, Static, Literal, HasDefault
0x04002B47	StardewValley.Objects.TankFish+FishType	Eel	Public, Static, Literal, HasDefault
0x04002B48	StardewValley.Objects.TankFish+FishType	Cephalopod	Public, Static, Literal, HasDefault
0x04002B49	StardewValley.Objects.TankFish+FishType	Float	Public, Static, Literal, HasDefault
0x04002B4A	StardewValley.Objects.TankFish+FishType	Ground	Public, Static, Literal, HasDefault
0x04002B4B	StardewValley.Objects.TankFish+FishType	Crawl	Public, Static, Literal, HasDefault
0x04002B4C	StardewValley.Objects.TankFish+FishType	Hop	Public, Static, Literal, HasDefault
0x04002B4D	StardewValley.Objects.TankFish+FishType	Static	Public, Static, Literal, HasDefault
0x04002B4E	StardewValley.Objects.Hat+HairDrawType	value__	Public, SpecialName, RTSpecialName
0x04002B4F	StardewValley.Objects.Hat+HairDrawType	DrawFullHair	Public, Static, Literal, HasDefault
0x04002B50	StardewValley.Objects.Hat+HairDrawType	DrawObscuredHair	Public, Static, Literal, HasDefault
0x04002B51	StardewValley.Objects.Hat+HairDrawType	HideHair	Public, Static, Literal, HasDefault
0x04002B52	StardewValley.Objects.ItemPedestal+<>c__DisplayClass15_0	location	Public
0x04002B53	StardewValley.Objects.ItemPedestal+<>c__DisplayClass15_0	<>4__this	Public
0x04002B54	StardewValley.Objects.ItemPedestal+<>c__DisplayClass15_0	placed_object	Public
0x04002B55	StardewValley.Objects.ItemPedestal+<>c__DisplayClass18_0	<>4__this	Public
0x04002B56	StardewValley.Objects.ItemPedestal+<>c__DisplayClass18_0	who	Public
0x04002B57	StardewValley.Objects.Mannequin+<>c__DisplayClass28_0	oldTile	Public
0x04002B58	StardewValley.Objects.Mannequin+<>c__DisplayClass28_0	<>4__this	Public
0x04002B59	StardewValley.Objects.Mannequin+<>c__DisplayClass28_1	oldTile	Public
0x04002B5A	StardewValley.Objects.Mannequin+<>c__DisplayClass28_1	<>4__this	Public
0x04002B5B	StardewValley.Objects.Mannequin+<>c__DisplayClass31_0	<>4__this	Public
0x04002B5C	StardewValley.Objects.Mannequin+<>c__DisplayClass31_0	who	Public
0x04002B5D	StardewValley.Objects.StorageFurniture+<>c	<>9	Public, Static, InitOnly
0x04002B5E	StardewValley.Objects.StorageFurniture+<>c	<>9__13_0	Public, Static
0x04002B5F	StardewValley.Objects.Workbench+<>c	<>9	Public, Static, InitOnly
0x04002B60	StardewValley.Objects.Workbench+<>c	<>9__6_1	Public, Static
0x04002B61	StardewValley.Objects.Workbench+<>c__DisplayClass6_0	<>4__this	Public
0x04002B62	StardewValley.Objects.Workbench+<>c__DisplayClass6_0	inventories	Public
0x04002B63	StardewValley.Objects.Workbench+<>c__DisplayClass6_1	request	Public
0x04002B64	StardewValley.Objects.Workbench+<>c__DisplayClass6_1	CS$<>8__locals1	Public
0x04002B65	StardewValley.Objects.Workbench+<>c__DisplayClass6_1	<>9__3	Public
0x04002B66	StardewValley.Objects.DefaultPhoneHandler+OutgoingCallIds	AdventureGuild	Public, Static, Literal, HasDefault
0x04002B67	StardewValley.Objects.DefaultPhoneHandler+OutgoingCallIds	AnimalShop	Public, Static, Literal, HasDefault
0x04002B68	StardewValley.Objects.DefaultPhoneHandler+OutgoingCallIds	Blacksmith	Public, Static, Literal, HasDefault
0x04002B69	StardewValley.Objects.DefaultPhoneHandler+OutgoingCallIds	Carpenter	Public, Static, Literal, HasDefault
0x04002B6A	StardewValley.Objects.DefaultPhoneHandler+OutgoingCallIds	Saloon	Public, Static, Literal, HasDefault
0x04002B6B	StardewValley.Objects.DefaultPhoneHandler+OutgoingCallIds	SeedShop	Public, Static, Literal, HasDefault
0x04002B6C	StardewValley.Objects.DefaultPhoneHandler+<>c	<>9	Public, Static, InitOnly
0x04002B6D	StardewValley.Objects.DefaultPhoneHandler+<>c	<>9__5_0	Public, Static
0x04002B6E	StardewValley.Objects.DefaultPhoneHandler+<>c__DisplayClass10_0	location	Public
0x04002B6F	StardewValley.Objects.DefaultPhoneHandler+<>c__DisplayClass10_0	<>9__1	Public
0x04002B70	StardewValley.Objects.DefaultPhoneHandler+<>c__DisplayClass2_0	call	Public
0x04002B71	StardewValley.Objects.DefaultPhoneHandler+<>c__DisplayClass2_0	callId	Public
0x04002B72	StardewValley.Objects.DefaultPhoneHandler+<>c__DisplayClass3_0	numbers	Public
0x04002B73	StardewValley.Objects.DefaultPhoneHandler+<>c__DisplayClass5_0	character	Public
0x04002B74	StardewValley.Objects.DefaultPhoneHandler+<>c__DisplayClass6_0	location	Public
0x04002B75	StardewValley.Objects.DefaultPhoneHandler+<>c__DisplayClass6_0	<>9__1	Public
0x04002B76	StardewValley.Objects.DefaultPhoneHandler+<>c__DisplayClass7_0	location	Public
0x04002B77	StardewValley.Objects.DefaultPhoneHandler+<>c__DisplayClass7_0	<>9__1	Public
0x04002B78	StardewValley.Objects.DefaultPhoneHandler+<>c__DisplayClass8_0	location	Public
0x04002B79	StardewValley.Objects.DefaultPhoneHandler+<>c__DisplayClass8_0	<>9__1	Public
0x04002B7A	StardewValley.Objects.DefaultPhoneHandler+<>c__DisplayClass9_0	location	Public
0x04002B7B	StardewValley.Objects.Trinkets.MagicQuiverTrinketEffect+<>c__DisplayClass10_0	ignoreMonsterNames	Public
0x04002B7C	StardewValley.Network.Client+<>c	<>9	Public, Static, InitOnly
0x04002B7D	StardewValley.Network.Client+<>c	<>9__27_0	Public, Static
0x04002B7E	StardewValley.Network.FarmerCollection+Enumerator	_locationFilter	Private
0x04002B7F	StardewValley.Network.FarmerCollection+Enumerator	_enumerator	Private
0x04002B80	StardewValley.Network.FarmerCollection+Enumerator	_player	Private
0x04002B81	StardewValley.Network.FarmerCollection+Enumerator	_current	Private
0x04002B82	StardewValley.Network.FarmerCollection+Enumerator	_done	Private
0x04002B83	StardewValley.Network.GameServer+<>c	<>9	Public, Static, InitOnly
0x04002B84	StardewValley.Network.GameServer+<>c	<>9__9_0	Public, Static
0x04002B85	StardewValley.Network.GameServer+<>c	<>9__23_0	Public, Static
0x04002B86	StardewValley.Network.GameServer+<>c	<>9__23_1	Public, Static
0x04002B87	StardewValley.Network.GameServer+<>c	<>9__24_0	Public, Static
0x04002B88	StardewValley.Network.GameServer+<>c	<>9__24_1	Public, Static
0x04002B89	StardewValley.Network.GameServer+<>c	<>9__51_0	Public, Static
0x04002B8A	StardewValley.Network.GameServer+<>c	<>9__51_1	Public, Static
0x04002B8B	StardewValley.Network.GameServer+<>c__DisplayClass14_0	local_clients	Public
0x04002B8C	StardewValley.Network.GameServer+<>c__DisplayClass42_0	farmer	Public
0x04002B8D	StardewValley.Network.GameServer+<>c__DisplayClass42_0	<>4__this	Public
0x04002B8E	StardewValley.Network.GameServer+<>c__DisplayClass42_0	connectionId	Public
0x04002B8F	StardewValley.Network.GameServer+<>c__DisplayClass42_0	id	Public
0x04002B90	StardewValley.Network.GameServer+<>c__DisplayClass42_0	userId	Public
0x04002B91	StardewValley.Network.GameServer+<>c__DisplayClass42_0	sendMessage	Public
0x04002B92	StardewValley.Network.GameServer+<>c__DisplayClass42_0	approve	Public
0x04002B93	StardewValley.Network.GameServer+<>c__DisplayClass43_0	<>4__this	Public
0x04002B94	StardewValley.Network.GameServer+<>c__DisplayClass43_0	connectionId	Public
0x04002B95	StardewValley.Network.GameServer+<>c__DisplayClass43_0	userId	Public
0x04002B96	StardewValley.Network.GameServer+<>c__DisplayClass43_0	sendMessage	Public
0x04002B97	StardewValley.Network.LidgrenClient+<>c__DisplayClass22_0	<>4__this	Public
0x04002B98	StardewValley.Network.LidgrenClient+<>c__DisplayClass22_0	message	Public
0x04002B99	StardewValley.Network.LidgrenClient+<>c__DisplayClass23_0	<>4__this	Public
0x04002B9A	StardewValley.Network.LidgrenClient+<>c__DisplayClass23_0	message	Public
0x04002B9B	StardewValley.Network.LidgrenClient+<>c__DisplayClass23_0	<>9__0	Public
0x04002B9C	StardewValley.Network.LidgrenServer+<>c	<>9	Public, Static, InitOnly
0x04002B9D	StardewValley.Network.LidgrenServer+<>c	<>9__18_1	Public, Static
0x04002B9E	StardewValley.Network.LidgrenServer+<>c__DisplayClass17_0	local_ips	Public
0x04002B9F	StardewValley.Network.LidgrenServer+<>c__DisplayClass18_0	conn	Public
0x04002BA0	StardewValley.Network.LidgrenServer+<>c__DisplayClass18_0	<>4__this	Public
0x04002BA1	StardewValley.Network.LidgrenServer+<>c__DisplayClass18_0	<>9__2	Public
0x04002BA2	StardewValley.Network.LidgrenServer+<>c__DisplayClass23_0	<>4__this	Public
0x04002BA3	StardewValley.Network.LidgrenServer+<>c__DisplayClass23_0	peer	Public
0x04002BA4	StardewValley.Network.LidgrenServer+<>c__DisplayClass23_0	dataMsg	Public
0x04002BA5	StardewValley.Network.LidgrenServer+<>c__DisplayClass23_0	<>9__0	Public
0x04002BA6	StardewValley.Network.LidgrenServer+<>c__DisplayClass23_0	<>9__2	Public
0x04002BA7	StardewValley.Network.LidgrenServer+<>c__DisplayClass23_1	message	Public
0x04002BA8	StardewValley.Network.LidgrenServer+<>c__DisplayClass23_1	CS$<>8__locals1	Public
0x04002BA9	StardewValley.Network.LidgrenServer+<>c__DisplayClass23_1	<>9__1	Public
0x04002BAA	StardewValley.Network.LidgrenServer+<>c__DisplayClass23_2	farmer	Public
0x04002BAB	StardewValley.Network.LidgrenServer+<>c__DisplayClass23_2	CS$<>8__locals2	Public
0x04002BAC	StardewValley.Network.NetAudio+<>c__DisplayClass11_0	audioName	Public
0x04002BAD	StardewValley.Network.NetAudio+<>c__DisplayClass11_0	position	Public
0x04002BAE	StardewValley.Network.NetAudio+<>c__DisplayClass11_0	pitch	Public
0x04002BAF	StardewValley.Network.NetAudio+<>c__DisplayClass11_0	context	Public
0x04002BB0	StardewValley.Network.NetFarmerCollection+<>c	<>9	Public, Static, InitOnly
0x04002BB1	StardewValley.Network.NetFarmerCollection+<>c	<>9__18_0	Public, Static
0x04002BB2	StardewValley.Network.NetFarmerRef+<GetEnumerator>d__15	<>1__state	Private
0x04002BB3	StardewValley.Network.NetFarmerRef+<GetEnumerator>d__15	<>2__current	Private
0x04002BB4	StardewValley.Network.NetFarmerRef+<GetEnumerator>d__15	<>4__this	Public
0x04002BB5	StardewValley.Network.NetMutexQueue`1+<>c	<>9	Public, Static, InitOnly
0x04002BB6	StardewValley.Network.NetMutexQueue`1+<>c	<>9__7_0	Public, Static
0x04002BB7	StardewValley.Network.NetMutexQueue`1+<>c__DisplayClass11_0	farmers	Public
0x04002BB8	StardewValley.Network.NetMutexQueue`1+<>c__DisplayClass11_1	pair	Public
0x04002BB9	StardewValley.Network.NetPausableField`3+<>c	<>9	Public, Static, InitOnly
0x04002BBA	StardewValley.Network.NetPausableField`3+<>c	<>9__16_0	Public, Static
0x04002BBB	StardewValley.Network.NetWorldState+<>c__DisplayClass183_0	farmhand	Public
0x04002BBC	StardewValley.Network.NetWorldState+<>c__DisplayClass183_0	found	Public
0x04002BBD	StardewValley.Network.OutgoingMessage+<>c__DisplayClass14_0	data	Public
0x04002BBE	StardewValley.Network.OutgoingMessage+<>c__DisplayClass14_0	writer	Public
0x04002BBF	StardewValley.Network.NetEvents.SetMailRequest+<>c__DisplayClass9_0	mailId	Public
0x04002BC0	StardewValley.Network.Dedicated.DedicatedServer+FarmerWarp	who	Public
0x04002BC1	StardewValley.Network.Dedicated.DedicatedServer+FarmerWarp	name	Public
0x04002BC2	StardewValley.Network.Dedicated.DedicatedServer+FarmerWarp	facingDirection	Public
0x04002BC3	StardewValley.Network.Dedicated.DedicatedServer+FarmerWarp	x	Public
0x04002BC4	StardewValley.Network.Dedicated.DedicatedServer+FarmerWarp	y	Public
0x04002BC5	StardewValley.Network.Dedicated.DedicatedServer+FarmerWarp	isStructure	Public
0x04002BC6	StardewValley.Network.Dedicated.DedicatedServer+FarmerWarp	warpingForForcedRemoteEvent	Public
0x04002BC7	StardewValley.Monsters.DinoMonster+AttackState	value__	Public, SpecialName, RTSpecialName
0x04002BC8	StardewValley.Monsters.DinoMonster+AttackState	None	Public, Static, Literal, HasDefault
0x04002BC9	StardewValley.Monsters.DinoMonster+AttackState	Fireball	Public, Static, Literal, HasDefault
0x04002BCA	StardewValley.Monsters.DinoMonster+AttackState	Charge	Public, Static, Literal, HasDefault
0x04002BCB	StardewValley.Monsters.DinoMonster+BreathProjectile	<NetFields>k__BackingField	Private, InitOnly
0x04002BCC	StardewValley.Monsters.DinoMonster+BreathProjectile	active	Public, InitOnly
0x04002BCD	StardewValley.Monsters.DinoMonster+BreathProjectile	position	Public, InitOnly
0x04002BCE	StardewValley.Monsters.DinoMonster+BreathProjectile	startPosition	Public, InitOnly
0x04002BCF	StardewValley.Monsters.DinoMonster+BreathProjectile	velocity	Public, InitOnly
0x04002BD0	StardewValley.Monsters.DinoMonster+BreathProjectile	rotation	Public
0x04002BD1	StardewValley.Monsters.DinoMonster+BreathProjectile	alpha	Public
0x04002BD2	StardewValley.Monsters.Ghost+GhostVariant	value__	Public, SpecialName, RTSpecialName
0x04002BD3	StardewValley.Monsters.Ghost+GhostVariant	Normal	Public, Static, Literal, HasDefault
0x04002BD4	StardewValley.Monsters.Ghost+GhostVariant	Putrid	Public, Static, Literal, HasDefault
0x04002BD5	StardewValley.Monsters.GreenSlime+<>c	<>9	Public, Static, InitOnly
0x04002BD6	StardewValley.Monsters.GreenSlime+<>c	<>9__47_0	Public, Static
0x04002BD7	StardewValley.Monsters.LavaLurk+State	value__	Public, SpecialName, RTSpecialName
0x04002BD8	StardewValley.Monsters.LavaLurk+State	Submerged	Public, Static, Literal, HasDefault
0x04002BD9	StardewValley.Monsters.LavaLurk+State	Lurking	Public, Static, Literal, HasDefault
0x04002BDA	StardewValley.Monsters.LavaLurk+State	Emerged	Public, Static, Literal, HasDefault
0x04002BDB	StardewValley.Monsters.LavaLurk+State	Firing	Public, Static, Literal, HasDefault
0x04002BDC	StardewValley.Monsters.LavaLurk+State	Diving	Public, Static, Literal, HasDefault
0x04002BDD	StardewValley.Minigames.AbigailGame+GameKeys	value__	Public, SpecialName, RTSpecialName
0x04002BDE	StardewValley.Minigames.AbigailGame+GameKeys	MoveLeft	Public, Static, Literal, HasDefault
0x04002BDF	StardewValley.Minigames.AbigailGame+GameKeys	MoveRight	Public, Static, Literal, HasDefault
0x04002BE0	StardewValley.Minigames.AbigailGame+GameKeys	MoveUp	Public, Static, Literal, HasDefault
0x04002BE1	StardewValley.Minigames.AbigailGame+GameKeys	MoveDown	Public, Static, Literal, HasDefault
0x04002BE2	StardewValley.Minigames.AbigailGame+GameKeys	ShootLeft	Public, Static, Literal, HasDefault
0x04002BE3	StardewValley.Minigames.AbigailGame+GameKeys	ShootRight	Public, Static, Literal, HasDefault
0x04002BE4	StardewValley.Minigames.AbigailGame+GameKeys	ShootUp	Public, Static, Literal, HasDefault
0x04002BE5	StardewValley.Minigames.AbigailGame+GameKeys	ShootDown	Public, Static, Literal, HasDefault
0x04002BE6	StardewValley.Minigames.AbigailGame+GameKeys	UsePowerup	Public, Static, Literal, HasDefault
0x04002BE7	StardewValley.Minigames.AbigailGame+GameKeys	SelectOption	Public, Static, Literal, HasDefault
0x04002BE8	StardewValley.Minigames.AbigailGame+GameKeys	Exit	Public, Static, Literal, HasDefault
0x04002BE9	StardewValley.Minigames.AbigailGame+GameKeys	MAX	Public, Static, Literal, HasDefault
0x04002BEA	StardewValley.Minigames.AbigailGame+CowboyPowerup	which	Public
0x04002BEB	StardewValley.Minigames.AbigailGame+CowboyPowerup	position	Public
0x04002BEC	StardewValley.Minigames.AbigailGame+CowboyPowerup	duration	Public
0x04002BED	StardewValley.Minigames.AbigailGame+CowboyPowerup	yOffset	Public
0x04002BEE	StardewValley.Minigames.AbigailGame+JOTPKProgress	bulletDamage	Public
0x04002BEF	StardewValley.Minigames.AbigailGame+JOTPKProgress	fireSpeedLevel	Public
0x04002BF0	StardewValley.Minigames.AbigailGame+JOTPKProgress	ammoLevel	Public
0x04002BF1	StardewValley.Minigames.AbigailGame+JOTPKProgress	spreadPistol	Public
0x04002BF2	StardewValley.Minigames.AbigailGame+JOTPKProgress	runSpeedLevel	Public
0x04002BF3	StardewValley.Minigames.AbigailGame+JOTPKProgress	lives	Public
0x04002BF4	StardewValley.Minigames.AbigailGame+JOTPKProgress	coins	Public
0x04002BF5	StardewValley.Minigames.AbigailGame+JOTPKProgress	score	Public
0x04002BF6	StardewValley.Minigames.AbigailGame+JOTPKProgress	died	Public
0x04002BF7	StardewValley.Minigames.AbigailGame+JOTPKProgress	whichRound	Public
0x04002BF8	StardewValley.Minigames.AbigailGame+JOTPKProgress	whichWave	Public
0x04002BF9	StardewValley.Minigames.AbigailGame+JOTPKProgress	heldItem	Public
0x04002BFA	StardewValley.Minigames.AbigailGame+JOTPKProgress	world	Public
0x04002BFB	StardewValley.Minigames.AbigailGame+JOTPKProgress	waveTimer	Public
0x04002BFC	StardewValley.Minigames.AbigailGame+JOTPKProgress	monsterChances	Public
0x04002BFD	StardewValley.Minigames.AbigailGame+JOTPKProgress	<NetFields>k__BackingField	Private, InitOnly
0x04002BFE	StardewValley.Minigames.AbigailGame+CowboyBullet	position	Public
0x04002BFF	StardewValley.Minigames.AbigailGame+CowboyBullet	motion	Public
0x04002C00	StardewValley.Minigames.AbigailGame+CowboyBullet	damage	Public
0x04002C01	StardewValley.Minigames.AbigailGame+CowboyMonster	MonsterAnimationDelay	Public, Static, Literal, HasDefault
0x04002C02	StardewValley.Minigames.AbigailGame+CowboyMonster	health	Public
0x04002C03	StardewValley.Minigames.AbigailGame+CowboyMonster	type	Public
0x04002C04	StardewValley.Minigames.AbigailGame+CowboyMonster	speed	Public
0x04002C05	StardewValley.Minigames.AbigailGame+CowboyMonster	movementAnimationTimer	Public
0x04002C06	StardewValley.Minigames.AbigailGame+CowboyMonster	position	Public
0x04002C07	StardewValley.Minigames.AbigailGame+CowboyMonster	movementDirection	Public
0x04002C08	StardewValley.Minigames.AbigailGame+CowboyMonster	movedLastTurn	Public
0x04002C09	StardewValley.Minigames.AbigailGame+CowboyMonster	oppositeMotionGuy	Public
0x04002C0A	StardewValley.Minigames.AbigailGame+CowboyMonster	invisible	Public
0x04002C0B	StardewValley.Minigames.AbigailGame+CowboyMonster	special	Public
0x04002C0C	StardewValley.Minigames.AbigailGame+CowboyMonster	uninterested	Public
0x04002C0D	StardewValley.Minigames.AbigailGame+CowboyMonster	flyer	Public
0x04002C0E	StardewValley.Minigames.AbigailGame+CowboyMonster	tint	Public
0x04002C0F	StardewValley.Minigames.AbigailGame+CowboyMonster	flashColor	Public
0x04002C10	StardewValley.Minigames.AbigailGame+CowboyMonster	flashColorTimer	Public
0x04002C11	StardewValley.Minigames.AbigailGame+CowboyMonster	ticksSinceLastMovement	Public
0x04002C12	StardewValley.Minigames.AbigailGame+CowboyMonster	acceleration	Public
0x04002C13	StardewValley.Minigames.AbigailGame+CowboyMonster	targetPosition	Private
0x04002C14	StardewValley.Minigames.AbigailGame+Dracula	gloatingPhase	Public, Static, Literal, HasDefault
0x04002C15	StardewValley.Minigames.AbigailGame+Dracula	walkRandomlyAndShootPhase	Public, Static, Literal, HasDefault
0x04002C16	StardewValley.Minigames.AbigailGame+Dracula	spreadShotPhase	Public, Static, Literal, HasDefault
0x04002C17	StardewValley.Minigames.AbigailGame+Dracula	summonDemonPhase	Public, Static, Literal, HasDefault
0x04002C18	StardewValley.Minigames.AbigailGame+Dracula	summonMummyPhase	Public, Static, Literal, HasDefault
0x04002C19	StardewValley.Minigames.AbigailGame+Dracula	phase	Public
0x04002C1A	StardewValley.Minigames.AbigailGame+Dracula	phaseInternalTimer	Public
0x04002C1B	StardewValley.Minigames.AbigailGame+Dracula	phaseInternalCounter	Public
0x04002C1C	StardewValley.Minigames.AbigailGame+Dracula	shootTimer	Public
0x04002C1D	StardewValley.Minigames.AbigailGame+Dracula	fullHealth	Public
0x04002C1E	StardewValley.Minigames.AbigailGame+Dracula	homePosition	Public
0x04002C1F	StardewValley.Minigames.AbigailGame+Outlaw	talkingPhase	Public, Static, Literal, HasDefault
0x04002C20	StardewValley.Minigames.AbigailGame+Outlaw	hidingPhase	Public, Static, Literal, HasDefault
0x04002C21	StardewValley.Minigames.AbigailGame+Outlaw	dartOutAndShootPhase	Public, Static, Literal, HasDefault
0x04002C22	StardewValley.Minigames.AbigailGame+Outlaw	runAndGunPhase	Public, Static, Literal, HasDefault
0x04002C23	StardewValley.Minigames.AbigailGame+Outlaw	runGunAndPantPhase	Public, Static, Literal, HasDefault
0x04002C24	StardewValley.Minigames.AbigailGame+Outlaw	shootAtPlayerPhase	Public, Static, Literal, HasDefault
0x04002C25	StardewValley.Minigames.AbigailGame+Outlaw	phase	Public
0x04002C26	StardewValley.Minigames.AbigailGame+Outlaw	phaseCountdown	Public
0x04002C27	StardewValley.Minigames.AbigailGame+Outlaw	shootTimer	Public
0x04002C28	StardewValley.Minigames.AbigailGame+Outlaw	phaseInternalTimer	Public
0x04002C29	StardewValley.Minigames.AbigailGame+Outlaw	phaseInternalCounter	Public
0x04002C2A	StardewValley.Minigames.AbigailGame+Outlaw	dartLeft	Public
0x04002C2B	StardewValley.Minigames.AbigailGame+Outlaw	fullHealth	Public
0x04002C2C	StardewValley.Minigames.AbigailGame+Outlaw	homePosition	Public
0x04002C2D	StardewValley.Minigames.AbigailGame+<>c__DisplayClass202_0	time	Public
0x04002C2E	StardewValley.Minigames.AbigailGame+<>c__DisplayClass202_0	<>4__this	Public
0x04002C2F	StardewValley.Minigames.BoatJourney+WaterSparkle	_startPosition	Family
0x04002C30	StardewValley.Minigames.BoatJourney+Wave	_startPosition	Family
0x04002C31	StardewValley.Minigames.BoatJourney+Boat	nextSmokeStackSmoke	Family
0x04002C32	StardewValley.Minigames.BoatJourney+Boat	nextRipple	Family
0x04002C33	StardewValley.Minigames.BoatJourney+Boat	smokeStack	Public
0x04002C34	StardewValley.Minigames.BoatJourney+Boat	_lastPosition	Public
0x04002C35	StardewValley.Minigames.BoatJourney+Boat	idleAnimationInterval	Public
0x04002C36	StardewValley.Minigames.BoatJourney+Boat	moveAnimationInterval	Public
0x04002C37	StardewValley.Minigames.BoatJourney+Entity	_context	Family
0x04002C38	StardewValley.Minigames.BoatJourney+Entity	position	Public
0x04002C39	StardewValley.Minigames.BoatJourney+Entity	_texture	Family
0x04002C3A	StardewValley.Minigames.BoatJourney+Entity	_sourceRect	Family
0x04002C3B	StardewValley.Minigames.BoatJourney+Entity	lifeTime	Family
0x04002C3C	StardewValley.Minigames.BoatJourney+Entity	_age	Family
0x04002C3D	StardewValley.Minigames.BoatJourney+Entity	velocity	Public
0x04002C3E	StardewValley.Minigames.BoatJourney+Entity	origin	Public
0x04002C3F	StardewValley.Minigames.BoatJourney+Entity	flipX	Public
0x04002C40	StardewValley.Minigames.BoatJourney+Entity	_frameTime	Family
0x04002C41	StardewValley.Minigames.BoatJourney+Entity	frameInterval	Public
0x04002C42	StardewValley.Minigames.BoatJourney+Entity	currentFrame	Public
0x04002C43	StardewValley.Minigames.BoatJourney+Entity	numFrames	Public
0x04002C44	StardewValley.Minigames.BoatJourney+Entity	columns	Public
0x04002C45	StardewValley.Minigames.BoatJourney+Entity	destroyAfterAnimation	Public
0x04002C46	StardewValley.Minigames.BoatJourney+Entity	drawOnTop	Public
0x04002C47	StardewValley.Minigames.BoatJourney+Entity	layerDepth	Public
0x04002C48	StardewValley.Minigames.BoatJourney+<>c	<>9	Public, Static, InitOnly
0x04002C49	StardewValley.Minigames.BoatJourney+<>c	<>9__21_0	Public, Static
0x04002C4A	StardewValley.Minigames.BoatJourney+<>c__DisplayClass27_0	time	Public
0x04002C4B	StardewValley.Minigames.BoatJourney+<>c__DisplayClass27_0	<>4__this	Public
0x04002C4C	StardewValley.Minigames.CraneGame+GameButtons	value__	Public, SpecialName, RTSpecialName
0x04002C4D	StardewValley.Minigames.CraneGame+GameButtons	Action	Public, Static, Literal, HasDefault
0x04002C4E	StardewValley.Minigames.CraneGame+GameButtons	Tool	Public, Static, Literal, HasDefault
0x04002C4F	StardewValley.Minigames.CraneGame+GameButtons	Confirm	Public, Static, Literal, HasDefault
0x04002C50	StardewValley.Minigames.CraneGame+GameButtons	Cancel	Public, Static, Literal, HasDefault
0x04002C51	StardewValley.Minigames.CraneGame+GameButtons	Run	Public, Static, Literal, HasDefault
0x04002C52	StardewValley.Minigames.CraneGame+GameButtons	Up	Public, Static, Literal, HasDefault
0x04002C53	StardewValley.Minigames.CraneGame+GameButtons	Left	Public, Static, Literal, HasDefault
0x04002C54	StardewValley.Minigames.CraneGame+GameButtons	Down	Public, Static, Literal, HasDefault
0x04002C55	StardewValley.Minigames.CraneGame+GameButtons	Right	Public, Static, Literal, HasDefault
0x04002C56	StardewValley.Minigames.CraneGame+GameButtons	MAX	Public, Static, Literal, HasDefault
0x04002C57	StardewValley.Minigames.CraneGame+GameLogic	collectedItems	Public
0x04002C58	StardewValley.Minigames.CraneGame+GameLogic	CLAW_HEIGHT	Public, Static, Literal, HasDefault
0x04002C59	StardewValley.Minigames.CraneGame+GameLogic	_claw	Family
0x04002C5A	StardewValley.Minigames.CraneGame+GameLogic	maxLives	Public
0x04002C5B	StardewValley.Minigames.CraneGame+GameLogic	lives	Public
0x04002C5C	StardewValley.Minigames.CraneGame+GameLogic	_startPosition	Public
0x04002C5D	StardewValley.Minigames.CraneGame+GameLogic	_dropPosition	Public
0x04002C5E	StardewValley.Minigames.CraneGame+GameLogic	playArea	Public
0x04002C5F	StardewValley.Minigames.CraneGame+GameLogic	prizeChute	Public
0x04002C60	StardewValley.Minigames.CraneGame+GameLogic	_currentState	Family
0x04002C61	StardewValley.Minigames.CraneGame+GameLogic	_stateTimer	Family
0x04002C62	StardewValley.Minigames.CraneGame+GameLogic	moveRightIndicator	Public
0x04002C63	StardewValley.Minigames.CraneGame+GameLogic	moveDownIndicator	Public
0x04002C64	StardewValley.Minigames.CraneGame+GameLogic	creditsDisplay	Public
0x04002C65	StardewValley.Minigames.CraneGame+GameLogic	timeDisplay1	Public
0x04002C66	StardewValley.Minigames.CraneGame+GameLogic	timeDisplay2	Public
0x04002C67	StardewValley.Minigames.CraneGame+GameLogic	sunShockedFace	Public
0x04002C68	StardewValley.Minigames.CraneGame+GameLogic	currentTimer	Public
0x04002C69	StardewValley.Minigames.CraneGame+GameLogic	joystick	Public
0x04002C6A	StardewValley.Minigames.CraneGame+GameLogic	conveyerBeltTiles	Public
0x04002C6B	StardewValley.Minigames.CraneGame+GameLogic	prizeMap	Public
0x04002C6C	StardewValley.Minigames.CraneGame+Shadow	_target	Public
0x04002C6D	StardewValley.Minigames.CraneGame+Claw	_leftArm	Family
0x04002C6E	StardewValley.Minigames.CraneGame+Claw	_rightArm	Family
0x04002C6F	StardewValley.Minigames.CraneGame+Claw	_grabbedPrize	Family
0x04002C70	StardewValley.Minigames.CraneGame+Claw	_prizePositionOffset	Family
0x04002C71	StardewValley.Minigames.CraneGame+Claw	_nextDropCheckTimer	Family
0x04002C72	StardewValley.Minigames.CraneGame+Claw	_dropChances	Family
0x04002C73	StardewValley.Minigames.CraneGame+Claw	_grabTime	Family
0x04002C74	StardewValley.Minigames.CraneGame+ConveyerBelt	_direction	Family
0x04002C75	StardewValley.Minigames.CraneGame+ConveyerBelt	_spriteStartPosition	Family
0x04002C76	StardewValley.Minigames.CraneGame+ConveyerBelt	_spriteOffset	Family
0x04002C77	StardewValley.Minigames.CraneGame+Prize	_conveyerBeltMove	Family
0x04002C78	StardewValley.Minigames.CraneGame+Prize	grabbed	Public
0x04002C79	StardewValley.Minigames.CraneGame+Prize	gravity	Public
0x04002C7A	StardewValley.Minigames.CraneGame+Prize	_velocity	Family
0x04002C7B	StardewValley.Minigames.CraneGame+Prize	_item	Family
0x04002C7C	StardewValley.Minigames.CraneGame+Prize	_restingZPosition	Family
0x04002C7D	StardewValley.Minigames.CraneGame+Prize	_angularSpeed	Family
0x04002C7E	StardewValley.Minigames.CraneGame+Prize	_isBeingCollected	Family
0x04002C7F	StardewValley.Minigames.CraneGame+Prize	isLargeItem	Public
0x04002C80	StardewValley.Minigames.CraneGame+CraneGameObject	_game	Family
0x04002C81	StardewValley.Minigames.CraneGame+CraneGameObject	position	Public
0x04002C82	StardewValley.Minigames.CraneGame+CraneGameObject	rotation	Public
0x04002C83	StardewValley.Minigames.CraneGame+CraneGameObject	scale	Public
0x04002C84	StardewValley.Minigames.CraneGame+CraneGameObject	flipX	Public
0x04002C85	StardewValley.Minigames.CraneGame+CraneGameObject	flipY	Public
0x04002C86	StardewValley.Minigames.CraneGame+CraneGameObject	spriteRect	Public
0x04002C87	StardewValley.Minigames.CraneGame+CraneGameObject	texture	Public
0x04002C88	StardewValley.Minigames.CraneGame+CraneGameObject	spriteAnchor	Public
0x04002C89	StardewValley.Minigames.CraneGame+CraneGameObject	color	Public
0x04002C8A	StardewValley.Minigames.CraneGame+CraneGameObject	layerDepth	Public
0x04002C8B	StardewValley.Minigames.CraneGame+CraneGameObject	width	Public
0x04002C8C	StardewValley.Minigames.CraneGame+CraneGameObject	height	Public
0x04002C8D	StardewValley.Minigames.CraneGame+CraneGameObject	zPosition	Public
0x04002C8E	StardewValley.Minigames.CraneGame+CraneGameObject	visible	Public
0x04002C8F	StardewValley.Minigames.CraneGame+CraneGameObject	drawEffects	Public
0x04002C90	StardewValley.Minigames.CraneGame+CraneGameObject	_destroyed	Family
0x04002C91	StardewValley.Minigames.CraneGame+SwayEffect	swayMagnitude	Public
0x04002C92	StardewValley.Minigames.CraneGame+SwayEffect	swaySpeed	Public
0x04002C93	StardewValley.Minigames.CraneGame+SwayEffect	swayDuration	Public
0x04002C94	StardewValley.Minigames.CraneGame+SwayEffect	age	Public
0x04002C95	StardewValley.Minigames.CraneGame+ShakeEffect	shakeAmount	Public
0x04002C96	StardewValley.Minigames.CraneGame+ShakeEffect	shakeDuration	Public
0x04002C97	StardewValley.Minigames.CraneGame+ShakeEffect	age	Public
0x04002C98	StardewValley.Minigames.CraneGame+StretchEffect	stretchScale	Public
0x04002C99	StardewValley.Minigames.CraneGame+StretchEffect	stretchDuration	Public
0x04002C9A	StardewValley.Minigames.CraneGame+StretchEffect	age	Public
0x04002C9B	StardewValley.Minigames.Darts+GameState	value__	Public, SpecialName, RTSpecialName
0x04002C9C	StardewValley.Minigames.Darts+GameState	Aiming	Public, Static, Literal, HasDefault
0x04002C9D	StardewValley.Minigames.Darts+GameState	Charging	Public, Static, Literal, HasDefault
0x04002C9E	StardewValley.Minigames.Darts+GameState	Firing	Public, Static, Literal, HasDefault
0x04002C9F	StardewValley.Minigames.Darts+GameState	ShowScore	Public, Static, Literal, HasDefault
0x04002CA0	StardewValley.Minigames.Darts+GameState	Scoring	Public, Static, Literal, HasDefault
0x04002CA1	StardewValley.Minigames.Darts+GameState	GameOver	Public, Static, Literal, HasDefault
0x04002CA2	StardewValley.Minigames.Darts+<>c	<>9	Public, Static, InitOnly
0x04002CA3	StardewValley.Minigames.Darts+<>c	<>9__48_0	Public, Static
0x04002CA4	StardewValley.Minigames.Intro+Balloon	position	Public
0x04002CA5	StardewValley.Minigames.Intro+Balloon	color	Public
0x04002CA6	StardewValley.Minigames.MineCart+GameStates	value__	Public, SpecialName, RTSpecialName
0x04002CA7	StardewValley.Minigames.MineCart+GameStates	Title	Public, Static, Literal, HasDefault
0x04002CA8	StardewValley.Minigames.MineCart+GameStates	Ingame	Public, Static, Literal, HasDefault
0x04002CA9	StardewValley.Minigames.MineCart+GameStates	FruitsSummary	Public, Static, Literal, HasDefault
0x04002CAA	StardewValley.Minigames.MineCart+GameStates	Map	Public, Static, Literal, HasDefault
0x04002CAB	StardewValley.Minigames.MineCart+GameStates	Cutscene	Public, Static, Literal, HasDefault
0x04002CAC	StardewValley.Minigames.MineCart+LevelTransition	startLevel	Public
0x04002CAD	StardewValley.Minigames.MineCart+LevelTransition	destinationLevel	Public
0x04002CAE	StardewValley.Minigames.MineCart+LevelTransition	startGridCoordinates	Public
0x04002CAF	StardewValley.Minigames.MineCart+LevelTransition	pathString	Public
0x04002CB0	StardewValley.Minigames.MineCart+LevelTransition	shouldTakePath	Public
0x04002CB1	StardewValley.Minigames.MineCart+CollectableFruits	value__	Public, SpecialName, RTSpecialName
0x04002CB2	StardewValley.Minigames.MineCart+CollectableFruits	Cherry	Public, Static, Literal, HasDefault
0x04002CB3	StardewValley.Minigames.MineCart+CollectableFruits	Orange	Public, Static, Literal, HasDefault
0x04002CB4	StardewValley.Minigames.MineCart+CollectableFruits	Grape	Public, Static, Literal, HasDefault
0x04002CB5	StardewValley.Minigames.MineCart+CollectableFruits	MAX	Public, Static, Literal, HasDefault
0x04002CB6	StardewValley.Minigames.MineCart+ObstacleTypes	value__	Public, SpecialName, RTSpecialName
0x04002CB7	StardewValley.Minigames.MineCart+ObstacleTypes	Normal	Public, Static, Literal, HasDefault
0x04002CB8	StardewValley.Minigames.MineCart+ObstacleTypes	Air	Public, Static, Literal, HasDefault
0x04002CB9	StardewValley.Minigames.MineCart+ObstacleTypes	Difficult	Public, Static, Literal, HasDefault
0x04002CBA	StardewValley.Minigames.MineCart+GeneratorRoll	chance	Public
0x04002CBB	StardewValley.Minigames.MineCart+GeneratorRoll	generator	Public
0x04002CBC	StardewValley.Minigames.MineCart+GeneratorRoll	additionalGenerationCondition	Public
0x04002CBD	StardewValley.Minigames.MineCart+GeneratorRoll	forcedNextGenerator	Public
0x04002CBE	StardewValley.Minigames.MineCart+MapJunimo	direction	Public
0x04002CBF	StardewValley.Minigames.MineCart+MapJunimo	moveString	Public
0x04002CC0	StardewValley.Minigames.MineCart+MapJunimo	moveSpeed	Public
0x04002CC1	StardewValley.Minigames.MineCart+MapJunimo	pixelsToMove	Public
0x04002CC2	StardewValley.Minigames.MineCart+MapJunimo	moveState	Public
0x04002CC3	StardewValley.Minigames.MineCart+MapJunimo	nextBump	Public
0x04002CC4	StardewValley.Minigames.MineCart+MapJunimo	bumpHeight	Public
0x04002CC5	StardewValley.Minigames.MineCart+MapJunimo	isOnWater	Private
0x04002CC6	StardewValley.Minigames.MineCart+LakeDecor	_position	Public
0x04002CC7	StardewValley.Minigames.MineCart+LakeDecor	spriteIndex	Public
0x04002CC8	StardewValley.Minigames.MineCart+LakeDecor	_game	Family
0x04002CC9	StardewValley.Minigames.MineCart+LakeDecor	_lastCycle	Public
0x04002CCA	StardewValley.Minigames.MineCart+LakeDecor	_bgDecor	Public
0x04002CCB	StardewValley.Minigames.MineCart+LakeDecor	_animationFrames	Private
0x04002CCC	StardewValley.Minigames.MineCart+StraightAwayGenerator	straightAwayLength	Public
0x04002CCD	StardewValley.Minigames.MineCart+StraightAwayGenerator	staggerPattern	Public
0x04002CCE	StardewValley.Minigames.MineCart+StraightAwayGenerator	minLength	Public
0x04002CCF	StardewValley.Minigames.MineCart+StraightAwayGenerator	maxLength	Public
0x04002CD0	StardewValley.Minigames.MineCart+StraightAwayGenerator	staggerChance	Public
0x04002CD1	StardewValley.Minigames.MineCart+StraightAwayGenerator	minimuimDistanceBetweenStaggers	Public
0x04002CD2	StardewValley.Minigames.MineCart+StraightAwayGenerator	currentStaggerDistance	Public
0x04002CD3	StardewValley.Minigames.MineCart+StraightAwayGenerator	generateCheckpoint	Public
0x04002CD4	StardewValley.Minigames.MineCart+StraightAwayGenerator	_generatedCheckpoint	Family
0x04002CD5	StardewValley.Minigames.MineCart+SmallGapGenerator	minLength	Public
0x04002CD6	StardewValley.Minigames.MineCart+SmallGapGenerator	maxLength	Public
0x04002CD7	StardewValley.Minigames.MineCart+SmallGapGenerator	minDepth	Public
0x04002CD8	StardewValley.Minigames.MineCart+SmallGapGenerator	maxDepth	Public
0x04002CD9	StardewValley.Minigames.MineCart+RapidHopsGenerator	minLength	Public
0x04002CDA	StardewValley.Minigames.MineCart+RapidHopsGenerator	maxLength	Public
0x04002CDB	StardewValley.Minigames.MineCart+RapidHopsGenerator	startY	Private
0x04002CDC	StardewValley.Minigames.MineCart+RapidHopsGenerator	yStep	Public
0x04002CDD	StardewValley.Minigames.MineCart+RapidHopsGenerator	chaotic	Public
0x04002CDE	StardewValley.Minigames.MineCart+NoxiousMushroom	nextFire	Public
0x04002CDF	StardewValley.Minigames.MineCart+NoxiousMushroom	firePeriod	Public
0x04002CE0	StardewValley.Minigames.MineCart+NoxiousMushroom	_track	Family
0x04002CE1	StardewValley.Minigames.MineCart+NoxiousMushroom	frames	Public
0x04002CE2	StardewValley.Minigames.MineCart+NoxiousMushroom	currentFrame	Public
0x04002CE3	StardewValley.Minigames.MineCart+NoxiousMushroom	frameDuration	Public
0x04002CE4	StardewValley.Minigames.MineCart+NoxiousMushroom	frameTimer	Public
0x04002CE5	StardewValley.Minigames.MineCart+MushroomSpring	_bouncedPlayers	Family
0x04002CE6	StardewValley.Minigames.MineCart+MushroomSpring	frames	Public
0x04002CE7	StardewValley.Minigames.MineCart+MushroomSpring	currentFrame	Public
0x04002CE8	StardewValley.Minigames.MineCart+MushroomSpring	frameDuration	Public
0x04002CE9	StardewValley.Minigames.MineCart+MushroomSpring	frameTimer	Public
0x04002CEA	StardewValley.Minigames.MineCart+MushroomBalanceTrackGenerator	minHopSize	Family
0x04002CEB	StardewValley.Minigames.MineCart+MushroomBalanceTrackGenerator	maxHopSize	Family
0x04002CEC	StardewValley.Minigames.MineCart+MushroomBalanceTrackGenerator	releaseJumpChance	Family
0x04002CED	StardewValley.Minigames.MineCart+MushroomBalanceTrackGenerator	staggerPattern	Family
0x04002CEE	StardewValley.Minigames.MineCart+MushroomBalanceTrackGenerator	trackType	Family
0x04002CEF	StardewValley.Minigames.MineCart+MushroomBunnyHopGenerator	numberOfHops	Family
0x04002CF0	StardewValley.Minigames.MineCart+MushroomBunnyHopGenerator	minHops	Family
0x04002CF1	StardewValley.Minigames.MineCart+MushroomBunnyHopGenerator	maxHops	Family
0x04002CF2	StardewValley.Minigames.MineCart+MushroomBunnyHopGenerator	minHopSize	Family
0x04002CF3	StardewValley.Minigames.MineCart+MushroomBunnyHopGenerator	maxHopSize	Family
0x04002CF4	StardewValley.Minigames.MineCart+MushroomBunnyHopGenerator	releaseJumpChance	Family
0x04002CF5	StardewValley.Minigames.MineCart+MushroomBunnyHopGenerator	staggerPattern	Family
0x04002CF6	StardewValley.Minigames.MineCart+MushroomBunnyHopGenerator	trackType	Family
0x04002CF7	StardewValley.Minigames.MineCart+BunnyHopGenerator	numberOfHops	Family
0x04002CF8	StardewValley.Minigames.MineCart+BunnyHopGenerator	minHops	Family
0x04002CF9	StardewValley.Minigames.MineCart+BunnyHopGenerator	maxHops	Family
0x04002CFA	StardewValley.Minigames.MineCart+BunnyHopGenerator	minHopSize	Family
0x04002CFB	StardewValley.Minigames.MineCart+BunnyHopGenerator	maxHopSize	Family
0x04002CFC	StardewValley.Minigames.MineCart+BunnyHopGenerator	releaseJumpChance	Family
0x04002CFD	StardewValley.Minigames.MineCart+BunnyHopGenerator	staggerPattern	Family
0x04002CFE	StardewValley.Minigames.MineCart+BunnyHopGenerator	trackType	Family
0x04002CFF	StardewValley.Minigames.MineCart+BaseTrackGenerator	OBSTACLE_NONE	Public, Static, Literal, HasDefault
0x04002D00	StardewValley.Minigames.MineCart+BaseTrackGenerator	OBSTACLE_MIDDLE	Public, Static, Literal, HasDefault
0x04002D01	StardewValley.Minigames.MineCart+BaseTrackGenerator	OBSTACLE_FRONT	Public, Static, Literal, HasDefault
0x04002D02	StardewValley.Minigames.MineCart+BaseTrackGenerator	OBSTACLE_BACK	Public, Static, Literal, HasDefault
0x04002D03	StardewValley.Minigames.MineCart+BaseTrackGenerator	OBSTACLE_RANDOM	Public, Static, Literal, HasDefault
0x04002D04	StardewValley.Minigames.MineCart+BaseTrackGenerator	_generatedTracks	Family
0x04002D05	StardewValley.Minigames.MineCart+BaseTrackGenerator	_game	Family
0x04002D06	StardewValley.Minigames.MineCart+BaseTrackGenerator	_obstacleIndices	Family
0x04002D07	StardewValley.Minigames.MineCart+BaseTrackGenerator	_pickupFunction	Family
0x04002D08	StardewValley.Minigames.MineCart+Spark	x	Public
0x04002D09	StardewValley.Minigames.MineCart+Spark	y	Public
0x04002D0A	StardewValley.Minigames.MineCart+Spark	c	Public
0x04002D0B	StardewValley.Minigames.MineCart+Spark	dx	Public
0x04002D0C	StardewValley.Minigames.MineCart+Spark	dy	Public
0x04002D0D	StardewValley.Minigames.MineCart+Entity	position	Public
0x04002D0E	StardewValley.Minigames.MineCart+Entity	_game	Family
0x04002D0F	StardewValley.Minigames.MineCart+Entity	visible	Public
0x04002D10	StardewValley.Minigames.MineCart+Entity	enabled	Public
0x04002D11	StardewValley.Minigames.MineCart+Entity	_destroyed	Family
0x04002D12	StardewValley.Minigames.MineCart+BaseCharacter	velocity	Public
0x04002D13	StardewValley.Minigames.MineCart+Bubble	_normalizedVelocity	Public
0x04002D14	StardewValley.Minigames.MineCart+Bubble	moveSpeed	Public
0x04002D15	StardewValley.Minigames.MineCart+Bubble	_age	Family
0x04002D16	StardewValley.Minigames.MineCart+Bubble	_currentFrame	Family
0x04002D17	StardewValley.Minigames.MineCart+Bubble	_timePerFrame	Family
0x04002D18	StardewValley.Minigames.MineCart+Bubble	_frames	Family
0x04002D19	StardewValley.Minigames.MineCart+Bubble	_repeatedFrameCount	Family
0x04002D1A	StardewValley.Minigames.MineCart+Bubble	_lifeTime	Family
0x04002D1B	StardewValley.Minigames.MineCart+Bubble	bubbleOffset	Public
0x04002D1C	StardewValley.Minigames.MineCart+PlayerBubbleSpawner	bubbleCount	Public
0x04002D1D	StardewValley.Minigames.MineCart+PlayerBubbleSpawner	timer	Public
0x04002D1E	StardewValley.Minigames.MineCart+Whale	_currentState	Family
0x04002D1F	StardewValley.Minigames.MineCart+Whale	_stateTimer	Family
0x04002D20	StardewValley.Minigames.MineCart+Whale	mouthCloseTime	Public
0x04002D21	StardewValley.Minigames.MineCart+Whale	_nextFire	Family
0x04002D22	StardewValley.Minigames.MineCart+Whale	_currentFrame	Family
0x04002D23	StardewValley.Minigames.MineCart+Whale	_basePosition	Family
0x04002D24	StardewValley.Minigames.MineCart+EndingJunimo	_color	Family
0x04002D25	StardewValley.Minigames.MineCart+EndingJunimo	_velocity	Family
0x04002D26	StardewValley.Minigames.MineCart+EndingJunimo	_special	Private
0x04002D27	StardewValley.Minigames.MineCart+FallingBoulderSpawner	period	Public
0x04002D28	StardewValley.Minigames.MineCart+FallingBoulderSpawner	currentTime	Public
0x04002D29	StardewValley.Minigames.MineCart+FallingBoulderSpawner	_track	Family
0x04002D2A	StardewValley.Minigames.MineCart+WillOWisp	_age	Family
0x04002D2B	StardewValley.Minigames.MineCart+WillOWisp	offset	Family
0x04002D2C	StardewValley.Minigames.MineCart+WillOWisp	tailRotation	Public
0x04002D2D	StardewValley.Minigames.MineCart+WillOWisp	tailLength	Public
0x04002D2E	StardewValley.Minigames.MineCart+WillOWisp	scale	Public
0x04002D2F	StardewValley.Minigames.MineCart+WillOWisp	nextDebris	Public
0x04002D30	StardewValley.Minigames.MineCart+CosmeticFallingBoulder	yBreakPosition	Private
0x04002D31	StardewValley.Minigames.MineCart+CosmeticFallingBoulder	delayBeforeAppear	Private
0x04002D32	StardewValley.Minigames.MineCart+CosmeticFallingBoulder	color	Private
0x04002D33	StardewValley.Minigames.MineCart+NoxiousGas	_age	Family
0x04002D34	StardewValley.Minigames.MineCart+NoxiousGas	_currentRiseSpeed	Family
0x04002D35	StardewValley.Minigames.MineCart+NoxiousGas	_riseSpeed	Family
0x04002D36	StardewValley.Minigames.MineCart+FallingBoulder	_age	Family
0x04002D37	StardewValley.Minigames.MineCart+FallingBoulder	_tracks	Family
0x04002D38	StardewValley.Minigames.MineCart+FallingBoulder	_currentFallSpeed	Family
0x04002D39	StardewValley.Minigames.MineCart+FallingBoulder	_fallSpeed	Family
0x04002D3A	StardewValley.Minigames.MineCart+FallingBoulder	_wasBouncedOn	Family
0x04002D3B	StardewValley.Minigames.MineCart+HugeSlime	_timeUntilHop	Family
0x04002D3C	StardewValley.Minigames.MineCart+HugeSlime	_yVelocity	Family
0x04002D3D	StardewValley.Minigames.MineCart+HugeSlime	_grounded	Family
0x04002D3E	StardewValley.Minigames.MineCart+HugeSlime	_lastTrackY	Family
0x04002D3F	StardewValley.Minigames.MineCart+HugeSlime	spriteScale	Public
0x04002D40	StardewValley.Minigames.MineCart+HugeSlime	_currentFrame	Family
0x04002D41	StardewValley.Minigames.MineCart+HugeSlime	_desiredScale	Family
0x04002D42	StardewValley.Minigames.MineCart+HugeSlime	_scaleSpeed	Family
0x04002D43	StardewValley.Minigames.MineCart+HugeSlime	_jumpStrength	Family
0x04002D44	StardewValley.Minigames.MineCart+HugeSlime	_hasPeparedToJump	Private
0x04002D45	StardewValley.Minigames.MineCart+MineDebris	_sourceRect	Family
0x04002D46	StardewValley.Minigames.MineCart+MineDebris	_dX	Family
0x04002D47	StardewValley.Minigames.MineCart+MineDebris	_dY	Family
0x04002D48	StardewValley.Minigames.MineCart+MineDebris	_age	Family
0x04002D49	StardewValley.Minigames.MineCart+MineDebris	_lifeTime	Family
0x04002D4A	StardewValley.Minigames.MineCart+MineDebris	_gravityMultiplier	Family
0x04002D4B	StardewValley.Minigames.MineCart+MineDebris	_scale	Family
0x04002D4C	StardewValley.Minigames.MineCart+MineDebris	_color	Family
0x04002D4D	StardewValley.Minigames.MineCart+MineDebris	_numAnimationFrames	Family
0x04002D4E	StardewValley.Minigames.MineCart+MineDebris	_holdLastFrame	Family
0x04002D4F	StardewValley.Minigames.MineCart+MineDebris	_animationInterval	Family
0x04002D50	StardewValley.Minigames.MineCart+MineDebris	_currentAnimationFrame	Family
0x04002D51	StardewValley.Minigames.MineCart+MineDebris	_animationTimer	Family
0x04002D52	StardewValley.Minigames.MineCart+MineDebris	ySinWaveMagnitude	Public
0x04002D53	StardewValley.Minigames.MineCart+MineDebris	flipRate	Public
0x04002D54	StardewValley.Minigames.MineCart+MineDebris	depth	Public
0x04002D55	StardewValley.Minigames.MineCart+MineDebris	timeBeforeDisplay	Private
0x04002D56	StardewValley.Minigames.MineCart+MineDebris	destroySound	Private
0x04002D57	StardewValley.Minigames.MineCart+MineDebris	startSound	Private
0x04002D58	StardewValley.Minigames.MineCart+Fruit	_fruitType	Family
0x04002D59	StardewValley.Minigames.MineCart+Coin	age	Public
0x04002D5A	StardewValley.Minigames.MineCart+Coin	afterCollectionTimer	Public
0x04002D5B	StardewValley.Minigames.MineCart+Coin	collected	Public
0x04002D5C	StardewValley.Minigames.MineCart+Coin	flashSpeed	Public
0x04002D5D	StardewValley.Minigames.MineCart+Coin	flashDelay	Public
0x04002D5E	StardewValley.Minigames.MineCart+Coin	collectYDelta	Public
0x04002D5F	StardewValley.Minigames.MineCart+BalanceTrack	connectedTracks	Public
0x04002D60	StardewValley.Minigames.MineCart+BalanceTrack	counterBalancedTracks	Public
0x04002D61	StardewValley.Minigames.MineCart+BalanceTrack	startY	Public
0x04002D62	StardewValley.Minigames.MineCart+BalanceTrack	moveSpeed	Public
0x04002D63	StardewValley.Minigames.MineCart+Track	obstacle	Public
0x04002D64	StardewValley.Minigames.MineCart+Track	_showSecondTile	Private
0x04002D65	StardewValley.Minigames.MineCart+Track	trackType	Public
0x04002D66	StardewValley.Minigames.MineCart+CheckpointIndicator	CENTER_TO_POST_BASE_OFFSET	Public, Static, Literal, HasDefault
0x04002D67	StardewValley.Minigames.MineCart+CheckpointIndicator	rotation	Public
0x04002D68	StardewValley.Minigames.MineCart+CheckpointIndicator	_activated	Family
0x04002D69	StardewValley.Minigames.MineCart+CheckpointIndicator	swayRotation	Public
0x04002D6A	StardewValley.Minigames.MineCart+CheckpointIndicator	swayTimer	Public
0x04002D6B	StardewValley.Minigames.MineCart+GoalIndicator	rotation	Public
0x04002D6C	StardewValley.Minigames.MineCart+GoalIndicator	_activated	Family
0x04002D6D	StardewValley.Minigames.MineCart+MineCartCharacter	minecartBumpOffset	Public
0x04002D6E	StardewValley.Minigames.MineCart+MineCartCharacter	jumpStrength	Public
0x04002D6F	StardewValley.Minigames.MineCart+MineCartCharacter	maxFallSpeed	Public
0x04002D70	StardewValley.Minigames.MineCart+MineCartCharacter	jumpGravity	Public
0x04002D71	StardewValley.Minigames.MineCart+MineCartCharacter	fallGravity	Public
0x04002D72	StardewValley.Minigames.MineCart+MineCartCharacter	jumpFloatDuration	Public
0x04002D73	StardewValley.Minigames.MineCart+MineCartCharacter	gravity	Public
0x04002D74	StardewValley.Minigames.MineCart+MineCartCharacter	_jumpBuffer	Family
0x04002D75	StardewValley.Minigames.MineCart+MineCartCharacter	_jumpFloatAge	Family
0x04002D76	StardewValley.Minigames.MineCart+MineCartCharacter	_speedMultiplier	Family
0x04002D77	StardewValley.Minigames.MineCart+MineCartCharacter	_jumpMomentumThreshhold	Family
0x04002D78	StardewValley.Minigames.MineCart+MineCartCharacter	jumpGracePeriod	Public
0x04002D79	StardewValley.Minigames.MineCart+MineCartCharacter	_grounded	Family
0x04002D7A	StardewValley.Minigames.MineCart+MineCartCharacter	_jumping	Family
0x04002D7B	StardewValley.Minigames.MineCart+MineCartCharacter	rotation	Public
0x04002D7C	StardewValley.Minigames.MineCart+MineCartCharacter	cartScale	Public
0x04002D7D	StardewValley.Minigames.MineCart+MineCartCharacter	currentTrackType	Public
0x04002D7E	StardewValley.Minigames.MineCart+MineCartCharacter	characterExtraHeight	Public
0x04002D7F	StardewValley.Minigames.MineCart+MineCartCharacter	_hasJustSnapped	Family
0x04002D80	StardewValley.Minigames.MineCart+MineCartCharacter	forcedJumpTime	Public
0x04002D81	StardewValley.Minigames.MineCart+<>c	<>9	Public, Static, InitOnly
0x04002D82	StardewValley.Minigames.MineCart+<>c	<>9__134_0	Public, Static
0x04002D83	StardewValley.Minigames.MineCart+<>c	<>9__152_0	Public, Static
0x04002D84	StardewValley.Minigames.MineCart+<>c	<>9__173_0	Public, Static
0x04002D85	StardewValley.Minigames.NetLeaderboards+<>c	<>9	Public, Static, InitOnly
0x04002D86	StardewValley.Minigames.NetLeaderboards+<>c	<>9__7_0	Public, Static
0x04002D87	StardewValley.Minigames.NetLeaderboards+<>c	<>9__8_0	Public, Static
0x04002D88	StardewValley.Minigames.PlaneFlyBy+<>c__DisplayClass8_0	time	Public
0x04002D89	StardewValley.Minigames.RobotBlastoff+<>c__DisplayClass9_0	time	Public
0x04002D8A	StardewValley.Minigames.TargetGame+Target	width	Public, Static
0x04002D8B	StardewValley.Minigames.TargetGame+Target	spawnRightPosition	Public, Static
0x04002D8C	StardewValley.Minigames.TargetGame+Target	spawnLeftPosition	Public, Static
0x04002D8D	StardewValley.Minigames.TargetGame+Target	basicTarget	Public, Static
0x04002D8E	StardewValley.Minigames.TargetGame+Target	bonusTarget	Public, Static
0x04002D8F	StardewValley.Minigames.TargetGame+Target	deluxeTarget	Public, Static
0x04002D90	StardewValley.Minigames.TargetGame+Target	mediumSpeed	Public, Static
0x04002D91	StardewValley.Minigames.TargetGame+Target	slowSpeed	Public, Static
0x04002D92	StardewValley.Minigames.TargetGame+Target	fastSpeed	Public, Static
0x04002D93	StardewValley.Minigames.TargetGame+Target	nearLane	Public, Static
0x04002D94	StardewValley.Minigames.TargetGame+Target	middleLane	Public, Static
0x04002D95	StardewValley.Minigames.TargetGame+Target	farLane	Public, Static
0x04002D96	StardewValley.Minigames.TargetGame+Target	superNearLane	Public, Static
0x04002D97	StardewValley.Minigames.TargetGame+Target	behindLane	Public, Static
0x04002D98	StardewValley.Minigames.TargetGame+Target	pauseFarRight	Public, Static
0x04002D99	StardewValley.Minigames.TargetGame+Target	pauseRight	Public, Static
0x04002D9A	StardewValley.Minigames.TargetGame+Target	pauseMiddleRight	Public, Static
0x04002D9B	StardewValley.Minigames.TargetGame+Target	pauseMiddleLeft	Public, Static
0x04002D9C	StardewValley.Minigames.TargetGame+Target	pauseLeft	Public, Static
0x04002D9D	StardewValley.Minigames.TargetGame+Target	pauseFarLeft	Public, Static
0x04002D9E	StardewValley.Minigames.TargetGame+Target	Position	Public
0x04002D9F	StardewValley.Minigames.TargetGame+Target	targetType	Private
0x04002DA0	StardewValley.Minigames.TargetGame+Target	countdownBeforeSpawn	Private
0x04002DA1	StardewValley.Minigames.TargetGame+Target	xPausePosition	Private
0x04002DA2	StardewValley.Minigames.TargetGame+Target	xPauseTime	Private
0x04002DA3	StardewValley.Minigames.TargetGame+Target	speed	Private
0x04002DA4	StardewValley.Minigames.TargetGame+Target	spawned	Private
0x04002DA5	StardewValley.Minigames.TargetGame+Target	atPausePosition	Private
0x04002DA6	StardewValley.Minigames.TargetGame+Target	sourceRect	Private
0x04002DA7	StardewValley.Minigames.TargetGame+<>c__DisplayClass15_0	time	Public
0x04002DA8	StardewValley.Minigames.TargetGame+<>c__DisplayClass15_0	<>4__this	Public
0x04002DA9	StardewValley.Menus.AdvancedGameOptions+<>c	<>9	Public, Static, InitOnly
0x04002DAA	StardewValley.Menus.AdvancedGameOptions+<>c	<>9__25_0	Public, Static
0x04002DAB	StardewValley.Menus.AdvancedGameOptions+<>c	<>9__25_1	Public, Static
0x04002DAC	StardewValley.Menus.AdvancedGameOptions+<>c	<>9__25_2	Public, Static
0x04002DAD	StardewValley.Menus.AdvancedGameOptions+<>c	<>9__25_3	Public, Static
0x04002DAE	StardewValley.Menus.AdvancedGameOptions+<>c	<>9__25_4	Public, Static
0x04002DAF	StardewValley.Menus.AdvancedGameOptions+<>c	<>9__25_5	Public, Static
0x04002DB0	StardewValley.Menus.AdvancedGameOptions+<>c	<>9__25_8	Public, Static
0x04002DB1	StardewValley.Menus.AdvancedGameOptions+<>c	<>9__25_9	Public, Static
0x04002DB2	StardewValley.Menus.AdvancedGameOptions+<>c	<>9__25_10	Public, Static
0x04002DB3	StardewValley.Menus.AdvancedGameOptions+<>c	<>9__25_11	Public, Static
0x04002DB4	StardewValley.Menus.AdvancedGameOptions+<>c	<>9__25_12	Public, Static
0x04002DB5	StardewValley.Menus.AdvancedGameOptions+<>c	<>9__25_13	Public, Static
0x04002DB6	StardewValley.Menus.AdvancedGameOptions+<>c	<>9__25_14	Public, Static
0x04002DB7	StardewValley.Menus.AdvancedGameOptions+<>c	<>9__25_15	Public, Static
0x04002DB8	StardewValley.Menus.AdvancedGameOptions+<>c	<>9__25_16	Public, Static
0x04002DB9	StardewValley.Menus.AdvancedGameOptions+<>c	<>9__25_17	Public, Static
0x04002DBA	StardewValley.Menus.AdvancedGameOptions+<>c	<>9__25_18	Public, Static
0x04002DBB	StardewValley.Menus.AdvancedGameOptions+<>c__DisplayClass28_0	set	Public
0x04002DBC	StardewValley.Menus.AdvancedGameOptions+<>c__DisplayClass28_0	option_element	Public
0x04002DBD	StardewValley.Menus.AdvancedGameOptions+<>c__DisplayClass29_0`1	set	Public
0x04002DBE	StardewValley.Menus.AdvancedGameOptions+<>c__DisplayClass29_0`1	dropdown_options	Public
0x04002DBF	StardewValley.Menus.AdvancedGameOptions+<>c__DisplayClass29_0`1	option_element	Public
0x04002DC0	StardewValley.Menus.AdvancedGameOptions+<>c__DisplayClass30_0	set	Public
0x04002DC1	StardewValley.Menus.AdvancedGameOptions+<>c__DisplayClass30_0	option_element	Public
0x04002DC2	StardewValley.Menus.AnimalPage+AnimalEntry	Animal	Public
0x04002DC3	StardewValley.Menus.AnimalPage+AnimalEntry	InternalName	Public, InitOnly
0x04002DC4	StardewValley.Menus.AnimalPage+AnimalEntry	DisplayName	Public, InitOnly
0x04002DC5	StardewValley.Menus.AnimalPage+AnimalEntry	AnimalType	Public, InitOnly
0x04002DC6	StardewValley.Menus.AnimalPage+AnimalEntry	AnimalBaseType	Public, InitOnly
0x04002DC7	StardewValley.Menus.AnimalPage+AnimalEntry	FriendshipLevel	Public, InitOnly
0x04002DC8	StardewValley.Menus.AnimalPage+AnimalEntry	ReceivedAnimalCracker	Public, InitOnly
0x04002DC9	StardewValley.Menus.AnimalPage+AnimalEntry	WasPetYet	Public, InitOnly
0x04002DCA	StardewValley.Menus.AnimalPage+AnimalEntry	special	Public, InitOnly
0x04002DCB	StardewValley.Menus.AnimalPage+AnimalEntry	Texture	Public
0x04002DCC	StardewValley.Menus.AnimalPage+AnimalEntry	TextureSourceRect	Public
0x04002DCD	StardewValley.Menus.AnimalPage+<>c	<>9	Public, Static, InitOnly
0x04002DCE	StardewValley.Menus.AnimalPage+<>c	<>9__14_0	Public, Static
0x04002DCF	StardewValley.Menus.AnimalPage+<>c	<>9__14_1	Public, Static
0x04002DD0	StardewValley.Menus.AnimalPage+<>c	<>9__14_2	Public, Static
0x04002DD1	StardewValley.Menus.AnimalPage+<>c__DisplayClass15_0	animals	Public
0x04002DD2	StardewValley.Menus.AnimationPreviewTool+<>c	<>9	Public, Static, InitOnly
0x04002DD3	StardewValley.Menus.AnimationPreviewTool+<>c	<>9__8_0	Public, Static
0x04002DD4	StardewValley.Menus.Billboard+BillboardEventType	value__	Public, SpecialName, RTSpecialName
0x04002DD5	StardewValley.Menus.Billboard+BillboardEventType	None	Public, Static, Literal, HasDefault
0x04002DD6	StardewValley.Menus.Billboard+BillboardEventType	Birthday	Public, Static, Literal, HasDefault
0x04002DD7	StardewValley.Menus.Billboard+BillboardEventType	Festival	Public, Static, Literal, HasDefault
0x04002DD8	StardewValley.Menus.Billboard+BillboardEventType	FishingDerby	Public, Static, Literal, HasDefault
0x04002DD9	StardewValley.Menus.Billboard+BillboardEventType	PassiveFestival	Public, Static, Literal, HasDefault
0x04002DDA	StardewValley.Menus.Billboard+BillboardEventType	Wedding	Public, Static, Literal, HasDefault
0x04002DDB	StardewValley.Menus.Billboard+BillboardEventType	Bookseller	Public, Static, Literal, HasDefault
0x04002DDC	StardewValley.Menus.Billboard+BillboardDay	<Type>k__BackingField	Private, InitOnly
0x04002DDD	StardewValley.Menus.Billboard+BillboardDay	<Events>k__BackingField	Private, InitOnly
0x04002DDE	StardewValley.Menus.Billboard+BillboardDay	<HoverText>k__BackingField	Private, InitOnly
0x04002DDF	StardewValley.Menus.Billboard+BillboardDay	<Texture>k__BackingField	Private, InitOnly
0x04002DE0	StardewValley.Menus.Billboard+BillboardDay	<TextureSourceRect>k__BackingField	Private, InitOnly
0x04002DE1	StardewValley.Menus.Billboard+BillboardEvent	<Type>k__BackingField	Private, InitOnly
0x04002DE2	StardewValley.Menus.Billboard+BillboardEvent	<Arguments>k__BackingField	Private, InitOnly
0x04002DE3	StardewValley.Menus.Billboard+BillboardEvent	<DisplayName>k__BackingField	Private, InitOnly
0x04002DE4	StardewValley.Menus.Billboard+BillboardEvent	<Texture>k__BackingField	Private, InitOnly
0x04002DE5	StardewValley.Menus.Billboard+BillboardEvent	<TextureSourceRect>k__BackingField	Private, InitOnly
0x04002DE6	StardewValley.Menus.Billboard+BillboardEvent	locked	Public
0x04002DE7	StardewValley.Menus.Billboard+<>c__DisplayClass11_0	addedBirthdays	Public
0x04002DE8	StardewValley.Menus.Billboard+<>c__DisplayClass11_0	birthdays	Public
0x04002DE9	StardewValley.Menus.BuffsDisplay+<>c	<>9	Public, Static, InitOnly
0x04002DEA	StardewValley.Menus.BuffsDisplay+<>c	<>9__15_0	Public, Static
0x04002DEB	StardewValley.Menus.BuffsDisplay+<>c	<>9__15_1	Public, Static
0x04002DEC	StardewValley.Menus.BuffsDisplay+<getClickableComponents>d__19	<>1__state	Private
0x04002DED	StardewValley.Menus.BuffsDisplay+<getClickableComponents>d__19	<>2__current	Private
0x04002DEE	StardewValley.Menus.BuffsDisplay+<getClickableComponents>d__19	<>l__initialThreadId	Private
0x04002DEF	StardewValley.Menus.BuffsDisplay+<getClickableComponents>d__19	buff	Private
0x04002DF0	StardewValley.Menus.BuffsDisplay+<getClickableComponents>d__19	<>3__buff	Public
0x04002DF1	StardewValley.Menus.BuffsDisplay+<getClickableComponents>d__19	<>4__this	Public
0x04002DF2	StardewValley.Menus.BuffsDisplay+<getClickableComponents>d__19	<>7__wrap1	Private
0x04002DF3	StardewValley.Menus.BuildingPaintMenu+RegionData	<Id>k__BackingField	Private, InitOnly
0x04002DF4	StardewValley.Menus.BuildingPaintMenu+RegionData	<DisplayName>k__BackingField	Private, InitOnly
0x04002DF5	StardewValley.Menus.BuildingPaintMenu+RegionData	<MinBrightness>k__BackingField	Private, InitOnly
0x04002DF6	StardewValley.Menus.BuildingPaintMenu+RegionData	<MaxBrightness>k__BackingField	Private, InitOnly
0x04002DF7	StardewValley.Menus.BuildingPaintMenu+ColorSliderPanel	buildingPaintMenu	Public
0x04002DF8	StardewValley.Menus.BuildingPaintMenu+ColorSliderPanel	regionIndex	Public
0x04002DF9	StardewValley.Menus.BuildingPaintMenu+ColorSliderPanel	regionId	Public
0x04002DFA	StardewValley.Menus.BuildingPaintMenu+ColorSliderPanel	rectangle	Public
0x04002DFB	StardewValley.Menus.BuildingPaintMenu+ColorSliderPanel	colorDrawPosition	Public
0x04002DFC	StardewValley.Menus.BuildingPaintMenu+ColorSliderPanel	colors	Public
0x04002DFD	StardewValley.Menus.BuildingPaintMenu+ColorSliderPanel	selectedColor	Public
0x04002DFE	StardewValley.Menus.BuildingPaintMenu+ColorSliderPanel	hueSlider	Public
0x04002DFF	StardewValley.Menus.BuildingPaintMenu+ColorSliderPanel	saturationSlider	Public
0x04002E00	StardewValley.Menus.BuildingPaintMenu+ColorSliderPanel	lightnessSlider	Public
0x04002E01	StardewValley.Menus.BuildingPaintMenu+ColorSliderPanel	minimumBrightness	Public
0x04002E02	StardewValley.Menus.BuildingPaintMenu+ColorSliderPanel	maximumBrightness	Public
0x04002E03	StardewValley.Menus.BuildingPaintMenu+BuildingColorSlider	handle	Public
0x04002E04	StardewValley.Menus.BuildingPaintMenu+BuildingColorSlider	buildingPaintMenu	Public
0x04002E05	StardewValley.Menus.BuildingPaintMenu+BuildingColorSlider	bounds	Public
0x04002E06	StardewValley.Menus.BuildingPaintMenu+BuildingColorSlider	_sliderPosition	Family
0x04002E07	StardewValley.Menus.BuildingPaintMenu+BuildingColorSlider	min	Public
0x04002E08	StardewValley.Menus.BuildingPaintMenu+BuildingColorSlider	max	Public
0x04002E09	StardewValley.Menus.BuildingPaintMenu+BuildingColorSlider	onValueSet	Public
0x04002E0A	StardewValley.Menus.BuildingPaintMenu+BuildingColorSlider	getDrawColor	Public
0x04002E0B	StardewValley.Menus.BuildingPaintMenu+BuildingColorSlider	_displayedValue	Family
0x04002E0C	StardewValley.Menus.BuildingSkinMenu+SkinEntry	Index	Public
0x04002E0D	StardewValley.Menus.BuildingSkinMenu+SkinEntry	Id	Public, InitOnly
0x04002E0E	StardewValley.Menus.BuildingSkinMenu+SkinEntry	DisplayName	Public, InitOnly
0x04002E0F	StardewValley.Menus.BuildingSkinMenu+SkinEntry	Description	Public, InitOnly
0x04002E10	StardewValley.Menus.BuildingSkinMenu+SkinEntry	Data	Public, InitOnly
0x04002E11	StardewValley.Menus.CarpenterMenu+CarpentryAction	value__	Public, SpecialName, RTSpecialName
0x04002E12	StardewValley.Menus.CarpenterMenu+CarpentryAction	None	Public, Static, Literal, HasDefault
0x04002E13	StardewValley.Menus.CarpenterMenu+CarpentryAction	Demolish	Public, Static, Literal, HasDefault
0x04002E14	StardewValley.Menus.CarpenterMenu+CarpentryAction	Move	Public, Static, Literal, HasDefault
0x04002E15	StardewValley.Menus.CarpenterMenu+CarpentryAction	Paint	Public, Static, Literal, HasDefault
0x04002E16	StardewValley.Menus.CarpenterMenu+CarpentryAction	Upgrade	Public, Static, Literal, HasDefault
0x04002E17	StardewValley.Menus.CarpenterMenu+BlueprintEntry	<Index>k__BackingField	Private, InitOnly
0x04002E18	StardewValley.Menus.CarpenterMenu+BlueprintEntry	<Id>k__BackingField	Private, InitOnly
0x04002E19	StardewValley.Menus.CarpenterMenu+BlueprintEntry	<Data>k__BackingField	Private, InitOnly
0x04002E1A	StardewValley.Menus.CarpenterMenu+BlueprintEntry	<Skin>k__BackingField	Private
0x04002E1B	StardewValley.Menus.CarpenterMenu+BlueprintEntry	<DisplayName>k__BackingField	Private
0x04002E1C	StardewValley.Menus.CarpenterMenu+BlueprintEntry	<DisplayNameForGeneralType>k__BackingField	Private
0x04002E1D	StardewValley.Menus.CarpenterMenu+BlueprintEntry	<TokenizedDisplayName>k__BackingField	Private
0x04002E1E	StardewValley.Menus.CarpenterMenu+BlueprintEntry	<TokenizedDisplayNameForGeneralType>k__BackingField	Private
0x04002E1F	StardewValley.Menus.CarpenterMenu+BlueprintEntry	<Description>k__BackingField	Private
0x04002E20	StardewValley.Menus.CarpenterMenu+BlueprintEntry	<TilesWide>k__BackingField	Private, InitOnly
0x04002E21	StardewValley.Menus.CarpenterMenu+BlueprintEntry	<TilesHigh>k__BackingField	Private, InitOnly
0x04002E22	StardewValley.Menus.CarpenterMenu+<>c__DisplayClass58_0	skinMenu	Public
0x04002E23	StardewValley.Menus.CarpenterMenu+<>c__DisplayClass58_0	<>4__this	Public
0x04002E24	StardewValley.Menus.CarpenterMenu+<>c__DisplayClass58_1	destroyed	Public
0x04002E25	StardewValley.Menus.CarpenterMenu+<>c__DisplayClass58_1	farm	Public
0x04002E26	StardewValley.Menus.CarpenterMenu+<>c__DisplayClass58_1	interior	Public
0x04002E27	StardewValley.Menus.CarpenterMenu+<>c__DisplayClass58_1	cabin	Public
0x04002E28	StardewValley.Menus.CarpenterMenu+<>c__DisplayClass58_1	<>4__this	Public
0x04002E29	StardewValley.Menus.CharacterCustomization+Source	value__	Public, SpecialName, RTSpecialName
0x04002E2A	StardewValley.Menus.CharacterCustomization+Source	NewGame	Public, Static, Literal, HasDefault
0x04002E2B	StardewValley.Menus.CharacterCustomization+Source	NewFarmhand	Public, Static, Literal, HasDefault
0x04002E2C	StardewValley.Menus.CharacterCustomization+Source	Wizard	Public, Static, Literal, HasDefault
0x04002E2D	StardewValley.Menus.CharacterCustomization+Source	HostNewFarm	Public, Static, Literal, HasDefault
0x04002E2E	StardewValley.Menus.CharacterCustomization+Source	Dresser	Public, Static, Literal, HasDefault
0x04002E2F	StardewValley.Menus.CharacterCustomization+Source	ClothesDye	Public, Static, Literal, HasDefault
0x04002E30	StardewValley.Menus.CharacterCustomization+Source	DyePots	Public, Static, Literal, HasDefault
0x04002E31	StardewValley.Menus.CharacterCustomization+<>c	<>9	Public, Static, InitOnly
0x04002E32	StardewValley.Menus.CharacterCustomization+<>c	<>9__151_0	Public, Static
0x04002E33	StardewValley.Menus.CharacterCustomization+<>c	<>9__162_0	Public, Static
0x04002E34	StardewValley.Menus.CharacterCustomization+<>c	<>9__163_0	Public, Static
0x04002E35	StardewValley.Menus.ChooseFromIconsMenu+<>c__DisplayClass21_0	time	Public
0x04002E36	StardewValley.Menus.CollectionsPage+<>c	<>9	Public, Static, InitOnly
0x04002E37	StardewValley.Menus.CollectionsPage+<>c	<>9__33_0	Public, Static
0x04002E38	StardewValley.Menus.CollectionsPage+<>c	<>9__33_1	Public, Static
0x04002E39	StardewValley.Menus.CollectionsPage+<>c	<>9__33_2	Public, Static
0x04002E3A	StardewValley.Menus.CoopMenu+Tab	value__	Public, SpecialName, RTSpecialName
0x04002E3B	StardewValley.Menus.CoopMenu+Tab	JOIN_TAB	Public, Static, Literal, HasDefault
0x04002E3C	StardewValley.Menus.CoopMenu+Tab	HOST_TAB	Public, Static, Literal, HasDefault
0x04002E3D	StardewValley.Menus.CoopMenu+CoopMenuSlot	menu	Family
0x04002E3E	StardewValley.Menus.CoopMenu+LabeledSlot	message	Private
0x04002E3F	StardewValley.Menus.CoopMenu+HostNewFarmSlot	_multiplayer	Private
0x04002E40	StardewValley.Menus.CoopMenu+HostFileSlot	menu	Family
0x04002E41	StardewValley.Menus.CoopMenu+HostFileSlot	_multiplayer	Private
0x04002E42	StardewValley.Menus.CoopMenu+FriendFarmData	Lobby	Public
0x04002E43	StardewValley.Menus.CoopMenu+FriendFarmData	OwnerName	Public
0x04002E44	StardewValley.Menus.CoopMenu+FriendFarmData	FarmName	Public
0x04002E45	StardewValley.Menus.CoopMenu+FriendFarmData	FarmType	Public
0x04002E46	StardewValley.Menus.CoopMenu+FriendFarmData	ModFarmType	Public
0x04002E47	StardewValley.Menus.CoopMenu+FriendFarmData	Date	Public
0x04002E48	StardewValley.Menus.CoopMenu+FriendFarmData	PreviouslyJoined	Public
0x04002E49	StardewValley.Menus.CoopMenu+FriendFarmData	ProtocolVersion	Public
0x04002E4A	StardewValley.Menus.CoopMenu+FriendFarmSlot	Farm	Public
0x04002E4B	StardewValley.Menus.CoopMenu+LobbyUpdateCallback	callback	Private
0x04002E4C	StardewValley.Menus.CoopMenu+<>c	<>9	Public, Static, InitOnly
0x04002E4D	StardewValley.Menus.CoopMenu+<>c	<>9__45_0	Public, Static
0x04002E4E	StardewValley.Menus.CraftingPage+<>c	<>9	Public, Static, InitOnly
0x04002E4F	StardewValley.Menus.CraftingPage+<>c	<>9__26_0	Public, Static
0x04002E50	StardewValley.Menus.CraftingPage+<>c__DisplayClass42_0	recipe	Public
0x04002E51	StardewValley.Menus.CraftingPage+<>c__DisplayClass42_0	crafted	Public
0x04002E52	StardewValley.Menus.FarmhandMenu+FarmhandSlot	menu	Family
0x04002E53	StardewValley.Menus.FarmhandMenu+FarmhandSlot	_belongsToAnotherPlayer	Family
0x04002E54	StardewValley.Menus.FarmhandMenu+<>c	<>9	Public, Static, InitOnly
0x04002E55	StardewValley.Menus.FarmhandMenu+<>c	<>9__15_0	Public, Static
0x04002E56	StardewValley.Menus.FieldOfficeMenu+<>c__DisplayClass5_0	<>4__this	Public
0x04002E57	StardewValley.Menus.FieldOfficeMenu+<>c__DisplayClass5_0	office	Public
0x04002E58	StardewValley.Menus.ForgeMenu+CraftState	value__	Public, SpecialName, RTSpecialName
0x04002E59	StardewValley.Menus.ForgeMenu+CraftState	MissingIngredients	Public, Static, Literal, HasDefault
0x04002E5A	StardewValley.Menus.ForgeMenu+CraftState	MissingShards	Public, Static, Literal, HasDefault
0x04002E5B	StardewValley.Menus.ForgeMenu+CraftState	Valid	Public, Static, Literal, HasDefault
0x04002E5C	StardewValley.Menus.ForgeMenu+CraftState	InvalidRecipe	Public, Static, Literal, HasDefault
0x04002E5D	StardewValley.Menus.ForgeMenu+<>c__DisplayClass50_0	time	Public
0x04002E5E	StardewValley.Menus.GeodeMenu+<>c__DisplayClass22_0	time	Public
0x04002E5F	StardewValley.Menus.InventoryMenu+BorderSide	value__	Public, SpecialName, RTSpecialName
0x04002E60	StardewValley.Menus.InventoryMenu+BorderSide	Top	Public, Static, Literal, HasDefault
0x04002E61	StardewValley.Menus.InventoryMenu+BorderSide	Left	Public, Static, Literal, HasDefault
0x04002E62	StardewValley.Menus.InventoryMenu+BorderSide	Right	Public, Static, Literal, HasDefault
0x04002E63	StardewValley.Menus.InventoryMenu+BorderSide	Bottom	Public, Static, Literal, HasDefault
0x04002E64	StardewValley.Menus.InventoryPage+<>c	<>9	Public, Static, InitOnly
0x04002E65	StardewValley.Menus.InventoryPage+<>c	<>9__31_0	Public, Static
0x04002E66	StardewValley.Menus.InventoryPage+<>c	<>9__33_9	Public, Static
0x04002E67	StardewValley.Menus.InventoryPage+<>c	<>9__33_0	Public, Static
0x04002E68	StardewValley.Menus.InventoryPage+<>c	<>9__33_1	Public, Static
0x04002E69	StardewValley.Menus.InventoryPage+<>c	<>9__33_2	Public, Static
0x04002E6A	StardewValley.Menus.InventoryPage+<>c	<>9__33_3	Public, Static
0x04002E6B	StardewValley.Menus.InventoryPage+<>c	<>9__33_4	Public, Static
0x04002E6C	StardewValley.Menus.InventoryPage+<>c	<>9__33_5	Public, Static
0x04002E6D	StardewValley.Menus.InventoryPage+<>c	<>9__33_6	Public, Static
0x04002E6E	StardewValley.Menus.InventoryPage+<>c	<>9__33_7	Public, Static
0x04002E6F	StardewValley.Menus.InventoryPage+<>c	<>9__33_8	Public, Static
0x04002E70	StardewValley.Menus.InventoryPage+<>c__DisplayClass33_0	i	Public
0x04002E71	StardewValley.Menus.InventoryPage+<>c__DisplayClass33_1	i	Public
0x04002E72	StardewValley.Menus.InventoryPage+<>c__DisplayClass33_2	i	Public
0x04002E73	StardewValley.Menus.ItemGrabMenu+TransferredItemSprite	item	Public
0x04002E74	StardewValley.Menus.ItemGrabMenu+TransferredItemSprite	position	Public
0x04002E75	StardewValley.Menus.ItemGrabMenu+TransferredItemSprite	age	Public
0x04002E76	StardewValley.Menus.ItemGrabMenu+TransferredItemSprite	alpha	Public
0x04002E77	StardewValley.Menus.ItemGrabMenu+<>c	<>9	Public, Static, InitOnly
0x04002E78	StardewValley.Menus.ItemGrabMenu+<>c	<>9__67_0	Public, Static
0x04002E79	StardewValley.Menus.ItemGrabMenu+<>c	<>9__67_1	Public, Static
0x04002E7A	StardewValley.Menus.ItemGrabMenu+<>c	<>9__72_1	Public, Static
0x04002E7B	StardewValley.Menus.ItemGrabMenu+<>c__DisplayClass68_0	tools	Public
0x04002E7C	StardewValley.Menus.ItemGrabMenu+<>c__DisplayClass72_0	time	Public
0x04002E7D	StardewValley.Menus.JunimoNoteMenu+<>c	<>9	Public, Static, InitOnly
0x04002E7E	StardewValley.Menus.JunimoNoteMenu+<>c	<>9__59_0	Public, Static
0x04002E7F	StardewValley.Menus.JunimoNoteMenu+<>c__DisplayClass77_0	time	Public
0x04002E80	StardewValley.Menus.LanguageSelectionMenu+LanguageEntry	LanguageCode	Public, InitOnly
0x04002E81	StardewValley.Menus.LanguageSelectionMenu+LanguageEntry	ModLanguage	Public, InitOnly
0x04002E82	StardewValley.Menus.LanguageSelectionMenu+LanguageEntry	Texture	Public, InitOnly
0x04002E83	StardewValley.Menus.LanguageSelectionMenu+LanguageEntry	SpriteIndex	Public, InitOnly
0x04002E84	StardewValley.Menus.LanguageSelectionMenu+<>c	<>9	Public, Static, InitOnly
0x04002E85	StardewValley.Menus.LanguageSelectionMenu+<>c	<>9__8_0	Public, Static
0x04002E86	StardewValley.Menus.LetterViewerMenu+<>c	<>9	Public, Static, InitOnly
0x04002E87	StardewValley.Menus.LetterViewerMenu+<>c	<>9__33_0	Public, Static
0x04002E88	StardewValley.Menus.LevelUpMenu+<>c__DisplayClass47_0	time	Public
0x04002E89	StardewValley.Menus.LoadGameMenu+MenuSlot	ActivateDelay	Public
0x04002E8A	StardewValley.Menus.LoadGameMenu+MenuSlot	menu	Family
0x04002E8B	StardewValley.Menus.LoadGameMenu+SaveFileSlot	Farmer	Public
0x04002E8C	StardewValley.Menus.LoadGameMenu+SaveFileSlot	SlotNumber	Public
0x04002E8D	StardewValley.Menus.LoadGameMenu+SaveFileSlot	redTimer	Public
0x04002E8E	StardewValley.Menus.LoadGameMenu+SaveFileSlot	versionComparison	Public
0x04002E8F	StardewValley.Menus.LoadGameMenu+<>c__DisplayClass42_0	filter	Public
0x04002E90	StardewValley.Menus.LoadGameMenu+<>c__DisplayClass45_0	pathToFile	Public
0x04002E91	StardewValley.Menus.LoadGameMenu+<>c__DisplayClass45_0	pathToSave	Public
0x04002E92	StardewValley.Menus.MapPage+WorldMapDebugLineType	value__	Public, SpecialName, RTSpecialName
0x04002E93	StardewValley.Menus.MapPage+WorldMapDebugLineType	None	Public, Static, Literal, HasDefault
0x04002E94	StardewValley.Menus.MapPage+WorldMapDebugLineType	Areas	Public, Static, Literal, HasDefault
0x04002E95	StardewValley.Menus.MapPage+WorldMapDebugLineType	Positions	Public, Static, Literal, HasDefault
0x04002E96	StardewValley.Menus.MapPage+WorldMapDebugLineType	Tooltips	Public, Static, Literal, HasDefault
0x04002E97	StardewValley.Menus.MapPage+WorldMapDebugLineType	All	Public, Static, Literal, HasDefault
0x04002E98	StardewValley.Menus.MasteryTrackerMenu+<>c	<>9	Public, Static, InitOnly
0x04002E99	StardewValley.Menus.MasteryTrackerMenu+<>c	<>9__13_0	Public, Static
0x04002E9A	StardewValley.Menus.MasteryTrackerMenu+<>c	<>9__13_1	Public, Static
0x04002E9B	StardewValley.Menus.MasteryTrackerMenu+<>c	<>9__13_2	Public, Static
0x04002E9C	StardewValley.Menus.OptionsElement+Style	value__	Public, SpecialName, RTSpecialName
0x04002E9D	StardewValley.Menus.OptionsElement+Style	Default	Public, Static, Literal, HasDefault
0x04002E9E	StardewValley.Menus.OptionsElement+Style	OptionLabel	Public, Static, Literal, HasDefault
0x04002E9F	StardewValley.Menus.OptionsPage+<>c	<>9	Public, Static, InitOnly
0x04002EA0	StardewValley.Menus.OptionsPage+<>c	<>9__13_1	Public, Static
0x04002EA1	StardewValley.Menus.OptionsPage+<>c__DisplayClass13_0	index	Public
0x04002EA2	StardewValley.Menus.OptionsPage+<>c__DisplayClass13_0	<>4__this	Public
0x04002EA3	StardewValley.Menus.OptionsPage+<>c__DisplayClass13_1	e	Public
0x04002EA4	StardewValley.Menus.OptionsPage+<>c__DisplayClass15_0	thisMenu	Public
0x04002EA5	StardewValley.Menus.OptionsPage+<>c__DisplayClass15_0	onConnection	Public
0x04002EA6	StardewValley.Menus.OptionsPage+<>c__DisplayClass17_0	thisMenu	Public
0x04002EA7	StardewValley.Menus.ProfileMenu+ProfileItemCategory	categoryName	Public
0x04002EA8	StardewValley.Menus.ProfileMenu+ProfileItemCategory	validCategories	Public
0x04002EA9	StardewValley.Menus.QuestContainerMenu+ChangeType	value__	Public, SpecialName, RTSpecialName
0x04002EAA	StardewValley.Menus.QuestContainerMenu+ChangeType	None	Public, Static, Literal, HasDefault
0x04002EAB	StardewValley.Menus.QuestContainerMenu+ChangeType	Place	Public, Static, Literal, HasDefault
0x04002EAC	StardewValley.Menus.QuestContainerMenu+ChangeType	Grab	Public, Static, Literal, HasDefault
0x04002EAD	StardewValley.Menus.ShippingMenu+<>c__DisplayClass56_0	time	Public
0x04002EAE	StardewValley.Menus.ShopMenu+ShopCachedTheme	<ThemeData>k__BackingField	Private, InitOnly
0x04002EAF	StardewValley.Menus.ShopMenu+ShopCachedTheme	<WindowBorderTexture>k__BackingField	Private, InitOnly
0x04002EB0	StardewValley.Menus.ShopMenu+ShopCachedTheme	<WindowBorderSourceRect>k__BackingField	Private, InitOnly
0x04002EB1	StardewValley.Menus.ShopMenu+ShopCachedTheme	<PortraitBackgroundTexture>k__BackingField	Private, InitOnly
0x04002EB2	StardewValley.Menus.ShopMenu+ShopCachedTheme	<PortraitBackgroundSourceRect>k__BackingField	Private, InitOnly
0x04002EB3	StardewValley.Menus.ShopMenu+ShopCachedTheme	<DialogueBackgroundTexture>k__BackingField	Private, InitOnly
0x04002EB4	StardewValley.Menus.ShopMenu+ShopCachedTheme	<DialogueBackgroundSourceRect>k__BackingField	Private, InitOnly
0x04002EB5	StardewValley.Menus.ShopMenu+ShopCachedTheme	<DialogueColor>k__BackingField	Private, InitOnly
0x04002EB6	StardewValley.Menus.ShopMenu+ShopCachedTheme	<DialogueShadowColor>k__BackingField	Private, InitOnly
0x04002EB7	StardewValley.Menus.ShopMenu+ShopCachedTheme	<ItemRowBackgroundTexture>k__BackingField	Private, InitOnly
0x04002EB8	StardewValley.Menus.ShopMenu+ShopCachedTheme	<ItemRowBackgroundSourceRect>k__BackingField	Private, InitOnly
0x04002EB9	StardewValley.Menus.ShopMenu+ShopCachedTheme	<ItemRowBackgroundHoverColor>k__BackingField	Private, InitOnly
0x04002EBA	StardewValley.Menus.ShopMenu+ShopCachedTheme	<ItemRowTextColor>k__BackingField	Private, InitOnly
0x04002EBB	StardewValley.Menus.ShopMenu+ShopCachedTheme	<ItemIconBackgroundTexture>k__BackingField	Private, InitOnly
0x04002EBC	StardewValley.Menus.ShopMenu+ShopCachedTheme	<ItemIconBackgroundSourceRect>k__BackingField	Private, InitOnly
0x04002EBD	StardewValley.Menus.ShopMenu+ShopCachedTheme	<ScrollUpTexture>k__BackingField	Private, InitOnly
0x04002EBE	StardewValley.Menus.ShopMenu+ShopCachedTheme	<ScrollUpSourceRect>k__BackingField	Private, InitOnly
0x04002EBF	StardewValley.Menus.ShopMenu+ShopCachedTheme	<ScrollDownTexture>k__BackingField	Private, InitOnly
0x04002EC0	StardewValley.Menus.ShopMenu+ShopCachedTheme	<ScrollDownSourceRect>k__BackingField	Private, InitOnly
0x04002EC1	StardewValley.Menus.ShopMenu+ShopCachedTheme	<ScrollBarFrontTexture>k__BackingField	Private, InitOnly
0x04002EC2	StardewValley.Menus.ShopMenu+ShopCachedTheme	<ScrollBarFrontSourceRect>k__BackingField	Private, InitOnly
0x04002EC3	StardewValley.Menus.ShopMenu+ShopCachedTheme	<ScrollBarBackTexture>k__BackingField	Private, InitOnly
0x04002EC4	StardewValley.Menus.ShopMenu+ShopCachedTheme	<ScrollBarBackSourceRect>k__BackingField	Private, InitOnly
0x04002EC5	StardewValley.Menus.ShopMenu+ShopTabClickableTextureComponent	Filter	Public
0x04002EC6	StardewValley.Menus.ShopMenu+<>c	<>9	Public, Static, InitOnly
0x04002EC7	StardewValley.Menus.ShopMenu+<>c	<>9__52_0	Public, Static
0x04002EC8	StardewValley.Menus.ShopMenu+<>c	<>9__61_0	Public, Static
0x04002EC9	StardewValley.Menus.ShopMenu+<>c	<>9__61_1	Public, Static
0x04002ECA	StardewValley.Menus.ShopMenu+<>c	<>9__61_2	Public, Static
0x04002ECB	StardewValley.Menus.ShopMenu+<>c	<>9__61_3	Public, Static
0x04002ECC	StardewValley.Menus.ShopMenu+<>c	<>9__61_4	Public, Static
0x04002ECD	StardewValley.Menus.ShopMenu+<>c	<>9__61_5	Public, Static
0x04002ECE	StardewValley.Menus.ShopMenu+<>c	<>9__62_0	Public, Static
0x04002ECF	StardewValley.Menus.ShopMenu+<>c	<>9__62_1	Public, Static
0x04002ED0	StardewValley.Menus.ShopMenu+<>c	<>9__62_2	Public, Static
0x04002ED1	StardewValley.Menus.ShopMenu+<>c	<>9__63_0	Public, Static
0x04002ED2	StardewValley.Menus.ShopMenu+<>c	<>9__63_1	Public, Static
0x04002ED3	StardewValley.Menus.ShopMenu+<>c	<>9__63_2	Public, Static
0x04002ED4	StardewValley.Menus.ShopMenu+<>c	<>9__63_3	Public, Static
0x04002ED5	StardewValley.Menus.ShopMenu+<>c	<>9__63_4	Public, Static
0x04002ED6	StardewValley.Menus.ShopMenu+<>c	<>9__63_5	Public, Static
0x04002ED7	StardewValley.Menus.ShopMenu+<>c	<>9__86_0	Public, Static
0x04002ED8	StardewValley.Menus.ShopMenu+<>c__DisplayClass56_0	<>4__this	Public
0x04002ED9	StardewValley.Menus.ShopMenu+<>c__DisplayClass56_0	tickOpened	Public
0x04002EDA	StardewValley.Menus.SocialPage+SocialEntry	CachedIsMarriedToAnyone	Private
0x04002EDB	StardewValley.Menus.SocialPage+SocialEntry	Character	Public
0x04002EDC	StardewValley.Menus.SocialPage+SocialEntry	InternalName	Public, InitOnly
0x04002EDD	StardewValley.Menus.SocialPage+SocialEntry	DisplayName	Public, InitOnly
0x04002EDE	StardewValley.Menus.SocialPage+SocialEntry	IsMet	Public, InitOnly
0x04002EDF	StardewValley.Menus.SocialPage+SocialEntry	IsDatable	Public, InitOnly
0x04002EE0	StardewValley.Menus.SocialPage+SocialEntry	SocialTabBehavior	Public, InitOnly
0x04002EE1	StardewValley.Menus.SocialPage+SocialEntry	IsChild	Public, InitOnly
0x04002EE2	StardewValley.Menus.SocialPage+SocialEntry	IsPlayer	Public, InitOnly
0x04002EE3	StardewValley.Menus.SocialPage+SocialEntry	Gender	Public, InitOnly
0x04002EE4	StardewValley.Menus.SocialPage+SocialEntry	HeartLevel	Public, InitOnly
0x04002EE5	StardewValley.Menus.SocialPage+SocialEntry	Friendship	Public, InitOnly
0x04002EE6	StardewValley.Menus.SocialPage+SocialEntry	Data	Public, InitOnly
0x04002EE7	StardewValley.Menus.SocialPage+SocialEntry	OrderMet	Public
0x04002EE8	StardewValley.Menus.SocialPage+<>c	<>9	Public, Static, InitOnly
0x04002EE9	StardewValley.Menus.SocialPage+<>c	<>9__12_0	Public, Static
0x04002EEA	StardewValley.Menus.SocialPage+<>c	<>9__14_0	Public, Static
0x04002EEB	StardewValley.Menus.SocialPage+<>c	<>9__14_1	Public, Static
0x04002EEC	StardewValley.Menus.SocialPage+<>c	<>9__14_2	Public, Static
0x04002EED	StardewValley.Menus.SocialPage+<>c	<>9__14_3	Public, Static
0x04002EEE	StardewValley.Menus.SocialPage+<>c__DisplayClass15_0	found	Public
0x04002EEF	StardewValley.Menus.SocialPage+<>c__DisplayClass15_0	nonSocial	Public
0x04002EF0	StardewValley.Menus.SocialPage+<>c__DisplayClass33_0	cached_slot_position	Public
0x04002EF1	StardewValley.Menus.SocialPage+<>c__DisplayClass33_0	profileMenu	Public
0x04002EF2	StardewValley.Menus.SpecialCurrencyDisplay+CurrencyDisplayType	key	Public
0x04002EF3	StardewValley.Menus.SpecialCurrencyDisplay+CurrencyDisplayType	field	Public
0x04002EF4	StardewValley.Menus.SpecialCurrencyDisplay+CurrencyDisplayType	playSound	Public
0x04002EF5	StardewValley.Menus.SpecialCurrencyDisplay+CurrencyDisplayType	drawIcon	Public
0x04002EF6	StardewValley.Menus.SpecialCurrencyDisplay+CurrencyRenderInfo	currency	Public
0x04002EF7	StardewValley.Menus.SpecialCurrencyDisplay+CurrencyRenderInfo	moneyDial	Public
0x04002EF8	StardewValley.Menus.SpecialCurrencyDisplay+CurrencyRenderInfo	slidePosition	Public
0x04002EF9	StardewValley.Menus.SpecialCurrencyDisplay+CurrencyRenderInfo	keepOpen	Public
0x04002EFA	StardewValley.Menus.SpecialCurrencyDisplay+CurrencyRenderInfo	timeToLive	Public
0x04002EFB	StardewValley.Menus.SpecialCurrencyDisplay+<>c__DisplayClass5_0	<>4__this	Public
0x04002EFC	StardewValley.Menus.SpecialCurrencyDisplay+<>c__DisplayClass5_0	key	Public
0x04002EFD	StardewValley.Menus.SpecialCurrencyDisplay+<>c__DisplayClass7_0	currency	Public
0x04002EFE	StardewValley.Menus.TailoringMenu+CraftState	value__	Public, SpecialName, RTSpecialName
0x04002EFF	StardewValley.Menus.TailoringMenu+CraftState	MissingIngredients	Public, Static, Literal, HasDefault
0x04002F00	StardewValley.Menus.TailoringMenu+CraftState	Valid	Public, Static, Literal, HasDefault
0x04002F01	StardewValley.Menus.TailoringMenu+CraftState	InvalidRecipe	Public, Static, Literal, HasDefault
0x04002F02	StardewValley.Menus.TailoringMenu+CraftState	NotDyeable	Public, Static, Literal, HasDefault
0x04002F03	StardewValley.Menus.TailoringMenu+TailorHighlight	LeftSlot	Public, InitOnly
0x04002F04	StardewValley.Menus.TailoringMenu+TailorHighlight	RightSlot	Public, InitOnly
0x04002F05	StardewValley.Menus.TailoringMenu+TailorHighlight	EquipmentSlot	Public, InitOnly
0x04002F06	StardewValley.Menus.TailoringMenu+TailorHighlight	AnySlot	Public, InitOnly
0x04002F07	StardewValley.Menus.TitleMenu+<>c__DisplayClass123_0	time	Public
0x04002F08	StardewValley.Menus.TitleMenu+<>c__DisplayClass123_0	<>4__this	Public
0x04002F09	StardewValley.Locations.AbandonedJojaMart+<>c	<>9	Public, Static, InitOnly
0x04002F0A	StardewValley.Locations.AbandonedJojaMart+<>c	<>9__5_0	Public, Static
0x04002F0B	StardewValley.Locations.AdventureGuild+<>c__DisplayClass12_0	<>4__this	Public
0x04002F0C	StardewValley.Locations.AdventureGuild+<>c__DisplayClass12_0	rewards	Public
0x04002F0D	StardewValley.Locations.AdventureGuild+<>c__DisplayClass12_0	completedGoals	Public
0x04002F0E	StardewValley.Locations.AdventureGuild+<>c__DisplayClass15_0	<>4__this	Public
0x04002F0F	StardewValley.Locations.AdventureGuild+<>c__DisplayClass15_0	completedGoals	Public
0x04002F10	StardewValley.Locations.Beach+<>c	<>9	Public, Static, InitOnly
0x04002F11	StardewValley.Locations.Beach+<>c	<>9__10_0	Public, Static
0x04002F12	StardewValley.Locations.Beach+<>c	<>9__14_0	Public, Static
0x04002F13	StardewValley.Locations.Beach+<>c	<>9__19_1	Public, Static
0x04002F14	StardewValley.Locations.BoatTunnel+TunnelAnimationState	value__	Public, SpecialName, RTSpecialName
0x04002F15	StardewValley.Locations.BoatTunnel+TunnelAnimationState	Idle	Public, Static, Literal, HasDefault
0x04002F16	StardewValley.Locations.BoatTunnel+TunnelAnimationState	MoveWillyToGate	Public, Static, Literal, HasDefault
0x04002F17	StardewValley.Locations.BoatTunnel+TunnelAnimationState	OpenGate	Public, Static, Literal, HasDefault
0x04002F18	StardewValley.Locations.BoatTunnel+TunnelAnimationState	MoveWillyToCockpit	Public, Static, Literal, HasDefault
0x04002F19	StardewValley.Locations.BoatTunnel+TunnelAnimationState	MoveFarmer	Public, Static, Literal, HasDefault
0x04002F1A	StardewValley.Locations.BoatTunnel+TunnelAnimationState	MovePlank	Public, Static, Literal, HasDefault
0x04002F1B	StardewValley.Locations.BoatTunnel+TunnelAnimationState	CloseGate	Public, Static, Literal, HasDefault
0x04002F1C	StardewValley.Locations.BoatTunnel+TunnelAnimationState	MoveBoat	Public, Static, Literal, HasDefault
0x04002F1D	StardewValley.Locations.BoatTunnel+<>c	<>9	Public, Static, InitOnly
0x04002F1E	StardewValley.Locations.BoatTunnel+<>c	<>9__39_0	Public, Static
0x04002F1F	StardewValley.Locations.BugLand+<>c	<>9	Public, Static, InitOnly
0x04002F20	StardewValley.Locations.BugLand+<>c	<>9__5_0	Public, Static
0x04002F21	StardewValley.Locations.Cabin+<>c	<>9	Public, Static, InitOnly
0x04002F22	StardewValley.Locations.Cabin+<>c	<>9__20_0	Public, Static
0x04002F23	StardewValley.Locations.Cellar+<>c__DisplayClass3_0	<>4__this	Public
0x04002F24	StardewValley.Locations.Cellar+<>c__DisplayClass3_0	target	Public
0x04002F25	StardewValley.Locations.Cellar+<>c__DisplayClass3_0	targetFound	Public
0x04002F26	StardewValley.Locations.CommunityCenter+<>c	<>9	Public, Static, InitOnly
0x04002F27	StardewValley.Locations.CommunityCenter+<>c	<>9__44_0	Public, Static
0x04002F28	StardewValley.Locations.CommunityCenter+<>c	<>9__44_1	Public, Static
0x04002F29	StardewValley.Locations.CommunityCenter+<>c	<>9__44_2	Public, Static
0x04002F2A	StardewValley.Locations.CommunityCenter+<>c	<>9__63_0	Public, Static
0x04002F2B	StardewValley.Locations.CommunityCenter+<>c	<>9__84_0	Public, Static
0x04002F2C	StardewValley.Locations.CommunityCenter+<>c__DisplayClass48_0	area	Public
0x04002F2D	StardewValley.Locations.CommunityCenter+<>c__DisplayClass48_0	<>4__this	Public
0x04002F2E	StardewValley.Locations.DecorationFacade+<>c__DisplayClass12_0	whichRoom	Public
0x04002F2F	StardewValley.Locations.DecorationFacade+<>c__DisplayClass12_0	<>4__this	Public
0x04002F30	StardewValley.Locations.DecorationFacade+<>c__DisplayClass13_0	<>4__this	Public
0x04002F31	StardewValley.Locations.DecorationFacade+<>c__DisplayClass13_0	whichRoom	Public
0x04002F32	StardewValley.Locations.DecorationFacade+<>c__DisplayClass13_0	which	Public
0x04002F33	StardewValley.Locations.DesertFestival+RaceState	value__	Public, SpecialName, RTSpecialName
0x04002F34	StardewValley.Locations.DesertFestival+RaceState	PreRace	Public, Static, Literal, HasDefault
0x04002F35	StardewValley.Locations.DesertFestival+RaceState	StartingLine	Public, Static, Literal, HasDefault
0x04002F36	StardewValley.Locations.DesertFestival+RaceState	Ready	Public, Static, Literal, HasDefault
0x04002F37	StardewValley.Locations.DesertFestival+RaceState	Set	Public, Static, Literal, HasDefault
0x04002F38	StardewValley.Locations.DesertFestival+RaceState	Go	Public, Static, Literal, HasDefault
0x04002F39	StardewValley.Locations.DesertFestival+RaceState	AnnounceWinner	Public, Static, Literal, HasDefault
0x04002F3A	StardewValley.Locations.DesertFestival+RaceState	AnnounceWinner2	Public, Static, Literal, HasDefault
0x04002F3B	StardewValley.Locations.DesertFestival+RaceState	AnnounceWinner3	Public, Static, Literal, HasDefault
0x04002F3C	StardewValley.Locations.DesertFestival+RaceState	AnnounceWinner4	Public, Static, Literal, HasDefault
0x04002F3D	StardewValley.Locations.DesertFestival+RaceState	RaceEnd	Public, Static, Literal, HasDefault
0x04002F3E	StardewValley.Locations.DesertFestival+RaceState	RacesOver	Public, Static, Literal, HasDefault
0x04002F3F	StardewValley.Locations.DesertFestival+<>c	<>9	Public, Static, InitOnly
0x04002F40	StardewValley.Locations.DesertFestival+<>c	<>9__70_2	Public, Static
0x04002F41	StardewValley.Locations.DesertFestival+<>c	<>9__77_0	Public, Static
0x04002F42	StardewValley.Locations.DesertFestival+<>c	<>9__77_11	Public, Static
0x04002F43	StardewValley.Locations.DesertFestival+<>c	<>9__77_3	Public, Static
0x04002F44	StardewValley.Locations.DesertFestival+<>c	<>9__88_0	Public, Static
0x04002F45	StardewValley.Locations.DesertFestival+<>c__DisplayClass63_0	stylist	Public
0x04002F46	StardewValley.Locations.DesertFestival+<>c__DisplayClass63_0	failMessageKey	Public
0x04002F47	StardewValley.Locations.DesertFestival+<>c__DisplayClass77_0	eggPrize	Public
0x04002F48	StardewValley.Locations.DesertFestival+<>c__DisplayClass77_0	extraPrize	Public
0x04002F49	StardewValley.Locations.DesertFestival+<>c__DisplayClass77_0	<>9__7	Public
0x04002F4A	StardewValley.Locations.DesertFestival+<>c__DisplayClass77_1	seed	Public
0x04002F4B	StardewValley.Locations.DesertFestival+<>c__DisplayClass77_1	<>4__this	Public
0x04002F4C	StardewValley.Locations.DesertFestival+<>c__DisplayClass77_1	<>9__10	Public
0x04002F4D	StardewValley.Locations.DesertFestival+<>c__DisplayClass77_2	food	Public
0x04002F4E	StardewValley.Locations.DesertFestival+<>c__DisplayClass77_2	effects	Public
0x04002F4F	StardewValley.Locations.DesertFestival+<>c__DisplayClass96_0	store_data_sheet	Public
0x04002F50	StardewValley.Locations.DesertFestival+<>c__DisplayClass96_0	festival_id	Public
0x04002F51	StardewValley.Locations.DesertFestival+<>c__DisplayClass96_0	day_number	Public
0x04002F52	StardewValley.Locations.Forest+<>c	<>9	Public, Static, InitOnly
0x04002F53	StardewValley.Locations.Forest+<>c	<>9__23_1	Public, Static
0x04002F54	StardewValley.Locations.Forest+<>c	<>9__33_0	Public, Static
0x04002F55	StardewValley.Locations.Forest+<>c	<>9__39_0	Public, Static
0x04002F56	StardewValley.Locations.IslandEast+<>c	<>9	Public, Static, InitOnly
0x04002F57	StardewValley.Locations.IslandEast+<>c	<>9__25_1	Public, Static
0x04002F58	StardewValley.Locations.IslandFarmCave+<>c__DisplayClass14_0	evt	Public
0x04002F59	StardewValley.Locations.IslandFarmCave+<>c__DisplayClass24_0	<>4__this	Public
0x04002F5A	StardewValley.Locations.IslandFarmCave+<>c__DisplayClass24_0	responses	Public
0x04002F5B	StardewValley.Locations.IslandLocation+<>c__DisplayClass21_0	time	Public
0x04002F5C	StardewValley.Locations.IslandNorth+<>c	<>9	Public, Static, InitOnly
0x04002F5D	StardewValley.Locations.IslandNorth+<>c	<>9__21_4	Public, Static
0x04002F5E	StardewValley.Locations.IslandNorth+<>c	<>9__21_5	Public, Static
0x04002F5F	StardewValley.Locations.IslandNorth+<>c	<>9__29_0	Public, Static
0x04002F60	StardewValley.Locations.IslandNorth+<>c	<>9__31_0	Public, Static
0x04002F61	StardewValley.Locations.IslandNorth+<>c__DisplayClass18_0	t	Public
0x04002F62	StardewValley.Locations.IslandNorth+<>c__DisplayClass18_0	<>4__this	Public
0x04002F63	StardewValley.Locations.IslandSecret+<>c	<>9	Public, Static, InitOnly
0x04002F64	StardewValley.Locations.IslandSecret+<>c	<>9__9_0	Public, Static
0x04002F65	StardewValley.Locations.IslandSecret+<>c	<>9__16_1	Public, Static
0x04002F66	StardewValley.Locations.IslandSecret+<>c__DisplayClass8_0	<>4__this	Public
0x04002F67	StardewValley.Locations.IslandSecret+<>c__DisplayClass8_0	who	Public
0x04002F68	StardewValley.Locations.IslandSouth+IslandActivityAssigments	activityTime	Public
0x04002F69	StardewValley.Locations.IslandSouth+IslandActivityAssigments	visitors	Public
0x04002F6A	StardewValley.Locations.IslandSouth+IslandActivityAssigments	currentAssignments	Public
0x04002F6B	StardewValley.Locations.IslandSouth+IslandActivityAssigments	currentAnimationAssignments	Public
0x04002F6C	StardewValley.Locations.IslandSouth+IslandActivityAssigments	random	Public
0x04002F6D	StardewValley.Locations.IslandSouth+IslandActivityAssigments	animationDescriptions	Public
0x04002F6E	StardewValley.Locations.IslandSouth+IslandActivityAssigments	shoreLoungePoints	Public
0x04002F6F	StardewValley.Locations.IslandSouth+IslandActivityAssigments	chairPoints	Public
0x04002F70	StardewValley.Locations.IslandSouth+IslandActivityAssigments	umbrellaPoints	Public
0x04002F71	StardewValley.Locations.IslandSouth+IslandActivityAssigments	towelLoungePoints	Public
0x04002F72	StardewValley.Locations.IslandSouth+IslandActivityAssigments	drinkPoints	Public
0x04002F73	StardewValley.Locations.IslandSouth+IslandActivityAssigments	wanderPoints	Public
0x04002F74	StardewValley.Locations.IslandSouth+<>c__DisplayClass45_0	valid_visitors	Public
0x04002F75	StardewValley.Locations.IslandSouthEastCave+<>c__DisplayClass11_0	who	Public
0x04002F76	StardewValley.Locations.IslandSouthEastCave+<>c__DisplayClass11_0	<>4__this	Public
0x04002F77	StardewValley.Locations.IslandSouthEastCave+<>c__DisplayClass11_0	<>9__1	Public
0x04002F78	StardewValley.Locations.IslandWest+<>c	<>9	Public, Static, InitOnly
0x04002F79	StardewValley.Locations.IslandWest+<>c	<>9__16_6	Public, Static
0x04002F7A	StardewValley.Locations.IslandWest+<>c	<>9__16_7	Public, Static
0x04002F7B	StardewValley.Locations.IslandWest+<>c	<>9__17_0	Public, Static
0x04002F7C	StardewValley.Locations.IslandWest+<>c	<>9__31_0	Public, Static
0x04002F7D	StardewValley.Locations.IslandWest+<>c	<>9__31_1	Public, Static
0x04002F7E	StardewValley.Locations.IslandWest+<>c__DisplayClass20_0	<>4__this	Public
0x04002F7F	StardewValley.Locations.IslandWest+<>c__DisplayClass20_0	who	Public
0x04002F80	StardewValley.Locations.IslandWestCave1+CaveCrystal	tileLocation	Public
0x04002F81	StardewValley.Locations.IslandWestCave1+CaveCrystal	id	Public
0x04002F82	StardewValley.Locations.IslandWestCave1+CaveCrystal	pitch	Public
0x04002F83	StardewValley.Locations.IslandWestCave1+CaveCrystal	color	Public
0x04002F84	StardewValley.Locations.IslandWestCave1+CaveCrystal	currentColor	Public
0x04002F85	StardewValley.Locations.IslandWestCave1+CaveCrystal	shakeTimer	Public
0x04002F86	StardewValley.Locations.IslandWestCave1+CaveCrystal	glowTimer	Public
0x04002F87	StardewValley.Locations.ManorHouse+<>c	<>9	Public, Static, InitOnly
0x04002F88	StardewValley.Locations.ManorHouse+<>c	<>9__11_0	Public, Static
0x04002F89	StardewValley.Locations.ManorHouse+<>c__DisplayClass12_0	<>4__this	Public
0x04002F8A	StardewValley.Locations.ManorHouse+<>c__DisplayClass12_0	recipient	Public
0x04002F8B	StardewValley.Locations.MermaidHouse+<>c__DisplayClass26_0	time	Public
0x04002F8C	StardewValley.Locations.MineShaft+<>c	<>9	Public, Static, InitOnly
0x04002F8D	StardewValley.Locations.MineShaft+<>c	<>9__117_0	Public, Static
0x04002F8E	StardewValley.Locations.MineShaft+<>c	<>9__126_0	Public, Static
0x04002F8F	StardewValley.Locations.MineShaft+<>c	<>9__201_0	Public, Static
0x04002F90	StardewValley.Locations.MineShaft+<>c	<>9__202_0	Public, Static
0x04002F91	StardewValley.Locations.MineShaft+<>c__DisplayClass202_0	disconnectLevels	Public
0x04002F92	StardewValley.Locations.MineShaft+<>c__DisplayClass202_0	maxSkullLevel	Public
0x04002F93	StardewValley.Locations.MineShaft+<>c__DisplayClass202_0	maxMineLevel	Public
0x04002F94	StardewValley.Locations.MineShaft+<>c__DisplayClass202_0	keepUntickedLevels	Public
0x04002F95	StardewValley.Locations.MovieTheater+MovieStates	value__	Public, SpecialName, RTSpecialName
0x04002F96	StardewValley.Locations.MovieTheater+MovieStates	Preshow	Public, Static, Literal, HasDefault
0x04002F97	StardewValley.Locations.MovieTheater+MovieStates	Show	Public, Static, Literal, HasDefault
0x04002F98	StardewValley.Locations.MovieTheater+MovieStates	PostShow	Public, Static, Literal, HasDefault
0x04002F99	StardewValley.Locations.MovieTheater+<>c	<>9	Public, Static, InitOnly
0x04002F9A	StardewValley.Locations.MovieTheater+<>c	<>9__62_1	Public, Static
0x04002F9B	StardewValley.Locations.MovieTheater+<>c	<>9__109_0	Public, Static
0x04002F9C	StardewValley.Locations.MovieTheater+<>c	<>9__109_1	Public, Static
0x04002F9D	StardewValley.Locations.MovieTheater+<>c	<>9__113_0	Public, Static
0x04002F9E	StardewValley.Locations.MovieTheater+<>c__DisplayClass59_0	<>4__this	Public
0x04002F9F	StardewValley.Locations.MovieTheater+<>c__DisplayClass59_0	viewing_event	Public
0x04002FA0	StardewValley.Locations.ShopLocation+<>c	<>9	Public, Static, InitOnly
0x04002FA1	StardewValley.Locations.ShopLocation+<>c	<>9__7_0	Public, Static
0x04002FA2	StardewValley.Locations.ShopLocation+<>c	<>9__7_1	Public, Static
0x04002FA3	StardewValley.Locations.Town+<>c	<>9	Public, Static, InitOnly
0x04002FA4	StardewValley.Locations.Town+<>c	<>9__14_0	Public, Static
0x04002FA5	StardewValley.Locations.VolcanoDungeon+TileNeighbors	value__	Public, SpecialName, RTSpecialName
0x04002FA6	StardewValley.Locations.VolcanoDungeon+TileNeighbors	N	Public, Static, Literal, HasDefault
0x04002FA7	StardewValley.Locations.VolcanoDungeon+TileNeighbors	S	Public, Static, Literal, HasDefault
0x04002FA8	StardewValley.Locations.VolcanoDungeon+TileNeighbors	E	Public, Static, Literal, HasDefault
0x04002FA9	StardewValley.Locations.VolcanoDungeon+TileNeighbors	W	Public, Static, Literal, HasDefault
0x04002FAA	StardewValley.Locations.VolcanoDungeon+TileNeighbors	NW	Public, Static, Literal, HasDefault
0x04002FAB	StardewValley.Locations.VolcanoDungeon+TileNeighbors	NE	Public, Static, Literal, HasDefault
0x04002FAC	StardewValley.Locations.VolcanoDungeon+<>c	<>9	Public, Static, InitOnly
0x04002FAD	StardewValley.Locations.VolcanoDungeon+<>c	<>9__117_0	Public, Static
0x04002FAE	StardewValley.Locations.VolcanoDungeon+<>c	<>9__118_0	Public, Static
0x04002FAF	StardewValley.Locations.VolcanoDungeon+<>c__DisplayClass62_0	<>4__this	Public
0x04002FB0	StardewValley.Locations.VolcanoDungeon+<>c__DisplayClass62_0	set_piece_color	Public
0x04002FB1	StardewValley.Locations.VolcanoDungeon+<>c__DisplayClass75_0	spawn_points	Public
0x04002FB2	StardewValley.Locations.VolcanoDungeon+<>c__DisplayClass75_0	spiker_spawn_points	Public
0x04002FB3	StardewValley.Locations.Woods+<>c	<>9	Public, Static, InitOnly
0x04002FB4	StardewValley.Locations.Woods+<>c	<>9__16_0	Public, Static
0x04002FB5	StardewValley.Locations.Woods+<>c	<>9__22_0	Public, Static
0x04002FB6	StardewValley.Locations.Woods+<>c__DisplayClass10_0	itemsInSave	Public
0x04002FB7	StardewValley.ItemTypeDefinitions.FlooringDataDefinition+<GetAllIds>d__3	<>1__state	Private
0x04002FB8	StardewValley.ItemTypeDefinitions.FlooringDataDefinition+<GetAllIds>d__3	<>2__current	Private
0x04002FB9	StardewValley.ItemTypeDefinitions.FlooringDataDefinition+<GetAllIds>d__3	<>l__initialThreadId	Private
0x04002FBA	StardewValley.ItemTypeDefinitions.FlooringDataDefinition+<GetAllIds>d__3	<i>5__2	Private
0x04002FBB	StardewValley.ItemTypeDefinitions.FlooringDataDefinition+<GetAllIds>d__3	<>7__wrap2	Private
0x04002FBC	StardewValley.ItemTypeDefinitions.FlooringDataDefinition+<GetAllIds>d__3	<set>5__4	Private
0x04002FBD	StardewValley.ItemTypeDefinitions.WallpaperDataDefinition+<GetAllIds>d__3	<>1__state	Private
0x04002FBE	StardewValley.ItemTypeDefinitions.WallpaperDataDefinition+<GetAllIds>d__3	<>2__current	Private
0x04002FBF	StardewValley.ItemTypeDefinitions.WallpaperDataDefinition+<GetAllIds>d__3	<>l__initialThreadId	Private
0x04002FC0	StardewValley.ItemTypeDefinitions.WallpaperDataDefinition+<GetAllIds>d__3	<i>5__2	Private
0x04002FC1	StardewValley.ItemTypeDefinitions.WallpaperDataDefinition+<GetAllIds>d__3	<>7__wrap2	Private
0x04002FC2	StardewValley.ItemTypeDefinitions.WallpaperDataDefinition+<GetAllIds>d__3	<set>5__4	Private
0x04002FC3	StardewValley.Inventories.InventoryIndex+<>c	<>9	Public, Static, InitOnly
0x04002FC4	StardewValley.Inventories.InventoryIndex+<>c	<>9__4_0	Public, Static
0x04002FC5	StardewValley.Inventories.InventoryIndex+<>c	<>9__4_1	Public, Static
0x04002FC6	StardewValley.Internal.ForEachItemHelper+<>c__DisplayClass0_0	handler	Public
0x04002FC7	StardewValley.Internal.ForEachItemHelper+<>c__DisplayClass0_0	canContinue	Public
0x04002FC8	StardewValley.Internal.ForEachItemHelper+<>c__DisplayClass0_1	farmer	Public
0x04002FC9	StardewValley.Internal.ForEachItemHelper+<>c__DisplayClass0_2	toolIndex	Public
0x04002FCA	StardewValley.Internal.ForEachItemHelper+<>c__DisplayClass0_2	CS$<>8__locals1	Public
0x04002FCB	StardewValley.Internal.ForEachItemHelper+<>c__DisplayClass0_3	order	Public
0x04002FCC	StardewValley.Internal.ForEachItemHelper+<>c__DisplayClass1_0	location	Public
0x04002FCD	StardewValley.Internal.ForEachItemHelper+<>c__DisplayClass1_0	shopLocation	Public
0x04002FCE	StardewValley.Internal.ForEachItemHelper+<>c__DisplayClass1_0	<>9__6	Public
0x04002FCF	StardewValley.Internal.ForEachItemHelper+<>c__DisplayClass1_0	<>9__9	Public
0x04002FD0	StardewValley.Internal.ForEachItemHelper+<>c__DisplayClass1_1	character	Public
0x04002FD1	StardewValley.Internal.ForEachItemHelper+<>c__DisplayClass1_1	CS$<>8__locals1	Public
0x04002FD2	StardewValley.Internal.ForEachItemHelper+<>c__DisplayClass1_2	tile	Public
0x04002FD3	StardewValley.Internal.ForEachItemHelper+<>c__DisplayClass1_2	CS$<>8__locals2	Public
0x04002FD4	StardewValley.Internal.ForEachItemHelper+<>c__DisplayClass1_3	obj	Public
0x04002FD5	StardewValley.Internal.ForEachItemHelper+<>c__DisplayClass1_3	CS$<>8__locals3	Public
0x04002FD6	StardewValley.Internal.ForEachItemHelper+<>c__DisplayClass1_4	i	Public
0x04002FD7	StardewValley.Internal.ForEachItemHelper+<>c__DisplayClass1_4	CS$<>8__locals4	Public
0x04002FD8	StardewValley.Internal.ForEachItemHelper+<>c__DisplayClass1_5	d	Public
0x04002FD9	StardewValley.Internal.ForEachItemHelper+<>c__DisplayClass1_5	CS$<>8__locals5	Public
0x04002FDA	StardewValley.Internal.ForEachItemHelper+<>c__DisplayClass2_0`1	remove	Public
0x04002FDB	StardewValley.Internal.ForEachItemHelper+<>c__DisplayClass2_0`1	item	Public
0x04002FDC	StardewValley.Internal.ForEachItemHelper+<>c__DisplayClass2_0`1	replaceWith	Public
0x04002FDD	StardewValley.Internal.ForEachItemHelper+<>c__DisplayClass2_0`1	getParentPath	Public
0x04002FDE	StardewValley.Internal.ForEachItemHelper+<>c__DisplayClass3_0`1	field	Public
0x04002FDF	StardewValley.Internal.ForEachItemHelper+<>c__DisplayClass3_0`1	onChanged	Public
0x04002FE0	StardewValley.Internal.ForEachItemHelper+<>c__DisplayClass3_0`1	oldValue	Public
0x04002FE1	StardewValley.Internal.ForEachItemHelper+<>c__DisplayClass3_0`1	getParentPath	Public
0x04002FE2	StardewValley.Internal.ForEachItemHelper+<>c__DisplayClass4_0`1	getParentPath	Public
0x04002FE3	StardewValley.Internal.ForEachItemHelper+<>c__DisplayClass4_0`1	list	Public
0x04002FE4	StardewValley.Internal.ForEachItemHelper+<>c__DisplayClass4_0`1	leaveNullSlotsOnRemoval	Public
0x04002FE5	StardewValley.Internal.ForEachItemHelper+<>c__DisplayClass4_0`1	onChanged	Public
0x04002FE6	StardewValley.Internal.ForEachItemHelper+<>c__DisplayClass4_1`1	i	Public
0x04002FE7	StardewValley.Internal.ForEachItemHelper+<>c__DisplayClass4_1`1	CS$<>8__locals1	Public
0x04002FE8	StardewValley.Internal.ForEachItemHelper+<>c__DisplayClass4_2`1	oldValue	Public
0x04002FE9	StardewValley.Internal.ForEachItemHelper+<>c__DisplayClass4_2`1	CS$<>8__locals2	Public
0x04002FEA	StardewValley.Internal.ItemQueryResolver+<>c	<>9	Public, Static, InitOnly
0x04002FEB	StardewValley.Internal.ItemQueryResolver+<>c	<>9__5_1	Public, Static
0x04002FEC	StardewValley.Internal.ItemQueryResolver+<>c	<>9__5_2	Public, Static
0x04002FED	StardewValley.Internal.ItemQueryResolver+<>c	<>9__5_3	Public, Static
0x04002FEE	StardewValley.Internal.ItemQueryResolver+<>c__DisplayClass5_0	avoidItemIds	Public
0x04002FEF	StardewValley.Internal.ItemQueryResolver+<>c__DisplayClass5_0	perItemCondition	Public
0x04002FF0	StardewValley.Internal.ItemQueryResolver+<>c__DisplayClass5_0	duplicates	Public
0x04002FF1	StardewValley.Internal.ShopBuilder+<>c	<>9	Public, Static, InitOnly
0x04002FF2	StardewValley.Internal.ShopBuilder+<>c	<>9__6_0	Public, Static
0x04002FF3	StardewValley.Internal.ShopBuilder+<>c__DisplayClass1_0	shopId	Public
0x04002FF4	StardewValley.Internal.ShopBuilder+<>c__DisplayClass1_0	<>9__0	Public
0x04002FF5	StardewValley.Internal.StaticDelegateBuilder+CachedDelegate	CreatedDelegate	Public, InitOnly
0x04002FF6	StardewValley.Internal.StaticDelegateBuilder+CachedDelegate	Error	Public, InitOnly
0x04002FF7	StardewValley.Internal.StaticDelegateBuilder+<>c__1`1	<>9	Public, Static, InitOnly
0x04002FF8	StardewValley.Internal.StaticDelegateBuilder+<>c__1`1	<>9__1_0	Public, Static
0x04002FF9	StardewValley.Extensions.FrameworkExtensions+<GetPoints>d__1	<>1__state	Private
0x04002FFA	StardewValley.Extensions.FrameworkExtensions+<GetPoints>d__1	<>2__current	Private
0x04002FFB	StardewValley.Extensions.FrameworkExtensions+<GetPoints>d__1	<>l__initialThreadId	Private
0x04002FFC	StardewValley.Extensions.FrameworkExtensions+<GetPoints>d__1	rect	Private
0x04002FFD	StardewValley.Extensions.FrameworkExtensions+<GetPoints>d__1	<>3__rect	Public
0x04002FFE	StardewValley.Extensions.FrameworkExtensions+<GetPoints>d__1	<right>5__2	Private
0x04002FFF	StardewValley.Extensions.FrameworkExtensions+<GetPoints>d__1	<bottom>5__3	Private
0x04003000	StardewValley.Extensions.FrameworkExtensions+<GetPoints>d__1	<y>5__4	Private
0x04003001	StardewValley.Extensions.FrameworkExtensions+<GetPoints>d__1	<x>5__5	Private
0x04003002	StardewValley.Extensions.FrameworkExtensions+<GetVectors>d__2	<>1__state	Private
0x04003003	StardewValley.Extensions.FrameworkExtensions+<GetVectors>d__2	<>2__current	Private
0x04003004	StardewValley.Extensions.FrameworkExtensions+<GetVectors>d__2	<>l__initialThreadId	Private
0x04003005	StardewValley.Extensions.FrameworkExtensions+<GetVectors>d__2	rect	Private
0x04003006	StardewValley.Extensions.FrameworkExtensions+<GetVectors>d__2	<>3__rect	Public
0x04003007	StardewValley.Extensions.FrameworkExtensions+<GetVectors>d__2	<right>5__2	Private
0x04003008	StardewValley.Extensions.FrameworkExtensions+<GetVectors>d__2	<bottom>5__3	Private
0x04003009	StardewValley.Extensions.FrameworkExtensions+<GetVectors>d__2	<y>5__4	Private
0x0400300A	StardewValley.Extensions.FrameworkExtensions+<GetVectors>d__2	<x>5__5	Private
0x0400300B	StardewValley.Extensions.ItemRegistryExtensions+<GetAllData>d__0	<>1__state	Private
0x0400300C	StardewValley.Extensions.ItemRegistryExtensions+<GetAllData>d__0	<>2__current	Private
0x0400300D	StardewValley.Extensions.ItemRegistryExtensions+<GetAllData>d__0	<>l__initialThreadId	Private
0x0400300E	StardewValley.Extensions.ItemRegistryExtensions+<GetAllData>d__0	definition	Private
0x0400300F	StardewValley.Extensions.ItemRegistryExtensions+<GetAllData>d__0	<>3__definition	Public
0x04003010	StardewValley.Extensions.ItemRegistryExtensions+<GetAllData>d__0	<>7__wrap1	Private
0x04003011	StardewValley.Events.BirthingEvent+<>c__DisplayClass11_0	<>4__this	Public
0x04003012	StardewValley.Events.BirthingEvent+<>c__DisplayClass11_0	baby	Public
0x04003013	StardewValley.Events.FairyEvent+<>c	<>9	Public, Static, InitOnly
0x04003014	StardewValley.Events.FairyEvent+<>c	<>9__15_0	Public, Static
0x04003015	StardewValley.Events.FairyEvent+<>c	<>9__15_1	Public, Static
0x04003016	StardewValley.Events.FairyEvent+<>c	<>9__15_2	Public, Static
0x04003017	StardewValley.Events.FairyEvent+<>c	<>9__15_3	Public, Static
0x04003018	StardewValley.Events.MovieTheaterScreeningEvent+<>c	<>9	Public, Static, InitOnly
0x04003019	StardewValley.Events.MovieTheaterScreeningEvent+<>c	<>9__8_0	Public, Static
0x0400301A	StardewValley.Events.MovieTheaterScreeningEvent+<>c	<>9__8_1	Public, Static
0x0400301B	StardewValley.Events.MovieTheaterScreeningEvent+<>c	<>9__8_3	Public, Static
0x0400301C	StardewValley.Events.MovieTheaterScreeningEvent+<>c__DisplayClass8_0	theaterRandom	Public
0x0400301D	StardewValley.Events.PlayerCoupleBirthingEvent+<>c	<>9	Public, Static, InitOnly
0x0400301E	StardewValley.Events.PlayerCoupleBirthingEvent+<>c	<>9__15_0	Public, Static
0x0400301F	StardewValley.Events.QuestionEvent+<>c__DisplayClass8_0	<>4__this	Public
0x04003020	StardewValley.Events.QuestionEvent+<>c__DisplayClass8_0	a	Public
0x04003021	StardewValley.Events.WorldChangeEvent+<>c__DisplayClass31_0	targetTile	Public
0x04003022	StardewValley.Events.WorldChangeEvent+<>c__DisplayClass31_0	hole	Public
0x04003023	StardewValley.Events.WorldChangeEvent+<>c__DisplayClass31_0	raccoon	Public
0x04003024	StardewValley.Events.WorldChangeEvent+<>c__DisplayClass31_0	hole2	Public
0x04003025	StardewValley.Events.WorldChangeEvent+<>c__DisplayClass31_0	raccoon2	Public
0x04003026	StardewValley.Events.WorldChangeEvent+<>c__DisplayClass31_0	<>9__3	Public
0x04003027	StardewValley.Events.WorldChangeEvent+<>c__DisplayClass31_0	<>9__2	Public
0x04003028	StardewValley.Events.WorldChangeEvent+<>c__DisplayClass31_0	<>9__5	Public
0x04003029	StardewValley.Events.WorldChangeEvent+<>c__DisplayClass31_0	<>9__4	Public
0x0400302A	StardewValley.Enchantments.BaseEnchantment+<>c__DisplayClass14_0	previousEnchantment	Public
0x0400302B	StardewValley.ConsoleAsync.AsyncOperationManager+<>c__DisplayClass8_0	op	Public
0x0400302C	StardewValley.ConsoleAsync.AsyncOperationManager+<>c__DisplayClass8_0	doneAction	Public
0x0400302D	StardewValley.ConsoleAsync.AsyncOperationManager+<>c__DisplayClass9_0	op	Public
0x0400302E	StardewValley.ConsoleAsync.AsyncOperationManager+<>c__DisplayClass9_0	doneAction	Public
0x0400302F	StardewValley.Characters.Child+<>c	<>9	Public, Static, InitOnly
0x04003030	StardewValley.Characters.Child+<>c	<>9__37_0	Public, Static
0x04003031	StardewValley.Characters.Child+<>c__DisplayClass26_0	<>4__this	Public
0x04003032	StardewValley.Characters.Child+<>c__DisplayClass26_0	who	Public
0x04003033	StardewValley.Characters.Horse+<>c__DisplayClass40_0	<>4__this	Public
0x04003034	StardewValley.Characters.Horse+<>c__DisplayClass40_0	foundLocation	Public
0x04003035	StardewValley.Characters.Horse+<>c__DisplayClass40_0	foundStable	Public
0x04003036	StardewValley.Characters.Horse+<>c__DisplayClass41_0	name	Public
0x04003037	StardewValley.Characters.Horse+<>c__DisplayClass43_0	who	Public
0x04003038	StardewValley.Characters.Horse+<>c__DisplayClass43_0	<>4__this	Public
0x04003039	StardewValley.Characters.Horse+<>c__DisplayClass43_0	l	Public
0x0400303A	StardewValley.Characters.Horse+<>c__DisplayClass43_1	stable	Public
0x0400303B	StardewValley.Characters.Horse+<>c__DisplayClass43_1	CS$<>8__locals1	Public
0x0400303C	StardewValley.Characters.Pet+<>c__DisplayClass59_0	<>4__this	Public
0x0400303D	StardewValley.Characters.Pet+<>c__DisplayClass59_0	l	Public
0x0400303E	StardewValley.Characters.Pet+<>c__DisplayClass60_0	<>4__this	Public
0x0400303F	StardewValley.Characters.Pet+<>c__DisplayClass60_0	contentSound	Public
0x04003040	StardewValley.Characters.Pet+<>c__DisplayClass66_0	<>4__this	Public
0x04003041	StardewValley.Characters.Pet+<>c__DisplayClass66_0	totalWeight	Public
0x04003042	StardewValley.Characters.Raccoon+<>c	<>9	Public, Static, InitOnly
0x04003043	StardewValley.Characters.Raccoon+<>c	<>9__7_4	Public, Static
0x04003044	StardewValley.Characters.Raccoon+<>c	<>9__7_1	Public, Static
0x04003045	StardewValley.Characters.Raccoon+<>c	<>9__9_0	Public, Static
0x04003046	StardewValley.Characters.TrashBear+<>c	<>9	Public, Static, InitOnly
0x04003047	StardewValley.Characters.TrashBear+<>c	<>9__19_0	Public, Static
0x04003048	StardewValley.Buildings.Building+<>c__DisplayClass126_0	data	Public
0x04003049	StardewValley.Buildings.Building+<>c__DisplayClass126_0	nonInstancedLocationAlreadyUsed	Public
0x0400304A	StardewValley.Buildings.Building+<>c__DisplayClass69_0	validChests	Public
0x0400304B	StardewValley.Buildings.Building+<>c__DisplayClass74_0	<>4__this	Public
0x0400304C	StardewValley.Buildings.Building+<>c__DisplayClass74_0	chest	Public
0x0400304D	StardewValley.Buildings.Building+<>c__DisplayClass89_0	destination	Public
0x0400304E	StardewValley.Buildings.Building+<>c__DisplayClass89_0	warp_x	Public
0x0400304F	StardewValley.Buildings.Building+<>c__DisplayClass89_0	warp_y	Public
0x04003050	StardewValley.Buildings.Building+<>c__DisplayClass89_0	who	Public
0x04003051	StardewValley.Buildings.Building+<>c__DisplayClass95_0	action	Public
0x04003052	StardewValley.Buildings.Building+<>c__DisplayClass95_0	<>4__this	Public
0x04003053	StardewValley.Buildings.Building+<>c__DisplayClass96_0	getParentPath	Public
0x04003054	StardewValley.Buildings.Building+<>c__DisplayClass96_0	<>4__this	Public
0x04003055	StardewValley.Buildings.Building+<>c__DisplayClass96_1	chest	Public
0x04003056	StardewValley.Buildings.Building+<>c__DisplayClass96_1	CS$<>8__locals1	Public
0x04003057	StardewValley.Buildings.Building+<>c__DisplayClass97_0	quest_items	Public
0x04003058	StardewValley.Buildings.FishPond+<>c__DisplayClass41_0	selectedOutput	Public
0x04003059	StardewValley.Buildings.FishPond+<>c__DisplayClass41_0	fish	Public
0x0400305A	StardewValley.Buildings.FishPond+<>c__DisplayClass45_0	<>4__this	Public
0x0400305B	StardewValley.Buildings.FishPond+<>c__DisplayClass45_0	who	Public
0x0400305C	StardewValley.Buildings.JunimoHut+<>c__DisplayClass26_0	<>4__this	Public
0x0400305D	StardewValley.Buildings.JunimoHut+<>c__DisplayClass26_0	output	Public
0x0400305E	StardewValley.Buffs.BuffAttributeDisplay+<>c	<>9	Public, Static, InitOnly
0x0400305F	StardewValley.Buffs.BuffAttributeDisplay+<>c	<>9__5_0	Public, Static
0x04003060	StardewValley.Buffs.BuffAttributeDisplay+<>c__DisplayClass5_0	value	Public
0x04003061	StardewValley.Buffs.BuffAttributeDisplay+<>c__DisplayClass5_0	descriptionKey	Public
0x04003062	StardewValley.BellsAndWhistles.ParrotPlatform+TakeoffState	value__	Public, SpecialName, RTSpecialName
0x04003063	StardewValley.BellsAndWhistles.ParrotPlatform+TakeoffState	Idle	Public, Static, Literal, HasDefault
0x04003064	StardewValley.BellsAndWhistles.ParrotPlatform+TakeoffState	Boarding	Public, Static, Literal, HasDefault
0x04003065	StardewValley.BellsAndWhistles.ParrotPlatform+TakeoffState	BeginFlying	Public, Static, Literal, HasDefault
0x04003066	StardewValley.BellsAndWhistles.ParrotPlatform+TakeoffState	Liftoff	Public, Static, Literal, HasDefault
0x04003067	StardewValley.BellsAndWhistles.ParrotPlatform+TakeoffState	Flying	Public, Static, Literal, HasDefault
0x04003068	StardewValley.BellsAndWhistles.ParrotPlatform+TakeoffState	Finished	Public, Static, Literal, HasDefault
0x04003069	StardewValley.BellsAndWhistles.ParrotPlatform+Parrot	position	Public
0x0400306A	StardewValley.BellsAndWhistles.ParrotPlatform+Parrot	anchorPosition	Public
0x0400306B	StardewValley.BellsAndWhistles.ParrotPlatform+Parrot	texture	Public
0x0400306C	StardewValley.BellsAndWhistles.ParrotPlatform+Parrot	_platform	Family
0x0400306D	StardewValley.BellsAndWhistles.ParrotPlatform+Parrot	facingRight	Family
0x0400306E	StardewValley.BellsAndWhistles.ParrotPlatform+Parrot	facingUp	Family
0x0400306F	StardewValley.BellsAndWhistles.ParrotPlatform+Parrot	START_HEIGHT	Public, Static, Literal, HasDefault
0x04003070	StardewValley.BellsAndWhistles.ParrotPlatform+Parrot	END_HEIGHT	Public, Static, Literal, HasDefault
0x04003071	StardewValley.BellsAndWhistles.ParrotPlatform+Parrot	height	Public
0x04003072	StardewValley.BellsAndWhistles.ParrotPlatform+Parrot	flapping	Public
0x04003073	StardewValley.BellsAndWhistles.ParrotPlatform+Parrot	nextFlap	Public
0x04003074	StardewValley.BellsAndWhistles.ParrotPlatform+Parrot	slack	Public
0x04003075	StardewValley.BellsAndWhistles.ParrotPlatform+Parrot	points	Public
0x04003076	StardewValley.BellsAndWhistles.ParrotPlatform+Parrot	swayOffset	Public
0x04003077	StardewValley.BellsAndWhistles.ParrotPlatform+Parrot	liftSpeed	Public
0x04003078	StardewValley.BellsAndWhistles.ParrotPlatform+Parrot	squawkTime	Public
0x04003079	StardewValley.BellsAndWhistles.ParrotUpgradePerch+UpgradeState	value__	Public, SpecialName, RTSpecialName
0x0400307A	StardewValley.BellsAndWhistles.ParrotUpgradePerch+UpgradeState	Idle	Public, Static, Literal, HasDefault
0x0400307B	StardewValley.BellsAndWhistles.ParrotUpgradePerch+UpgradeState	StartBuilding	Public, Static, Literal, HasDefault
0x0400307C	StardewValley.BellsAndWhistles.ParrotUpgradePerch+UpgradeState	Building	Public, Static, Literal, HasDefault
0x0400307D	StardewValley.BellsAndWhistles.ParrotUpgradePerch+UpgradeState	Complete	Public, Static, Literal, HasDefault
0x0400307E	StardewValley.BellsAndWhistles.ParrotUpgradePerch+Parrot	position	Public
0x0400307F	StardewValley.BellsAndWhistles.ParrotUpgradePerch+Parrot	height	Public
0x04003080	StardewValley.BellsAndWhistles.ParrotUpgradePerch+Parrot	_perch	Family
0x04003081	StardewValley.BellsAndWhistles.ParrotUpgradePerch+Parrot	targetPosition	Family
0x04003082	StardewValley.BellsAndWhistles.ParrotUpgradePerch+Parrot	startPosition	Family
0x04003083	StardewValley.BellsAndWhistles.ParrotUpgradePerch+Parrot	texture	Public
0x04003084	StardewValley.BellsAndWhistles.ParrotUpgradePerch+Parrot	bounced	Public
0x04003085	StardewValley.BellsAndWhistles.ParrotUpgradePerch+Parrot	flipped	Public
0x04003086	StardewValley.BellsAndWhistles.ParrotUpgradePerch+Parrot	isPerchedParrot	Public
0x04003087	StardewValley.BellsAndWhistles.ParrotUpgradePerch+Parrot	baseFrame	Private
0x04003088	StardewValley.BellsAndWhistles.ParrotUpgradePerch+Parrot	birdType	Private
0x04003089	StardewValley.BellsAndWhistles.ParrotUpgradePerch+Parrot	flapFrame	Private
0x0400308A	StardewValley.BellsAndWhistles.ParrotUpgradePerch+Parrot	nextFlapTime	Private
0x0400308B	StardewValley.BellsAndWhistles.ParrotUpgradePerch+Parrot	alpha	Public
0x0400308C	StardewValley.BellsAndWhistles.ParrotUpgradePerch+Parrot	moveTime	Public
0x0400308D	StardewValley.BellsAndWhistles.ParrotUpgradePerch+Parrot	moveDuration	Public
0x0400308E	StardewValley.BellsAndWhistles.ParrotUpgradePerch+Parrot	firstBounce	Public
0x0400308F	StardewValley.BellsAndWhistles.ParrotUpgradePerch+Parrot	flyAway	Public
0x04003090	StardewValley.BellsAndWhistles.ParrotUpgradePerch+Parrot	soundBird	Private
0x04003091	StardewValley.BellsAndWhistles.ParrotUpgradePerch+<>c	<>9	Public, Static, InitOnly
0x04003092	StardewValley.BellsAndWhistles.ParrotUpgradePerch+<>c	<>9__42_1	Public, Static
0x04003093	StardewValley.BellsAndWhistles.ParrotUpgradePerch+<>c__DisplayClass49_0	<>4__this	Public
0x04003094	StardewValley.BellsAndWhistles.ParrotUpgradePerch+<>c__DisplayClass49_0	time	Public
0x04003095	StardewValley.BellsAndWhistles.Bird+BirdState	value__	Public, SpecialName, RTSpecialName
0x04003096	StardewValley.BellsAndWhistles.Bird+BirdState	Idle	Public, Static, Literal, HasDefault
0x04003097	StardewValley.BellsAndWhistles.Bird+BirdState	Flying	Public, Static, Literal, HasDefault
0x04003098	StardewValley.BellsAndWhistles.PlayerStatusList+SortMode	value__	Public, SpecialName, RTSpecialName
0x04003099	StardewValley.BellsAndWhistles.PlayerStatusList+SortMode	None	Public, Static, Literal, HasDefault
0x0400309A	StardewValley.BellsAndWhistles.PlayerStatusList+SortMode	NumberSort	Public, Static, Literal, HasDefault
0x0400309B	StardewValley.BellsAndWhistles.PlayerStatusList+SortMode	NumberSortDescending	Public, Static, Literal, HasDefault
0x0400309C	StardewValley.BellsAndWhistles.PlayerStatusList+SortMode	AlphaSort	Public, Static, Literal, HasDefault
0x0400309D	StardewValley.BellsAndWhistles.PlayerStatusList+SortMode	AlphaSortDescending	Public, Static, Literal, HasDefault
0x0400309E	StardewValley.BellsAndWhistles.PlayerStatusList+DisplayMode	value__	Public, SpecialName, RTSpecialName
0x0400309F	StardewValley.BellsAndWhistles.PlayerStatusList+DisplayMode	Text	Public, Static, Literal, HasDefault
0x040030A0	StardewValley.BellsAndWhistles.PlayerStatusList+DisplayMode	LocalizedText	Public, Static, Literal, HasDefault
0x040030A1	StardewValley.BellsAndWhistles.PlayerStatusList+DisplayMode	Icons	Public, Static, Literal, HasDefault
0x040030A2	StardewValley.BellsAndWhistles.PlayerStatusList+VerticalAlignment	value__	Public, SpecialName, RTSpecialName
0x040030A3	StardewValley.BellsAndWhistles.PlayerStatusList+VerticalAlignment	Top	Public, Static, Literal, HasDefault
0x040030A4	StardewValley.BellsAndWhistles.PlayerStatusList+VerticalAlignment	Bottom	Public, Static, Literal, HasDefault
0x040030A5	StardewValley.BellsAndWhistles.PlayerStatusList+HorizontalAlignment	value__	Public, SpecialName, RTSpecialName
0x040030A6	StardewValley.BellsAndWhistles.PlayerStatusList+HorizontalAlignment	Left	Public, Static, Literal, HasDefault
0x040030A7	StardewValley.BellsAndWhistles.PlayerStatusList+HorizontalAlignment	Right	Public, Static, Literal, HasDefault
0x040030A8	StardewValley.BellsAndWhistles.SandDuggy+State	value__	Public, SpecialName, RTSpecialName
0x040030A9	StardewValley.BellsAndWhistles.SandDuggy+State	DigUp	Public, Static, Literal, HasDefault
0x040030AA	StardewValley.BellsAndWhistles.SandDuggy+State	Idle	Public, Static, Literal, HasDefault
0x040030AB	StardewValley.BellsAndWhistles.SandDuggy+State	DigDown	Public, Static, Literal, HasDefault
0x040030AC	StardewValley.BellsAndWhistles.SandDuggy+<>c__DisplayClass18_0	duggy_sprite	Public
0x040030AD	StardewValley.BellsAndWhistles.SandDuggy+<>c__DisplayClass18_0	ground_position	Public
0x040030AE	StardewValley.BellsAndWhistles.SparklingText+<>c__DisplayClass20_0	time	Public
0x040030AF	StardewValley.BellsAndWhistles.SpriteText+ScrollTextAlignment	value__	Public, SpecialName, RTSpecialName
0x040030B0	StardewValley.BellsAndWhistles.SpriteText+ScrollTextAlignment	Left	Public, Static, Literal, HasDefault
0x040030B1	StardewValley.BellsAndWhistles.SpriteText+ScrollTextAlignment	Center	Public, Static, Literal, HasDefault
0x040030B2	StardewValley.BellsAndWhistles.SpriteText+ScrollTextAlignment	Right	Public, Static, Literal, HasDefault
0x040030B3	StardewValley.Audio.SoundsHelper+<>c__DisplayClass12_0	<>4__this	Public
0x040030B4	StardewValley.Audio.SoundsHelper+<>c__DisplayClass12_0	context	Public
0x040030B5	StardewValley.Audio.SoundsHelper+<>c__DisplayClass12_0	location	Public
0x040030B6	StardewValley.Audio.SoundsHelper+<>c__DisplayClass12_0	position	Public
0x040030B7	StardewValley.Audio.SoundsHelper+<>c__DisplayClass12_0	someoneCanHear	Public
0x040030B8	Netcode.NetDictionary`5+PairsCollection+Enumerator	_net	Private, InitOnly
0x040030B9	Netcode.NetDictionary`5+PairsCollection+Enumerator	_enumerator	Private
0x040030BA	Netcode.NetDictionary`5+PairsCollection+Enumerator	_current	Private
0x040030BB	Netcode.NetDictionary`5+PairsCollection+Enumerator	_done	Private
0x040030BC	Netcode.NetDictionary`5+ValuesCollection+Enumerator	_net	Private, InitOnly
0x040030BD	Netcode.NetDictionary`5+ValuesCollection+Enumerator	_enumerator	Private
0x040030BE	Netcode.NetDictionary`5+ValuesCollection+Enumerator	_current	Private
0x040030BF	Netcode.NetDictionary`5+ValuesCollection+Enumerator	_done	Private
0x040030C0	Netcode.NetDictionary`5+KeysCollection+Enumerator	_dict	Private, InitOnly
0x040030C1	Netcode.NetDictionary`5+KeysCollection+Enumerator	_enumerator	Private
0x040030C2	Netcode.NetDictionary`5+KeysCollection+Enumerator	_current	Private
0x040030C3	Netcode.NetDictionary`5+KeysCollection+Enumerator	_done	Private
0x040030C4	Force.DeepCloner.Helpers.DeepCloneState+MiniDictionary+Entry	HashCode	Public
0x040030C5	Force.DeepCloner.Helpers.DeepCloneState+MiniDictionary+Entry	Next	Public
0x040030C6	Force.DeepCloner.Helpers.DeepCloneState+MiniDictionary+Entry	Key	Public
0x040030C7	Force.DeepCloner.Helpers.DeepCloneState+MiniDictionary+Entry	Value	Public
0x040030C8	StardewValley.DebugCommands+DefaultHandlers+<>c	<>9	Public, Static, InitOnly
0x040030C9	StardewValley.DebugCommands+DefaultHandlers+<>c	<>9__5_0	Public, Static
0x040030CA	StardewValley.DebugCommands+DefaultHandlers+<>c	<>9__8_0	Public, Static
0x040030CB	StardewValley.DebugCommands+DefaultHandlers+<>c	<>9__32_0	Public, Static
0x040030CC	StardewValley.DebugCommands+DefaultHandlers+<>c	<>9__46_0	Public, Static
0x040030CD	StardewValley.DebugCommands+DefaultHandlers+<>c	<>9__47_1	Public, Static
0x040030CE	StardewValley.DebugCommands+DefaultHandlers+<>c	<>9__48_0	Public, Static
0x040030CF	StardewValley.DebugCommands+DefaultHandlers+<>c	<>9__68_1	Public, Static
0x040030D0	StardewValley.DebugCommands+DefaultHandlers+<>c	<>9__69_1	Public, Static
0x040030D1	StardewValley.DebugCommands+DefaultHandlers+<>c	<>9__102_1	Public, Static
0x040030D2	StardewValley.DebugCommands+DefaultHandlers+<>c	<>9__102_0	Public, Static
0x040030D3	StardewValley.DebugCommands+DefaultHandlers+<>c	<>9__115_1	Public, Static
0x040030D4	StardewValley.DebugCommands+DefaultHandlers+<>c	<>9__175_0	Public, Static
0x040030D5	StardewValley.DebugCommands+DefaultHandlers+<>c	<>9__175_1	Public, Static
0x040030D6	StardewValley.DebugCommands+DefaultHandlers+<>c	<>9__175_2	Public, Static
0x040030D7	StardewValley.DebugCommands+DefaultHandlers+<>c	<>9__175_3	Public, Static
0x040030D8	StardewValley.DebugCommands+DefaultHandlers+<>c	<>9__175_4	Public, Static
0x040030D9	StardewValley.DebugCommands+DefaultHandlers+<>c	<>9__175_5	Public, Static
0x040030DA	StardewValley.DebugCommands+DefaultHandlers+<>c	<>9__175_6	Public, Static
0x040030DB	StardewValley.DebugCommands+DefaultHandlers+<>c	<>9__175_7	Public, Static
0x040030DC	StardewValley.DebugCommands+DefaultHandlers+<>c	<>9__206_0	Public, Static
0x040030DD	StardewValley.DebugCommands+DefaultHandlers+<>c	<>9__220_0	Public, Static
0x040030DE	StardewValley.DebugCommands+DefaultHandlers+<>c	<>9__220_1	Public, Static
0x040030DF	StardewValley.DebugCommands+DefaultHandlers+<>c	<>9__224_0	Public, Static
0x040030E0	StardewValley.DebugCommands+DefaultHandlers+<>c	<>9__224_1	Public, Static
0x040030E1	StardewValley.DebugCommands+DefaultHandlers+<>c	<>9__263_0	Public, Static
0x040030E2	StardewValley.DebugCommands+DefaultHandlers+<>c__DisplayClass100_0	safeNpcName	Public
0x040030E3	StardewValley.DebugCommands+DefaultHandlers+<>c__DisplayClass100_0	<>9__1	Public
0x040030E4	StardewValley.DebugCommands+DefaultHandlers+<>c__DisplayClass115_0	buildingData	Public
0x040030E5	StardewValley.DebugCommands+DefaultHandlers+<>c__DisplayClass128_0	npcName	Public
0x040030E6	StardewValley.DebugCommands+DefaultHandlers+<>c__DisplayClass128_0	lines	Public
0x040030E7	StardewValley.DebugCommands+DefaultHandlers+<>c__DisplayClass129_0	itemId	Public
0x040030E8	StardewValley.DebugCommands+DefaultHandlers+<>c__DisplayClass129_0	itemNameOrId	Public
0x040030E9	StardewValley.DebugCommands+DefaultHandlers+<>c__DisplayClass129_0	count	Public
0x040030EA	StardewValley.DebugCommands+DefaultHandlers+<>c__DisplayClass129_0	lines	Public
0x040030EB	StardewValley.DebugCommands+DefaultHandlers+<>c__DisplayClass172_0	entry	Public
0x040030EC	StardewValley.DebugCommands+DefaultHandlers+<>c__DisplayClass172_0	assetName	Public
0x040030ED	StardewValley.DebugCommands+DefaultHandlers+<>c__DisplayClass174_0	script	Public
0x040030EE	StardewValley.DebugCommands+DefaultHandlers+<>c__DisplayClass176_0	weddingEvent	Public
0x040030EF	StardewValley.DebugCommands+DefaultHandlers+<>c__DisplayClass180_0	oalType	Public
0x040030F0	StardewValley.DebugCommands+DefaultHandlers+<>c__DisplayClass180_0	log	Public
0x040030F1	StardewValley.DebugCommands+DefaultHandlers+<>c__DisplayClass223_0	log	Public
0x040030F2	StardewValley.DebugCommands+DefaultHandlers+<>c__DisplayClass22_0	animalCount	Public
0x040030F3	StardewValley.DebugCommands+DefaultHandlers+<>c__DisplayClass22_0	locationCount	Public
0x040030F4	StardewValley.DebugCommands+DefaultHandlers+<>c__DisplayClass248_0	npcName	Public
0x040030F5	StardewValley.DebugCommands+DefaultHandlers+<>c__DisplayClass248_0	log	Public
0x040030F6	StardewValley.DebugCommands+DefaultHandlers+<>c__DisplayClass248_0	anyFound	Public
0x040030F7	StardewValley.DebugCommands+DefaultHandlers+<>c__DisplayClass248_1	location	Public
0x040030F8	StardewValley.DebugCommands+DefaultHandlers+<>c__DisplayClass248_1	CS$<>8__locals1	Public
0x040030F9	StardewValley.DebugCommands+DefaultHandlers+<>c__DisplayClass250_0	friendship	Public
0x040030FA	StardewValley.DebugCommands+DefaultHandlers+<>c__DisplayClass264_0	days	Public
0x040030FB	StardewValley.DebugCommands+DefaultHandlers+<>c__DisplayClass26_0	cropId	Public
0x040030FC	StardewValley.DebugCommands+DefaultHandlers+<>c__DisplayClass284_0	playerName	Public
0x040030FD	StardewValley.DebugCommands+DefaultHandlers+<>c__DisplayClass299_0	farmhandMenu	Public
0x040030FE	StardewValley.DebugCommands+DefaultHandlers+<>c__DisplayClass300_0	log	Public
0x040030FF	StardewValley.DebugCommands+DefaultHandlers+<>c__DisplayClass308_0	titleAction	Public
0x04003100	StardewValley.DebugCommands+DefaultHandlers+<>c__DisplayClass47_0	log	Public
0x04003101	StardewValley.DebugCommands+DefaultHandlers+<>c__DisplayClass47_0	fixedAny	Public
0x04003102	StardewValley.DebugCommands+DefaultHandlers+<>c__DisplayClass47_1	animal	Public
0x04003103	StardewValley.DebugCommands+DefaultHandlers+<>c__DisplayClass47_1	<>9__2	Public
0x04003104	StardewValley.DebugCommands+DefaultHandlers+<>c__DisplayClass68_0	breedId	Public
0x04003105	StardewValley.DebugCommands+DefaultHandlers+<>c__DisplayClass69_0	breedId	Public
0x04003106	StardewValley.DebugCommands+DefaultHandlers+<>c__DisplayClass84_0	buildingType	Public
0x04003107	StardewValley.DebugCommands+DefaultHandlers+<>c__DisplayClass86_0	count	Public
0x04003108	StardewValley.Event+DefaultCommands+<>c	<>9	Public, Static, InitOnly
0x04003109	StardewValley.Event+DefaultCommands+<>c	<>9__24_0	Public, Static
0x0400310A	StardewValley.Event+DefaultCommands+<>c	<>9__110_0	Public, Static
0x0400310B	StardewValley.Event+DefaultCommands+<>c__DisplayClass129_0	event	Public
0x0400310C	StardewValley.Event+DefaultCommands+<>c__DisplayClass131_0	tilePixel	Public
0x0400310D	StardewValley.Event+DefaultCommands+<>c__DisplayClass28_0	context	Public
0x0400310E	StardewValley.Event+DefaultCommands+<>c__DisplayClass28_0	tileLocation	Public
0x0400310F	StardewValley.Event+DefaultCommands+<>c__DisplayClass28_0	event	Public
0x04003110	StardewValley.Event+DefaultCommands+<>c__DisplayClass36_0	event	Public
0x04003111	StardewValley.Event+DefaultCommands+<>c__DisplayClass3_0	n	Public
0x04003112	StardewValley.Event+DefaultCommands+<>c__DisplayClass57_0	position	Public
0x04003113	StardewValley.Event+DefaultCommands+<>c__DisplayClass63_0	orderId	Public
0x04003114	StardewValley.Event+DefaultCommands+<>c__DisplayClass83_0	animalHouse	Public
0x04003115	StardewValley.Event+DefaultCommands+<>c__DisplayClass83_0	event	Public
0x04003116	StardewValley.GameStateQuery+Helpers+<>c__DisplayClass7_0	getLevel	Public
0x04003117	StardewValley.GameStateQuery+Helpers+<>c__DisplayClass7_0	minLevel	Public
0x04003118	StardewValley.GameStateQuery+Helpers+<>c__DisplayClass7_0	maxLevel	Public
0x04003119	StardewValley.GameStateQuery+DefaultResolvers+<>c	<>9	Public, Static, InitOnly
0x0400311A	StardewValley.GameStateQuery+DefaultResolvers+<>c	<>9__42_0	Public, Static
0x0400311B	StardewValley.GameStateQuery+DefaultResolvers+<>c	<>9__44_0	Public, Static
0x0400311C	StardewValley.GameStateQuery+DefaultResolvers+<>c	<>9__45_0	Public, Static
0x0400311D	StardewValley.GameStateQuery+DefaultResolvers+<>c	<>9__46_0	Public, Static
0x0400311E	StardewValley.GameStateQuery+DefaultResolvers+<>c	<>9__47_0	Public, Static
0x0400311F	StardewValley.GameStateQuery+DefaultResolvers+<>c	<>9__48_0	Public, Static
0x04003120	StardewValley.GameStateQuery+DefaultResolvers+<>c	<>9__49_0	Public, Static
0x04003121	StardewValley.GameStateQuery+DefaultResolvers+<>c	<>9__50_0	Public, Static
0x04003122	StardewValley.GameStateQuery+DefaultResolvers+<>c	<>9__51_0	Public, Static
0x04003123	StardewValley.GameStateQuery+DefaultResolvers+<>c	<>9__52_0	Public, Static
0x04003124	StardewValley.GameStateQuery+DefaultResolvers+<>c	<>9__53_0	Public, Static
0x04003125	StardewValley.GameStateQuery+DefaultResolvers+<>c	<>9__54_0	Public, Static
0x04003126	StardewValley.GameStateQuery+DefaultResolvers+<>c	<>9__55_0	Public, Static
0x04003127	StardewValley.GameStateQuery+DefaultResolvers+<>c	<>9__60_0	Public, Static
0x04003128	StardewValley.GameStateQuery+DefaultResolvers+<>c	<>9__74_0	Public, Static
0x04003129	StardewValley.GameStateQuery+DefaultResolvers+<>c	<>9__91_0	Public, Static
0x0400312A	StardewValley.GameStateQuery+DefaultResolvers+<>c__DisplayClass0_0	context	Public
0x0400312B	StardewValley.GameStateQuery+DefaultResolvers+<>c__DisplayClass104_0	item	Public
0x0400312C	StardewValley.GameStateQuery+DefaultResolvers+<>c__DisplayClass105_0	item	Public
0x0400312D	StardewValley.GameStateQuery+DefaultResolvers+<>c__DisplayClass107_0	obj	Public
0x0400312E	StardewValley.GameStateQuery+DefaultResolvers+<>c__DisplayClass111_0	item	Public
0x0400312F	StardewValley.GameStateQuery+DefaultResolvers+<>c__DisplayClass13_0	event	Public
0x04003130	StardewValley.GameStateQuery+DefaultResolvers+<>c__DisplayClass17_0	caveType	Public
0x04003131	StardewValley.GameStateQuery+DefaultResolvers+<>c__DisplayClass19_0	farmTypeId	Public
0x04003132	StardewValley.GameStateQuery+DefaultResolvers+<>c__DisplayClass19_0	farmTypeKey	Public
0x04003133	StardewValley.GameStateQuery+DefaultResolvers+<>c__DisplayClass30_0	contextId	Public
0x04003134	StardewValley.GameStateQuery+DefaultResolvers+<>c__DisplayClass36_0	location	Public
0x04003135	StardewValley.GameStateQuery+DefaultResolvers+<>c__DisplayClass37_0	location	Public
0x04003136	StardewValley.GameStateQuery+DefaultResolvers+<>c__DisplayClass38_0	season	Public
0x04003137	StardewValley.GameStateQuery+DefaultResolvers+<>c__DisplayClass3_0	query	Public
0x04003138	StardewValley.GameStateQuery+DefaultResolvers+<>c__DisplayClass40_0	weather	Public
0x04003139	StardewValley.GameStateQuery+DefaultResolvers+<>c__DisplayClass4_0	query	Public
0x0400313A	StardewValley.GameStateQuery+DefaultResolvers+<>c__DisplayClass56_0	minAmount	Public
0x0400313B	StardewValley.GameStateQuery+DefaultResolvers+<>c__DisplayClass56_0	maxAmount	Public
0x0400313C	StardewValley.GameStateQuery+DefaultResolvers+<>c__DisplayClass57_0	minUpgradeLevel	Public
0x0400313D	StardewValley.GameStateQuery+DefaultResolvers+<>c__DisplayClass57_0	maxUpgradeLevel	Public
0x0400313E	StardewValley.GameStateQuery+DefaultResolvers+<>c__DisplayClass58_0	isMale	Public
0x0400313F	StardewValley.GameStateQuery+DefaultResolvers+<>c__DisplayClass59_0	achievementId	Public
0x04003140	StardewValley.GameStateQuery+DefaultResolvers+<>c__DisplayClass61_0	query	Public
0x04003141	StardewValley.GameStateQuery+DefaultResolvers+<>c__DisplayClass61_1	target	Public
0x04003142	StardewValley.GameStateQuery+DefaultResolvers+<>c__DisplayClass62_0	query	Public
0x04003143	StardewValley.GameStateQuery+DefaultResolvers+<>c__DisplayClass62_1	target	Public
0x04003144	StardewValley.GameStateQuery+DefaultResolvers+<>c__DisplayClass63_0	query	Public
0x04003145	StardewValley.GameStateQuery+DefaultResolvers+<>c__DisplayClass63_1	target	Public
0x04003146	StardewValley.GameStateQuery+DefaultResolvers+<>c__DisplayClass64_0	recipeName	Public
0x04003147	StardewValley.GameStateQuery+DefaultResolvers+<>c__DisplayClass65_0	recipeName	Public
0x04003148	StardewValley.GameStateQuery+DefaultResolvers+<>c__DisplayClass66_0	query	Public
0x04003149	StardewValley.GameStateQuery+DefaultResolvers+<>c__DisplayClass66_1	target	Public
0x0400314A	StardewValley.GameStateQuery+DefaultResolvers+<>c__DisplayClass67_0	query	Public
0x0400314B	StardewValley.GameStateQuery+DefaultResolvers+<>c__DisplayClass67_1	target	Public
0x0400314C	StardewValley.GameStateQuery+DefaultResolvers+<>c__DisplayClass68_0	itemId	Public
0x0400314D	StardewValley.GameStateQuery+DefaultResolvers+<>c__DisplayClass68_0	minCount	Public
0x0400314E	StardewValley.GameStateQuery+DefaultResolvers+<>c__DisplayClass68_0	maxCount	Public
0x0400314F	StardewValley.GameStateQuery+DefaultResolvers+<>c__DisplayClass69_0	type	Public
0x04003150	StardewValley.GameStateQuery+DefaultResolvers+<>c__DisplayClass69_0	mailId	Public
0x04003151	StardewValley.GameStateQuery+DefaultResolvers+<>c__DisplayClass70_0	professionId	Public
0x04003152	StardewValley.GameStateQuery+DefaultResolvers+<>c__DisplayClass71_0	query	Public
0x04003153	StardewValley.GameStateQuery+DefaultResolvers+<>c__DisplayClass71_1	target	Public
0x04003154	StardewValley.GameStateQuery+DefaultResolvers+<>c__DisplayClass72_0	noteId	Public
0x04003155	StardewValley.GameStateQuery+DefaultResolvers+<>c__DisplayClass73_0	query	Public
0x04003156	StardewValley.GameStateQuery+DefaultResolvers+<>c__DisplayClass73_1	target	Public
0x04003157	StardewValley.GameStateQuery+DefaultResolvers+<>c__DisplayClass75_0	minLevel	Public
0x04003158	StardewValley.GameStateQuery+DefaultResolvers+<>c__DisplayClass75_0	maxLevel	Public
0x04003159	StardewValley.GameStateQuery+DefaultResolvers+<>c__DisplayClass76_0	query	Public
0x0400315A	StardewValley.GameStateQuery+DefaultResolvers+<>c__DisplayClass77_0	query	Public
0x0400315B	StardewValley.GameStateQuery+DefaultResolvers+<>c__DisplayClass77_1	contextId	Public
0x0400315C	StardewValley.GameStateQuery+DefaultResolvers+<>c__DisplayClass78_0	query	Public
0x0400315D	StardewValley.GameStateQuery+DefaultResolvers+<>c__DisplayClass78_1	target	Public
0x0400315E	StardewValley.GameStateQuery+DefaultResolvers+<>c__DisplayClass79_0	query	Public
0x0400315F	StardewValley.GameStateQuery+DefaultResolvers+<>c__DisplayClass79_1	target	Public
0x04003160	StardewValley.GameStateQuery+DefaultResolvers+<>c__DisplayClass80_0	key	Public
0x04003161	StardewValley.GameStateQuery+DefaultResolvers+<>c__DisplayClass80_0	value	Public
0x04003162	StardewValley.GameStateQuery+DefaultResolvers+<>c__DisplayClass81_0	minAmount	Public
0x04003163	StardewValley.GameStateQuery+DefaultResolvers+<>c__DisplayClass81_0	maxAmount	Public
0x04003164	StardewValley.GameStateQuery+DefaultResolvers+<>c__DisplayClass82_0	itemId	Public
0x04003165	StardewValley.GameStateQuery+DefaultResolvers+<>c__DisplayClass82_0	minShipped	Public
0x04003166	StardewValley.GameStateQuery+DefaultResolvers+<>c__DisplayClass82_0	maxShipped	Public
0x04003167	StardewValley.GameStateQuery+DefaultResolvers+<>c__DisplayClass83_0	query	Public
0x04003168	StardewValley.GameStateQuery+DefaultResolvers+<>c__DisplayClass83_1	target	Public
0x04003169	StardewValley.GameStateQuery+DefaultResolvers+<>c__DisplayClass84_0	query	Public
0x0400316A	StardewValley.GameStateQuery+DefaultResolvers+<>c__DisplayClass84_1	target	Public
0x0400316B	StardewValley.GameStateQuery+DefaultResolvers+<>c__DisplayClass85_0	query	Public
0x0400316C	StardewValley.GameStateQuery+DefaultResolvers+<>c__DisplayClass85_1	target	Public
0x0400316D	StardewValley.GameStateQuery+DefaultResolvers+<>c__DisplayClass86_0	monsterNames	Public
0x0400316E	StardewValley.GameStateQuery+DefaultResolvers+<>c__DisplayClass86_0	min	Public
0x0400316F	StardewValley.GameStateQuery+DefaultResolvers+<>c__DisplayClass86_0	max	Public
0x04003170	StardewValley.GameStateQuery+DefaultResolvers+<>c__DisplayClass87_0	statName	Public
0x04003171	StardewValley.GameStateQuery+DefaultResolvers+<>c__DisplayClass87_0	minValue	Public
0x04003172	StardewValley.GameStateQuery+DefaultResolvers+<>c__DisplayClass87_0	maxValue	Public
0x04003173	StardewValley.GameStateQuery+DefaultResolvers+<>c__DisplayClass88_0	query	Public
0x04003174	StardewValley.GameStateQuery+DefaultResolvers+<>c__DisplayClass88_1	target	Public
0x04003175	StardewValley.GameStateQuery+DefaultResolvers+<>c__DisplayClass89_0	isAny	Public
0x04003176	StardewValley.GameStateQuery+DefaultResolvers+<>c__DisplayClass89_0	minPoints	Public
0x04003177	StardewValley.GameStateQuery+DefaultResolvers+<>c__DisplayClass89_0	maxPoints	Public
0x04003178	StardewValley.GameStateQuery+DefaultResolvers+<>c__DisplayClass89_0	isAnyDateable	Public
0x04003179	StardewValley.GameStateQuery+DefaultResolvers+<>c__DisplayClass89_0	npcName	Public
0x0400317A	StardewValley.GameStateQuery+DefaultResolvers+<>c__DisplayClass90_0	minCount	Public
0x0400317B	StardewValley.GameStateQuery+DefaultResolvers+<>c__DisplayClass90_0	maxCount	Public
0x0400317C	StardewValley.GameStateQuery+DefaultResolvers+<>c__DisplayClass92_0	isAny	Public
0x0400317D	StardewValley.GameStateQuery+DefaultResolvers+<>c__DisplayClass92_0	minHearts	Public
0x0400317E	StardewValley.GameStateQuery+DefaultResolvers+<>c__DisplayClass92_0	maxHearts	Public
0x0400317F	StardewValley.GameStateQuery+DefaultResolvers+<>c__DisplayClass92_0	isAnyDateable	Public
0x04003180	StardewValley.GameStateQuery+DefaultResolvers+<>c__DisplayClass92_0	npcName	Public
0x04003181	StardewValley.GameStateQuery+DefaultResolvers+<>c__DisplayClass93_0	query	Public
0x04003182	StardewValley.GameStateQuery+DefaultResolvers+<>c__DisplayClass93_1	target	Public
0x04003183	StardewValley.GameStateQuery+DefaultResolvers+<>c__DisplayClass94_0	query	Public
0x04003184	StardewValley.GameStateQuery+DefaultResolvers+<>c__DisplayClass94_0	anyNpc	Public
0x04003185	StardewValley.GameStateQuery+DefaultResolvers+<>c__DisplayClass94_0	relationships	Public
0x04003186	StardewValley.GameStateQuery+DefaultResolvers+<>c__DisplayClass94_0	npcName	Public
0x04003187	StardewValley.GameStateQuery+DefaultResolvers+<>c__DisplayClass95_0	context	Public
0x04003188	StardewValley.GameStateQuery+DefaultResolvers+<>c__DisplayClass95_0	targetPlayerKey	Public
0x04003189	StardewValley.GameStateQuery+DefaultResolvers+<>c__DisplayClass95_0	type	Public
0x0400318A	StardewValley.GameStateQuery+DefaultResolvers+<>c__DisplayClass95_0	query	Public
0x0400318B	StardewValley.GameStateQuery+DefaultResolvers+<>c__DisplayClass95_1	fromPlayer	Public
0x0400318C	StardewValley.GameStateQuery+DefaultResolvers+<>c__DisplayClass95_1	CS$<>8__locals1	Public
0x0400318D	StardewValley.GameStateQuery+DefaultResolvers+<>c__DisplayClass96_0	query	Public
0x0400318E	StardewValley.GameStateQuery+DefaultResolvers+<>c__DisplayClass96_1	target	Public
0x0400318F	StardewValley.InteriorDoorDictionary+DoorCollection+Enumerator	_dict	Private, InitOnly
0x04003190	StardewValley.InteriorDoorDictionary+DoorCollection+Enumerator	_enumerator	Private
0x04003191	StardewValley.InteriorDoorDictionary+DoorCollection+Enumerator	_current	Private
0x04003192	StardewValley.InteriorDoorDictionary+DoorCollection+Enumerator	_done	Private
0x04003193	StardewValley.Triggers.TriggerActionManager+DefaultActions+<>c__DisplayClass9_0	orderId	Public
0x04003194	StardewValley.Minigames.CraneGame+GameLogic+GameStates	value__	Public, SpecialName, RTSpecialName
0x04003195	StardewValley.Minigames.CraneGame+GameLogic+GameStates	Setup	Public, Static, Literal, HasDefault
0x04003196	StardewValley.Minigames.CraneGame+GameLogic+GameStates	Idle	Public, Static, Literal, HasDefault
0x04003197	StardewValley.Minigames.CraneGame+GameLogic+GameStates	MoveClawRight	Public, Static, Literal, HasDefault
0x04003198	StardewValley.Minigames.CraneGame+GameLogic+GameStates	WaitForMoveDown	Public, Static, Literal, HasDefault
0x04003199	StardewValley.Minigames.CraneGame+GameLogic+GameStates	MoveClawDown	Public, Static, Literal, HasDefault
0x0400319A	StardewValley.Minigames.CraneGame+GameLogic+GameStates	ClawDescend	Public, Static, Literal, HasDefault
0x0400319B	StardewValley.Minigames.CraneGame+GameLogic+GameStates	ClawAscend	Public, Static, Literal, HasDefault
0x0400319C	StardewValley.Minigames.CraneGame+GameLogic+GameStates	ClawReturn	Public, Static, Literal, HasDefault
0x0400319D	StardewValley.Minigames.CraneGame+GameLogic+GameStates	ClawRelease	Public, Static, Literal, HasDefault
0x0400319E	StardewValley.Minigames.CraneGame+GameLogic+GameStates	ClawReset	Public, Static, Literal, HasDefault
0x0400319F	StardewValley.Minigames.CraneGame+GameLogic+GameStates	EndGame	Public, Static, Literal, HasDefault
0x040031A0	StardewValley.Minigames.CraneGame+GameLogic+<>c	<>9	Public, Static, InitOnly
0x040031A1	StardewValley.Minigames.CraneGame+GameLogic+<>c	<>9__22_0	Public, Static
0x040031A2	StardewValley.Minigames.CraneGame+GameLogic+<>c	<>9__22_2	Public, Static
0x040031A3	StardewValley.Minigames.CraneGame+GameLogic+<>c__DisplayClass22_0	movieData	Public
0x040031A4	StardewValley.Minigames.CraneGame+GameLogic+<>c__DisplayClass22_1	prize	Public
0x040031A5	StardewValley.Minigames.CraneGame+GameLogic+<>c__DisplayClass22_1	CS$<>8__locals1	Public
0x040031A6	StardewValley.Minigames.CraneGame+CraneGameObject+<>c__DisplayClass26_0	drawn_position	Public
0x040031A7	StardewValley.Minigames.CraneGame+CraneGameObject+<>c__DisplayClass26_0	drawn_rotation	Public
0x040031A8	StardewValley.Minigames.CraneGame+CraneGameObject+<>c__DisplayClass26_0	drawn_scale	Public
0x040031A9	StardewValley.Minigames.MineCart+MapJunimo+MoveState	value__	Public, SpecialName, RTSpecialName
0x040031AA	StardewValley.Minigames.MineCart+MapJunimo+MoveState	Idle	Public, Static, Literal, HasDefault
0x040031AB	StardewValley.Minigames.MineCart+MapJunimo+MoveState	Moving	Public, Static, Literal, HasDefault
0x040031AC	StardewValley.Minigames.MineCart+MapJunimo+MoveState	Finished	Public, Static, Literal, HasDefault
0x040031AD	StardewValley.Minigames.MineCart+StraightAwayGenerator+<>c	<>9	Public, Static, InitOnly
0x040031AE	StardewValley.Minigames.MineCart+StraightAwayGenerator+<>c	<>9__17_0	Public, Static
0x040031AF	StardewValley.Minigames.MineCart+BaseTrackGenerator+<>c	<>9	Public, Static, InitOnly
0x040031B0	StardewValley.Minigames.MineCart+BaseTrackGenerator+<>c	<>9__23_0	Public, Static
0x040031B1	StardewValley.Minigames.MineCart+Whale+CurrentState	value__	Public, SpecialName, RTSpecialName
0x040031B2	StardewValley.Minigames.MineCart+Whale+CurrentState	Idle	Public, Static, Literal, HasDefault
0x040031B3	StardewValley.Minigames.MineCart+Whale+CurrentState	OpenMouth	Public, Static, Literal, HasDefault
0x040031B4	StardewValley.Minigames.MineCart+Whale+CurrentState	FireBubbles	Public, Static, Literal, HasDefault
0x040031B5	StardewValley.Minigames.MineCart+Whale+CurrentState	CloseMouth	Public, Static, Literal, HasDefault
0x040031B6	StardewValley.Minigames.MineCart+Track+TrackType	value__	Public, SpecialName, RTSpecialName
0x040031B7	StardewValley.Minigames.MineCart+Track+TrackType	None	Public, Static, Literal, HasDefault
0x040031B8	StardewValley.Minigames.MineCart+Track+TrackType	Straight	Public, Static, Literal, HasDefault
0x040031B9	StardewValley.Minigames.MineCart+Track+TrackType	UpSlope	Public, Static, Literal, HasDefault
0x040031BA	StardewValley.Minigames.MineCart+Track+TrackType	DownSlope	Public, Static, Literal, HasDefault
0x040031BB	StardewValley.Minigames.MineCart+Track+TrackType	IceDownSlope	Public, Static, Literal, HasDefault
0x040031BC	StardewValley.Minigames.MineCart+Track+TrackType	SlimeUpSlope	Public, Static, Literal, HasDefault
0x040031BD	StardewValley.Minigames.MineCart+Track+TrackType	MushroomLeft	Public, Static, Literal, HasDefault
0x040031BE	StardewValley.Minigames.MineCart+Track+TrackType	MushroomMiddle	Public, Static, Literal, HasDefault
0x040031BF	StardewValley.Minigames.MineCart+Track+TrackType	MushroomRight	Public, Static, Literal, HasDefault
0x040031C0	StardewValley.Minigames.TargetGame+Target+<>c__DisplayClass30_0	<>4__this	Public
0x040031C1	StardewValley.Minigames.TargetGame+Target+<>c__DisplayClass30_0	location	Public
0x040031C2	StardewValley.Minigames.TargetGame+Target+<>c__DisplayClass30_0	projectileHit	Public
0x040031C3	StardewValley.Internal.ItemQueryResolver+DefaultResolvers+<>c	<>9	Public, Static, InitOnly
0x040031C4	StardewValley.Internal.ItemQueryResolver+DefaultResolvers+<>c	<>9__14_0	Public, Static
0x040031C5	StardewValley.Internal.ItemQueryResolver+DefaultResolvers+<>c__DisplayClass12_0	random	Public
0x040031C6	StardewValley.Internal.ItemQueryResolver+DefaultResolvers+<>c__DisplayClass12_0	<>9__0	Public
0x040031C7	StardewValley.Internal.ItemQueryResolver+DefaultResolvers+<>c__DisplayClass8_0	context	Public
0x040031C8	StardewValley.Internal.ItemQueryResolver+DefaultResolvers+<ALL_ITEMS>d__0	<>1__state	Private
0x040031C9	StardewValley.Internal.ItemQueryResolver+DefaultResolvers+<ALL_ITEMS>d__0	<>2__current	Private
0x040031CA	StardewValley.Internal.ItemQueryResolver+DefaultResolvers+<ALL_ITEMS>d__0	<>l__initialThreadId	Private
0x040031CB	StardewValley.Internal.ItemQueryResolver+DefaultResolvers+<ALL_ITEMS>d__0	arguments	Private
0x040031CC	StardewValley.Internal.ItemQueryResolver+DefaultResolvers+<ALL_ITEMS>d__0	<>3__arguments	Public
0x040031CD	StardewValley.Internal.ItemQueryResolver+DefaultResolvers+<ALL_ITEMS>d__0	key	Private
0x040031CE	StardewValley.Internal.ItemQueryResolver+DefaultResolvers+<ALL_ITEMS>d__0	<>3__key	Public
0x040031CF	StardewValley.Internal.ItemQueryResolver+DefaultResolvers+<ALL_ITEMS>d__0	logError	Private
0x040031D0	StardewValley.Internal.ItemQueryResolver+DefaultResolvers+<ALL_ITEMS>d__0	<>3__logError	Public
0x040031D1	StardewValley.Internal.ItemQueryResolver+DefaultResolvers+<ALL_ITEMS>d__0	<onlyTypeId>5__2	Private
0x040031D2	StardewValley.Internal.ItemQueryResolver+DefaultResolvers+<ALL_ITEMS>d__0	<isRandomSale>5__3	Private
0x040031D3	StardewValley.Internal.ItemQueryResolver+DefaultResolvers+<ALL_ITEMS>d__0	<requirePrice>5__4	Private
0x040031D4	StardewValley.Internal.ItemQueryResolver+DefaultResolvers+<ALL_ITEMS>d__0	<>7__wrap4	Private
0x040031D5	StardewValley.Internal.ItemQueryResolver+DefaultResolvers+<ALL_ITEMS>d__0	<>7__wrap5	Private
0x040031D6	StardewValley.Internal.ItemQueryResolver+DefaultResolvers+<ALL_ITEMS>d__0	<>7__wrap6	Private
0x040031D7	StardewValley.Internal.ItemQueryResolver+DefaultResolvers+<ITEMS_SOLD_BY_PLAYER>d__4	<>1__state	Private
0x040031D8	StardewValley.Internal.ItemQueryResolver+DefaultResolvers+<ITEMS_SOLD_BY_PLAYER>d__4	<>2__current	Private
0x040031D9	StardewValley.Internal.ItemQueryResolver+DefaultResolvers+<ITEMS_SOLD_BY_PLAYER>d__4	<>l__initialThreadId	Private
0x040031DA	StardewValley.Internal.ItemQueryResolver+DefaultResolvers+<ITEMS_SOLD_BY_PLAYER>d__4	arguments	Private
0x040031DB	StardewValley.Internal.ItemQueryResolver+DefaultResolvers+<ITEMS_SOLD_BY_PLAYER>d__4	<>3__arguments	Public
0x040031DC	StardewValley.Internal.ItemQueryResolver+DefaultResolvers+<ITEMS_SOLD_BY_PLAYER>d__4	key	Private
0x040031DD	StardewValley.Internal.ItemQueryResolver+DefaultResolvers+<ITEMS_SOLD_BY_PLAYER>d__4	<>3__key	Public
0x040031DE	StardewValley.Internal.ItemQueryResolver+DefaultResolvers+<ITEMS_SOLD_BY_PLAYER>d__4	logError	Private
0x040031DF	StardewValley.Internal.ItemQueryResolver+DefaultResolvers+<ITEMS_SOLD_BY_PLAYER>d__4	<>3__logError	Public
0x040031E0	StardewValley.Internal.ItemQueryResolver+DefaultResolvers+<ITEMS_SOLD_BY_PLAYER>d__4	<>7__wrap1	Private
0x040031E1	StardewValley.Internal.ItemQueryResolver+DefaultResolvers+<MONSTER_SLAYER_REWARDS>d__8	<>1__state	Private
0x040031E2	StardewValley.Internal.ItemQueryResolver+DefaultResolvers+<MONSTER_SLAYER_REWARDS>d__8	<>2__current	Private
0x040031E3	StardewValley.Internal.ItemQueryResolver+DefaultResolvers+<MONSTER_SLAYER_REWARDS>d__8	<>l__initialThreadId	Private
0x040031E4	StardewValley.Internal.ItemQueryResolver+DefaultResolvers+<MONSTER_SLAYER_REWARDS>d__8	context	Private
0x040031E5	StardewValley.Internal.ItemQueryResolver+DefaultResolvers+<MONSTER_SLAYER_REWARDS>d__8	<>3__context	Public
0x040031E6	StardewValley.Internal.ItemQueryResolver+DefaultResolvers+<MONSTER_SLAYER_REWARDS>d__8	<monsterSlayerQuestData>5__2	Private
0x040031E7	StardewValley.Internal.ItemQueryResolver+DefaultResolvers+<MONSTER_SLAYER_REWARDS>d__8	<questIds>5__3	Private
0x040031E8	StardewValley.Internal.ItemQueryResolver+DefaultResolvers+<MONSTER_SLAYER_REWARDS>d__8	<>7__wrap3	Private
0x040031E9	StardewValley.Internal.ItemQueryResolver+DefaultResolvers+<MONSTER_SLAYER_REWARDS>d__8	<>7__wrap4	Private
0x040031EA	StardewValley.Internal.ItemQueryResolver+DefaultResolvers+<MONSTER_SLAYER_REWARDS>d__8	<id>5__6	Private
0x040031EB	StardewValley.Internal.ItemQueryResolver+DefaultResolvers+<MOVIE_CONCESSIONS_FOR_GUEST>d__9	<>1__state	Private
0x040031EC	StardewValley.Internal.ItemQueryResolver+DefaultResolvers+<MOVIE_CONCESSIONS_FOR_GUEST>d__9	<>2__current	Private
0x040031ED	StardewValley.Internal.ItemQueryResolver+DefaultResolvers+<MOVIE_CONCESSIONS_FOR_GUEST>d__9	<>l__initialThreadId	Private
0x040031EE	StardewValley.Internal.ItemQueryResolver+DefaultResolvers+<MOVIE_CONCESSIONS_FOR_GUEST>d__9	arguments	Private
0x040031EF	StardewValley.Internal.ItemQueryResolver+DefaultResolvers+<MOVIE_CONCESSIONS_FOR_GUEST>d__9	<>3__arguments	Public
0x040031F0	StardewValley.Internal.ItemQueryResolver+DefaultResolvers+<MOVIE_CONCESSIONS_FOR_GUEST>d__9	<>7__wrap1	Private
0x040031F1	StardewValley.Internal.ItemQueryResolver+DefaultResolvers+<RANDOM_ITEMS>d__12	<>1__state	Private
0x040031F2	StardewValley.Internal.ItemQueryResolver+DefaultResolvers+<RANDOM_ITEMS>d__12	<>2__current	Private
0x040031F3	StardewValley.Internal.ItemQueryResolver+DefaultResolvers+<RANDOM_ITEMS>d__12	<>l__initialThreadId	Private
0x040031F4	StardewValley.Internal.ItemQueryResolver+DefaultResolvers+<RANDOM_ITEMS>d__12	arguments	Private
0x040031F5	StardewValley.Internal.ItemQueryResolver+DefaultResolvers+<RANDOM_ITEMS>d__12	<>3__arguments	Public
0x040031F6	StardewValley.Internal.ItemQueryResolver+DefaultResolvers+<RANDOM_ITEMS>d__12	key	Private
0x040031F7	StardewValley.Internal.ItemQueryResolver+DefaultResolvers+<RANDOM_ITEMS>d__12	<>3__key	Public
0x040031F8	StardewValley.Internal.ItemQueryResolver+DefaultResolvers+<RANDOM_ITEMS>d__12	logError	Private
0x040031F9	StardewValley.Internal.ItemQueryResolver+DefaultResolvers+<RANDOM_ITEMS>d__12	<>3__logError	Public
0x040031FA	StardewValley.Internal.ItemQueryResolver+DefaultResolvers+<RANDOM_ITEMS>d__12	context	Private
0x040031FB	StardewValley.Internal.ItemQueryResolver+DefaultResolvers+<RANDOM_ITEMS>d__12	<>3__context	Public
0x040031FC	StardewValley.Internal.ItemQueryResolver+DefaultResolvers+<RANDOM_ITEMS>d__12	<minId>5__2	Private
0x040031FD	StardewValley.Internal.ItemQueryResolver+DefaultResolvers+<RANDOM_ITEMS>d__12	<maxId>5__3	Private
0x040031FE	StardewValley.Internal.ItemQueryResolver+DefaultResolvers+<RANDOM_ITEMS>d__12	<isRandomSale>5__4	Private
0x040031FF	StardewValley.Internal.ItemQueryResolver+DefaultResolvers+<RANDOM_ITEMS>d__12	<requirePrice>5__5	Private
0x04003200	StardewValley.Internal.ItemQueryResolver+DefaultResolvers+<RANDOM_ITEMS>d__12	<hasRange>5__6	Private
0x04003201	StardewValley.Internal.ItemQueryResolver+DefaultResolvers+<RANDOM_ITEMS>d__12	<>7__wrap6	Private
