index	namespace	type	file	status	error
0		<>f__AnonymousType0`5	_global/__f__AnonymousType0_5.cs	ok	
1		<>f__AnonymousType1`2	_global/__f__AnonymousType1_2.cs	ok	
2		<>f__AnonymousType2`2	_global/__f__AnonymousType2_2.cs	ok	
3		<PrivateImplementationDetails>	_global/_PrivateImplementationDetails_.cs	ok	
4		BigCraftableID	_global/BigCraftableID.cs	ok	
5		DistanceToTarget	_global/DistanceToTarget.cs	ok	
6		DontLoadDefaultSetting	_global/DontLoadDefaultSetting.cs	ok	
7		FrameRateCounter	_global/FrameRateCounter.cs	ok	
8		FurnitureID	_global/FurnitureID.cs	ok	
9		Log	_global/Log.cs	ok	
10		MonoPInvokeCallbackAttribute	_global/MonoPInvokeCallbackAttribute.cs	ok	
11		MouseCursor	_global/MouseCursor.cs	ok	
12		ObjToStr	_global/ObjToStr.cs	ok	
13		ObjectID	_global/ObjectID.cs	ok	
14		RailCaptureVoiceCallback	_global/RailCaptureVoiceCallback.cs	ok	
15		RailEventCallBackFunction	_global/RailEventCallBackFunction.cs	ok	
16		RailEventCallBackHandler	_global/RailEventCallBackHandler.cs	ok	
17		RailWarningMessageCallbackFunction	_global/RailWarningMessageCallbackFunction.cs	ok	
18		TapState	_global/TapState.cs	ok	
19		UTF8Marshaler	_global/UTF8Marshaler.cs	ok	
20		WalkDirection	_global/WalkDirection.cs	ok	
21		WeaponControl	_global/WeaponControl.cs	ok	
22	ContentManifest	CHJsonParser	ContentManifest/CHJsonParser.cs	ok	
23	ContentManifest	ContentHashParser	ContentManifest/ContentHashParser.cs	ok	
24	ContentManifest.Internal	CHArray	ContentManifest.Internal/CHArray.cs	ok	
25	ContentManifest.Internal	CHBoolean	ContentManifest.Internal/CHBoolean.cs	ok	
26	ContentManifest.Internal	CHElement	ContentManifest.Internal/CHElement.cs	ok	
27	ContentManifest.Internal	CHJson	ContentManifest.Internal/CHJson.cs	ok	
28	ContentManifest.Internal	CHJsonParserContext	ContentManifest.Internal/CHJsonParserContext.cs	ok	
29	ContentManifest.Internal	CHNumber	ContentManifest.Internal/CHNumber.cs	ok	
30	ContentManifest.Internal	CHObject	ContentManifest.Internal/CHObject.cs	ok	
31	ContentManifest.Internal	CHParsable	ContentManifest.Internal/CHParsable.cs	ok	
32	ContentManifest.Internal	CHString	ContentManifest.Internal/CHString.cs	ok	
33	ContentManifest.Internal	CHValue	ContentManifest.Internal/CHValue.cs	ok	
34	ContentManifest.Internal	CHValueEnum	ContentManifest.Internal/CHValueEnum.cs	ok	
35	ContentManifest.Internal	CHValueUnion	ContentManifest.Internal/CHValueUnion.cs	ok	
36	Ionic.Crc	CRC32	Ionic.Crc/CRC32.cs	ok	
37	Ionic.Crc	CrcCalculatorStream	Ionic.Crc/CrcCalculatorStream.cs	ok	
38	Ionic.Zlib	Adler	Ionic.Zlib/Adler.cs	ok	
39	Ionic.Zlib	BlockState	Ionic.Zlib/BlockState.cs	ok	
40	Ionic.Zlib	CompressionLevel	Ionic.Zlib/CompressionLevel.cs	ok	
41	Ionic.Zlib	CompressionMode	Ionic.Zlib/CompressionMode.cs	ok	
42	Ionic.Zlib	CompressionStrategy	Ionic.Zlib/CompressionStrategy.cs	ok	
43	Ionic.Zlib	DeflateFlavor	Ionic.Zlib/DeflateFlavor.cs	ok	
44	Ionic.Zlib	DeflateManager	Ionic.Zlib/DeflateManager.cs	ok	
45	Ionic.Zlib	FlushType	Ionic.Zlib/FlushType.cs	ok	
46	Ionic.Zlib	GZipStream	Ionic.Zlib/GZipStream.cs	ok	
47	Ionic.Zlib	InfTree	Ionic.Zlib/InfTree.cs	ok	
48	Ionic.Zlib	InflateBlocks	Ionic.Zlib/InflateBlocks.cs	ok	
49	Ionic.Zlib	InflateCodes	Ionic.Zlib/InflateCodes.cs	ok	
50	Ionic.Zlib	InflateManager	Ionic.Zlib/InflateManager.cs	ok	
51	Ionic.Zlib	InternalConstants	Ionic.Zlib/InternalConstants.cs	ok	
52	Ionic.Zlib	InternalInflateConstants	Ionic.Zlib/InternalInflateConstants.cs	ok	
53	Ionic.Zlib	SharedUtils	Ionic.Zlib/SharedUtils.cs	ok	
54	Ionic.Zlib	StaticTree	Ionic.Zlib/StaticTree.cs	ok	
55	Ionic.Zlib	Tree	Ionic.Zlib/Tree.cs	ok	
56	Ionic.Zlib	ZlibBaseStream	Ionic.Zlib/ZlibBaseStream.cs	ok	
57	Ionic.Zlib	ZlibCodec	Ionic.Zlib/ZlibCodec.cs	ok	
58	Ionic.Zlib	ZlibConstants	Ionic.Zlib/ZlibConstants.cs	ok	
59	Ionic.Zlib	ZlibException	Ionic.Zlib/ZlibException.cs	ok	
60	Ionic.Zlib	ZlibStream	Ionic.Zlib/ZlibStream.cs	ok	
61	Ionic.Zlib	ZlibStreamFlavor	Ionic.Zlib/ZlibStreamFlavor.cs	ok	
62	LWJGL	LZ4	LWJGL/LZ4.cs	ok	
63	Microsoft.Xml.Serialization.GeneratedAssembly	AbandonedJojaMartSerializer	Microsoft.Xml.Serialization.GeneratedAssembly/AbandonedJojaMartSerializer.cs	ok	
64	Microsoft.Xml.Serialization.GeneratedAssembly	AchievementIdsSerializer	Microsoft.Xml.Serialization.GeneratedAssembly/AchievementIdsSerializer.cs	ok	
65	Microsoft.Xml.Serialization.GeneratedAssembly	AdventureGuildSerializer	Microsoft.Xml.Serialization.GeneratedAssembly/AdventureGuildSerializer.cs	ok	
66	Microsoft.Xml.Serialization.GeneratedAssembly	AmethystEnchantmentSerializer	Microsoft.Xml.Serialization.GeneratedAssembly/AmethystEnchantmentSerializer.cs	ok	
67	Microsoft.Xml.Serialization.GeneratedAssembly	AngryRogerSerializer	Microsoft.Xml.Serialization.GeneratedAssembly/AngryRogerSerializer.cs	ok	
68	Microsoft.Xml.Serialization.GeneratedAssembly	AnimalHouseSerializer	Microsoft.Xml.Serialization.GeneratedAssembly/AnimalHouseSerializer.cs	ok	
69	Microsoft.Xml.Serialization.GeneratedAssembly	AquamarineEnchantmentSerializer	Microsoft.Xml.Serialization.GeneratedAssembly/AquamarineEnchantmentSerializer.cs	ok	
70	Microsoft.Xml.Serialization.GeneratedAssembly	ArchaeologistEnchantmentSerializer	Microsoft.Xml.Serialization.GeneratedAssembly/ArchaeologistEnchantmentSerializer.cs	ok	
71	Microsoft.Xml.Serialization.GeneratedAssembly	ArtfulEnchantmentSerializer	Microsoft.Xml.Serialization.GeneratedAssembly/ArtfulEnchantmentSerializer.cs	ok	
72	Microsoft.Xml.Serialization.GeneratedAssembly	AttackEnchantmentSerializer	Microsoft.Xml.Serialization.GeneratedAssembly/AttackEnchantmentSerializer.cs	ok	
73	Microsoft.Xml.Serialization.GeneratedAssembly	AttackStateSerializer	Microsoft.Xml.Serialization.GeneratedAssembly/AttackStateSerializer.cs	ok	
74	Microsoft.Xml.Serialization.GeneratedAssembly	AutoHookEnchantmentSerializer	Microsoft.Xml.Serialization.GeneratedAssembly/AutoHookEnchantmentSerializer.cs	ok	
75	Microsoft.Xml.Serialization.GeneratedAssembly	AxeEnchantmentSerializer	Microsoft.Xml.Serialization.GeneratedAssembly/AxeEnchantmentSerializer.cs	ok	
76	Microsoft.Xml.Serialization.GeneratedAssembly	AxeSerializer	Microsoft.Xml.Serialization.GeneratedAssembly/AxeSerializer.cs	ok	
77	Microsoft.Xml.Serialization.GeneratedAssembly	BarnSerializer	Microsoft.Xml.Serialization.GeneratedAssembly/BarnSerializer.cs	ok	
78	Microsoft.Xml.Serialization.GeneratedAssembly	BaseEnchantmentSerializer	Microsoft.Xml.Serialization.GeneratedAssembly/BaseEnchantmentSerializer.cs	ok	
79	Microsoft.Xml.Serialization.GeneratedAssembly	BaseWeaponEnchantmentSerializer	Microsoft.Xml.Serialization.GeneratedAssembly/BaseWeaponEnchantmentSerializer.cs	ok	
80	Microsoft.Xml.Serialization.GeneratedAssembly	BatSerializer	Microsoft.Xml.Serialization.GeneratedAssembly/BatSerializer.cs	ok	
81	Microsoft.Xml.Serialization.GeneratedAssembly	BathHousePoolSerializer	Microsoft.Xml.Serialization.GeneratedAssembly/BathHousePoolSerializer.cs	ok	
82	Microsoft.Xml.Serialization.GeneratedAssembly	BeachNightMarketSerializer	Microsoft.Xml.Serialization.GeneratedAssembly/BeachNightMarketSerializer.cs	ok	
83	Microsoft.Xml.Serialization.GeneratedAssembly	BeachSerializer	Microsoft.Xml.Serialization.GeneratedAssembly/BeachSerializer.cs	ok	
84	Microsoft.Xml.Serialization.GeneratedAssembly	BedFurnitureSerializer	Microsoft.Xml.Serialization.GeneratedAssembly/BedFurnitureSerializer.cs	ok	
85	Microsoft.Xml.Serialization.GeneratedAssembly	BedTypeSerializer	Microsoft.Xml.Serialization.GeneratedAssembly/BedTypeSerializer.cs	ok	
86	Microsoft.Xml.Serialization.GeneratedAssembly	BigCraftableIDSerializer	Microsoft.Xml.Serialization.GeneratedAssembly/BigCraftableIDSerializer.cs	ok	
87	Microsoft.Xml.Serialization.GeneratedAssembly	BigSlimeSerializer	Microsoft.Xml.Serialization.GeneratedAssembly/BigSlimeSerializer.cs	ok	
88	Microsoft.Xml.Serialization.GeneratedAssembly	BlueSquidSerializer	Microsoft.Xml.Serialization.GeneratedAssembly/BlueSquidSerializer.cs	ok	
89	Microsoft.Xml.Serialization.GeneratedAssembly	BoatTunnelSerializer	Microsoft.Xml.Serialization.GeneratedAssembly/BoatTunnelSerializer.cs	ok	
90	Microsoft.Xml.Serialization.GeneratedAssembly	BootsSerializer	Microsoft.Xml.Serialization.GeneratedAssembly/BootsSerializer.cs	ok	
91	Microsoft.Xml.Serialization.GeneratedAssembly	BottomlessEnchantmentSerializer	Microsoft.Xml.Serialization.GeneratedAssembly/BottomlessEnchantmentSerializer.cs	ok	
92	Microsoft.Xml.Serialization.GeneratedAssembly	BoundingBoxGroupSerializer	Microsoft.Xml.Serialization.GeneratedAssembly/BoundingBoxGroupSerializer.cs	ok	
93	Microsoft.Xml.Serialization.GeneratedAssembly	BreakableContainerSerializer	Microsoft.Xml.Serialization.GeneratedAssembly/BreakableContainerSerializer.cs	ok	
94	Microsoft.Xml.Serialization.GeneratedAssembly	BreathProjectileSerializer	Microsoft.Xml.Serialization.GeneratedAssembly/BreathProjectileSerializer.cs	ok	
95	Microsoft.Xml.Serialization.GeneratedAssembly	BuffEffectsSerializer	Microsoft.Xml.Serialization.GeneratedAssembly/BuffEffectsSerializer.cs	ok	
96	Microsoft.Xml.Serialization.GeneratedAssembly	BuffManagerSerializer	Microsoft.Xml.Serialization.GeneratedAssembly/BuffManagerSerializer.cs	ok	
97	Microsoft.Xml.Serialization.GeneratedAssembly	BugKillerEnchantmentSerializer	Microsoft.Xml.Serialization.GeneratedAssembly/BugKillerEnchantmentSerializer.cs	ok	
98	Microsoft.Xml.Serialization.GeneratedAssembly	BugLandSerializer	Microsoft.Xml.Serialization.GeneratedAssembly/BugLandSerializer.cs	ok	
99	Microsoft.Xml.Serialization.GeneratedAssembly	BugSerializer	Microsoft.Xml.Serialization.GeneratedAssembly/BugSerializer.cs	ok	
100	Microsoft.Xml.Serialization.GeneratedAssembly	BuilderDataSerializer	Microsoft.Xml.Serialization.GeneratedAssembly/BuilderDataSerializer.cs	ok	
101	Microsoft.Xml.Serialization.GeneratedAssembly	BuildingPaintColorSerializer	Microsoft.Xml.Serialization.GeneratedAssembly/BuildingPaintColorSerializer.cs	ok	
102	Microsoft.Xml.Serialization.GeneratedAssembly	BuildingPainterSerializer	Microsoft.Xml.Serialization.GeneratedAssembly/BuildingPainterSerializer.cs	ok	
103	Microsoft.Xml.Serialization.GeneratedAssembly	BuildingSerializer	Microsoft.Xml.Serialization.GeneratedAssembly/BuildingSerializer.cs	ok	
104	Microsoft.Xml.Serialization.GeneratedAssembly	BundleTypeSerializer	Microsoft.Xml.Serialization.GeneratedAssembly/BundleTypeSerializer.cs	ok	
105	Microsoft.Xml.Serialization.GeneratedAssembly	BusStopSerializer	Microsoft.Xml.Serialization.GeneratedAssembly/BusStopSerializer.cs	ok	
106	Microsoft.Xml.Serialization.GeneratedAssembly	BushSerializer	Microsoft.Xml.Serialization.GeneratedAssembly/BushSerializer.cs	ok	
107	Microsoft.Xml.Serialization.GeneratedAssembly	CHJsonParserSerializer	Microsoft.Xml.Serialization.GeneratedAssembly/CHJsonParserSerializer.cs	ok	
108	Microsoft.Xml.Serialization.GeneratedAssembly	CabinSerializer	Microsoft.Xml.Serialization.GeneratedAssembly/CabinSerializer.cs	ok	
109	Microsoft.Xml.Serialization.GeneratedAssembly	CalderaSerializer	Microsoft.Xml.Serialization.GeneratedAssembly/CalderaSerializer.cs	ok	
110	Microsoft.Xml.Serialization.GeneratedAssembly	CaskSerializer	Microsoft.Xml.Serialization.GeneratedAssembly/CaskSerializer.cs	ok	
111	Microsoft.Xml.Serialization.GeneratedAssembly	CatSerializer	Microsoft.Xml.Serialization.GeneratedAssembly/CatSerializer.cs	ok	
112	Microsoft.Xml.Serialization.GeneratedAssembly	CaveCrystalSerializer	Microsoft.Xml.Serialization.GeneratedAssembly/CaveCrystalSerializer.cs	ok	
113	Microsoft.Xml.Serialization.GeneratedAssembly	CellarSerializer	Microsoft.Xml.Serialization.GeneratedAssembly/CellarSerializer.cs	ok	
114	Microsoft.Xml.Serialization.GeneratedAssembly	ChangeTypeSerializer	Microsoft.Xml.Serialization.GeneratedAssembly/ChangeTypeSerializer.cs	ok	
115	Microsoft.Xml.Serialization.GeneratedAssembly	CharacterSerializer	Microsoft.Xml.Serialization.GeneratedAssembly/CharacterSerializer.cs	ok	
116	Microsoft.Xml.Serialization.GeneratedAssembly	ChestHitArgsSerializer	Microsoft.Xml.Serialization.GeneratedAssembly/ChestHitArgsSerializer.cs	ok	
117	Microsoft.Xml.Serialization.GeneratedAssembly	ChestHitSynchronizerSerializer	Microsoft.Xml.Serialization.GeneratedAssembly/ChestHitSynchronizerSerializer.cs	ok	
118	Microsoft.Xml.Serialization.GeneratedAssembly	ChestHitTimerSerializer	Microsoft.Xml.Serialization.GeneratedAssembly/ChestHitTimerSerializer.cs	ok	
119	Microsoft.Xml.Serialization.GeneratedAssembly	ChestSerializer	Microsoft.Xml.Serialization.GeneratedAssembly/ChestSerializer.cs	ok	
120	Microsoft.Xml.Serialization.GeneratedAssembly	ChildSerializer	Microsoft.Xml.Serialization.GeneratedAssembly/ChildSerializer.cs	ok	
121	Microsoft.Xml.Serialization.GeneratedAssembly	ChunkSerializer	Microsoft.Xml.Serialization.GeneratedAssembly/ChunkSerializer.cs	ok	
122	Microsoft.Xml.Serialization.GeneratedAssembly	ClothesTypeSerializer	Microsoft.Xml.Serialization.GeneratedAssembly/ClothesTypeSerializer.cs	ok	
123	Microsoft.Xml.Serialization.GeneratedAssembly	ClothingSerializer	Microsoft.Xml.Serialization.GeneratedAssembly/ClothingSerializer.cs	ok	
124	Microsoft.Xml.Serialization.GeneratedAssembly	ClubSerializer	Microsoft.Xml.Serialization.GeneratedAssembly/ClubSerializer.cs	ok	
125	Microsoft.Xml.Serialization.GeneratedAssembly	CollectObjectiveSerializer	Microsoft.Xml.Serialization.GeneratedAssembly/CollectObjectiveSerializer.cs	ok	
126	Microsoft.Xml.Serialization.GeneratedAssembly	CollisionMaskSerializer	Microsoft.Xml.Serialization.GeneratedAssembly/CollisionMaskSerializer.cs	ok	
127	Microsoft.Xml.Serialization.GeneratedAssembly	ColorTweenSerializer	Microsoft.Xml.Serialization.GeneratedAssembly/ColorTweenSerializer.cs	ok	
128	Microsoft.Xml.Serialization.GeneratedAssembly	ColoredObjectSerializer	Microsoft.Xml.Serialization.GeneratedAssembly/ColoredObjectSerializer.cs	ok	
129	Microsoft.Xml.Serialization.GeneratedAssembly	CombinedRingSerializer	Microsoft.Xml.Serialization.GeneratedAssembly/CombinedRingSerializer.cs	ok	
130	Microsoft.Xml.Serialization.GeneratedAssembly	CommunityCenterSerializer	Microsoft.Xml.Serialization.GeneratedAssembly/CommunityCenterSerializer.cs	ok	
131	Microsoft.Xml.Serialization.GeneratedAssembly	ContentHashParserSerializer	Microsoft.Xml.Serialization.GeneratedAssembly/ContentHashParserSerializer.cs	ok	
132	Microsoft.Xml.Serialization.GeneratedAssembly	CoopSerializer	Microsoft.Xml.Serialization.GeneratedAssembly/CoopSerializer.cs	ok	
133	Microsoft.Xml.Serialization.GeneratedAssembly	CosmeticPlantSerializer	Microsoft.Xml.Serialization.GeneratedAssembly/CosmeticPlantSerializer.cs	ok	
134	Microsoft.Xml.Serialization.GeneratedAssembly	CrabPotSerializer	Microsoft.Xml.Serialization.GeneratedAssembly/CrabPotSerializer.cs	ok	
135	Microsoft.Xml.Serialization.GeneratedAssembly	CraftingQuestSerializer	Microsoft.Xml.Serialization.GeneratedAssembly/CraftingQuestSerializer.cs	ok	
136	Microsoft.Xml.Serialization.GeneratedAssembly	CritEnchantmentSerializer	Microsoft.Xml.Serialization.GeneratedAssembly/CritEnchantmentSerializer.cs	ok	
137	Microsoft.Xml.Serialization.GeneratedAssembly	CritPowerEnchantmentSerializer	Microsoft.Xml.Serialization.GeneratedAssembly/CritPowerEnchantmentSerializer.cs	ok	
138	Microsoft.Xml.Serialization.GeneratedAssembly	CropSerializer	Microsoft.Xml.Serialization.GeneratedAssembly/CropSerializer.cs	ok	
139	Microsoft.Xml.Serialization.GeneratedAssembly	CrusaderEnchantmentSerializer	Microsoft.Xml.Serialization.GeneratedAssembly/CrusaderEnchantmentSerializer.cs	ok	
140	Microsoft.Xml.Serialization.GeneratedAssembly	DebuffingProjectileSerializer	Microsoft.Xml.Serialization.GeneratedAssembly/DebuffingProjectileSerializer.cs	ok	
141	Microsoft.Xml.Serialization.GeneratedAssembly	DebugTimingsSerializer	Microsoft.Xml.Serialization.GeneratedAssembly/DebugTimingsSerializer.cs	ok	
142	Microsoft.Xml.Serialization.GeneratedAssembly	DecoratableLocationSerializer	Microsoft.Xml.Serialization.GeneratedAssembly/DecoratableLocationSerializer.cs	ok	
143	Microsoft.Xml.Serialization.GeneratedAssembly	DedicatedServerMessageTypeSerializer	Microsoft.Xml.Serialization.GeneratedAssembly/DedicatedServerMessageTypeSerializer.cs	ok	
144	Microsoft.Xml.Serialization.GeneratedAssembly	DedicatedServerSerializer	Microsoft.Xml.Serialization.GeneratedAssembly/DedicatedServerSerializer.cs	ok	
145	Microsoft.Xml.Serialization.GeneratedAssembly	DefaultPhoneHandlerSerializer	Microsoft.Xml.Serialization.GeneratedAssembly/DefaultPhoneHandlerSerializer.cs	ok	
146	Microsoft.Xml.Serialization.GeneratedAssembly	DefenseEnchantmentSerializer	Microsoft.Xml.Serialization.GeneratedAssembly/DefenseEnchantmentSerializer.cs	ok	
147	Microsoft.Xml.Serialization.GeneratedAssembly	DeliverObjectiveSerializer	Microsoft.Xml.Serialization.GeneratedAssembly/DeliverObjectiveSerializer.cs	ok	
148	Microsoft.Xml.Serialization.GeneratedAssembly	DescriptionElementSerializer	Microsoft.Xml.Serialization.GeneratedAssembly/DescriptionElementSerializer.cs	ok	
149	Microsoft.Xml.Serialization.GeneratedAssembly	DesertFestivalSerializer	Microsoft.Xml.Serialization.GeneratedAssembly/DesertFestivalSerializer.cs	ok	
150	Microsoft.Xml.Serialization.GeneratedAssembly	DesertSerializer	Microsoft.Xml.Serialization.GeneratedAssembly/DesertSerializer.cs	ok	
151	Microsoft.Xml.Serialization.GeneratedAssembly	DiamondEnchantmentSerializer	Microsoft.Xml.Serialization.GeneratedAssembly/DiamondEnchantmentSerializer.cs	ok	
152	Microsoft.Xml.Serialization.GeneratedAssembly	DinoMonsterSerializer	Microsoft.Xml.Serialization.GeneratedAssembly/DinoMonsterSerializer.cs	ok	
153	Microsoft.Xml.Serialization.GeneratedAssembly	DistanceToTargetSerializer	Microsoft.Xml.Serialization.GeneratedAssembly/DistanceToTargetSerializer.cs	ok	
154	Microsoft.Xml.Serialization.GeneratedAssembly	DogSerializer	Microsoft.Xml.Serialization.GeneratedAssembly/DogSerializer.cs	ok	
155	Microsoft.Xml.Serialization.GeneratedAssembly	DonateObjectiveSerializer	Microsoft.Xml.Serialization.GeneratedAssembly/DonateObjectiveSerializer.cs	ok	
156	Microsoft.Xml.Serialization.GeneratedAssembly	DontLoadDefaultSettingSerializer	Microsoft.Xml.Serialization.GeneratedAssembly/DontLoadDefaultSettingSerializer.cs	ok	
157	Microsoft.Xml.Serialization.GeneratedAssembly	DuggySerializer	Microsoft.Xml.Serialization.GeneratedAssembly/DuggySerializer.cs	ok	
158	Microsoft.Xml.Serialization.GeneratedAssembly	DustSpiritSerializer	Microsoft.Xml.Serialization.GeneratedAssembly/DustSpiritSerializer.cs	ok	
159	Microsoft.Xml.Serialization.GeneratedAssembly	DwarvishSentrySerializer	Microsoft.Xml.Serialization.GeneratedAssembly/DwarvishSentrySerializer.cs	ok	
160	Microsoft.Xml.Serialization.GeneratedAssembly	EfficientToolEnchantmentSerializer	Microsoft.Xml.Serialization.GeneratedAssembly/EfficientToolEnchantmentSerializer.cs	ok	
161	Microsoft.Xml.Serialization.GeneratedAssembly	EmeraldEnchantmentSerializer	Microsoft.Xml.Serialization.GeneratedAssembly/EmeraldEnchantmentSerializer.cs	ok	
162	Microsoft.Xml.Serialization.GeneratedAssembly	ErrorToolSerializer	Microsoft.Xml.Serialization.GeneratedAssembly/ErrorToolSerializer.cs	ok	
163	Microsoft.Xml.Serialization.GeneratedAssembly	FarmAnimalSerializer	Microsoft.Xml.Serialization.GeneratedAssembly/FarmAnimalSerializer.cs	ok	
164	Microsoft.Xml.Serialization.GeneratedAssembly	FarmCaveSerializer	Microsoft.Xml.Serialization.GeneratedAssembly/FarmCaveSerializer.cs	ok	
165	Microsoft.Xml.Serialization.GeneratedAssembly	FarmHouseSerializer	Microsoft.Xml.Serialization.GeneratedAssembly/FarmHouseSerializer.cs	ok	
166	Microsoft.Xml.Serialization.GeneratedAssembly	FarmSerializer	Microsoft.Xml.Serialization.GeneratedAssembly/FarmSerializer.cs	ok	
167	Microsoft.Xml.Serialization.GeneratedAssembly	FarmerPairSerializer	Microsoft.Xml.Serialization.GeneratedAssembly/FarmerPairSerializer.cs	ok	
168	Microsoft.Xml.Serialization.GeneratedAssembly	FarmerRendererSerializer	Microsoft.Xml.Serialization.GeneratedAssembly/FarmerRendererSerializer.cs	ok	
169	Microsoft.Xml.Serialization.GeneratedAssembly	FarmerSerializer	Microsoft.Xml.Serialization.GeneratedAssembly/FarmerSerializer.cs	ok	
170	Microsoft.Xml.Serialization.GeneratedAssembly	FarmerSpriteLayersSerializer	Microsoft.Xml.Serialization.GeneratedAssembly/FarmerSpriteLayersSerializer.cs	ok	
171	Microsoft.Xml.Serialization.GeneratedAssembly	FarmerTeamSerializer	Microsoft.Xml.Serialization.GeneratedAssembly/FarmerTeamSerializer.cs	ok	
172	Microsoft.Xml.Serialization.GeneratedAssembly	FenceSerializer	Microsoft.Xml.Serialization.GeneratedAssembly/FenceSerializer.cs	ok	
173	Microsoft.Xml.Serialization.GeneratedAssembly	FishObjectiveSerializer	Microsoft.Xml.Serialization.GeneratedAssembly/FishObjectiveSerializer.cs	ok	
174	Microsoft.Xml.Serialization.GeneratedAssembly	FishPondSerializer	Microsoft.Xml.Serialization.GeneratedAssembly/FishPondSerializer.cs	ok	
175	Microsoft.Xml.Serialization.GeneratedAssembly	FishShopSerializer	Microsoft.Xml.Serialization.GeneratedAssembly/FishShopSerializer.cs	ok	
176	Microsoft.Xml.Serialization.GeneratedAssembly	FishTankCategoriesSerializer	Microsoft.Xml.Serialization.GeneratedAssembly/FishTankCategoriesSerializer.cs	ok	
177	Microsoft.Xml.Serialization.GeneratedAssembly	FishTankFurnitureSerializer	Microsoft.Xml.Serialization.GeneratedAssembly/FishTankFurnitureSerializer.cs	ok	
178	Microsoft.Xml.Serialization.GeneratedAssembly	FisherEnchantmentSerializer	Microsoft.Xml.Serialization.GeneratedAssembly/FisherEnchantmentSerializer.cs	ok	
179	Microsoft.Xml.Serialization.GeneratedAssembly	FishingQuestSerializer	Microsoft.Xml.Serialization.GeneratedAssembly/FishingQuestSerializer.cs	ok	
180	Microsoft.Xml.Serialization.GeneratedAssembly	FishingRodEnchantmentSerializer	Microsoft.Xml.Serialization.GeneratedAssembly/FishingRodEnchantmentSerializer.cs	ok	
181	Microsoft.Xml.Serialization.GeneratedAssembly	FishingRodSerializer	Microsoft.Xml.Serialization.GeneratedAssembly/FishingRodSerializer.cs	ok	
182	Microsoft.Xml.Serialization.GeneratedAssembly	FloatTweenSerializer	Microsoft.Xml.Serialization.GeneratedAssembly/FloatTweenSerializer.cs	ok	
183	Microsoft.Xml.Serialization.GeneratedAssembly	FlooringSerializer	Microsoft.Xml.Serialization.GeneratedAssembly/FlooringSerializer.cs	ok	
184	Microsoft.Xml.Serialization.GeneratedAssembly	FlySerializer	Microsoft.Xml.Serialization.GeneratedAssembly/FlySerializer.cs	ok	
185	Microsoft.Xml.Serialization.GeneratedAssembly	ForestSerializer	Microsoft.Xml.Serialization.GeneratedAssembly/ForestSerializer.cs	ok	
186	Microsoft.Xml.Serialization.GeneratedAssembly	FriendshipRewardSerializer	Microsoft.Xml.Serialization.GeneratedAssembly/FriendshipRewardSerializer.cs	ok	
187	Microsoft.Xml.Serialization.GeneratedAssembly	FriendshipSerializer	Microsoft.Xml.Serialization.GeneratedAssembly/FriendshipSerializer.cs	ok	
188	Microsoft.Xml.Serialization.GeneratedAssembly	FriendshipStatusSerializer	Microsoft.Xml.Serialization.GeneratedAssembly/FriendshipStatusSerializer.cs	ok	
189	Microsoft.Xml.Serialization.GeneratedAssembly	FruitTreeSerializer	Microsoft.Xml.Serialization.GeneratedAssembly/FruitTreeSerializer.cs	ok	
190	Microsoft.Xml.Serialization.GeneratedAssembly	FurnitureIDSerializer	Microsoft.Xml.Serialization.GeneratedAssembly/FurnitureIDSerializer.cs	ok	
191	Microsoft.Xml.Serialization.GeneratedAssembly	FurnitureSerializer	Microsoft.Xml.Serialization.GeneratedAssembly/FurnitureSerializer.cs	ok	
192	Microsoft.Xml.Serialization.GeneratedAssembly	GalaxySoulEnchantmentSerializer	Microsoft.Xml.Serialization.GeneratedAssembly/GalaxySoulEnchantmentSerializer.cs	ok	
193	Microsoft.Xml.Serialization.GeneratedAssembly	GameLocationSerializer	Microsoft.Xml.Serialization.GeneratedAssembly/GameLocationSerializer.cs	ok	
194	Microsoft.Xml.Serialization.GeneratedAssembly	GamepadModesSerializer	Microsoft.Xml.Serialization.GeneratedAssembly/GamepadModesSerializer.cs	ok	
195	Microsoft.Xml.Serialization.GeneratedAssembly	GemBirdTypeSerializer	Microsoft.Xml.Serialization.GeneratedAssembly/GemBirdTypeSerializer.cs	ok	
196	Microsoft.Xml.Serialization.GeneratedAssembly	GemsRewardSerializer	Microsoft.Xml.Serialization.GeneratedAssembly/GemsRewardSerializer.cs	ok	
197	Microsoft.Xml.Serialization.GeneratedAssembly	GenericToolSerializer	Microsoft.Xml.Serialization.GeneratedAssembly/GenericToolSerializer.cs	ok	
198	Microsoft.Xml.Serialization.GeneratedAssembly	GenerousEnchantmentSerializer	Microsoft.Xml.Serialization.GeneratedAssembly/GenerousEnchantmentSerializer.cs	ok	
199	Microsoft.Xml.Serialization.GeneratedAssembly	GhostSerializer	Microsoft.Xml.Serialization.GeneratedAssembly/GhostSerializer.cs	ok	
200	Microsoft.Xml.Serialization.GeneratedAssembly	GhostVariantSerializer	Microsoft.Xml.Serialization.GeneratedAssembly/GhostVariantSerializer.cs	ok	
201	Microsoft.Xml.Serialization.GeneratedAssembly	GiantCropSerializer	Microsoft.Xml.Serialization.GeneratedAssembly/GiantCropSerializer.cs	ok	
202	Microsoft.Xml.Serialization.GeneratedAssembly	GiftObjectiveSerializer	Microsoft.Xml.Serialization.GeneratedAssembly/GiftObjectiveSerializer.cs	ok	
203	Microsoft.Xml.Serialization.GeneratedAssembly	GoSomewhereQuestSerializer	Microsoft.Xml.Serialization.GeneratedAssembly/GoSomewhereQuestSerializer.cs	ok	
204	Microsoft.Xml.Serialization.GeneratedAssembly	GrassSerializer	Microsoft.Xml.Serialization.GeneratedAssembly/GrassSerializer.cs	ok	
205	Microsoft.Xml.Serialization.GeneratedAssembly	GreenSlimeSerializer	Microsoft.Xml.Serialization.GeneratedAssembly/GreenSlimeSerializer.cs	ok	
206	Microsoft.Xml.Serialization.GeneratedAssembly	GreenhouseBuildingSerializer	Microsoft.Xml.Serialization.GeneratedAssembly/GreenhouseBuildingSerializer.cs	ok	
207	Microsoft.Xml.Serialization.GeneratedAssembly	GrubSerializer	Microsoft.Xml.Serialization.GeneratedAssembly/GrubSerializer.cs	ok	
208	Microsoft.Xml.Serialization.GeneratedAssembly	HairDrawTypeSerializer	Microsoft.Xml.Serialization.GeneratedAssembly/HairDrawTypeSerializer.cs	ok	
209	Microsoft.Xml.Serialization.GeneratedAssembly	HatSerializer	Microsoft.Xml.Serialization.GeneratedAssembly/HatSerializer.cs	ok	
210	Microsoft.Xml.Serialization.GeneratedAssembly	HaveBuildingQuestSerializer	Microsoft.Xml.Serialization.GeneratedAssembly/HaveBuildingQuestSerializer.cs	ok	
211	Microsoft.Xml.Serialization.GeneratedAssembly	HaymakerEnchantmentSerializer	Microsoft.Xml.Serialization.GeneratedAssembly/HaymakerEnchantmentSerializer.cs	ok	
212	Microsoft.Xml.Serialization.GeneratedAssembly	HoeDirtFertilizerApplyStatusSerializer	Microsoft.Xml.Serialization.GeneratedAssembly/HoeDirtFertilizerApplyStatusSerializer.cs	ok	
213	Microsoft.Xml.Serialization.GeneratedAssembly	HoeDirtSerializer	Microsoft.Xml.Serialization.GeneratedAssembly/HoeDirtSerializer.cs	ok	
214	Microsoft.Xml.Serialization.GeneratedAssembly	HoeEnchantmentSerializer	Microsoft.Xml.Serialization.GeneratedAssembly/HoeEnchantmentSerializer.cs	ok	
215	Microsoft.Xml.Serialization.GeneratedAssembly	HoeSerializer	Microsoft.Xml.Serialization.GeneratedAssembly/HoeSerializer.cs	ok	
216	Microsoft.Xml.Serialization.GeneratedAssembly	HorseSerializer	Microsoft.Xml.Serialization.GeneratedAssembly/HorseSerializer.cs	ok	
217	Microsoft.Xml.Serialization.GeneratedAssembly	HotHeadSerializer	Microsoft.Xml.Serialization.GeneratedAssembly/HotHeadSerializer.cs	ok	
218	Microsoft.Xml.Serialization.GeneratedAssembly	IncomingMessageSerializer	Microsoft.Xml.Serialization.GeneratedAssembly/IncomingMessageSerializer.cs	ok	
219	Microsoft.Xml.Serialization.GeneratedAssembly	IndoorPotSerializer	Microsoft.Xml.Serialization.GeneratedAssembly/IndoorPotSerializer.cs	ok	
220	Microsoft.Xml.Serialization.GeneratedAssembly	IndoorsTypeSerializer	Microsoft.Xml.Serialization.GeneratedAssembly/IndoorsTypeSerializer.cs	ok	
221	Microsoft.Xml.Serialization.GeneratedAssembly	InputButtonSerializer	Microsoft.Xml.Serialization.GeneratedAssembly/InputButtonSerializer.cs	ok	
222	Microsoft.Xml.Serialization.GeneratedAssembly	InstanceStaticsSerializer	Microsoft.Xml.Serialization.GeneratedAssembly/InstanceStaticsSerializer.cs	ok	
223	Microsoft.Xml.Serialization.GeneratedAssembly	InstancedStaticSerializer	Microsoft.Xml.Serialization.GeneratedAssembly/InstancedStaticSerializer.cs	ok	
224	Microsoft.Xml.Serialization.GeneratedAssembly	InteriorDoorDictionarySerializer	Microsoft.Xml.Serialization.GeneratedAssembly/InteriorDoorDictionarySerializer.cs	ok	
225	Microsoft.Xml.Serialization.GeneratedAssembly	InventorySerializer	Microsoft.Xml.Serialization.GeneratedAssembly/InventorySerializer.cs	ok	
226	Microsoft.Xml.Serialization.GeneratedAssembly	IslandEastSerializer	Microsoft.Xml.Serialization.GeneratedAssembly/IslandEastSerializer.cs	ok	
227	Microsoft.Xml.Serialization.GeneratedAssembly	IslandFarmCaveSerializer	Microsoft.Xml.Serialization.GeneratedAssembly/IslandFarmCaveSerializer.cs	ok	
228	Microsoft.Xml.Serialization.GeneratedAssembly	IslandFarmHouseSerializer	Microsoft.Xml.Serialization.GeneratedAssembly/IslandFarmHouseSerializer.cs	ok	
229	Microsoft.Xml.Serialization.GeneratedAssembly	IslandFieldOfficeSerializer	Microsoft.Xml.Serialization.GeneratedAssembly/IslandFieldOfficeSerializer.cs	ok	
230	Microsoft.Xml.Serialization.GeneratedAssembly	IslandForestLocationSerializer	Microsoft.Xml.Serialization.GeneratedAssembly/IslandForestLocationSerializer.cs	ok	
231	Microsoft.Xml.Serialization.GeneratedAssembly	IslandGemBirdSerializer	Microsoft.Xml.Serialization.GeneratedAssembly/IslandGemBirdSerializer.cs	ok	
232	Microsoft.Xml.Serialization.GeneratedAssembly	IslandHutSerializer	Microsoft.Xml.Serialization.GeneratedAssembly/IslandHutSerializer.cs	ok	
233	Microsoft.Xml.Serialization.GeneratedAssembly	IslandLocationSerializer	Microsoft.Xml.Serialization.GeneratedAssembly/IslandLocationSerializer.cs	ok	
234	Microsoft.Xml.Serialization.GeneratedAssembly	IslandNorthSerializer	Microsoft.Xml.Serialization.GeneratedAssembly/IslandNorthSerializer.cs	ok	
235	Microsoft.Xml.Serialization.GeneratedAssembly	IslandSecretSerializer	Microsoft.Xml.Serialization.GeneratedAssembly/IslandSecretSerializer.cs	ok	
236	Microsoft.Xml.Serialization.GeneratedAssembly	IslandShrineSerializer	Microsoft.Xml.Serialization.GeneratedAssembly/IslandShrineSerializer.cs	ok	
237	Microsoft.Xml.Serialization.GeneratedAssembly	IslandSouthEastCaveSerializer	Microsoft.Xml.Serialization.GeneratedAssembly/IslandSouthEastCaveSerializer.cs	ok	
238	Microsoft.Xml.Serialization.GeneratedAssembly	IslandSouthEastSerializer	Microsoft.Xml.Serialization.GeneratedAssembly/IslandSouthEastSerializer.cs	ok	
239	Microsoft.Xml.Serialization.GeneratedAssembly	IslandSouthSerializer	Microsoft.Xml.Serialization.GeneratedAssembly/IslandSouthSerializer.cs	ok	
240	Microsoft.Xml.Serialization.GeneratedAssembly	IslandWestCave1Serializer	Microsoft.Xml.Serialization.GeneratedAssembly/IslandWestCave1Serializer.cs	ok	
241	Microsoft.Xml.Serialization.GeneratedAssembly	IslandWestSerializer	Microsoft.Xml.Serialization.GeneratedAssembly/IslandWestSerializer.cs	ok	
242	Microsoft.Xml.Serialization.GeneratedAssembly	ItemDeliveryQuestSerializer	Microsoft.Xml.Serialization.GeneratedAssembly/ItemDeliveryQuestSerializer.cs	ok	
243	Microsoft.Xml.Serialization.GeneratedAssembly	ItemHarvestQuestSerializer	Microsoft.Xml.Serialization.GeneratedAssembly/ItemHarvestQuestSerializer.cs	ok	
244	Microsoft.Xml.Serialization.GeneratedAssembly	ItemPedestalSerializer	Microsoft.Xml.Serialization.GeneratedAssembly/ItemPedestalSerializer.cs	ok	
245	Microsoft.Xml.Serialization.GeneratedAssembly	ItemSerializer	Microsoft.Xml.Serialization.GeneratedAssembly/ItemSerializer.cs	ok	
246	Microsoft.Xml.Serialization.GeneratedAssembly	ItemStowingModesSerializer	Microsoft.Xml.Serialization.GeneratedAssembly/ItemStowingModesSerializer.cs	ok	
247	Microsoft.Xml.Serialization.GeneratedAssembly	JKScoreObjectiveSerializer	Microsoft.Xml.Serialization.GeneratedAssembly/JKScoreObjectiveSerializer.cs	ok	
248	Microsoft.Xml.Serialization.GeneratedAssembly	JadeEnchantmentSerializer	Microsoft.Xml.Serialization.GeneratedAssembly/JadeEnchantmentSerializer.cs	ok	
249	Microsoft.Xml.Serialization.GeneratedAssembly	JojaMartSerializer	Microsoft.Xml.Serialization.GeneratedAssembly/JojaMartSerializer.cs	ok	
250	Microsoft.Xml.Serialization.GeneratedAssembly	JunimoHarvesterSerializer	Microsoft.Xml.Serialization.GeneratedAssembly/JunimoHarvesterSerializer.cs	ok	
251	Microsoft.Xml.Serialization.GeneratedAssembly	JunimoHutSerializer	Microsoft.Xml.Serialization.GeneratedAssembly/JunimoHutSerializer.cs	ok	
252	Microsoft.Xml.Serialization.GeneratedAssembly	JunimoSerializer	Microsoft.Xml.Serialization.GeneratedAssembly/JunimoSerializer.cs	ok	
253	Microsoft.Xml.Serialization.GeneratedAssembly	LanternSerializer	Microsoft.Xml.Serialization.GeneratedAssembly/LanternSerializer.cs	ok	
254	Microsoft.Xml.Serialization.GeneratedAssembly	LargeTerrainFeatureSerializer	Microsoft.Xml.Serialization.GeneratedAssembly/LargeTerrainFeatureSerializer.cs	ok	
255	Microsoft.Xml.Serialization.GeneratedAssembly	LavaLurkSerializer	Microsoft.Xml.Serialization.GeneratedAssembly/LavaLurkSerializer.cs	ok	
256	Microsoft.Xml.Serialization.GeneratedAssembly	LeaperSerializer	Microsoft.Xml.Serialization.GeneratedAssembly/LeaperSerializer.cs	ok	
257	Microsoft.Xml.Serialization.GeneratedAssembly	LeftRightClickSpamInputSimulatorSerializer	Microsoft.Xml.Serialization.GeneratedAssembly/LeftRightClickSpamInputSimulatorSerializer.cs	ok	
258	Microsoft.Xml.Serialization.GeneratedAssembly	LegacyDescriptionElementSerializer	Microsoft.Xml.Serialization.GeneratedAssembly/LegacyDescriptionElementSerializer.cs	ok	
259	Microsoft.Xml.Serialization.GeneratedAssembly	LibraryMuseumSerializer	Microsoft.Xml.Serialization.GeneratedAssembly/LibraryMuseumSerializer.cs	ok	
260	Microsoft.Xml.Serialization.GeneratedAssembly	LightningStrikeEventSerializer	Microsoft.Xml.Serialization.GeneratedAssembly/LightningStrikeEventSerializer.cs	ok	
261	Microsoft.Xml.Serialization.GeneratedAssembly	LightweightEnchantmentSerializer	Microsoft.Xml.Serialization.GeneratedAssembly/LightweightEnchantmentSerializer.cs	ok	
262	Microsoft.Xml.Serialization.GeneratedAssembly	LikeLevelsSerializer	Microsoft.Xml.Serialization.GeneratedAssembly/LikeLevelsSerializer.cs	ok	
263	Microsoft.Xml.Serialization.GeneratedAssembly	LocalMultiplayerSerializer	Microsoft.Xml.Serialization.GeneratedAssembly/LocalMultiplayerSerializer.cs	ok	
264	Microsoft.Xml.Serialization.GeneratedAssembly	LocationWeatherSerializer	Microsoft.Xml.Serialization.GeneratedAssembly/LocationWeatherSerializer.cs	ok	
265	Microsoft.Xml.Serialization.GeneratedAssembly	LoopingCueManagerSerializer	Microsoft.Xml.Serialization.GeneratedAssembly/LoopingCueManagerSerializer.cs	ok	
266	Microsoft.Xml.Serialization.GeneratedAssembly	LostItemQuestSerializer	Microsoft.Xml.Serialization.GeneratedAssembly/LostItemQuestSerializer.cs	ok	
267	Microsoft.Xml.Serialization.GeneratedAssembly	MagicEnchantmentSerializer	Microsoft.Xml.Serialization.GeneratedAssembly/MagicEnchantmentSerializer.cs	ok	
268	Microsoft.Xml.Serialization.GeneratedAssembly	MagnifyingGlassSerializer	Microsoft.Xml.Serialization.GeneratedAssembly/MagnifyingGlassSerializer.cs	ok	
269	Microsoft.Xml.Serialization.GeneratedAssembly	MailRewardSerializer	Microsoft.Xml.Serialization.GeneratedAssembly/MailRewardSerializer.cs	ok	
270	Microsoft.Xml.Serialization.GeneratedAssembly	MannequinSerializer	Microsoft.Xml.Serialization.GeneratedAssembly/MannequinSerializer.cs	ok	
271	Microsoft.Xml.Serialization.GeneratedAssembly	ManorHouseSerializer	Microsoft.Xml.Serialization.GeneratedAssembly/ManorHouseSerializer.cs	ok	
272	Microsoft.Xml.Serialization.GeneratedAssembly	MapAreaPositionWithContextSerializer	Microsoft.Xml.Serialization.GeneratedAssembly/MapAreaPositionWithContextSerializer.cs	ok	
273	Microsoft.Xml.Serialization.GeneratedAssembly	MapSeatSerializer	Microsoft.Xml.Serialization.GeneratedAssembly/MapSeatSerializer.cs	ok	
274	Microsoft.Xml.Serialization.GeneratedAssembly	MarriageDialogueReferenceSerializer	Microsoft.Xml.Serialization.GeneratedAssembly/MarriageDialogueReferenceSerializer.cs	ok	
275	Microsoft.Xml.Serialization.GeneratedAssembly	MasterEnchantmentSerializer	Microsoft.Xml.Serialization.GeneratedAssembly/MasterEnchantmentSerializer.cs	ok	
276	Microsoft.Xml.Serialization.GeneratedAssembly	MeleeWeaponSerializer	Microsoft.Xml.Serialization.GeneratedAssembly/MeleeWeaponSerializer.cs	ok	
277	Microsoft.Xml.Serialization.GeneratedAssembly	MermaidHouseSerializer	Microsoft.Xml.Serialization.GeneratedAssembly/MermaidHouseSerializer.cs	ok	
278	Microsoft.Xml.Serialization.GeneratedAssembly	MetalHeadSerializer	Microsoft.Xml.Serialization.GeneratedAssembly/MetalHeadSerializer.cs	ok	
279	Microsoft.Xml.Serialization.GeneratedAssembly	MilkPailEnchantmentSerializer	Microsoft.Xml.Serialization.GeneratedAssembly/MilkPailEnchantmentSerializer.cs	ok	
280	Microsoft.Xml.Serialization.GeneratedAssembly	MilkPailSerializer	Microsoft.Xml.Serialization.GeneratedAssembly/MilkPailSerializer.cs	ok	
281	Microsoft.Xml.Serialization.GeneratedAssembly	MillSerializer	Microsoft.Xml.Serialization.GeneratedAssembly/MillSerializer.cs	ok	
282	Microsoft.Xml.Serialization.GeneratedAssembly	MineChestTypeSerializer	Microsoft.Xml.Serialization.GeneratedAssembly/MineChestTypeSerializer.cs	ok	
283	Microsoft.Xml.Serialization.GeneratedAssembly	MineInfoSerializer	Microsoft.Xml.Serialization.GeneratedAssembly/MineInfoSerializer.cs	ok	
284	Microsoft.Xml.Serialization.GeneratedAssembly	MineSerializer	Microsoft.Xml.Serialization.GeneratedAssembly/MineSerializer.cs	ok	
285	Microsoft.Xml.Serialization.GeneratedAssembly	MineShaftSerializer	Microsoft.Xml.Serialization.GeneratedAssembly/MineShaftSerializer.cs	ok	
286	Microsoft.Xml.Serialization.GeneratedAssembly	MiniJukeboxSerializer	Microsoft.Xml.Serialization.GeneratedAssembly/MiniJukeboxSerializer.cs	ok	
287	Microsoft.Xml.Serialization.GeneratedAssembly	MoneyRewardSerializer	Microsoft.Xml.Serialization.GeneratedAssembly/MoneyRewardSerializer.cs	ok	
288	Microsoft.Xml.Serialization.GeneratedAssembly	MonsterSerializer	Microsoft.Xml.Serialization.GeneratedAssembly/MonsterSerializer.cs	ok	
289	Microsoft.Xml.Serialization.GeneratedAssembly	MountainSerializer	Microsoft.Xml.Serialization.GeneratedAssembly/MountainSerializer.cs	ok	
290	Microsoft.Xml.Serialization.GeneratedAssembly	MouseCursorSerializer	Microsoft.Xml.Serialization.GeneratedAssembly/MouseCursorSerializer.cs	ok	
291	Microsoft.Xml.Serialization.GeneratedAssembly	MovieInvitationSerializer	Microsoft.Xml.Serialization.GeneratedAssembly/MovieInvitationSerializer.cs	ok	
292	Microsoft.Xml.Serialization.GeneratedAssembly	MovieStatesSerializer	Microsoft.Xml.Serialization.GeneratedAssembly/MovieStatesSerializer.cs	ok	
293	Microsoft.Xml.Serialization.GeneratedAssembly	MovieTheaterSerializer	Microsoft.Xml.Serialization.GeneratedAssembly/MovieTheaterSerializer.cs	ok	
294	Microsoft.Xml.Serialization.GeneratedAssembly	MovieViewerLockEventSerializer	Microsoft.Xml.Serialization.GeneratedAssembly/MovieViewerLockEventSerializer.cs	ok	
295	Microsoft.Xml.Serialization.GeneratedAssembly	MummySerializer	Microsoft.Xml.Serialization.GeneratedAssembly/MummySerializer.cs	ok	
296	Microsoft.Xml.Serialization.GeneratedAssembly	NPCSerializer	Microsoft.Xml.Serialization.GeneratedAssembly/NPCSerializer.cs	ok	
297	Microsoft.Xml.Serialization.GeneratedAssembly	NetBoolSerializer	Microsoft.Xml.Serialization.GeneratedAssembly/NetBoolSerializer.cs	ok	
298	Microsoft.Xml.Serialization.GeneratedAssembly	NetBoolSerializer1	Microsoft.Xml.Serialization.GeneratedAssembly/NetBoolSerializer1.cs	ok	
299	Microsoft.Xml.Serialization.GeneratedAssembly	NetBundlesSerializer	Microsoft.Xml.Serialization.GeneratedAssembly/NetBundlesSerializer.cs	ok	
300	Microsoft.Xml.Serialization.GeneratedAssembly	NetByteSerializer	Microsoft.Xml.Serialization.GeneratedAssembly/NetByteSerializer.cs	ok	
301	Microsoft.Xml.Serialization.GeneratedAssembly	NetCharacterRefSerializer	Microsoft.Xml.Serialization.GeneratedAssembly/NetCharacterRefSerializer.cs	ok	
302	Microsoft.Xml.Serialization.GeneratedAssembly	NetClockSerializer	Microsoft.Xml.Serialization.GeneratedAssembly/NetClockSerializer.cs	ok	
303	Microsoft.Xml.Serialization.GeneratedAssembly	NetColorSerializer	Microsoft.Xml.Serialization.GeneratedAssembly/NetColorSerializer.cs	ok	
304	Microsoft.Xml.Serialization.GeneratedAssembly	NetDancePartnerSerializer	Microsoft.Xml.Serialization.GeneratedAssembly/NetDancePartnerSerializer.cs	ok	
305	Microsoft.Xml.Serialization.GeneratedAssembly	NetDescriptionElementListSerializer	Microsoft.Xml.Serialization.GeneratedAssembly/NetDescriptionElementListSerializer.cs	ok	
306	Microsoft.Xml.Serialization.GeneratedAssembly	NetDescriptionElementListSerializer1	Microsoft.Xml.Serialization.GeneratedAssembly/NetDescriptionElementListSerializer1.cs	ok	
307	Microsoft.Xml.Serialization.GeneratedAssembly	NetDoubleSerializer	Microsoft.Xml.Serialization.GeneratedAssembly/NetDoubleSerializer.cs	ok	
308	Microsoft.Xml.Serialization.GeneratedAssembly	NetFarmerCollectionSerializer	Microsoft.Xml.Serialization.GeneratedAssembly/NetFarmerCollectionSerializer.cs	ok	
309	Microsoft.Xml.Serialization.GeneratedAssembly	NetFarmerCollectionSerializer1	Microsoft.Xml.Serialization.GeneratedAssembly/NetFarmerCollectionSerializer1.cs	ok	
310	Microsoft.Xml.Serialization.GeneratedAssembly	NetFarmerRefSerializer	Microsoft.Xml.Serialization.GeneratedAssembly/NetFarmerRefSerializer.cs	ok	
311	Microsoft.Xml.Serialization.GeneratedAssembly	NetFloatSerializer	Microsoft.Xml.Serialization.GeneratedAssembly/NetFloatSerializer.cs	ok	
312	Microsoft.Xml.Serialization.GeneratedAssembly	NetFloatSerializer1	Microsoft.Xml.Serialization.GeneratedAssembly/NetFloatSerializer1.cs	ok	
313	Microsoft.Xml.Serialization.GeneratedAssembly	NetGuidSerializer	Microsoft.Xml.Serialization.GeneratedAssembly/NetGuidSerializer.cs	ok	
314	Microsoft.Xml.Serialization.GeneratedAssembly	NetIntIntArrayDictionarySerializer	Microsoft.Xml.Serialization.GeneratedAssembly/NetIntIntArrayDictionarySerializer.cs	ok	
315	Microsoft.Xml.Serialization.GeneratedAssembly	NetIntSerializer	Microsoft.Xml.Serialization.GeneratedAssembly/NetIntSerializer.cs	ok	
316	Microsoft.Xml.Serialization.GeneratedAssembly	NetIntSerializer1	Microsoft.Xml.Serialization.GeneratedAssembly/NetIntSerializer1.cs	ok	
317	Microsoft.Xml.Serialization.GeneratedAssembly	NetIntSerializer2	Microsoft.Xml.Serialization.GeneratedAssembly/NetIntSerializer2.cs	ok	
318	Microsoft.Xml.Serialization.GeneratedAssembly	NetIntSerializer3	Microsoft.Xml.Serialization.GeneratedAssembly/NetIntSerializer3.cs	ok	
319	Microsoft.Xml.Serialization.GeneratedAssembly	NetIntSerializer4	Microsoft.Xml.Serialization.GeneratedAssembly/NetIntSerializer4.cs	ok	
320	Microsoft.Xml.Serialization.GeneratedAssembly	NetIntSerializer5	Microsoft.Xml.Serialization.GeneratedAssembly/NetIntSerializer5.cs	ok	
321	Microsoft.Xml.Serialization.GeneratedAssembly	NetLocationRefSerializer	Microsoft.Xml.Serialization.GeneratedAssembly/NetLocationRefSerializer.cs	ok	
322	Microsoft.Xml.Serialization.GeneratedAssembly	NetLoggerSerializer	Microsoft.Xml.Serialization.GeneratedAssembly/NetLoggerSerializer.cs	ok	
323	Microsoft.Xml.Serialization.GeneratedAssembly	NetLongSerializer	Microsoft.Xml.Serialization.GeneratedAssembly/NetLongSerializer.cs	ok	
324	Microsoft.Xml.Serialization.GeneratedAssembly	NetLongSerializer1	Microsoft.Xml.Serialization.GeneratedAssembly/NetLongSerializer1.cs	ok	
325	Microsoft.Xml.Serialization.GeneratedAssembly	NetMutexSerializer	Microsoft.Xml.Serialization.GeneratedAssembly/NetMutexSerializer.cs	ok	
326	Microsoft.Xml.Serialization.GeneratedAssembly	NetNPCRefSerializer	Microsoft.Xml.Serialization.GeneratedAssembly/NetNPCRefSerializer.cs	ok	
327	Microsoft.Xml.Serialization.GeneratedAssembly	NetPointSerializer	Microsoft.Xml.Serialization.GeneratedAssembly/NetPointSerializer.cs	ok	
328	Microsoft.Xml.Serialization.GeneratedAssembly	NetPositionSerializer	Microsoft.Xml.Serialization.GeneratedAssembly/NetPositionSerializer.cs	ok	
329	Microsoft.Xml.Serialization.GeneratedAssembly	NetRectangleSerializer	Microsoft.Xml.Serialization.GeneratedAssembly/NetRectangleSerializer.cs	ok	
330	Microsoft.Xml.Serialization.GeneratedAssembly	NetStringIntArrayDictionarySerializer	Microsoft.Xml.Serialization.GeneratedAssembly/NetStringIntArrayDictionarySerializer.cs	ok	
331	Microsoft.Xml.Serialization.GeneratedAssembly	NetStringSerializer	Microsoft.Xml.Serialization.GeneratedAssembly/NetStringSerializer.cs	ok	
332	Microsoft.Xml.Serialization.GeneratedAssembly	NetStringSerializer1	Microsoft.Xml.Serialization.GeneratedAssembly/NetStringSerializer1.cs	ok	
333	Microsoft.Xml.Serialization.GeneratedAssembly	NetStringSerializer2	Microsoft.Xml.Serialization.GeneratedAssembly/NetStringSerializer2.cs	ok	
334	Microsoft.Xml.Serialization.GeneratedAssembly	NetSynchronizerSerializer	Microsoft.Xml.Serialization.GeneratedAssembly/NetSynchronizerSerializer.cs	ok	
335	Microsoft.Xml.Serialization.GeneratedAssembly	NetVector2Serializer	Microsoft.Xml.Serialization.GeneratedAssembly/NetVector2Serializer.cs	ok	
336	Microsoft.Xml.Serialization.GeneratedAssembly	NetVector2Serializer1	Microsoft.Xml.Serialization.GeneratedAssembly/NetVector2Serializer1.cs	ok	
337	Microsoft.Xml.Serialization.GeneratedAssembly	NetVersionSerializer	Microsoft.Xml.Serialization.GeneratedAssembly/NetVersionSerializer.cs	ok	
338	Microsoft.Xml.Serialization.GeneratedAssembly	NetWitnessedLockSerializer	Microsoft.Xml.Serialization.GeneratedAssembly/NetWitnessedLockSerializer.cs	ok	
339	Microsoft.Xml.Serialization.GeneratedAssembly	NewDaySynchronizerSerializer	Microsoft.Xml.Serialization.GeneratedAssembly/NewDaySynchronizerSerializer.cs	ok	
340	Microsoft.Xml.Serialization.GeneratedAssembly	NoiseSerializer	Microsoft.Xml.Serialization.GeneratedAssembly/NoiseSerializer.cs	ok	
341	Microsoft.Xml.Serialization.GeneratedAssembly	NonInstancedStaticSerializer	Microsoft.Xml.Serialization.GeneratedAssembly/NonInstancedStaticSerializer.cs	ok	
342	Microsoft.Xml.Serialization.GeneratedAssembly	NotImplicitNetFieldAttributeSerializer	Microsoft.Xml.Serialization.GeneratedAssembly/NotImplicitNetFieldAttributeSerializer.cs	ok	
343	Microsoft.Xml.Serialization.GeneratedAssembly	NotNetFieldAttributeSerializer	Microsoft.Xml.Serialization.GeneratedAssembly/NotNetFieldAttributeSerializer.cs	ok	
344	Microsoft.Xml.Serialization.GeneratedAssembly	NumberSpriteSerializer	Microsoft.Xml.Serialization.GeneratedAssembly/NumberSpriteSerializer.cs	ok	
345	Microsoft.Xml.Serialization.GeneratedAssembly	ObjectIDSerializer	Microsoft.Xml.Serialization.GeneratedAssembly/ObjectIDSerializer.cs	ok	
346	Microsoft.Xml.Serialization.GeneratedAssembly	ObjectRewardSerializer	Microsoft.Xml.Serialization.GeneratedAssembly/ObjectRewardSerializer.cs	ok	
347	Microsoft.Xml.Serialization.GeneratedAssembly	ObjectSerializer	Microsoft.Xml.Serialization.GeneratedAssembly/ObjectSerializer.cs	ok	
348	Microsoft.Xml.Serialization.GeneratedAssembly	OptionsSerializer	Microsoft.Xml.Serialization.GeneratedAssembly/OptionsSerializer.cs	ok	
349	Microsoft.Xml.Serialization.GeneratedAssembly	OrderObjectiveSerializer	Microsoft.Xml.Serialization.GeneratedAssembly/OrderObjectiveSerializer.cs	ok	
350	Microsoft.Xml.Serialization.GeneratedAssembly	OrderRewardSerializer	Microsoft.Xml.Serialization.GeneratedAssembly/OrderRewardSerializer.cs	ok	
351	Microsoft.Xml.Serialization.GeneratedAssembly	OverlaidDictionarySerializer	Microsoft.Xml.Serialization.GeneratedAssembly/OverlaidDictionarySerializer.cs	ok	
352	Microsoft.Xml.Serialization.GeneratedAssembly	PanEnchantmentSerializer	Microsoft.Xml.Serialization.GeneratedAssembly/PanEnchantmentSerializer.cs	ok	
353	Microsoft.Xml.Serialization.GeneratedAssembly	PanSerializer	Microsoft.Xml.Serialization.GeneratedAssembly/PanSerializer.cs	ok	
354	Microsoft.Xml.Serialization.GeneratedAssembly	PetBowlSerializer	Microsoft.Xml.Serialization.GeneratedAssembly/PetBowlSerializer.cs	ok	
355	Microsoft.Xml.Serialization.GeneratedAssembly	PetLicenseSerializer	Microsoft.Xml.Serialization.GeneratedAssembly/PetLicenseSerializer.cs	ok	
356	Microsoft.Xml.Serialization.GeneratedAssembly	PetSerializer	Microsoft.Xml.Serialization.GeneratedAssembly/PetSerializer.cs	ok	
357	Microsoft.Xml.Serialization.GeneratedAssembly	PhoneSerializer	Microsoft.Xml.Serialization.GeneratedAssembly/PhoneSerializer.cs	ok	
358	Microsoft.Xml.Serialization.GeneratedAssembly	PickaxeEnchantmentSerializer	Microsoft.Xml.Serialization.GeneratedAssembly/PickaxeEnchantmentSerializer.cs	ok	
359	Microsoft.Xml.Serialization.GeneratedAssembly	PickaxeSerializer	Microsoft.Xml.Serialization.GeneratedAssembly/PickaxeSerializer.cs	ok	
360	Microsoft.Xml.Serialization.GeneratedAssembly	PowerfulEnchantmentSerializer	Microsoft.Xml.Serialization.GeneratedAssembly/PowerfulEnchantmentSerializer.cs	ok	
361	Microsoft.Xml.Serialization.GeneratedAssembly	PreconditionsSerializer	Microsoft.Xml.Serialization.GeneratedAssembly/PreconditionsSerializer.cs	ok	
362	Microsoft.Xml.Serialization.GeneratedAssembly	PreserveTypeSerializer	Microsoft.Xml.Serialization.GeneratedAssembly/PreserveTypeSerializer.cs	ok	
363	Microsoft.Xml.Serialization.GeneratedAssembly	PreservingEnchantmentSerializer	Microsoft.Xml.Serialization.GeneratedAssembly/PreservingEnchantmentSerializer.cs	ok	
364	Microsoft.Xml.Serialization.GeneratedAssembly	PriorityQueueSerializer	Microsoft.Xml.Serialization.GeneratedAssembly/PriorityQueueSerializer.cs	ok	
365	Microsoft.Xml.Serialization.GeneratedAssembly	ProjectileSerializer	Microsoft.Xml.Serialization.GeneratedAssembly/ProjectileSerializer.cs	ok	
366	Microsoft.Xml.Serialization.GeneratedAssembly	QuaternionTweenSerializer	Microsoft.Xml.Serialization.GeneratedAssembly/QuaternionTweenSerializer.cs	ok	
367	Microsoft.Xml.Serialization.GeneratedAssembly	QuestSerializer	Microsoft.Xml.Serialization.GeneratedAssembly/QuestSerializer.cs	ok	
368	Microsoft.Xml.Serialization.GeneratedAssembly	RaccoonSerializer	Microsoft.Xml.Serialization.GeneratedAssembly/RaccoonSerializer.cs	ok	
369	Microsoft.Xml.Serialization.GeneratedAssembly	RaceStateSerializer	Microsoft.Xml.Serialization.GeneratedAssembly/RaceStateSerializer.cs	ok	
370	Microsoft.Xml.Serialization.GeneratedAssembly	RacerSerializer	Microsoft.Xml.Serialization.GeneratedAssembly/RacerSerializer.cs	ok	
371	Microsoft.Xml.Serialization.GeneratedAssembly	RaftSerializer	Microsoft.Xml.Serialization.GeneratedAssembly/RaftSerializer.cs	ok	
372	Microsoft.Xml.Serialization.GeneratedAssembly	RailroadSerializer	Microsoft.Xml.Serialization.GeneratedAssembly/RailroadSerializer.cs	ok	
373	Microsoft.Xml.Serialization.GeneratedAssembly	RainDropSerializer	Microsoft.Xml.Serialization.GeneratedAssembly/RainDropSerializer.cs	ok	
374	Microsoft.Xml.Serialization.GeneratedAssembly	RandomizedPlantFurnitureSerializer	Microsoft.Xml.Serialization.GeneratedAssembly/RandomizedPlantFurnitureSerializer.cs	ok	
375	Microsoft.Xml.Serialization.GeneratedAssembly	ReachMineFloorObjectiveSerializer	Microsoft.Xml.Serialization.GeneratedAssembly/ReachMineFloorObjectiveSerializer.cs	ok	
376	Microsoft.Xml.Serialization.GeneratedAssembly	ReachingToolEnchantmentSerializer	Microsoft.Xml.Serialization.GeneratedAssembly/ReachingToolEnchantmentSerializer.cs	ok	
377	Microsoft.Xml.Serialization.GeneratedAssembly	ReadySynchronizerSerializer	Microsoft.Xml.Serialization.GeneratedAssembly/ReadySynchronizerSerializer.cs	ok	
378	Microsoft.Xml.Serialization.GeneratedAssembly	RemoteBuildingPermissionsSerializer	Microsoft.Xml.Serialization.GeneratedAssembly/RemoteBuildingPermissionsSerializer.cs	ok	
379	Microsoft.Xml.Serialization.GeneratedAssembly	ResetEventRewardSerializer	Microsoft.Xml.Serialization.GeneratedAssembly/ResetEventRewardSerializer.cs	ok	
380	Microsoft.Xml.Serialization.GeneratedAssembly	ResourceClumpSerializer	Microsoft.Xml.Serialization.GeneratedAssembly/ResourceClumpSerializer.cs	ok	
381	Microsoft.Xml.Serialization.GeneratedAssembly	ResourceCollectionQuestSerializer	Microsoft.Xml.Serialization.GeneratedAssembly/ResourceCollectionQuestSerializer.cs	ok	
382	Microsoft.Xml.Serialization.GeneratedAssembly	RingSerializer	Microsoft.Xml.Serialization.GeneratedAssembly/RingSerializer.cs	ok	
383	Microsoft.Xml.Serialization.GeneratedAssembly	RockCrabSerializer	Microsoft.Xml.Serialization.GeneratedAssembly/RockCrabSerializer.cs	ok	
384	Microsoft.Xml.Serialization.GeneratedAssembly	RockGolemSerializer	Microsoft.Xml.Serialization.GeneratedAssembly/RockGolemSerializer.cs	ok	
385	Microsoft.Xml.Serialization.GeneratedAssembly	RubyEnchantmentSerializer	Microsoft.Xml.Serialization.GeneratedAssembly/RubyEnchantmentSerializer.cs	ok	
386	Microsoft.Xml.Serialization.GeneratedAssembly	SandDuggySerializer	Microsoft.Xml.Serialization.GeneratedAssembly/SandDuggySerializer.cs	ok	
387	Microsoft.Xml.Serialization.GeneratedAssembly	SaveFixesSerializer	Microsoft.Xml.Serialization.GeneratedAssembly/SaveFixesSerializer.cs	ok	
388	Microsoft.Xml.Serialization.GeneratedAssembly	SaveGameSerializer	Microsoft.Xml.Serialization.GeneratedAssembly/SaveGameSerializer.cs	ok	
389	Microsoft.Xml.Serialization.GeneratedAssembly	SaveMigrator_1_3Serializer	Microsoft.Xml.Serialization.GeneratedAssembly/SaveMigrator_1_3Serializer.cs	ok	
390	Microsoft.Xml.Serialization.GeneratedAssembly	SaveMigrator_1_4Serializer	Microsoft.Xml.Serialization.GeneratedAssembly/SaveMigrator_1_4Serializer.cs	ok	
391	Microsoft.Xml.Serialization.GeneratedAssembly	SaveMigrator_1_5Serializer	Microsoft.Xml.Serialization.GeneratedAssembly/SaveMigrator_1_5Serializer.cs	ok	
392	Microsoft.Xml.Serialization.GeneratedAssembly	SaveMigrator_1_6Serializer	Microsoft.Xml.Serialization.GeneratedAssembly/SaveMigrator_1_6Serializer.cs	ok	
393	Microsoft.Xml.Serialization.GeneratedAssembly	SchedulePathDescriptionSerializer	Microsoft.Xml.Serialization.GeneratedAssembly/SchedulePathDescriptionSerializer.cs	ok	
394	Microsoft.Xml.Serialization.GeneratedAssembly	SecretLostItemQuestSerializer	Microsoft.Xml.Serialization.GeneratedAssembly/SecretLostItemQuestSerializer.cs	ok	
395	Microsoft.Xml.Serialization.GeneratedAssembly	SeedShopSerializer	Microsoft.Xml.Serialization.GeneratedAssembly/SeedShopSerializer.cs	ok	
396	Microsoft.Xml.Serialization.GeneratedAssembly	SerpentSerializer	Microsoft.Xml.Serialization.GeneratedAssembly/SerpentSerializer.cs	ok	
397	Microsoft.Xml.Serialization.GeneratedAssembly	ServerPrivacySerializer	Microsoft.Xml.Serialization.GeneratedAssembly/ServerPrivacySerializer.cs	ok	
398	Microsoft.Xml.Serialization.GeneratedAssembly	SewerSerializer	Microsoft.Xml.Serialization.GeneratedAssembly/SewerSerializer.cs	ok	
399	Microsoft.Xml.Serialization.GeneratedAssembly	ShadowBruteSerializer	Microsoft.Xml.Serialization.GeneratedAssembly/ShadowBruteSerializer.cs	ok	
400	Microsoft.Xml.Serialization.GeneratedAssembly	ShadowGirlSerializer	Microsoft.Xml.Serialization.GeneratedAssembly/ShadowGirlSerializer.cs	ok	
401	Microsoft.Xml.Serialization.GeneratedAssembly	ShadowGuySerializer	Microsoft.Xml.Serialization.GeneratedAssembly/ShadowGuySerializer.cs	ok	
402	Microsoft.Xml.Serialization.GeneratedAssembly	ShadowShamanSerializer	Microsoft.Xml.Serialization.GeneratedAssembly/ShadowShamanSerializer.cs	ok	
403	Microsoft.Xml.Serialization.GeneratedAssembly	ShavingEnchantmentSerializer	Microsoft.Xml.Serialization.GeneratedAssembly/ShavingEnchantmentSerializer.cs	ok	
404	Microsoft.Xml.Serialization.GeneratedAssembly	ShearsEnchantmentSerializer	Microsoft.Xml.Serialization.GeneratedAssembly/ShearsEnchantmentSerializer.cs	ok	
405	Microsoft.Xml.Serialization.GeneratedAssembly	ShearsSerializer	Microsoft.Xml.Serialization.GeneratedAssembly/ShearsSerializer.cs	ok	
406	Microsoft.Xml.Serialization.GeneratedAssembly	ShedSerializer	Microsoft.Xml.Serialization.GeneratedAssembly/ShedSerializer.cs	ok	
407	Microsoft.Xml.Serialization.GeneratedAssembly	ShipObjectiveSerializer	Microsoft.Xml.Serialization.GeneratedAssembly/ShipObjectiveSerializer.cs	ok	
408	Microsoft.Xml.Serialization.GeneratedAssembly	ShippingBinSerializer	Microsoft.Xml.Serialization.GeneratedAssembly/ShippingBinSerializer.cs	ok	
409	Microsoft.Xml.Serialization.GeneratedAssembly	ShooterSerializer	Microsoft.Xml.Serialization.GeneratedAssembly/ShooterSerializer.cs	ok	
410	Microsoft.Xml.Serialization.GeneratedAssembly	ShopLocationSerializer	Microsoft.Xml.Serialization.GeneratedAssembly/ShopLocationSerializer.cs	ok	
411	Microsoft.Xml.Serialization.GeneratedAssembly	SignSerializer	Microsoft.Xml.Serialization.GeneratedAssembly/SignSerializer.cs	ok	
412	Microsoft.Xml.Serialization.GeneratedAssembly	SkeletonSerializer	Microsoft.Xml.Serialization.GeneratedAssembly/SkeletonSerializer.cs	ok	
413	Microsoft.Xml.Serialization.GeneratedAssembly	SlayMonsterQuestSerializer	Microsoft.Xml.Serialization.GeneratedAssembly/SlayMonsterQuestSerializer.cs	ok	
414	Microsoft.Xml.Serialization.GeneratedAssembly	SlayObjectiveSerializer	Microsoft.Xml.Serialization.GeneratedAssembly/SlayObjectiveSerializer.cs	ok	
415	Microsoft.Xml.Serialization.GeneratedAssembly	SleepAnnounceModesSerializer	Microsoft.Xml.Serialization.GeneratedAssembly/SleepAnnounceModesSerializer.cs	ok	
416	Microsoft.Xml.Serialization.GeneratedAssembly	SlimeGathererEnchantmentSerializer	Microsoft.Xml.Serialization.GeneratedAssembly/SlimeGathererEnchantmentSerializer.cs	ok	
417	Microsoft.Xml.Serialization.GeneratedAssembly	SlimeHutchSerializer	Microsoft.Xml.Serialization.GeneratedAssembly/SlimeHutchSerializer.cs	ok	
418	Microsoft.Xml.Serialization.GeneratedAssembly	SlimeSlayerEnchantmentSerializer	Microsoft.Xml.Serialization.GeneratedAssembly/SlimeSlayerEnchantmentSerializer.cs	ok	
419	Microsoft.Xml.Serialization.GeneratedAssembly	SlingshotSerializer	Microsoft.Xml.Serialization.GeneratedAssembly/SlingshotSerializer.cs	ok	
420	Microsoft.Xml.Serialization.GeneratedAssembly	SocializeQuestSerializer	Microsoft.Xml.Serialization.GeneratedAssembly/SocializeQuestSerializer.cs	ok	
421	Microsoft.Xml.Serialization.GeneratedAssembly	SoundContextSerializer	Microsoft.Xml.Serialization.GeneratedAssembly/SoundContextSerializer.cs	ok	
422	Microsoft.Xml.Serialization.GeneratedAssembly	SoundsHelperSerializer	Microsoft.Xml.Serialization.GeneratedAssembly/SoundsHelperSerializer.cs	ok	
423	Microsoft.Xml.Serialization.GeneratedAssembly	SpecialChestTypesSerializer	Microsoft.Xml.Serialization.GeneratedAssembly/SpecialChestTypesSerializer.cs	ok	
424	Microsoft.Xml.Serialization.GeneratedAssembly	SpecialItemSerializer	Microsoft.Xml.Serialization.GeneratedAssembly/SpecialItemSerializer.cs	ok	
425	Microsoft.Xml.Serialization.GeneratedAssembly	SpecialOrderSerializer	Microsoft.Xml.Serialization.GeneratedAssembly/SpecialOrderSerializer.cs	ok	
426	Microsoft.Xml.Serialization.GeneratedAssembly	SpecialOrderStatusSerializer	Microsoft.Xml.Serialization.GeneratedAssembly/SpecialOrderStatusSerializer.cs	ok	
427	Microsoft.Xml.Serialization.GeneratedAssembly	SpikerSerializer	Microsoft.Xml.Serialization.GeneratedAssembly/SpikerSerializer.cs	ok	
428	Microsoft.Xml.Serialization.GeneratedAssembly	SquidKidSerializer	Microsoft.Xml.Serialization.GeneratedAssembly/SquidKidSerializer.cs	ok	
429	Microsoft.Xml.Serialization.GeneratedAssembly	StableSerializer	Microsoft.Xml.Serialization.GeneratedAssembly/StableSerializer.cs	ok	
430	Microsoft.Xml.Serialization.GeneratedAssembly	StackDrawTypeSerializer	Microsoft.Xml.Serialization.GeneratedAssembly/StackDrawTypeSerializer.cs	ok	
431	Microsoft.Xml.Serialization.GeneratedAssembly	StackTraceHelperSerializer	Microsoft.Xml.Serialization.GeneratedAssembly/StackTraceHelperSerializer.cs	ok	
432	Microsoft.Xml.Serialization.GeneratedAssembly	StartMovieEventSerializer	Microsoft.Xml.Serialization.GeneratedAssembly/StartMovieEventSerializer.cs	ok	
433	Microsoft.Xml.Serialization.GeneratedAssembly	StartupPreferencesSerializer	Microsoft.Xml.Serialization.GeneratedAssembly/StartupPreferencesSerializer.cs	ok	
434	Microsoft.Xml.Serialization.GeneratedAssembly	StatKeysSerializer	Microsoft.Xml.Serialization.GeneratedAssembly/StatKeysSerializer.cs	ok	
435	Microsoft.Xml.Serialization.GeneratedAssembly	StateSerializer	Microsoft.Xml.Serialization.GeneratedAssembly/StateSerializer.cs	ok	
436	Microsoft.Xml.Serialization.GeneratedAssembly	StateSerializer1	Microsoft.Xml.Serialization.GeneratedAssembly/StateSerializer1.cs	ok	
437	Microsoft.Xml.Serialization.GeneratedAssembly	StatsSerializer	Microsoft.Xml.Serialization.GeneratedAssembly/StatsSerializer.cs	ok	
438	Microsoft.Xml.Serialization.GeneratedAssembly	StopBehaviorSerializer	Microsoft.Xml.Serialization.GeneratedAssembly/StopBehaviorSerializer.cs	ok	
439	Microsoft.Xml.Serialization.GeneratedAssembly	StorageFurnitureSerializer	Microsoft.Xml.Serialization.GeneratedAssembly/StorageFurnitureSerializer.cs	ok	
440	Microsoft.Xml.Serialization.GeneratedAssembly	SubmarineSerializer	Microsoft.Xml.Serialization.GeneratedAssembly/SubmarineSerializer.cs	ok	
441	Microsoft.Xml.Serialization.GeneratedAssembly	SummitSerializer	Microsoft.Xml.Serialization.GeneratedAssembly/SummitSerializer.cs	ok	
442	Microsoft.Xml.Serialization.GeneratedAssembly	SwiftToolEnchantmentSerializer	Microsoft.Xml.Serialization.GeneratedAssembly/SwiftToolEnchantmentSerializer.cs	ok	
443	Microsoft.Xml.Serialization.GeneratedAssembly	SynchronizedShopStockSerializer	Microsoft.Xml.Serialization.GeneratedAssembly/SynchronizedShopStockSerializer.cs	ok	
444	Microsoft.Xml.Serialization.GeneratedAssembly	TVSerializer	Microsoft.Xml.Serialization.GeneratedAssembly/TVSerializer.cs	ok	
445	Microsoft.Xml.Serialization.GeneratedAssembly	TapStateSerializer	Microsoft.Xml.Serialization.GeneratedAssembly/TapStateSerializer.cs	ok	
446	Microsoft.Xml.Serialization.GeneratedAssembly	TentSerializer	Microsoft.Xml.Serialization.GeneratedAssembly/TentSerializer.cs	ok	
447	Microsoft.Xml.Serialization.GeneratedAssembly	TerrainFeatureSerializer	Microsoft.Xml.Serialization.GeneratedAssembly/TerrainFeatureSerializer.cs	ok	
448	Microsoft.Xml.Serialization.GeneratedAssembly	TokenParserSerializer	Microsoft.Xml.Serialization.GeneratedAssembly/TokenParserSerializer.cs	ok	
449	Microsoft.Xml.Serialization.GeneratedAssembly	ToolSerializer	Microsoft.Xml.Serialization.GeneratedAssembly/ToolSerializer.cs	ok	
450	Microsoft.Xml.Serialization.GeneratedAssembly	ToolSpamInputSimulatorSerializer	Microsoft.Xml.Serialization.GeneratedAssembly/ToolSpamInputSimulatorSerializer.cs	ok	
451	Microsoft.Xml.Serialization.GeneratedAssembly	TopazEnchantmentSerializer	Microsoft.Xml.Serialization.GeneratedAssembly/TopazEnchantmentSerializer.cs	ok	
452	Microsoft.Xml.Serialization.GeneratedAssembly	TorchSerializer	Microsoft.Xml.Serialization.GeneratedAssembly/TorchSerializer.cs	ok	
453	Microsoft.Xml.Serialization.GeneratedAssembly	TownSerializer	Microsoft.Xml.Serialization.GeneratedAssembly/TownSerializer.cs	ok	
454	Microsoft.Xml.Serialization.GeneratedAssembly	TranslationValidatorIssueSerializer	Microsoft.Xml.Serialization.GeneratedAssembly/TranslationValidatorIssueSerializer.cs	ok	
455	Microsoft.Xml.Serialization.GeneratedAssembly	TranslationValidatorSerializer	Microsoft.Xml.Serialization.GeneratedAssembly/TranslationValidatorSerializer.cs	ok	
456	Microsoft.Xml.Serialization.GeneratedAssembly	TrashBearSerializer	Microsoft.Xml.Serialization.GeneratedAssembly/TrashBearSerializer.cs	ok	
457	Microsoft.Xml.Serialization.GeneratedAssembly	TreeSerializer	Microsoft.Xml.Serialization.GeneratedAssembly/TreeSerializer.cs	ok	
458	Microsoft.Xml.Serialization.GeneratedAssembly	TrinketSerializer	Microsoft.Xml.Serialization.GeneratedAssembly/TrinketSerializer.cs	ok	
459	Microsoft.Xml.Serialization.GeneratedAssembly	TunnelAnimationStateSerializer	Microsoft.Xml.Serialization.GeneratedAssembly/TunnelAnimationStateSerializer.cs	ok	
460	Microsoft.Xml.Serialization.GeneratedAssembly	TweenStateSerializer	Microsoft.Xml.Serialization.GeneratedAssembly/TweenStateSerializer.cs	ok	
461	Microsoft.Xml.Serialization.GeneratedAssembly	VampiricEnchantmentSerializer	Microsoft.Xml.Serialization.GeneratedAssembly/VampiricEnchantmentSerializer.cs	ok	
462	Microsoft.Xml.Serialization.GeneratedAssembly	Vector2ReaderSerializer	Microsoft.Xml.Serialization.GeneratedAssembly/Vector2ReaderSerializer.cs	ok	
463	Microsoft.Xml.Serialization.GeneratedAssembly	Vector2SerializerSerializer	Microsoft.Xml.Serialization.GeneratedAssembly/Vector2SerializerSerializer.cs	ok	
464	Microsoft.Xml.Serialization.GeneratedAssembly	Vector2TweenSerializer	Microsoft.Xml.Serialization.GeneratedAssembly/Vector2TweenSerializer.cs	ok	
465	Microsoft.Xml.Serialization.GeneratedAssembly	Vector2WriterSerializer	Microsoft.Xml.Serialization.GeneratedAssembly/Vector2WriterSerializer.cs	ok	
466	Microsoft.Xml.Serialization.GeneratedAssembly	Vector3TweenSerializer	Microsoft.Xml.Serialization.GeneratedAssembly/Vector3TweenSerializer.cs	ok	
467	Microsoft.Xml.Serialization.GeneratedAssembly	Vector4TweenSerializer	Microsoft.Xml.Serialization.GeneratedAssembly/Vector4TweenSerializer.cs	ok	
468	Microsoft.Xml.Serialization.GeneratedAssembly	WalkDirectionSerializer	Microsoft.Xml.Serialization.GeneratedAssembly/WalkDirectionSerializer.cs	ok	
469	Microsoft.Xml.Serialization.GeneratedAssembly	WallpaperSerializer	Microsoft.Xml.Serialization.GeneratedAssembly/WallpaperSerializer.cs	ok	
470	Microsoft.Xml.Serialization.GeneratedAssembly	WandSerializer	Microsoft.Xml.Serialization.GeneratedAssembly/WandSerializer.cs	ok	
471	Microsoft.Xml.Serialization.GeneratedAssembly	WarpSerializer	Microsoft.Xml.Serialization.GeneratedAssembly/WarpSerializer.cs	ok	
472	Microsoft.Xml.Serialization.GeneratedAssembly	WateringCanEnchantmentSerializer	Microsoft.Xml.Serialization.GeneratedAssembly/WateringCanEnchantmentSerializer.cs	ok	
473	Microsoft.Xml.Serialization.GeneratedAssembly	WateringCanSerializer	Microsoft.Xml.Serialization.GeneratedAssembly/WateringCanSerializer.cs	ok	
474	Microsoft.Xml.Serialization.GeneratedAssembly	WeaponControlSerializer	Microsoft.Xml.Serialization.GeneratedAssembly/WeaponControlSerializer.cs	ok	
475	Microsoft.Xml.Serialization.GeneratedAssembly	WeaponSpeedEnchantmentSerializer	Microsoft.Xml.Serialization.GeneratedAssembly/WeaponSpeedEnchantmentSerializer.cs	ok	
476	Microsoft.Xml.Serialization.GeneratedAssembly	WeatherDebrisSerializer	Microsoft.Xml.Serialization.GeneratedAssembly/WeatherDebrisSerializer.cs	ok	
477	Microsoft.Xml.Serialization.GeneratedAssembly	WizardHouseSerializer	Microsoft.Xml.Serialization.GeneratedAssembly/WizardHouseSerializer.cs	ok	
478	Microsoft.Xml.Serialization.GeneratedAssembly	WoodChipperSerializer	Microsoft.Xml.Serialization.GeneratedAssembly/WoodChipperSerializer.cs	ok	
479	Microsoft.Xml.Serialization.GeneratedAssembly	WoodsSerializer	Microsoft.Xml.Serialization.GeneratedAssembly/WoodsSerializer.cs	ok	
480	Microsoft.Xml.Serialization.GeneratedAssembly	WorkbenchSerializer	Microsoft.Xml.Serialization.GeneratedAssembly/WorkbenchSerializer.cs	ok	
481	Microsoft.Xml.Serialization.GeneratedAssembly	WorldDateSerializer	Microsoft.Xml.Serialization.GeneratedAssembly/WorldDateSerializer.cs	ok	
482	Microsoft.Xml.Serialization.GeneratedAssembly	XmlSerializationReader1	Microsoft.Xml.Serialization.GeneratedAssembly/XmlSerializationReader1.cs	ok	
483	Microsoft.Xml.Serialization.GeneratedAssembly	XmlSerializationWriter1	Microsoft.Xml.Serialization.GeneratedAssembly/XmlSerializationWriter1.cs	ok	
484	Microsoft.Xml.Serialization.GeneratedAssembly	XmlSerializer1	Microsoft.Xml.Serialization.GeneratedAssembly/XmlSerializer1.cs	ok	
485	Microsoft.Xml.Serialization.GeneratedAssembly	XmlSerializerContract	Microsoft.Xml.Serialization.GeneratedAssembly/XmlSerializerContract.cs	ok	
486	Netcode	AbstractNetEvent1`1	Netcode/AbstractNetEvent1_1.cs	ok	
487	Netcode	AbstractNetSerializable	Netcode/AbstractNetSerializable.cs	ok	
488	Netcode	BinaryReaderWriterExtensions	Netcode/BinaryReaderWriterExtensions.cs	ok	
489	Netcode	FieldChange`2	Netcode/FieldChange_2.cs	ok	
490	Netcode	ILoggingWriter	Netcode/ILoggingWriter.cs	ok	
491	Netcode	INetObject`1	Netcode/INetObject_1.cs	ok	
492	Netcode	INetRoot	Netcode/INetRoot.cs	ok	
493	Netcode	INetSerializable	Netcode/INetSerializable.cs	ok	
494	Netcode	InterpolationCancellable	Netcode/InterpolationCancellable.cs	ok	
495	Netcode	NetArray`2	Netcode/NetArray_2.cs	ok	
496	Netcode	NetBool	Netcode/NetBool.cs	ok	
497	Netcode	NetByte	Netcode/NetByte.cs	ok	
498	Netcode	NetClock	Netcode/NetClock.cs	ok	
499	Netcode	NetCollection`1	Netcode/NetCollection_1.cs	ok	
500	Netcode	NetColor	Netcode/NetColor.cs	ok	
501	Netcode	NetDictionary`5	Netcode/NetDictionary_5.cs	ok	
502	Netcode	NetDouble	Netcode/NetDouble.cs	ok	
503	Netcode	NetEnum`1	Netcode/NetEnum_1.cs	ok	
504	Netcode	NetEvent0	Netcode/NetEvent0.cs	ok	
505	Netcode	NetEvent1Field`2	Netcode/NetEvent1Field_2.cs	ok	
506	Netcode	NetEvent1`1	Netcode/NetEvent1_1.cs	ok	
507	Netcode	NetEventArg	Netcode/NetEventArg.cs	ok	
508	Netcode	NetEventBinary	Netcode/NetEventBinary.cs	ok	
509	Netcode	NetExtendableRef`2	Netcode/NetExtendableRef_2.cs	ok	
510	Netcode	NetFieldBase`2	Netcode/NetFieldBase_2.cs	ok	
511	Netcode	NetFieldDictionary`5	Netcode/NetFieldDictionary_5.cs	ok	
512	Netcode	NetField`2	Netcode/NetField_2.cs	ok	
513	Netcode	NetFields	Netcode/NetFields.cs	ok	
514	Netcode	NetFloat	Netcode/NetFloat.cs	ok	
515	Netcode	NetGuid	Netcode/NetGuid.cs	ok	
516	Netcode	NetGuidDictionary`2	Netcode/NetGuidDictionary_2.cs	ok	
517	Netcode	NetHashSet`1	Netcode/NetHashSet_1.cs	ok	
518	Netcode	NetHelper	Netcode/NetHelper.cs	ok	
519	Netcode	NetInt	Netcode/NetInt.cs	ok	
520	Netcode	NetIntDelta	Netcode/NetIntDelta.cs	ok	
521	Netcode	NetIntHashSet	Netcode/NetIntHashSet.cs	ok	
522	Netcode	NetIntList	Netcode/NetIntList.cs	ok	
523	Netcode	NetList`2	Netcode/NetList_2.cs	ok	
524	Netcode	NetLong	Netcode/NetLong.cs	ok	
525	Netcode	NetLongList	Netcode/NetLongList.cs	ok	
526	Netcode	NetNullableEnum`1	Netcode/NetNullableEnum_1.cs	ok	
527	Netcode	NetObjectArray`1	Netcode/NetObjectArray_1.cs	ok	
528	Netcode	NetObjectList`1	Netcode/NetObjectList_1.cs	ok	
529	Netcode	NetObjectShrinkList`1	Netcode/NetObjectShrinkList_1.cs	ok	
530	Netcode	NetPoint	Netcode/NetPoint.cs	ok	
531	Netcode	NetRectangle	Netcode/NetRectangle.cs	ok	
532	Netcode	NetRefBase`2	Netcode/NetRefBase_2.cs	ok	
533	Netcode	NetRefTypes	Netcode/NetRefTypes.cs	ok	
534	Netcode	NetRef`1	Netcode/NetRef_1.cs	ok	
535	Netcode	NetRootDictionary`2	Netcode/NetRootDictionary_2.cs	ok	
536	Netcode	NetRoot`1	Netcode/NetRoot_1.cs	ok	
537	Netcode	NetRotation	Netcode/NetRotation.cs	ok	
538	Netcode	NetString	Netcode/NetString.cs	ok	
539	Netcode	NetStringHashSet	Netcode/NetStringHashSet.cs	ok	
540	Netcode	NetStringList	Netcode/NetStringList.cs	ok	
541	Netcode	NetVector2	Netcode/NetVector2.cs	ok	
542	Netcode	NetVector2HashSet	Netcode/NetVector2HashSet.cs	ok	
543	Netcode	NetVersion	Netcode/NetVersion.cs	ok	
544	Netcode	SerializationCollectionFacade`1	Netcode/SerializationCollectionFacade_1.cs	ok	
545	Netcode	SerializationFacade`1	Netcode/SerializationFacade_1.cs	ok	
546	Netcode.Validation	NetFieldValidator	Netcode.Validation/NetFieldValidator.cs	ok	
547	Netcode.Validation	NetFieldValidatorEntry	Netcode.Validation/NetFieldValidatorEntry.cs	ok	
548	Netcode.Validation	NotImplicitNetFieldAttribute	Netcode.Validation/NotImplicitNetFieldAttribute.cs	ok	
549	Netcode.Validation	NotNetFieldAttribute	Netcode.Validation/NotNetFieldAttribute.cs	ok	
550	Sickhead.Engine.Util	MemberInfoExtensions	Sickhead.Engine.Util/MemberInfoExtensions.cs	ok	
551	StardewValley	AbortNetSynchronizerException	StardewValley/AbortNetSynchronizerException.cs	ok	
552	StardewValley	AnimalHouse	StardewValley/AnimalHouse.cs	ok	
553	StardewValley	AnimatedSprite	StardewValley/AnimatedSprite.cs	ok	
554	StardewValley	ArgUtility	StardewValley/ArgUtility.cs	ok	
555	StardewValley	Background	StardewValley/Background.cs	ok	
556	StardewValley	BatTemporarySprite	StardewValley/BatTemporarySprite.cs	ok	
557	StardewValley	Buff	StardewValley/Buff.cs	ok	
558	StardewValley	BuildingPaintColor	StardewValley/BuildingPaintColor.cs	ok	
559	StardewValley	BuildingPainter	StardewValley/BuildingPainter.cs	ok	
560	StardewValley	BundleGenerator	StardewValley/BundleGenerator.cs	ok	
561	StardewValley	BundleType	StardewValley/BundleType.cs	ok	
562	StardewValley	ButtonCollection	StardewValley/ButtonCollection.cs	ok	
563	StardewValley	CachedMultiplayerMap	StardewValley/CachedMultiplayerMap.cs	ok	
564	StardewValley	ChangeType	StardewValley/ChangeType.cs	ok	
565	StardewValley	Character	StardewValley/Character.cs	ok	
566	StardewValley	ChatCommands	StardewValley/ChatCommands.cs	ok	
567	StardewValley	Chunk	StardewValley/Chunk.cs	ok	
568	StardewValley	CloudSync	StardewValley/CloudSync.cs	ok	
569	StardewValley	CollisionMask	StardewValley/CollisionMask.cs	ok	
570	StardewValley	CosmeticDebris	StardewValley/CosmeticDebris.cs	ok	
571	StardewValley	CraftingRecipe	StardewValley/CraftingRecipe.cs	ok	
572	StardewValley	Crop	StardewValley/Crop.cs	ok	
573	StardewValley	CueWrapper	StardewValley/CueWrapper.cs	ok	
574	StardewValley	DataLoader	StardewValley/DataLoader.cs	ok	
575	StardewValley	Debris	StardewValley/Debris.cs	ok	
576	StardewValley	DebugCommands	StardewValley/DebugCommands.cs	ok	
577	StardewValley	DebugMetricsComponent	StardewValley/DebugMetricsComponent.cs	ok	
578	StardewValley	DebugTimings	StardewValley/DebugTimings.cs	ok	
579	StardewValley	DebugTools	StardewValley/DebugTools.cs	ok	
580	StardewValley	DelayedAction	StardewValley/DelayedAction.cs	ok	
581	StardewValley	DesktopClipboard	StardewValley/DesktopClipboard.cs	ok	
582	StardewValley	Dialogue	StardewValley/Dialogue.cs	ok	
583	StardewValley	DialogueLine	StardewValley/DialogueLine.cs	ok	
584	StardewValley	DisposableList`1	StardewValley/DisposableList_1.cs	ok	
585	StardewValley	DummyCue	StardewValley/DummyCue.cs	ok	
586	StardewValley	DummySoundBank	StardewValley/DummySoundBank.cs	ok	
587	StardewValley	Event	StardewValley/Event.cs	ok	
588	StardewValley	EventContext	StardewValley/EventContext.cs	ok	
589	StardewValley	EventScript_GreenTea	StardewValley/EventScript_GreenTea.cs	ok	
590	StardewValley	Farm	StardewValley/Farm.cs	ok	
591	StardewValley	FarmAnimal	StardewValley/FarmAnimal.cs	ok	
592	StardewValley	Farmer	StardewValley/Farmer.cs	ok	
593	StardewValley	FarmerPair	StardewValley/FarmerPair.cs	ok	
594	StardewValley	FarmerRenderer	StardewValley/FarmerRenderer.cs	ok	
595	StardewValley	FarmerSprite	StardewValley/FarmerSprite.cs	ok	
596	StardewValley	FarmerTeam	StardewValley/FarmerTeam.cs	ok	
597	StardewValley	Fence	StardewValley/Fence.cs	ok	
598	StardewValley	Friendship	StardewValley/Friendship.cs	ok	
599	StardewValley	FriendshipStatus	StardewValley/FriendshipStatus.cs	ok	
600	StardewValley	Game1	StardewValley/Game1.cs	ok	
601	StardewValley	GameLocation	StardewValley/GameLocation.cs	ok	
602	StardewValley	GameRunner	StardewValley/GameRunner.cs	ok	
603	StardewValley	GameStateQuery	StardewValley/GameStateQuery.cs	ok	
604	StardewValley	HUDMessage	StardewValley/HUDMessage.cs	ok	
605	StardewValley	HairStyleMetadata	StardewValley/HairStyleMetadata.cs	ok	
606	StardewValley	HouseRenovation	StardewValley/HouseRenovation.cs	ok	
607	StardewValley	IAnimalLocation	StardewValley/IAnimalLocation.cs	ok	
608	StardewValley	ICue	StardewValley/ICue.cs	ok	
609	StardewValley	ICustomEventScript	StardewValley/ICustomEventScript.cs	ok	
610	StardewValley	IHaveModData	StardewValley/IHaveModData.cs	ok	
611	StardewValley	IKeyboardSubscriber	StardewValley/IKeyboardSubscriber.cs	ok	
612	StardewValley	ISalable	StardewValley/ISalable.cs	ok	
613	StardewValley	ISittable	StardewValley/ISittable.cs	ok	
614	StardewValley	ISoundBank	StardewValley/ISoundBank.cs	ok	
615	StardewValley	InputButton	StardewValley/InputButton.cs	ok	
616	StardewValley	InputState	StardewValley/InputState.cs	ok	
617	StardewValley	InstanceGame	StardewValley/InstanceGame.cs	ok	
618	StardewValley	InstanceStatics	StardewValley/InstanceStatics.cs	ok	
619	StardewValley	InstancedStatic	StardewValley/InstancedStatic.cs	ok	
620	StardewValley	InteriorDoor	StardewValley/InteriorDoor.cs	ok	
621	StardewValley	InteriorDoorDictionary	StardewValley/InteriorDoorDictionary.cs	ok	
622	StardewValley	IslandGemBird	StardewValley/IslandGemBird.cs	ok	
623	StardewValley	Item	StardewValley/Item.cs	ok	
624	StardewValley	ItemContextTagManager	StardewValley/ItemContextTagManager.cs	ok	
625	StardewValley	ItemRegistry	StardewValley/ItemRegistry.cs	ok	
626	StardewValley	ItemStockInformation	StardewValley/ItemStockInformation.cs	ok	
627	StardewValley	KeyboardDispatcher	StardewValley/KeyboardDispatcher.cs	ok	
628	StardewValley	LegacyShims	StardewValley/LegacyShims.cs	ok	
629	StardewValley	LightSource	StardewValley/LightSource.cs	ok	
630	StardewValley	LocalMultiplayer	StardewValley/LocalMultiplayer.cs	ok	
631	StardewValley	LocalizedContentManager	StardewValley/LocalizedContentManager.cs	ok	
632	StardewValley	LocationContexts	StardewValley/LocationContexts.cs	ok	
633	StardewValley	LocationRequest	StardewValley/LocationRequest.cs	ok	
634	StardewValley	LoggingBinaryWriter	StardewValley/LoggingBinaryWriter.cs	ok	
635	StardewValley	MachineDataUtility	StardewValley/MachineDataUtility.cs	ok	
636	StardewValley	MapSeat	StardewValley/MapSeat.cs	ok	
637	StardewValley	MarriageDialogueReference	StardewValley/MarriageDialogueReference.cs	ok	
638	StardewValley	MineChestType	StardewValley/MineChestType.cs	ok	
639	StardewValley	MovieConcession	StardewValley/MovieConcession.cs	ok	
640	StardewValley	MovieInvitation	StardewValley/MovieInvitation.cs	ok	
641	StardewValley	MovieViewerLockEvent	StardewValley/MovieViewerLockEvent.cs	ok	
642	StardewValley	Multiplayer	StardewValley/Multiplayer.cs	ok	
643	StardewValley	MultipleMutexRequest	StardewValley/MultipleMutexRequest.cs	ok	
644	StardewValley	NPC	StardewValley/NPC.cs	ok	
645	StardewValley	NPCController	StardewValley/NPCController.cs	ok	
646	StardewValley	NPCDialogueResponse	StardewValley/NPCDialogueResponse.cs	ok	
647	StardewValley	NetFarmerPairDictionary`2	StardewValley/NetFarmerPairDictionary_2.cs	ok	
648	StardewValley	NetIntIntArrayDictionary	StardewValley/NetIntIntArrayDictionary.cs	ok	
649	StardewValley	NetLogRecord	StardewValley/NetLogRecord.cs	ok	
650	StardewValley	NetLogger	StardewValley/NetLogger.cs	ok	
651	StardewValley	NetStringIntArrayDictionary	StardewValley/NetStringIntArrayDictionary.cs	ok	
652	StardewValley	NetSynchronizer	StardewValley/NetSynchronizer.cs	ok	
653	StardewValley	NewDaySynchronizer	StardewValley/NewDaySynchronizer.cs	ok	
654	StardewValley	Noise	StardewValley/Noise.cs	ok	
655	StardewValley	NoiseGenerator	StardewValley/NoiseGenerator.cs	ok	
656	StardewValley	NonInstancedStatic	StardewValley/NonInstancedStatic.cs	ok	
657	StardewValley	NumberSprite	StardewValley/NumberSprite.cs	ok	
658	StardewValley	Object	StardewValley/Object.cs	ok	
659	StardewValley	Options	StardewValley/Options.cs	ok	
660	StardewValley	Preconditions	StardewValley/Preconditions.cs	ok	
661	StardewValley	Program	StardewValley/Program.cs	ok	
662	StardewValley	Prop	StardewValley/Prop.cs	ok	
663	StardewValley	Proposal	StardewValley/Proposal.cs	ok	
664	StardewValley	ProposalResponse	StardewValley/ProposalResponse.cs	ok	
665	StardewValley	ProposalType	StardewValley/ProposalType.cs	ok	
666	StardewValley	PurchaseableKeyItem	StardewValley/PurchaseableKeyItem.cs	ok	
667	StardewValley	RainDrop	StardewValley/RainDrop.cs	ok	
668	StardewValley	ReportHasRoomAnotherFarmDelegate	StardewValley/ReportHasRoomAnotherFarmDelegate.cs	ok	
669	StardewValley	Response	StardewValley/Response.cs	ok	
670	StardewValley	Rumble	StardewValley/Rumble.cs	ok	
671	StardewValley	SaveGame	StardewValley/SaveGame.cs	ok	
672	StardewValley	SeaMonsterTemporarySprite	StardewValley/SeaMonsterTemporarySprite.cs	ok	
673	StardewValley	SerializableDictionaryWithCaseInsensitiveKeys`1	StardewValley/SerializableDictionaryWithCaseInsensitiveKeys_1.cs	ok	
674	StardewValley	SerializableDictionary`2	StardewValley/SerializableDictionary_2.cs	ok	
675	StardewValley	ServerPrivacy	StardewValley/ServerPrivacy.cs	ok	
676	StardewValley	Shed	StardewValley/Shed.cs	ok	
677	StardewValley	SlimeHutch	StardewValley/SlimeHutch.cs	ok	
678	StardewValley	SoundBankWrapper	StardewValley/SoundBankWrapper.cs	ok	
679	StardewValley	StackDrawType	StardewValley/StackDrawType.cs	ok	
680	StardewValley	StartMovieEvent	StardewValley/StartMovieEvent.cs	ok	
681	StardewValley	StartupPreferences	StardewValley/StartupPreferences.cs	ok	
682	StardewValley	Stats	StardewValley/Stats.cs	ok	
683	StardewValley	StatsDictionary`1	StardewValley/StatsDictionary_1.cs	ok	
684	StardewValley	StringBuilderFormatEx	StardewValley/StringBuilderFormatEx.cs	ok	
685	StardewValley	TemporaryAnimatedSprite	StardewValley/TemporaryAnimatedSprite.cs	ok	
686	StardewValley	TemporaryAnimatedSpriteList	StardewValley/TemporaryAnimatedSpriteList.cs	ok	
687	StardewValley	TilePositionComparer	StardewValley/TilePositionComparer.cs	ok	
688	StardewValley	Tool	StardewValley/Tool.cs	ok	
689	StardewValley	Torch	StardewValley/Torch.cs	ok	
690	StardewValley	TutorialMessage	StardewValley/TutorialMessage.cs	ok	
691	StardewValley	Utility	StardewValley/Utility.cs	ok	
692	StardewValley	Warp	StardewValley/Warp.cs	ok	
693	StardewValley	WaterTiles	StardewValley/WaterTiles.cs	ok	
694	StardewValley	WeatherDebris	StardewValley/WeatherDebris.cs	ok	
695	StardewValley	WorldDate	StardewValley/WorldDate.cs	ok	
696	StardewValley	iOSStuff	StardewValley/iOSStuff.cs	ok	
697	StardewValley.Audio	AudioCategoryWrapper	StardewValley.Audio/AudioCategoryWrapper.cs	ok	
698	StardewValley.Audio	AudioCueModificationManager	StardewValley.Audio/AudioCueModificationManager.cs	ok	
699	StardewValley.Audio	AudioEngineWrapper	StardewValley.Audio/AudioEngineWrapper.cs	ok	
700	StardewValley.Audio	DummyAudioCategory	StardewValley.Audio/DummyAudioCategory.cs	ok	
701	StardewValley.Audio	DummyAudioEngine	StardewValley.Audio/DummyAudioEngine.cs	ok	
702	StardewValley.Audio	IAudioCategory	StardewValley.Audio/IAudioCategory.cs	ok	
703	StardewValley.Audio	IAudioEngine	StardewValley.Audio/IAudioEngine.cs	ok	
704	StardewValley.Audio	ISoundsHelper	StardewValley.Audio/ISoundsHelper.cs	ok	
705	StardewValley.Audio	LoopingCueManager	StardewValley.Audio/LoopingCueManager.cs	ok	
706	StardewValley.Audio	SoundContext	StardewValley.Audio/SoundContext.cs	ok	
707	StardewValley.Audio	SoundsHelper	StardewValley.Audio/SoundsHelper.cs	ok	
708	StardewValley.BellsAndWhistles	AmbientLocationSounds	StardewValley.BellsAndWhistles/AmbientLocationSounds.cs	ok	
709	StardewValley.BellsAndWhistles	Bird	StardewValley.BellsAndWhistles/Bird.cs	ok	
710	StardewValley.BellsAndWhistles	Birdie	StardewValley.BellsAndWhistles/Birdie.cs	ok	
711	StardewValley.BellsAndWhistles	Butterfly	StardewValley.BellsAndWhistles/Butterfly.cs	ok	
712	StardewValley.BellsAndWhistles	CalderaMonkey	StardewValley.BellsAndWhistles/CalderaMonkey.cs	ok	
713	StardewValley.BellsAndWhistles	Cloud	StardewValley.BellsAndWhistles/Cloud.cs	ok	
714	StardewValley.BellsAndWhistles	CrabCritter	StardewValley.BellsAndWhistles/CrabCritter.cs	ok	
715	StardewValley.BellsAndWhistles	Critter	StardewValley.BellsAndWhistles/Critter.cs	ok	
716	StardewValley.BellsAndWhistles	Crow	StardewValley.BellsAndWhistles/Crow.cs	ok	
717	StardewValley.BellsAndWhistles	EmilysParrot	StardewValley.BellsAndWhistles/EmilysParrot.cs	ok	
718	StardewValley.BellsAndWhistles	Firefly	StardewValley.BellsAndWhistles/Firefly.cs	ok	
719	StardewValley.BellsAndWhistles	Frog	StardewValley.BellsAndWhistles/Frog.cs	ok	
720	StardewValley.BellsAndWhistles	Lexicon	StardewValley.BellsAndWhistles/Lexicon.cs	ok	
721	StardewValley.BellsAndWhistles	MoneyDial	StardewValley.BellsAndWhistles/MoneyDial.cs	ok	
722	StardewValley.BellsAndWhistles	Opossum	StardewValley.BellsAndWhistles/Opossum.cs	ok	
723	StardewValley.BellsAndWhistles	OverheadParrot	StardewValley.BellsAndWhistles/OverheadParrot.cs	ok	
724	StardewValley.BellsAndWhistles	Owl	StardewValley.BellsAndWhistles/Owl.cs	ok	
725	StardewValley.BellsAndWhistles	ParrotPlatform	StardewValley.BellsAndWhistles/ParrotPlatform.cs	ok	
726	StardewValley.BellsAndWhistles	ParrotUpgradePerch	StardewValley.BellsAndWhistles/ParrotUpgradePerch.cs	ok	
727	StardewValley.BellsAndWhistles	PerchingBirds	StardewValley.BellsAndWhistles/PerchingBirds.cs	ok	
728	StardewValley.BellsAndWhistles	PlayerStatusList	StardewValley.BellsAndWhistles/PlayerStatusList.cs	ok	
729	StardewValley.BellsAndWhistles	Rabbit	StardewValley.BellsAndWhistles/Rabbit.cs	ok	
730	StardewValley.BellsAndWhistles	SandDuggy	StardewValley.BellsAndWhistles/SandDuggy.cs	ok	
731	StardewValley.BellsAndWhistles	ScreenFade	StardewValley.BellsAndWhistles/ScreenFade.cs	ok	
732	StardewValley.BellsAndWhistles	ScreenSwipe	StardewValley.BellsAndWhistles/ScreenSwipe.cs	ok	
733	StardewValley.BellsAndWhistles	Seagull	StardewValley.BellsAndWhistles/Seagull.cs	ok	
734	StardewValley.BellsAndWhistles	SebsFrogs	StardewValley.BellsAndWhistles/SebsFrogs.cs	ok	
735	StardewValley.BellsAndWhistles	SparklingText	StardewValley.BellsAndWhistles/SparklingText.cs	ok	
736	StardewValley.BellsAndWhistles	SpriteText	StardewValley.BellsAndWhistles/SpriteText.cs	ok	
737	StardewValley.BellsAndWhistles	Squirrel	StardewValley.BellsAndWhistles/Squirrel.cs	ok	
738	StardewValley.BellsAndWhistles	SuspensionBridge	StardewValley.BellsAndWhistles/SuspensionBridge.cs	ok	
739	StardewValley.BellsAndWhistles	Train	StardewValley.BellsAndWhistles/Train.cs	ok	
740	StardewValley.BellsAndWhistles	TrainCar	StardewValley.BellsAndWhistles/TrainCar.cs	ok	
741	StardewValley.BellsAndWhistles	Woodpecker	StardewValley.BellsAndWhistles/Woodpecker.cs	ok	
742	StardewValley.Buffs	BuffAttributeDisplay	StardewValley.Buffs/BuffAttributeDisplay.cs	ok	
743	StardewValley.Buffs	BuffEffects	StardewValley.Buffs/BuffEffects.cs	ok	
744	StardewValley.Buffs	BuffManager	StardewValley.Buffs/BuffManager.cs	ok	
745	StardewValley.Buildings	Barn	StardewValley.Buildings/Barn.cs	ok	
746	StardewValley.Buildings	Building	StardewValley.Buildings/Building.cs	ok	
747	StardewValley.Buildings	Coop	StardewValley.Buildings/Coop.cs	ok	
748	StardewValley.Buildings	FishPond	StardewValley.Buildings/FishPond.cs	ok	
749	StardewValley.Buildings	GreenhouseBuilding	StardewValley.Buildings/GreenhouseBuilding.cs	ok	
750	StardewValley.Buildings	IndoorsType	StardewValley.Buildings/IndoorsType.cs	ok	
751	StardewValley.Buildings	JumpingFish	StardewValley.Buildings/JumpingFish.cs	ok	
752	StardewValley.Buildings	JunimoHut	StardewValley.Buildings/JunimoHut.cs	ok	
753	StardewValley.Buildings	Mill	StardewValley.Buildings/Mill.cs	ok	
754	StardewValley.Buildings	PetBowl	StardewValley.Buildings/PetBowl.cs	ok	
755	StardewValley.Buildings	PondFishSilhouette	StardewValley.Buildings/PondFishSilhouette.cs	ok	
756	StardewValley.Buildings	ShippingBin	StardewValley.Buildings/ShippingBin.cs	ok	
757	StardewValley.Buildings	Stable	StardewValley.Buildings/Stable.cs	ok	
758	StardewValley.Characters	Cat	StardewValley.Characters/Cat.cs	ok	
759	StardewValley.Characters	Child	StardewValley.Characters/Child.cs	ok	
760	StardewValley.Characters	Dog	StardewValley.Characters/Dog.cs	ok	
761	StardewValley.Characters	Horse	StardewValley.Characters/Horse.cs	ok	
762	StardewValley.Characters	Junimo	StardewValley.Characters/Junimo.cs	ok	
763	StardewValley.Characters	JunimoHarvester	StardewValley.Characters/JunimoHarvester.cs	ok	
764	StardewValley.Characters	Pet	StardewValley.Characters/Pet.cs	ok	
765	StardewValley.Characters	Raccoon	StardewValley.Characters/Raccoon.cs	ok	
766	StardewValley.Characters	TrashBear	StardewValley.Characters/TrashBear.cs	ok	
767	StardewValley.Companions	Companion	StardewValley.Companions/Companion.cs	ok	
768	StardewValley.Companions	FlyingCompanion	StardewValley.Companions/FlyingCompanion.cs	ok	
769	StardewValley.Companions	HoppingCompanion	StardewValley.Companions/HoppingCompanion.cs	ok	
770	StardewValley.Companions	HungryFrogCompanion	StardewValley.Companions/HungryFrogCompanion.cs	ok	
771	StardewValley.ConsoleAsync	AsyncOperationManager	StardewValley.ConsoleAsync/AsyncOperationManager.cs	ok	
772	StardewValley.ConsoleAsync	AsyncTaskOperation	StardewValley.ConsoleAsync/AsyncTaskOperation.cs	ok	
773	StardewValley.ConsoleAsync	GenericOp	StardewValley.ConsoleAsync/GenericOp.cs	ok	
774	StardewValley.ConsoleAsync	GenericResult	StardewValley.ConsoleAsync/GenericResult.cs	ok	
775	StardewValley.ConsoleAsync	IAsyncOperation	StardewValley.ConsoleAsync/IAsyncOperation.cs	ok	
776	StardewValley.Constants	AchievementIds	StardewValley.Constants/AchievementIds.cs	ok	
777	StardewValley.Constants	EventIds	StardewValley.Constants/EventIds.cs	ok	
778	StardewValley.Constants	StatKeys	StardewValley.Constants/StatKeys.cs	ok	
779	StardewValley.Delegates	ChatCommandHandlerDelegate	StardewValley.Delegates/ChatCommandHandlerDelegate.cs	ok	
780	StardewValley.Delegates	DebugCommandHandlerDelegate	StardewValley.Delegates/DebugCommandHandlerDelegate.cs	ok	
781	StardewValley.Delegates	EventCommandDelegate	StardewValley.Delegates/EventCommandDelegate.cs	ok	
782	StardewValley.Delegates	EventPreconditionDelegate	StardewValley.Delegates/EventPreconditionDelegate.cs	ok	
783	StardewValley.Delegates	FestivalCleanupDelegate	StardewValley.Delegates/FestivalCleanupDelegate.cs	ok	
784	StardewValley.Delegates	FestivalDailySetupDelegate	StardewValley.Delegates/FestivalDailySetupDelegate.cs	ok	
785	StardewValley.Delegates	ForEachItemDelegate	StardewValley.Delegates/ForEachItemDelegate.cs	ok	
786	StardewValley.Delegates	GameStateQueryContext	StardewValley.Delegates/GameStateQueryContext.cs	ok	
787	StardewValley.Delegates	GameStateQueryDelegate	StardewValley.Delegates/GameStateQueryDelegate.cs	ok	
788	StardewValley.Delegates	GetForEachItemPathDelegate	StardewValley.Delegates/GetForEachItemPathDelegate.cs	ok	
789	StardewValley.Delegates	MachineInteractDelegate	StardewValley.Delegates/MachineInteractDelegate.cs	ok	
790	StardewValley.Delegates	MachineOutputDelegate	StardewValley.Delegates/MachineOutputDelegate.cs	ok	
791	StardewValley.Delegates	ResolveItemQueryDelegate	StardewValley.Delegates/ResolveItemQueryDelegate.cs	ok	
792	StardewValley.Delegates	TriggerActionContext	StardewValley.Delegates/TriggerActionContext.cs	ok	
793	StardewValley.Delegates	TriggerActionDelegate	StardewValley.Delegates/TriggerActionDelegate.cs	ok	
794	StardewValley.Enchantments	AmethystEnchantment	StardewValley.Enchantments/AmethystEnchantment.cs	ok	
795	StardewValley.Enchantments	AquamarineEnchantment	StardewValley.Enchantments/AquamarineEnchantment.cs	ok	
796	StardewValley.Enchantments	ArchaeologistEnchantment	StardewValley.Enchantments/ArchaeologistEnchantment.cs	ok	
797	StardewValley.Enchantments	ArtfulEnchantment	StardewValley.Enchantments/ArtfulEnchantment.cs	ok	
798	StardewValley.Enchantments	AttackEnchantment	StardewValley.Enchantments/AttackEnchantment.cs	ok	
799	StardewValley.Enchantments	AutoHookEnchantment	StardewValley.Enchantments/AutoHookEnchantment.cs	ok	
800	StardewValley.Enchantments	AxeEnchantment	StardewValley.Enchantments/AxeEnchantment.cs	ok	
801	StardewValley.Enchantments	BaseEnchantment	StardewValley.Enchantments/BaseEnchantment.cs	ok	
802	StardewValley.Enchantments	BaseWeaponEnchantment	StardewValley.Enchantments/BaseWeaponEnchantment.cs	ok	
803	StardewValley.Enchantments	BottomlessEnchantment	StardewValley.Enchantments/BottomlessEnchantment.cs	ok	
804	StardewValley.Enchantments	BugKillerEnchantment	StardewValley.Enchantments/BugKillerEnchantment.cs	ok	
805	StardewValley.Enchantments	CritEnchantment	StardewValley.Enchantments/CritEnchantment.cs	ok	
806	StardewValley.Enchantments	CritPowerEnchantment	StardewValley.Enchantments/CritPowerEnchantment.cs	ok	
807	StardewValley.Enchantments	CrusaderEnchantment	StardewValley.Enchantments/CrusaderEnchantment.cs	ok	
808	StardewValley.Enchantments	DefenseEnchantment	StardewValley.Enchantments/DefenseEnchantment.cs	ok	
809	StardewValley.Enchantments	DiamondEnchantment	StardewValley.Enchantments/DiamondEnchantment.cs	ok	
810	StardewValley.Enchantments	EfficientToolEnchantment	StardewValley.Enchantments/EfficientToolEnchantment.cs	ok	
811	StardewValley.Enchantments	EmeraldEnchantment	StardewValley.Enchantments/EmeraldEnchantment.cs	ok	
812	StardewValley.Enchantments	FisherEnchantment	StardewValley.Enchantments/FisherEnchantment.cs	ok	
813	StardewValley.Enchantments	FishingRodEnchantment	StardewValley.Enchantments/FishingRodEnchantment.cs	ok	
814	StardewValley.Enchantments	GalaxySoulEnchantment	StardewValley.Enchantments/GalaxySoulEnchantment.cs	ok	
815	StardewValley.Enchantments	GenerousEnchantment	StardewValley.Enchantments/GenerousEnchantment.cs	ok	
816	StardewValley.Enchantments	HaymakerEnchantment	StardewValley.Enchantments/HaymakerEnchantment.cs	ok	
817	StardewValley.Enchantments	HoeEnchantment	StardewValley.Enchantments/HoeEnchantment.cs	ok	
818	StardewValley.Enchantments	JadeEnchantment	StardewValley.Enchantments/JadeEnchantment.cs	ok	
819	StardewValley.Enchantments	LightweightEnchantment	StardewValley.Enchantments/LightweightEnchantment.cs	ok	
820	StardewValley.Enchantments	MagicEnchantment	StardewValley.Enchantments/MagicEnchantment.cs	ok	
821	StardewValley.Enchantments	MasterEnchantment	StardewValley.Enchantments/MasterEnchantment.cs	ok	
822	StardewValley.Enchantments	MilkPailEnchantment	StardewValley.Enchantments/MilkPailEnchantment.cs	ok	
823	StardewValley.Enchantments	PanEnchantment	StardewValley.Enchantments/PanEnchantment.cs	ok	
824	StardewValley.Enchantments	PickaxeEnchantment	StardewValley.Enchantments/PickaxeEnchantment.cs	ok	
825	StardewValley.Enchantments	PowerfulEnchantment	StardewValley.Enchantments/PowerfulEnchantment.cs	ok	
826	StardewValley.Enchantments	PreservingEnchantment	StardewValley.Enchantments/PreservingEnchantment.cs	ok	
827	StardewValley.Enchantments	ReachingToolEnchantment	StardewValley.Enchantments/ReachingToolEnchantment.cs	ok	
828	StardewValley.Enchantments	RubyEnchantment	StardewValley.Enchantments/RubyEnchantment.cs	ok	
829	StardewValley.Enchantments	ShavingEnchantment	StardewValley.Enchantments/ShavingEnchantment.cs	ok	
830	StardewValley.Enchantments	ShearsEnchantment	StardewValley.Enchantments/ShearsEnchantment.cs	ok	
831	StardewValley.Enchantments	SlimeGathererEnchantment	StardewValley.Enchantments/SlimeGathererEnchantment.cs	ok	
832	StardewValley.Enchantments	SlimeSlayerEnchantment	StardewValley.Enchantments/SlimeSlayerEnchantment.cs	ok	
833	StardewValley.Enchantments	SwiftToolEnchantment	StardewValley.Enchantments/SwiftToolEnchantment.cs	ok	
834	StardewValley.Enchantments	TopazEnchantment	StardewValley.Enchantments/TopazEnchantment.cs	ok	
835	StardewValley.Enchantments	VampiricEnchantment	StardewValley.Enchantments/VampiricEnchantment.cs	ok	
836	StardewValley.Enchantments	WateringCanEnchantment	StardewValley.Enchantments/WateringCanEnchantment.cs	ok	
837	StardewValley.Enchantments	WeaponSpeedEnchantment	StardewValley.Enchantments/WeaponSpeedEnchantment.cs	ok	
838	StardewValley.Events	BaseFarmEvent	StardewValley.Events/BaseFarmEvent.cs	ok	
839	StardewValley.Events	BirthingEvent	StardewValley.Events/BirthingEvent.cs	ok	
840	StardewValley.Events	DiaryEvent	StardewValley.Events/DiaryEvent.cs	ok	
841	StardewValley.Events	FairyEvent	StardewValley.Events/FairyEvent.cs	ok	
842	StardewValley.Events	FarmEvent	StardewValley.Events/FarmEvent.cs	ok	
843	StardewValley.Events	MovieTheaterScreeningEvent	StardewValley.Events/MovieTheaterScreeningEvent.cs	ok	
844	StardewValley.Events	PlayerCoupleBirthingEvent	StardewValley.Events/PlayerCoupleBirthingEvent.cs	ok	
845	StardewValley.Events	QiPlaneEvent	StardewValley.Events/QiPlaneEvent.cs	ok	
846	StardewValley.Events	QuestionEvent	StardewValley.Events/QuestionEvent.cs	ok	
847	StardewValley.Events	SoundInTheNightEvent	StardewValley.Events/SoundInTheNightEvent.cs	ok	
848	StardewValley.Events	WitchEvent	StardewValley.Events/WitchEvent.cs	ok	
849	StardewValley.Events	WorldChangeEvent	StardewValley.Events/WorldChangeEvent.cs	ok	
850	StardewValley.Extensions	CollectionExtensions	StardewValley.Extensions/CollectionExtensions.cs	ok	
851	StardewValley.Extensions	FrameworkExtensions	StardewValley.Extensions/FrameworkExtensions.cs	ok	
852	StardewValley.Extensions	GameExtensions	StardewValley.Extensions/GameExtensions.cs	ok	
853	StardewValley.Extensions	ItemExtensions	StardewValley.Extensions/ItemExtensions.cs	ok	
854	StardewValley.Extensions	ItemRegistryExtensions	StardewValley.Extensions/ItemRegistryExtensions.cs	ok	
855	StardewValley.Extensions	RandomExtensions	StardewValley.Extensions/RandomExtensions.cs	ok	
856	StardewValley.Extensions	ReflectionExtensions	StardewValley.Extensions/ReflectionExtensions.cs	ok	
857	StardewValley.Extensions	StringExtensions	StardewValley.Extensions/StringExtensions.cs	ok	
858	StardewValley.Hashing	HashUtility	StardewValley.Hashing/HashUtility.cs	ok	
859	StardewValley.Hashing	IHashUtility	StardewValley.Hashing/IHashUtility.cs	ok	
860	StardewValley.Internal	ForEachItemContext	StardewValley.Internal/ForEachItemContext.cs	ok	
861	StardewValley.Internal	ForEachItemHelper	StardewValley.Internal/ForEachItemHelper.cs	ok	
862	StardewValley.Internal	ItemQueryContext	StardewValley.Internal/ItemQueryContext.cs	ok	
863	StardewValley.Internal	ItemQueryResolver	StardewValley.Internal/ItemQueryResolver.cs	ok	
864	StardewValley.Internal	ItemQueryResult	StardewValley.Internal/ItemQueryResult.cs	ok	
865	StardewValley.Internal	ItemQuerySearchMode	StardewValley.Internal/ItemQuerySearchMode.cs	ok	
866	StardewValley.Internal	LogBuilder	StardewValley.Internal/LogBuilder.cs	ok	
867	StardewValley.Internal	OtherNamesAttribute	StardewValley.Internal/OtherNamesAttribute.cs	ok	
868	StardewValley.Internal	ShopBuilder	StardewValley.Internal/ShopBuilder.cs	ok	
869	StardewValley.Internal	StaticDelegateBuilder	StardewValley.Internal/StaticDelegateBuilder.cs	ok	
870	StardewValley.Inventories	IInventory	StardewValley.Inventories/IInventory.cs	ok	
871	StardewValley.Inventories	Inventory	StardewValley.Inventories/Inventory.cs	ok	
872	StardewValley.Inventories	InventoryIndex	StardewValley.Inventories/InventoryIndex.cs	ok	
873	StardewValley.Inventories	OnInventoryReplacedDelegate	StardewValley.Inventories/OnInventoryReplacedDelegate.cs	ok	
874	StardewValley.Inventories	OnSlotChangedDelegate	StardewValley.Inventories/OnSlotChangedDelegate.cs	ok	
875	StardewValley.ItemTypeDefinitions	BaseItemDataDefinition	StardewValley.ItemTypeDefinitions/BaseItemDataDefinition.cs	ok	
876	StardewValley.ItemTypeDefinitions	BigCraftableDataDefinition	StardewValley.ItemTypeDefinitions/BigCraftableDataDefinition.cs	ok	
877	StardewValley.ItemTypeDefinitions	BootsDataDefinition	StardewValley.ItemTypeDefinitions/BootsDataDefinition.cs	ok	
878	StardewValley.ItemTypeDefinitions	FlooringDataDefinition	StardewValley.ItemTypeDefinitions/FlooringDataDefinition.cs	ok	
879	StardewValley.ItemTypeDefinitions	FurnitureDataDefinition	StardewValley.ItemTypeDefinitions/FurnitureDataDefinition.cs	ok	
880	StardewValley.ItemTypeDefinitions	HatDataDefinition	StardewValley.ItemTypeDefinitions/HatDataDefinition.cs	ok	
881	StardewValley.ItemTypeDefinitions	IHaveItemTypeId	StardewValley.ItemTypeDefinitions/IHaveItemTypeId.cs	ok	
882	StardewValley.ItemTypeDefinitions	IItemDataDefinition	StardewValley.ItemTypeDefinitions/IItemDataDefinition.cs	ok	
883	StardewValley.ItemTypeDefinitions	ItemMetadata	StardewValley.ItemTypeDefinitions/ItemMetadata.cs	ok	
884	StardewValley.ItemTypeDefinitions	MannequinDataDefinition	StardewValley.ItemTypeDefinitions/MannequinDataDefinition.cs	ok	
885	StardewValley.ItemTypeDefinitions	ObjectDataDefinition	StardewValley.ItemTypeDefinitions/ObjectDataDefinition.cs	ok	
886	StardewValley.ItemTypeDefinitions	PantsDataDefinition	StardewValley.ItemTypeDefinitions/PantsDataDefinition.cs	ok	
887	StardewValley.ItemTypeDefinitions	ParsedItemData	StardewValley.ItemTypeDefinitions/ParsedItemData.cs	ok	
888	StardewValley.ItemTypeDefinitions	ShirtDataDefinition	StardewValley.ItemTypeDefinitions/ShirtDataDefinition.cs	ok	
889	StardewValley.ItemTypeDefinitions	ToolDataDefinition	StardewValley.ItemTypeDefinitions/ToolDataDefinition.cs	ok	
890	StardewValley.ItemTypeDefinitions	TrinketDataDefinition	StardewValley.ItemTypeDefinitions/TrinketDataDefinition.cs	ok	
891	StardewValley.ItemTypeDefinitions	WallpaperDataDefinition	StardewValley.ItemTypeDefinitions/WallpaperDataDefinition.cs	ok	
892	StardewValley.ItemTypeDefinitions	WeaponDataDefinition	StardewValley.ItemTypeDefinitions/WeaponDataDefinition.cs	ok	
893	StardewValley.Locations	AbandonedJojaMart	StardewValley.Locations/AbandonedJojaMart.cs	ok	
894	StardewValley.Locations	AdventureGuild	StardewValley.Locations/AdventureGuild.cs	ok	
895	StardewValley.Locations	BathHousePool	StardewValley.Locations/BathHousePool.cs	ok	
896	StardewValley.Locations	Beach	StardewValley.Locations/Beach.cs	ok	
897	StardewValley.Locations	BeachNightMarket	StardewValley.Locations/BeachNightMarket.cs	ok	
898	StardewValley.Locations	BoatTunnel	StardewValley.Locations/BoatTunnel.cs	ok	
899	StardewValley.Locations	BugLand	StardewValley.Locations/BugLand.cs	ok	
900	StardewValley.Locations	BusStop	StardewValley.Locations/BusStop.cs	ok	
901	StardewValley.Locations	Cabin	StardewValley.Locations/Cabin.cs	ok	
902	StardewValley.Locations	Caldera	StardewValley.Locations/Caldera.cs	ok	
903	StardewValley.Locations	Cellar	StardewValley.Locations/Cellar.cs	ok	
904	StardewValley.Locations	Club	StardewValley.Locations/Club.cs	ok	
905	StardewValley.Locations	CommunityCenter	StardewValley.Locations/CommunityCenter.cs	ok	
906	StardewValley.Locations	DecoratableLocation	StardewValley.Locations/DecoratableLocation.cs	ok	
907	StardewValley.Locations	DecorationFacade	StardewValley.Locations/DecorationFacade.cs	ok	
908	StardewValley.Locations	Desert	StardewValley.Locations/Desert.cs	ok	
909	StardewValley.Locations	DesertFestival	StardewValley.Locations/DesertFestival.cs	ok	
910	StardewValley.Locations	DwarfGate	StardewValley.Locations/DwarfGate.cs	ok	
911	StardewValley.Locations	FarmCave	StardewValley.Locations/FarmCave.cs	ok	
912	StardewValley.Locations	FarmHouse	StardewValley.Locations/FarmHouse.cs	ok	
913	StardewValley.Locations	FishShop	StardewValley.Locations/FishShop.cs	ok	
914	StardewValley.Locations	Forest	StardewValley.Locations/Forest.cs	ok	
915	StardewValley.Locations	IslandEast	StardewValley.Locations/IslandEast.cs	ok	
916	StardewValley.Locations	IslandFarmCave	StardewValley.Locations/IslandFarmCave.cs	ok	
917	StardewValley.Locations	IslandFarmHouse	StardewValley.Locations/IslandFarmHouse.cs	ok	
918	StardewValley.Locations	IslandFieldOffice	StardewValley.Locations/IslandFieldOffice.cs	ok	
919	StardewValley.Locations	IslandForestLocation	StardewValley.Locations/IslandForestLocation.cs	ok	
920	StardewValley.Locations	IslandHut	StardewValley.Locations/IslandHut.cs	ok	
921	StardewValley.Locations	IslandLocation	StardewValley.Locations/IslandLocation.cs	ok	
922	StardewValley.Locations	IslandNorth	StardewValley.Locations/IslandNorth.cs	ok	
923	StardewValley.Locations	IslandSecret	StardewValley.Locations/IslandSecret.cs	ok	
924	StardewValley.Locations	IslandShrine	StardewValley.Locations/IslandShrine.cs	ok	
925	StardewValley.Locations	IslandSouth	StardewValley.Locations/IslandSouth.cs	ok	
926	StardewValley.Locations	IslandSouthEast	StardewValley.Locations/IslandSouthEast.cs	ok	
927	StardewValley.Locations	IslandSouthEastCave	StardewValley.Locations/IslandSouthEastCave.cs	ok	
928	StardewValley.Locations	IslandWest	StardewValley.Locations/IslandWest.cs	ok	
929	StardewValley.Locations	IslandWestCave1	StardewValley.Locations/IslandWestCave1.cs	ok	
930	StardewValley.Locations	JojaMart	StardewValley.Locations/JojaMart.cs	ok	
931	StardewValley.Locations	LibraryMuseum	StardewValley.Locations/LibraryMuseum.cs	ok	
932	StardewValley.Locations	ManorHouse	StardewValley.Locations/ManorHouse.cs	ok	
933	StardewValley.Locations	MermaidHouse	StardewValley.Locations/MermaidHouse.cs	ok	
934	StardewValley.Locations	Mine	StardewValley.Locations/Mine.cs	ok	
935	StardewValley.Locations	MineInfo	StardewValley.Locations/MineInfo.cs	ok	
936	StardewValley.Locations	MineShaft	StardewValley.Locations/MineShaft.cs	ok	
937	StardewValley.Locations	Mountain	StardewValley.Locations/Mountain.cs	ok	
938	StardewValley.Locations	MovieTheater	StardewValley.Locations/MovieTheater.cs	ok	
939	StardewValley.Locations	Racer	StardewValley.Locations/Racer.cs	ok	
940	StardewValley.Locations	Railroad	StardewValley.Locations/Railroad.cs	ok	
941	StardewValley.Locations	SeedShop	StardewValley.Locations/SeedShop.cs	ok	
942	StardewValley.Locations	Sewer	StardewValley.Locations/Sewer.cs	ok	
943	StardewValley.Locations	ShopLocation	StardewValley.Locations/ShopLocation.cs	ok	
944	StardewValley.Locations	Submarine	StardewValley.Locations/Submarine.cs	ok	
945	StardewValley.Locations	Summit	StardewValley.Locations/Summit.cs	ok	
946	StardewValley.Locations	Town	StardewValley.Locations/Town.cs	ok	
947	StardewValley.Locations	VolcanoDungeon	StardewValley.Locations/VolcanoDungeon.cs	ok	
948	StardewValley.Locations	Wisp	StardewValley.Locations/Wisp.cs	ok	
949	StardewValley.Locations	WizardHouse	StardewValley.Locations/WizardHouse.cs	ok	
950	StardewValley.Locations	Woods	StardewValley.Locations/Woods.cs	ok	
951	StardewValley.Logging	CheatCommandChatLogger	StardewValley.Logging/CheatCommandChatLogger.cs	ok	
952	StardewValley.Logging	DefaultLogger	StardewValley.Logging/DefaultLogger.cs	ok	
953	StardewValley.Logging	IGameLogger	StardewValley.Logging/IGameLogger.cs	ok	
954	StardewValley.Menus	AboutMenu	StardewValley.Menus/AboutMenu.cs	ok	
955	StardewValley.Menus	AdvancedGameOptions	StardewValley.Menus/AdvancedGameOptions.cs	ok	
956	StardewValley.Menus	AnimalPage	StardewValley.Menus/AnimalPage.cs	ok	
957	StardewValley.Menus	AnimalQueryMenu	StardewValley.Menus/AnimalQueryMenu.cs	ok	
958	StardewValley.Menus	AnimationPreviewTool	StardewValley.Menus/AnimationPreviewTool.cs	ok	
959	StardewValley.Menus	Billboard	StardewValley.Menus/Billboard.cs	ok	
960	StardewValley.Menus	BobberBar	StardewValley.Menus/BobberBar.cs	ok	
961	StardewValley.Menus	BuffsDisplay	StardewValley.Menus/BuffsDisplay.cs	ok	
962	StardewValley.Menus	BuildingPaintMenu	StardewValley.Menus/BuildingPaintMenu.cs	ok	
963	StardewValley.Menus	BuildingSkinMenu	StardewValley.Menus/BuildingSkinMenu.cs	ok	
964	StardewValley.Menus	Bundle	StardewValley.Menus/Bundle.cs	ok	
965	StardewValley.Menus	BundleIngredientDescription	StardewValley.Menus/BundleIngredientDescription.cs	ok	
966	StardewValley.Menus	ButtonTutorialMenu	StardewValley.Menus/ButtonTutorialMenu.cs	ok	
967	StardewValley.Menus	CarpenterMenu	StardewValley.Menus/CarpenterMenu.cs	ok	
968	StardewValley.Menus	CharacterCustomization	StardewValley.Menus/CharacterCustomization.cs	ok	
969	StardewValley.Menus	ChatBox	StardewValley.Menus/ChatBox.cs	ok	
970	StardewValley.Menus	ChatMessage	StardewValley.Menus/ChatMessage.cs	ok	
971	StardewValley.Menus	ChatSnippet	StardewValley.Menus/ChatSnippet.cs	ok	
972	StardewValley.Menus	ChatTextBox	StardewValley.Menus/ChatTextBox.cs	ok	
973	StardewValley.Menus	ChooseFromIconsMenu	StardewValley.Menus/ChooseFromIconsMenu.cs	ok	
974	StardewValley.Menus	ChooseFromListMenu	StardewValley.Menus/ChooseFromListMenu.cs	ok	
975	StardewValley.Menus	ClickableAnimatedComponent	StardewValley.Menus/ClickableAnimatedComponent.cs	ok	
976	StardewValley.Menus	ClickableComponent	StardewValley.Menus/ClickableComponent.cs	ok	
977	StardewValley.Menus	ClickableTextureComponent	StardewValley.Menus/ClickableTextureComponent.cs	ok	
978	StardewValley.Menus	CloudSyncMenu	StardewValley.Menus/CloudSyncMenu.cs	ok	
979	StardewValley.Menus	CollectionsPage	StardewValley.Menus/CollectionsPage.cs	ok	
980	StardewValley.Menus	ColorPicker	StardewValley.Menus/ColorPicker.cs	ok	
981	StardewValley.Menus	ConfirmationDialog	StardewValley.Menus/ConfirmationDialog.cs	ok	
982	StardewValley.Menus	CoopGameMenu	StardewValley.Menus/CoopGameMenu.cs	ok	
983	StardewValley.Menus	CoopMenu	StardewValley.Menus/CoopMenu.cs	ok	
984	StardewValley.Menus	CraftingPage	StardewValley.Menus/CraftingPage.cs	ok	
985	StardewValley.Menus	DayTimeMoneyBox	StardewValley.Menus/DayTimeMoneyBox.cs	ok	
986	StardewValley.Menus	DialogueBox	StardewValley.Menus/DialogueBox.cs	ok	
987	StardewValley.Menus	DigitEntryMenu	StardewValley.Menus/DigitEntryMenu.cs	ok	
988	StardewValley.Menus	DiscreteColorPicker	StardewValley.Menus/DiscreteColorPicker.cs	ok	
989	StardewValley.Menus	DyeMenu	StardewValley.Menus/DyeMenu.cs	ok	
990	StardewValley.Menus	EmojiMenu	StardewValley.Menus/EmojiMenu.cs	ok	
991	StardewValley.Menus	EmoteMenu	StardewValley.Menus/EmoteMenu.cs	ok	
992	StardewValley.Menus	EmoteSelector	StardewValley.Menus/EmoteSelector.cs	ok	
993	StardewValley.Menus	ExitPage	StardewValley.Menus/ExitPage.cs	ok	
994	StardewValley.Menus	FarmerBoxButton	StardewValley.Menus/FarmerBoxButton.cs	ok	
995	StardewValley.Menus	FarmersBox	StardewValley.Menus/FarmersBox.cs	ok	
996	StardewValley.Menus	FarmhandMenu	StardewValley.Menus/FarmhandMenu.cs	ok	
997	StardewValley.Menus	FieldOfficeMenu	StardewValley.Menus/FieldOfficeMenu.cs	ok	
998	StardewValley.Menus	ForgeMenu	StardewValley.Menus/ForgeMenu.cs	ok	
999	StardewValley.Menus	GameMenu	StardewValley.Menus/GameMenu.cs	ok	
1000	StardewValley.Menus	GeodeMenu	StardewValley.Menus/GeodeMenu.cs	ok	
1001	StardewValley.Menus	HandPointer	StardewValley.Menus/HandPointer.cs	ok	
1002	StardewValley.Menus	IClickableMenu	StardewValley.Menus/IClickableMenu.cs	ok	
1003	StardewValley.Menus	ICreditsBlock	StardewValley.Menus/ICreditsBlock.cs	ok	
1004	StardewValley.Menus	IScreenReadable	StardewValley.Menus/IScreenReadable.cs	ok	
1005	StardewValley.Menus	ImageCreditsBlock	StardewValley.Menus/ImageCreditsBlock.cs	ok	
1006	StardewValley.Menus	InventoryMenu	StardewValley.Menus/InventoryMenu.cs	ok	
1007	StardewValley.Menus	InventoryPage	StardewValley.Menus/InventoryPage.cs	ok	
1008	StardewValley.Menus	InviteCodeDialog	StardewValley.Menus/InviteCodeDialog.cs	ok	
1009	StardewValley.Menus	ItemExitBehavior	StardewValley.Menus/ItemExitBehavior.cs	ok	
1010	StardewValley.Menus	ItemGrabMenu	StardewValley.Menus/ItemGrabMenu.cs	ok	
1011	StardewValley.Menus	ItemListMenu	StardewValley.Menus/ItemListMenu.cs	ok	
1012	StardewValley.Menus	JojaCDMenu	StardewValley.Menus/JojaCDMenu.cs	ok	
1013	StardewValley.Menus	JunimoNoteMenu	StardewValley.Menus/JunimoNoteMenu.cs	ok	
1014	StardewValley.Menus	LanguageSelectionMenu	StardewValley.Menus/LanguageSelectionMenu.cs	ok	
1015	StardewValley.Menus	LetterViewerMenu	StardewValley.Menus/LetterViewerMenu.cs	ok	
1016	StardewValley.Menus	LevelUpMenu	StardewValley.Menus/LevelUpMenu.cs	ok	
1017	StardewValley.Menus	LinkCreditsBlock	StardewValley.Menus/LinkCreditsBlock.cs	ok	
1018	StardewValley.Menus	LoadGameMenu	StardewValley.Menus/LoadGameMenu.cs	ok	
1019	StardewValley.Menus	LocalCoopJoinMenu	StardewValley.Menus/LocalCoopJoinMenu.cs	ok	
1020	StardewValley.Menus	MapPage	StardewValley.Menus/MapPage.cs	ok	
1021	StardewValley.Menus	MasteryTrackerMenu	StardewValley.Menus/MasteryTrackerMenu.cs	ok	
1022	StardewValley.Menus	MenuWithInventory	StardewValley.Menus/MenuWithInventory.cs	ok	
1023	StardewValley.Menus	MineElevatorMenu	StardewValley.Menus/MineElevatorMenu.cs	ok	
1024	StardewValley.Menus	MobileColorPicker	StardewValley.Menus/MobileColorPicker.cs	ok	
1025	StardewValley.Menus	MobileCustomizer	StardewValley.Menus/MobileCustomizer.cs	ok	
1026	StardewValley.Menus	MobileFarmChooser	StardewValley.Menus/MobileFarmChooser.cs	ok	
1027	StardewValley.Menus	MobileScrollbar	StardewValley.Menus/MobileScrollbar.cs	ok	
1028	StardewValley.Menus	MobileScrollbox	StardewValley.Menus/MobileScrollbox.cs	ok	
1029	StardewValley.Menus	MuseumMenu	StardewValley.Menus/MuseumMenu.cs	ok	
1030	StardewValley.Menus	NamingMenu	StardewValley.Menus/NamingMenu.cs	ok	
1031	StardewValley.Menus	NumberSelectionMenu	StardewValley.Menus/NumberSelectionMenu.cs	ok	
1032	StardewValley.Menus	OptionsButton	StardewValley.Menus/OptionsButton.cs	ok	
1033	StardewValley.Menus	OptionsCheckbox	StardewValley.Menus/OptionsCheckbox.cs	ok	
1034	StardewValley.Menus	OptionsDropDown	StardewValley.Menus/OptionsDropDown.cs	ok	
1035	StardewValley.Menus	OptionsElement	StardewValley.Menus/OptionsElement.cs	ok	
1036	StardewValley.Menus	OptionsInputListener	StardewValley.Menus/OptionsInputListener.cs	ok	
1037	StardewValley.Menus	OptionsPage	StardewValley.Menus/OptionsPage.cs	ok	
1038	StardewValley.Menus	OptionsPlusMinus	StardewValley.Menus/OptionsPlusMinus.cs	ok	
1039	StardewValley.Menus	OptionsPlusMinusButton	StardewValley.Menus/OptionsPlusMinusButton.cs	ok	
1040	StardewValley.Menus	OptionsSlider	StardewValley.Menus/OptionsSlider.cs	ok	
1041	StardewValley.Menus	OptionsTextEntry	StardewValley.Menus/OptionsTextEntry.cs	ok	
1042	StardewValley.Menus	PI_ItemList	StardewValley.Menus/PI_ItemList.cs	ok	
1043	StardewValley.Menus	PendingProposalDialog	StardewValley.Menus/PendingProposalDialog.cs	ok	
1044	StardewValley.Menus	PondQueryMenu	StardewValley.Menus/PondQueryMenu.cs	ok	
1045	StardewValley.Menus	PowersTab	StardewValley.Menus/PowersTab.cs	ok	
1046	StardewValley.Menus	PrizeTicketMenu	StardewValley.Menus/PrizeTicketMenu.cs	ok	
1047	StardewValley.Menus	ProfileItem	StardewValley.Menus/ProfileItem.cs	ok	
1048	StardewValley.Menus	ProfileMenu	StardewValley.Menus/ProfileMenu.cs	ok	
1049	StardewValley.Menus	PurchaseAnimalsMenu	StardewValley.Menus/PurchaseAnimalsMenu.cs	ok	
1050	StardewValley.Menus	QuestContainerMenu	StardewValley.Menus/QuestContainerMenu.cs	ok	
1051	StardewValley.Menus	QuestLog	StardewValley.Menus/QuestLog.cs	ok	
1052	StardewValley.Menus	ReadyCheckDialog	StardewValley.Menus/ReadyCheckDialog.cs	ok	
1053	StardewValley.Menus	RenovateMenu	StardewValley.Menus/RenovateMenu.cs	ok	
1054	StardewValley.Menus	SaveGameMenu	StardewValley.Menus/SaveGameMenu.cs	ok	
1055	StardewValley.Menus	ServerConnectionDialog	StardewValley.Menus/ServerConnectionDialog.cs	ok	
1056	StardewValley.Menus	ShippingMenu	StardewValley.Menus/ShippingMenu.cs	ok	
1057	StardewValley.Menus	ShopMenu	StardewValley.Menus/ShopMenu.cs	ok	
1058	StardewValley.Menus	SkillsPage	StardewValley.Menus/SkillsPage.cs	ok	
1059	StardewValley.Menus	SkipForClickableAggregation	StardewValley.Menus/SkipForClickableAggregation.cs	ok	
1060	StardewValley.Menus	SliderBar	StardewValley.Menus/SliderBar.cs	ok	
1061	StardewValley.Menus	SocialPage	StardewValley.Menus/SocialPage.cs	ok	
1062	StardewValley.Menus	SpecialCurrencyDisplay	StardewValley.Menus/SpecialCurrencyDisplay.cs	ok	
1063	StardewValley.Menus	SpecialOrdersBoard	StardewValley.Menus/SpecialOrdersBoard.cs	ok	
1064	StardewValley.Menus	StorageContainer	StardewValley.Menus/StorageContainer.cs	ok	
1065	StardewValley.Menus	StrengthGame	StardewValley.Menus/StrengthGame.cs	ok	
1066	StardewValley.Menus	TailorRecipeListTool	StardewValley.Menus/TailorRecipeListTool.cs	ok	
1067	StardewValley.Menus	TailoringMenu	StardewValley.Menus/TailoringMenu.cs	ok	
1068	StardewValley.Menus	TextBox	StardewValley.Menus/TextBox.cs	ok	
1069	StardewValley.Menus	TextBoxEvent	StardewValley.Menus/TextBoxEvent.cs	ok	
1070	StardewValley.Menus	TextCreditsBlock	StardewValley.Menus/TextCreditsBlock.cs	ok	
1071	StardewValley.Menus	TextEntryMenu	StardewValley.Menus/TextEntryMenu.cs	ok	
1072	StardewValley.Menus	TitleMenu	StardewValley.Menus/TitleMenu.cs	ok	
1073	StardewValley.Menus	TitleTextInputMenu	StardewValley.Menus/TitleTextInputMenu.cs	ok	
1074	StardewValley.Menus	TooManyFarmsMenu	StardewValley.Menus/TooManyFarmsMenu.cs	ok	
1075	StardewValley.Menus	Toolbar	StardewValley.Menus/Toolbar.cs	ok	
1076	StardewValley.Menus	TransferredItemSprite	StardewValley.Menus/TransferredItemSprite.cs	ok	
1077	StardewValley.Menus	TutorialItem	StardewValley.Menus/TutorialItem.cs	ok	
1078	StardewValley.Menus	TutorialManager	StardewValley.Menus/TutorialManager.cs	ok	
1079	StardewValley.Menus	TutorialMenu	StardewValley.Menus/TutorialMenu.cs	ok	
1080	StardewValley.Menus	TutorialShopLocation	StardewValley.Menus/TutorialShopLocation.cs	ok	
1081	StardewValley.Menus	TutorialType	StardewValley.Menus/TutorialType.cs	ok	
1082	StardewValley.Menus	WheelSpinGame	StardewValley.Menus/WheelSpinGame.cs	ok	
1083	StardewValley.Menus	tweeningSprite	StardewValley.Menus/tweeningSprite.cs	ok	
1084	StardewValley.Minigames	AbigailGame	StardewValley.Minigames/AbigailGame.cs	ok	
1085	StardewValley.Minigames	BoatJourney	StardewValley.Minigames/BoatJourney.cs	ok	
1086	StardewValley.Minigames	CalicoJack	StardewValley.Minigames/CalicoJack.cs	ok	
1087	StardewValley.Minigames	CraneGame	StardewValley.Minigames/CraneGame.cs	ok	
1088	StardewValley.Minigames	Darts	StardewValley.Minigames/Darts.cs	ok	
1089	StardewValley.Minigames	FantasyBoardGame	StardewValley.Minigames/FantasyBoardGame.cs	ok	
1090	StardewValley.Minigames	FishingGame	StardewValley.Minigames/FishingGame.cs	ok	
1091	StardewValley.Minigames	GrandpaStory	StardewValley.Minigames/GrandpaStory.cs	ok	
1092	StardewValley.Minigames	HaleyCowPictures	StardewValley.Minigames/HaleyCowPictures.cs	ok	
1093	StardewValley.Minigames	IMinigame	StardewValley.Minigames/IMinigame.cs	ok	
1094	StardewValley.Minigames	Intro	StardewValley.Minigames/Intro.cs	ok	
1095	StardewValley.Minigames	MaruComet	StardewValley.Minigames/MaruComet.cs	ok	
1096	StardewValley.Minigames	MineCart	StardewValley.Minigames/MineCart.cs	ok	
1097	StardewValley.Minigames	NetLeaderboards	StardewValley.Minigames/NetLeaderboards.cs	ok	
1098	StardewValley.Minigames	NetLeaderboardsEntry	StardewValley.Minigames/NetLeaderboardsEntry.cs	ok	
1099	StardewValley.Minigames	PlaneFlyBy	StardewValley.Minigames/PlaneFlyBy.cs	ok	
1100	StardewValley.Minigames	RobotBlastoff	StardewValley.Minigames/RobotBlastoff.cs	ok	
1101	StardewValley.Minigames	Slots	StardewValley.Minigames/Slots.cs	ok	
1102	StardewValley.Minigames	TargetGame	StardewValley.Minigames/TargetGame.cs	ok	
1103	StardewValley.Minigames	TelescopeScene	StardewValley.Minigames/TelescopeScene.cs	ok	
1104	StardewValley.Minigames	Test	StardewValley.Minigames/Test.cs	ok	
1105	StardewValley.Mobile	AStarGraph	StardewValley.Mobile/AStarGraph.cs	ok	
1106	StardewValley.Mobile	AStarNode	StardewValley.Mobile/AStarNode.cs	ok	
1107	StardewValley.Mobile	AStarPath	StardewValley.Mobile/AStarPath.cs	ok	
1108	StardewValley.Mobile	ControlType	StardewValley.Mobile/ControlType.cs	ok	
1109	StardewValley.Mobile	FaceDirection	StardewValley.Mobile/FaceDirection.cs	ok	
1110	StardewValley.Mobile	MobileChallengeType	StardewValley.Mobile/MobileChallengeType.cs	ok	
1111	StardewValley.Mobile	MobileDebug	StardewValley.Mobile/MobileDebug.cs	ok	
1112	StardewValley.Mobile	MobileDevice	StardewValley.Mobile/MobileDevice.cs	ok	
1113	StardewValley.Mobile	MobileDeviceType	StardewValley.Mobile/MobileDeviceType.cs	ok	
1114	StardewValley.Mobile	MobileDisplay	StardewValley.Mobile/MobileDisplay.cs	ok	
1115	StardewValley.Mobile	MobileKeyStates	StardewValley.Mobile/MobileKeyStates.cs	ok	
1116	StardewValley.Mobile	PinchZoom	StardewValley.Mobile/PinchZoom.cs	ok	
1117	StardewValley.Mobile	TapQueueItem	StardewValley.Mobile/TapQueueItem.cs	ok	
1118	StardewValley.Mobile	TapToMove	StardewValley.Mobile/TapToMove.cs	ok	
1119	StardewValley.Mobile	TapToMovePhase	StardewValley.Mobile/TapToMovePhase.cs	ok	
1120	StardewValley.Mobile	TapToMoveUtils	StardewValley.Mobile/TapToMoveUtils.cs	ok	
1121	StardewValley.Mobile	VirtualJoypad	StardewValley.Mobile/VirtualJoypad.cs	ok	
1122	StardewValley.Mods	ModDataDictionary	StardewValley.Mods/ModDataDictionary.cs	ok	
1123	StardewValley.Mods	ModHooks	StardewValley.Mods/ModHooks.cs	ok	
1124	StardewValley.Mods	RenderSteps	StardewValley.Mods/RenderSteps.cs	ok	
1125	StardewValley.Monsters	AngryRoger	StardewValley.Monsters/AngryRoger.cs	ok	
1126	StardewValley.Monsters	Bat	StardewValley.Monsters/Bat.cs	ok	
1127	StardewValley.Monsters	BigSlime	StardewValley.Monsters/BigSlime.cs	ok	
1128	StardewValley.Monsters	BlueSquid	StardewValley.Monsters/BlueSquid.cs	ok	
1129	StardewValley.Monsters	Bug	StardewValley.Monsters/Bug.cs	ok	
1130	StardewValley.Monsters	DinoMonster	StardewValley.Monsters/DinoMonster.cs	ok	
1131	StardewValley.Monsters	Duggy	StardewValley.Monsters/Duggy.cs	ok	
1132	StardewValley.Monsters	DustSpirit	StardewValley.Monsters/DustSpirit.cs	ok	
1133	StardewValley.Monsters	DwarvishSentry	StardewValley.Monsters/DwarvishSentry.cs	ok	
1134	StardewValley.Monsters	Fly	StardewValley.Monsters/Fly.cs	ok	
1135	StardewValley.Monsters	Ghost	StardewValley.Monsters/Ghost.cs	ok	
1136	StardewValley.Monsters	GreenSlime	StardewValley.Monsters/GreenSlime.cs	ok	
1137	StardewValley.Monsters	Grub	StardewValley.Monsters/Grub.cs	ok	
1138	StardewValley.Monsters	HotHead	StardewValley.Monsters/HotHead.cs	ok	
1139	StardewValley.Monsters	LavaLurk	StardewValley.Monsters/LavaLurk.cs	ok	
1140	StardewValley.Monsters	Leaper	StardewValley.Monsters/Leaper.cs	ok	
1141	StardewValley.Monsters	MetalHead	StardewValley.Monsters/MetalHead.cs	ok	
1142	StardewValley.Monsters	Monster	StardewValley.Monsters/Monster.cs	ok	
1143	StardewValley.Monsters	Mummy	StardewValley.Monsters/Mummy.cs	ok	
1144	StardewValley.Monsters	ParryEventArgs	StardewValley.Monsters/ParryEventArgs.cs	ok	
1145	StardewValley.Monsters	RockCrab	StardewValley.Monsters/RockCrab.cs	ok	
1146	StardewValley.Monsters	RockGolem	StardewValley.Monsters/RockGolem.cs	ok	
1147	StardewValley.Monsters	Serpent	StardewValley.Monsters/Serpent.cs	ok	
1148	StardewValley.Monsters	ShadowBrute	StardewValley.Monsters/ShadowBrute.cs	ok	
1149	StardewValley.Monsters	ShadowGirl	StardewValley.Monsters/ShadowGirl.cs	ok	
1150	StardewValley.Monsters	ShadowGuy	StardewValley.Monsters/ShadowGuy.cs	ok	
1151	StardewValley.Monsters	ShadowShaman	StardewValley.Monsters/ShadowShaman.cs	ok	
1152	StardewValley.Monsters	Shooter	StardewValley.Monsters/Shooter.cs	ok	
1153	StardewValley.Monsters	Skeleton	StardewValley.Monsters/Skeleton.cs	ok	
1154	StardewValley.Monsters	Spiker	StardewValley.Monsters/Spiker.cs	ok	
1155	StardewValley.Monsters	SquidKid	StardewValley.Monsters/SquidKid.cs	ok	
1156	StardewValley.NativeClipboard	ClipboardPlatformType	StardewValley.NativeClipboard/ClipboardPlatformType.cs	ok	
1157	StardewValley.Network	BandwidthLogger	StardewValley.Network/BandwidthLogger.cs	ok	
1158	StardewValley.Network	BarGraph	StardewValley.Network/BarGraph.cs	ok	
1159	StardewValley.Network	Bimap`2	StardewValley.Network/Bimap_2.cs	ok	
1160	StardewValley.Network	BuilderData	StardewValley.Network/BuilderData.cs	ok	
1161	StardewValley.Network	Client	StardewValley.Network/Client.cs	ok	
1162	StardewValley.Network	FarmerCollection	StardewValley.Network/FarmerCollection.cs	ok	
1163	StardewValley.Network	GameServer	StardewValley.Network/GameServer.cs	ok	
1164	StardewValley.Network	HookableClient	StardewValley.Network/HookableClient.cs	ok	
1165	StardewValley.Network	HookableServer	StardewValley.Network/HookableServer.cs	ok	
1166	StardewValley.Network	IBandwidthMonitor	StardewValley.Network/IBandwidthMonitor.cs	ok	
1167	StardewValley.Network	IGameServer	StardewValley.Network/IGameServer.cs	ok	
1168	StardewValley.Network	IHookableClient	StardewValley.Network/IHookableClient.cs	ok	
1169	StardewValley.Network	IHookableServer	StardewValley.Network/IHookableServer.cs	ok	
1170	StardewValley.Network	IncomingMessage	StardewValley.Network/IncomingMessage.cs	ok	
1171	StardewValley.Network	LidgrenClient	StardewValley.Network/LidgrenClient.cs	ok	
1172	StardewValley.Network	LidgrenMessageUtils	StardewValley.Network/LidgrenMessageUtils.cs	ok	
1173	StardewValley.Network	LidgrenServer	StardewValley.Network/LidgrenServer.cs	ok	
1174	StardewValley.Network	LocationWeather	StardewValley.Network/LocationWeather.cs	ok	
1175	StardewValley.Network	LoopbackClient	StardewValley.Network/LoopbackClient.cs	ok	
1176	StardewValley.Network	LoopbackServer	StardewValley.Network/LoopbackServer.cs	ok	
1177	StardewValley.Network	NetAudio	StardewValley.Network/NetAudio.cs	ok	
1178	StardewValley.Network	NetBufferReadStream	StardewValley.Network/NetBufferReadStream.cs	ok	
1179	StardewValley.Network	NetBufferWriteStream	StardewValley.Network/NetBufferWriteStream.cs	ok	
1180	StardewValley.Network	NetBundles	StardewValley.Network/NetBundles.cs	ok	
1181	StardewValley.Network	NetCharacterRef	StardewValley.Network/NetCharacterRef.cs	ok	
1182	StardewValley.Network	NetDancePartner	StardewValley.Network/NetDancePartner.cs	ok	
1183	StardewValley.Network	NetDirection	StardewValley.Network/NetDirection.cs	ok	
1184	StardewValley.Network	NetFarmerCollection	StardewValley.Network/NetFarmerCollection.cs	ok	
1185	StardewValley.Network	NetFarmerRef	StardewValley.Network/NetFarmerRef.cs	ok	
1186	StardewValley.Network	NetFarmerRoot	StardewValley.Network/NetFarmerRoot.cs	ok	
1187	StardewValley.Network	NetIntDictionary`2	StardewValley.Network/NetIntDictionary_2.cs	ok	
1188	StardewValley.Network	NetLocationRef	StardewValley.Network/NetLocationRef.cs	ok	
1189	StardewValley.Network	NetLongDictionary`2	StardewValley.Network/NetLongDictionary_2.cs	ok	
1190	StardewValley.Network	NetMutex	StardewValley.Network/NetMutex.cs	ok	
1191	StardewValley.Network	NetMutexQueue`1	StardewValley.Network/NetMutexQueue_1.cs	ok	
1192	StardewValley.Network	NetNPCRef	StardewValley.Network/NetNPCRef.cs	ok	
1193	StardewValley.Network	NetPausableField`3	StardewValley.Network/NetPausableField_3.cs	ok	
1194	StardewValley.Network	NetPointDictionary`2	StardewValley.Network/NetPointDictionary_2.cs	ok	
1195	StardewValley.Network	NetPosition	StardewValley.Network/NetPosition.cs	ok	
1196	StardewValley.Network	NetStringDictionary`2	StardewValley.Network/NetStringDictionary_2.cs	ok	
1197	StardewValley.Network	NetVector2Dictionary`2	StardewValley.Network/NetVector2Dictionary_2.cs	ok	
1198	StardewValley.Network	NetWitnessedLock	StardewValley.Network/NetWitnessedLock.cs	ok	
1199	StardewValley.Network	NetWorldState	StardewValley.Network/NetWorldState.cs	ok	
1200	StardewValley.Network	OutgoingMessage	StardewValley.Network/OutgoingMessage.cs	ok	
1201	StardewValley.Network	OverlaidDictionary	StardewValley.Network/OverlaidDictionary.cs	ok	
1202	StardewValley.Network	OverlayDictionary`2	StardewValley.Network/OverlayDictionary_2.cs	ok	
1203	StardewValley.Network	Server	StardewValley.Network/Server.cs	ok	
1204	StardewValley.Network.ChestHit	ChestHitArgs	StardewValley.Network.ChestHit/ChestHitArgs.cs	ok	
1205	StardewValley.Network.ChestHit	ChestHitSynchronizer	StardewValley.Network.ChestHit/ChestHitSynchronizer.cs	ok	
1206	StardewValley.Network.ChestHit	ChestHitTimer	StardewValley.Network.ChestHit/ChestHitTimer.cs	ok	
1207	StardewValley.Network.ChestHit.Internal	ChestHitMessageType	StardewValley.Network.ChestHit.Internal/ChestHitMessageType.cs	ok	
1208	StardewValley.Network.Compress	INetCompression	StardewValley.Network.Compress/INetCompression.cs	ok	
1209	StardewValley.Network.Compress	LZ4NetCompression	StardewValley.Network.Compress/LZ4NetCompression.cs	ok	
1210	StardewValley.Network.Compress	NullNetCompression	StardewValley.Network.Compress/NullNetCompression.cs	ok	
1211	StardewValley.Network.Dedicated	DedicatedServer	StardewValley.Network.Dedicated/DedicatedServer.cs	ok	
1212	StardewValley.Network.Dedicated	DedicatedServerMessageType	StardewValley.Network.Dedicated/DedicatedServerMessageType.cs	ok	
1213	StardewValley.Network.NetEvents	BasePlayerActionRequest	StardewValley.Network.NetEvents/BasePlayerActionRequest.cs	ok	
1214	StardewValley.Network.NetEvents	BaseSetFlagRequest	StardewValley.Network.NetEvents/BaseSetFlagRequest.cs	ok	
1215	StardewValley.Network.NetEvents	MailType	StardewValley.Network.NetEvents/MailType.cs	ok	
1216	StardewValley.Network.NetEvents	NutDropRequest	StardewValley.Network.NetEvents/NutDropRequest.cs	ok	
1217	StardewValley.Network.NetEvents	PlayerActionTarget	StardewValley.Network.NetEvents/PlayerActionTarget.cs	ok	
1218	StardewValley.Network.NetEvents	SetMailRequest	StardewValley.Network.NetEvents/SetMailRequest.cs	ok	
1219	StardewValley.Network.NetEvents	SetSimpleFlagRequest	StardewValley.Network.NetEvents/SetSimpleFlagRequest.cs	ok	
1220	StardewValley.Network.NetEvents	SimpleFlagType	StardewValley.Network.NetEvents/SimpleFlagType.cs	ok	
1221	StardewValley.Network.NetReady	ReadySynchronizer	StardewValley.Network.NetReady/ReadySynchronizer.cs	ok	
1222	StardewValley.Network.NetReady.Internal	BaseReadyCheck	StardewValley.Network.NetReady.Internal/BaseReadyCheck.cs	ok	
1223	StardewValley.Network.NetReady.Internal	ClientReadyCheck	StardewValley.Network.NetReady.Internal/ClientReadyCheck.cs	ok	
1224	StardewValley.Network.NetReady.Internal	ReadyCheckMessageType	StardewValley.Network.NetReady.Internal/ReadyCheckMessageType.cs	ok	
1225	StardewValley.Network.NetReady.Internal	ReadyState	StardewValley.Network.NetReady.Internal/ReadyState.cs	ok	
1226	StardewValley.Network.NetReady.Internal	ServerReadyCheck	StardewValley.Network.NetReady.Internal/ServerReadyCheck.cs	ok	
1227	StardewValley.Objects	BedFurniture	StardewValley.Objects/BedFurniture.cs	ok	
1228	StardewValley.Objects	Boots	StardewValley.Objects/Boots.cs	ok	
1229	StardewValley.Objects	BreakableContainer	StardewValley.Objects/BreakableContainer.cs	ok	
1230	StardewValley.Objects	Cask	StardewValley.Objects/Cask.cs	ok	
1231	StardewValley.Objects	Chest	StardewValley.Objects/Chest.cs	ok	
1232	StardewValley.Objects	Clothing	StardewValley.Objects/Clothing.cs	ok	
1233	StardewValley.Objects	ColoredObject	StardewValley.Objects/ColoredObject.cs	ok	
1234	StardewValley.Objects	CombinedRing	StardewValley.Objects/CombinedRing.cs	ok	
1235	StardewValley.Objects	CrabPot	StardewValley.Objects/CrabPot.cs	ok	
1236	StardewValley.Objects	DefaultPhoneHandler	StardewValley.Objects/DefaultPhoneHandler.cs	ok	
1237	StardewValley.Objects	FishTankFurniture	StardewValley.Objects/FishTankFurniture.cs	ok	
1238	StardewValley.Objects	Furniture	StardewValley.Objects/Furniture.cs	ok	
1239	StardewValley.Objects	Hat	StardewValley.Objects/Hat.cs	ok	
1240	StardewValley.Objects	IPhoneHandler	StardewValley.Objects/IPhoneHandler.cs	ok	
1241	StardewValley.Objects	IndoorPot	StardewValley.Objects/IndoorPot.cs	ok	
1242	StardewValley.Objects	ItemPedestal	StardewValley.Objects/ItemPedestal.cs	ok	
1243	StardewValley.Objects	Mannequin	StardewValley.Objects/Mannequin.cs	ok	
1244	StardewValley.Objects	MiniJukebox	StardewValley.Objects/MiniJukebox.cs	ok	
1245	StardewValley.Objects	PetLicense	StardewValley.Objects/PetLicense.cs	ok	
1246	StardewValley.Objects	Phone	StardewValley.Objects/Phone.cs	ok	
1247	StardewValley.Objects	RandomizedPlantFurniture	StardewValley.Objects/RandomizedPlantFurniture.cs	ok	
1248	StardewValley.Objects	Ring	StardewValley.Objects/Ring.cs	ok	
1249	StardewValley.Objects	Sign	StardewValley.Objects/Sign.cs	ok	
1250	StardewValley.Objects	SpecialItem	StardewValley.Objects/SpecialItem.cs	ok	
1251	StardewValley.Objects	StorageFurniture	StardewValley.Objects/StorageFurniture.cs	ok	
1252	StardewValley.Objects	TV	StardewValley.Objects/TV.cs	ok	
1253	StardewValley.Objects	TankFish	StardewValley.Objects/TankFish.cs	ok	
1254	StardewValley.Objects	Wallpaper	StardewValley.Objects/Wallpaper.cs	ok	
1255	StardewValley.Objects	WoodChipper	StardewValley.Objects/WoodChipper.cs	ok	
1256	StardewValley.Objects	Workbench	StardewValley.Objects/Workbench.cs	ok	
1257	StardewValley.Objects.Trinkets	CompanionTrinketEffect	StardewValley.Objects.Trinkets/CompanionTrinketEffect.cs	ok	
1258	StardewValley.Objects.Trinkets	FairyBoxTrinketEffect	StardewValley.Objects.Trinkets/FairyBoxTrinketEffect.cs	ok	
1259	StardewValley.Objects.Trinkets	IceOrbTrinketEffect	StardewValley.Objects.Trinkets/IceOrbTrinketEffect.cs	ok	
1260	StardewValley.Objects.Trinkets	MagicQuiverTrinketEffect	StardewValley.Objects.Trinkets/MagicQuiverTrinketEffect.cs	ok	
1261	StardewValley.Objects.Trinkets	RainbowHairTrinketEffect	StardewValley.Objects.Trinkets/RainbowHairTrinketEffect.cs	ok	
1262	StardewValley.Objects.Trinkets	Trinket	StardewValley.Objects.Trinkets/Trinket.cs	ok	
1263	StardewValley.Objects.Trinkets	TrinketEffect	StardewValley.Objects.Trinkets/TrinketEffect.cs	ok	
1264	StardewValley.Pathfinding	LocationWarpRoute	StardewValley.Pathfinding/LocationWarpRoute.cs	ok	
1265	StardewValley.Pathfinding	PathFindController	StardewValley.Pathfinding/PathFindController.cs	ok	
1266	StardewValley.Pathfinding	PathNode	StardewValley.Pathfinding/PathNode.cs	ok	
1267	StardewValley.Pathfinding	PriorityQueue	StardewValley.Pathfinding/PriorityQueue.cs	ok	
1268	StardewValley.Pathfinding	SchedulePathDescription	StardewValley.Pathfinding/SchedulePathDescription.cs	ok	
1269	StardewValley.Pathfinding	WarpPathfindingCache	StardewValley.Pathfinding/WarpPathfindingCache.cs	ok	
1270	StardewValley.Projectiles	BasicProjectile	StardewValley.Projectiles/BasicProjectile.cs	ok	
1271	StardewValley.Projectiles	DebuffingProjectile	StardewValley.Projectiles/DebuffingProjectile.cs	ok	
1272	StardewValley.Projectiles	Projectile	StardewValley.Projectiles/Projectile.cs	ok	
1273	StardewValley.Quests	CraftingQuest	StardewValley.Quests/CraftingQuest.cs	ok	
1274	StardewValley.Quests	DescriptionElement	StardewValley.Quests/DescriptionElement.cs	ok	
1275	StardewValley.Quests	FishingQuest	StardewValley.Quests/FishingQuest.cs	ok	
1276	StardewValley.Quests	GoSomewhereQuest	StardewValley.Quests/GoSomewhereQuest.cs	ok	
1277	StardewValley.Quests	HaveBuildingQuest	StardewValley.Quests/HaveBuildingQuest.cs	ok	
1278	StardewValley.Quests	IQuest	StardewValley.Quests/IQuest.cs	ok	
1279	StardewValley.Quests	ItemDeliveryQuest	StardewValley.Quests/ItemDeliveryQuest.cs	ok	
1280	StardewValley.Quests	ItemHarvestQuest	StardewValley.Quests/ItemHarvestQuest.cs	ok	
1281	StardewValley.Quests	LostItemQuest	StardewValley.Quests/LostItemQuest.cs	ok	
1282	StardewValley.Quests	NetDescriptionElementList	StardewValley.Quests/NetDescriptionElementList.cs	ok	
1283	StardewValley.Quests	NetDescriptionElementRef	StardewValley.Quests/NetDescriptionElementRef.cs	ok	
1284	StardewValley.Quests	Quest	StardewValley.Quests/Quest.cs	ok	
1285	StardewValley.Quests	ResourceCollectionQuest	StardewValley.Quests/ResourceCollectionQuest.cs	ok	
1286	StardewValley.Quests	SecretLostItemQuest	StardewValley.Quests/SecretLostItemQuest.cs	ok	
1287	StardewValley.Quests	SlayMonsterQuest	StardewValley.Quests/SlayMonsterQuest.cs	ok	
1288	StardewValley.Quests	SocializeQuest	StardewValley.Quests/SocializeQuest.cs	ok	
1289	StardewValley.SDKs	LobbyUpdateListener	StardewValley.SDKs/LobbyUpdateListener.cs	ok	
1290	StardewValley.SDKs	NullSDKHelper	StardewValley.SDKs/NullSDKHelper.cs	ok	
1291	StardewValley.SDKs	SDKHelper	StardewValley.SDKs/SDKHelper.cs	ok	
1292	StardewValley.SDKs	SDKNetHelper	StardewValley.SDKs/SDKNetHelper.cs	ok	
1293	StardewValley.SDKs.GameCenter	GameCenterHelper	StardewValley.SDKs.GameCenter/GameCenterHelper.cs	ok	
1294	StardewValley.SDKs.GogGalaxy	GalaxyHelper	StardewValley.SDKs.GogGalaxy/GalaxyHelper.cs	ok	
1295	StardewValley.SDKs.GogGalaxy.Internal	Base36	StardewValley.SDKs.GogGalaxy.Internal/Base36.cs	ok	
1296	StardewValley.SDKs.Steam	SteamHelper	StardewValley.SDKs.Steam/SteamHelper.cs	ok	
1297	StardewValley.SDKs.WeGameRail	RailHelper	StardewValley.SDKs.WeGameRail/RailHelper.cs	ok	
1298	StardewValley.SaveMigrations	ISaveMigrator	StardewValley.SaveMigrations/ISaveMigrator.cs	ok	
1299	StardewValley.SaveMigrations	SaveFixes	StardewValley.SaveMigrations/SaveFixes.cs	ok	
1300	StardewValley.SaveMigrations	SaveMigrator	StardewValley.SaveMigrations/SaveMigrator.cs	ok	
1301	StardewValley.SaveMigrations	SaveMigrator_1_3	StardewValley.SaveMigrations/SaveMigrator_1_3.cs	ok	
1302	StardewValley.SaveMigrations	SaveMigrator_1_4	StardewValley.SaveMigrations/SaveMigrator_1_4.cs	ok	
1303	StardewValley.SaveMigrations	SaveMigrator_1_5	StardewValley.SaveMigrations/SaveMigrator_1_5.cs	ok	
1304	StardewValley.SaveMigrations	SaveMigrator_1_6	StardewValley.SaveMigrations/SaveMigrator_1_6.cs	ok	
1305	StardewValley.SaveSerialization	SaveSerializer	StardewValley.SaveSerialization/SaveSerializer.cs	ok	
1306	StardewValley.SaveSerialization	Vector2Reader	StardewValley.SaveSerialization/Vector2Reader.cs	ok	
1307	StardewValley.SaveSerialization	Vector2Serializer	StardewValley.SaveSerialization/Vector2Serializer.cs	ok	
1308	StardewValley.SaveSerialization	Vector2Writer	StardewValley.SaveSerialization/Vector2Writer.cs	ok	
1309	StardewValley.SpecialOrders	SpecialOrder	StardewValley.SpecialOrders/SpecialOrder.cs	ok	
1310	StardewValley.SpecialOrders	SpecialOrderStatus	StardewValley.SpecialOrders/SpecialOrderStatus.cs	ok	
1311	StardewValley.SpecialOrders.Objectives	CollectObjective	StardewValley.SpecialOrders.Objectives/CollectObjective.cs	ok	
1312	StardewValley.SpecialOrders.Objectives	DeliverObjective	StardewValley.SpecialOrders.Objectives/DeliverObjective.cs	ok	
1313	StardewValley.SpecialOrders.Objectives	DonateObjective	StardewValley.SpecialOrders.Objectives/DonateObjective.cs	ok	
1314	StardewValley.SpecialOrders.Objectives	FishObjective	StardewValley.SpecialOrders.Objectives/FishObjective.cs	ok	
1315	StardewValley.SpecialOrders.Objectives	GiftObjective	StardewValley.SpecialOrders.Objectives/GiftObjective.cs	ok	
1316	StardewValley.SpecialOrders.Objectives	JKScoreObjective	StardewValley.SpecialOrders.Objectives/JKScoreObjective.cs	ok	
1317	StardewValley.SpecialOrders.Objectives	OrderObjective	StardewValley.SpecialOrders.Objectives/OrderObjective.cs	ok	
1318	StardewValley.SpecialOrders.Objectives	ReachMineFloorObjective	StardewValley.SpecialOrders.Objectives/ReachMineFloorObjective.cs	ok	
1319	StardewValley.SpecialOrders.Objectives	ShipObjective	StardewValley.SpecialOrders.Objectives/ShipObjective.cs	ok	
1320	StardewValley.SpecialOrders.Objectives	SlayObjective	StardewValley.SpecialOrders.Objectives/SlayObjective.cs	ok	
1321	StardewValley.SpecialOrders.Rewards	FriendshipReward	StardewValley.SpecialOrders.Rewards/FriendshipReward.cs	ok	
1322	StardewValley.SpecialOrders.Rewards	GemsReward	StardewValley.SpecialOrders.Rewards/GemsReward.cs	ok	
1323	StardewValley.SpecialOrders.Rewards	MailReward	StardewValley.SpecialOrders.Rewards/MailReward.cs	ok	
1324	StardewValley.SpecialOrders.Rewards	MoneyReward	StardewValley.SpecialOrders.Rewards/MoneyReward.cs	ok	
1325	StardewValley.SpecialOrders.Rewards	ObjectReward	StardewValley.SpecialOrders.Rewards/ObjectReward.cs	ok	
1326	StardewValley.SpecialOrders.Rewards	OrderReward	StardewValley.SpecialOrders.Rewards/OrderReward.cs	ok	
1327	StardewValley.SpecialOrders.Rewards	ResetEventReward	StardewValley.SpecialOrders.Rewards/ResetEventReward.cs	ok	
1328	StardewValley.TerrainFeatures	Bush	StardewValley.TerrainFeatures/Bush.cs	ok	
1329	StardewValley.TerrainFeatures	CosmeticPlant	StardewValley.TerrainFeatures/CosmeticPlant.cs	ok	
1330	StardewValley.TerrainFeatures	Flooring	StardewValley.TerrainFeatures/Flooring.cs	ok	
1331	StardewValley.TerrainFeatures	FruitTree	StardewValley.TerrainFeatures/FruitTree.cs	ok	
1332	StardewValley.TerrainFeatures	GiantCrop	StardewValley.TerrainFeatures/GiantCrop.cs	ok	
1333	StardewValley.TerrainFeatures	Grass	StardewValley.TerrainFeatures/Grass.cs	ok	
1334	StardewValley.TerrainFeatures	HoeDirt	StardewValley.TerrainFeatures/HoeDirt.cs	ok	
1335	StardewValley.TerrainFeatures	HoeDirtFertilizerApplyStatus	StardewValley.TerrainFeatures/HoeDirtFertilizerApplyStatus.cs	ok	
1336	StardewValley.TerrainFeatures	LargeTerrainFeature	StardewValley.TerrainFeatures/LargeTerrainFeature.cs	ok	
1337	StardewValley.TerrainFeatures	Leaf	StardewValley.TerrainFeatures/Leaf.cs	ok	
1338	StardewValley.TerrainFeatures	ResourceClump	StardewValley.TerrainFeatures/ResourceClump.cs	ok	
1339	StardewValley.TerrainFeatures	Tent	StardewValley.TerrainFeatures/Tent.cs	ok	
1340	StardewValley.TerrainFeatures	TerrainFeature	StardewValley.TerrainFeatures/TerrainFeature.cs	ok	
1341	StardewValley.TerrainFeatures	Tree	StardewValley.TerrainFeatures/Tree.cs	ok	
1342	StardewValley.Tests	ExtractSyntaxDelegate	StardewValley.Tests/ExtractSyntaxDelegate.cs	ok	
1343	StardewValley.Tests	SyntaxAbstractor	StardewValley.Tests/SyntaxAbstractor.cs	ok	
1344	StardewValley.Tests	TranslationValidator	StardewValley.Tests/TranslationValidator.cs	ok	
1345	StardewValley.Tests	TranslationValidatorIssue	StardewValley.Tests/TranslationValidatorIssue.cs	ok	
1346	StardewValley.Tests	TranslationValidatorResult	StardewValley.Tests/TranslationValidatorResult.cs	ok	
1347	StardewValley.TokenizableStrings	TokenParser	StardewValley.TokenizableStrings/TokenParser.cs	ok	
1348	StardewValley.TokenizableStrings	TokenParserDelegate	StardewValley.TokenizableStrings/TokenParserDelegate.cs	ok	
1349	StardewValley.TokenizableStrings	TokenStringBuilder	StardewValley.TokenizableStrings/TokenStringBuilder.cs	ok	
1350	StardewValley.Tools	Axe	StardewValley.Tools/Axe.cs	ok	
1351	StardewValley.Tools	ErrorTool	StardewValley.Tools/ErrorTool.cs	ok	
1352	StardewValley.Tools	FishingRod	StardewValley.Tools/FishingRod.cs	ok	
1353	StardewValley.Tools	GenericTool	StardewValley.Tools/GenericTool.cs	ok	
1354	StardewValley.Tools	Hoe	StardewValley.Tools/Hoe.cs	ok	
1355	StardewValley.Tools	Lantern	StardewValley.Tools/Lantern.cs	ok	
1356	StardewValley.Tools	MagnifyingGlass	StardewValley.Tools/MagnifyingGlass.cs	ok	
1357	StardewValley.Tools	MeleeWeapon	StardewValley.Tools/MeleeWeapon.cs	ok	
1358	StardewValley.Tools	MilkPail	StardewValley.Tools/MilkPail.cs	ok	
1359	StardewValley.Tools	Pan	StardewValley.Tools/Pan.cs	ok	
1360	StardewValley.Tools	Pickaxe	StardewValley.Tools/Pickaxe.cs	ok	
1361	StardewValley.Tools	Raft	StardewValley.Tools/Raft.cs	ok	
1362	StardewValley.Tools	Shears	StardewValley.Tools/Shears.cs	ok	
1363	StardewValley.Tools	Slingshot	StardewValley.Tools/Slingshot.cs	ok	
1364	StardewValley.Tools	Wand	StardewValley.Tools/Wand.cs	ok	
1365	StardewValley.Tools	WateringCan	StardewValley.Tools/WateringCan.cs	ok	
1366	StardewValley.Triggers	CachedAction	StardewValley.Triggers/CachedAction.cs	ok	
1367	StardewValley.Triggers	CachedTriggerAction	StardewValley.Triggers/CachedTriggerAction.cs	ok	
1368	StardewValley.Triggers	TriggerActionManager	StardewValley.Triggers/TriggerActionManager.cs	ok	
1369	StardewValley.Util	BoundingBoxGroup	StardewValley.Util/BoundingBoxGroup.cs	ok	
1370	StardewValley.Util	CloneExtensions	StardewValley.Util/CloneExtensions.cs	ok	
1371	StardewValley.Util	DictionarySaver`2	StardewValley.Util/DictionarySaver_2.cs	ok	
1372	StardewValley.Util	EventTest	StardewValley.Util/EventTest.cs	ok	
1373	StardewValley.Util	GuidHelper	StardewValley.Util/GuidHelper.cs	ok	
1374	StardewValley.Util	IInputSimulator	StardewValley.Util/IInputSimulator.cs	ok	
1375	StardewValley.Util	LeftRightClickSpamInputSimulator	StardewValley.Util/LeftRightClickSpamInputSimulator.cs	ok	
1376	StardewValley.Util	ProfanityFilter	StardewValley.Util/ProfanityFilter.cs	ok	
1377	StardewValley.Util	SaveablePairExtensions	StardewValley.Util/SaveablePairExtensions.cs	ok	
1378	StardewValley.Util	SaveablePair`2	StardewValley.Util/SaveablePair_2.cs	ok	
1379	StardewValley.Util	StackTraceHelper	StardewValley.Util/StackTraceHelper.cs	ok	
1380	StardewValley.Util	SynchronizedShopStock	StardewValley.Util/SynchronizedShopStock.cs	ok	
1381	StardewValley.Util	ToolSpamInputSimulator	StardewValley.Util/ToolSpamInputSimulator.cs	ok	
1382	StardewValley.WorldMaps	MapArea	StardewValley.WorldMaps/MapArea.cs	ok	
1383	StardewValley.WorldMaps	MapAreaPosition	StardewValley.WorldMaps/MapAreaPosition.cs	ok	
1384	StardewValley.WorldMaps	MapAreaPositionWithContext	StardewValley.WorldMaps/MapAreaPositionWithContext.cs	ok	
1385	StardewValley.WorldMaps	MapAreaTexture	StardewValley.WorldMaps/MapAreaTexture.cs	ok	
1386	StardewValley.WorldMaps	MapAreaTooltip	StardewValley.WorldMaps/MapAreaTooltip.cs	ok	
1387	StardewValley.WorldMaps	MapRegion	StardewValley.WorldMaps/MapRegion.cs	ok	
1388	StardewValley.WorldMaps	WorldMapManager	StardewValley.WorldMaps/WorldMapManager.cs	ok	
1389	StardewValley.iOS	AppDelegate	StardewValley.iOS/AppDelegate.cs	ok	
1390	StardewValley.iOS	Application	StardewValley.iOS/Application.cs	ok	
1391	TinyTween	ColorTween	TinyTween/ColorTween.cs	ok	
1392	TinyTween	FloatTween	TinyTween/FloatTween.cs	ok	
1393	TinyTween	ITween	TinyTween/ITween.cs	ok	
1394	TinyTween	ITween`1	TinyTween/ITween_1.cs	ok	
1395	TinyTween	LerpFunc`1	TinyTween/LerpFunc_1.cs	ok	
1396	TinyTween	QuaternionTween	TinyTween/QuaternionTween.cs	ok	
1397	TinyTween	ScaleFunc	TinyTween/ScaleFunc.cs	ok	
1398	TinyTween	ScaleFuncs	TinyTween/ScaleFuncs.cs	ok	
1399	TinyTween	StopBehavior	TinyTween/StopBehavior.cs	ok	
1400	TinyTween	TweenState	TinyTween/TweenState.cs	ok	
1401	TinyTween	Tween`1	TinyTween/Tween_1.cs	ok	
1402	TinyTween	Vector2Tween	TinyTween/Vector2Tween.cs	ok	
1403	TinyTween	Vector3Tween	TinyTween/Vector3Tween.cs	ok	
1404	TinyTween	Vector4Tween	TinyTween/Vector4Tween.cs	ok	
1405	rail	AcquireSessionTicketResponse	rail/AcquireSessionTicketResponse.cs	ok	
1406	rail	AsyncAcquireGameServerSessionTicketResponse	rail/AsyncAcquireGameServerSessionTicketResponse.cs	ok	
1407	rail	AsyncAddFavoriteGameServerResult	rail/AsyncAddFavoriteGameServerResult.cs	ok	
1408	rail	AsyncDeleteStreamFileResult	rail/AsyncDeleteStreamFileResult.cs	ok	
1409	rail	AsyncGetFavoriteGameServersResult	rail/AsyncGetFavoriteGameServersResult.cs	ok	
1410	rail	AsyncGetMyFavoritesWorksResult	rail/AsyncGetMyFavoritesWorksResult.cs	ok	
1411	rail	AsyncGetMySubscribedWorksResult	rail/AsyncGetMySubscribedWorksResult.cs	ok	
1412	rail	AsyncListFileResult	rail/AsyncListFileResult.cs	ok	
1413	rail	AsyncModifyFavoritesWorksResult	rail/AsyncModifyFavoritesWorksResult.cs	ok	
1414	rail	AsyncQueryQuotaResult	rail/AsyncQueryQuotaResult.cs	ok	
1415	rail	AsyncQuerySpaceWorksInfoResult	rail/AsyncQuerySpaceWorksInfoResult.cs	ok	
1416	rail	AsyncQuerySpaceWorksResult	rail/AsyncQuerySpaceWorksResult.cs	ok	
1417	rail	AsyncRateSpaceWorkResult	rail/AsyncRateSpaceWorkResult.cs	ok	
1418	rail	AsyncReadFileResult	rail/AsyncReadFileResult.cs	ok	
1419	rail	AsyncReadStreamFileResult	rail/AsyncReadStreamFileResult.cs	ok	
1420	rail	AsyncRemoveFavoriteGameServerResult	rail/AsyncRemoveFavoriteGameServerResult.cs	ok	
1421	rail	AsyncRemoveSpaceWorkResult	rail/AsyncRemoveSpaceWorkResult.cs	ok	
1422	rail	AsyncRenameStreamFileResult	rail/AsyncRenameStreamFileResult.cs	ok	
1423	rail	AsyncSearchSpaceWorksResult	rail/AsyncSearchSpaceWorksResult.cs	ok	
1424	rail	AsyncSubscribeSpaceWorksResult	rail/AsyncSubscribeSpaceWorksResult.cs	ok	
1425	rail	AsyncUpdateMetadataResult	rail/AsyncUpdateMetadataResult.cs	ok	
1426	rail	AsyncVoteSpaceWorkResult	rail/AsyncVoteSpaceWorkResult.cs	ok	
1427	rail	AsyncWriteFileResult	rail/AsyncWriteFileResult.cs	ok	
1428	rail	AsyncWriteStreamFileResult	rail/AsyncWriteStreamFileResult.cs	ok	
1429	rail	BrowserDamageRectNeedsPaintRequest	rail/BrowserDamageRectNeedsPaintRequest.cs	ok	
1430	rail	BrowserNeedsPaintRequest	rail/BrowserNeedsPaintRequest.cs	ok	
1431	rail	BrowserRenderNavigateResult	rail/BrowserRenderNavigateResult.cs	ok	
1432	rail	BrowserRenderStateChanged	rail/BrowserRenderStateChanged.cs	ok	
1433	rail	BrowserRenderTitleChanged	rail/BrowserRenderTitleChanged.cs	ok	
1434	rail	BrowserTryNavigateNewPageRequest	rail/BrowserTryNavigateNewPageRequest.cs	ok	
1435	rail	CheckAllDlcsStateReadyResult	rail/CheckAllDlcsStateReadyResult.cs	ok	
1436	rail	ClearRoomMetadataResult	rail/ClearRoomMetadataResult.cs	ok	
1437	rail	CloseBrowserResult	rail/CloseBrowserResult.cs	ok	
1438	rail	CompleteConsumeAssetsFinished	rail/CompleteConsumeAssetsFinished.cs	ok	
1439	rail	CompleteConsumeByExchangeAssetsToFinished	rail/CompleteConsumeByExchangeAssetsToFinished.cs	ok	
1440	rail	CreateBrowserOptions	rail/CreateBrowserOptions.cs	ok	
1441	rail	CreateBrowserResult	rail/CreateBrowserResult.cs	ok	
1442	rail	CreateCustomerDrawBrowserOptions	rail/CreateCustomerDrawBrowserOptions.cs	ok	
1443	rail	CreateGameServerOptions	rail/CreateGameServerOptions.cs	ok	
1444	rail	CreateGameServerResult	rail/CreateGameServerResult.cs	ok	
1445	rail	CreateRoomResult	rail/CreateRoomResult.cs	ok	
1446	rail	CreateSessionFailed	rail/CreateSessionFailed.cs	ok	
1447	rail	CreateSessionRequest	rail/CreateSessionRequest.cs	ok	
1448	rail	CreateVoiceChannelOption	rail/CreateVoiceChannelOption.cs	ok	
1449	rail	CreateVoiceChannelResult	rail/CreateVoiceChannelResult.cs	ok	
1450	rail	DirectConsumeAssetsFinished	rail/DirectConsumeAssetsFinished.cs	ok	
1451	rail	DlcInstallFinished	rail/DlcInstallFinished.cs	ok	
1452	rail	DlcInstallProgress	rail/DlcInstallProgress.cs	ok	
1453	rail	DlcInstallStart	rail/DlcInstallStart.cs	ok	
1454	rail	DlcInstallStartResult	rail/DlcInstallStartResult.cs	ok	
1455	rail	DlcOwnershipChanged	rail/DlcOwnershipChanged.cs	ok	
1456	rail	DlcRefundChanged	rail/DlcRefundChanged.cs	ok	
1457	rail	DlcUninstallFinished	rail/DlcUninstallFinished.cs	ok	
1458	rail	DlcUninstallProgress	rail/DlcUninstallProgress.cs	ok	
1459	rail	EnumCommonLimit	rail/EnumCommonLimit.cs	ok	
1460	rail	EnumLeaveRoomReason	rail/EnumLeaveRoomReason.cs	ok	
1461	rail	EnumRailAssetFlags	rail/EnumRailAssetFlags.cs	ok	
1462	rail	EnumRailAssetOrigin	rail/EnumRailAssetOrigin.cs	ok	
1463	rail	EnumRailAssetState	rail/EnumRailAssetState.cs	ok	
1464	rail	EnumRailComparisonType	rail/EnumRailComparisonType.cs	ok	
1465	rail	EnumRailDirtyWordsType	rail/EnumRailDirtyWordsType.cs	ok	
1466	rail	EnumRailDlcContentType	rail/EnumRailDlcContentType.cs	ok	
1467	rail	EnumRailFriendType	rail/EnumRailFriendType.cs	ok	
1468	rail	EnumRailGameContentDamageFlag	rail/EnumRailGameContentDamageFlag.cs	ok	
1469	rail	EnumRailGamePlayingState	rail/EnumRailGamePlayingState.cs	ok	
1470	rail	EnumRailGameRefundState	rail/EnumRailGameRefundState.cs	ok	
1471	rail	EnumRailIDDomain	rail/EnumRailIDDomain.cs	ok	
1472	rail	EnumRailIDValue	rail/EnumRailIDValue.cs	ok	
1473	rail	EnumRailImagePixelFormat	rail/EnumRailImagePixelFormat.cs	ok	
1474	rail	EnumRailLaunchAppType	rail/EnumRailLaunchAppType.cs	ok	
1475	rail	EnumRailModifyFavoritesSpaceWorkType	rail/EnumRailModifyFavoritesSpaceWorkType.cs	ok	
1476	rail	EnumRailMouseActionType	rail/EnumRailMouseActionType.cs	ok	
1477	rail	EnumRailNotifyWindowPosition	rail/EnumRailNotifyWindowPosition.cs	ok	
1478	rail	EnumRailNotifyWindowType	rail/EnumRailNotifyWindowType.cs	ok	
1479	rail	EnumRailOptionalValue	rail/EnumRailOptionalValue.cs	ok	
1480	rail	EnumRailPlatformType	rail/EnumRailPlatformType.cs	ok	
1481	rail	EnumRailPlayerBannedStatus	rail/EnumRailPlayerBannedStatus.cs	ok	
1482	rail	EnumRailPlayerOnLineState	rail/EnumRailPlayerOnLineState.cs	ok	
1483	rail	EnumRailPlayerOwnershipType	rail/EnumRailPlayerOwnershipType.cs	ok	
1484	rail	EnumRailProductId	rail/EnumRailProductId.cs	ok	
1485	rail	EnumRailPropertyValueType	rail/EnumRailPropertyValueType.cs	ok	
1486	rail	EnumRailSmallObjectUpdateState	rail/EnumRailSmallObjectUpdateState.cs	ok	
1487	rail	EnumRailSortType	rail/EnumRailSortType.cs	ok	
1488	rail	EnumRailSpaceWorkOrderBy	rail/EnumRailSpaceWorkOrderBy.cs	ok	
1489	rail	EnumRailSpaceWorkRateValue	rail/EnumRailSpaceWorkRateValue.cs	ok	
1490	rail	EnumRailSpaceWorkShareLevel	rail/EnumRailSpaceWorkShareLevel.cs	ok	
1491	rail	EnumRailSpaceWorkState	rail/EnumRailSpaceWorkState.cs	ok	
1492	rail	EnumRailSpaceWorkStatistic	rail/EnumRailSpaceWorkStatistic.cs	ok	
1493	rail	EnumRailSpaceWorkSyncState	rail/EnumRailSpaceWorkSyncState.cs	ok	
1494	rail	EnumRailSpaceWorkType	rail/EnumRailSpaceWorkType.cs	ok	
1495	rail	EnumRailSpaceWorkVoteValue	rail/EnumRailSpaceWorkVoteValue.cs	ok	
1496	rail	EnumRailSpaceworkQueryType	rail/EnumRailSpaceworkQueryType.cs	ok	
1497	rail	EnumRailStorageFileEnabledOS	rail/EnumRailStorageFileEnabledOS.cs	ok	
1498	rail	EnumRailStoreType	rail/EnumRailStoreType.cs	ok	
1499	rail	EnumRailStreamOpenFileType	rail/EnumRailStreamOpenFileType.cs	ok	
1500	rail	EnumRailUserPlayedWithLimit	rail/EnumRailUserPlayedWithLimit.cs	ok	
1501	rail	EnumRailUsersInviteResponseType	rail/EnumRailUsersInviteResponseType.cs	ok	
1502	rail	EnumRailUsersInviteType	rail/EnumRailUsersInviteType.cs	ok	
1503	rail	EnumRailUsersLimits	rail/EnumRailUsersLimits.cs	ok	
1504	rail	EnumRailVoiceCaptureChannel	rail/EnumRailVoiceCaptureChannel.cs	ok	
1505	rail	EnumRailVoiceCaptureFormat	rail/EnumRailVoiceCaptureFormat.cs	ok	
1506	rail	EnumRailVoiceChannelJoinState	rail/EnumRailVoiceChannelJoinState.cs	ok	
1507	rail	EnumRailVoiceChannelSpeakerState	rail/EnumRailVoiceChannelSpeakerState.cs	ok	
1508	rail	EnumRailVoiceChannelUserSpeakingLimit	rail/EnumRailVoiceChannelUserSpeakingLimit.cs	ok	
1509	rail	EnumRailVoiceLeaveChannelReason	rail/EnumRailVoiceLeaveChannelReason.cs	ok	
1510	rail	EnumRailWindowType	rail/EnumRailWindowType.cs	ok	
1511	rail	EnumRailWorkFileClass	rail/EnumRailWorkFileClass.cs	ok	
1512	rail	EnumRoomMemberActionStatus	rail/EnumRoomMemberActionStatus.cs	ok	
1513	rail	EnumRoomOwnerChangeReason	rail/EnumRoomOwnerChangeReason.cs	ok	
1514	rail	EnumRoomType	rail/EnumRoomType.cs	ok	
1515	rail	EventBase	rail/EventBase.cs	ok	
1516	rail	ExchangeAssetsFinished	rail/ExchangeAssetsFinished.cs	ok	
1517	rail	ExchangeAssetsToFinished	rail/ExchangeAssetsToFinished.cs	ok	
1518	rail	GameServerInfo	rail/GameServerInfo.cs	ok	
1519	rail	GameServerListFilter	rail/GameServerListFilter.cs	ok	
1520	rail	GameServerListFilterKey	rail/GameServerListFilterKey.cs	ok	
1521	rail	GameServerListSorter	rail/GameServerListSorter.cs	ok	
1522	rail	GameServerListSorterKeyType	rail/GameServerListSorterKeyType.cs	ok	
1523	rail	GameServerPlayerInfo	rail/GameServerPlayerInfo.cs	ok	
1524	rail	GameServerRegisterToServerListResult	rail/GameServerRegisterToServerListResult.cs	ok	
1525	rail	GameServerStartSessionWithPlayerResponse	rail/GameServerStartSessionWithPlayerResponse.cs	ok	
1526	rail	GetAllRoomDataResult	rail/GetAllRoomDataResult.cs	ok	
1527	rail	GetAuthenticateURLResult	rail/GetAuthenticateURLResult.cs	ok	
1528	rail	GetGameServerListResult	rail/GetGameServerListResult.cs	ok	
1529	rail	GetGameServerMetadataResult	rail/GetGameServerMetadataResult.cs	ok	
1530	rail	GetGameServerPlayerListResult	rail/GetGameServerPlayerListResult.cs	ok	
1531	rail	GetMemberMetadataResult	rail/GetMemberMetadataResult.cs	ok	
1532	rail	GetRoomListResult	rail/GetRoomListResult.cs	ok	
1533	rail	GetRoomMembersResult	rail/GetRoomMembersResult.cs	ok	
1534	rail	GetRoomMetadataResult	rail/GetRoomMetadataResult.cs	ok	
1535	rail	GetRoomTagResult	rail/GetRoomTagResult.cs	ok	
1536	rail	GetUserRoomListResult	rail/GetUserRoomListResult.cs	ok	
1537	rail	GlobalAchievementReceived	rail/GlobalAchievementReceived.cs	ok	
1538	rail	GlobalStatsRequestReceived	rail/GlobalStatsRequestReceived.cs	ok	
1539	rail	IRailAchievementHelper	rail/IRailAchievementHelper.cs	ok	
1540	rail	IRailAchievementHelperImpl	rail/IRailAchievementHelperImpl.cs	ok	
1541	rail	IRailAntiAddictionHelper	rail/IRailAntiAddictionHelper.cs	ok	
1542	rail	IRailAntiAddictionHelperImpl	rail/IRailAntiAddictionHelperImpl.cs	ok	
1543	rail	IRailApps	rail/IRailApps.cs	ok	
1544	rail	IRailAppsImpl	rail/IRailAppsImpl.cs	ok	
1545	rail	IRailAssets	rail/IRailAssets.cs	ok	
1546	rail	IRailAssetsHelper	rail/IRailAssetsHelper.cs	ok	
1547	rail	IRailAssetsHelperImpl	rail/IRailAssetsHelperImpl.cs	ok	
1548	rail	IRailAssetsImpl	rail/IRailAssetsImpl.cs	ok	
1549	rail	IRailBrowser	rail/IRailBrowser.cs	ok	
1550	rail	IRailBrowserHelper	rail/IRailBrowserHelper.cs	ok	
1551	rail	IRailBrowserHelperImpl	rail/IRailBrowserHelperImpl.cs	ok	
1552	rail	IRailBrowserImpl	rail/IRailBrowserImpl.cs	ok	
1553	rail	IRailBrowserRender	rail/IRailBrowserRender.cs	ok	
1554	rail	IRailBrowserRenderImpl	rail/IRailBrowserRenderImpl.cs	ok	
1555	rail	IRailComponent	rail/IRailComponent.cs	ok	
1556	rail	IRailDlcHelper	rail/IRailDlcHelper.cs	ok	
1557	rail	IRailDlcHelperImpl	rail/IRailDlcHelperImpl.cs	ok	
1558	rail	IRailFactory	rail/IRailFactory.cs	ok	
1559	rail	IRailFactoryImpl	rail/IRailFactoryImpl.cs	ok	
1560	rail	IRailFile	rail/IRailFile.cs	ok	
1561	rail	IRailFileImpl	rail/IRailFileImpl.cs	ok	
1562	rail	IRailFloatingWindow	rail/IRailFloatingWindow.cs	ok	
1563	rail	IRailFloatingWindowImpl	rail/IRailFloatingWindowImpl.cs	ok	
1564	rail	IRailFriends	rail/IRailFriends.cs	ok	
1565	rail	IRailFriendsImpl	rail/IRailFriendsImpl.cs	ok	
1566	rail	IRailGame	rail/IRailGame.cs	ok	
1567	rail	IRailGameImpl	rail/IRailGameImpl.cs	ok	
1568	rail	IRailGameServer	rail/IRailGameServer.cs	ok	
1569	rail	IRailGameServerHelper	rail/IRailGameServerHelper.cs	ok	
1570	rail	IRailGameServerHelperImpl	rail/IRailGameServerHelperImpl.cs	ok	
1571	rail	IRailGameServerImpl	rail/IRailGameServerImpl.cs	ok	
1572	rail	IRailGlobalAchievement	rail/IRailGlobalAchievement.cs	ok	
1573	rail	IRailGlobalAchievementImpl	rail/IRailGlobalAchievementImpl.cs	ok	
1574	rail	IRailGlobalStats	rail/IRailGlobalStats.cs	ok	
1575	rail	IRailGlobalStatsImpl	rail/IRailGlobalStatsImpl.cs	ok	
1576	rail	IRailGroupChat	rail/IRailGroupChat.cs	ok	
1577	rail	IRailGroupChatHelper	rail/IRailGroupChatHelper.cs	ok	
1578	rail	IRailGroupChatHelperImpl	rail/IRailGroupChatHelperImpl.cs	ok	
1579	rail	IRailGroupChatImpl	rail/IRailGroupChatImpl.cs	ok	
1580	rail	IRailHttpResponse	rail/IRailHttpResponse.cs	ok	
1581	rail	IRailHttpResponseImpl	rail/IRailHttpResponseImpl.cs	ok	
1582	rail	IRailHttpSession	rail/IRailHttpSession.cs	ok	
1583	rail	IRailHttpSessionHelper	rail/IRailHttpSessionHelper.cs	ok	
1584	rail	IRailHttpSessionHelperImpl	rail/IRailHttpSessionHelperImpl.cs	ok	
1585	rail	IRailHttpSessionImpl	rail/IRailHttpSessionImpl.cs	ok	
1586	rail	IRailIMEHelper	rail/IRailIMEHelper.cs	ok	
1587	rail	IRailIMEHelperImpl	rail/IRailIMEHelperImpl.cs	ok	
1588	rail	IRailInGameActivityHelper	rail/IRailInGameActivityHelper.cs	ok	
1589	rail	IRailInGameActivityHelperImpl	rail/IRailInGameActivityHelperImpl.cs	ok	
1590	rail	IRailInGameCoin	rail/IRailInGameCoin.cs	ok	
1591	rail	IRailInGameCoinImpl	rail/IRailInGameCoinImpl.cs	ok	
1592	rail	IRailInGamePurchase	rail/IRailInGamePurchase.cs	ok	
1593	rail	IRailInGamePurchaseImpl	rail/IRailInGamePurchaseImpl.cs	ok	
1594	rail	IRailInGameStorePurchaseHelper	rail/IRailInGameStorePurchaseHelper.cs	ok	
1595	rail	IRailInGameStorePurchaseHelperImpl	rail/IRailInGameStorePurchaseHelperImpl.cs	ok	
1596	rail	IRailLeaderboard	rail/IRailLeaderboard.cs	ok	
1597	rail	IRailLeaderboardEntries	rail/IRailLeaderboardEntries.cs	ok	
1598	rail	IRailLeaderboardEntriesImpl	rail/IRailLeaderboardEntriesImpl.cs	ok	
1599	rail	IRailLeaderboardHelper	rail/IRailLeaderboardHelper.cs	ok	
1600	rail	IRailLeaderboardHelperImpl	rail/IRailLeaderboardHelperImpl.cs	ok	
1601	rail	IRailLeaderboardImpl	rail/IRailLeaderboardImpl.cs	ok	
1602	rail	IRailNetwork	rail/IRailNetwork.cs	ok	
1603	rail	IRailNetworkImpl	rail/IRailNetworkImpl.cs	ok	
1604	rail	IRailPlayer	rail/IRailPlayer.cs	ok	
1605	rail	IRailPlayerAchievement	rail/IRailPlayerAchievement.cs	ok	
1606	rail	IRailPlayerAchievementImpl	rail/IRailPlayerAchievementImpl.cs	ok	
1607	rail	IRailPlayerImpl	rail/IRailPlayerImpl.cs	ok	
1608	rail	IRailPlayerStats	rail/IRailPlayerStats.cs	ok	
1609	rail	IRailPlayerStatsImpl	rail/IRailPlayerStatsImpl.cs	ok	
1610	rail	IRailRoom	rail/IRailRoom.cs	ok	
1611	rail	IRailRoomHelper	rail/IRailRoomHelper.cs	ok	
1612	rail	IRailRoomHelperImpl	rail/IRailRoomHelperImpl.cs	ok	
1613	rail	IRailRoomImpl	rail/IRailRoomImpl.cs	ok	
1614	rail	IRailScreenshot	rail/IRailScreenshot.cs	ok	
1615	rail	IRailScreenshotHelper	rail/IRailScreenshotHelper.cs	ok	
1616	rail	IRailScreenshotHelperImpl	rail/IRailScreenshotHelperImpl.cs	ok	
1617	rail	IRailScreenshotImpl	rail/IRailScreenshotImpl.cs	ok	
1618	rail	IRailSmallObjectServiceHelper	rail/IRailSmallObjectServiceHelper.cs	ok	
1619	rail	IRailSmallObjectServiceHelperImpl	rail/IRailSmallObjectServiceHelperImpl.cs	ok	
1620	rail	IRailSpaceWork	rail/IRailSpaceWork.cs	ok	
1621	rail	IRailSpaceWorkImpl	rail/IRailSpaceWorkImpl.cs	ok	
1622	rail	IRailStatisticHelper	rail/IRailStatisticHelper.cs	ok	
1623	rail	IRailStatisticHelperImpl	rail/IRailStatisticHelperImpl.cs	ok	
1624	rail	IRailStorageHelper	rail/IRailStorageHelper.cs	ok	
1625	rail	IRailStorageHelperImpl	rail/IRailStorageHelperImpl.cs	ok	
1626	rail	IRailStreamFile	rail/IRailStreamFile.cs	ok	
1627	rail	IRailStreamFileImpl	rail/IRailStreamFileImpl.cs	ok	
1628	rail	IRailSystemHelper	rail/IRailSystemHelper.cs	ok	
1629	rail	IRailSystemHelperImpl	rail/IRailSystemHelperImpl.cs	ok	
1630	rail	IRailTextInputHelper	rail/IRailTextInputHelper.cs	ok	
1631	rail	IRailTextInputHelperImpl	rail/IRailTextInputHelperImpl.cs	ok	
1632	rail	IRailThirdPartyAccountLoginHelper	rail/IRailThirdPartyAccountLoginHelper.cs	ok	
1633	rail	IRailThirdPartyAccountLoginHelperImpl	rail/IRailThirdPartyAccountLoginHelperImpl.cs	ok	
1634	rail	IRailUserSpaceHelper	rail/IRailUserSpaceHelper.cs	ok	
1635	rail	IRailUserSpaceHelperImpl	rail/IRailUserSpaceHelperImpl.cs	ok	
1636	rail	IRailUsersHelper	rail/IRailUsersHelper.cs	ok	
1637	rail	IRailUsersHelperImpl	rail/IRailUsersHelperImpl.cs	ok	
1638	rail	IRailUtils	rail/IRailUtils.cs	ok	
1639	rail	IRailUtilsImpl	rail/IRailUtilsImpl.cs	ok	
1640	rail	IRailVoiceChannel	rail/IRailVoiceChannel.cs	ok	
1641	rail	IRailVoiceChannelImpl	rail/IRailVoiceChannelImpl.cs	ok	
1642	rail	IRailVoiceHelper	rail/IRailVoiceHelper.cs	ok	
1643	rail	IRailVoiceHelperImpl	rail/IRailVoiceHelperImpl.cs	ok	
1644	rail	IRailZoneServer	rail/IRailZoneServer.cs	ok	
1645	rail	IRailZoneServerHelper	rail/IRailZoneServerHelper.cs	ok	
1646	rail	IRailZoneServerHelperImpl	rail/IRailZoneServerHelperImpl.cs	ok	
1647	rail	IRailZoneServerImpl	rail/IRailZoneServerImpl.cs	ok	
1648	rail	JavascriptEventResult	rail/JavascriptEventResult.cs	ok	
1649	rail	JoinRoomResult	rail/JoinRoomResult.cs	ok	
1650	rail	JoinVoiceChannelResult	rail/JoinVoiceChannelResult.cs	ok	
1651	rail	KickOffMemberResult	rail/KickOffMemberResult.cs	ok	
1652	rail	LeaderboardAttachSpaceWork	rail/LeaderboardAttachSpaceWork.cs	ok	
1653	rail	LeaderboardCreated	rail/LeaderboardCreated.cs	ok	
1654	rail	LeaderboardData	rail/LeaderboardData.cs	ok	
1655	rail	LeaderboardDisplayType	rail/LeaderboardDisplayType.cs	ok	
1656	rail	LeaderboardEntry	rail/LeaderboardEntry.cs	ok	
1657	rail	LeaderboardEntryReceived	rail/LeaderboardEntryReceived.cs	ok	
1658	rail	LeaderboardParameters	rail/LeaderboardParameters.cs	ok	
1659	rail	LeaderboardReceived	rail/LeaderboardReceived.cs	ok	
1660	rail	LeaderboardSortType	rail/LeaderboardSortType.cs	ok	
1661	rail	LeaderboardType	rail/LeaderboardType.cs	ok	
1662	rail	LeaderboardUploadType	rail/LeaderboardUploadType.cs	ok	
1663	rail	LeaderboardUploaded	rail/LeaderboardUploaded.cs	ok	
1664	rail	LeaveRoomResult	rail/LeaveRoomResult.cs	ok	
1665	rail	LeaveVoiceChannelResult	rail/LeaveVoiceChannelResult.cs	ok	
1666	rail	MergeAssetsFinished	rail/MergeAssetsFinished.cs	ok	
1667	rail	MergeAssetsToFinished	rail/MergeAssetsToFinished.cs	ok	
1668	rail	NetworkCreateRawSessionFailed	rail/NetworkCreateRawSessionFailed.cs	ok	
1669	rail	NetworkCreateRawSessionRequest	rail/NetworkCreateRawSessionRequest.cs	ok	
1670	rail	NotifyMetadataChange	rail/NotifyMetadataChange.cs	ok	
1671	rail	NotifyRoomDestroy	rail/NotifyRoomDestroy.cs	ok	
1672	rail	NotifyRoomGameServerChange	rail/NotifyRoomGameServerChange.cs	ok	
1673	rail	NotifyRoomMemberChange	rail/NotifyRoomMemberChange.cs	ok	
1674	rail	NotifyRoomMemberKicked	rail/NotifyRoomMemberKicked.cs	ok	
1675	rail	NotifyRoomOwnerChange	rail/NotifyRoomOwnerChange.cs	ok	
1676	rail	NumberOfPlayerReceived	rail/NumberOfPlayerReceived.cs	ok	
1677	rail	OpenRoomResult	rail/OpenRoomResult.cs	ok	
1678	rail	PlayerAchievementReceived	rail/PlayerAchievementReceived.cs	ok	
1679	rail	PlayerAchievementStored	rail/PlayerAchievementStored.cs	ok	
1680	rail	PlayerGetGamePurchaseKeyResult	rail/PlayerGetGamePurchaseKeyResult.cs	ok	
1681	rail	PlayerPersonalInfo	rail/PlayerPersonalInfo.cs	ok	
1682	rail	PlayerStatsReceived	rail/PlayerStatsReceived.cs	ok	
1683	rail	PlayerStatsStored	rail/PlayerStatsStored.cs	ok	
1684	rail	PublishScreenshotResult	rail/PublishScreenshotResult.cs	ok	
1685	rail	PurchaseProductDiscountType	rail/PurchaseProductDiscountType.cs	ok	
1686	rail	PurchaseProductOrderState	rail/PurchaseProductOrderState.cs	ok	
1687	rail	QueryIsOwnedDlcsResult	rail/QueryIsOwnedDlcsResult.cs	ok	
1688	rail	QueryMySubscribedSpaceWorksResult	rail/QueryMySubscribedSpaceWorksResult.cs	ok	
1689	rail	QueryPlayerBannedStatus	rail/QueryPlayerBannedStatus.cs	ok	
1690	rail	QuerySubscribeWishPlayStateResult	rail/QuerySubscribeWishPlayStateResult.cs	ok	
1691	rail	RAILEventID	rail/RAILEventID.cs	ok	
1692	rail	RAIL_API_PINVOKE	rail/RAIL_API_PINVOKE.cs	ok	
1693	rail	RailAntiAddictionActionType	rail/RailAntiAddictionActionType.cs	ok	
1694	rail	RailAntiAddictionGameOnlineTimeChanged	rail/RailAntiAddictionGameOnlineTimeChanged.cs	ok	
1695	rail	RailAssetInfo	rail/RailAssetInfo.cs	ok	
1696	rail	RailAssetItem	rail/RailAssetItem.cs	ok	
1697	rail	RailAssetProperty	rail/RailAssetProperty.cs	ok	
1698	rail	RailAssetsChanged	rail/RailAssetsChanged.cs	ok	
1699	rail	RailBranchInfo	rail/RailBranchInfo.cs	ok	
1700	rail	RailCallBackHelper	rail/RailCallBackHelper.cs	ok	
1701	rail	RailCoinInfo	rail/RailCoinInfo.cs	ok	
1702	rail	RailCoins	rail/RailCoins.cs	ok	
1703	rail	RailComparableID	rail/RailComparableID.cs	ok	
1704	rail	RailConverter	rail/RailConverter.cs	ok	
1705	rail	RailCrashBuffer	rail/RailCrashBuffer.cs	ok	
1706	rail	RailCrashBufferImpl	rail/RailCrashBufferImpl.cs	ok	
1707	rail	RailCrashInfo	rail/RailCrashInfo.cs	ok	
1708	rail	RailCurrencyExchangeCoinRate	rail/RailCurrencyExchangeCoinRate.cs	ok	
1709	rail	RailCustomizeAntiAddictionActions	rail/RailCustomizeAntiAddictionActions.cs	ok	
1710	rail	RailDirtyWordsCheckResult	rail/RailDirtyWordsCheckResult.cs	ok	
1711	rail	RailDirtyWordsFilterOption	rail/RailDirtyWordsFilterOption.cs	ok	
1712	rail	RailDirtyWordsFilterResult	rail/RailDirtyWordsFilterResult.cs	ok	
1713	rail	RailDiscountInfo	rail/RailDiscountInfo.cs	ok	
1714	rail	RailDlcID	rail/RailDlcID.cs	ok	
1715	rail	RailDlcInfo	rail/RailDlcInfo.cs	ok	
1716	rail	RailDlcInstallProgress	rail/RailDlcInstallProgress.cs	ok	
1717	rail	RailDlcOwned	rail/RailDlcOwned.cs	ok	
1718	rail	RailDlcUninstallProgress	rail/RailDlcUninstallProgress.cs	ok	
1719	rail	RailFinalize	rail/RailFinalize.cs	ok	
1720	rail	RailFriendInfo	rail/RailFriendInfo.cs	ok	
1721	rail	RailFriendMetadata	rail/RailFriendMetadata.cs	ok	
1722	rail	RailFriendOnLineState	rail/RailFriendOnLineState.cs	ok	
1723	rail	RailFriendPlayedGameInfo	rail/RailFriendPlayedGameInfo.cs	ok	
1724	rail	RailFriendPlayedGamePlayState	rail/RailFriendPlayedGamePlayState.cs	ok	
1725	rail	RailFriendsAddFriendRequest	rail/RailFriendsAddFriendRequest.cs	ok	
1726	rail	RailFriendsAddFriendResult	rail/RailFriendsAddFriendResult.cs	ok	
1727	rail	RailFriendsClearMetadataResult	rail/RailFriendsClearMetadataResult.cs	ok	
1728	rail	RailFriendsGetInviteCommandLine	rail/RailFriendsGetInviteCommandLine.cs	ok	
1729	rail	RailFriendsGetMetadataResult	rail/RailFriendsGetMetadataResult.cs	ok	
1730	rail	RailFriendsListChanged	rail/RailFriendsListChanged.cs	ok	
1731	rail	RailFriendsMetadataChanged	rail/RailFriendsMetadataChanged.cs	ok	
1732	rail	RailFriendsOnlineStateChanged	rail/RailFriendsOnlineStateChanged.cs	ok	
1733	rail	RailFriendsQueryFriendPlayedGamesResult	rail/RailFriendsQueryFriendPlayedGamesResult.cs	ok	
1734	rail	RailFriendsQueryPlayedWithFriendsGamesResult	rail/RailFriendsQueryPlayedWithFriendsGamesResult.cs	ok	
1735	rail	RailFriendsQueryPlayedWithFriendsListResult	rail/RailFriendsQueryPlayedWithFriendsListResult.cs	ok	
1736	rail	RailFriendsQueryPlayedWithFriendsTimeResult	rail/RailFriendsQueryPlayedWithFriendsTimeResult.cs	ok	
1737	rail	RailFriendsReportPlayedWithUserListResult	rail/RailFriendsReportPlayedWithUserListResult.cs	ok	
1738	rail	RailFriendsSetMetadataResult	rail/RailFriendsSetMetadataResult.cs	ok	
1739	rail	RailGameActivityInfo	rail/RailGameActivityInfo.cs	ok	
1740	rail	RailGameActivityPlayerEvent	rail/RailGameActivityPlayerEvent.cs	ok	
1741	rail	RailGameClientNeedUpdate	rail/RailGameClientNeedUpdate.cs	ok	
1742	rail	RailGameDefineGamePlayingState	rail/RailGameDefineGamePlayingState.cs	ok	
1743	rail	RailGameID	rail/RailGameID.cs	ok	
1744	rail	RailGamePeer	rail/RailGamePeer.cs	ok	
1745	rail	RailGameSettingMetadataChanged	rail/RailGameSettingMetadataChanged.cs	ok	
1746	rail	RailGameSettingMetadataChangedSource	rail/RailGameSettingMetadataChangedSource.cs	ok	
1747	rail	RailGeneratedAssetItem	rail/RailGeneratedAssetItem.cs	ok	
1748	rail	RailGetAuthenticateCodeOptions	rail/RailGetAuthenticateCodeOptions.cs	ok	
1749	rail	RailGetAuthenticateCodeResult	rail/RailGetAuthenticateCodeResult.cs	ok	
1750	rail	RailGetAuthenticateURLOptions	rail/RailGetAuthenticateURLOptions.cs	ok	
1751	rail	RailGetEncryptedGameTicketResult	rail/RailGetEncryptedGameTicketResult.cs	ok	
1752	rail	RailGetImageDataResult	rail/RailGetImageDataResult.cs	ok	
1753	rail	RailGetPlayerMetadataResult	rail/RailGetPlayerMetadataResult.cs	ok	
1754	rail	RailGroupInfo	rail/RailGroupInfo.cs	ok	
1755	rail	RailHttpSessionMethod	rail/RailHttpSessionMethod.cs	ok	
1756	rail	RailHttpSessionResponse	rail/RailHttpSessionResponse.cs	ok	
1757	rail	RailID	rail/RailID.cs	ok	
1758	rail	RailIMEHelperTextInputCompositionState	rail/RailIMEHelperTextInputCompositionState.cs	ok	
1759	rail	RailIMEHelperTextInputSelectedResult	rail/RailIMEHelperTextInputSelectedResult.cs	ok	
1760	rail	RailIMETextInputCompositionState	rail/RailIMETextInputCompositionState.cs	ok	
1761	rail	RailImageDataDescriptor	rail/RailImageDataDescriptor.cs	ok	
1762	rail	RailInGameCoinPurchaseCoinsResponse	rail/RailInGameCoinPurchaseCoinsResponse.cs	ok	
1763	rail	RailInGameCoinPurchaseProductsResponse	rail/RailInGameCoinPurchaseProductsResponse.cs	ok	
1764	rail	RailInGameCoinRequestCoinInfoResponse	rail/RailInGameCoinRequestCoinInfoResponse.cs	ok	
1765	rail	RailInGamePurchaseFinishOrderResponse	rail/RailInGamePurchaseFinishOrderResponse.cs	ok	
1766	rail	RailInGamePurchasePurchaseProductsResponse	rail/RailInGamePurchasePurchaseProductsResponse.cs	ok	
1767	rail	RailInGamePurchasePurchaseProductsToAssetsResponse	rail/RailInGamePurchasePurchaseProductsToAssetsResponse.cs	ok	
1768	rail	RailInGamePurchaseRequestAllProductsResponse	rail/RailInGamePurchaseRequestAllProductsResponse.cs	ok	
1769	rail	RailInGamePurchaseRequestAllPurchasableProductsResponse	rail/RailInGamePurchaseRequestAllPurchasableProductsResponse.cs	ok	
1770	rail	RailInGameStorePurchasePayWindowClosed	rail/RailInGameStorePurchasePayWindowClosed.cs	ok	
1771	rail	RailInGameStorePurchasePayWindowDisplayed	rail/RailInGameStorePurchasePayWindowDisplayed.cs	ok	
1772	rail	RailInGameStorePurchaseResult	rail/RailInGameStorePurchaseResult.cs	ok	
1773	rail	RailInviteOptions	rail/RailInviteOptions.cs	ok	
1774	rail	RailKeyValue	rail/RailKeyValue.cs	ok	
1775	rail	RailKeyValueResult	rail/RailKeyValueResult.cs	ok	
1776	rail	RailListStreamFileOption	rail/RailListStreamFileOption.cs	ok	
1777	rail	RailNetworkSessionState	rail/RailNetworkSessionState.cs	ok	
1778	rail	RailNotifyNewGameActivities	rail/RailNotifyNewGameActivities.cs	ok	
1779	rail	RailNotifyThirdPartyAccountQrCodeInfo	rail/RailNotifyThirdPartyAccountQrCodeInfo.cs	ok	
1780	rail	RailObject	rail/RailObject.cs	ok	
1781	rail	RailObjectDelete	rail/RailObjectDelete.cs	ok	
1782	rail	RailOpenGameActivityWindowResult	rail/RailOpenGameActivityWindowResult.cs	ok	
1783	rail	RailOpenGroupChatResult	rail/RailOpenGroupChatResult.cs	ok	
1784	rail	RailPlatformNotifyEventJoinGameByGameServer	rail/RailPlatformNotifyEventJoinGameByGameServer.cs	ok	
1785	rail	RailPlatformNotifyEventJoinGameByRoom	rail/RailPlatformNotifyEventJoinGameByRoom.cs	ok	
1786	rail	RailPlatformNotifyEventJoinGameByUser	rail/RailPlatformNotifyEventJoinGameByUser.cs	ok	
1787	rail	RailPlayedWithFriendsGameItem	rail/RailPlayedWithFriendsGameItem.cs	ok	
1788	rail	RailPlayedWithFriendsTimeItem	rail/RailPlayedWithFriendsTimeItem.cs	ok	
1789	rail	RailPlayerAccountType	rail/RailPlayerAccountType.cs	ok	
1790	rail	RailPlayerAchievementInfo	rail/RailPlayerAchievementInfo.cs	ok	
1791	rail	RailProductItem	rail/RailProductItem.cs	ok	
1792	rail	RailPublishFileToUserSpaceOption	rail/RailPublishFileToUserSpaceOption.cs	ok	
1793	rail	RailPurchaseItem	rail/RailPurchaseItem.cs	ok	
1794	rail	RailPurchaseItemsInfo	rail/RailPurchaseItemsInfo.cs	ok	
1795	rail	RailPurchaseProductExtraInfo	rail/RailPurchaseProductExtraInfo.cs	ok	
1796	rail	RailPurchaseProductInfo	rail/RailPurchaseProductInfo.cs	ok	
1797	rail	RailQueryGameActivityResult	rail/RailQueryGameActivityResult.cs	ok	
1798	rail	RailQueryGameOnlineTimeResult	rail/RailQueryGameOnlineTimeResult.cs	ok	
1799	rail	RailQueryGroupsInfoResult	rail/RailQueryGroupsInfoResult.cs	ok	
1800	rail	RailQuerySpaceWorkInfoResult	rail/RailQuerySpaceWorkInfoResult.cs	ok	
1801	rail	RailQueryWorkFileOptions	rail/RailQueryWorkFileOptions.cs	ok	
1802	rail	RailReportGameServerInfoOptions	rail/RailReportGameServerInfoOptions.cs	ok	
1803	rail	RailReportGameServerInfoResult	rail/RailReportGameServerInfoResult.cs	ok	
1804	rail	RailRequestMobileAutoLoginCodeOptions	rail/RailRequestMobileAutoLoginCodeOptions.cs	ok	
1805	rail	RailRequestMobileAutoLoginCodeResult	rail/RailRequestMobileAutoLoginCodeResult.cs	ok	
1806	rail	RailResult	rail/RailResult.cs	ok	
1807	rail	RailSessionTicket	rail/RailSessionTicket.cs	ok	
1808	rail	RailShowChatWindowWithFriendResult	rail/RailShowChatWindowWithFriendResult.cs	ok	
1809	rail	RailShowUserHomepageWindowResult	rail/RailShowUserHomepageWindowResult.cs	ok	
1810	rail	RailSmallObjectDownloadInfo	rail/RailSmallObjectDownloadInfo.cs	ok	
1811	rail	RailSmallObjectDownloadResult	rail/RailSmallObjectDownloadResult.cs	ok	
1812	rail	RailSmallObjectState	rail/RailSmallObjectState.cs	ok	
1813	rail	RailSmallObjectStateQueryResult	rail/RailSmallObjectStateQueryResult.cs	ok	
1814	rail	RailSpaceWorkDescriptor	rail/RailSpaceWorkDescriptor.cs	ok	
1815	rail	RailSpaceWorkFilter	rail/RailSpaceWorkFilter.cs	ok	
1816	rail	RailSpaceWorkSearchFilter	rail/RailSpaceWorkSearchFilter.cs	ok	
1817	rail	RailSpaceWorkSyncProgress	rail/RailSpaceWorkSyncProgress.cs	ok	
1818	rail	RailSpaceWorkUpdateOptions	rail/RailSpaceWorkUpdateOptions.cs	ok	
1819	rail	RailSpaceWorkVoteDetail	rail/RailSpaceWorkVoteDetail.cs	ok	
1820	rail	RailStoreOptions	rail/RailStoreOptions.cs	ok	
1821	rail	RailStreamFileInfo	rail/RailStreamFileInfo.cs	ok	
1822	rail	RailStreamFileOption	rail/RailStreamFileOption.cs	ok	
1823	rail	RailSwitchPlayerSelectedZoneResult	rail/RailSwitchPlayerSelectedZoneResult.cs	ok	
1824	rail	RailSyncFileOption	rail/RailSyncFileOption.cs	ok	
1825	rail	RailSystemState	rail/RailSystemState.cs	ok	
1826	rail	RailSystemStateChanged	rail/RailSystemStateChanged.cs	ok	
1827	rail	RailTextInputImeWindowOption	rail/RailTextInputImeWindowOption.cs	ok	
1828	rail	RailTextInputResult	rail/RailTextInputResult.cs	ok	
1829	rail	RailTextInputWindowOption	rail/RailTextInputWindowOption.cs	ok	
1830	rail	RailThirdPartyAccountInfo	rail/RailThirdPartyAccountInfo.cs	ok	
1831	rail	RailThirdPartyAccountLoginOptions	rail/RailThirdPartyAccountLoginOptions.cs	ok	
1832	rail	RailThirdPartyAccountLoginResult	rail/RailThirdPartyAccountLoginResult.cs	ok	
1833	rail	RailThirdPartyAccountPurchaseInfo	rail/RailThirdPartyAccountPurchaseInfo.cs	ok	
1834	rail	RailThirdPartyAccountRefreshTokenResult	rail/RailThirdPartyAccountRefreshTokenResult.cs	ok	
1835	rail	RailUserPlayedWith	rail/RailUserPlayedWith.cs	ok	
1836	rail	RailUserSpaceDownloadProgress	rail/RailUserSpaceDownloadProgress.cs	ok	
1837	rail	RailUserSpaceDownloadResult	rail/RailUserSpaceDownloadResult.cs	ok	
1838	rail	RailUsersCancelInviteResult	rail/RailUsersCancelInviteResult.cs	ok	
1839	rail	RailUsersGetInviteDetailResult	rail/RailUsersGetInviteDetailResult.cs	ok	
1840	rail	RailUsersGetUserLimitsResult	rail/RailUsersGetUserLimitsResult.cs	ok	
1841	rail	RailUsersInfoData	rail/RailUsersInfoData.cs	ok	
1842	rail	RailUsersInviteJoinGameResult	rail/RailUsersInviteJoinGameResult.cs	ok	
1843	rail	RailUsersInviteUsersResult	rail/RailUsersInviteUsersResult.cs	ok	
1844	rail	RailUsersNotifyInviter	rail/RailUsersNotifyInviter.cs	ok	
1845	rail	RailUsersRespondInvitation	rail/RailUsersRespondInvitation.cs	ok	
1846	rail	RailUtilsCrashType	rail/RailUtilsCrashType.cs	ok	
1847	rail	RailVoiceCaptureOption	rail/RailVoiceCaptureOption.cs	ok	
1848	rail	RailVoiceCaptureSpecification	rail/RailVoiceCaptureSpecification.cs	ok	
1849	rail	RailVoiceChannelID	rail/RailVoiceChannelID.cs	ok	
1850	rail	RailVoiceChannelUserSpeakingState	rail/RailVoiceChannelUserSpeakingState.cs	ok	
1851	rail	RailWarningMessageLevel	rail/RailWarningMessageLevel.cs	ok	
1852	rail	RailWindowClass	rail/RailWindowClass.cs	ok	
1853	rail	RailWindowLayout	rail/RailWindowLayout.cs	ok	
1854	rail	RailWindowPosition	rail/RailWindowPosition.cs	ok	
1855	rail	RailZoneID	rail/RailZoneID.cs	ok	
1856	rail	ReloadBrowserResult	rail/ReloadBrowserResult.cs	ok	
1857	rail	RequestAllAssetsFinished	rail/RequestAllAssetsFinished.cs	ok	
1858	rail	RequestLeaderboardEntryParam	rail/RequestLeaderboardEntryParam.cs	ok	
1859	rail	RoomDataReceived	rail/RoomDataReceived.cs	ok	
1860	rail	RoomInfo	rail/RoomInfo.cs	ok	
1861	rail	RoomInfoListFilter	rail/RoomInfoListFilter.cs	ok	
1862	rail	RoomInfoListFilterKey	rail/RoomInfoListFilterKey.cs	ok	
1863	rail	RoomInfoListSorter	rail/RoomInfoListSorter.cs	ok	
1864	rail	RoomMemberInfo	rail/RoomMemberInfo.cs	ok	
1865	rail	RoomOptions	rail/RoomOptions.cs	ok	
1866	rail	ScreenshotRequestInfo	rail/ScreenshotRequestInfo.cs	ok	
1867	rail	SetGameServerMetadataResult	rail/SetGameServerMetadataResult.cs	ok	
1868	rail	SetMemberMetadataResult	rail/SetMemberMetadataResult.cs	ok	
1869	rail	SetNewRoomOwnerResult	rail/SetNewRoomOwnerResult.cs	ok	
1870	rail	SetRoomMaxMemberResult	rail/SetRoomMaxMemberResult.cs	ok	
1871	rail	SetRoomMetadataResult	rail/SetRoomMetadataResult.cs	ok	
1872	rail	SetRoomTagResult	rail/SetRoomTagResult.cs	ok	
1873	rail	SetRoomTypeResult	rail/SetRoomTypeResult.cs	ok	
1874	rail	ShareStorageToSpaceWorkResult	rail/ShareStorageToSpaceWorkResult.cs	ok	
1875	rail	ShowFloatingWindowResult	rail/ShowFloatingWindowResult.cs	ok	
1876	rail	ShowNotifyWindow	rail/ShowNotifyWindow.cs	ok	
1877	rail	SpaceWorkID	rail/SpaceWorkID.cs	ok	
1878	rail	SplitAssetsFinished	rail/SplitAssetsFinished.cs	ok	
1879	rail	SplitAssetsToFinished	rail/SplitAssetsToFinished.cs	ok	
1880	rail	StartConsumeAssetsFinished	rail/StartConsumeAssetsFinished.cs	ok	
1881	rail	StartSessionWithPlayerResponse	rail/StartSessionWithPlayerResponse.cs	ok	
1882	rail	SyncSpaceWorkResult	rail/SyncSpaceWorkResult.cs	ok	
1883	rail	TakeScreenshotResult	rail/TakeScreenshotResult.cs	ok	
1884	rail	UpdateAssetsPropertyFinished	rail/UpdateAssetsPropertyFinished.cs	ok	
1885	rail	UpdateConsumeAssetsFinished	rail/UpdateConsumeAssetsFinished.cs	ok	
1886	rail	UploadLeaderboardParam	rail/UploadLeaderboardParam.cs	ok	
1887	rail	UserSpaceDownloadProgress	rail/UserSpaceDownloadProgress.cs	ok	
1888	rail	UserSpaceDownloadResult	rail/UserSpaceDownloadResult.cs	ok	
1889	rail	VoiceChannelAddUsersResult	rail/VoiceChannelAddUsersResult.cs	ok	
1890	rail	VoiceChannelInviteEvent	rail/VoiceChannelInviteEvent.cs	ok	
1891	rail	VoiceChannelMemeberChangedEvent	rail/VoiceChannelMemeberChangedEvent.cs	ok	
1892	rail	VoiceChannelPushToTalkKeyChangedEvent	rail/VoiceChannelPushToTalkKeyChangedEvent.cs	ok	
1893	rail	VoiceChannelRemoveUsersResult	rail/VoiceChannelRemoveUsersResult.cs	ok	
1894	rail	VoiceChannelSpeakingUsersChangedEvent	rail/VoiceChannelSpeakingUsersChangedEvent.cs	ok	
1895	rail	VoiceChannelUsersSpeakingStateChangedEvent	rail/VoiceChannelUsersSpeakingStateChangedEvent.cs	ok	
1896	rail	VoiceDataCapturedEvent	rail/VoiceDataCapturedEvent.cs	ok	
1897	rail	rail_api	rail/rail_api.cs	ok	
