assembly	index	token	type	method	rva	impl_attrs	attrs	call_entry	call_insn	initial_target	native_address	status	resolve_chain
Microsoft.Maui.Graphics	0	0x06000001	Microsoft.Maui.Graphics.AbstractCanvas`1	set_PlatformStrokeSize	0x0	NoInlining	Family, Virtual, HideBySig, VtableLayoutMask, Abstract, SpecialName	0x1003a8c80	0x94000000	0x1003a8c80		absent	0x1003a8c80
Microsoft.Maui.Graphics	1	0x06000002	Microsoft.Maui.Graphics.AbstractCanvas`1	PlatformSetStrokeDashPattern	0x0	NoInlining	Family, Virtual, HideBySig, VtableLayoutMask, Abstract	0x1003a8c84	0x97ffffff	0x1003a8c80		absent	0x1003a8c80
Microsoft.Maui.Graphics	2	0x06000003	Microsoft.Maui.Graphics.AbstractCanvas`1	PlatformDrawLine	0x0	NoInlining	Family, Virtual, HideBySig, VtableLayoutMask, Abstract	0x1003a8c88	0x97fffffe	0x1003a8c80		absent	0x1003a8c80
Microsoft.Maui.Graphics	3	0x06000004	Microsoft.Maui.Graphics.AbstractCanvas`1	PlatformDrawArc	0x0	NoInlining	Family, Virtual, HideBySig, VtableLayoutMask, Abstract	0x1003a8c8c	0x97fffffd	0x1003a8c80		absent	0x1003a8c80
Microsoft.Maui.Graphics	4	0x06000005	Microsoft.Maui.Graphics.AbstractCanvas`1	PlatformDrawRectangle	0x0	NoInlining	Family, Virtual, HideBySig, VtableLayoutMask, Abstract	0x1003a8c90	0x97fffffc	0x1003a8c80		absent	0x1003a8c80
Microsoft.Maui.Graphics	5	0x06000006	Microsoft.Maui.Graphics.AbstractCanvas`1	PlatformDrawRoundedRectangle	0x0	NoInlining	Family, Virtual, HideBySig, VtableLayoutMask, Abstract	0x1003a8c94	0x97fffffb	0x1003a8c80		absent	0x1003a8c80
Microsoft.Maui.Graphics	6	0x06000007	Microsoft.Maui.Graphics.AbstractCanvas`1	PlatformDrawEllipse	0x0	NoInlining	Family, Virtual, HideBySig, VtableLayoutMask, Abstract	0x1003a8c98	0x97fffffa	0x1003a8c80		absent	0x1003a8c80
Microsoft.Maui.Graphics	7	0x06000008	Microsoft.Maui.Graphics.AbstractCanvas`1	PlatformDrawPath	0x0	NoInlining	Family, Virtual, HideBySig, VtableLayoutMask, Abstract	0x1003a8c9c	0x97fffff9	0x1003a8c80		absent	0x1003a8c80
Microsoft.Maui.Graphics	8	0x06000009	Microsoft.Maui.Graphics.AbstractCanvas`1	PlatformRotate	0x0	NoInlining	Family, Virtual, HideBySig, VtableLayoutMask, Abstract	0x1003a8ca0	0x97fffff8	0x1003a8c80		absent	0x1003a8c80
Microsoft.Maui.Graphics	9	0x0600000a	Microsoft.Maui.Graphics.AbstractCanvas`1	PlatformRotate	0x0	NoInlining	Family, Virtual, HideBySig, VtableLayoutMask, Abstract	0x1003a8ca4	0x97fffff7	0x1003a8c80		absent	0x1003a8c80
Microsoft.Maui.Graphics	10	0x0600000b	Microsoft.Maui.Graphics.AbstractCanvas`1	PlatformScale	0x0	NoInlining	Family, Virtual, HideBySig, VtableLayoutMask, Abstract	0x1003a8ca8	0x97fffff6	0x1003a8c80		absent	0x1003a8c80
Microsoft.Maui.Graphics	11	0x0600000c	Microsoft.Maui.Graphics.AbstractCanvas`1	PlatformTranslate	0x0	NoInlining	Family, Virtual, HideBySig, VtableLayoutMask, Abstract	0x1003a8cac	0x97fffff5	0x1003a8c80		absent	0x1003a8c80
Microsoft.Maui.Graphics	12	0x0600000d	Microsoft.Maui.Graphics.AbstractCanvas`1	PlatformConcatenateTransform	0x0	NoInlining	Family, Virtual, HideBySig, VtableLayoutMask, Abstract	0x1003a8cb0	0x97fffff4	0x1003a8c80		absent	0x1003a8c80
Microsoft.Maui.Graphics	13	0x0600000e	Microsoft.Maui.Graphics.AbstractCanvas`1	.ctor	0x2050	NoInlining	Family, HideBySig, SpecialName, RTSpecialName	0x1003a8cb4	0x947abe11	0x1022584f8	0x1022584f8	mapped	0x1022584f8
Microsoft.Maui.Graphics	14	0x0600000f	Microsoft.Maui.Graphics.AbstractCanvas`1	get_CurrentState	0x2050	NoInlining	Family, HideBySig, SpecialName	0x1003a8cb8	0x947abe76	0x102258690	0x102258690	mapped	0x102258690
Microsoft.Maui.Graphics	15	0x06000010	Microsoft.Maui.Graphics.AbstractCanvas`1	Dispose	0x2050	NoInlining	Public, Virtual, HideBySig, VtableLayoutMask	0x1003a8cbc	0x947abe81	0x1022586c0	0x1022586c0	mapped	0x1022586c0
Microsoft.Maui.Graphics	16	0x06000011	Microsoft.Maui.Graphics.AbstractCanvas`1	set_LimitStrokeScaling	0x2050	NoInlining	Public, HideBySig, SpecialName	0x1003a8cc0	0x947abe9b	0x10225872c	0x10225872c	mapped	0x10225872c
Microsoft.Maui.Graphics	17	0x06000012	Microsoft.Maui.Graphics.AbstractCanvas`1	get_LimitStrokeScalingEnabled	0x2050	NoInlining	Family, HideBySig, SpecialName	0x1003a8cc4	0x947abea6	0x10225875c	0x10225875c	mapped	0x10225875c
Microsoft.Maui.Graphics	18	0x06000013	Microsoft.Maui.Graphics.AbstractCanvas`1	set_StrokeLimit	0x2050	NoInlining	Public, HideBySig, SpecialName	0x1003a8cc8	0x947abeb1	0x10225878c	0x10225878c	mapped	0x10225878c
Microsoft.Maui.Graphics	19	0x06000014	Microsoft.Maui.Graphics.AbstractCanvas`1	set_FillColor	0x0	NoInlining	Public, Virtual, HideBySig, VtableLayoutMask, Abstract, SpecialName	0x1003a8ccc	0x97ffffed	0x1003a8c80		absent	0x1003a8c80
Microsoft.Maui.Graphics	20	0x06000015	Microsoft.Maui.Graphics.AbstractCanvas`1	set_FontColor	0x0	NoInlining	Public, Virtual, HideBySig, VtableLayoutMask, Abstract, SpecialName	0x1003a8cd0	0x97ffffec	0x1003a8c80		absent	0x1003a8c80
Microsoft.Maui.Graphics	21	0x06000016	Microsoft.Maui.Graphics.AbstractCanvas`1	set_Font	0x0	NoInlining	Public, Virtual, HideBySig, VtableLayoutMask, Abstract, SpecialName	0x1003a8cd4	0x97ffffeb	0x1003a8c80		absent	0x1003a8c80
Microsoft.Maui.Graphics	22	0x06000017	Microsoft.Maui.Graphics.AbstractCanvas`1	set_FontSize	0x0	NoInlining	Public, Virtual, HideBySig, VtableLayoutMask, Abstract, SpecialName	0x1003a8cd8	0x97ffffea	0x1003a8c80		absent	0x1003a8c80
Microsoft.Maui.Graphics	23	0x06000018	Microsoft.Maui.Graphics.AbstractCanvas`1	set_Alpha	0x0	NoInlining	Public, Virtual, HideBySig, VtableLayoutMask, Abstract, SpecialName	0x1003a8cdc	0x97ffffe9	0x1003a8c80		absent	0x1003a8c80
Microsoft.Maui.Graphics	24	0x06000019	Microsoft.Maui.Graphics.AbstractCanvas`1	set_Antialias	0x0	NoInlining	Public, Virtual, HideBySig, VtableLayoutMask, Abstract, SpecialName	0x1003a8ce0	0x97ffffe8	0x1003a8c80		absent	0x1003a8c80
Microsoft.Maui.Graphics	25	0x0600001a	Microsoft.Maui.Graphics.AbstractCanvas`1	set_BlendMode	0x0	NoInlining	Public, Virtual, HideBySig, VtableLayoutMask, Abstract, SpecialName	0x1003a8ce4	0x97ffffe7	0x1003a8c80		absent	0x1003a8c80
Microsoft.Maui.Graphics	26	0x0600001b	Microsoft.Maui.Graphics.AbstractCanvas`1	get_AssignedStrokeLimit	0x2050	NoInlining	Family, HideBySig, SpecialName	0x1003a8ce8	0x947abeb5	0x1022587bc	0x1022587bc	mapped	0x1022587bc
Microsoft.Maui.Graphics	27	0x0600001c	Microsoft.Maui.Graphics.AbstractCanvas`1	get_DisplayScale	0x2050	NoInlining	Public, Virtual, HideBySig, VtableLayoutMask, SpecialName	0x1003a8cec	0x947abec0	0x1022587ec	0x1022587ec	mapped	0x1022587ec
Microsoft.Maui.Graphics	28	0x0600001d	Microsoft.Maui.Graphics.AbstractCanvas`1	set_DisplayScale	0x2050	NoInlining	Public, Virtual, HideBySig, VtableLayoutMask, SpecialName	0x1003a8cf0	0x947abecb	0x10225881c	0x10225881c	mapped	0x10225881c
Microsoft.Maui.Graphics	29	0x0600001e	Microsoft.Maui.Graphics.AbstractCanvas`1	set_StrokeSize	0x2050	NoInlining	Public, Final, Virtual, HideBySig, VtableLayoutMask, SpecialName	0x1003a8cf4	0x947abed6	0x10225884c	0x10225884c	mapped	0x10225884c
Microsoft.Maui.Graphics	30	0x0600001f	Microsoft.Maui.Graphics.AbstractCanvas`1	set_MiterLimit	0x0	NoInlining	Public, Virtual, HideBySig, VtableLayoutMask, Abstract, SpecialName	0x1003a8cf8	0x97ffffe2	0x1003a8c80		absent	0x1003a8c80
Microsoft.Maui.Graphics	31	0x06000020	Microsoft.Maui.Graphics.AbstractCanvas`1	set_StrokeColor	0x0	NoInlining	Public, Virtual, HideBySig, VtableLayoutMask, Abstract, SpecialName	0x1003a8cfc	0x97ffffe1	0x1003a8c80		absent	0x1003a8c80
Microsoft.Maui.Graphics	32	0x06000021	Microsoft.Maui.Graphics.AbstractCanvas`1	set_StrokeLineCap	0x0	NoInlining	Public, Virtual, HideBySig, VtableLayoutMask, Abstract, SpecialName	0x1003a8d00	0x97ffffe0	0x1003a8c80		absent	0x1003a8c80
Microsoft.Maui.Graphics	33	0x06000022	Microsoft.Maui.Graphics.AbstractCanvas`1	set_StrokeLineJoin	0x0	NoInlining	Public, Virtual, HideBySig, VtableLayoutMask, Abstract, SpecialName	0x1003a8d04	0x97ffffdf	0x1003a8c80		absent	0x1003a8c80
Microsoft.Maui.Graphics	34	0x06000023	Microsoft.Maui.Graphics.AbstractCanvas`1	set_StrokeDashPattern	0x2050	NoInlining	Public, Final, Virtual, HideBySig, VtableLayoutMask, SpecialName	0x1003a8d08	0x947abf16	0x102258960	0x102258960	mapped	0x102258960
Microsoft.Maui.Graphics	35	0x06000024	Microsoft.Maui.Graphics.AbstractCanvas`1	set_StrokeDashOffset	0x2050	NoInlining	Public, Final, Virtual, HideBySig, VtableLayoutMask, SpecialName	0x1003a8d0c	0x947abf2f	0x1022589c8	0x1022589c8	mapped	0x1022589c8
Microsoft.Maui.Graphics	36	0x06000025	Microsoft.Maui.Graphics.AbstractCanvas`1	EnsureStrokePatternSet	0x2050	NoInlining	Private, HideBySig	0x1003a8d10	0x947abf3e	0x102258a08	0x102258a08	mapped	0x102258a08
Microsoft.Maui.Graphics	37	0x06000026	Microsoft.Maui.Graphics.AbstractCanvas`1	ClipRectangle	0x0	NoInlining	Public, Virtual, HideBySig, VtableLayoutMask, Abstract	0x1003a8d14	0x97ffffdb	0x1003a8c80		absent	0x1003a8c80
Microsoft.Maui.Graphics	38	0x06000027	Microsoft.Maui.Graphics.AbstractCanvas`1	DrawLine	0x2050	NoInlining	Public, Final, Virtual, HideBySig, VtableLayoutMask	0x1003a8d18	0x947abf74	0x102258ae8	0x102258ae8	mapped	0x102258ae8
Microsoft.Maui.Graphics	39	0x06000028	Microsoft.Maui.Graphics.AbstractCanvas`1	DrawArc	0x2050	NoInlining	Public, Final, Virtual, HideBySig, VtableLayoutMask	0x1003a8d1c	0x947abfb1	0x102258be0	0x102258be0	mapped	0x102258be0
Microsoft.Maui.Graphics	40	0x06000029	Microsoft.Maui.Graphics.AbstractCanvas`1	FillArc	0x0	NoInlining	Public, Virtual, HideBySig, VtableLayoutMask, Abstract	0x1003a8d20	0x97ffffd8	0x1003a8c80		absent	0x1003a8c80
Microsoft.Maui.Graphics	41	0x0600002a	Microsoft.Maui.Graphics.AbstractCanvas`1	DrawRectangle	0x2050	NoInlining	Public, Final, Virtual, HideBySig, VtableLayoutMask	0x1003a8d24	0x947abff9	0x102258d08	0x102258d08	mapped	0x102258d08
Microsoft.Maui.Graphics	42	0x0600002b	Microsoft.Maui.Graphics.AbstractCanvas`1	FillRectangle	0x0	NoInlining	Public, Virtual, HideBySig, VtableLayoutMask, Abstract	0x1003a8d28	0x97ffffd6	0x1003a8c80		absent	0x1003a8c80
Microsoft.Maui.Graphics	43	0x0600002c	Microsoft.Maui.Graphics.AbstractCanvas`1	DrawRoundedRectangle	0x2050	NoInlining	Public, Final, Virtual, HideBySig, VtableLayoutMask	0x1003a8d2c	0x947ac035	0x102258e00	0x102258e00	mapped	0x102258e00
Microsoft.Maui.Graphics	44	0x0600002d	Microsoft.Maui.Graphics.AbstractCanvas`1	FillRoundedRectangle	0x0	NoInlining	Public, Virtual, HideBySig, VtableLayoutMask, Abstract	0x1003a8d30	0x97ffffd4	0x1003a8c80		absent	0x1003a8c80
Microsoft.Maui.Graphics	45	0x0600002e	Microsoft.Maui.Graphics.AbstractCanvas`1	DrawEllipse	0x2050	NoInlining	Public, Final, Virtual, HideBySig, VtableLayoutMask	0x1003a8d34	0x947ac07e	0x102258f2c	0x102258f2c	mapped	0x102258f2c
Microsoft.Maui.Graphics	46	0x0600002f	Microsoft.Maui.Graphics.AbstractCanvas`1	FillEllipse	0x0	NoInlining	Public, Virtual, HideBySig, VtableLayoutMask, Abstract	0x1003a8d38	0x97ffffd2	0x1003a8c80		absent	0x1003a8c80
Microsoft.Maui.Graphics	47	0x06000030	Microsoft.Maui.Graphics.AbstractCanvas`1	DrawString	0x0	NoInlining	Public, Virtual, HideBySig, VtableLayoutMask, Abstract	0x1003a8d3c	0x97ffffd1	0x1003a8c80		absent	0x1003a8c80
Microsoft.Maui.Graphics	48	0x06000031	Microsoft.Maui.Graphics.AbstractCanvas`1	DrawString	0x0	NoInlining	Public, Virtual, HideBySig, VtableLayoutMask, Abstract	0x1003a8d40	0x97ffffd0	0x1003a8c80		absent	0x1003a8c80
Microsoft.Maui.Graphics	49	0x06000032	Microsoft.Maui.Graphics.AbstractCanvas`1	DrawText	0x0	NoInlining	Public, Virtual, HideBySig, VtableLayoutMask, Abstract	0x1003a8d44	0x97ffffcf	0x1003a8c80		absent	0x1003a8c80
Microsoft.Maui.Graphics	50	0x06000033	Microsoft.Maui.Graphics.AbstractCanvas`1	DrawPath	0x2050	NoInlining	Public, Final, Virtual, HideBySig, VtableLayoutMask	0x1003a8d48	0x947ac0b7	0x102259024	0x102259024	mapped	0x102259024
Microsoft.Maui.Graphics	51	0x06000034	Microsoft.Maui.Graphics.AbstractCanvas`1	FillPath	0x0	NoInlining	Public, Virtual, HideBySig, VtableLayoutMask, Abstract	0x1003a8d4c	0x97ffffcd	0x1003a8c80		absent	0x1003a8c80
Microsoft.Maui.Graphics	52	0x06000035	Microsoft.Maui.Graphics.AbstractCanvas`1	SubtractFromClip	0x0	NoInlining	Public, Virtual, HideBySig, VtableLayoutMask, Abstract	0x1003a8d50	0x97ffffcc	0x1003a8c80		absent	0x1003a8c80
Microsoft.Maui.Graphics	53	0x06000036	Microsoft.Maui.Graphics.AbstractCanvas`1	ClipPath	0x0	NoInlining	Public, Virtual, HideBySig, VtableLayoutMask, Abstract	0x1003a8d54	0x97ffffcb	0x1003a8c80		absent	0x1003a8c80
Microsoft.Maui.Graphics	54	0x06000037	Microsoft.Maui.Graphics.AbstractCanvas`1	ResetState	0x2050	NoInlining	Public, Virtual, HideBySig, VtableLayoutMask	0x1003a8d58	0x947ac0e9	0x1022590fc	0x1022590fc	mapped	0x1022590fc
Microsoft.Maui.Graphics	55	0x06000038	Microsoft.Maui.Graphics.AbstractCanvas`1	SetShadow	0x0	NoInlining	Public, Virtual, HideBySig, VtableLayoutMask, Abstract	0x1003a8d5c	0x97ffffc9	0x1003a8c80		absent	0x1003a8c80
Microsoft.Maui.Graphics	56	0x06000039	Microsoft.Maui.Graphics.AbstractCanvas`1	SetFillPaint	0x0	NoInlining	Public, Virtual, HideBySig, VtableLayoutMask, Abstract	0x1003a8d60	0x97ffffc8	0x1003a8c80		absent	0x1003a8c80
Microsoft.Maui.Graphics	57	0x0600003a	Microsoft.Maui.Graphics.AbstractCanvas`1	DrawImage	0x0	NoInlining	Public, Virtual, HideBySig, VtableLayoutMask, Abstract	0x1003a8d64	0x97ffffc7	0x1003a8c80		absent	0x1003a8c80
Microsoft.Maui.Graphics	58	0x0600003b	Microsoft.Maui.Graphics.AbstractCanvas`1	RestoreState	0x2050	NoInlining	Public, Virtual, HideBySig, VtableLayoutMask	0x1003a8d68	0x947ac153	0x1022592b4	0x1022592b4	mapped	0x1022592b4
Microsoft.Maui.Graphics	59	0x0600003c	Microsoft.Maui.Graphics.AbstractCanvas`1	StateRestored	0x2050	NoInlining	Family, Virtual, HideBySig, VtableLayoutMask	0x1003a8d6c	0x947ac1b1	0x102259430	0x102259430	mapped	0x102259430
Microsoft.Maui.Graphics	60	0x0600003d	Microsoft.Maui.Graphics.AbstractCanvas`1	SaveState	0x2050	NoInlining	Public, Virtual, HideBySig, VtableLayoutMask	0x1003a8d70	0x947ac1b4	0x102259440	0x102259440	mapped	0x102259440
Microsoft.Maui.Graphics	61	0x0600003e	Microsoft.Maui.Graphics.AbstractCanvas`1	Rotate	0x2050	NoInlining	Public, Final, Virtual, HideBySig, VtableLayoutMask	0x1003a8d74	0x947ac1f8	0x102259554	0x102259554	mapped	0x102259554
Microsoft.Maui.Graphics	62	0x0600003f	Microsoft.Maui.Graphics.AbstractCanvas`1	Rotate	0x2050	NoInlining	Public, Final, Virtual, HideBySig, VtableLayoutMask	0x1003a8d78	0x947ac296	0x1022597d0	0x1022597d0	mapped	0x1022597d0
Microsoft.Maui.Graphics	63	0x06000040	Microsoft.Maui.Graphics.AbstractCanvas`1	Scale	0x2050	NoInlining	Public, Final, Virtual, HideBySig, VtableLayoutMask	0x1003a8d7c	0x947ac312	0x1022599c4	0x1022599c4	mapped	0x1022599c4
Microsoft.Maui.Graphics	64	0x06000041	Microsoft.Maui.Graphics.AbstractCanvas`1	Translate	0x2050	NoInlining	Public, Final, Virtual, HideBySig, VtableLayoutMask	0x1003a8d80	0x947ac38b	0x102259bac	0x102259bac	mapped	0x102259bac
Microsoft.Maui.Graphics	65	0x06000042	Microsoft.Maui.Graphics.AbstractCanvas`1	ConcatenateTransform	0x2050	NoInlining	Public, Final, Virtual, HideBySig, VtableLayoutMask	0x1003a8d84	0x947ac407	0x102259da0	0x102259da0	mapped	0x102259da0
Microsoft.Maui.Graphics	66	0x06000043	Microsoft.Maui.Graphics.AbstractCanvas`1	GetStringSize	0x2050	NoInlining	Public, Final, Virtual, HideBySig, VtableLayoutMask	0x1003a8d88	0x947ac47b	0x102259f74	0x102259f74	mapped	0x102259f74
Microsoft.Maui.Graphics	67	0x06000044	Microsoft.Maui.Graphics.AbstractCanvas`1	GetStringSize	0x2050	NoInlining	Public, Final, Virtual, HideBySig, VtableLayoutMask	0x1003a8d8c	0x947ac4b0	0x10225a04c	0x10225a04c	mapped	0x10225a04c
Microsoft.Maui.Graphics	68	0x06000045	Microsoft.Maui.Graphics.AbstractPattern	get_Width	0x2050	NoInlining	Public, Final, Virtual, HideBySig, VtableLayoutMask, SpecialName	0x1003a8d90	0x947ac4eb	0x10225a13c	0x10225a13c	mapped	0x10225a13c
Microsoft.Maui.Graphics	69	0x06000046	Microsoft.Maui.Graphics.AbstractPattern	get_Height	0x2050	NoInlining	Public, Final, Virtual, HideBySig, VtableLayoutMask, SpecialName	0x1003a8d94	0x947ac4f3	0x10225a160	0x10225a160	mapped	0x10225a160
Microsoft.Maui.Graphics	70	0x06000047	Microsoft.Maui.Graphics.AbstractPattern	get_StepX	0x2050	NoInlining	Public, Final, Virtual, HideBySig, VtableLayoutMask, SpecialName	0x1003a8d98	0x947ac4fb	0x10225a184	0x10225a184	mapped	0x10225a184
Microsoft.Maui.Graphics	71	0x06000048	Microsoft.Maui.Graphics.AbstractPattern	get_StepY	0x2050	NoInlining	Public, Final, Virtual, HideBySig, VtableLayoutMask, SpecialName	0x1003a8d9c	0x947ac503	0x10225a1a8	0x10225a1a8	mapped	0x10225a1a8
Microsoft.Maui.Graphics	72	0x06000049	Microsoft.Maui.Graphics.AbstractPattern	.ctor	0x2050	NoInlining	Family, HideBySig, SpecialName, RTSpecialName	0x1003a8da0	0x947ac50b	0x10225a1cc	0x10225a1cc	mapped	0x10225a1cc
Microsoft.Maui.Graphics	73	0x0600004a	Microsoft.Maui.Graphics.AbstractPattern	.ctor	0x2050	NoInlining	Family, HideBySig, SpecialName, RTSpecialName	0x1003a8da4	0x947ac516	0x10225a1fc	0x10225a1fc	mapped	0x10225a1fc
Microsoft.Maui.Graphics	74	0x0600004b	Microsoft.Maui.Graphics.AbstractPattern	.ctor	0x2050	NoInlining	Family, HideBySig, SpecialName, RTSpecialName	0x1003a8da8	0x947ac52b	0x10225a254	0x10225a254	mapped	0x10225a254
Microsoft.Maui.Graphics	75	0x0600004c	Microsoft.Maui.Graphics.AbstractPattern	Draw	0x0	NoInlining	Public, Virtual, HideBySig, VtableLayoutMask, Abstract	0x1003a8dac	0x97ffffb5	0x1003a8c80		absent	0x1003a8c80
Microsoft.Maui.Graphics	76	0x0600004d	Microsoft.Maui.Graphics.ArcFlattener	.ctor	0x2050	NoInlining	Public, HideBySig, SpecialName, RTSpecialName	0x1003a8db0	0x947ac53e	0x10225a2a8	0x10225a2a8	mapped	0x10225a2a8
Microsoft.Maui.Graphics	77	0x0600004e	Microsoft.Maui.Graphics.ArcFlattener	GetPointOnArc	0x2050	NoInlining	Private, HideBySig	0x1003a8db4	0x947ac5aa	0x10225a45c	0x10225a45c	mapped	0x10225a45c
Microsoft.Maui.Graphics	78	0x0600004f	Microsoft.Maui.Graphics.ArcFlattener	GetPointAtAngle	0x2050	NoInlining	Private, Static, HideBySig	0x1003a8db8	0x947ac5f0	0x10225a578	0x10225a578	mapped	0x10225a578
Microsoft.Maui.Graphics	79	0x06000050	Microsoft.Maui.Graphics.ArcFlattener	GetCenter	0x2050	NoInlining	Private, Static, HideBySig	0x1003a8dbc	0x947ac607	0x10225a5d8	0x10225a5d8	mapped	0x10225a5d8
Microsoft.Maui.Graphics	80	0x06000051	Microsoft.Maui.Graphics.ArcFlattener	CreateFlattenedPath	0x2050	NoInlining	Public, HideBySig	0x1003a8dc0	0x947ac60c	0x10225a5f0	0x10225a5f0	mapped	0x10225a5f0
Microsoft.Maui.Graphics	81	0x06000052	Microsoft.Maui.Graphics.BitmapExportContext	get_Width	0x2050	NoInlining	Public, HideBySig, SpecialName	0x1003a8dc4	0x947ac6db	0x10225a930	0x10225a930	mapped	0x10225a930
Microsoft.Maui.Graphics	82	0x06000053	Microsoft.Maui.Graphics.BitmapExportContext	get_Height	0x2050	NoInlining	Public, HideBySig, SpecialName	0x1003a8dc8	0x947ac6e3	0x10225a954	0x10225a954	mapped	0x10225a954
Microsoft.Maui.Graphics	83	0x06000054	Microsoft.Maui.Graphics.BitmapExportContext	get_Dpi	0x2050	NoInlining	Public, HideBySig, SpecialName	0x1003a8dcc	0x947ac6eb	0x10225a978	0x10225a978	mapped	0x10225a978
Microsoft.Maui.Graphics	84	0x06000055	Microsoft.Maui.Graphics.BitmapExportContext	.ctor	0x2050	NoInlining	Family, HideBySig, SpecialName, RTSpecialName	0x1003a8dd0	0x947ac6f3	0x10225a99c	0x10225a99c	mapped	0x10225a99c
Microsoft.Maui.Graphics	85	0x06000056	Microsoft.Maui.Graphics.BitmapExportContext	Dispose	0x2050	NoInlining	Public, Virtual, HideBySig, VtableLayoutMask	0x1003a8dd4	0x947ac6fc	0x10225a9c4	0x10225a9c4	mapped	0x10225a9c4
Microsoft.Maui.Graphics	86	0x06000057	Microsoft.Maui.Graphics.BitmapExportContext	get_Canvas	0x0	NoInlining	Public, Virtual, HideBySig, VtableLayoutMask, Abstract, SpecialName	0x1003a8dd8	0x97ffffaa	0x1003a8c80		absent	0x1003a8c80
Microsoft.Maui.Graphics	87	0x06000058	Microsoft.Maui.Graphics.BitmapExportContext	WriteToStream	0x0	NoInlining	Public, Virtual, HideBySig, VtableLayoutMask, Abstract	0x1003a8ddc	0x97ffffa9	0x1003a8c80		absent	0x1003a8c80
Microsoft.Maui.Graphics	88	0x06000059	Microsoft.Maui.Graphics.BitmapExportContext	get_Image	0x0	NoInlining	Public, Virtual, HideBySig, VtableLayoutMask, Abstract, SpecialName	0x1003a8de0	0x97ffffa8	0x1003a8c80		absent	0x1003a8c80
Microsoft.Maui.Graphics	89	0x0600005a	Microsoft.Maui.Graphics.BitmapExportContextExtensions	WriteToFile	0x2050	NoInlining	Public, Static, HideBySig	0x1003a8de4	0x947ac6f9	0x10225a9c8	0x10225a9c8	mapped	0x10225a9c8
Microsoft.Maui.Graphics	90	0x0600005b	Microsoft.Maui.Graphics.CanvasDefaults	.cctor	0x2050	NoInlining	Private, Static, HideBySig, SpecialName, RTSpecialName	0x1003a8de8	0x947ac740	0x10225aae8	0x10225aae8	mapped	0x10225aae8
Microsoft.Maui.Graphics	91	0x0600005c	Microsoft.Maui.Graphics.CanvasExtensions	DrawLine	0x2050	NoInlining	Public, Static, HideBySig	0x1003a8dec	0x947ac762	0x10225ab74	0x10225ab74	mapped	0x10225ab74
Microsoft.Maui.Graphics	92	0x0600005d	Microsoft.Maui.Graphics.CanvasExtensions	DrawRectangle	0x2050	NoInlining	Public, Static, HideBySig	0x1003a8df0	0x947ac790	0x10225ac30	0x10225ac30	mapped	0x10225ac30
Microsoft.Maui.Graphics	93	0x0600005e	Microsoft.Maui.Graphics.CanvasExtensions	DrawRectangle	0x2050	NoInlining	Public, Static, HideBySig	0x1003a8df4	0x947ac7be	0x10225acec	0x10225acec	mapped	0x10225acec
Microsoft.Maui.Graphics	94	0x0600005f	Microsoft.Maui.Graphics.CanvasExtensions	FillRectangle	0x2050	NoInlining	Public, Static, HideBySig	0x1003a8df8	0x947ac7ec	0x10225ada8	0x10225ada8	mapped	0x10225ada8
Microsoft.Maui.Graphics	95	0x06000060	Microsoft.Maui.Graphics.CanvasExtensions	FillRectangle	0x2050	NoInlining	Public, Static, HideBySig	0x1003a8dfc	0x947ac81a	0x10225ae64	0x10225ae64	mapped	0x10225ae64
Microsoft.Maui.Graphics	96	0x06000061	Microsoft.Maui.Graphics.CanvasExtensions	DrawRoundedRectangle	0x2050	NoInlining	Public, Static, HideBySig	0x1003a8e00	0x947ac848	0x10225af20	0x10225af20	mapped	0x10225af20
Microsoft.Maui.Graphics	97	0x06000062	Microsoft.Maui.Graphics.CanvasExtensions	DrawRoundedRectangle	0x2050	NoInlining	Public, Static, HideBySig	0x1003a8e04	0x947ac87a	0x10225afec	0x10225afec	mapped	0x10225afec
Microsoft.Maui.Graphics	98	0x06000063	Microsoft.Maui.Graphics.CanvasExtensions	DrawRoundedRectangle	0x2050	NoInlining	Public, Static, HideBySig	0x1003a8e08	0x947ac8ac	0x10225b0b8	0x10225b0b8	mapped	0x10225b0b8
Microsoft.Maui.Graphics	99	0x06000064	Microsoft.Maui.Graphics.CanvasExtensions	DrawRoundedRectangle	0x2050	NoInlining	Public, Static, HideBySig	0x1003a8e0c	0x947ac8f0	0x10225b1cc	0x10225b1cc	mapped	0x10225b1cc
Microsoft.Maui.Graphics	100	0x06000065	Microsoft.Maui.Graphics.CanvasExtensions	DrawRoundedRectangle	0x2050	NoInlining	Public, Static, HideBySig	0x1003a8e10	0x947ac934	0x10225b2e0	0x10225b2e0	mapped	0x10225b2e0
Microsoft.Maui.Graphics	101	0x06000066	Microsoft.Maui.Graphics.CanvasExtensions	DrawRoundedRectangle	0x2050	NoInlining	Public, Static, HideBySig	0x1003a8e14	0x947ac978	0x10225b3f4	0x10225b3f4	mapped	0x10225b3f4
Microsoft.Maui.Graphics	102	0x06000067	Microsoft.Maui.Graphics.CanvasExtensions	FillRoundedRectangle	0x2050	NoInlining	Public, Static, HideBySig	0x1003a8e18	0x947ac9b5	0x10225b4ec	0x10225b4ec	mapped	0x10225b4ec
Microsoft.Maui.Graphics	103	0x06000068	Microsoft.Maui.Graphics.CanvasExtensions	FillRoundedRectangle	0x2050	NoInlining	Public, Static, HideBySig	0x1003a8e1c	0x947ac9e7	0x10225b5b8	0x10225b5b8	mapped	0x10225b5b8
Microsoft.Maui.Graphics	104	0x06000069	Microsoft.Maui.Graphics.CanvasExtensions	FillRoundedRectangle	0x2050	NoInlining	Public, Static, HideBySig	0x1003a8e20	0x947aca19	0x10225b684	0x10225b684	mapped	0x10225b684
Microsoft.Maui.Graphics	105	0x0600006a	Microsoft.Maui.Graphics.CanvasExtensions	FillRoundedRectangle	0x2050	NoInlining	Public, Static, HideBySig	0x1003a8e24	0x947aca53	0x10225b770	0x10225b770	mapped	0x10225b770
Microsoft.Maui.Graphics	106	0x0600006b	Microsoft.Maui.Graphics.CanvasExtensions	FillRoundedRectangle	0x2050	NoInlining	Public, Static, HideBySig	0x1003a8e28	0x947aca8d	0x10225b85c	0x10225b85c	mapped	0x10225b85c
Microsoft.Maui.Graphics	107	0x0600006c	Microsoft.Maui.Graphics.CanvasExtensions	FillRoundedRectangle	0x2050	NoInlining	Public, Static, HideBySig	0x1003a8e2c	0x947acac7	0x10225b948	0x10225b948	mapped	0x10225b948
Microsoft.Maui.Graphics	108	0x0600006d	Microsoft.Maui.Graphics.CanvasExtensions	DrawEllipse	0x2050	NoInlining	Public, Static, HideBySig	0x1003a8e30	0x947acafa	0x10225ba18	0x10225ba18	mapped	0x10225ba18
Microsoft.Maui.Graphics	109	0x0600006e	Microsoft.Maui.Graphics.CanvasExtensions	DrawEllipse	0x2050	NoInlining	Public, Static, HideBySig	0x1003a8e34	0x947acb28	0x10225bad4	0x10225bad4	mapped	0x10225bad4
Microsoft.Maui.Graphics	110	0x0600006f	Microsoft.Maui.Graphics.CanvasExtensions	FillEllipse	0x2050	NoInlining	Public, Static, HideBySig	0x1003a8e38	0x947acb56	0x10225bb90	0x10225bb90	mapped	0x10225bb90
Microsoft.Maui.Graphics	111	0x06000070	Microsoft.Maui.Graphics.CanvasExtensions	FillEllipse	0x2050	NoInlining	Public, Static, HideBySig	0x1003a8e3c	0x947acb84	0x10225bc4c	0x10225bc4c	mapped	0x10225bc4c
Microsoft.Maui.Graphics	112	0x06000071	Microsoft.Maui.Graphics.CanvasExtensions	DrawPath	0x2050	NoInlining	Public, Static, HideBySig	0x1003a8e40	0x947acbb2	0x10225bd08	0x10225bd08	mapped	0x10225bd08
Microsoft.Maui.Graphics	113	0x06000072	Microsoft.Maui.Graphics.CanvasExtensions	FillPath	0x2050	NoInlining	Public, Static, HideBySig	0x1003a8e44	0x947acbd6	0x10225bd9c	0x10225bd9c	mapped	0x10225bd9c
Microsoft.Maui.Graphics	114	0x06000073	Microsoft.Maui.Graphics.CanvasExtensions	FillPath	0x2050	NoInlining	Public, Static, HideBySig	0x1003a8e48	0x947acbfb	0x10225be34	0x10225be34	mapped	0x10225be34
Microsoft.Maui.Graphics	115	0x06000074	Microsoft.Maui.Graphics.CanvasExtensions	ClipPath	0x2050	NoInlining	Public, Static, HideBySig	0x1003a8e4c	0x947acc23	0x10225bed8	0x10225bed8	mapped	0x10225bed8
Microsoft.Maui.Graphics	116	0x06000075	Microsoft.Maui.Graphics.CanvasExtensions	ClipRectangle	0x2050	NoInlining	Public, Static, HideBySig	0x1003a8e50	0x947acc4b	0x10225bf7c	0x10225bf7c	mapped	0x10225bf7c
Microsoft.Maui.Graphics	117	0x06000076	Microsoft.Maui.Graphics.CanvasExtensions	ClipRectangle	0x2050	NoInlining	Public, Static, HideBySig	0x1003a8e54	0x947acc79	0x10225c038	0x10225c038	mapped	0x10225c038
Microsoft.Maui.Graphics	118	0x06000077	Microsoft.Maui.Graphics.CanvasExtensions	DrawString	0x2050	NoInlining	Public, Static, HideBySig	0x1003a8e58	0x947acca7	0x10225c0f4	0x10225c0f4	mapped	0x10225c0f4
Microsoft.Maui.Graphics	119	0x06000078	Microsoft.Maui.Graphics.CanvasExtensions	DrawString	0x2050	NoInlining	Public, Static, HideBySig	0x1003a8e5c	0x947acce5	0x10225c1f0	0x10225c1f0	mapped	0x10225c1f0
Microsoft.Maui.Graphics	120	0x06000079	Microsoft.Maui.Graphics.CanvasExtensions	FillCircle	0x2050	NoInlining	Public, Static, HideBySig	0x1003a8e60	0x947acd23	0x10225c2ec	0x10225c2ec	mapped	0x10225c2ec
Microsoft.Maui.Graphics	121	0x0600007a	Microsoft.Maui.Graphics.CanvasExtensions	FillCircle	0x2050	NoInlining	Public, Static, HideBySig	0x1003a8e64	0x947acd50	0x10225c3a4	0x10225c3a4	mapped	0x10225c3a4
Microsoft.Maui.Graphics	122	0x0600007b	Microsoft.Maui.Graphics.CanvasExtensions	FillCircle	0x2050	NoInlining	Public, Static, HideBySig	0x1003a8e68	0x947acd80	0x10225c468	0x10225c468	mapped	0x10225c468
Microsoft.Maui.Graphics	123	0x0600007c	Microsoft.Maui.Graphics.CanvasExtensions	DrawCircle	0x2050	NoInlining	Public, Static, HideBySig	0x1003a8e6c	0x947acdad	0x10225c520	0x10225c520	mapped	0x10225c520
Microsoft.Maui.Graphics	124	0x0600007d	Microsoft.Maui.Graphics.CanvasExtensions	DrawCircle	0x2050	NoInlining	Public, Static, HideBySig	0x1003a8e70	0x947acdda	0x10225c5d8	0x10225c5d8	mapped	0x10225c5d8
Microsoft.Maui.Graphics	125	0x0600007e	Microsoft.Maui.Graphics.CanvasExtensions	DrawCircle	0x2050	NoInlining	Public, Static, HideBySig	0x1003a8e74	0x947ace0a	0x10225c69c	0x10225c69c	mapped	0x10225c69c
Microsoft.Maui.Graphics	126	0x0600007f	Microsoft.Maui.Graphics.CanvasExtensions	FillArc	0x2050	NoInlining	Public, Static, HideBySig	0x1003a8e78	0x947ace37	0x10225c754	0x10225c754	mapped	0x10225c754
Microsoft.Maui.Graphics	127	0x06000080	Microsoft.Maui.Graphics.CanvasExtensions	DrawArc	0x2050	NoInlining	Public, Static, HideBySig	0x1003a8e7c	0x947ace82	0x10225c884	0x10225c884	mapped	0x10225c884
Microsoft.Maui.Graphics	128	0x06000081	Microsoft.Maui.Graphics.CanvasExtensions	DrawArc	0x2050	NoInlining	Public, Static, HideBySig	0x1003a8e80	0x947acebc	0x10225c970	0x10225c970	mapped	0x10225c970
Microsoft.Maui.Graphics	129	0x06000082	Microsoft.Maui.Graphics.CanvasExtensions	FillArc	0x2050	NoInlining	Public, Static, HideBySig	0x1003a8e84	0x947acef6	0x10225ca5c	0x10225ca5c	mapped	0x10225ca5c
Microsoft.Maui.Graphics	130	0x06000083	Microsoft.Maui.Graphics.CanvasExtensions	FillArc	0x2050	NoInlining	Public, Static, HideBySig	0x1003a8e88	0x947acf2c	0x10225cb38	0x10225cb38	mapped	0x10225cb38
Microsoft.Maui.Graphics	131	0x06000084	Microsoft.Maui.Graphics.CanvasExtensions	EnableDefaultShadow	0x2050	NoInlining	Public, Static, HideBySig	0x1003a8e8c	0x947acf62	0x10225cc14	0x10225cc14	mapped	0x10225cc14
Microsoft.Maui.Graphics	132	0x06000085	Microsoft.Maui.Graphics.CanvasExtensions	ResetStroke	0x2050	NoInlining	Public, Static, HideBySig	0x1003a8e90	0x947acf8b	0x10225ccbc	0x10225ccbc	mapped	0x10225ccbc
Microsoft.Maui.Graphics	133	0x06000086	Microsoft.Maui.Graphics.CanvasExtensions	SetFillPattern	0x2050	NoInlining	Public, Static, HideBySig	0x1003a8e94	0x947acfcc	0x10225cdc4	0x10225cdc4	mapped	0x10225cdc4
Microsoft.Maui.Graphics	134	0x06000087	Microsoft.Maui.Graphics.CanvasExtensions	SetFillPattern	0x2050	NoInlining	Public, Static, HideBySig	0x1003a8e98	0x947acfe9	0x10225ce3c	0x10225ce3c	mapped	0x10225ce3c
Microsoft.Maui.Graphics	135	0x06000088	Microsoft.Maui.Graphics.CanvasExtensions	SubtractFromClip	0x2050	NoInlining	Public, Static, HideBySig	0x1003a8e9c	0x947ad01e	0x10225cf14	0x10225cf14	mapped	0x10225cf14
Microsoft.Maui.Graphics	136	0x06000089	Microsoft.Maui.Graphics.CanvasExtensions	SubtractFromClip	0x2050	NoInlining	Public, Static, HideBySig	0x1003a8ea0	0x947ad04c	0x10225cfd0	0x10225cfd0	mapped	0x10225cfd0
Microsoft.Maui.Graphics	137	0x0600008a	Microsoft.Maui.Graphics.CanvasExtensions	SetFillPaint	0x2050	NoInlining	Public, Static, HideBySig	0x1003a8ea4	0x947ad07a	0x10225d08c	0x10225d08c	mapped	0x10225d08c
Microsoft.Maui.Graphics	138	0x0600008b	Microsoft.Maui.Graphics.CanvasExtensions	SetFillPaint	0x2050	NoInlining	Public, Static, HideBySig	0x1003a8ea8	0x947ad0b1	0x10225d16c	0x10225d16c	mapped	0x10225d16c
Microsoft.Maui.Graphics	139	0x0600008c	Microsoft.Maui.Graphics.CanvasExtensions	SetFillPaint	0x2050	NoInlining	Public, Static, HideBySig	0x1003a8eac	0x947ad0e8	0x10225d24c	0x10225d24c	mapped	0x10225d24c
Microsoft.Maui.Graphics	140	0x0600008d	Microsoft.Maui.Graphics.CanvasExtensions	SetFillPaint	0x2050	NoInlining	Public, Static, HideBySig	0x1003a8eb0	0x947ad119	0x10225d314	0x10225d314	mapped	0x10225d314
Microsoft.Maui.Graphics	141	0x0600008e	Microsoft.Maui.Graphics.CanvasState	get_StrokeDashPattern	0x2050	NoInlining	Public, HideBySig, SpecialName	0x1003a8eb4	0x947ad149	0x10225d3d8	0x10225d3d8	mapped	0x10225d3d8
Microsoft.Maui.Graphics	142	0x0600008f	Microsoft.Maui.Graphics.CanvasState	set_StrokeDashPattern	0x2050	NoInlining	Public, HideBySig, SpecialName	0x1003a8eb8	0x947ad151	0x10225d3fc	0x10225d3fc	mapped	0x10225d3fc
Microsoft.Maui.Graphics	143	0x06000090	Microsoft.Maui.Graphics.CanvasState	get_StrokeDashOffset	0x2050	NoInlining	Public, HideBySig, SpecialName	0x1003a8ebc	0x947ad160	0x10225d43c	0x10225d43c	mapped	0x10225d43c
Microsoft.Maui.Graphics	144	0x06000091	Microsoft.Maui.Graphics.CanvasState	set_StrokeDashOffset	0x2050	NoInlining	Public, HideBySig, SpecialName	0x1003a8ec0	0x947ad168	0x10225d460	0x10225d460	mapped	0x10225d460
Microsoft.Maui.Graphics	145	0x06000092	Microsoft.Maui.Graphics.CanvasState	get_StrokeSize	0x2050	NoInlining	Public, HideBySig, SpecialName	0x1003a8ec4	0x947ad170	0x10225d484	0x10225d484	mapped	0x10225d484
Microsoft.Maui.Graphics	146	0x06000093	Microsoft.Maui.Graphics.CanvasState	set_StrokeSize	0x2050	NoInlining	Public, HideBySig, SpecialName	0x1003a8ec8	0x947ad178	0x10225d4a8	0x10225d4a8	mapped	0x10225d4a8
Microsoft.Maui.Graphics	147	0x06000094	Microsoft.Maui.Graphics.CanvasState	get_Transform	0x2050	NoInlining	Public, HideBySig, SpecialName	0x1003a8ecc	0x947ad180	0x10225d4cc	0x10225d4cc	mapped	0x10225d4cc
Microsoft.Maui.Graphics	148	0x06000095	Microsoft.Maui.Graphics.CanvasState	set_Transform	0x2050	NoInlining	Public, HideBySig, SpecialName	0x1003a8ed0	0x947ad190	0x10225d510	0x10225d510	mapped	0x10225d510
Microsoft.Maui.Graphics	149	0x06000096	Microsoft.Maui.Graphics.CanvasState	get_Scale	0x2050	NoInlining	Public, HideBySig, SpecialName	0x1003a8ed4	0x947ad1d2	0x10225d61c	0x10225d61c	mapped	0x10225d61c
Microsoft.Maui.Graphics	150	0x06000097	Microsoft.Maui.Graphics.CanvasState	get_ScaleX	0x2050	NoInlining	Public, HideBySig, SpecialName	0x1003a8ed8	0x947ad1da	0x10225d640	0x10225d640	mapped	0x10225d640
Microsoft.Maui.Graphics	151	0x06000098	Microsoft.Maui.Graphics.CanvasState	get_ScaleY	0x2050	NoInlining	Public, HideBySig, SpecialName	0x1003a8edc	0x947ad1e2	0x10225d664	0x10225d664	mapped	0x10225d664
Microsoft.Maui.Graphics	152	0x06000099	Microsoft.Maui.Graphics.CanvasState	.ctor	0x2050	NoInlining	Family, HideBySig, SpecialName, RTSpecialName	0x1003a8ee0	0x947ad1ea	0x10225d688	0x10225d688	mapped	0x10225d688
Microsoft.Maui.Graphics	153	0x0600009a	Microsoft.Maui.Graphics.CanvasState	.ctor	0x2050	NoInlining	Family, HideBySig, SpecialName, RTSpecialName	0x1003a8ee4	0x947ad1fe	0x10225d6dc	0x10225d6dc	mapped	0x10225d6dc
Microsoft.Maui.Graphics	154	0x0600009b	Microsoft.Maui.Graphics.CanvasState	TransformChanged	0x2050	NoInlining	Family, Virtual, HideBySig, VtableLayoutMask	0x1003a8ee8	0x947ad22c	0x10225d798	0x10225d798	mapped	0x10225d798
Microsoft.Maui.Graphics	155	0x0600009c	Microsoft.Maui.Graphics.CanvasState	GetLengthScale	0x2050	NoInlining	Family, Static, HideBySig	0x1003a8eec	0x947ad22c	0x10225d79c	0x10225d79c	mapped	0x10225d79c
Microsoft.Maui.Graphics	156	0x0600009d	Microsoft.Maui.Graphics.CanvasState	Dispose	0x2050	NoInlining	Public, Virtual, HideBySig, VtableLayoutMask	0x1003a8ef0	0x947ad23b	0x10225d7dc	0x10225d7dc	mapped	0x10225d7dc
Microsoft.Maui.Graphics	157	0x0600009e	Microsoft.Maui.Graphics.Color	.ctor	0x2050	NoInlining	Public, HideBySig, SpecialName, RTSpecialName	0x1003a8ef4	0x947ad23b	0x10225d7e0	0x10225d7e0	mapped	0x10225d7e0
Microsoft.Maui.Graphics	158	0x0600009f	Microsoft.Maui.Graphics.Color	.ctor	0x2050	NoInlining	Public, HideBySig, SpecialName, RTSpecialName	0x1003a8ef8	0x947ad245	0x10225d80c	0x10225d80c	mapped	0x10225d80c
Microsoft.Maui.Graphics	159	0x060000a0	Microsoft.Maui.Graphics.Color	.ctor	0x2050	NoInlining	Public, HideBySig, SpecialName, RTSpecialName	0x1003a8efc	0x947ad257	0x10225d858	0x10225d858	mapped	0x10225d858
Microsoft.Maui.Graphics	160	0x060000a1	Microsoft.Maui.Graphics.Color	.ctor	0x2050	NoInlining	Public, HideBySig, SpecialName, RTSpecialName	0x1003a8f00	0x947ad26f	0x10225d8bc	0x10225d8bc	mapped	0x10225d8bc
Microsoft.Maui.Graphics	161	0x060000a2	Microsoft.Maui.Graphics.Color	.ctor	0x2050	NoInlining	Public, HideBySig, SpecialName, RTSpecialName	0x1003a8f04	0x947ad289	0x10225d928	0x10225d928	mapped	0x10225d928
Microsoft.Maui.Graphics	162	0x060000a3	Microsoft.Maui.Graphics.Color	.ctor	0x2050	NoInlining	Public, HideBySig, SpecialName, RTSpecialName	0x1003a8f08	0x947ad2a4	0x10225d998	0x10225d998	mapped	0x10225d998
Microsoft.Maui.Graphics	163	0x060000a4	Microsoft.Maui.Graphics.Color	.ctor	0x2050	NoInlining	Public, HideBySig, SpecialName, RTSpecialName	0x1003a8f0c	0x947ad2cd	0x10225da40	0x10225da40	mapped	0x10225da40
Microsoft.Maui.Graphics	164	0x060000a5	Microsoft.Maui.Graphics.Color	.ctor	0x2050	NoInlining	Public, HideBySig, SpecialName, RTSpecialName	0x1003a8f10	0x947ad2ec	0x10225dac0	0x10225dac0	mapped	0x10225dac0
Microsoft.Maui.Graphics	165	0x060000a6	Microsoft.Maui.Graphics.Color	.ctor	0x2050	NoInlining	Public, HideBySig, SpecialName, RTSpecialName	0x1003a8f14	0x947ad31a	0x10225db7c	0x10225db7c	mapped	0x10225db7c
Microsoft.Maui.Graphics	166	0x060000a7	Microsoft.Maui.Graphics.Color	ToString	0x2050	NoInlining	Public, Virtual, HideBySig	0x1003a8f18	0x947ad334	0x10225dbe8	0x10225dbe8	mapped	0x10225dbe8
Microsoft.Maui.Graphics	167	0x060000a8	Microsoft.Maui.Graphics.Color	GetHashCode	0x2050	NoInlining	Public, Virtual, HideBySig	0x1003a8f1c	0x947ad40f	0x10225df58	0x10225df58	mapped	0x10225df58
Microsoft.Maui.Graphics	168	0x060000a9	Microsoft.Maui.Graphics.Color	Equals	0x2050	NoInlining	Public, Virtual, HideBySig	0x1003a8f20	0x947ad44e	0x10225e058	0x10225e058	mapped	0x10225e058
Microsoft.Maui.Graphics	169	0x060000aa	Microsoft.Maui.Graphics.Color	ToHex	0x2050	NoInlining	Public, HideBySig	0x1003a8f24	0x947ad4af	0x10225e1e0	0x10225e1e0	mapped	0x10225e1e0
Microsoft.Maui.Graphics	170	0x060000ab	Microsoft.Maui.Graphics.Color	ToHex	0x2050	NoInlining	Public, HideBySig	0x1003a8f28	0x947ad508	0x10225e348	0x10225e348	mapped	0x10225e348
Microsoft.Maui.Graphics	171	0x060000ac	Microsoft.Maui.Graphics.Color	ToArgbHex	0x2050	NoInlining	Public, HideBySig	0x1003a8f2c	0x947ad533	0x10225e3f8	0x10225e3f8	mapped	0x10225e3f8
Microsoft.Maui.Graphics	172	0x060000ad	Microsoft.Maui.Graphics.Color	ToRgbaHex	0x2050	NoInlining	Public, HideBySig	0x1003a8f30	0x947ad58c	0x10225e560	0x10225e560	mapped	0x10225e560
Microsoft.Maui.Graphics	173	0x060000ae	Microsoft.Maui.Graphics.Color	FromHex	0x2050	NoInlining	Public, Static, HideBySig	0x1003a8f34	0x947ad5e5	0x10225e6c8	0x10225e6c8	mapped	0x10225e6c8
Microsoft.Maui.Graphics	174	0x060000af	Microsoft.Maui.Graphics.Color	AsPaint	0x2050	NoInlining	Public, HideBySig	0x1003a8f38	0x947ad5f7	0x10225e714	0x10225e714	mapped	0x10225e714
Microsoft.Maui.Graphics	175	0x060000b0	Microsoft.Maui.Graphics.Color	WithAlpha	0x2050	NoInlining	Public, HideBySig	0x1003a8f3c	0x947ad619	0x10225e7a0	0x10225e7a0	mapped	0x10225e7a0
Microsoft.Maui.Graphics	176	0x060000b1	Microsoft.Maui.Graphics.Color	MultiplyAlpha	0x2050	NoInlining	Public, HideBySig	0x1003a8f40	0x947ad659	0x10225e8a4	0x10225e8a4	mapped	0x10225e8a4
Microsoft.Maui.Graphics	177	0x060000b2	Microsoft.Maui.Graphics.Color	ToHex	0x2050	NoInlining	Private, Static, HideBySig	0x1003a8f44	0x947ad691	0x10225e988	0x10225e988	mapped	0x10225e988
Microsoft.Maui.Graphics	178	0x060000b3	Microsoft.Maui.Graphics.Color	ToInt	0x2050	NoInlining	Public, HideBySig	0x1003a8f48	0x947ad6c1	0x10225ea4c	0x10225ea4c	mapped	0x10225ea4c
Microsoft.Maui.Graphics	179	0x060000b4	Microsoft.Maui.Graphics.Color	ToUint	0x2050	NoInlining	Public, HideBySig	0x1003a8f4c	0x947ad6df	0x10225eac8	0x10225eac8	mapped	0x10225eac8
Microsoft.Maui.Graphics	180	0x060000b5	Microsoft.Maui.Graphics.Color	ToRgb	0x2050	NoInlining	Public, HideBySig	0x1003a8f50	0x947ad6fd	0x10225eb44	0x10225eb44	mapped	0x10225eb44
Microsoft.Maui.Graphics	181	0x060000b6	Microsoft.Maui.Graphics.Color	ToRgba	0x2050	NoInlining	Public, HideBySig	0x1003a8f54	0x947ad716	0x10225ebac	0x10225ebac	mapped	0x10225ebac
Microsoft.Maui.Graphics	182	0x060000b7	Microsoft.Maui.Graphics.Color	GetLuminosity	0x2050	NoInlining	Public, HideBySig	0x1003a8f58	0x947ad746	0x10225ec70	0x10225ec70	mapped	0x10225ec70
Microsoft.Maui.Graphics	183	0x060000b8	Microsoft.Maui.Graphics.Color	AddLuminosity	0x2050	NoInlining	Public, HideBySig	0x1003a8f5c	0x947ad788	0x10225ed7c	0x10225ed7c	mapped	0x10225ed7c
Microsoft.Maui.Graphics	184	0x060000b9	Microsoft.Maui.Graphics.Color	WithLuminosity	0x2050	NoInlining	Public, HideBySig	0x1003a8f60	0x947ad7b0	0x10225ee20	0x10225ee20	mapped	0x10225ee20
Microsoft.Maui.Graphics	185	0x060000ba	Microsoft.Maui.Graphics.Color	GetSaturation	0x2050	NoInlining	Public, HideBySig	0x1003a8f64	0x947ad7d1	0x10225eea8	0x10225eea8	mapped	0x10225eea8
Microsoft.Maui.Graphics	186	0x060000bb	Microsoft.Maui.Graphics.Color	WithSaturation	0x2050	NoInlining	Public, HideBySig	0x1003a8f68	0x947ad7e6	0x10225ef00	0x10225ef00	mapped	0x10225ef00
Microsoft.Maui.Graphics	187	0x060000bc	Microsoft.Maui.Graphics.Color	GetHue	0x2050	NoInlining	Public, HideBySig	0x1003a8f6c	0x947ad808	0x10225ef8c	0x10225ef8c	mapped	0x10225ef8c
Microsoft.Maui.Graphics	188	0x060000bd	Microsoft.Maui.Graphics.Color	WithHue	0x2050	NoInlining	Public, HideBySig	0x1003a8f70	0x947ad81d	0x10225efe4	0x10225efe4	mapped	0x10225efe4
Microsoft.Maui.Graphics	189	0x060000be	Microsoft.Maui.Graphics.Color	GetComplementary	0x2050	NoInlining	Public, HideBySig	0x1003a8f74	0x947ad83e	0x10225f06c	0x10225f06c	mapped	0x10225f06c
Microsoft.Maui.Graphics	190	0x060000bf	Microsoft.Maui.Graphics.Color	FromHsva	0x2050	NoInlining	Public, Static, HideBySig	0x1003a8f78	0x947ad85c	0x10225f0e8	0x10225f0e8	mapped	0x10225f0e8
Microsoft.Maui.Graphics	191	0x060000c0	Microsoft.Maui.Graphics.Color	FromUint	0x2050	NoInlining	Public, Static, HideBySig	0x1003a8f7c	0x947ad8b7	0x10225f258	0x10225f258	mapped	0x10225f258
Microsoft.Maui.Graphics	192	0x060000c1	Microsoft.Maui.Graphics.Color	FromInt	0x2050	NoInlining	Public, Static, HideBySig	0x1003a8f80	0x947ad8c7	0x10225f29c	0x10225f29c	mapped	0x10225f29c
Microsoft.Maui.Graphics	193	0x060000c2	Microsoft.Maui.Graphics.Color	FromRgb	0x2050	NoInlining	Public, Static, HideBySig	0x1003a8f84	0x947ad8d7	0x10225f2e0	0x10225f2e0	mapped	0x10225f2e0
Microsoft.Maui.Graphics	194	0x060000c3	Microsoft.Maui.Graphics.Color	FromRgba	0x2050	NoInlining	Public, Static, HideBySig	0x1003a8f88	0x947ad90c	0x10225f3b8	0x10225f3b8	mapped	0x10225f3b8
Microsoft.Maui.Graphics	195	0x060000c4	Microsoft.Maui.Graphics.Color	FromRgb	0x2050	NoInlining	Public, Static, HideBySig	0x1003a8f8c	0x947ad950	0x10225f4cc	0x10225f4cc	mapped	0x10225f4cc
Microsoft.Maui.Graphics	196	0x060000c5	Microsoft.Maui.Graphics.Color	FromRgba	0x2050	NoInlining	Public, Static, HideBySig	0x1003a8f90	0x947ad989	0x10225f5b4	0x10225f5b4	mapped	0x10225f5b4
Microsoft.Maui.Graphics	197	0x060000c6	Microsoft.Maui.Graphics.Color	FromRgb	0x2050	NoInlining	Public, Static, HideBySig	0x1003a8f94	0x947ad9d2	0x10225f6dc	0x10225f6dc	mapped	0x10225f6dc
Microsoft.Maui.Graphics	198	0x060000c7	Microsoft.Maui.Graphics.Color	FromRgb	0x2050	NoInlining	Public, Static, HideBySig	0x1003a8f98	0x947ad9e6	0x10225f730	0x10225f730	mapped	0x10225f730
Microsoft.Maui.Graphics	199	0x060000c8	Microsoft.Maui.Graphics.Color	FromRgba	0x2050	NoInlining	Public, Static, HideBySig	0x1003a8f9c	0x947ad9fa	0x10225f784	0x10225f784	mapped	0x10225f784
Microsoft.Maui.Graphics	200	0x060000c9	Microsoft.Maui.Graphics.Color	FromRgba	0x2050	NoInlining	Public, Static, HideBySig	0x1003a8fa0	0x947ada2b	0x10225f84c	0x10225f84c	mapped	0x10225f84c
Microsoft.Maui.Graphics	201	0x060000ca	Microsoft.Maui.Graphics.Color	FromRgba	0x2050	NoInlining	Public, Static, HideBySig	0x1003a8fa4	0x947ada60	0x10225f924	0x10225f924	mapped	0x10225f924
Microsoft.Maui.Graphics	202	0x060000cb	Microsoft.Maui.Graphics.Color	FromRgba	0x2050	NoInlining	Private, Static, HideBySig	0x1003a8fa8	0x947ada72	0x10225f970	0x10225f970	mapped	0x10225f970
Microsoft.Maui.Graphics	203	0x060000cc	Microsoft.Maui.Graphics.Color	FromArgb	0x2050	NoInlining	Public, Static, HideBySig	0x1003a8fac	0x947adb08	0x10225fbcc	0x10225fbcc	mapped	0x10225fbcc
Microsoft.Maui.Graphics	204	0x060000cd	Microsoft.Maui.Graphics.Color	FromArgb	0x2050	NoInlining	Private, Static, HideBySig	0x1003a8fb0	0x947adb1a	0x10225fc18	0x10225fc18	mapped	0x10225fc18
Microsoft.Maui.Graphics	205	0x060000ce	Microsoft.Maui.Graphics.Color	FromHsla	0x2050	NoInlining	Public, Static, HideBySig	0x1003a8fb4	0x947adbd2	0x10225fefc	0x10225fefc	mapped	0x10225fefc
Microsoft.Maui.Graphics	206	0x060000cf	Microsoft.Maui.Graphics.Color	FromHsla	0x2050	NoInlining	Public, Static, HideBySig	0x1003a8fb8	0x947adc10	0x10225fff8	0x10225fff8	mapped	0x10225fff8
Microsoft.Maui.Graphics	207	0x060000d0	Microsoft.Maui.Graphics.Color	FromHsv	0x2050	NoInlining	Public, Static, HideBySig	0x1003a8fbc	0x947adc4f	0x1022600f8	0x1022600f8	mapped	0x1022600f8
Microsoft.Maui.Graphics	208	0x060000d1	Microsoft.Maui.Graphics.Color	FromHsva	0x2050	NoInlining	Public, Static, HideBySig	0x1003a8fc0	0x947adc63	0x10226014c	0x10226014c	mapped	0x10226014c
Microsoft.Maui.Graphics	209	0x060000d2	Microsoft.Maui.Graphics.Color	FromHsv	0x2050	NoInlining	Public, Static, HideBySig	0x1003a8fc4	0x947adc80	0x1022601c4	0x1022601c4	mapped	0x1022601c4
Microsoft.Maui.Graphics	210	0x060000d3	Microsoft.Maui.Graphics.Color	ConvertToRgb	0x2050	NoInlining	Private, Static, HideBySig	0x1003a8fc8	0x947adc9b	0x102260234	0x102260234	mapped	0x102260234
Microsoft.Maui.Graphics	211	0x060000d4	Microsoft.Maui.Graphics.Color	ToHsl	0x2050	NoInlining	Public, HideBySig	0x1003a8fcc	0x947add9b	0x102260638	0x102260638	mapped	0x102260638
Microsoft.Maui.Graphics	212	0x060000d5	Microsoft.Maui.Graphics.Color	Parse	0x2050	NoInlining	Public, Static, HideBySig	0x1003a8fd0	0x947ade35	0x1022608a4	0x1022608a4	mapped	0x1022608a4
Microsoft.Maui.Graphics	213	0x060000d6	Microsoft.Maui.Graphics.Color	TryParse	0x2050	NoInlining	Public, Static, HideBySig	0x1003a8fd4	0x947adec6	0x102260aec	0x102260aec	mapped	0x102260aec
Microsoft.Maui.Graphics	214	0x060000d7	Microsoft.Maui.Graphics.Color	TryParse	0x2050	NoInlining	Private, Static, HideBySig	0x1003a8fd8	0x947adeda	0x102260b40	0x102260b40	mapped	0x102260b40
Microsoft.Maui.Graphics	215	0x060000d8	Microsoft.Maui.Graphics.Color	GetNamedColor	0x2050	NoInlining	Private, Static, HideBySig	0x1003a8fdc	0x947ae103	0x1022613e8	0x1022613e8	mapped	0x1022613e8
Microsoft.Maui.Graphics	216	0x060000d9	Microsoft.Maui.Graphics.Color	TryParseFourColorRanges	0x2050	NoInlining	Private, Static, HideBySig	0x1003a8fe0	0x947aeb11	0x102263c24	0x102263c24	mapped	0x102263c24
Microsoft.Maui.Graphics	217	0x060000da	Microsoft.Maui.Graphics.Color	TryParseThreeColorRanges	0x2050	NoInlining	Private, Static, HideBySig	0x1003a8fe4	0x947aeba4	0x102263e74	0x102263e74	mapped	0x102263e74
Microsoft.Maui.Graphics	218	0x060000db	Microsoft.Maui.Graphics.Color	TryParseColorValue	0x2050	NoInlining	Private, Static, HideBySig	0x1003a8fe8	0x947aec1f	0x102264064	0x102264064	mapped	0x102264064
Microsoft.Maui.Graphics	219	0x060000dc	Microsoft.Maui.Graphics.Color	TryParseOpacity	0x2050	NoInlining	Private, Static, HideBySig	0x1003a8fec	0x947aec74	0x1022641bc	0x1022641bc	mapped	0x1022641bc
Microsoft.Maui.Graphics	220	0x060000dd	Microsoft.Maui.Graphics.Color	TryParseDouble	0x2050	NoInlining	Private, Static, HideBySig	0x1003a8ff0	0x947aec98	0x102264250	0x102264250	mapped	0x102264250
Microsoft.Maui.Graphics	221	0x060000de	Microsoft.Maui.Graphics.Color	ParseInt	0x2050	NoInlining	Private, Static, HideBySig	0x1003a8ff4	0x947aecc0	0x1022642f4	0x1022642f4	mapped	0x1022642f4
Microsoft.Maui.Graphics	222	0x060000df	Microsoft.Maui.Graphics.Color	op_Implicit	0x2050	NoInlining	Public, Static, HideBySig, SpecialName	0x1003a8ff8	0x947aece4	0x102264388	0x102264388	mapped	0x102264388
Microsoft.Maui.Graphics	223	0x060000e0	Microsoft.Maui.Graphics.Colors	.cctor	0x2050	NoInlining	Private, Static, HideBySig, SpecialName, RTSpecialName	0x1003a8ffc	0x947aed15	0x102264450	0x102264450	mapped	0x102264450
Microsoft.Maui.Graphics	224	0x060000e1	Microsoft.Maui.Graphics.Font	get_Default	0x2050	NoInlining	Public, Static, HideBySig, SpecialName	0x1003a9000	0x947af246	0x102265918	0x102265918	mapped	0x102265918
Microsoft.Maui.Graphics	225	0x060000e2	Microsoft.Maui.Graphics.Font	get_DefaultBold	0x2050	NoInlining	Public, Static, HideBySig, SpecialName	0x1003a9004	0x947af253	0x102265950	0x102265950	mapped	0x102265950
Microsoft.Maui.Graphics	226	0x060000e3	Microsoft.Maui.Graphics.Font	.ctor	0x2050	NoInlining	Public, HideBySig, SpecialName, RTSpecialName	0x1003a9008	0x947af260	0x102265988	0x102265988	mapped	0x102265988
Microsoft.Maui.Graphics	227	0x060000e4	Microsoft.Maui.Graphics.Font	get_Name	0x2050	NoInlining	Public, Final, Virtual, HideBySig, VtableLayoutMask, SpecialName	0x1003a900c	0x947af270	0x1022659cc	0x1022659cc	mapped	0x1022659cc
Microsoft.Maui.Graphics	228	0x060000e5	Microsoft.Maui.Graphics.Font	set_Name	0x2050	NoInlining	Private, HideBySig, SpecialName	0x1003a9010	0x947af278	0x1022659f0	0x1022659f0	mapped	0x1022659f0
Microsoft.Maui.Graphics	229	0x060000e6	Microsoft.Maui.Graphics.Font	get_Weight	0x2050	NoInlining	Public, Final, Virtual, HideBySig, VtableLayoutMask, SpecialName	0x1003a9014	0x947af287	0x102265a30	0x102265a30	mapped	0x102265a30
Microsoft.Maui.Graphics	230	0x060000e7	Microsoft.Maui.Graphics.Font	set_Weight	0x2050	NoInlining	Private, HideBySig, SpecialName	0x1003a9018	0x947af28f	0x102265a54	0x102265a54	mapped	0x102265a54
Microsoft.Maui.Graphics	231	0x060000e8	Microsoft.Maui.Graphics.Font	get_StyleType	0x2050	NoInlining	Public, Final, Virtual, HideBySig, VtableLayoutMask, SpecialName	0x1003a901c	0x947af297	0x102265a78	0x102265a78	mapped	0x102265a78
Microsoft.Maui.Graphics	232	0x060000e9	Microsoft.Maui.Graphics.Font	set_StyleType	0x2050	NoInlining	Private, HideBySig, SpecialName	0x1003a9020	0x947af29f	0x102265a9c	0x102265a9c	mapped	0x102265a9c
Microsoft.Maui.Graphics	233	0x060000ea	Microsoft.Maui.Graphics.Font	Equals	0x2050	NoInlining	Public, Final, Virtual, HideBySig, VtableLayoutMask	0x1003a9024	0x947af2a7	0x102265ac0	0x102265ac0	mapped	0x102265ac0
Microsoft.Maui.Graphics	234	0x060000eb	Microsoft.Maui.Graphics.Font	Equals	0x2050	NoInlining	Public, Virtual, HideBySig	0x1003a9028	0x947af2f5	0x102265bfc	0x102265bfc	mapped	0x102265bfc
Microsoft.Maui.Graphics	235	0x060000ec	Microsoft.Maui.Graphics.Font	GetHashCode	0x2050	NoInlining	Public, Virtual, HideBySig	0x1003a902c	0x947af31e	0x102265ca4	0x102265ca4	mapped	0x102265ca4
Microsoft.Maui.Graphics	236	0x060000ed	Microsoft.Maui.Graphics.Font	get_IsDefault	0x2050	NoInlining	Public, HideBySig, SpecialName	0x1003a9030	0x947af34e	0x102265d68	0x102265d68	mapped	0x102265d68
Microsoft.Maui.Graphics	237	0x060000ee	Microsoft.Maui.Graphics.Font	op_Equality	0x2050	NoInlining	Public, Static, HideBySig, SpecialName	0x1003a9034	0x947af35d	0x102265da8	0x102265da8	mapped	0x102265da8
Microsoft.Maui.Graphics	238	0x060000ef	Microsoft.Maui.Graphics.Font	op_Inequality	0x2050	NoInlining	Public, Static, HideBySig, SpecialName	0x1003a9038	0x947af387	0x102265e54	0x102265e54	mapped	0x102265e54
Microsoft.Maui.Graphics	239	0x060000f0	Microsoft.Maui.Graphics.FontSource	.ctor	0x2050	NoInlining	Public, HideBySig, SpecialName, RTSpecialName	0x1003a903c	0x947af39e	0x102265eb4	0x102265eb4	mapped	0x102265eb4
Microsoft.Maui.Graphics	240	0x060000f1	Microsoft.Maui.Graphics.FontSource	Equals	0x2050	NoInlining	Public, Final, Virtual, HideBySig, VtableLayoutMask	0x1003a9040	0x947af3ae	0x102265ef8	0x102265ef8	mapped	0x102265ef8
Microsoft.Maui.Graphics	241	0x060000f2	Microsoft.Maui.Graphics.FontSource	GetHashCode	0x2050	NoInlining	Public, Virtual, HideBySig	0x1003a9044	0x947af3f0	0x102266004	0x102266004	mapped	0x102266004
Microsoft.Maui.Graphics	242	0x060000f3	Microsoft.Maui.Graphics.FontSource	Equals	0x2050	NoInlining	Public, Virtual, HideBySig	0x1003a9048	0x947af410	0x102266088	0x102266088	mapped	0x102266088
Microsoft.Maui.Graphics	243	0x060000f4	Microsoft.Maui.Graphics.FontSource	op_Equality	0x2050	NoInlining	Public, Static, HideBySig, SpecialName	0x1003a904c	0x947af443	0x102266158	0x102266158	mapped	0x102266158
Microsoft.Maui.Graphics	244	0x060000f5	Microsoft.Maui.Graphics.FontSource	op_Inequality	0x2050	NoInlining	Public, Static, HideBySig, SpecialName	0x1003a9050	0x947af456	0x1022661a8	0x1022661a8	mapped	0x1022661a8
Microsoft.Maui.Graphics	245	0x060000f6	Microsoft.Maui.Graphics.GeometryUtil	GetDistance	0x2050	NoInlining	Public, Static, HideBySig	0x1003a9054	0x947af46b	0x102266200	0x102266200	mapped	0x102266200
Microsoft.Maui.Graphics	246	0x060000f7	Microsoft.Maui.Graphics.GeometryUtil	GetAngleAsDegrees	0x2050	NoInlining	Public, Static, HideBySig	0x1003a9058	0x947af471	0x10226621c	0x10226621c	mapped	0x10226621c
Microsoft.Maui.Graphics	247	0x060000f8	Microsoft.Maui.Graphics.GeometryUtil	DegreesToRadians	0x2050	NoInlining	Public, Static, HideBySig	0x1003a905c	0x947af48b	0x102266288	0x102266288	mapped	0x102266288
Microsoft.Maui.Graphics	248	0x060000f9	Microsoft.Maui.Graphics.GeometryUtil	DegreesToRadians	0x2050	NoInlining	Public, Static, HideBySig	0x1003a9060	0x947af492	0x1022662a8	0x1022662a8	mapped	0x1022662a8
Microsoft.Maui.Graphics	249	0x060000fa	Microsoft.Maui.Graphics.GeometryUtil	RadiansToDegrees	0x2050	NoInlining	Public, Static, HideBySig	0x1003a9064	0x947af499	0x1022662c8	0x1022662c8	mapped	0x1022662c8
Microsoft.Maui.Graphics	250	0x060000fb	Microsoft.Maui.Graphics.GeometryUtil	RadiansToDegrees	0x2050	NoInlining	Public, Static, HideBySig	0x1003a9068	0x947af49d	0x1022662dc	0x1022662dc	mapped	0x1022662dc
Microsoft.Maui.Graphics	251	0x060000fc	Microsoft.Maui.Graphics.GeometryUtil	RotatePoint	0x2050	NoInlining	Public, Static, HideBySig	0x1003a906c	0x947af4a0	0x1022662ec	0x1022662ec	mapped	0x1022662ec
Microsoft.Maui.Graphics	252	0x060000fd	Microsoft.Maui.Graphics.GeometryUtil	RotatePoint	0x2050	NoInlining	Public, Static, HideBySig	0x1003a9070	0x947af4c1	0x102266374	0x102266374	mapped	0x102266374
Microsoft.Maui.Graphics	253	0x060000fe	Microsoft.Maui.Graphics.GeometryUtil	GetSweep	0x2050	NoInlining	Public, Static, HideBySig	0x1003a9074	0x947af4ea	0x10226641c	0x10226641c	mapped	0x10226641c
Microsoft.Maui.Graphics	254	0x060000ff	Microsoft.Maui.Graphics.GeometryUtil	PolarToPoint	0x2050	NoInlining	Public, Static, HideBySig	0x1003a9078	0x947af4f9	0x10226645c	0x10226645c	mapped	0x10226645c
Microsoft.Maui.Graphics	255	0x06000100	Microsoft.Maui.Graphics.GeometryUtil	EllipseAngleToPoint	0x2050	NoInlining	Public, Static, HideBySig	0x1003a907c	0x947af50a	0x1022664a4	0x1022664a4	mapped	0x1022664a4
Microsoft.Maui.Graphics	256	0x06000101	Microsoft.Maui.Graphics.GeometryUtil	GetOppositePoint	0x2050	NoInlining	Public, Static, HideBySig	0x1003a9080	0x947af531	0x102266544	0x102266544	mapped	0x102266544
Microsoft.Maui.Graphics	257	0x06000102	Microsoft.Maui.Graphics.GeometryUtil	IsBetween	0x2050	NoInlining	Private, Static, HideBySig	0x1003a9084	0x947af535	0x102266558	0x102266558	mapped	0x102266558
Microsoft.Maui.Graphics	258	0x06000103	Microsoft.Maui.Graphics.GeometryUtil	SameSide	0x2050	NoInlining	Private, Static, HideBySig	0x1003a9088	0x947af544	0x102266598	0x102266598	mapped	0x102266598
Microsoft.Maui.Graphics	259	0x06000104	Microsoft.Maui.Graphics.GeometryUtil	IsLineIntersectingLine	0x2050	NoInlining	Public, Static, HideBySig	0x1003a908c	0x947af5b3	0x102266758	0x102266758	mapped	0x102266758
Microsoft.Maui.Graphics	260	0x06000105	Microsoft.Maui.Graphics.GeometryUtil	GetFactor	0x2050	NoInlining	Public, Static, HideBySig	0x1003a9090	0x947af5e3	0x10226681c	0x10226681c	mapped	0x10226681c
Microsoft.Maui.Graphics	261	0x06000106	Microsoft.Maui.Graphics.GeometryUtil	GetLinearValue	0x2050	NoInlining	Public, Static, HideBySig	0x1003a9094	0x947af5ed	0x102266848	0x102266848	mapped	0x102266848
Microsoft.Maui.Graphics	262	0x06000107	Microsoft.Maui.Graphics.GradientPaint	.ctor	0x2050	NoInlining	Public, HideBySig, SpecialName, RTSpecialName	0x1003a9098	0x947af5f0	0x102266858	0x102266858	mapped	0x102266858
Microsoft.Maui.Graphics	263	0x06000108	Microsoft.Maui.Graphics.GradientPaint	.ctor	0x2050	NoInlining	Public, HideBySig, SpecialName, RTSpecialName	0x1003a909c	0x947af63f	0x102266998	0x102266998	mapped	0x102266998
Microsoft.Maui.Graphics	264	0x06000109	Microsoft.Maui.Graphics.GradientPaint	get_GradientStops	0x2050	NoInlining	Public, HideBySig, SpecialName	0x1003a90a0	0x947af6cc	0x102266bd0	0x102266bd0	mapped	0x102266bd0
Microsoft.Maui.Graphics	265	0x0600010a	Microsoft.Maui.Graphics.GradientPaint	set_GradientStops	0x2050	NoInlining	Public, HideBySig, SpecialName	0x1003a90a4	0x947af6d4	0x102266bf4	0x102266bf4	mapped	0x102266bf4
Microsoft.Maui.Graphics	266	0x0600010b	Microsoft.Maui.Graphics.GradientPaint	get_StartColor	0x2050	NoInlining	Public, HideBySig, SpecialName	0x1003a90a8	0x947af72e	0x102266d60	0x102266d60	mapped	0x102266d60
Microsoft.Maui.Graphics	267	0x0600010c	Microsoft.Maui.Graphics.GradientPaint	set_StartColor	0x2050	NoInlining	Public, HideBySig, SpecialName	0x1003a90ac	0x947af753	0x102266df8	0x102266df8	mapped	0x102266df8
Microsoft.Maui.Graphics	268	0x0600010d	Microsoft.Maui.Graphics.GradientPaint	get_EndColor	0x2050	NoInlining	Public, HideBySig, SpecialName	0x1003a90b0	0x947af78e	0x102266ee8	0x102266ee8	mapped	0x102266ee8
Microsoft.Maui.Graphics	269	0x0600010e	Microsoft.Maui.Graphics.GradientPaint	set_EndColor	0x2050	NoInlining	Public, HideBySig, SpecialName	0x1003a90b4	0x947af7b3	0x102266f80	0x102266f80	mapped	0x102266f80
Microsoft.Maui.Graphics	270	0x0600010f	Microsoft.Maui.Graphics.GradientPaint	get_StartColorIndex	0x2050	NoInlining	Public, HideBySig, SpecialName	0x1003a90b8	0x947af7ee	0x102267070	0x102267070	mapped	0x102267070
Microsoft.Maui.Graphics	271	0x06000110	Microsoft.Maui.Graphics.GradientPaint	get_EndColorIndex	0x2050	NoInlining	Public, HideBySig, SpecialName	0x1003a90bc	0x947af82d	0x102267170	0x102267170	mapped	0x102267170
Microsoft.Maui.Graphics	272	0x06000111	Microsoft.Maui.Graphics.GradientPaint	get_IsTransparent	0x2050	NoInlining	Public, Virtual, HideBySig, SpecialName	0x1003a90c0	0x947af86e	0x102267278	0x102267278	mapped	0x102267278
Microsoft.Maui.Graphics	273	0x06000112	Microsoft.Maui.Graphics.GradientPaint	GetSortedStops	0x2050	NoInlining	Public, HideBySig	0x1003a90c4	0x947af8a0	0x102267344	0x102267344	mapped	0x102267344
Microsoft.Maui.Graphics	274	0x06000113	Microsoft.Maui.Graphics.GradientPaint	SetGradientStops	0x2050	NoInlining	Public, HideBySig	0x1003a90c8	0x947af8d4	0x102267418	0x102267418	mapped	0x102267418
Microsoft.Maui.Graphics	275	0x06000114	Microsoft.Maui.Graphics.GradientPaint	AddOffset	0x2050	NoInlining	Public, HideBySig	0x1003a90cc	0x947af949	0x1022675f0	0x1022675f0	mapped	0x1022675f0
Microsoft.Maui.Graphics	276	0x06000115	Microsoft.Maui.Graphics.GradientPaint	AddOffset	0x2050	NoInlining	Public, HideBySig	0x1003a90d0	0x947af95e	0x102267648	0x102267648	mapped	0x102267648
Microsoft.Maui.Graphics	277	0x06000116	Microsoft.Maui.Graphics.GradientPaint	RemoveOffset	0x2050	NoInlining	Public, HideBySig	0x1003a90d4	0x947af9b8	0x1022677b4	0x1022677b4	mapped	0x1022677b4
Microsoft.Maui.Graphics	278	0x06000117	Microsoft.Maui.Graphics.GradientPaint	GetColorAt	0x2050	NoInlining	Public, HideBySig	0x1003a90d8	0x947afa06	0x1022678f0	0x1022678f0	mapped	0x1022678f0
Microsoft.Maui.Graphics	279	0x06000118	Microsoft.Maui.Graphics.GradientPaint	BlendStartAndEndColors	0x2050	NoInlining	Public, HideBySig	0x1003a90dc	0x947afa8c	0x102267b0c	0x102267b0c	mapped	0x102267b0c
Microsoft.Maui.Graphics	280	0x06000119	Microsoft.Maui.Graphics.GradientPaint	BlendStartAndEndColors	0x2050	NoInlining	Public, HideBySig	0x1003a90e0	0x947afaba	0x102267bc8	0x102267bc8	mapped	0x102267bc8
Microsoft.Maui.Graphics	281	0x0600011a	Microsoft.Maui.Graphics.GradientPaint	ToString	0x2050	NoInlining	Public, Virtual, HideBySig	0x1003a90e4	0x947afb14	0x102267d34	0x102267d34	mapped	0x102267d34
Microsoft.Maui.Graphics	282	0x0600011b	Microsoft.Maui.Graphics.IBitmapExportService	CreateContext	0x0	NoInlining	Public, Virtual, HideBySig, VtableLayoutMask, Abstract	0x1003a90e8	0x97fffee6	0x1003a8c80		absent	0x1003a8c80
Microsoft.Maui.Graphics	283	0x0600011c	Microsoft.Maui.Graphics.IBlurrableCanvas	SetBlur	0x0	NoInlining	Public, Virtual, HideBySig, VtableLayoutMask, Abstract	0x1003a90ec	0x97fffee5	0x1003a8c80		absent	0x1003a8c80
Microsoft.Maui.Graphics	284	0x0600011d	Microsoft.Maui.Graphics.ICanvas	get_DisplayScale	0x0	NoInlining	Public, Virtual, HideBySig, VtableLayoutMask, Abstract, SpecialName	0x1003a90f0	0x97fffee4	0x1003a8c80		absent	0x1003a8c80
Microsoft.Maui.Graphics	285	0x0600011e	Microsoft.Maui.Graphics.ICanvas	set_DisplayScale	0x0	NoInlining	Public, Virtual, HideBySig, VtableLayoutMask, Abstract, SpecialName	0x1003a90f4	0x97fffee3	0x1003a8c80		absent	0x1003a8c80
Microsoft.Maui.Graphics	286	0x0600011f	Microsoft.Maui.Graphics.ICanvas	set_StrokeSize	0x0	NoInlining	Public, Virtual, HideBySig, VtableLayoutMask, Abstract, SpecialName	0x1003a90f8	0x97fffee2	0x1003a8c80		absent	0x1003a8c80
Microsoft.Maui.Graphics	287	0x06000120	Microsoft.Maui.Graphics.ICanvas	set_MiterLimit	0x0	NoInlining	Public, Virtual, HideBySig, VtableLayoutMask, Abstract, SpecialName	0x1003a90fc	0x97fffee1	0x1003a8c80		absent	0x1003a8c80
Microsoft.Maui.Graphics	288	0x06000121	Microsoft.Maui.Graphics.ICanvas	set_StrokeColor	0x0	NoInlining	Public, Virtual, HideBySig, VtableLayoutMask, Abstract, SpecialName	0x1003a9100	0x97fffee0	0x1003a8c80		absent	0x1003a8c80
Microsoft.Maui.Graphics	289	0x06000122	Microsoft.Maui.Graphics.ICanvas	set_StrokeLineCap	0x0	NoInlining	Public, Virtual, HideBySig, VtableLayoutMask, Abstract, SpecialName	0x1003a9104	0x97fffedf	0x1003a8c80		absent	0x1003a8c80
Microsoft.Maui.Graphics	290	0x06000123	Microsoft.Maui.Graphics.ICanvas	set_StrokeLineJoin	0x0	NoInlining	Public, Virtual, HideBySig, VtableLayoutMask, Abstract, SpecialName	0x1003a9108	0x97fffede	0x1003a8c80		absent	0x1003a8c80
Microsoft.Maui.Graphics	291	0x06000124	Microsoft.Maui.Graphics.ICanvas	set_StrokeDashPattern	0x0	NoInlining	Public, Virtual, HideBySig, VtableLayoutMask, Abstract, SpecialName	0x1003a910c	0x97fffedd	0x1003a8c80		absent	0x1003a8c80
Microsoft.Maui.Graphics	292	0x06000125	Microsoft.Maui.Graphics.ICanvas	set_StrokeDashOffset	0x0	NoInlining	Public, Virtual, HideBySig, VtableLayoutMask, Abstract, SpecialName	0x1003a9110	0x97fffedc	0x1003a8c80		absent	0x1003a8c80
Microsoft.Maui.Graphics	293	0x06000126	Microsoft.Maui.Graphics.ICanvas	set_FillColor	0x0	NoInlining	Public, Virtual, HideBySig, VtableLayoutMask, Abstract, SpecialName	0x1003a9114	0x97fffedb	0x1003a8c80		absent	0x1003a8c80
Microsoft.Maui.Graphics	294	0x06000127	Microsoft.Maui.Graphics.ICanvas	set_FontColor	0x0	NoInlining	Public, Virtual, HideBySig, VtableLayoutMask, Abstract, SpecialName	0x1003a9118	0x97fffeda	0x1003a8c80		absent	0x1003a8c80
Microsoft.Maui.Graphics	295	0x06000128	Microsoft.Maui.Graphics.ICanvas	set_Font	0x0	NoInlining	Public, Virtual, HideBySig, VtableLayoutMask, Abstract, SpecialName	0x1003a911c	0x97fffed9	0x1003a8c80		absent	0x1003a8c80
Microsoft.Maui.Graphics	296	0x06000129	Microsoft.Maui.Graphics.ICanvas	set_FontSize	0x0	NoInlining	Public, Virtual, HideBySig, VtableLayoutMask, Abstract, SpecialName	0x1003a9120	0x97fffed8	0x1003a8c80		absent	0x1003a8c80
Microsoft.Maui.Graphics	297	0x0600012a	Microsoft.Maui.Graphics.ICanvas	set_Alpha	0x0	NoInlining	Public, Virtual, HideBySig, VtableLayoutMask, Abstract, SpecialName	0x1003a9124	0x97fffed7	0x1003a8c80		absent	0x1003a8c80
Microsoft.Maui.Graphics	298	0x0600012b	Microsoft.Maui.Graphics.ICanvas	set_Antialias	0x0	NoInlining	Public, Virtual, HideBySig, VtableLayoutMask, Abstract, SpecialName	0x1003a9128	0x97fffed6	0x1003a8c80		absent	0x1003a8c80
Microsoft.Maui.Graphics	299	0x0600012c	Microsoft.Maui.Graphics.ICanvas	set_BlendMode	0x0	NoInlining	Public, Virtual, HideBySig, VtableLayoutMask, Abstract, SpecialName	0x1003a912c	0x97fffed5	0x1003a8c80		absent	0x1003a8c80
Microsoft.Maui.Graphics	300	0x0600012d	Microsoft.Maui.Graphics.ICanvas	DrawPath	0x0	NoInlining	Public, Virtual, HideBySig, VtableLayoutMask, Abstract	0x1003a9130	0x97fffed4	0x1003a8c80		absent	0x1003a8c80
Microsoft.Maui.Graphics	301	0x0600012e	Microsoft.Maui.Graphics.ICanvas	FillPath	0x0	NoInlining	Public, Virtual, HideBySig, VtableLayoutMask, Abstract	0x1003a9134	0x97fffed3	0x1003a8c80		absent	0x1003a8c80
Microsoft.Maui.Graphics	302	0x0600012f	Microsoft.Maui.Graphics.ICanvas	SubtractFromClip	0x0	NoInlining	Public, Virtual, HideBySig, VtableLayoutMask, Abstract	0x1003a9138	0x97fffed2	0x1003a8c80		absent	0x1003a8c80
Microsoft.Maui.Graphics	303	0x06000130	Microsoft.Maui.Graphics.ICanvas	ClipPath	0x0	NoInlining	Public, Virtual, HideBySig, VtableLayoutMask, Abstract	0x1003a913c	0x97fffed1	0x1003a8c80		absent	0x1003a8c80
Microsoft.Maui.Graphics	304	0x06000131	Microsoft.Maui.Graphics.ICanvas	ClipRectangle	0x0	NoInlining	Public, Virtual, HideBySig, VtableLayoutMask, Abstract	0x1003a9140	0x97fffed0	0x1003a8c80		absent	0x1003a8c80
Microsoft.Maui.Graphics	305	0x06000132	Microsoft.Maui.Graphics.ICanvas	DrawLine	0x0	NoInlining	Public, Virtual, HideBySig, VtableLayoutMask, Abstract	0x1003a9144	0x97fffecf	0x1003a8c80		absent	0x1003a8c80
Microsoft.Maui.Graphics	306	0x06000133	Microsoft.Maui.Graphics.ICanvas	DrawArc	0x0	NoInlining	Public, Virtual, HideBySig, VtableLayoutMask, Abstract	0x1003a9148	0x97fffece	0x1003a8c80		absent	0x1003a8c80
Microsoft.Maui.Graphics	307	0x06000134	Microsoft.Maui.Graphics.ICanvas	FillArc	0x0	NoInlining	Public, Virtual, HideBySig, VtableLayoutMask, Abstract	0x1003a914c	0x97fffecd	0x1003a8c80		absent	0x1003a8c80
Microsoft.Maui.Graphics	308	0x06000135	Microsoft.Maui.Graphics.ICanvas	DrawRectangle	0x0	NoInlining	Public, Virtual, HideBySig, VtableLayoutMask, Abstract	0x1003a9150	0x97fffecc	0x1003a8c80		absent	0x1003a8c80
Microsoft.Maui.Graphics	309	0x06000136	Microsoft.Maui.Graphics.ICanvas	FillRectangle	0x0	NoInlining	Public, Virtual, HideBySig, VtableLayoutMask, Abstract	0x1003a9154	0x97fffecb	0x1003a8c80		absent	0x1003a8c80
Microsoft.Maui.Graphics	310	0x06000137	Microsoft.Maui.Graphics.ICanvas	DrawRoundedRectangle	0x0	NoInlining	Public, Virtual, HideBySig, VtableLayoutMask, Abstract	0x1003a9158	0x97fffeca	0x1003a8c80		absent	0x1003a8c80
Microsoft.Maui.Graphics	311	0x06000138	Microsoft.Maui.Graphics.ICanvas	FillRoundedRectangle	0x0	NoInlining	Public, Virtual, HideBySig, VtableLayoutMask, Abstract	0x1003a915c	0x97fffec9	0x1003a8c80		absent	0x1003a8c80
Microsoft.Maui.Graphics	312	0x06000139	Microsoft.Maui.Graphics.ICanvas	DrawEllipse	0x0	NoInlining	Public, Virtual, HideBySig, VtableLayoutMask, Abstract	0x1003a9160	0x97fffec8	0x1003a8c80		absent	0x1003a8c80
Microsoft.Maui.Graphics	313	0x0600013a	Microsoft.Maui.Graphics.ICanvas	FillEllipse	0x0	NoInlining	Public, Virtual, HideBySig, VtableLayoutMask, Abstract	0x1003a9164	0x97fffec7	0x1003a8c80		absent	0x1003a8c80
Microsoft.Maui.Graphics	314	0x0600013b	Microsoft.Maui.Graphics.ICanvas	DrawString	0x0	NoInlining	Public, Virtual, HideBySig, VtableLayoutMask, Abstract	0x1003a9168	0x97fffec6	0x1003a8c80		absent	0x1003a8c80
Microsoft.Maui.Graphics	315	0x0600013c	Microsoft.Maui.Graphics.ICanvas	DrawString	0x0	NoInlining	Public, Virtual, HideBySig, VtableLayoutMask, Abstract	0x1003a916c	0x97fffec5	0x1003a8c80		absent	0x1003a8c80
Microsoft.Maui.Graphics	316	0x0600013d	Microsoft.Maui.Graphics.ICanvas	DrawText	0x0	NoInlining	Public, Virtual, HideBySig, VtableLayoutMask, Abstract	0x1003a9170	0x97fffec4	0x1003a8c80		absent	0x1003a8c80
Microsoft.Maui.Graphics	317	0x0600013e	Microsoft.Maui.Graphics.ICanvas	Rotate	0x0	NoInlining	Public, Virtual, HideBySig, VtableLayoutMask, Abstract	0x1003a9174	0x97fffec3	0x1003a8c80		absent	0x1003a8c80
Microsoft.Maui.Graphics	318	0x0600013f	Microsoft.Maui.Graphics.ICanvas	Rotate	0x0	NoInlining	Public, Virtual, HideBySig, VtableLayoutMask, Abstract	0x1003a9178	0x97fffec2	0x1003a8c80		absent	0x1003a8c80
Microsoft.Maui.Graphics	319	0x06000140	Microsoft.Maui.Graphics.ICanvas	Scale	0x0	NoInlining	Public, Virtual, HideBySig, VtableLayoutMask, Abstract	0x1003a917c	0x97fffec1	0x1003a8c80		absent	0x1003a8c80
Microsoft.Maui.Graphics	320	0x06000141	Microsoft.Maui.Graphics.ICanvas	Translate	0x0	NoInlining	Public, Virtual, HideBySig, VtableLayoutMask, Abstract	0x1003a9180	0x97fffec0	0x1003a8c80		absent	0x1003a8c80
Microsoft.Maui.Graphics	321	0x06000142	Microsoft.Maui.Graphics.ICanvas	ConcatenateTransform	0x0	NoInlining	Public, Virtual, HideBySig, VtableLayoutMask, Abstract	0x1003a9184	0x97fffebf	0x1003a8c80		absent	0x1003a8c80
Microsoft.Maui.Graphics	322	0x06000143	Microsoft.Maui.Graphics.ICanvas	SaveState	0x0	NoInlining	Public, Virtual, HideBySig, VtableLayoutMask, Abstract	0x1003a9188	0x97fffebe	0x1003a8c80		absent	0x1003a8c80
Microsoft.Maui.Graphics	323	0x06000144	Microsoft.Maui.Graphics.ICanvas	RestoreState	0x0	NoInlining	Public, Virtual, HideBySig, VtableLayoutMask, Abstract	0x1003a918c	0x97fffebd	0x1003a8c80		absent	0x1003a8c80
Microsoft.Maui.Graphics	324	0x06000145	Microsoft.Maui.Graphics.ICanvas	ResetState	0x0	NoInlining	Public, Virtual, HideBySig, VtableLayoutMask, Abstract	0x1003a9190	0x97fffebc	0x1003a8c80		absent	0x1003a8c80
Microsoft.Maui.Graphics	325	0x06000146	Microsoft.Maui.Graphics.ICanvas	SetShadow	0x0	NoInlining	Public, Virtual, HideBySig, VtableLayoutMask, Abstract	0x1003a9194	0x97fffebb	0x1003a8c80		absent	0x1003a8c80
Microsoft.Maui.Graphics	326	0x06000147	Microsoft.Maui.Graphics.ICanvas	SetFillPaint	0x0	NoInlining	Public, Virtual, HideBySig, VtableLayoutMask, Abstract	0x1003a9198	0x97fffeba	0x1003a8c80		absent	0x1003a8c80
Microsoft.Maui.Graphics	327	0x06000148	Microsoft.Maui.Graphics.ICanvas	DrawImage	0x0	NoInlining	Public, Virtual, HideBySig, VtableLayoutMask, Abstract	0x1003a919c	0x97fffeb9	0x1003a8c80		absent	0x1003a8c80
Microsoft.Maui.Graphics	328	0x06000149	Microsoft.Maui.Graphics.ICanvas	GetStringSize	0x0	NoInlining	Public, Virtual, HideBySig, VtableLayoutMask, Abstract	0x1003a91a0	0x97fffeb8	0x1003a8c80		absent	0x1003a8c80
Microsoft.Maui.Graphics	329	0x0600014a	Microsoft.Maui.Graphics.ICanvas	GetStringSize	0x0	NoInlining	Public, Virtual, HideBySig, VtableLayoutMask, Abstract	0x1003a91a4	0x97fffeb7	0x1003a8c80		absent	0x1003a8c80
Microsoft.Maui.Graphics	330	0x0600014b	Microsoft.Maui.Graphics.ICanvasStateService`1	CreateNew	0x0	NoInlining	Public, Virtual, HideBySig, VtableLayoutMask, Abstract	0x1003a91a8	0x97fffeb6	0x1003a8c80		absent	0x1003a8c80
Microsoft.Maui.Graphics	331	0x0600014c	Microsoft.Maui.Graphics.ICanvasStateService`1	CreateCopy	0x0	NoInlining	Public, Virtual, HideBySig, VtableLayoutMask, Abstract	0x1003a91ac	0x97fffeb5	0x1003a8c80		absent	0x1003a8c80
Microsoft.Maui.Graphics	332	0x0600014d	Microsoft.Maui.Graphics.IDrawable	Draw	0x0	NoInlining	Public, Virtual, HideBySig, VtableLayoutMask, Abstract	0x1003a91b0	0x97fffeb4	0x1003a8c80		absent	0x1003a8c80
Microsoft.Maui.Graphics	333	0x0600014e	Microsoft.Maui.Graphics.IFont	get_Name	0x0	NoInlining	Public, Virtual, HideBySig, VtableLayoutMask, Abstract, SpecialName	0x1003a91b4	0x97fffeb3	0x1003a8c80		absent	0x1003a8c80
Microsoft.Maui.Graphics	334	0x0600014f	Microsoft.Maui.Graphics.IFont	get_Weight	0x0	NoInlining	Public, Virtual, HideBySig, VtableLayoutMask, Abstract, SpecialName	0x1003a91b8	0x97fffeb2	0x1003a8c80		absent	0x1003a8c80
Microsoft.Maui.Graphics	335	0x06000150	Microsoft.Maui.Graphics.IFont	get_StyleType	0x0	NoInlining	Public, Virtual, HideBySig, VtableLayoutMask, Abstract, SpecialName	0x1003a91bc	0x97fffeb1	0x1003a8c80		absent	0x1003a8c80
Microsoft.Maui.Graphics	336	0x06000151	Microsoft.Maui.Graphics.IFontExtensions	GetSvgWeight	0x2050	NoInlining	Public, Static, HideBySig	0x1003a91c0	0x947afb96	0x102268018	0x102268018	mapped	0x102268018
Microsoft.Maui.Graphics	337	0x06000152	Microsoft.Maui.Graphics.IFontExtensions	GetSvgStyle	0x2050	NoInlining	Public, Static, HideBySig	0x1003a91c4	0x947afbd1	0x102268108	0x102268108	mapped	0x102268108
Microsoft.Maui.Graphics	338	0x06000153	Microsoft.Maui.Graphics.IImage	get_Width	0x0	NoInlining	Public, Virtual, HideBySig, VtableLayoutMask, Abstract, SpecialName	0x1003a91c8	0x97fffeae	0x1003a8c80		absent	0x1003a8c80
Microsoft.Maui.Graphics	339	0x06000154	Microsoft.Maui.Graphics.IImage	get_Height	0x0	NoInlining	Public, Virtual, HideBySig, VtableLayoutMask, Abstract, SpecialName	0x1003a91cc	0x97fffead	0x1003a8c80		absent	0x1003a8c80
Microsoft.Maui.Graphics	340	0x06000155	Microsoft.Maui.Graphics.IImage	Downsize	0x0	NoInlining	Public, Virtual, HideBySig, VtableLayoutMask, Abstract	0x1003a91d0	0x97fffeac	0x1003a8c80		absent	0x1003a8c80
Microsoft.Maui.Graphics	341	0x06000156	Microsoft.Maui.Graphics.IImage	Downsize	0x0	NoInlining	Public, Virtual, HideBySig, VtableLayoutMask, Abstract	0x1003a91d4	0x97fffeab	0x1003a8c80		absent	0x1003a8c80
Microsoft.Maui.Graphics	342	0x06000157	Microsoft.Maui.Graphics.IImage	Resize	0x0	NoInlining	Public, Virtual, HideBySig, VtableLayoutMask, Abstract	0x1003a91d8	0x97fffeaa	0x1003a8c80		absent	0x1003a8c80
Microsoft.Maui.Graphics	343	0x06000158	Microsoft.Maui.Graphics.IImage	Save	0x0	NoInlining	Public, Virtual, HideBySig, VtableLayoutMask, Abstract	0x1003a91dc	0x97fffea9	0x1003a8c80		absent	0x1003a8c80
Microsoft.Maui.Graphics	344	0x06000159	Microsoft.Maui.Graphics.IImage	SaveAsync	0x0	NoInlining	Public, Virtual, HideBySig, VtableLayoutMask, Abstract	0x1003a91e0	0x97fffea8	0x1003a8c80		absent	0x1003a8c80
Microsoft.Maui.Graphics	345	0x0600015a	Microsoft.Maui.Graphics.IImage	ToPlatformImage	0x0	NoInlining	Public, Virtual, HideBySig, VtableLayoutMask, Abstract	0x1003a91e4	0x97fffea7	0x1003a8c80		absent	0x1003a8c80
Microsoft.Maui.Graphics	346	0x0600015b	Microsoft.Maui.Graphics.IImageLoadingService	FromStream	0x0	NoInlining	Public, Virtual, HideBySig, VtableLayoutMask, Abstract	0x1003a91e8	0x97fffea6	0x1003a8c80		absent	0x1003a8c80
Microsoft.Maui.Graphics	347	0x0600015c	Microsoft.Maui.Graphics.ImageExtensions	AsBytes	0x2050	NoInlining	Public, Static, HideBySig	0x1003a91ec	0x947afbf8	0x1022681cc	0x1022681cc	mapped	0x1022681cc
Microsoft.Maui.Graphics	348	0x0600015d	Microsoft.Maui.Graphics.ImageExtensions	AsStream	0x2050	NoInlining	Public, Static, HideBySig	0x1003a91f0	0x947afc4e	0x102268328	0x102268328	mapped	0x102268328
Microsoft.Maui.Graphics	349	0x0600015e	Microsoft.Maui.Graphics.ImageExtensions	AsBytesAsync	0x2050	NoInlining	Public, Static, HideBySig	0x1003a91f4	0x947afc80	0x1022683f4	0x1022683f4	mapped	0x1022683f4
Microsoft.Maui.Graphics	350	0x0600015f	Microsoft.Maui.Graphics.ImageExtensions	AsBase64	0x2050	NoInlining	Public, Static, HideBySig	0x1003a91f8	0x947afcbe	0x1022684f0	0x1022684f0	mapped	0x1022684f0
Microsoft.Maui.Graphics	351	0x06000160	Microsoft.Maui.Graphics.ImageExtensions	AsPaint	0x2050	NoInlining	Public, Static, HideBySig	0x1003a91fc	0x947afcd5	0x102268550	0x102268550	mapped	0x102268550
Microsoft.Maui.Graphics	352	0x06000161	Microsoft.Maui.Graphics.ImageExtensions	SetFillImage	0x2050	NoInlining	Public, Static, HideBySig	0x1003a9200	0x947afcfa	0x1022685e8	0x1022685e8	mapped	0x1022685e8
Microsoft.Maui.Graphics	353	0x06000162	Microsoft.Maui.Graphics.ImageLoadingServiceExtensions	FromBytes	0x2050	NoInlining	Public, Static, HideBySig	0x1003a9204	0x947afd35	0x1022686d8	0x1022686d8	mapped	0x1022686d8
Microsoft.Maui.Graphics	354	0x06000163	Microsoft.Maui.Graphics.ImagePaint	get_Image	0x2050	NoInlining	Public, HideBySig, SpecialName	0x1003a9208	0x947afd82	0x102268810	0x102268810	mapped	0x102268810
Microsoft.Maui.Graphics	355	0x06000164	Microsoft.Maui.Graphics.ImagePaint	set_Image	0x2050	NoInlining	Public, HideBySig, SpecialName	0x1003a920c	0x947afd8a	0x102268834	0x102268834	mapped	0x102268834
Microsoft.Maui.Graphics	356	0x06000165	Microsoft.Maui.Graphics.ImagePaint	get_IsTransparent	0x2050	NoInlining	Public, Virtual, HideBySig, SpecialName	0x1003a9210	0x947afd99	0x102268874	0x102268874	mapped	0x102268874
Microsoft.Maui.Graphics	357	0x06000166	Microsoft.Maui.Graphics.ImagePaint	.ctor	0x2050	NoInlining	Public, HideBySig, SpecialName, RTSpecialName	0x1003a9214	0x947afd9a	0x10226887c	0x10226887c	mapped	0x10226887c
Microsoft.Maui.Graphics	358	0x06000167	Microsoft.Maui.Graphics.Insets	.ctor	0x2050	NoInlining	Public, HideBySig, SpecialName, RTSpecialName	0x1003a9218	0x947afd9a	0x102268880	0x102268880	mapped	0x102268880
Microsoft.Maui.Graphics	359	0x06000168	Microsoft.Maui.Graphics.Insets	.ctor	0x2050	NoInlining	Public, HideBySig, SpecialName, RTSpecialName	0x1003a921c	0x947afda5	0x1022688b0	0x1022688b0	mapped	0x1022688b0
Microsoft.Maui.Graphics	360	0x06000169	Microsoft.Maui.Graphics.Insets	get_Top	0x2050	NoInlining	Public, HideBySig, SpecialName	0x1003a9220	0x947afdbb	0x10226890c	0x10226890c	mapped	0x10226890c
Microsoft.Maui.Graphics	361	0x0600016a	Microsoft.Maui.Graphics.Insets	set_Top	0x2050	NoInlining	Public, HideBySig, SpecialName	0x1003a9224	0x947afdc3	0x102268930	0x102268930	mapped	0x102268930
Microsoft.Maui.Graphics	362	0x0600016b	Microsoft.Maui.Graphics.Insets	get_Left	0x2050	NoInlining	Public, HideBySig, SpecialName	0x1003a9228	0x947afdcb	0x102268954	0x102268954	mapped	0x102268954
Microsoft.Maui.Graphics	363	0x0600016c	Microsoft.Maui.Graphics.Insets	set_Left	0x2050	NoInlining	Public, HideBySig, SpecialName	0x1003a922c	0x947afdd3	0x102268978	0x102268978	mapped	0x102268978
Microsoft.Maui.Graphics	364	0x0600016d	Microsoft.Maui.Graphics.Insets	get_Bottom	0x2050	NoInlining	Public, HideBySig, SpecialName	0x1003a9230	0x947afddb	0x10226899c	0x10226899c	mapped	0x10226899c
Microsoft.Maui.Graphics	365	0x0600016e	Microsoft.Maui.Graphics.Insets	set_Bottom	0x2050	NoInlining	Public, HideBySig, SpecialName	0x1003a9234	0x947afde3	0x1022689c0	0x1022689c0	mapped	0x1022689c0
Microsoft.Maui.Graphics	366	0x0600016f	Microsoft.Maui.Graphics.Insets	get_Right	0x2050	NoInlining	Public, HideBySig, SpecialName	0x1003a9238	0x947afdeb	0x1022689e4	0x1022689e4	mapped	0x1022689e4
Microsoft.Maui.Graphics	367	0x06000170	Microsoft.Maui.Graphics.Insets	set_Right	0x2050	NoInlining	Public, HideBySig, SpecialName	0x1003a923c	0x947afdf3	0x102268a08	0x102268a08	mapped	0x102268a08
Microsoft.Maui.Graphics	368	0x06000171	Microsoft.Maui.Graphics.Insets	get_Horizontal	0x2050	NoInlining	Public, HideBySig, SpecialName	0x1003a9240	0x947afdfb	0x102268a2c	0x102268a2c	mapped	0x102268a2c
Microsoft.Maui.Graphics	369	0x06000172	Microsoft.Maui.Graphics.Insets	get_Vertical	0x2050	NoInlining	Public, HideBySig, SpecialName	0x1003a9244	0x947afe05	0x102268a58	0x102268a58	mapped	0x102268a58
Microsoft.Maui.Graphics	370	0x06000173	Microsoft.Maui.Graphics.Insets	AllValuesAreEqualTo	0x2050	NoInlining	Public, HideBySig	0x1003a9248	0x947afe0f	0x102268a84	0x102268a84	mapped	0x102268a84
Microsoft.Maui.Graphics	371	0x06000174	Microsoft.Maui.Graphics.Insets	Equals	0x2050	NoInlining	Public, Virtual, HideBySig	0x1003a924c	0x947afe2b	0x102268af8	0x102268af8	mapped	0x102268af8
Microsoft.Maui.Graphics	372	0x06000175	Microsoft.Maui.Graphics.Insets	GetHashCode	0x2050	NoInlining	Public, Virtual, HideBySig	0x1003a9250	0x947afe64	0x102268be0	0x102268be0	mapped	0x102268be0
Microsoft.Maui.Graphics	373	0x06000176	Microsoft.Maui.Graphics.Insets	ToParsableString	0x2050	NoInlining	Public, HideBySig	0x1003a9254	0x947afe75	0x102268c28	0x102268c28	mapped	0x102268c28
Microsoft.Maui.Graphics	374	0x06000177	Microsoft.Maui.Graphics.Insets	ToString	0x2050	NoInlining	Public, Virtual, HideBySig	0x1003a9258	0x947afee0	0x102268dd8	0x102268dd8	mapped	0x102268dd8
Microsoft.Maui.Graphics	375	0x06000178	Microsoft.Maui.Graphics.Insets	Parse	0x2050	NoInlining	Public, Static, HideBySig	0x1003a925c	0x947affbb	0x102269148	0x102269148	mapped	0x102269148
Microsoft.Maui.Graphics	376	0x06000179	Microsoft.Maui.Graphics.InsetsF	.ctor	0x2050	NoInlining	Public, HideBySig, SpecialName, RTSpecialName	0x1003a9260	0x947b003a	0x102269348	0x102269348	mapped	0x102269348
Microsoft.Maui.Graphics	377	0x0600017a	Microsoft.Maui.Graphics.InsetsF	.ctor	0x2050	NoInlining	Public, HideBySig, SpecialName, RTSpecialName	0x1003a9264	0x947b0045	0x102269378	0x102269378	mapped	0x102269378
Microsoft.Maui.Graphics	378	0x0600017b	Microsoft.Maui.Graphics.InsetsF	get_Top	0x2050	NoInlining	Public, HideBySig, SpecialName	0x1003a9268	0x947b005b	0x1022693d4	0x1022693d4	mapped	0x1022693d4
Microsoft.Maui.Graphics	379	0x0600017c	Microsoft.Maui.Graphics.InsetsF	set_Top	0x2050	NoInlining	Public, HideBySig, SpecialName	0x1003a926c	0x947b0063	0x1022693f8	0x1022693f8	mapped	0x1022693f8
Microsoft.Maui.Graphics	380	0x0600017d	Microsoft.Maui.Graphics.InsetsF	get_Left	0x2050	NoInlining	Public, HideBySig, SpecialName	0x1003a9270	0x947b006b	0x10226941c	0x10226941c	mapped	0x10226941c
Microsoft.Maui.Graphics	381	0x0600017e	Microsoft.Maui.Graphics.InsetsF	set_Left	0x2050	NoInlining	Public, HideBySig, SpecialName	0x1003a9274	0x947b0073	0x102269440	0x102269440	mapped	0x102269440
Microsoft.Maui.Graphics	382	0x0600017f	Microsoft.Maui.Graphics.InsetsF	get_Bottom	0x2050	NoInlining	Public, HideBySig, SpecialName	0x1003a9278	0x947b007b	0x102269464	0x102269464	mapped	0x102269464
Microsoft.Maui.Graphics	383	0x06000180	Microsoft.Maui.Graphics.InsetsF	set_Bottom	0x2050	NoInlining	Public, HideBySig, SpecialName	0x1003a927c	0x947b0083	0x102269488	0x102269488	mapped	0x102269488
Microsoft.Maui.Graphics	384	0x06000181	Microsoft.Maui.Graphics.InsetsF	get_Right	0x2050	NoInlining	Public, HideBySig, SpecialName	0x1003a9280	0x947b008b	0x1022694ac	0x1022694ac	mapped	0x1022694ac
Microsoft.Maui.Graphics	385	0x06000182	Microsoft.Maui.Graphics.InsetsF	set_Right	0x2050	NoInlining	Public, HideBySig, SpecialName	0x1003a9284	0x947b0093	0x1022694d0	0x1022694d0	mapped	0x1022694d0
Microsoft.Maui.Graphics	386	0x06000183	Microsoft.Maui.Graphics.InsetsF	get_Horizontal	0x2050	NoInlining	Public, HideBySig, SpecialName	0x1003a9288	0x947b009b	0x1022694f4	0x1022694f4	mapped	0x1022694f4
Microsoft.Maui.Graphics	387	0x06000184	Microsoft.Maui.Graphics.InsetsF	get_Vertical	0x2050	NoInlining	Public, HideBySig, SpecialName	0x1003a928c	0x947b00a5	0x102269520	0x102269520	mapped	0x102269520
Microsoft.Maui.Graphics	388	0x06000185	Microsoft.Maui.Graphics.InsetsF	AllValuesAreEqualTo	0x2050	NoInlining	Public, HideBySig	0x1003a9290	0x947b00af	0x10226954c	0x10226954c	mapped	0x10226954c
Microsoft.Maui.Graphics	389	0x06000186	Microsoft.Maui.Graphics.InsetsF	Equals	0x2050	NoInlining	Public, Virtual, HideBySig	0x1003a9294	0x947b00cf	0x1022695d0	0x1022695d0	mapped	0x1022695d0
Microsoft.Maui.Graphics	390	0x06000187	Microsoft.Maui.Graphics.InsetsF	GetHashCode	0x2050	NoInlining	Public, Virtual, HideBySig	0x1003a9298	0x947b010c	0x1022696c8	0x1022696c8	mapped	0x1022696c8
Microsoft.Maui.Graphics	391	0x06000188	Microsoft.Maui.Graphics.InsetsF	ToParsableString	0x2050	NoInlining	Public, HideBySig	0x1003a929c	0x947b011d	0x102269710	0x102269710	mapped	0x102269710
Microsoft.Maui.Graphics	392	0x06000189	Microsoft.Maui.Graphics.InsetsF	ToString	0x2050	NoInlining	Public, Virtual, HideBySig	0x1003a92a0	0x947b0188	0x1022698c0	0x1022698c0	mapped	0x1022698c0
Microsoft.Maui.Graphics	393	0x0600018a	Microsoft.Maui.Graphics.InsetsF	Parse	0x2050	NoInlining	Public, Static, HideBySig	0x1003a92a4	0x947b0263	0x102269c30	0x102269c30	mapped	0x102269c30
Microsoft.Maui.Graphics	394	0x0600018b	Microsoft.Maui.Graphics.InvariantExtensions	ToInvariantString	0x2050	NoInlining	Public, Static, HideBySig	0x1003a92a8	0x947b02e1	0x102269e2c	0x102269e2c	mapped	0x102269e2c
Microsoft.Maui.Graphics	395	0x0600018c	Microsoft.Maui.Graphics.InvariantExtensions	ToInvariantString	0x2050	NoInlining	Public, Static, HideBySig	0x1003a92ac	0x947b02ee	0x102269e64	0x102269e64	mapped	0x102269e64
Microsoft.Maui.Graphics	396	0x0600018d	Microsoft.Maui.Graphics.InvariantExtensions	EqualsIgnoresCase	0x2050	NoInlining	Public, Static, HideBySig	0x1003a92b0	0x947b030f	0x102269eec	0x102269eec	mapped	0x102269eec
Microsoft.Maui.Graphics	397	0x0600018e	Microsoft.Maui.Graphics.IPattern	get_Width	0x0	NoInlining	Public, Virtual, HideBySig, VtableLayoutMask, Abstract, SpecialName	0x1003a92b4	0x97fffe73	0x1003a8c80		absent	0x1003a8c80
Microsoft.Maui.Graphics	398	0x0600018f	Microsoft.Maui.Graphics.IPattern	get_Height	0x0	NoInlining	Public, Virtual, HideBySig, VtableLayoutMask, Abstract, SpecialName	0x1003a92b8	0x97fffe72	0x1003a8c80		absent	0x1003a8c80
Microsoft.Maui.Graphics	399	0x06000190	Microsoft.Maui.Graphics.IPattern	get_StepX	0x0	NoInlining	Public, Virtual, HideBySig, VtableLayoutMask, Abstract, SpecialName	0x1003a92bc	0x97fffe71	0x1003a8c80		absent	0x1003a8c80
Microsoft.Maui.Graphics	400	0x06000191	Microsoft.Maui.Graphics.IPattern	get_StepY	0x0	NoInlining	Public, Virtual, HideBySig, VtableLayoutMask, Abstract, SpecialName	0x1003a92c0	0x97fffe70	0x1003a8c80		absent	0x1003a8c80
Microsoft.Maui.Graphics	401	0x06000192	Microsoft.Maui.Graphics.IPattern	Draw	0x0	NoInlining	Public, Virtual, HideBySig, VtableLayoutMask, Abstract	0x1003a92c4	0x97fffe6f	0x1003a8c80		absent	0x1003a8c80
Microsoft.Maui.Graphics	402	0x06000193	Microsoft.Maui.Graphics.IPdfExportService	CreateContext	0x0	NoInlining	Public, Virtual, HideBySig, VtableLayoutMask, Abstract	0x1003a92c8	0x97fffe6e	0x1003a8c80		absent	0x1003a8c80
Microsoft.Maui.Graphics	403	0x06000194	Microsoft.Maui.Graphics.IPdfPage	get_Width	0x0	NoInlining	Public, Virtual, HideBySig, VtableLayoutMask, Abstract, SpecialName	0x1003a92cc	0x97fffe6d	0x1003a8c80		absent	0x1003a8c80
Microsoft.Maui.Graphics	404	0x06000195	Microsoft.Maui.Graphics.IPdfPage	get_Height	0x0	NoInlining	Public, Virtual, HideBySig, VtableLayoutMask, Abstract, SpecialName	0x1003a92d0	0x97fffe6c	0x1003a8c80		absent	0x1003a8c80
Microsoft.Maui.Graphics	405	0x06000196	Microsoft.Maui.Graphics.IPdfPage	get_PageNumber	0x0	NoInlining	Public, Virtual, HideBySig, VtableLayoutMask, Abstract, SpecialName	0x1003a92d4	0x97fffe6b	0x1003a8c80		absent	0x1003a8c80
Microsoft.Maui.Graphics	406	0x06000197	Microsoft.Maui.Graphics.IPdfPage	Save	0x0	NoInlining	Public, Virtual, HideBySig, VtableLayoutMask, Abstract	0x1003a92d8	0x97fffe6a	0x1003a8c80		absent	0x1003a8c80
Microsoft.Maui.Graphics	407	0x06000198	Microsoft.Maui.Graphics.IPdfPage	SaveAsync	0x0	NoInlining	Public, Virtual, HideBySig, VtableLayoutMask, Abstract	0x1003a92dc	0x97fffe69	0x1003a8c80		absent	0x1003a8c80
Microsoft.Maui.Graphics	408	0x06000199	Microsoft.Maui.Graphics.IPdfRenderService	CreatePage	0x0	NoInlining	Public, Virtual, HideBySig, VtableLayoutMask, Abstract	0x1003a92e0	0x97fffe68	0x1003a8c80		absent	0x1003a8c80
Microsoft.Maui.Graphics	409	0x0600019a	Microsoft.Maui.Graphics.IPicture	Draw	0x0	NoInlining	Public, Virtual, HideBySig, VtableLayoutMask, Abstract	0x1003a92e4	0x97fffe67	0x1003a8c80		absent	0x1003a8c80
Microsoft.Maui.Graphics	410	0x0600019b	Microsoft.Maui.Graphics.IPicture	get_X	0x0	NoInlining	Public, Virtual, HideBySig, VtableLayoutMask, Abstract, SpecialName	0x1003a92e8	0x97fffe66	0x1003a8c80		absent	0x1003a8c80
Microsoft.Maui.Graphics	411	0x0600019c	Microsoft.Maui.Graphics.IPicture	get_Y	0x0	NoInlining	Public, Virtual, HideBySig, VtableLayoutMask, Abstract, SpecialName	0x1003a92ec	0x97fffe65	0x1003a8c80		absent	0x1003a8c80
Microsoft.Maui.Graphics	412	0x0600019d	Microsoft.Maui.Graphics.IPicture	get_Width	0x0	NoInlining	Public, Virtual, HideBySig, VtableLayoutMask, Abstract, SpecialName	0x1003a92f0	0x97fffe64	0x1003a8c80		absent	0x1003a8c80
Microsoft.Maui.Graphics	413	0x0600019e	Microsoft.Maui.Graphics.IPicture	get_Height	0x0	NoInlining	Public, Virtual, HideBySig, VtableLayoutMask, Abstract, SpecialName	0x1003a92f4	0x97fffe63	0x1003a8c80		absent	0x1003a8c80
Microsoft.Maui.Graphics	414	0x0600019f	Microsoft.Maui.Graphics.IPictureWriter	Save	0x0	NoInlining	Public, Virtual, HideBySig, VtableLayoutMask, Abstract	0x1003a92f8	0x97fffe62	0x1003a8c80		absent	0x1003a8c80
Microsoft.Maui.Graphics	415	0x060001a0	Microsoft.Maui.Graphics.IPictureWriter	SaveAsync	0x0	NoInlining	Public, Virtual, HideBySig, VtableLayoutMask, Abstract	0x1003a92fc	0x97fffe61	0x1003a8c80		absent	0x1003a8c80
Microsoft.Maui.Graphics	416	0x060001a1	Microsoft.Maui.Graphics.IPlatformFonts	get_Default	0x0	NoInlining	Public, Virtual, HideBySig, VtableLayoutMask, Abstract, SpecialName	0x1003a9300	0x97fffe60	0x1003a8c80		absent	0x1003a8c80
Microsoft.Maui.Graphics	417	0x060001a2	Microsoft.Maui.Graphics.IPlatformFonts	get_DefaultBold	0x0	NoInlining	Public, Virtual, HideBySig, VtableLayoutMask, Abstract, SpecialName	0x1003a9304	0x97fffe5f	0x1003a8c80		absent	0x1003a8c80
Microsoft.Maui.Graphics	418	0x060001a3	Microsoft.Maui.Graphics.IPlatformFonts	Register	0x0	NoInlining	Public, Virtual, HideBySig, VtableLayoutMask, Abstract	0x1003a9308	0x97fffe5e	0x1003a8c80		absent	0x1003a8c80
Microsoft.Maui.Graphics	419	0x060001a4	Microsoft.Maui.Graphics.IPlatformFonts	Get	0x0	NoInlining	Public, Virtual, HideBySig, VtableLayoutMask, Abstract	0x1003a930c	0x97fffe5d	0x1003a8c80		absent	0x1003a8c80
Microsoft.Maui.Graphics	420	0x060001a5	Microsoft.Maui.Graphics.IPlatformFonts	Get	0x0	NoInlining	Public, Virtual, HideBySig, VtableLayoutMask, Abstract	0x1003a9310	0x97fffe5c	0x1003a8c80		absent	0x1003a8c80
Microsoft.Maui.Graphics	421	0x060001a6	Microsoft.Maui.Graphics.IStringSizeService	GetStringSize	0x0	NoInlining	Public, Virtual, HideBySig, VtableLayoutMask, Abstract	0x1003a9314	0x97fffe5b	0x1003a8c80		absent	0x1003a8c80
Microsoft.Maui.Graphics	422	0x060001a7	Microsoft.Maui.Graphics.IStringSizeService	GetStringSize	0x0	NoInlining	Public, Virtual, HideBySig, VtableLayoutMask, Abstract	0x1003a9318	0x97fffe5a	0x1003a8c80		absent	0x1003a8c80
Microsoft.Maui.Graphics	423	0x060001a8	Microsoft.Maui.Graphics.ITextAttributes	get_Font	0x0	NoInlining	Public, Virtual, HideBySig, VtableLayoutMask, Abstract, SpecialName	0x1003a931c	0x97fffe59	0x1003a8c80		absent	0x1003a8c80
Microsoft.Maui.Graphics	424	0x060001a9	Microsoft.Maui.Graphics.ITextAttributes	set_Font	0x0	NoInlining	Public, Virtual, HideBySig, VtableLayoutMask, Abstract, SpecialName	0x1003a9320	0x97fffe58	0x1003a8c80		absent	0x1003a8c80
Microsoft.Maui.Graphics	425	0x060001aa	Microsoft.Maui.Graphics.ITextAttributes	get_FontSize	0x0	NoInlining	Public, Virtual, HideBySig, VtableLayoutMask, Abstract, SpecialName	0x1003a9324	0x97fffe57	0x1003a8c80		absent	0x1003a8c80
Microsoft.Maui.Graphics	426	0x060001ab	Microsoft.Maui.Graphics.ITextAttributes	set_FontSize	0x0	NoInlining	Public, Virtual, HideBySig, VtableLayoutMask, Abstract, SpecialName	0x1003a9328	0x97fffe56	0x1003a8c80		absent	0x1003a8c80
Microsoft.Maui.Graphics	427	0x060001ac	Microsoft.Maui.Graphics.ITextAttributes	get_Margin	0x0	NoInlining	Public, Virtual, HideBySig, VtableLayoutMask, Abstract, SpecialName	0x1003a932c	0x97fffe55	0x1003a8c80		absent	0x1003a8c80
Microsoft.Maui.Graphics	428	0x060001ad	Microsoft.Maui.Graphics.ITextAttributes	set_Margin	0x0	NoInlining	Public, Virtual, HideBySig, VtableLayoutMask, Abstract, SpecialName	0x1003a9330	0x97fffe54	0x1003a8c80		absent	0x1003a8c80
Microsoft.Maui.Graphics	429	0x060001ae	Microsoft.Maui.Graphics.ITextAttributes	get_TextFontColor	0x0	NoInlining	Public, Virtual, HideBySig, VtableLayoutMask, Abstract, SpecialName	0x1003a9334	0x97fffe53	0x1003a8c80		absent	0x1003a8c80
Microsoft.Maui.Graphics	430	0x060001af	Microsoft.Maui.Graphics.ITextAttributes	set_TextFontColor	0x0	NoInlining	Public, Virtual, HideBySig, VtableLayoutMask, Abstract, SpecialName	0x1003a9338	0x97fffe52	0x1003a8c80		absent	0x1003a8c80
Microsoft.Maui.Graphics	431	0x060001b0	Microsoft.Maui.Graphics.ITextAttributes	get_HorizontalAlignment	0x0	NoInlining	Public, Virtual, HideBySig, VtableLayoutMask, Abstract, SpecialName	0x1003a933c	0x97fffe51	0x1003a8c80		absent	0x1003a8c80
Microsoft.Maui.Graphics	432	0x060001b1	Microsoft.Maui.Graphics.ITextAttributes	set_HorizontalAlignment	0x0	NoInlining	Public, Virtual, HideBySig, VtableLayoutMask, Abstract, SpecialName	0x1003a9340	0x97fffe50	0x1003a8c80		absent	0x1003a8c80
Microsoft.Maui.Graphics	433	0x060001b2	Microsoft.Maui.Graphics.ITextAttributes	get_VerticalAlignment	0x0	NoInlining	Public, Virtual, HideBySig, VtableLayoutMask, Abstract, SpecialName	0x1003a9344	0x97fffe4f	0x1003a8c80		absent	0x1003a8c80
Microsoft.Maui.Graphics	434	0x060001b3	Microsoft.Maui.Graphics.ITextAttributes	set_VerticalAlignment	0x0	NoInlining	Public, Virtual, HideBySig, VtableLayoutMask, Abstract, SpecialName	0x1003a9348	0x97fffe4e	0x1003a8c80		absent	0x1003a8c80
Microsoft.Maui.Graphics	435	0x060001b4	Microsoft.Maui.Graphics.LayoutLine	.ctor	0x0	11	Public, HideBySig, SpecialName, RTSpecialName	0x1003a934c	0x97fffe4d	0x1003a8c80		absent	0x1003a8c80
Microsoft.Maui.Graphics	436	0x060001b5	Microsoft.Maui.Graphics.LayoutLine	Invoke	0x0	11	Public, Virtual, HideBySig, VtableLayoutMask	0x1003a9350	0x97fffe4c	0x1003a8c80		absent	0x1003a8c80
Microsoft.Maui.Graphics	437	0x060001b6	Microsoft.Maui.Graphics.LayoutLine	BeginInvoke	0x0	11	Public, Virtual, HideBySig, VtableLayoutMask	0x1003a9354	0x97fffe4b	0x1003a8c80		absent	0x1003a8c80
Microsoft.Maui.Graphics	438	0x060001b7	Microsoft.Maui.Graphics.LayoutLine	EndInvoke	0x0	11	Public, Virtual, HideBySig, VtableLayoutMask	0x1003a9358	0x97fffe4a	0x1003a8c80		absent	0x1003a8c80
Microsoft.Maui.Graphics	439	0x060001b8	Microsoft.Maui.Graphics.LinearGradientPaint	.ctor	0x2050	NoInlining	Public, HideBySig, SpecialName, RTSpecialName	0x1003a935c	0x947b02fb	0x102269f48	0x102269f48	mapped	0x102269f48
Microsoft.Maui.Graphics	440	0x060001b9	Microsoft.Maui.Graphics.LinearGradientPaint	.ctor	0x2050	NoInlining	Public, HideBySig, SpecialName, RTSpecialName	0x1003a9360	0x947b0311	0x102269fa4	0x102269fa4	mapped	0x102269fa4
Microsoft.Maui.Graphics	441	0x060001ba	Microsoft.Maui.Graphics.LinearGradientPaint	.ctor	0x2050	NoInlining	Public, HideBySig, SpecialName, RTSpecialName	0x1003a9364	0x947b0320	0x102269fe4	0x102269fe4	mapped	0x102269fe4
Microsoft.Maui.Graphics	442	0x060001bb	Microsoft.Maui.Graphics.LinearGradientPaint	.ctor	0x2050	NoInlining	Public, HideBySig, SpecialName, RTSpecialName	0x1003a9368	0x947b0331	0x10226a02c	0x10226a02c	mapped	0x10226a02c
Microsoft.Maui.Graphics	443	0x060001bc	Microsoft.Maui.Graphics.LinearGradientPaint	.ctor	0x2050	NoInlining	Public, HideBySig, SpecialName, RTSpecialName	0x1003a936c	0x947b034d	0x10226a0a0	0x10226a0a0	mapped	0x10226a0a0
Microsoft.Maui.Graphics	444	0x060001bd	Microsoft.Maui.Graphics.LinearGradientPaint	get_StartPoint	0x2050	NoInlining	Public, HideBySig, SpecialName	0x1003a9370	0x947b036f	0x10226a12c	0x10226a12c	mapped	0x10226a12c
Microsoft.Maui.Graphics	445	0x060001be	Microsoft.Maui.Graphics.LinearGradientPaint	set_StartPoint	0x2050	NoInlining	Public, HideBySig, SpecialName	0x1003a9374	0x947b0378	0x10226a154	0x10226a154	mapped	0x10226a154
Microsoft.Maui.Graphics	446	0x060001bf	Microsoft.Maui.Graphics.LinearGradientPaint	get_EndPoint	0x2050	NoInlining	Public, HideBySig, SpecialName	0x1003a9378	0x947b0380	0x10226a178	0x10226a178	mapped	0x10226a178
Microsoft.Maui.Graphics	447	0x060001c0	Microsoft.Maui.Graphics.LinearGradientPaint	set_EndPoint	0x2050	NoInlining	Public, HideBySig, SpecialName	0x1003a937c	0x947b0389	0x10226a1a0	0x10226a1a0	mapped	0x10226a1a0
Microsoft.Maui.Graphics	448	0x060001c1	Microsoft.Maui.Graphics.Matrix3x2Extensions	IsZero	0x2050	NoInlining	Public, Static, HideBySig	0x1003a9380	0x947b0391	0x10226a1c4	0x10226a1c4	mapped	0x10226a1c4
Microsoft.Maui.Graphics	449	0x060001c2	Microsoft.Maui.Graphics.Matrix3x2Extensions	IsFinite	0x2050	NoInlining	Public, Static, HideBySig	0x1003a9384	0x947b03ad	0x10226a238	0x10226a238	mapped	0x10226a238
Microsoft.Maui.Graphics	450	0x060001c3	Microsoft.Maui.Graphics.Matrix3x2Extensions	GetScale	0x2050	NoInlining	Public, Static, HideBySig	0x1003a9388	0x947b03cc	0x10226a2b8	0x10226a2b8	mapped	0x10226a2b8
Microsoft.Maui.Graphics	451	0x060001c4	Microsoft.Maui.Graphics.Matrix3x2Extensions	GetRotation	0x2050	NoInlining	Public, Static, HideBySig	0x1003a938c	0x947b03f3	0x10226a358	0x10226a358	mapped	0x10226a358
Microsoft.Maui.Graphics	452	0x060001c5	Microsoft.Maui.Graphics.Matrix3x2Extensions	GetTranslation	0x2050	NoInlining	Public, Static, HideBySig	0x1003a9390	0x947b0409	0x10226a3b4	0x10226a3b4	mapped	0x10226a3b4
Microsoft.Maui.Graphics	453	0x060001c6	Microsoft.Maui.Graphics.Matrix3x2Extensions	WithScale	0x2050	NoInlining	Public, Static, HideBySig	0x1003a9394	0x947b0412	0x10226a3dc	0x10226a3dc	mapped	0x10226a3dc
Microsoft.Maui.Graphics	454	0x060001c7	Microsoft.Maui.Graphics.Matrix3x2Extensions	WithoutScale	0x2050	NoInlining	Public, Static, HideBySig	0x1003a9398	0x947b0449	0x10226a4bc	0x10226a4bc	mapped	0x10226a4bc
Microsoft.Maui.Graphics	455	0x060001c8	Microsoft.Maui.Graphics.Matrix3x2Extensions	WithRotation	0x2050	NoInlining	Public, Static, HideBySig	0x1003a939c	0x947b046b	0x10226a548	0x10226a548	mapped	0x10226a548
Microsoft.Maui.Graphics	456	0x060001c9	Microsoft.Maui.Graphics.Matrix3x2Extensions	WithoutRotation	0x2050	NoInlining	Public, Static, HideBySig	0x1003a93a0	0x947b0491	0x10226a5e4	0x10226a5e4	mapped	0x10226a5e4
Microsoft.Maui.Graphics	457	0x060001ca	Microsoft.Maui.Graphics.Matrix3x2Extensions	WithTranslation	0x2050	NoInlining	Public, Static, HideBySig	0x1003a93a4	0x947b04b4	0x10226a674	0x10226a674	mapped	0x10226a674
Microsoft.Maui.Graphics	458	0x060001cb	Microsoft.Maui.Graphics.Matrix3x2Extensions	CreateMatrix3x2	0x2050	NoInlining	Assembly, Static, HideBySig	0x1003a93a8	0x947b04be	0x10226a6a0	0x10226a6a0	mapped	0x10226a6a0
Microsoft.Maui.Graphics	459	0x060001cc	Microsoft.Maui.Graphics.Matrix3x2Extensions	GetLengthScale	0x2050	NoInlining	Public, Static, HideBySig	0x1003a93ac	0x947b04ff	0x10226a7a8	0x10226a7a8	mapped	0x10226a7a8
Microsoft.Maui.Graphics	460	0x060001cd	Microsoft.Maui.Graphics.Matrix3x2Extensions	CopyTo	0x2050	NoInlining	Public, Static, HideBySig	0x1003a93b0	0x947b0512	0x10226a7f8	0x10226a7f8	mapped	0x10226a7f8
Microsoft.Maui.Graphics	461	0x060001ce	Microsoft.Maui.Graphics.Matrix3x2Extensions	DeconstructScales	0x2050	NoInlining	Public, Static, HideBySig	0x1003a93b4	0x947b0559	0x10226a918	0x10226a918	mapped	0x10226a918
Microsoft.Maui.Graphics	462	0x060001cf	Microsoft.Maui.Graphics.NumericExtensions	Clamp	0x2050	264	Public, Static, HideBySig	0x1003a93b8	0x947b0591	0x10226a9fc	0x10226a9fc	mapped	0x10226a9fc
Microsoft.Maui.Graphics	463	0x060001d0	Microsoft.Maui.Graphics.NumericExtensions	Clamp	0x2050	264	Public, Static, HideBySig	0x1003a93bc	0x947b059a	0x10226aa24	0x10226aa24	mapped	0x10226aa24
Microsoft.Maui.Graphics	464	0x060001d1	Microsoft.Maui.Graphics.NumericExtensions	Clamp	0x2050	264	Public, Static, HideBySig	0x1003a93c0	0x947b05a3	0x10226aa4c	0x10226aa4c	mapped	0x10226aa4c
Microsoft.Maui.Graphics	465	0x060001d2	Microsoft.Maui.Graphics.Paint	get_BackgroundColor	0x2050	NoInlining	Public, HideBySig, SpecialName	0x1003a93c4	0x947b05a9	0x10226aa68	0x10226aa68	mapped	0x10226aa68
Microsoft.Maui.Graphics	466	0x060001d3	Microsoft.Maui.Graphics.Paint	set_BackgroundColor	0x2050	NoInlining	Public, HideBySig, SpecialName	0x1003a93c8	0x947b05b1	0x10226aa8c	0x10226aa8c	mapped	0x10226aa8c
Microsoft.Maui.Graphics	467	0x060001d4	Microsoft.Maui.Graphics.Paint	get_ForegroundColor	0x2050	NoInlining	Public, HideBySig, SpecialName	0x1003a93cc	0x947b05c0	0x10226aacc	0x10226aacc	mapped	0x10226aacc
Microsoft.Maui.Graphics	468	0x060001d5	Microsoft.Maui.Graphics.Paint	set_ForegroundColor	0x2050	NoInlining	Public, HideBySig, SpecialName	0x1003a93d0	0x947b05c8	0x10226aaf0	0x10226aaf0	mapped	0x10226aaf0
Microsoft.Maui.Graphics	469	0x060001d6	Microsoft.Maui.Graphics.Paint	get_IsTransparent	0x2050	NoInlining	Public, Virtual, HideBySig, VtableLayoutMask, SpecialName	0x1003a93d4	0x947b05d7	0x10226ab30	0x10226ab30	mapped	0x10226ab30
Microsoft.Maui.Graphics	470	0x060001d7	Microsoft.Maui.Graphics.Paint	.ctor	0x2050	NoInlining	Family, HideBySig, SpecialName, RTSpecialName	0x1003a93d8	0x947b05df	0x10226ab54	0x10226ab54	mapped	0x10226ab54
Microsoft.Maui.Graphics	471	0x060001d8	Microsoft.Maui.Graphics.PaintGradientStop	.ctor	0x2050	NoInlining	Public, HideBySig, SpecialName, RTSpecialName	0x1003a93dc	0x947b05df	0x10226ab58	0x10226ab58	mapped	0x10226ab58
Microsoft.Maui.Graphics	472	0x060001d9	Microsoft.Maui.Graphics.PaintGradientStop	.ctor	0x2050	NoInlining	Public, HideBySig, SpecialName, RTSpecialName	0x1003a93e0	0x947b05ef	0x10226ab9c	0x10226ab9c	mapped	0x10226ab9c
Microsoft.Maui.Graphics	473	0x060001da	Microsoft.Maui.Graphics.PaintGradientStop	get_Color	0x2050	NoInlining	Public, HideBySig, SpecialName	0x1003a93e4	0x947b0605	0x10226abf8	0x10226abf8	mapped	0x10226abf8
Microsoft.Maui.Graphics	474	0x060001db	Microsoft.Maui.Graphics.PaintGradientStop	set_Color	0x2050	NoInlining	Public, HideBySig, SpecialName	0x1003a93e8	0x947b060d	0x10226ac1c	0x10226ac1c	mapped	0x10226ac1c
Microsoft.Maui.Graphics	475	0x060001dc	Microsoft.Maui.Graphics.PaintGradientStop	get_Offset	0x2050	NoInlining	Public, HideBySig, SpecialName	0x1003a93ec	0x947b061c	0x10226ac5c	0x10226ac5c	mapped	0x10226ac5c
Microsoft.Maui.Graphics	476	0x060001dd	Microsoft.Maui.Graphics.PaintGradientStop	set_Offset	0x2050	NoInlining	Public, HideBySig, SpecialName	0x1003a93f0	0x947b0624	0x10226ac80	0x10226ac80	mapped	0x10226ac80
Microsoft.Maui.Graphics	477	0x060001de	Microsoft.Maui.Graphics.PaintGradientStop	CompareTo	0x2050	NoInlining	Public, Final, Virtual, HideBySig, VtableLayoutMask	0x1003a93f4	0x947b062c	0x10226aca4	0x10226aca4	mapped	0x10226aca4
Microsoft.Maui.Graphics	478	0x060001df	Microsoft.Maui.Graphics.PaintPattern	get_Wrapped	0x2050	NoInlining	Public, HideBySig, SpecialName	0x1003a93f8	0x947b063d	0x10226acec	0x10226acec	mapped	0x10226acec
Microsoft.Maui.Graphics	479	0x060001e0	Microsoft.Maui.Graphics.PaintPattern	get_Paint	0x2050	NoInlining	Public, HideBySig, SpecialName	0x1003a93fc	0x947b0645	0x10226ad10	0x10226ad10	mapped	0x10226ad10
Microsoft.Maui.Graphics	480	0x060001e1	Microsoft.Maui.Graphics.PaintPattern	set_Paint	0x2050	NoInlining	Public, HideBySig, SpecialName	0x1003a9400	0x947b064d	0x10226ad34	0x10226ad34	mapped	0x10226ad34
Microsoft.Maui.Graphics	481	0x060001e2	Microsoft.Maui.Graphics.PaintPattern	get_Width	0x2050	NoInlining	Public, Final, Virtual, HideBySig, VtableLayoutMask, SpecialName	0x1003a9404	0x947b065c	0x10226ad74	0x10226ad74	mapped	0x10226ad74
Microsoft.Maui.Graphics	482	0x060001e3	Microsoft.Maui.Graphics.PaintPattern	get_Height	0x2050	NoInlining	Public, Final, Virtual, HideBySig, VtableLayoutMask, SpecialName	0x1003a9408	0x947b0681	0x10226ae0c	0x10226ae0c	mapped	0x10226ae0c
Microsoft.Maui.Graphics	483	0x060001e4	Microsoft.Maui.Graphics.PaintPattern	get_StepX	0x2050	NoInlining	Public, Final, Virtual, HideBySig, VtableLayoutMask, SpecialName	0x1003a940c	0x947b06a6	0x10226aea4	0x10226aea4	mapped	0x10226aea4
Microsoft.Maui.Graphics	484	0x060001e5	Microsoft.Maui.Graphics.PaintPattern	get_StepY	0x2050	NoInlining	Public, Final, Virtual, HideBySig, VtableLayoutMask, SpecialName	0x1003a9410	0x947b06cb	0x10226af3c	0x10226af3c	mapped	0x10226af3c
Microsoft.Maui.Graphics	485	0x060001e6	Microsoft.Maui.Graphics.PaintPattern	.ctor	0x2050	NoInlining	Public, HideBySig, SpecialName, RTSpecialName	0x1003a9414	0x947b06f0	0x10226afd4	0x10226afd4	mapped	0x10226afd4
Microsoft.Maui.Graphics	486	0x060001e7	Microsoft.Maui.Graphics.PaintPattern	Draw	0x2050	NoInlining	Public, Final, Virtual, HideBySig, VtableLayoutMask	0x1003a9418	0x947b06ff	0x10226b014	0x10226b014	mapped	0x10226b014
Microsoft.Maui.Graphics	487	0x060001e8	Microsoft.Maui.Graphics.PathArcExtensions	SVGArcTo	0x2050	NoInlining	Public, Static, HideBySig	0x1003a941c	0x947b0774	0x10226b1ec	0x10226b1ec	mapped	0x10226b1ec
Microsoft.Maui.Graphics	488	0x060001e9	Microsoft.Maui.Graphics.PathArcExtensions	ComputeSvgArc	0x2050	NoInlining	Private, Static, HideBySig	0x1003a9420	0x947b07c7	0x10226b33c	0x10226b33c	mapped	0x10226b33c
Microsoft.Maui.Graphics	489	0x060001ea	Microsoft.Maui.Graphics.PathArcExtensions	DrawArc	0x2050	NoInlining	Public, Static, HideBySig	0x1003a9424	0x947b0893	0x10226b670	0x10226b670	mapped	0x10226b670
Microsoft.Maui.Graphics	490	0x060001eb	Microsoft.Maui.Graphics.PathBuilder	Build	0x2050	NoInlining	Public, Static, HideBySig	0x1003a9428	0x947b092a	0x10226b8d0	0x10226b8d0	mapped	0x10226b8d0
Microsoft.Maui.Graphics	491	0x060001ec	Microsoft.Maui.Graphics.PathBuilder	get_NextBoolValue	0x2050	NoInlining	Private, HideBySig, SpecialName	0x1003a942c	0x947b0972	0x10226b9f4	0x10226b9f4	mapped	0x10226b9f4
Microsoft.Maui.Graphics	492	0x060001ed	Microsoft.Maui.Graphics.PathBuilder	get_NextValue	0x2050	NoInlining	Private, HideBySig, SpecialName	0x1003a9430	0x947b099d	0x10226baa4	0x10226baa4	mapped	0x10226baa4
Microsoft.Maui.Graphics	493	0x060001ee	Microsoft.Maui.Graphics.PathBuilder	ParseFloat	0x2050	NoInlining	Public, Static, HideBySig	0x1003a9434	0x947b09d8	0x10226bb94	0x10226bb94	mapped	0x10226bb94
Microsoft.Maui.Graphics	494	0x060001ef	Microsoft.Maui.Graphics.PathBuilder	GetNumbersOnly	0x2050	NoInlining	Private, Static, HideBySig	0x1003a9438	0x947b0a4e	0x10226bd70	0x10226bd70	mapped	0x10226bd70
Microsoft.Maui.Graphics	495	0x060001f0	Microsoft.Maui.Graphics.PathBuilder	BuildPath	0x2050	NoInlining	Public, HideBySig	0x1003a943c	0x947b0a9c	0x10226beac	0x10226beac	mapped	0x10226beac
Microsoft.Maui.Graphics	496	0x060001f1	Microsoft.Maui.Graphics.PathBuilder	IsCommand	0x2050	NoInlining	Private, HideBySig	0x1003a9440	0x947b0bea	0x10226c3e8	0x10226c3e8	mapped	0x10226c3e8
Microsoft.Maui.Graphics	497	0x060001f2	Microsoft.Maui.Graphics.PathBuilder	HandleCommand	0x2050	NoInlining	Private, HideBySig	0x1003a9444	0x947b0c06	0x10226c45c	0x10226c45c	mapped	0x10226c45c
Microsoft.Maui.Graphics	498	0x060001f3	Microsoft.Maui.Graphics.PathBuilder	HandleCommand	0x2050	NoInlining	Private, HideBySig	0x1003a9448	0x947b0d24	0x10226c8d8	0x10226c8d8	mapped	0x10226c8d8
Microsoft.Maui.Graphics	499	0x060001f4	Microsoft.Maui.Graphics.PathBuilder	ClosePath	0x2050	NoInlining	Private, HideBySig	0x1003a944c	0x947b0d9b	0x10226cab8	0x10226cab8	mapped	0x10226cab8
Microsoft.Maui.Graphics	500	0x060001f5	Microsoft.Maui.Graphics.PathBuilder	MoveTo	0x2050	NoInlining	Private, HideBySig	0x1003a9450	0x947b0db6	0x10226cb28	0x10226cb28	mapped	0x10226cb28
Microsoft.Maui.Graphics	501	0x060001f6	Microsoft.Maui.Graphics.PathBuilder	LineTo	0x2050	NoInlining	Private, HideBySig	0x1003a9454	0x947b0e10	0x10226cc94	0x10226cc94	mapped	0x10226cc94
Microsoft.Maui.Graphics	502	0x060001f7	Microsoft.Maui.Graphics.PathBuilder	HorizontalLineTo	0x2050	NoInlining	Private, HideBySig	0x1003a9458	0x947b0e34	0x10226cd28	0x10226cd28	mapped	0x10226cd28
Microsoft.Maui.Graphics	503	0x060001f8	Microsoft.Maui.Graphics.PathBuilder	VerticalLineTo	0x2050	NoInlining	Private, HideBySig	0x1003a945c	0x947b0e51	0x10226cda0	0x10226cda0	mapped	0x10226cda0
Microsoft.Maui.Graphics	504	0x060001f9	Microsoft.Maui.Graphics.PathBuilder	CurveTo	0x2050	NoInlining	Private, HideBySig	0x1003a9460	0x947b0e6e	0x10226ce18	0x10226ce18	mapped	0x10226ce18
Microsoft.Maui.Graphics	505	0x060001fa	Microsoft.Maui.Graphics.PathBuilder	QuadTo	0x2050	NoInlining	Private, HideBySig	0x1003a9464	0x947b0ef3	0x10226d030	0x10226d030	mapped	0x10226d030
Microsoft.Maui.Graphics	506	0x060001fb	Microsoft.Maui.Graphics.PathBuilder	ReflectiveQuadTo	0x2050	NoInlining	Private, HideBySig	0x1003a9468	0x947b0f35	0x10226d13c	0x10226d13c	mapped	0x10226d13c
Microsoft.Maui.Graphics	507	0x060001fc	Microsoft.Maui.Graphics.PathBuilder	SmoothCurveTo	0x2050	NoInlining	Private, HideBySig	0x1003a946c	0x947b0f8f	0x10226d2a8	0x10226d2a8	mapped	0x10226d2a8
Microsoft.Maui.Graphics	508	0x060001fd	Microsoft.Maui.Graphics.PathBuilder	ArcTo	0x2050	NoInlining	Private, HideBySig	0x1003a9470	0x947b0ffa	0x10226d458	0x10226d458	mapped	0x10226d458
Microsoft.Maui.Graphics	509	0x060001fe	Microsoft.Maui.Graphics.PathBuilder	NewPoint	0x2050	NoInlining	Private, HideBySig	0x1003a9474	0x947b10db	0x10226d7e0	0x10226d7e0	mapped	0x10226d7e0
Microsoft.Maui.Graphics	510	0x060001ff	Microsoft.Maui.Graphics.PathBuilder	NewVerticalPoint	0x2050	NoInlining	Private, HideBySig	0x1003a9478	0x947b1114	0x10226d8c8	0x10226d8c8	mapped	0x10226d8c8
Microsoft.Maui.Graphics	511	0x06000200	Microsoft.Maui.Graphics.PathBuilder	NewHorizontalPoint	0x2050	NoInlining	Private, HideBySig	0x1003a947c	0x947b115b	0x10226d9e8	0x10226d9e8	mapped	0x10226d9e8
Microsoft.Maui.Graphics	512	0x06000201	Microsoft.Maui.Graphics.PathBuilder	.ctor	0x2050	NoInlining	Public, HideBySig, SpecialName, RTSpecialName	0x1003a9480	0x947b11a4	0x10226db10	0x10226db10	mapped	0x10226db10
Microsoft.Maui.Graphics	513	0x06000202	Microsoft.Maui.Graphics.PathExtensions	ToDefinitionString	0x2050	NoInlining	Public, Static, HideBySig	0x1003a9484	0x947b11dd	0x10226dbf8	0x10226dbf8	mapped	0x10226dbf8
Microsoft.Maui.Graphics	514	0x06000203	Microsoft.Maui.Graphics.PathExtensions	WritePoint	0x2050	NoInlining	Private, Static, HideBySig	0x1003a9488	0x947b12b2	0x10226df50	0x10226df50	mapped	0x10226df50
Microsoft.Maui.Graphics	515	0x06000204	Microsoft.Maui.Graphics.PathExtensions	AsScaledPath	0x2050	NoInlining	Public, Static, HideBySig	0x1003a948c	0x947b1301	0x10226e090	0x10226e090	mapped	0x10226e090
Microsoft.Maui.Graphics	516	0x06000205	Microsoft.Maui.Graphics.PathExtensions	AsScaledPath	0x2050	NoInlining	Public, Static, HideBySig	0x1003a9490	0x947b132e	0x10226e148	0x10226e148	mapped	0x10226e148
Microsoft.Maui.Graphics	517	0x06000206	Microsoft.Maui.Graphics.PathF	.ctor	0x2050	NoInlining	Private, HideBySig, SpecialName, RTSpecialName	0x1003a9494	0x947b135c	0x10226e204	0x10226e204	mapped	0x10226e204
Microsoft.Maui.Graphics	518	0x06000207	Microsoft.Maui.Graphics.PathF	.ctor	0x2050	NoInlining	Public, HideBySig, SpecialName, RTSpecialName	0x1003a9498	0x947b141f	0x10226e514	0x10226e514	mapped	0x10226e514
Microsoft.Maui.Graphics	519	0x06000208	Microsoft.Maui.Graphics.PathF	.ctor	0x2050	NoInlining	Public, HideBySig, SpecialName, RTSpecialName	0x1003a949c	0x947b1480	0x10226e69c	0x10226e69c	mapped	0x10226e69c
Microsoft.Maui.Graphics	520	0x06000209	Microsoft.Maui.Graphics.PathF	.ctor	0x2050	NoInlining	Public, HideBySig, SpecialName, RTSpecialName	0x1003a94a0	0x947b1495	0x10226e6f4	0x10226e6f4	mapped	0x10226e6f4
Microsoft.Maui.Graphics	521	0x0600020a	Microsoft.Maui.Graphics.PathF	.ctor	0x2050	NoInlining	Public, HideBySig, SpecialName, RTSpecialName	0x1003a94a4	0x947b14aa	0x10226e74c	0x10226e74c	mapped	0x10226e74c
Microsoft.Maui.Graphics	522	0x0600020b	Microsoft.Maui.Graphics.PathF	get_SubPathCount	0x2050	NoInlining	Public, HideBySig, SpecialName	0x1003a94a8	0x947b151e	0x10226e920	0x10226e920	mapped	0x10226e920
Microsoft.Maui.Graphics	523	0x0600020c	Microsoft.Maui.Graphics.PathF	get_Closed	0x2050	NoInlining	Public, HideBySig, SpecialName	0x1003a94ac	0x947b1526	0x10226e944	0x10226e944	mapped	0x10226e944
Microsoft.Maui.Graphics	524	0x0600020d	Microsoft.Maui.Graphics.PathF	get_FirstPoint	0x2050	NoInlining	Public, HideBySig, SpecialName	0x1003a94b0	0x947b1551	0x10226e9f4	0x10226e9f4	mapped	0x10226e9f4
Microsoft.Maui.Graphics	525	0x0600020e	Microsoft.Maui.Graphics.PathF	get_SegmentTypes	0x2050	NoInlining	Public, HideBySig, SpecialName	0x1003a94b4	0x947b1577	0x10226ea90	0x10226ea90	mapped	0x10226ea90
Microsoft.Maui.Graphics	526	0x0600020f	Microsoft.Maui.Graphics.PathF	get_Points	0x2050	NoInlining	Public, HideBySig, SpecialName	0x1003a94b8	0x947b159f	0x10226eb34	0x10226eb34	mapped	0x10226eb34
Microsoft.Maui.Graphics	527	0x06000210	Microsoft.Maui.Graphics.PathF	get_LastPoint	0x2050	NoInlining	Public, HideBySig, SpecialName	0x1003a94bc	0x947b15c7	0x10226ebd8	0x10226ebd8	mapped	0x10226ebd8
Microsoft.Maui.Graphics	528	0x06000211	Microsoft.Maui.Graphics.PathF	get_LastPointIndex	0x2050	NoInlining	Public, HideBySig, SpecialName	0x1003a94c0	0x947b15ef	0x10226ec7c	0x10226ec7c	mapped	0x10226ec7c
Microsoft.Maui.Graphics	529	0x06000212	Microsoft.Maui.Graphics.PathF	get_Item	0x2050	NoInlining	Public, HideBySig, SpecialName	0x1003a94c4	0x947b15fe	0x10226ecbc	0x10226ecbc	mapped	0x10226ecbc
Microsoft.Maui.Graphics	530	0x06000213	Microsoft.Maui.Graphics.PathF	SetPoint	0x2050	NoInlining	Public, HideBySig	0x1003a94c8	0x947b162e	0x10226ed80	0x10226ed80	mapped	0x10226ed80
Microsoft.Maui.Graphics	531	0x06000214	Microsoft.Maui.Graphics.PathF	SetPoint	0x2050	NoInlining	Public, HideBySig	0x1003a94cc	0x947b165e	0x10226ee44	0x10226ee44	mapped	0x10226ee44
Microsoft.Maui.Graphics	532	0x06000215	Microsoft.Maui.Graphics.PathF	get_Count	0x2050	NoInlining	Public, HideBySig, SpecialName	0x1003a94d0	0x947b168e	0x10226ef08	0x10226ef08	mapped	0x10226ef08
Microsoft.Maui.Graphics	533	0x06000216	Microsoft.Maui.Graphics.PathF	get_OperationCount	0x2050	NoInlining	Public, HideBySig, SpecialName	0x1003a94d4	0x947b169a	0x10226ef3c	0x10226ef3c	mapped	0x10226ef3c
Microsoft.Maui.Graphics	534	0x06000217	Microsoft.Maui.Graphics.PathF	get_SegmentCountExcludingOpenAndClose	0x2050	NoInlining	Public, HideBySig, SpecialName	0x1003a94d8	0x947b16a6	0x10226ef70	0x10226ef70	mapped	0x10226ef70
Microsoft.Maui.Graphics	535	0x06000218	Microsoft.Maui.Graphics.PathF	GetSegmentType	0x2050	NoInlining	Public, HideBySig	0x1003a94dc	0x947b16d5	0x10226f030	0x10226f030	mapped	0x10226f030
Microsoft.Maui.Graphics	536	0x06000219	Microsoft.Maui.Graphics.PathF	GetArcAngle	0x2050	NoInlining	Public, HideBySig	0x1003a94e0	0x947b16fe	0x10226f0d8	0x10226f0d8	mapped	0x10226f0d8
Microsoft.Maui.Graphics	537	0x0600021a	Microsoft.Maui.Graphics.PathF	SetArcAngle	0x2050	NoInlining	Public, HideBySig	0x1003a94e4	0x947b1729	0x10226f188	0x10226f188	mapped	0x10226f188
Microsoft.Maui.Graphics	538	0x0600021b	Microsoft.Maui.Graphics.PathF	GetArcClockwise	0x2050	NoInlining	Public, HideBySig	0x1003a94e8	0x947b1759	0x10226f24c	0x10226f24c	mapped	0x10226f24c
Microsoft.Maui.Graphics	539	0x0600021c	Microsoft.Maui.Graphics.PathF	SetArcClockwise	0x2050	NoInlining	Public, HideBySig	0x1003a94ec	0x947b1785	0x10226f300	0x10226f300	mapped	0x10226f300
Microsoft.Maui.Graphics	540	0x0600021d	Microsoft.Maui.Graphics.PathF	MoveTo	0x2050	NoInlining	Public, HideBySig	0x1003a94f0	0x947b17b5	0x10226f3c4	0x10226f3c4	mapped	0x10226f3c4
Microsoft.Maui.Graphics	541	0x0600021e	Microsoft.Maui.Graphics.PathF	MoveTo	0x2050	NoInlining	Public, HideBySig	0x1003a94f4	0x947b17c8	0x10226f414	0x10226f414	mapped	0x10226f414
Microsoft.Maui.Graphics	542	0x0600021f	Microsoft.Maui.Graphics.PathF	Close	0x2050	NoInlining	Public, HideBySig	0x1003a94f8	0x947b1850	0x10226f638	0x10226f638	mapped	0x10226f638
Microsoft.Maui.Graphics	543	0x06000220	Microsoft.Maui.Graphics.PathF	Open	0x2050	NoInlining	Public, HideBySig	0x1003a94fc	0x947b18bd	0x10226f7f0	0x10226f7f0	mapped	0x10226f7f0
Microsoft.Maui.Graphics	544	0x06000221	Microsoft.Maui.Graphics.PathF	LineTo	0x2050	NoInlining	Public, HideBySig	0x1003a9500	0x947b1929	0x10226f9a4	0x10226f9a4	mapped	0x10226f9a4
Microsoft.Maui.Graphics	545	0x06000222	Microsoft.Maui.Graphics.PathF	LineTo	0x2050	NoInlining	Public, HideBySig	0x1003a9504	0x947b193c	0x10226f9f4	0x10226f9f4	mapped	0x10226f9f4
Microsoft.Maui.Graphics	546	0x06000223	Microsoft.Maui.Graphics.PathF	InsertLineTo	0x2050	NoInlining	Public, HideBySig	0x1003a9508	0x947b19f9	0x10226fcec	0x10226fcec	mapped	0x10226fcec
Microsoft.Maui.Graphics	547	0x06000224	Microsoft.Maui.Graphics.PathF	AddArc	0x2050	NoInlining	Public, HideBySig	0x1003a950c	0x947b1a44	0x10226fe1c	0x10226fe1c	mapped	0x10226fe1c
Microsoft.Maui.Graphics	548	0x06000225	Microsoft.Maui.Graphics.PathF	AddArc	0x2050	NoInlining	Public, HideBySig	0x1003a9510	0x947b1a65	0x10226fea4	0x10226fea4	mapped	0x10226fea4
Microsoft.Maui.Graphics	549	0x06000226	Microsoft.Maui.Graphics.PathF	QuadTo	0x2050	NoInlining	Public, HideBySig	0x1003a9514	0x947b1b8f	0x102270350	0x102270350	mapped	0x102270350
Microsoft.Maui.Graphics	550	0x06000227	Microsoft.Maui.Graphics.PathF	QuadTo	0x2050	NoInlining	Public, HideBySig	0x1003a9518	0x947b1ba8	0x1022703b8	0x1022703b8	mapped	0x1022703b8
Microsoft.Maui.Graphics	551	0x06000228	Microsoft.Maui.Graphics.PathF	InsertQuadTo	0x2050	NoInlining	Public, HideBySig	0x1003a951c	0x947b1c35	0x1022705f0	0x1022705f0	mapped	0x1022705f0
Microsoft.Maui.Graphics	552	0x06000229	Microsoft.Maui.Graphics.PathF	CurveTo	0x2050	NoInlining	Public, HideBySig	0x1003a9520	0x947b1c91	0x102270764	0x102270764	mapped	0x102270764
Microsoft.Maui.Graphics	553	0x0600022a	Microsoft.Maui.Graphics.PathF	CurveTo	0x2050	NoInlining	Public, HideBySig	0x1003a9524	0x947b1cb0	0x1022707e4	0x1022707e4	mapped	0x1022707e4
Microsoft.Maui.Graphics	554	0x0600022b	Microsoft.Maui.Graphics.PathF	InsertCurveTo	0x2050	NoInlining	Public, HideBySig	0x1003a9528	0x947b1d62	0x102270ab0	0x102270ab0	mapped	0x102270ab0
Microsoft.Maui.Graphics	555	0x0600022c	Microsoft.Maui.Graphics.PathF	GetSegmentPointIndex	0x2050	NoInlining	Public, HideBySig	0x1003a952c	0x947b1dce	0x102270c64	0x102270c64	mapped	0x102270c64
Microsoft.Maui.Graphics	556	0x0600022d	Microsoft.Maui.Graphics.PathF	GetSegmentInfo	0x2050	NoInlining	Public, HideBySig	0x1003a9530	0x947b1e22	0x102270db8	0x102270db8	mapped	0x102270db8
Microsoft.Maui.Graphics	557	0x0600022e	Microsoft.Maui.Graphics.PathF	GetSegmentForPoint	0x2050	NoInlining	Public, HideBySig	0x1003a9534	0x947b1ea1	0x102270fb8	0x102270fb8	mapped	0x102270fb8
Microsoft.Maui.Graphics	558	0x0600022f	Microsoft.Maui.Graphics.PathF	GetPointsForSegment	0x2050	NoInlining	Public, HideBySig	0x1003a9538	0x947b1f09	0x10227115c	0x10227115c	mapped	0x10227115c
Microsoft.Maui.Graphics	559	0x06000230	Microsoft.Maui.Graphics.PathF	RemoveAllAfter	0x2050	NoInlining	Private, HideBySig	0x1003a953c	0x947b2042	0x102271644	0x102271644	mapped	0x102271644
Microsoft.Maui.Graphics	560	0x06000231	Microsoft.Maui.Graphics.PathF	RemoveAllSegmentsAfter	0x2050	NoInlining	Public, HideBySig	0x1003a9540	0x947b2168	0x102271ae0	0x102271ae0	mapped	0x102271ae0
Microsoft.Maui.Graphics	561	0x06000232	Microsoft.Maui.Graphics.PathF	RemoveSegment	0x2050	NoInlining	Public, HideBySig	0x1003a9544	0x947b21c9	0x102271c68	0x102271c68	mapped	0x102271c68
Microsoft.Maui.Graphics	562	0x06000233	Microsoft.Maui.Graphics.PathF	Rotate	0x2050	NoInlining	Public, HideBySig	0x1003a9548	0x947b231b	0x1022721b4	0x1022721b4	mapped	0x1022721b4
Microsoft.Maui.Graphics	563	0x06000234	Microsoft.Maui.Graphics.PathF	GetRotatedPoint	0x2050	NoInlining	Public, HideBySig	0x1003a954c	0x947b242d	0x102272600	0x102272600	mapped	0x102272600
Microsoft.Maui.Graphics	564	0x06000235	Microsoft.Maui.Graphics.PathF	Transform	0x2050	NoInlining	Public, HideBySig	0x1003a9550	0x947b247c	0x102272740	0x102272740	mapped	0x102272740
Microsoft.Maui.Graphics	565	0x06000236	Microsoft.Maui.Graphics.PathF	Separate	0x2050	NoInlining	Public, HideBySig	0x1003a9554	0x947b24dd	0x1022728c8	0x1022728c8	mapped	0x1022728c8
Microsoft.Maui.Graphics	566	0x06000237	Microsoft.Maui.Graphics.PathF	Reverse	0x2050	NoInlining	Public, HideBySig	0x1003a9558	0x947b2623	0x102272de4	0x102272de4	mapped	0x102272de4
Microsoft.Maui.Graphics	567	0x06000238	Microsoft.Maui.Graphics.PathF	AppendEllipse	0x2050	NoInlining	Public, HideBySig	0x1003a955c	0x947b26d1	0x1022730a0	0x1022730a0	mapped	0x1022730a0
Microsoft.Maui.Graphics	568	0x06000239	Microsoft.Maui.Graphics.PathF	AppendEllipse	0x2050	NoInlining	Public, HideBySig	0x1003a9560	0x947b26ea	0x102273108	0x102273108	mapped	0x102273108
Microsoft.Maui.Graphics	569	0x0600023a	Microsoft.Maui.Graphics.PathF	AppendCircle	0x2050	NoInlining	Public, HideBySig	0x1003a9564	0x947b2734	0x102273234	0x102273234	mapped	0x102273234
Microsoft.Maui.Graphics	570	0x0600023b	Microsoft.Maui.Graphics.PathF	AppendCircle	0x2050	NoInlining	Public, HideBySig	0x1003a9568	0x947b277a	0x102273350	0x102273350	mapped	0x102273350
Microsoft.Maui.Graphics	571	0x0600023c	Microsoft.Maui.Graphics.PathF	AppendRectangle	0x2050	NoInlining	Public, HideBySig	0x1003a956c	0x947b27c0	0x10227346c	0x10227346c	mapped	0x10227346c
Microsoft.Maui.Graphics	572	0x0600023d	Microsoft.Maui.Graphics.PathF	AppendRectangle	0x2050	NoInlining	Public, HideBySig	0x1003a9570	0x947b27e9	0x102273514	0x102273514	mapped	0x102273514
Microsoft.Maui.Graphics	573	0x0600023e	Microsoft.Maui.Graphics.PathF	AppendRoundedRectangle	0x2050	NoInlining	Public, HideBySig	0x1003a9574	0x947b2812	0x1022735bc	0x1022735bc	mapped	0x1022735bc
Microsoft.Maui.Graphics	574	0x0600023f	Microsoft.Maui.Graphics.PathF	AppendRoundedRectangle	0x2050	NoInlining	Public, HideBySig	0x1003a9578	0x947b2831	0x10227363c	0x10227363c	mapped	0x10227363c
Microsoft.Maui.Graphics	575	0x06000240	Microsoft.Maui.Graphics.PathF	AppendRoundedRectangle	0x2050	NoInlining	Public, HideBySig	0x1003a957c	0x947b2890	0x1022737bc	0x1022737bc	mapped	0x1022737bc
Microsoft.Maui.Graphics	576	0x06000241	Microsoft.Maui.Graphics.PathF	AppendRoundedRectangle	0x2050	NoInlining	Public, HideBySig	0x1003a9580	0x947b28b7	0x10227385c	0x10227385c	mapped	0x10227385c
Microsoft.Maui.Graphics	577	0x06000242	Microsoft.Maui.Graphics.PathF	AppendRoundedRectangle	0x2050	NoInlining	Public, HideBySig	0x1003a9584	0x947b2954	0x102273ad4	0x102273ad4	mapped	0x102273ad4
Microsoft.Maui.Graphics	578	0x06000243	Microsoft.Maui.Graphics.PathF	ClampCornerRadius	0x2050	NoInlining	Private, HideBySig	0x1003a9588	0x947b29c5	0x102273c9c	0x102273c9c	mapped	0x102273c9c
Microsoft.Maui.Graphics	579	0x06000244	Microsoft.Maui.Graphics.PathF	IsSubPathClosed	0x2050	NoInlining	Public, HideBySig	0x1003a958c	0x947b29cc	0x102273cbc	0x102273cbc	mapped	0x102273cbc
Microsoft.Maui.Graphics	580	0x06000245	Microsoft.Maui.Graphics.PathF	get_PlatformPath	0x2050	NoInlining	Public, HideBySig, SpecialName	0x1003a9590	0x947b29fb	0x102273d7c	0x102273d7c	mapped	0x102273d7c
Microsoft.Maui.Graphics	581	0x06000246	Microsoft.Maui.Graphics.PathF	set_PlatformPath	0x2050	NoInlining	Public, HideBySig, SpecialName	0x1003a9594	0x947b2a03	0x102273da0	0x102273da0	mapped	0x102273da0
Microsoft.Maui.Graphics	582	0x06000247	Microsoft.Maui.Graphics.PathF	Invalidate	0x2050	NoInlining	Public, HideBySig	0x1003a9598	0x947b2a1e	0x102273e10	0x102273e10	mapped	0x102273e10
Microsoft.Maui.Graphics	583	0x06000248	Microsoft.Maui.Graphics.PathF	Dispose	0x2050	NoInlining	Public, Final, Virtual, HideBySig, VtableLayoutMask	0x1003a959c	0x947b2a33	0x102273e68	0x102273e68	mapped	0x102273e68
Microsoft.Maui.Graphics	584	0x06000249	Microsoft.Maui.Graphics.PathF	ReleaseNative	0x2050	NoInlining	Private, HideBySig	0x1003a95a0	0x947b2a40	0x102273ea0	0x102273ea0	mapped	0x102273ea0
Microsoft.Maui.Graphics	585	0x0600024a	Microsoft.Maui.Graphics.PathF	Move	0x2050	NoInlining	Public, HideBySig	0x1003a95a4	0x947b2a6f	0x102273f60	0x102273f60	mapped	0x102273f60
Microsoft.Maui.Graphics	586	0x0600024b	Microsoft.Maui.Graphics.PathF	MovePoint	0x2050	NoInlining	Public, HideBySig	0x1003a95a8	0x947b2ac2	0x1022740b0	0x1022740b0	mapped	0x1022740b0
Microsoft.Maui.Graphics	587	0x0600024c	Microsoft.Maui.Graphics.PathF	Equals	0x2050	NoInlining	Public, Virtual, HideBySig	0x1003a95ac	0x947b2b04	0x1022741bc	0x1022741bc	mapped	0x1022741bc
Microsoft.Maui.Graphics	588	0x0600024d	Microsoft.Maui.Graphics.PathF	GetHashCode	0x2050	NoInlining	Public, Virtual, HideBySig	0x1003a95b0	0x947b2c02	0x1022745b8	0x1022745b8	mapped	0x1022745b8
Microsoft.Maui.Graphics	589	0x0600024e	Microsoft.Maui.Graphics.PathF	Equals	0x2050	NoInlining	Public, HideBySig	0x1003a95b4	0x947b2c3d	0x1022746a8	0x1022746a8	mapped	0x1022746a8
Microsoft.Maui.Graphics	590	0x0600024f	Microsoft.Maui.Graphics.PathF	get_Bounds	0x2050	NoInlining	Public, HideBySig, SpecialName	0x1003a95b8	0x947b2d3a	0x102274aa0	0x102274aa0	mapped	0x102274aa0
Microsoft.Maui.Graphics	591	0x06000250	Microsoft.Maui.Graphics.PathF	GetBoundsByFlattening	0x2050	NoInlining	Public, HideBySig	0x1003a95bc	0x947b2d9b	0x102274c28	0x102274c28	mapped	0x102274c28
Microsoft.Maui.Graphics	592	0x06000251	Microsoft.Maui.Graphics.PathF	GetFlattenedPath	0x2050	NoInlining	Public, HideBySig	0x1003a95c0	0x947b2e12	0x102274e08	0x102274e08	mapped	0x102274e08
Microsoft.Maui.Graphics	593	0x06000252	Microsoft.Maui.Graphics.PathF	FlattenArc	0x2050	NoInlining	Private, HideBySig	0x1003a95c4	0x947b314a	0x102275aec	0x102275aec	mapped	0x102275aec
Microsoft.Maui.Graphics	594	0x06000253	Microsoft.Maui.Graphics.PathF	QuadToCubic	0x2050	NoInlining	Private, HideBySig	0x1003a95c8	0x947b31cb	0x102275cf4	0x102275cf4	mapped	0x102275cf4
Microsoft.Maui.Graphics	595	0x06000254	Microsoft.Maui.Graphics.PathF	FlattenCubicSegment	0x2050	NoInlining	Private, HideBySig	0x1003a95cc	0x947b32a6	0x102276064	0x102276064	mapped	0x102276064
Microsoft.Maui.Graphics	596	0x06000255	Microsoft.Maui.Graphics.PathF	DeCasteljau	0x2050	NoInlining	Private, HideBySig	0x1003a95d0	0x947b3441	0x1022766d4	0x1022766d4	mapped	0x1022766d4
Microsoft.Maui.Graphics	597	0x06000256	Microsoft.Maui.Graphics.PathF	GetPointAsVector	0x2050	NoInlining	Private, HideBySig	0x1003a95d4	0x947b34ae	0x10227688c	0x10227688c	mapped	0x10227688c
Microsoft.Maui.Graphics	598	0x06000257	Microsoft.Maui.Graphics.PatternExtensions	AsPaint	0x2050	NoInlining	Public, Static, HideBySig	0x1003a95d8	0x947b34d3	0x102276924	0x102276924	mapped	0x102276924
Microsoft.Maui.Graphics	599	0x06000258	Microsoft.Maui.Graphics.PatternExtensions	AsPaint	0x2050	NoInlining	Public, Static, HideBySig	0x1003a95dc	0x947b34ee	0x102276994	0x102276994	mapped	0x102276994
Microsoft.Maui.Graphics	600	0x06000259	Microsoft.Maui.Graphics.PatternPaint	get_Pattern	0x2050	NoInlining	Public, HideBySig, SpecialName	0x1003a95e0	0x947b351d	0x102276a54	0x102276a54	mapped	0x102276a54
Microsoft.Maui.Graphics	601	0x0600025a	Microsoft.Maui.Graphics.PatternPaint	set_Pattern	0x2050	NoInlining	Public, HideBySig, SpecialName	0x1003a95e4	0x947b3525	0x102276a78	0x102276a78	mapped	0x102276a78
Microsoft.Maui.Graphics	602	0x0600025b	Microsoft.Maui.Graphics.PatternPaint	get_IsTransparent	0x2050	NoInlining	Public, Virtual, HideBySig, SpecialName	0x1003a95e8	0x947b3567	0x102276b84	0x102276b84	mapped	0x102276b84
Microsoft.Maui.Graphics	603	0x0600025c	Microsoft.Maui.Graphics.PatternPaint	.ctor	0x2050	NoInlining	Public, HideBySig, SpecialName, RTSpecialName	0x1003a95ec	0x947b357e	0x102276be4	0x102276be4	mapped	0x102276be4
Microsoft.Maui.Graphics	604	0x0600025d	Microsoft.Maui.Graphics.PdfExportContext	.ctor	0x2050	NoInlining	Family, HideBySig, SpecialName, RTSpecialName	0x1003a95f0	0x947b357e	0x102276be8	0x102276be8	mapped	0x102276be8
Microsoft.Maui.Graphics	605	0x0600025e	Microsoft.Maui.Graphics.PdfExportContext	get_DefaultWidth	0x2050	NoInlining	Public, HideBySig, SpecialName	0x1003a95f4	0x947b35c2	0x102276cfc	0x102276cfc	mapped	0x102276cfc
Microsoft.Maui.Graphics	606	0x0600025f	Microsoft.Maui.Graphics.PdfExportContext	get_DefaultHeight	0x2050	NoInlining	Public, HideBySig, SpecialName	0x1003a95f8	0x947b35ca	0x102276d20	0x102276d20	mapped	0x102276d20
Microsoft.Maui.Graphics	607	0x06000260	Microsoft.Maui.Graphics.PdfExportContext	get_PageCount	0x2050	NoInlining	Public, HideBySig, SpecialName	0x1003a95fc	0x947b35d2	0x102276d44	0x102276d44	mapped	0x102276d44
Microsoft.Maui.Graphics	608	0x06000261	Microsoft.Maui.Graphics.PdfExportContext	AddPage	0x2050	NoInlining	Public, HideBySig	0x1003a9600	0x947b35da	0x102276d68	0x102276d68	mapped	0x102276d68
Microsoft.Maui.Graphics	609	0x06000262	Microsoft.Maui.Graphics.PdfExportContext	Dispose	0x2050	NoInlining	Public, Virtual, HideBySig, VtableLayoutMask	0x1003a9604	0x947b3603	0x102276e10	0x102276e10	mapped	0x102276e10
Microsoft.Maui.Graphics	610	0x06000263	Microsoft.Maui.Graphics.PdfExportContext	AddPageImpl	0x0	NoInlining	Family, Virtual, HideBySig, VtableLayoutMask, Abstract	0x1003a9608	0x97fffd9e	0x1003a8c80		absent	0x1003a8c80
Microsoft.Maui.Graphics	611	0x06000264	Microsoft.Maui.Graphics.PdfExportContext	get_Canvas	0x0	NoInlining	Public, Virtual, HideBySig, VtableLayoutMask, Abstract, SpecialName	0x1003a960c	0x97fffd9d	0x1003a8c80		absent	0x1003a8c80
Microsoft.Maui.Graphics	612	0x06000265	Microsoft.Maui.Graphics.PdfExportContext	WriteToStream	0x0	NoInlining	Public, Virtual, HideBySig, VtableLayoutMask, Abstract	0x1003a9610	0x97fffd9c	0x1003a8c80		absent	0x1003a8c80
Microsoft.Maui.Graphics	613	0x06000266	Microsoft.Maui.Graphics.PdfExportContextExtensions	WriteToFile	0x2050	NoInlining	Public, Static, HideBySig	0x1003a9614	0x947b3600	0x102276e14	0x102276e14	mapped	0x102276e14
Microsoft.Maui.Graphics	614	0x06000267	Microsoft.Maui.Graphics.PdfPageExtensions	AsBytes	0x2050	NoInlining	Public, Static, HideBySig	0x1003a9618	0x947b3647	0x102276f34	0x102276f34	mapped	0x102276f34
Microsoft.Maui.Graphics	615	0x06000268	Microsoft.Maui.Graphics.PdfPageExtensions	AsStream	0x2050	NoInlining	Public, Static, HideBySig	0x1003a961c	0x947b3697	0x102277078	0x102277078	mapped	0x102277078
Microsoft.Maui.Graphics	616	0x06000269	Microsoft.Maui.Graphics.PdfPageExtensions	AsBytesAsync	0x2050	NoInlining	Public, Static, HideBySig	0x1003a9620	0x947b36c3	0x10227712c	0x10227712c	mapped	0x10227712c
Microsoft.Maui.Graphics	617	0x0600026a	Microsoft.Maui.Graphics.PdfPageExtensions	AsBase64	0x2050	NoInlining	Public, Static, HideBySig	0x1003a9624	0x947b36fb	0x102277210	0x102277210	mapped	0x102277210
Microsoft.Maui.Graphics	618	0x0600026b	Microsoft.Maui.Graphics.PictureCanvas	.ctor	0x2050	NoInlining	Public, HideBySig, SpecialName, RTSpecialName	0x1003a9628	0x947b370c	0x102277258	0x102277258	mapped	0x102277258
Microsoft.Maui.Graphics	619	0x0600026c	Microsoft.Maui.Graphics.PictureCanvas	get_Picture	0x2050	NoInlining	Public, HideBySig, SpecialName	0x1003a962c	0x947b3749	0x102277350	0x102277350	mapped	0x102277350
Microsoft.Maui.Graphics	620	0x0600026d	Microsoft.Maui.Graphics.PictureCanvas	Dispose	0x2050	NoInlining	Public, Final, Virtual, HideBySig, VtableLayoutMask	0x1003a9630	0x947b3785	0x102277444	0x102277444	mapped	0x102277444
Microsoft.Maui.Graphics	621	0x0600026e	Microsoft.Maui.Graphics.PictureCanvas	get_DisplayScale	0x2050	NoInlining	Public, Final, Virtual, HideBySig, VtableLayoutMask, SpecialName	0x1003a9634	0x947b37a3	0x1022774c0	0x1022774c0	mapped	0x1022774c0
Microsoft.Maui.Graphics	622	0x0600026f	Microsoft.Maui.Graphics.PictureCanvas	set_DisplayScale	0x2050	NoInlining	Public, Final, Virtual, HideBySig, VtableLayoutMask, SpecialName	0x1003a9638	0x947b37ab	0x1022774e4	0x1022774e4	mapped	0x1022774e4
Microsoft.Maui.Graphics	623	0x06000270	Microsoft.Maui.Graphics.PictureCanvas	set_StrokeSize	0x2050	NoInlining	Public, Final, Virtual, HideBySig, VtableLayoutMask, SpecialName	0x1003a963c	0x947b37b3	0x102277508	0x102277508	mapped	0x102277508
Microsoft.Maui.Graphics	624	0x06000271	Microsoft.Maui.Graphics.PictureCanvas	set_MiterLimit	0x2050	NoInlining	Public, Final, Virtual, HideBySig, VtableLayoutMask, SpecialName	0x1003a9640	0x947b380b	0x10227766c	0x10227766c	mapped	0x10227766c
Microsoft.Maui.Graphics	625	0x06000272	Microsoft.Maui.Graphics.PictureCanvas	set_StrokeColor	0x2050	NoInlining	Public, Final, Virtual, HideBySig, VtableLayoutMask, SpecialName	0x1003a9644	0x947b3863	0x1022777d0	0x1022777d0	mapped	0x1022777d0
Microsoft.Maui.Graphics	626	0x06000273	Microsoft.Maui.Graphics.PictureCanvas	set_StrokeLineCap	0x2050	NoInlining	Public, Final, Virtual, HideBySig, VtableLayoutMask, SpecialName	0x1003a9648	0x947b38bd	0x10227793c	0x10227793c	mapped	0x10227793c
Microsoft.Maui.Graphics	627	0x06000274	Microsoft.Maui.Graphics.PictureCanvas	set_StrokeLineJoin	0x2050	NoInlining	Public, Final, Virtual, HideBySig, VtableLayoutMask, SpecialName	0x1003a964c	0x947b3913	0x102277a98	0x102277a98	mapped	0x102277a98
Microsoft.Maui.Graphics	628	0x06000275	Microsoft.Maui.Graphics.PictureCanvas	set_StrokeDashPattern	0x2050	NoInlining	Public, Final, Virtual, HideBySig, VtableLayoutMask, SpecialName	0x1003a9650	0x947b3969	0x102277bf4	0x102277bf4	mapped	0x102277bf4
Microsoft.Maui.Graphics	629	0x06000276	Microsoft.Maui.Graphics.PictureCanvas	set_StrokeDashOffset	0x2050	NoInlining	Public, Final, Virtual, HideBySig, VtableLayoutMask, SpecialName	0x1003a9654	0x947b39c3	0x102277d60	0x102277d60	mapped	0x102277d60
Microsoft.Maui.Graphics	630	0x06000277	Microsoft.Maui.Graphics.PictureCanvas	set_FillColor	0x2050	NoInlining	Public, Final, Virtual, HideBySig, VtableLayoutMask, SpecialName	0x1003a9658	0x947b3a1b	0x102277ec4	0x102277ec4	mapped	0x102277ec4
Microsoft.Maui.Graphics	631	0x06000278	Microsoft.Maui.Graphics.PictureCanvas	set_FontColor	0x2050	NoInlining	Public, Final, Virtual, HideBySig, VtableLayoutMask, SpecialName	0x1003a965c	0x947b3a75	0x102278030	0x102278030	mapped	0x102278030
Microsoft.Maui.Graphics	632	0x06000279	Microsoft.Maui.Graphics.PictureCanvas	set_Font	0x2050	NoInlining	Public, Final, Virtual, HideBySig, VtableLayoutMask, SpecialName	0x1003a9660	0x947b3acf	0x10227819c	0x10227819c	mapped	0x10227819c
Microsoft.Maui.Graphics	633	0x0600027a	Microsoft.Maui.Graphics.PictureCanvas	set_FontSize	0x2050	NoInlining	Public, Final, Virtual, HideBySig, VtableLayoutMask, SpecialName	0x1003a9664	0x947b3b29	0x102278308	0x102278308	mapped	0x102278308
Microsoft.Maui.Graphics	634	0x0600027b	Microsoft.Maui.Graphics.PictureCanvas	set_Alpha	0x2050	NoInlining	Public, Final, Virtual, HideBySig, VtableLayoutMask, SpecialName	0x1003a9668	0x947b3b81	0x10227846c	0x10227846c	mapped	0x10227846c
Microsoft.Maui.Graphics	635	0x0600027c	Microsoft.Maui.Graphics.PictureCanvas	set_Antialias	0x2050	NoInlining	Public, Final, Virtual, HideBySig, VtableLayoutMask, SpecialName	0x1003a966c	0x947b3bd9	0x1022785d0	0x1022785d0	mapped	0x1022785d0
Microsoft.Maui.Graphics	636	0x0600027d	Microsoft.Maui.Graphics.PictureCanvas	set_BlendMode	0x2050	NoInlining	Public, Final, Virtual, HideBySig, VtableLayoutMask, SpecialName	0x1003a9670	0x947b3bd9	0x1022785d4	0x1022785d4	mapped	0x1022785d4
Microsoft.Maui.Graphics	637	0x0600027e	Microsoft.Maui.Graphics.PictureCanvas	SubtractFromClip	0x2050	NoInlining	Public, Final, Virtual, HideBySig, VtableLayoutMask	0x1003a9674	0x947b3c2f	0x102278730	0x102278730	mapped	0x102278730
Microsoft.Maui.Graphics	638	0x0600027f	Microsoft.Maui.Graphics.PictureCanvas	DrawLine	0x2050	NoInlining	Public, Final, Virtual, HideBySig, VtableLayoutMask	0x1003a9678	0x947b3c8d	0x1022788ac	0x1022788ac	mapped	0x1022788ac
Microsoft.Maui.Graphics	639	0x06000280	Microsoft.Maui.Graphics.PictureCanvas	DrawArc	0x2050	NoInlining	Public, Final, Virtual, HideBySig, VtableLayoutMask	0x1003a967c	0x947b3ceb	0x102278a28	0x102278a28	mapped	0x102278a28
Microsoft.Maui.Graphics	640	0x06000281	Microsoft.Maui.Graphics.PictureCanvas	FillArc	0x2050	NoInlining	Public, Final, Virtual, HideBySig, VtableLayoutMask	0x1003a9680	0x947b3d54	0x102278bd0	0x102278bd0	mapped	0x102278bd0
Microsoft.Maui.Graphics	641	0x06000282	Microsoft.Maui.Graphics.PictureCanvas	DrawRectangle	0x2050	NoInlining	Public, Final, Virtual, HideBySig, VtableLayoutMask	0x1003a9684	0x947b3dbc	0x102278d74	0x102278d74	mapped	0x102278d74
Microsoft.Maui.Graphics	642	0x06000283	Microsoft.Maui.Graphics.PictureCanvas	FillRectangle	0x2050	NoInlining	Public, Final, Virtual, HideBySig, VtableLayoutMask	0x1003a9688	0x947b3e1a	0x102278ef0	0x102278ef0	mapped	0x102278ef0
Microsoft.Maui.Graphics	643	0x06000284	Microsoft.Maui.Graphics.PictureCanvas	DrawRoundedRectangle	0x2050	NoInlining	Public, Final, Virtual, HideBySig, VtableLayoutMask	0x1003a968c	0x947b3e78	0x10227906c	0x10227906c	mapped	0x10227906c
Microsoft.Maui.Graphics	644	0x06000285	Microsoft.Maui.Graphics.PictureCanvas	FillRoundedRectangle	0x2050	NoInlining	Public, Final, Virtual, HideBySig, VtableLayoutMask	0x1003a9690	0x947b3edc	0x102279200	0x102279200	mapped	0x102279200
Microsoft.Maui.Graphics	645	0x06000286	Microsoft.Maui.Graphics.PictureCanvas	DrawEllipse	0x2050	NoInlining	Public, Final, Virtual, HideBySig, VtableLayoutMask	0x1003a9694	0x947b3f40	0x102279394	0x102279394	mapped	0x102279394
Microsoft.Maui.Graphics	646	0x06000287	Microsoft.Maui.Graphics.PictureCanvas	FillEllipse	0x2050	NoInlining	Public, Final, Virtual, HideBySig, VtableLayoutMask	0x1003a9698	0x947b3f9e	0x102279510	0x102279510	mapped	0x102279510
Microsoft.Maui.Graphics	647	0x06000288	Microsoft.Maui.Graphics.PictureCanvas	DrawString	0x2050	NoInlining	Public, Final, Virtual, HideBySig, VtableLayoutMask	0x1003a969c	0x947b3ffc	0x10227968c	0x10227968c	mapped	0x10227968c
Microsoft.Maui.Graphics	648	0x06000289	Microsoft.Maui.Graphics.PictureCanvas	DrawString	0x2050	NoInlining	Public, Final, Virtual, HideBySig, VtableLayoutMask	0x1003a96a0	0x947b405f	0x10227981c	0x10227981c	mapped	0x10227981c
Microsoft.Maui.Graphics	649	0x0600028a	Microsoft.Maui.Graphics.PictureCanvas	DrawText	0x2050	NoInlining	Public, Final, Virtual, HideBySig, VtableLayoutMask	0x1003a96a4	0x947b40d2	0x1022799ec	0x1022799ec	mapped	0x1022799ec
Microsoft.Maui.Graphics	650	0x0600028b	Microsoft.Maui.Graphics.PictureCanvas	DrawPath	0x2050	NoInlining	Public, Final, Virtual, HideBySig, VtableLayoutMask	0x1003a96a8	0x947b4138	0x102279b88	0x102279b88	mapped	0x102279b88
Microsoft.Maui.Graphics	651	0x0600028c	Microsoft.Maui.Graphics.PictureCanvas	FillPath	0x2050	NoInlining	Public, Final, Virtual, HideBySig, VtableLayoutMask	0x1003a96ac	0x947b4192	0x102279cf4	0x102279cf4	mapped	0x102279cf4
Microsoft.Maui.Graphics	652	0x0600028d	Microsoft.Maui.Graphics.PictureCanvas	ClipPath	0x2050	NoInlining	Public, Final, Virtual, HideBySig, VtableLayoutMask	0x1003a96b0	0x947b41f0	0x102279e70	0x102279e70	mapped	0x102279e70
Microsoft.Maui.Graphics	653	0x0600028e	Microsoft.Maui.Graphics.PictureCanvas	ClipRectangle	0x2050	NoInlining	Public, Final, Virtual, HideBySig, VtableLayoutMask	0x1003a96b4	0x947b424e	0x102279fec	0x102279fec	mapped	0x102279fec
Microsoft.Maui.Graphics	654	0x0600028f	Microsoft.Maui.Graphics.PictureCanvas	Rotate	0x2050	NoInlining	Public, Final, Virtual, HideBySig, VtableLayoutMask	0x1003a96b8	0x947b42ac	0x10227a168	0x10227a168	mapped	0x10227a168
Microsoft.Maui.Graphics	655	0x06000290	Microsoft.Maui.Graphics.PictureCanvas	Rotate	0x2050	NoInlining	Public, Final, Virtual, HideBySig, VtableLayoutMask	0x1003a96bc	0x947b430a	0x10227a2e4	0x10227a2e4	mapped	0x10227a2e4
Microsoft.Maui.Graphics	656	0x06000291	Microsoft.Maui.Graphics.PictureCanvas	Scale	0x2050	NoInlining	Public, Final, Virtual, HideBySig, VtableLayoutMask	0x1003a96c0	0x947b4362	0x10227a448	0x10227a448	mapped	0x10227a448
Microsoft.Maui.Graphics	657	0x06000292	Microsoft.Maui.Graphics.PictureCanvas	Translate	0x2050	NoInlining	Public, Final, Virtual, HideBySig, VtableLayoutMask	0x1003a96c4	0x947b43bb	0x10227a5b0	0x10227a5b0	mapped	0x10227a5b0
Microsoft.Maui.Graphics	658	0x06000293	Microsoft.Maui.Graphics.PictureCanvas	ConcatenateTransform	0x2050	NoInlining	Public, Final, Virtual, HideBySig, VtableLayoutMask	0x1003a96c8	0x947b4414	0x10227a718	0x10227a718	mapped	0x10227a718
Microsoft.Maui.Graphics	659	0x06000294	Microsoft.Maui.Graphics.PictureCanvas	SaveState	0x2050	NoInlining	Public, Final, Virtual, HideBySig, VtableLayoutMask	0x1003a96cc	0x947b446d	0x10227a880	0x10227a880	mapped	0x10227a880
Microsoft.Maui.Graphics	660	0x06000295	Microsoft.Maui.Graphics.PictureCanvas	RestoreState	0x2050	NoInlining	Public, Final, Virtual, HideBySig, VtableLayoutMask	0x1003a96d0	0x947b44cb	0x10227a9fc	0x10227a9fc	mapped	0x10227a9fc
Microsoft.Maui.Graphics	661	0x06000296	Microsoft.Maui.Graphics.PictureCanvas	ResetState	0x2050	NoInlining	Public, Final, Virtual, HideBySig, VtableLayoutMask	0x1003a96d4	0x947b452a	0x10227ab7c	0x10227ab7c	mapped	0x10227ab7c
Microsoft.Maui.Graphics	662	0x06000297	Microsoft.Maui.Graphics.PictureCanvas	SetShadow	0x2050	NoInlining	Public, Final, Virtual, HideBySig, VtableLayoutMask	0x1003a96d8	0x947b452a	0x10227ab80	0x10227ab80	mapped	0x10227ab80
Microsoft.Maui.Graphics	663	0x06000298	Microsoft.Maui.Graphics.PictureCanvas	SetFillPaint	0x2050	NoInlining	Public, HideBySig	0x1003a96dc	0x947b458d	0x10227ad10	0x10227ad10	mapped	0x10227ad10
Microsoft.Maui.Graphics	664	0x06000299	Microsoft.Maui.Graphics.PictureCanvas	SetFillPaint	0x2050	NoInlining	Public, Final, Virtual, HideBySig, VtableLayoutMask	0x1003a96e0	0x947b45f3	0x10227aeac	0x10227aeac	mapped	0x10227aeac
Microsoft.Maui.Graphics	665	0x0600029a	Microsoft.Maui.Graphics.PictureCanvas	GetStringSize	0x2050	NoInlining	Public, Final, Virtual, HideBySig, VtableLayoutMask	0x1003a96e4	0x947b4659	0x10227b048	0x10227b048	mapped	0x10227b048
Microsoft.Maui.Graphics	666	0x0600029b	Microsoft.Maui.Graphics.PictureCanvas	GetStringSize	0x2050	NoInlining	Public, Final, Virtual, HideBySig, VtableLayoutMask	0x1003a96e8	0x947b4663	0x10227b074	0x10227b074	mapped	0x10227b074
Microsoft.Maui.Graphics	667	0x0600029c	Microsoft.Maui.Graphics.PictureCanvas	DrawImage	0x2050	NoInlining	Public, Final, Virtual, HideBySig, VtableLayoutMask	0x1003a96ec	0x947b466d	0x10227b0a0	0x10227b0a0	mapped	0x10227b0a0
Microsoft.Maui.Graphics	668	0x0600029d	Microsoft.Maui.Graphics.PictureExtensions	GetBounds	0x2050	NoInlining	Public, Static, HideBySig	0x1003a96f0	0x947b46d3	0x10227b23c	0x10227b23c	mapped	0x10227b23c
Microsoft.Maui.Graphics	669	0x0600029e	Microsoft.Maui.Graphics.PicturePattern	.ctor	0x2050	NoInlining	Public, HideBySig, SpecialName, RTSpecialName	0x1003a96f4	0x947b4719	0x10227b358	0x10227b358	mapped	0x10227b358
Microsoft.Maui.Graphics	670	0x0600029f	Microsoft.Maui.Graphics.PicturePattern	.ctor	0x2050	NoInlining	Public, HideBySig, SpecialName, RTSpecialName	0x1003a96f8	0x947b475a	0x10227b460	0x10227b460	mapped	0x10227b460
Microsoft.Maui.Graphics	671	0x060002a0	Microsoft.Maui.Graphics.PicturePattern	Draw	0x2050	NoInlining	Public, Virtual, HideBySig	0x1003a96fc	0x947b4797	0x10227b558	0x10227b558	mapped	0x10227b558
Microsoft.Maui.Graphics	672	0x060002a1	Microsoft.Maui.Graphics.IPictureReader	Read	0x0	NoInlining	Public, Virtual, HideBySig, VtableLayoutMask, Abstract	0x1003a9700	0x97fffd60	0x1003a8c80		absent	0x1003a8c80
Microsoft.Maui.Graphics	673	0x060002a2	Microsoft.Maui.Graphics.PictureReaderExtensions	Read	0x2050	NoInlining	Public, Static, HideBySig	0x1003a9704	0x947b47be	0x10227b5fc	0x10227b5fc	mapped	0x10227b5fc
Microsoft.Maui.Graphics	674	0x060002a3	Microsoft.Maui.Graphics.PictureReaderExtensions	ReadAsync	0x2050	NoInlining	Public, Static, HideBySig	0x1003a9708	0x947b47fc	0x10227b6f8	0x10227b6f8	mapped	0x10227b6f8
Microsoft.Maui.Graphics	675	0x060002a4	Microsoft.Maui.Graphics.PictureWriterExtensions	SaveAsBytes	0x2050	NoInlining	Public, Static, HideBySig	0x1003a970c	0x947b483a	0x10227b7f4	0x10227b7f4	mapped	0x10227b7f4
Microsoft.Maui.Graphics	676	0x060002a5	Microsoft.Maui.Graphics.PictureWriterExtensions	SaveAsBytesAsync	0x2050	NoInlining	Public, Static, HideBySig	0x1003a9710	0x947b488b	0x10227b93c	0x10227b93c	mapped	0x10227b93c
Microsoft.Maui.Graphics	677	0x060002a6	Microsoft.Maui.Graphics.PictureWriterExtensions	SaveAsBase64	0x2050	NoInlining	Public, Static, HideBySig	0x1003a9714	0x947b48c9	0x10227ba38	0x10227ba38	mapped	0x10227ba38
Microsoft.Maui.Graphics	678	0x060002a7	Microsoft.Maui.Graphics.PictureWriterExtensions	SaveAsStream	0x2050	NoInlining	Public, Static, HideBySig	0x1003a9718	0x947b48dc	0x10227ba88	0x10227ba88	mapped	0x10227ba88
Microsoft.Maui.Graphics	679	0x060002a8	Microsoft.Maui.Graphics.RectF	op_Implicit	0x2050	NoInlining	Public, Static, HideBySig, SpecialName	0x1003a971c	0x947b4902	0x10227bb24	0x10227bb24	mapped	0x10227bb24
Microsoft.Maui.Graphics	680	0x060002a9	Microsoft.Maui.Graphics.RectF	get_X	0x2050	NoInlining	Public, HideBySig, SpecialName	0x1003a9720	0x947b4929	0x10227bbc4	0x10227bbc4	mapped	0x10227bbc4
Microsoft.Maui.Graphics	681	0x060002aa	Microsoft.Maui.Graphics.RectF	set_X	0x2050	NoInlining	Public, HideBySig, SpecialName	0x1003a9724	0x947b4931	0x10227bbe8	0x10227bbe8	mapped	0x10227bbe8
Microsoft.Maui.Graphics	682	0x060002ab	Microsoft.Maui.Graphics.RectF	get_Y	0x2050	NoInlining	Public, HideBySig, SpecialName	0x1003a9728	0x947b4939	0x10227bc0c	0x10227bc0c	mapped	0x10227bc0c
Microsoft.Maui.Graphics	683	0x060002ac	Microsoft.Maui.Graphics.RectF	set_Y	0x2050	NoInlining	Public, HideBySig, SpecialName	0x1003a972c	0x947b4941	0x10227bc30	0x10227bc30	mapped	0x10227bc30
Microsoft.Maui.Graphics	684	0x060002ad	Microsoft.Maui.Graphics.RectF	get_Width	0x2050	NoInlining	Public, HideBySig, SpecialName	0x1003a9730	0x947b4949	0x10227bc54	0x10227bc54	mapped	0x10227bc54
Microsoft.Maui.Graphics	685	0x060002ae	Microsoft.Maui.Graphics.RectF	set_Width	0x2050	NoInlining	Public, HideBySig, SpecialName	0x1003a9734	0x947b4951	0x10227bc78	0x10227bc78	mapped	0x10227bc78
Microsoft.Maui.Graphics	686	0x060002af	Microsoft.Maui.Graphics.RectF	get_Height	0x2050	NoInlining	Public, HideBySig, SpecialName	0x1003a9738	0x947b4959	0x10227bc9c	0x10227bc9c	mapped	0x10227bc9c
Microsoft.Maui.Graphics	687	0x060002b0	Microsoft.Maui.Graphics.RectF	set_Height	0x2050	NoInlining	Public, HideBySig, SpecialName	0x1003a973c	0x947b4961	0x10227bcc0	0x10227bcc0	mapped	0x10227bcc0
Microsoft.Maui.Graphics	688	0x060002b1	Microsoft.Maui.Graphics.RectF	ToString	0x2050	NoInlining	Public, Virtual, HideBySig	0x1003a9740	0x947b4969	0x10227bce4	0x10227bce4	mapped	0x10227bce4
Microsoft.Maui.Graphics	689	0x060002b2	Microsoft.Maui.Graphics.RectF	.ctor	0x2050	NoInlining	Public, HideBySig, SpecialName, RTSpecialName	0x1003a9744	0x947b49d9	0x10227bea8	0x10227bea8	mapped	0x10227bea8
Microsoft.Maui.Graphics	690	0x060002b3	Microsoft.Maui.Graphics.RectF	.ctor	0x2050	NoInlining	Public, HideBySig, SpecialName, RTSpecialName	0x1003a9748	0x947b49f3	0x10227bf14	0x10227bf14	mapped	0x10227bf14
Microsoft.Maui.Graphics	691	0x060002b4	Microsoft.Maui.Graphics.RectF	FromLTRB	0x2050	NoInlining	Public, Static, HideBySig	0x1003a974c	0x947b4a17	0x10227bfa8	0x10227bfa8	mapped	0x10227bfa8
Microsoft.Maui.Graphics	692	0x060002b5	Microsoft.Maui.Graphics.RectF	Equals	0x2050	NoInlining	Public, HideBySig	0x1003a9750	0x947b4a3d	0x10227c044	0x10227c044	mapped	0x10227c044
Microsoft.Maui.Graphics	693	0x060002b6	Microsoft.Maui.Graphics.RectF	Equals	0x2050	NoInlining	Public, Virtual, HideBySig	0x1003a9754	0x947b4a68	0x10227c0f4	0x10227c0f4	mapped	0x10227c0f4
Microsoft.Maui.Graphics	694	0x060002b7	Microsoft.Maui.Graphics.RectF	GetHashCode	0x2050	NoInlining	Public, Virtual, HideBySig	0x1003a9758	0x947b4a9c	0x10227c1c8	0x10227c1c8	mapped	0x10227c1c8
Microsoft.Maui.Graphics	695	0x060002b8	Microsoft.Maui.Graphics.RectF	op_Equality	0x2050	NoInlining	Public, Static, HideBySig, SpecialName	0x1003a975c	0x947b4ac7	0x10227c278	0x10227c278	mapped	0x10227c278
Microsoft.Maui.Graphics	696	0x060002b9	Microsoft.Maui.Graphics.RectF	op_Inequality	0x2050	NoInlining	Public, Static, HideBySig, SpecialName	0x1003a9760	0x947b4b0b	0x10227c38c	0x10227c38c	mapped	0x10227c38c
Microsoft.Maui.Graphics	697	0x060002ba	Microsoft.Maui.Graphics.RectF	Contains	0x2050	NoInlining	Public, HideBySig	0x1003a9764	0x947b4b39	0x10227c448	0x10227c448	mapped	0x10227c448
Microsoft.Maui.Graphics	698	0x060002bb	Microsoft.Maui.Graphics.RectF	Contains	0x2050	NoInlining	Public, HideBySig	0x1003a9768	0x947b4b53	0x10227c4b4	0x10227c4b4	mapped	0x10227c4b4
Microsoft.Maui.Graphics	699	0x060002bc	Microsoft.Maui.Graphics.RectF	Contains	0x2050	NoInlining	Public, HideBySig	0x1003a976c	0x947b4b66	0x10227c504	0x10227c504	mapped	0x10227c504
Microsoft.Maui.Graphics	700	0x060002bd	Microsoft.Maui.Graphics.RectF	IntersectsWith	0x2050	NoInlining	Public, HideBySig	0x1003a9770	0x947b4b7e	0x10227c568	0x10227c568	mapped	0x10227c568
Microsoft.Maui.Graphics	701	0x060002be	Microsoft.Maui.Graphics.RectF	Union	0x2050	NoInlining	Public, HideBySig	0x1003a9774	0x947b4b99	0x10227c5d8	0x10227c5d8	mapped	0x10227c5d8
Microsoft.Maui.Graphics	702	0x060002bf	Microsoft.Maui.Graphics.RectF	Union	0x2050	NoInlining	Public, Static, HideBySig	0x1003a9778	0x947b4bb9	0x10227c65c	0x10227c65c	mapped	0x10227c65c
Microsoft.Maui.Graphics	703	0x060002c0	Microsoft.Maui.Graphics.RectF	Intersect	0x2050	NoInlining	Public, HideBySig	0x1003a977c	0x947b4c0c	0x10227c7ac	0x10227c7ac	mapped	0x10227c7ac
Microsoft.Maui.Graphics	704	0x060002c1	Microsoft.Maui.Graphics.RectF	Intersect	0x2050	NoInlining	Public, Static, HideBySig	0x1003a9780	0x947b4c2c	0x10227c830	0x10227c830	mapped	0x10227c830
Microsoft.Maui.Graphics	705	0x060002c2	Microsoft.Maui.Graphics.RectF	get_Top	0x2050	NoInlining	Public, HideBySig, SpecialName	0x1003a9784	0x947b4c92	0x10227c9cc	0x10227c9cc	mapped	0x10227c9cc
Microsoft.Maui.Graphics	706	0x060002c3	Microsoft.Maui.Graphics.RectF	set_Top	0x2050	NoInlining	Public, HideBySig, SpecialName	0x1003a9788	0x947b4c9a	0x10227c9f0	0x10227c9f0	mapped	0x10227c9f0
Microsoft.Maui.Graphics	707	0x060002c4	Microsoft.Maui.Graphics.RectF	get_Bottom	0x2050	NoInlining	Public, HideBySig, SpecialName	0x1003a978c	0x947b4ca2	0x10227ca14	0x10227ca14	mapped	0x10227ca14
Microsoft.Maui.Graphics	708	0x060002c5	Microsoft.Maui.Graphics.RectF	set_Bottom	0x2050	NoInlining	Public, HideBySig, SpecialName	0x1003a9790	0x947b4cac	0x10227ca40	0x10227ca40	mapped	0x10227ca40
Microsoft.Maui.Graphics	709	0x060002c6	Microsoft.Maui.Graphics.RectF	get_Right	0x2050	NoInlining	Public, HideBySig, SpecialName	0x1003a9794	0x947b4cb6	0x10227ca6c	0x10227ca6c	mapped	0x10227ca6c
Microsoft.Maui.Graphics	710	0x060002c7	Microsoft.Maui.Graphics.RectF	set_Right	0x2050	NoInlining	Public, HideBySig, SpecialName	0x1003a9798	0x947b4cc0	0x10227ca98	0x10227ca98	mapped	0x10227ca98
Microsoft.Maui.Graphics	711	0x060002c8	Microsoft.Maui.Graphics.RectF	get_Left	0x2050	NoInlining	Public, HideBySig, SpecialName	0x1003a979c	0x947b4cca	0x10227cac4	0x10227cac4	mapped	0x10227cac4
Microsoft.Maui.Graphics	712	0x060002c9	Microsoft.Maui.Graphics.RectF	set_Left	0x2050	NoInlining	Public, HideBySig, SpecialName	0x1003a97a0	0x947b4cd2	0x10227cae8	0x10227cae8	mapped	0x10227cae8
Microsoft.Maui.Graphics	713	0x060002ca	Microsoft.Maui.Graphics.RectF	get_IsEmpty	0x2050	NoInlining	Public, HideBySig, SpecialName	0x1003a97a4	0x947b4cda	0x10227cb0c	0x10227cb0c	mapped	0x10227cb0c
Microsoft.Maui.Graphics	714	0x060002cb	Microsoft.Maui.Graphics.RectF	get_Size	0x2050	NoInlining	Public, HideBySig, SpecialName	0x1003a97a8	0x947b4cea	0x10227cb50	0x10227cb50	mapped	0x10227cb50
Microsoft.Maui.Graphics	715	0x060002cc	Microsoft.Maui.Graphics.RectF	set_Size	0x2050	NoInlining	Public, HideBySig, SpecialName	0x1003a97ac	0x947b4cf3	0x10227cb78	0x10227cb78	mapped	0x10227cb78
Microsoft.Maui.Graphics	716	0x060002cd	Microsoft.Maui.Graphics.RectF	get_Location	0x2050	NoInlining	Public, HideBySig, SpecialName	0x1003a97b0	0x947b4cfb	0x10227cb9c	0x10227cb9c	mapped	0x10227cb9c
Microsoft.Maui.Graphics	717	0x060002ce	Microsoft.Maui.Graphics.RectF	set_Location	0x2050	NoInlining	Public, HideBySig, SpecialName	0x1003a97b4	0x947b4d04	0x10227cbc4	0x10227cbc4	mapped	0x10227cbc4
Microsoft.Maui.Graphics	718	0x060002cf	Microsoft.Maui.Graphics.RectF	get_Center	0x2050	NoInlining	Public, HideBySig, SpecialName	0x1003a97b8	0x947b4d0c	0x10227cbe8	0x10227cbe8	mapped	0x10227cbe8
Microsoft.Maui.Graphics	719	0x060002d0	Microsoft.Maui.Graphics.RectF	Inflate	0x2050	NoInlining	Public, HideBySig	0x1003a97bc	0x947b4d1b	0x10227cc28	0x10227cc28	mapped	0x10227cc28
Microsoft.Maui.Graphics	720	0x060002d1	Microsoft.Maui.Graphics.RectF	Inflate	0x2050	NoInlining	Public, HideBySig	0x1003a97c0	0x947b4d33	0x10227cc8c	0x10227cc8c	mapped	0x10227cc8c
Microsoft.Maui.Graphics	721	0x060002d2	Microsoft.Maui.Graphics.RectF	Offset	0x2050	NoInlining	Public, HideBySig	0x1003a97c4	0x947b4d3b	0x10227ccb0	0x10227ccb0	mapped	0x10227ccb0
Microsoft.Maui.Graphics	722	0x060002d3	Microsoft.Maui.Graphics.RectF	Offset	0x2050	NoInlining	Public, HideBySig	0x1003a97c8	0x947b4d3f	0x10227ccc4	0x10227ccc4	mapped	0x10227ccc4
Microsoft.Maui.Graphics	723	0x060002d4	Microsoft.Maui.Graphics.RectF	Round	0x2050	NoInlining	Public, HideBySig	0x1003a97cc	0x947b4d53	0x10227cd18	0x10227cd18	mapped	0x10227cd18
Microsoft.Maui.Graphics	724	0x060002d5	Microsoft.Maui.Graphics.RectF	Deconstruct	0x2050	NoInlining	Public, HideBySig	0x1003a97d0	0x947b4d82	0x10227cdd8	0x10227cdd8	mapped	0x10227cdd8
Microsoft.Maui.Graphics	725	0x060002d6	Microsoft.Maui.Graphics.RectF	op_Implicit	0x2050	NoInlining	Public, Static, HideBySig, SpecialName	0x1003a97d4	0x947b4da2	0x10227ce5c	0x10227ce5c	mapped	0x10227ce5c
Microsoft.Maui.Graphics	726	0x060002d7	Microsoft.Maui.Graphics.RectF	TryParse	0x2050	NoInlining	Public, Static, HideBySig	0x1003a97d8	0x947b4dc9	0x10227cefc	0x10227cefc	mapped	0x10227cefc
Microsoft.Maui.Graphics	727	0x060002d8	Microsoft.Maui.Graphics.RectF	.cctor	0x2050	NoInlining	Private, Static, HideBySig, SpecialName, RTSpecialName	0x1003a97dc	0x947b4e58	0x10227d13c	0x10227d13c	mapped	0x10227d13c
Microsoft.Maui.Graphics	728	0x060002d9	Microsoft.Maui.Graphics.Rect	op_Implicit	0x2050	NoInlining	Public, Static, HideBySig, SpecialName	0x1003a97e0	0x947b4e58	0x10227d140	0x10227d140	mapped	0x10227d140
Microsoft.Maui.Graphics	729	0x060002da	Microsoft.Maui.Graphics.Rect	get_X	0x2050	NoInlining	Public, HideBySig, SpecialName	0x1003a97e4	0x947b4e7f	0x10227d1e0	0x10227d1e0	mapped	0x10227d1e0
Microsoft.Maui.Graphics	730	0x060002db	Microsoft.Maui.Graphics.Rect	set_X	0x2050	NoInlining	Public, HideBySig, SpecialName	0x1003a97e8	0x947b4e87	0x10227d204	0x10227d204	mapped	0x10227d204
Microsoft.Maui.Graphics	731	0x060002dc	Microsoft.Maui.Graphics.Rect	get_Y	0x2050	NoInlining	Public, HideBySig, SpecialName	0x1003a97ec	0x947b4e8f	0x10227d228	0x10227d228	mapped	0x10227d228
Microsoft.Maui.Graphics	732	0x060002dd	Microsoft.Maui.Graphics.Rect	set_Y	0x2050	NoInlining	Public, HideBySig, SpecialName	0x1003a97f0	0x947b4e97	0x10227d24c	0x10227d24c	mapped	0x10227d24c
Microsoft.Maui.Graphics	733	0x060002de	Microsoft.Maui.Graphics.Rect	get_Width	0x2050	NoInlining	Public, HideBySig, SpecialName	0x1003a97f4	0x947b4e9f	0x10227d270	0x10227d270	mapped	0x10227d270
Microsoft.Maui.Graphics	734	0x060002df	Microsoft.Maui.Graphics.Rect	set_Width	0x2050	NoInlining	Public, HideBySig, SpecialName	0x1003a97f8	0x947b4ea7	0x10227d294	0x10227d294	mapped	0x10227d294
Microsoft.Maui.Graphics	735	0x060002e0	Microsoft.Maui.Graphics.Rect	get_Height	0x2050	NoInlining	Public, HideBySig, SpecialName	0x1003a97fc	0x947b4eaf	0x10227d2b8	0x10227d2b8	mapped	0x10227d2b8
Microsoft.Maui.Graphics	736	0x060002e1	Microsoft.Maui.Graphics.Rect	set_Height	0x2050	NoInlining	Public, HideBySig, SpecialName	0x1003a9800	0x947b4eb7	0x10227d2dc	0x10227d2dc	mapped	0x10227d2dc
Microsoft.Maui.Graphics	737	0x060002e2	Microsoft.Maui.Graphics.Rect	ToString	0x2050	NoInlining	Public, Virtual, HideBySig	0x1003a9804	0x947b4ebf	0x10227d300	0x10227d300	mapped	0x10227d300
Microsoft.Maui.Graphics	738	0x060002e3	Microsoft.Maui.Graphics.Rect	.ctor	0x2050	NoInlining	Public, HideBySig, SpecialName, RTSpecialName	0x1003a9808	0x947b4f2f	0x10227d4c4	0x10227d4c4	mapped	0x10227d4c4
Microsoft.Maui.Graphics	739	0x060002e4	Microsoft.Maui.Graphics.Rect	.ctor	0x2050	NoInlining	Public, HideBySig, SpecialName, RTSpecialName	0x1003a980c	0x947b4f49	0x10227d530	0x10227d530	mapped	0x10227d530
Microsoft.Maui.Graphics	740	0x060002e5	Microsoft.Maui.Graphics.Rect	FromLTRB	0x2050	NoInlining	Public, Static, HideBySig	0x1003a9810	0x947b4f6d	0x10227d5c4	0x10227d5c4	mapped	0x10227d5c4
Microsoft.Maui.Graphics	741	0x060002e6	Microsoft.Maui.Graphics.Rect	Equals	0x2050	NoInlining	Public, HideBySig	0x1003a9814	0x947b4f94	0x10227d664	0x10227d664	mapped	0x10227d664
Microsoft.Maui.Graphics	742	0x060002e7	Microsoft.Maui.Graphics.Rect	Equals	0x2050	NoInlining	Public, Virtual, HideBySig	0x1003a9818	0x947b4fbf	0x10227d714	0x10227d714	mapped	0x10227d714
Microsoft.Maui.Graphics	743	0x060002e8	Microsoft.Maui.Graphics.Rect	GetHashCode	0x2050	NoInlining	Public, Virtual, HideBySig	0x1003a981c	0x947b4ff3	0x10227d7e8	0x10227d7e8	mapped	0x10227d7e8
Microsoft.Maui.Graphics	744	0x060002e9	Microsoft.Maui.Graphics.Rect	op_Equality	0x2050	NoInlining	Public, Static, HideBySig, SpecialName	0x1003a9820	0x947b502a	0x10227d8c8	0x10227d8c8	mapped	0x10227d8c8
Microsoft.Maui.Graphics	745	0x060002ea	Microsoft.Maui.Graphics.Rect	op_Inequality	0x2050	NoInlining	Public, Static, HideBySig, SpecialName	0x1003a9824	0x947b506e	0x10227d9dc	0x10227d9dc	mapped	0x10227d9dc
Microsoft.Maui.Graphics	746	0x060002eb	Microsoft.Maui.Graphics.Rect	Contains	0x2050	NoInlining	Public, HideBySig	0x1003a9828	0x947b509c	0x10227da98	0x10227da98	mapped	0x10227da98
Microsoft.Maui.Graphics	747	0x060002ec	Microsoft.Maui.Graphics.Rect	Contains	0x2050	NoInlining	Public, HideBySig	0x1003a982c	0x947b50b6	0x10227db04	0x10227db04	mapped	0x10227db04
Microsoft.Maui.Graphics	748	0x060002ed	Microsoft.Maui.Graphics.Rect	Contains	0x2050	NoInlining	Public, HideBySig	0x1003a9830	0x947b50c9	0x10227db54	0x10227db54	mapped	0x10227db54
Microsoft.Maui.Graphics	749	0x060002ee	Microsoft.Maui.Graphics.Rect	IntersectsWith	0x2050	NoInlining	Public, HideBySig	0x1003a9834	0x947b50e1	0x10227dbb8	0x10227dbb8	mapped	0x10227dbb8
Microsoft.Maui.Graphics	750	0x060002ef	Microsoft.Maui.Graphics.Rect	Union	0x2050	NoInlining	Public, HideBySig	0x1003a9838	0x947b50fc	0x10227dc28	0x10227dc28	mapped	0x10227dc28
Microsoft.Maui.Graphics	751	0x060002f0	Microsoft.Maui.Graphics.Rect	Union	0x2050	NoInlining	Public, Static, HideBySig	0x1003a983c	0x947b511c	0x10227dcac	0x10227dcac	mapped	0x10227dcac
Microsoft.Maui.Graphics	752	0x060002f1	Microsoft.Maui.Graphics.Rect	Intersect	0x2050	NoInlining	Public, HideBySig	0x1003a9840	0x947b516f	0x10227ddfc	0x10227ddfc	mapped	0x10227ddfc
Microsoft.Maui.Graphics	753	0x060002f2	Microsoft.Maui.Graphics.Rect	Intersect	0x2050	NoInlining	Public, Static, HideBySig	0x1003a9844	0x947b518f	0x10227de80	0x10227de80	mapped	0x10227de80
Microsoft.Maui.Graphics	754	0x060002f3	Microsoft.Maui.Graphics.Rect	get_Top	0x2050	NoInlining	Public, HideBySig, SpecialName	0x1003a9848	0x947b51f6	0x10227e020	0x10227e020	mapped	0x10227e020
Microsoft.Maui.Graphics	755	0x060002f4	Microsoft.Maui.Graphics.Rect	set_Top	0x2050	NoInlining	Public, HideBySig, SpecialName	0x1003a984c	0x947b51fe	0x10227e044	0x10227e044	mapped	0x10227e044
Microsoft.Maui.Graphics	756	0x060002f5	Microsoft.Maui.Graphics.Rect	get_Bottom	0x2050	NoInlining	Public, HideBySig, SpecialName	0x1003a9850	0x947b5206	0x10227e068	0x10227e068	mapped	0x10227e068
Microsoft.Maui.Graphics	757	0x060002f6	Microsoft.Maui.Graphics.Rect	set_Bottom	0x2050	NoInlining	Public, HideBySig, SpecialName	0x1003a9854	0x947b5210	0x10227e094	0x10227e094	mapped	0x10227e094
Microsoft.Maui.Graphics	758	0x060002f7	Microsoft.Maui.Graphics.Rect	get_Right	0x2050	NoInlining	Public, HideBySig, SpecialName	0x1003a9858	0x947b521a	0x10227e0c0	0x10227e0c0	mapped	0x10227e0c0
Microsoft.Maui.Graphics	759	0x060002f8	Microsoft.Maui.Graphics.Rect	set_Right	0x2050	NoInlining	Public, HideBySig, SpecialName	0x1003a985c	0x947b5224	0x10227e0ec	0x10227e0ec	mapped	0x10227e0ec
Microsoft.Maui.Graphics	760	0x060002f9	Microsoft.Maui.Graphics.Rect	get_Left	0x2050	NoInlining	Public, HideBySig, SpecialName	0x1003a9860	0x947b522e	0x10227e118	0x10227e118	mapped	0x10227e118
Microsoft.Maui.Graphics	761	0x060002fa	Microsoft.Maui.Graphics.Rect	set_Left	0x2050	NoInlining	Public, HideBySig, SpecialName	0x1003a9864	0x947b5236	0x10227e13c	0x10227e13c	mapped	0x10227e13c
Microsoft.Maui.Graphics	762	0x060002fb	Microsoft.Maui.Graphics.Rect	get_IsEmpty	0x2050	NoInlining	Public, HideBySig, SpecialName	0x1003a9868	0x947b523e	0x10227e160	0x10227e160	mapped	0x10227e160
Microsoft.Maui.Graphics	763	0x060002fc	Microsoft.Maui.Graphics.Rect	get_Size	0x2050	NoInlining	Public, HideBySig, SpecialName	0x1003a986c	0x947b524e	0x10227e1a4	0x10227e1a4	mapped	0x10227e1a4
Microsoft.Maui.Graphics	764	0x060002fd	Microsoft.Maui.Graphics.Rect	set_Size	0x2050	NoInlining	Public, HideBySig, SpecialName	0x1003a9870	0x947b5257	0x10227e1cc	0x10227e1cc	mapped	0x10227e1cc
Microsoft.Maui.Graphics	765	0x060002fe	Microsoft.Maui.Graphics.Rect	get_Location	0x2050	NoInlining	Public, HideBySig, SpecialName	0x1003a9874	0x947b525f	0x10227e1f0	0x10227e1f0	mapped	0x10227e1f0
Microsoft.Maui.Graphics	766	0x060002ff	Microsoft.Maui.Graphics.Rect	set_Location	0x2050	NoInlining	Public, HideBySig, SpecialName	0x1003a9878	0x947b5268	0x10227e218	0x10227e218	mapped	0x10227e218
Microsoft.Maui.Graphics	767	0x06000300	Microsoft.Maui.Graphics.Rect	get_Center	0x2050	NoInlining	Public, HideBySig, SpecialName	0x1003a987c	0x947b5270	0x10227e23c	0x10227e23c	mapped	0x10227e23c
Microsoft.Maui.Graphics	768	0x06000301	Microsoft.Maui.Graphics.Rect	Inflate	0x2050	NoInlining	Public, HideBySig	0x1003a9880	0x947b527f	0x10227e27c	0x10227e27c	mapped	0x10227e27c
Microsoft.Maui.Graphics	769	0x06000302	Microsoft.Maui.Graphics.Rect	Inflate	0x2050	NoInlining	Public, HideBySig	0x1003a9884	0x947b5297	0x10227e2e0	0x10227e2e0	mapped	0x10227e2e0
Microsoft.Maui.Graphics	770	0x06000303	Microsoft.Maui.Graphics.Rect	Offset	0x2050	NoInlining	Public, HideBySig	0x1003a9888	0x947b529f	0x10227e304	0x10227e304	mapped	0x10227e304
Microsoft.Maui.Graphics	771	0x06000304	Microsoft.Maui.Graphics.Rect	Offset	0x2050	NoInlining	Public, HideBySig	0x1003a988c	0x947b52a3	0x10227e318	0x10227e318	mapped	0x10227e318
Microsoft.Maui.Graphics	772	0x06000305	Microsoft.Maui.Graphics.Rect	Round	0x2050	NoInlining	Public, HideBySig	0x1003a9890	0x947b52b7	0x10227e36c	0x10227e36c	mapped	0x10227e36c
Microsoft.Maui.Graphics	773	0x06000306	Microsoft.Maui.Graphics.Rect	Deconstruct	0x2050	NoInlining	Public, HideBySig	0x1003a9894	0x947b52e3	0x10227e420	0x10227e420	mapped	0x10227e420
Microsoft.Maui.Graphics	774	0x06000307	Microsoft.Maui.Graphics.Rect	op_Implicit	0x2050	NoInlining	Public, Static, HideBySig, SpecialName	0x1003a9898	0x947b5303	0x10227e4a4	0x10227e4a4	mapped	0x10227e4a4
Microsoft.Maui.Graphics	775	0x06000308	Microsoft.Maui.Graphics.Rect	TryParse	0x2050	NoInlining	Public, Static, HideBySig	0x1003a989c	0x947b5329	0x10227e540	0x10227e540	mapped	0x10227e540
Microsoft.Maui.Graphics	776	0x06000309	Microsoft.Maui.Graphics.Rect	.cctor	0x2050	NoInlining	Private, Static, HideBySig, SpecialName, RTSpecialName	0x1003a98a0	0x947b53ba	0x10227e788	0x10227e788	mapped	0x10227e788
Microsoft.Maui.Graphics	777	0x0600030a	Microsoft.Maui.Graphics.Size	op_Implicit	0x2050	NoInlining	Public, Static, HideBySig, SpecialName	0x1003a98a4	0x947b53ba	0x10227e78c	0x10227e78c	mapped	0x10227e78c
Microsoft.Maui.Graphics	778	0x0600030b	Microsoft.Maui.Graphics.Size	op_Implicit	0x2050	NoInlining	Public, Static, HideBySig, SpecialName	0x1003a98a8	0x947b53bc	0x10227e798	0x10227e798	mapped	0x10227e798
Microsoft.Maui.Graphics	779	0x0600030c	Microsoft.Maui.Graphics.Size	.ctor	0x2050	NoInlining	Public, HideBySig, SpecialName, RTSpecialName	0x1003a98ac	0x947b53be	0x10227e7a4	0x10227e7a4	mapped	0x10227e7a4
Microsoft.Maui.Graphics	780	0x0600030d	Microsoft.Maui.Graphics.Size	.ctor	0x2050	NoInlining	Public, HideBySig, SpecialName, RTSpecialName	0x1003a98b0	0x947b53c6	0x10227e7c8	0x10227e7c8	mapped	0x10227e7c8
Microsoft.Maui.Graphics	781	0x0600030e	Microsoft.Maui.Graphics.Size	.ctor	0x2050	NoInlining	Public, HideBySig, SpecialName, RTSpecialName	0x1003a98b4	0x947b53ce	0x10227e7ec	0x10227e7ec	mapped	0x10227e7ec
Microsoft.Maui.Graphics	782	0x0600030f	Microsoft.Maui.Graphics.Size	get_IsZero	0x2050	NoInlining	Public, HideBySig, SpecialName	0x1003a98b8	0x947b53da	0x10227e820	0x10227e820	mapped	0x10227e820
Microsoft.Maui.Graphics	783	0x06000310	Microsoft.Maui.Graphics.Size	get_Width	0x2050	NoInlining	Public, HideBySig, SpecialName	0x1003a98bc	0x947b53ea	0x10227e864	0x10227e864	mapped	0x10227e864
Microsoft.Maui.Graphics	784	0x06000311	Microsoft.Maui.Graphics.Size	set_Width	0x2050	NoInlining	Public, HideBySig, SpecialName	0x1003a98c0	0x947b53f2	0x10227e888	0x10227e888	mapped	0x10227e888
Microsoft.Maui.Graphics	785	0x06000312	Microsoft.Maui.Graphics.Size	get_Height	0x2050	NoInlining	Public, HideBySig, SpecialName	0x1003a98c4	0x947b53fa	0x10227e8ac	0x10227e8ac	mapped	0x10227e8ac
Microsoft.Maui.Graphics	786	0x06000313	Microsoft.Maui.Graphics.Size	set_Height	0x2050	NoInlining	Public, HideBySig, SpecialName	0x1003a98c8	0x947b5402	0x10227e8d0	0x10227e8d0	mapped	0x10227e8d0
Microsoft.Maui.Graphics	787	0x06000314	Microsoft.Maui.Graphics.Size	op_Addition	0x2050	NoInlining	Public, Static, HideBySig, SpecialName	0x1003a98cc	0x947b540a	0x10227e8f4	0x10227e8f4	mapped	0x10227e8f4
Microsoft.Maui.Graphics	788	0x06000315	Microsoft.Maui.Graphics.Size	op_Subtraction	0x2050	NoInlining	Public, Static, HideBySig, SpecialName	0x1003a98d0	0x947b540c	0x10227e900	0x10227e900	mapped	0x10227e900
Microsoft.Maui.Graphics	789	0x06000316	Microsoft.Maui.Graphics.Size	op_Multiply	0x2050	NoInlining	Public, Static, HideBySig, SpecialName	0x1003a98d4	0x947b540e	0x10227e90c	0x10227e90c	mapped	0x10227e90c
Microsoft.Maui.Graphics	790	0x06000317	Microsoft.Maui.Graphics.Size	op_Division	0x2050	NoInlining	Public, Static, HideBySig, SpecialName	0x1003a98d8	0x947b5410	0x10227e918	0x10227e918	mapped	0x10227e918
Microsoft.Maui.Graphics	791	0x06000318	Microsoft.Maui.Graphics.Size	op_Equality	0x2050	NoInlining	Public, Static, HideBySig, SpecialName	0x1003a98dc	0x947b5412	0x10227e924	0x10227e924	mapped	0x10227e924
Microsoft.Maui.Graphics	792	0x06000319	Microsoft.Maui.Graphics.Size	op_Inequality	0x2050	NoInlining	Public, Static, HideBySig, SpecialName	0x1003a98e0	0x947b5416	0x10227e938	0x10227e938	mapped	0x10227e938
Microsoft.Maui.Graphics	793	0x0600031a	Microsoft.Maui.Graphics.Size	op_Explicit	0x2050	NoInlining	Public, Static, HideBySig, SpecialName	0x1003a98e4	0x947b541a	0x10227e94c	0x10227e94c	mapped	0x10227e94c
Microsoft.Maui.Graphics	794	0x0600031b	Microsoft.Maui.Graphics.Size	Equals	0x2050	NoInlining	Public, HideBySig	0x1003a98e8	0x947b541a	0x10227e950	0x10227e950	mapped	0x10227e950
Microsoft.Maui.Graphics	795	0x0600031c	Microsoft.Maui.Graphics.Size	Equals	0x2050	NoInlining	Public, Virtual, HideBySig	0x1003a98ec	0x947b5438	0x10227e9cc	0x10227e9cc	mapped	0x10227e9cc
Microsoft.Maui.Graphics	796	0x0600031d	Microsoft.Maui.Graphics.Size	GetHashCode	0x2050	NoInlining	Public, Virtual, HideBySig	0x1003a98f0	0x947b546b	0x10227ea9c	0x10227ea9c	mapped	0x10227ea9c
Microsoft.Maui.Graphics	797	0x0600031e	Microsoft.Maui.Graphics.Size	ToString	0x2050	NoInlining	Public, Virtual, HideBySig	0x1003a98f4	0x947b5483	0x10227eb00	0x10227eb00	mapped	0x10227eb00
Microsoft.Maui.Graphics	798	0x0600031f	Microsoft.Maui.Graphics.Size	Deconstruct	0x2050	NoInlining	Public, HideBySig	0x1003a98f8	0x947b54c1	0x10227ebfc	0x10227ebfc	mapped	0x10227ebfc
Microsoft.Maui.Graphics	799	0x06000320	Microsoft.Maui.Graphics.Size	op_Implicit	0x2050	NoInlining	Public, Static, HideBySig, SpecialName	0x1003a98fc	0x947b54d5	0x10227ec50	0x10227ec50	mapped	0x10227ec50
Microsoft.Maui.Graphics	800	0x06000321	Microsoft.Maui.Graphics.Size	TryParse	0x2050	NoInlining	Public, Static, HideBySig	0x1003a9900	0x947b54d7	0x10227ec5c	0x10227ec5c	mapped	0x10227ec5c
Microsoft.Maui.Graphics	801	0x06000322	Microsoft.Maui.Graphics.SizeF	op_Implicit	0x2050	NoInlining	Public, Static, HideBySig, SpecialName	0x1003a9904	0x947b5535	0x10227edd8	0x10227edd8	mapped	0x10227edd8
Microsoft.Maui.Graphics	802	0x06000323	Microsoft.Maui.Graphics.SizeF	op_Implicit	0x2050	NoInlining	Public, Static, HideBySig, SpecialName	0x1003a9908	0x947b5539	0x10227edec	0x10227edec	mapped	0x10227edec
Microsoft.Maui.Graphics	803	0x06000324	Microsoft.Maui.Graphics.SizeF	.ctor	0x2050	NoInlining	Public, HideBySig, SpecialName, RTSpecialName	0x1003a990c	0x947b553d	0x10227ee00	0x10227ee00	mapped	0x10227ee00
Microsoft.Maui.Graphics	804	0x06000325	Microsoft.Maui.Graphics.SizeF	.ctor	0x2050	NoInlining	Public, HideBySig, SpecialName, RTSpecialName	0x1003a9910	0x947b5545	0x10227ee24	0x10227ee24	mapped	0x10227ee24
Microsoft.Maui.Graphics	805	0x06000326	Microsoft.Maui.Graphics.SizeF	.ctor	0x2050	NoInlining	Public, HideBySig, SpecialName, RTSpecialName	0x1003a9914	0x947b554d	0x10227ee48	0x10227ee48	mapped	0x10227ee48
Microsoft.Maui.Graphics	806	0x06000327	Microsoft.Maui.Graphics.SizeF	get_IsZero	0x2050	NoInlining	Public, HideBySig, SpecialName	0x1003a9918	0x947b5555	0x10227ee6c	0x10227ee6c	mapped	0x10227ee6c
Microsoft.Maui.Graphics	807	0x06000328	Microsoft.Maui.Graphics.SizeF	get_Width	0x2050	NoInlining	Public, HideBySig, SpecialName	0x1003a991c	0x947b5565	0x10227eeb0	0x10227eeb0	mapped	0x10227eeb0
Microsoft.Maui.Graphics	808	0x06000329	Microsoft.Maui.Graphics.SizeF	set_Width	0x2050	NoInlining	Public, HideBySig, SpecialName	0x1003a9920	0x947b556d	0x10227eed4	0x10227eed4	mapped	0x10227eed4
Microsoft.Maui.Graphics	809	0x0600032a	Microsoft.Maui.Graphics.SizeF	get_Height	0x2050	NoInlining	Public, HideBySig, SpecialName	0x1003a9924	0x947b5575	0x10227eef8	0x10227eef8	mapped	0x10227eef8
Microsoft.Maui.Graphics	810	0x0600032b	Microsoft.Maui.Graphics.SizeF	set_Height	0x2050	NoInlining	Public, HideBySig, SpecialName	0x1003a9928	0x947b557d	0x10227ef1c	0x10227ef1c	mapped	0x10227ef1c
Microsoft.Maui.Graphics	811	0x0600032c	Microsoft.Maui.Graphics.SizeF	TransformNormalBy	0x2050	NoInlining	Public, HideBySig	0x1003a992c	0x947b5585	0x10227ef40	0x10227ef40	mapped	0x10227ef40
Microsoft.Maui.Graphics	812	0x0600032d	Microsoft.Maui.Graphics.SizeF	op_Addition	0x2050	NoInlining	Public, Static, HideBySig, SpecialName	0x1003a9930	0x947b559f	0x10227efac	0x10227efac	mapped	0x10227efac
Microsoft.Maui.Graphics	813	0x0600032e	Microsoft.Maui.Graphics.SizeF	op_Subtraction	0x2050	NoInlining	Public, Static, HideBySig, SpecialName	0x1003a9934	0x947b55a1	0x10227efb8	0x10227efb8	mapped	0x10227efb8
Microsoft.Maui.Graphics	814	0x0600032f	Microsoft.Maui.Graphics.SizeF	op_Multiply	0x2050	NoInlining	Public, Static, HideBySig, SpecialName	0x1003a9938	0x947b55a3	0x10227efc4	0x10227efc4	mapped	0x10227efc4
Microsoft.Maui.Graphics	815	0x06000330	Microsoft.Maui.Graphics.SizeF	op_Division	0x2050	NoInlining	Public, Static, HideBySig, SpecialName	0x1003a993c	0x947b55a5	0x10227efd0	0x10227efd0	mapped	0x10227efd0
Microsoft.Maui.Graphics	816	0x06000331	Microsoft.Maui.Graphics.SizeF	op_Equality	0x2050	NoInlining	Public, Static, HideBySig, SpecialName	0x1003a9940	0x947b55a7	0x10227efdc	0x10227efdc	mapped	0x10227efdc
Microsoft.Maui.Graphics	817	0x06000332	Microsoft.Maui.Graphics.SizeF	op_Inequality	0x2050	NoInlining	Public, Static, HideBySig, SpecialName	0x1003a9944	0x947b55ab	0x10227eff0	0x10227eff0	mapped	0x10227eff0
Microsoft.Maui.Graphics	818	0x06000333	Microsoft.Maui.Graphics.SizeF	op_Explicit	0x2050	NoInlining	Public, Static, HideBySig, SpecialName	0x1003a9948	0x947b55af	0x10227f004	0x10227f004	mapped	0x10227f004
Microsoft.Maui.Graphics	819	0x06000334	Microsoft.Maui.Graphics.SizeF	op_Explicit	0x2050	NoInlining	Public, Static, HideBySig, SpecialName	0x1003a994c	0x947b55af	0x10227f008	0x10227f008	mapped	0x10227f008
Microsoft.Maui.Graphics	820	0x06000335	Microsoft.Maui.Graphics.SizeF	op_Explicit	0x2050	NoInlining	Public, Static, HideBySig, SpecialName	0x1003a9950	0x947b55af	0x10227f00c	0x10227f00c	mapped	0x10227f00c
Microsoft.Maui.Graphics	821	0x06000336	Microsoft.Maui.Graphics.SizeF	Equals	0x2050	NoInlining	Public, HideBySig	0x1003a9954	0x947b55af	0x10227f010	0x10227f010	mapped	0x10227f010
Microsoft.Maui.Graphics	822	0x06000337	Microsoft.Maui.Graphics.SizeF	Equals	0x2050	NoInlining	Public, Virtual, HideBySig	0x1003a9958	0x947b55cd	0x10227f08c	0x10227f08c	mapped	0x10227f08c
Microsoft.Maui.Graphics	823	0x06000338	Microsoft.Maui.Graphics.SizeF	GetHashCode	0x2050	NoInlining	Public, Virtual, HideBySig	0x1003a995c	0x947b5600	0x10227f15c	0x10227f15c	mapped	0x10227f15c
Microsoft.Maui.Graphics	824	0x06000339	Microsoft.Maui.Graphics.SizeF	ToString	0x2050	NoInlining	Public, Virtual, HideBySig	0x1003a9960	0x947b5614	0x10227f1b0	0x10227f1b0	mapped	0x10227f1b0
Microsoft.Maui.Graphics	825	0x0600033a	Microsoft.Maui.Graphics.SizeF	Deconstruct	0x2050	NoInlining	Public, HideBySig	0x1003a9964	0x947b5652	0x10227f2ac	0x10227f2ac	mapped	0x10227f2ac
Microsoft.Maui.Graphics	826	0x0600033b	Microsoft.Maui.Graphics.SizeF	op_Implicit	0x2050	NoInlining	Public, Static, HideBySig, SpecialName	0x1003a9968	0x947b5666	0x10227f300	0x10227f300	mapped	0x10227f300
Microsoft.Maui.Graphics	827	0x0600033c	Microsoft.Maui.Graphics.SizeF	TryParse	0x2050	NoInlining	Public, Static, HideBySig	0x1003a996c	0x947b5668	0x10227f30c	0x10227f30c	mapped	0x10227f30c
Microsoft.Maui.Graphics	828	0x0600033d	Microsoft.Maui.Graphics.PointF	op_Implicit	0x2050	NoInlining	Public, Static, HideBySig, SpecialName	0x1003a9970	0x947b56c8	0x10227f490	0x10227f490	mapped	0x10227f490
Microsoft.Maui.Graphics	829	0x0600033e	Microsoft.Maui.Graphics.PointF	op_Implicit	0x2050	NoInlining	Public, Static, HideBySig, SpecialName	0x1003a9974	0x947b56de	0x10227f4ec	0x10227f4ec	mapped	0x10227f4ec
Microsoft.Maui.Graphics	830	0x0600033f	Microsoft.Maui.Graphics.PointF	get_X	0x2050	NoInlining	Public, HideBySig, SpecialName	0x1003a9978	0x947b56f4	0x10227f548	0x10227f548	mapped	0x10227f548
Microsoft.Maui.Graphics	831	0x06000340	Microsoft.Maui.Graphics.PointF	set_X	0x2050	NoInlining	Public, HideBySig, SpecialName	0x1003a997c	0x947b56fc	0x10227f56c	0x10227f56c	mapped	0x10227f56c
Microsoft.Maui.Graphics	832	0x06000341	Microsoft.Maui.Graphics.PointF	get_Y	0x2050	NoInlining	Public, HideBySig, SpecialName	0x1003a9980	0x947b5704	0x10227f590	0x10227f590	mapped	0x10227f590
Microsoft.Maui.Graphics	833	0x06000342	Microsoft.Maui.Graphics.PointF	set_Y	0x2050	NoInlining	Public, HideBySig, SpecialName	0x1003a9984	0x947b570c	0x10227f5b4	0x10227f5b4	mapped	0x10227f5b4
Microsoft.Maui.Graphics	834	0x06000343	Microsoft.Maui.Graphics.PointF	ToString	0x2050	NoInlining	Public, Virtual, HideBySig	0x1003a9988	0x947b5714	0x10227f5d8	0x10227f5d8	mapped	0x10227f5d8
Microsoft.Maui.Graphics	835	0x06000344	Microsoft.Maui.Graphics.PointF	.ctor	0x2050	NoInlining	Public, HideBySig, SpecialName, RTSpecialName	0x1003a998c	0x947b57be	0x10227f884	0x10227f884	mapped	0x10227f884
Microsoft.Maui.Graphics	836	0x06000345	Microsoft.Maui.Graphics.PointF	.ctor	0x2050	NoInlining	Public, HideBySig, SpecialName, RTSpecialName	0x1003a9990	0x947b57d2	0x10227f8d8	0x10227f8d8	mapped	0x10227f8d8
Microsoft.Maui.Graphics	837	0x06000346	Microsoft.Maui.Graphics.PointF	.ctor	0x2050	NoInlining	Public, HideBySig, SpecialName, RTSpecialName	0x1003a9994	0x947b57e6	0x10227f92c	0x10227f92c	mapped	0x10227f92c
Microsoft.Maui.Graphics	838	0x06000347	Microsoft.Maui.Graphics.PointF	Equals	0x2050	NoInlining	Public, Virtual, HideBySig	0x1003a9998	0x947b57ff	0x10227f994	0x10227f994	mapped	0x10227f994
Microsoft.Maui.Graphics	839	0x06000348	Microsoft.Maui.Graphics.PointF	Equals	0x2050	NoInlining	Public, HideBySig	0x1003a999c	0x947b5838	0x10227fa7c	0x10227fa7c	mapped	0x10227fa7c
Microsoft.Maui.Graphics	840	0x06000349	Microsoft.Maui.Graphics.PointF	GetHashCode	0x2050	NoInlining	Public, Virtual, HideBySig	0x1003a99a0	0x947b5875	0x10227fb74	0x10227fb74	mapped	0x10227fb74
Microsoft.Maui.Graphics	841	0x0600034a	Microsoft.Maui.Graphics.PointF	Offset	0x2050	NoInlining	Public, HideBySig	0x1003a99a4	0x947b5889	0x10227fbc8	0x10227fbc8	mapped	0x10227fbc8
Microsoft.Maui.Graphics	842	0x0600034b	Microsoft.Maui.Graphics.PointF	TransformBy	0x2050	NoInlining	Public, HideBySig	0x1003a99a8	0x947b588c	0x10227fbd8	0x10227fbd8	mapped	0x10227fbd8
Microsoft.Maui.Graphics	843	0x0600034c	Microsoft.Maui.Graphics.PointF	Round	0x2050	NoInlining	Public, HideBySig	0x1003a99ac	0x947b58a9	0x10227fc50	0x10227fc50	mapped	0x10227fc50
Microsoft.Maui.Graphics	844	0x0600034d	Microsoft.Maui.Graphics.PointF	get_IsEmpty	0x2050	NoInlining	Public, HideBySig, SpecialName	0x1003a99b0	0x947b58c6	0x10227fcc8	0x10227fcc8	mapped	0x10227fcc8
Microsoft.Maui.Graphics	845	0x0600034e	Microsoft.Maui.Graphics.PointF	op_Explicit	0x2050	NoInlining	Public, Static, HideBySig, SpecialName	0x1003a99b4	0x947b58d6	0x10227fd0c	0x10227fd0c	mapped	0x10227fd0c
Microsoft.Maui.Graphics	846	0x0600034f	Microsoft.Maui.Graphics.PointF	op_Addition	0x2050	NoInlining	Public, Static, HideBySig, SpecialName	0x1003a99b8	0x947b58e9	0x10227fd5c	0x10227fd5c	mapped	0x10227fd5c
Microsoft.Maui.Graphics	847	0x06000350	Microsoft.Maui.Graphics.PointF	op_Subtraction	0x2050	NoInlining	Public, Static, HideBySig, SpecialName	0x1003a99bc	0x947b5900	0x10227fdbc	0x10227fdbc	mapped	0x10227fdbc
Microsoft.Maui.Graphics	848	0x06000351	Microsoft.Maui.Graphics.PointF	op_Subtraction	0x2050	NoInlining	Public, Static, HideBySig, SpecialName	0x1003a99c0	0x947b5917	0x10227fe1c	0x10227fe1c	mapped	0x10227fe1c
Microsoft.Maui.Graphics	849	0x06000352	Microsoft.Maui.Graphics.PointF	op_Equality	0x2050	NoInlining	Public, Static, HideBySig, SpecialName	0x1003a99c4	0x947b592e	0x10227fe7c	0x10227fe7c	mapped	0x10227fe7c
Microsoft.Maui.Graphics	850	0x06000353	Microsoft.Maui.Graphics.PointF	op_Inequality	0x2050	NoInlining	Public, Static, HideBySig, SpecialName	0x1003a99c8	0x947b5947	0x10227fee4	0x10227fee4	mapped	0x10227fee4
Microsoft.Maui.Graphics	851	0x06000354	Microsoft.Maui.Graphics.PointF	Distance	0x2050	NoInlining	Public, HideBySig	0x1003a99cc	0x947b5960	0x10227ff4c	0x10227ff4c	mapped	0x10227ff4c
Microsoft.Maui.Graphics	852	0x06000355	Microsoft.Maui.Graphics.PointF	Deconstruct	0x2050	NoInlining	Public, HideBySig	0x1003a99d0	0x947b5970	0x10227ff90	0x10227ff90	mapped	0x10227ff90
Microsoft.Maui.Graphics	853	0x06000356	Microsoft.Maui.Graphics.PointF	op_Implicit	0x2050	NoInlining	Public, Static, HideBySig, SpecialName	0x1003a99d4	0x947b5984	0x10227ffe4	0x10227ffe4	mapped	0x10227ffe4
Microsoft.Maui.Graphics	854	0x06000357	Microsoft.Maui.Graphics.PointF	op_Implicit	0x2050	NoInlining	Public, Static, HideBySig, SpecialName	0x1003a99d8	0x947b5997	0x102280034	0x102280034	mapped	0x102280034
Microsoft.Maui.Graphics	855	0x06000358	Microsoft.Maui.Graphics.PointF	op_Explicit	0x2050	NoInlining	Public, Static, HideBySig, SpecialName	0x1003a99dc	0x947b59aa	0x102280084	0x102280084	mapped	0x102280084
Microsoft.Maui.Graphics	856	0x06000359	Microsoft.Maui.Graphics.PointF	TryParse	0x2050	NoInlining	Public, Static, HideBySig	0x1003a99e0	0x947b59bd	0x1022800d4	0x1022800d4	mapped	0x1022800d4
Microsoft.Maui.Graphics	857	0x0600035a	Microsoft.Maui.Graphics.PointF	.cctor	0x2050	NoInlining	Private, Static, HideBySig, SpecialName, RTSpecialName	0x1003a99e4	0x947b5a1b	0x102280250	0x102280250	mapped	0x102280250
Microsoft.Maui.Graphics	858	0x0600035b	Microsoft.Maui.Graphics.Point	op_Implicit	0x2050	NoInlining	Public, Static, HideBySig, SpecialName	0x1003a99e8	0x947b5a1b	0x102280254	0x102280254	mapped	0x102280254
Microsoft.Maui.Graphics	859	0x0600035c	Microsoft.Maui.Graphics.Point	op_Implicit	0x2050	NoInlining	Public, Static, HideBySig, SpecialName	0x1003a99ec	0x947b5a31	0x1022802b0	0x1022802b0	mapped	0x1022802b0
Microsoft.Maui.Graphics	860	0x0600035d	Microsoft.Maui.Graphics.Point	get_X	0x2050	NoInlining	Public, HideBySig, SpecialName	0x1003a99f0	0x947b5a47	0x10228030c	0x10228030c	mapped	0x10228030c
Microsoft.Maui.Graphics	861	0x0600035e	Microsoft.Maui.Graphics.Point	set_X	0x2050	NoInlining	Public, HideBySig, SpecialName	0x1003a99f4	0x947b5a4f	0x102280330	0x102280330	mapped	0x102280330
Microsoft.Maui.Graphics	862	0x0600035f	Microsoft.Maui.Graphics.Point	get_Y	0x2050	NoInlining	Public, HideBySig, SpecialName	0x1003a99f8	0x947b5a57	0x102280354	0x102280354	mapped	0x102280354
Microsoft.Maui.Graphics	863	0x06000360	Microsoft.Maui.Graphics.Point	set_Y	0x2050	NoInlining	Public, HideBySig, SpecialName	0x1003a99fc	0x947b5a5f	0x102280378	0x102280378	mapped	0x102280378
Microsoft.Maui.Graphics	864	0x06000361	Microsoft.Maui.Graphics.Point	ToString	0x2050	NoInlining	Public, Virtual, HideBySig	0x1003a9a00	0x947b5a67	0x10228039c	0x10228039c	mapped	0x10228039c
Microsoft.Maui.Graphics	865	0x06000362	Microsoft.Maui.Graphics.Point	.ctor	0x2050	NoInlining	Public, HideBySig, SpecialName, RTSpecialName	0x1003a9a04	0x947b5b11	0x102280648	0x102280648	mapped	0x102280648
Microsoft.Maui.Graphics	866	0x06000363	Microsoft.Maui.Graphics.Point	.ctor	0x2050	NoInlining	Public, HideBySig, SpecialName, RTSpecialName	0x1003a9a08	0x947b5b25	0x10228069c	0x10228069c	mapped	0x10228069c
Microsoft.Maui.Graphics	867	0x06000364	Microsoft.Maui.Graphics.Point	.ctor	0x2050	NoInlining	Public, HideBySig, SpecialName, RTSpecialName	0x1003a9a0c	0x947b5b39	0x1022806f0	0x1022806f0	mapped	0x1022806f0
Microsoft.Maui.Graphics	868	0x06000365	Microsoft.Maui.Graphics.Point	.ctor	0x2050	NoInlining	Public, HideBySig, SpecialName, RTSpecialName	0x1003a9a10	0x947b5b4f	0x10228074c	0x10228074c	mapped	0x10228074c
Microsoft.Maui.Graphics	869	0x06000366	Microsoft.Maui.Graphics.Point	Equals	0x2050	NoInlining	Public, Virtual, HideBySig	0x1003a9a14	0x947b5b6b	0x1022807c0	0x1022807c0	mapped	0x1022807c0
Microsoft.Maui.Graphics	870	0x06000367	Microsoft.Maui.Graphics.Point	Equals	0x2050	NoInlining	Public, HideBySig	0x1003a9a18	0x947b5ba4	0x1022808a8	0x1022808a8	mapped	0x1022808a8
Microsoft.Maui.Graphics	871	0x06000368	Microsoft.Maui.Graphics.Point	GetHashCode	0x2050	NoInlining	Public, Virtual, HideBySig	0x1003a9a1c	0x947b5be1	0x1022809a0	0x1022809a0	mapped	0x1022809a0
Microsoft.Maui.Graphics	872	0x06000369	Microsoft.Maui.Graphics.Point	Offset	0x2050	NoInlining	Public, HideBySig	0x1003a9a20	0x947b5bf9	0x102280a04	0x102280a04	mapped	0x102280a04
Microsoft.Maui.Graphics	873	0x0600036a	Microsoft.Maui.Graphics.Point	Round	0x2050	NoInlining	Public, HideBySig	0x1003a9a24	0x947b5bfc	0x102280a14	0x102280a14	mapped	0x102280a14
Microsoft.Maui.Graphics	874	0x0600036b	Microsoft.Maui.Graphics.Point	get_IsEmpty	0x2050	NoInlining	Public, HideBySig, SpecialName	0x1003a9a28	0x947b5c16	0x102280a80	0x102280a80	mapped	0x102280a80
Microsoft.Maui.Graphics	875	0x0600036c	Microsoft.Maui.Graphics.Point	op_Explicit	0x2050	NoInlining	Public, Static, HideBySig, SpecialName	0x1003a9a2c	0x947b5c26	0x102280ac4	0x102280ac4	mapped	0x102280ac4
Microsoft.Maui.Graphics	876	0x0600036d	Microsoft.Maui.Graphics.Point	op_Addition	0x2050	NoInlining	Public, Static, HideBySig, SpecialName	0x1003a9a30	0x947b5c39	0x102280b14	0x102280b14	mapped	0x102280b14
Microsoft.Maui.Graphics	877	0x0600036e	Microsoft.Maui.Graphics.Point	op_Subtraction	0x2050	NoInlining	Public, Static, HideBySig, SpecialName	0x1003a9a34	0x947b5c52	0x102280b7c	0x102280b7c	mapped	0x102280b7c
Microsoft.Maui.Graphics	878	0x0600036f	Microsoft.Maui.Graphics.Point	op_Subtraction	0x2050	NoInlining	Public, Static, HideBySig, SpecialName	0x1003a9a38	0x947b5c69	0x102280bdc	0x102280bdc	mapped	0x102280bdc
Microsoft.Maui.Graphics	879	0x06000370	Microsoft.Maui.Graphics.Point	op_Equality	0x2050	NoInlining	Public, Static, HideBySig, SpecialName	0x1003a9a3c	0x947b5c82	0x102280c44	0x102280c44	mapped	0x102280c44
Microsoft.Maui.Graphics	880	0x06000371	Microsoft.Maui.Graphics.Point	op_Inequality	0x2050	NoInlining	Public, Static, HideBySig, SpecialName	0x1003a9a40	0x947b5c9b	0x102280cac	0x102280cac	mapped	0x102280cac
Microsoft.Maui.Graphics	881	0x06000372	Microsoft.Maui.Graphics.Point	Distance	0x2050	NoInlining	Public, HideBySig	0x1003a9a44	0x947b5cb4	0x102280d14	0x102280d14	mapped	0x102280d14
Microsoft.Maui.Graphics	882	0x06000373	Microsoft.Maui.Graphics.Point	Deconstruct	0x2050	NoInlining	Public, HideBySig	0x1003a9a48	0x947b5cc2	0x102280d50	0x102280d50	mapped	0x102280d50
Microsoft.Maui.Graphics	883	0x06000374	Microsoft.Maui.Graphics.Point	op_Implicit	0x2050	NoInlining	Public, Static, HideBySig, SpecialName	0x1003a9a4c	0x947b5cd6	0x102280da4	0x102280da4	mapped	0x102280da4
Microsoft.Maui.Graphics	884	0x06000375	Microsoft.Maui.Graphics.Point	op_Implicit	0x2050	NoInlining	Public, Static, HideBySig, SpecialName	0x1003a9a50	0x947b5ce9	0x102280df4	0x102280df4	mapped	0x102280df4
Microsoft.Maui.Graphics	885	0x06000376	Microsoft.Maui.Graphics.Point	TryParse	0x2050	NoInlining	Public, Static, HideBySig	0x1003a9a54	0x947b5cfc	0x102280e44	0x102280e44	mapped	0x102280e44
Microsoft.Maui.Graphics	886	0x06000377	Microsoft.Maui.Graphics.Point	.cctor	0x2050	NoInlining	Private, Static, HideBySig, SpecialName, RTSpecialName	0x1003a9a58	0x947b5d5a	0x102280fc0	0x102280fc0	mapped	0x102280fc0
Microsoft.Maui.Graphics	887	0x06000378	Microsoft.Maui.Graphics.RadialGradientPaint	.ctor	0x2050	NoInlining	Public, HideBySig, SpecialName, RTSpecialName	0x1003a9a5c	0x947b5d5a	0x102280fc4	0x102280fc4	mapped	0x102280fc4
Microsoft.Maui.Graphics	888	0x06000379	Microsoft.Maui.Graphics.RadialGradientPaint	.ctor	0x2050	NoInlining	Public, HideBySig, SpecialName, RTSpecialName	0x1003a9a60	0x947b5d70	0x102281020	0x102281020	mapped	0x102281020
Microsoft.Maui.Graphics	889	0x0600037a	Microsoft.Maui.Graphics.RadialGradientPaint	.ctor	0x2050	NoInlining	Public, HideBySig, SpecialName, RTSpecialName	0x1003a9a64	0x947b5d7f	0x102281060	0x102281060	mapped	0x102281060
Microsoft.Maui.Graphics	890	0x0600037b	Microsoft.Maui.Graphics.RadialGradientPaint	.ctor	0x2050	NoInlining	Public, HideBySig, SpecialName, RTSpecialName	0x1003a9a68	0x947b5d90	0x1022810a8	0x1022810a8	mapped	0x1022810a8
Microsoft.Maui.Graphics	891	0x0600037c	Microsoft.Maui.Graphics.RadialGradientPaint	.ctor	0x2050	NoInlining	Public, HideBySig, SpecialName, RTSpecialName	0x1003a9a6c	0x947b5dac	0x10228111c	0x10228111c	mapped	0x10228111c
Microsoft.Maui.Graphics	892	0x0600037d	Microsoft.Maui.Graphics.RadialGradientPaint	get_Center	0x2050	NoInlining	Public, HideBySig, SpecialName	0x1003a9a70	0x947b5dcb	0x10228119c	0x10228119c	mapped	0x10228119c
Microsoft.Maui.Graphics	893	0x0600037e	Microsoft.Maui.Graphics.RadialGradientPaint	set_Center	0x2050	NoInlining	Public, HideBySig, SpecialName	0x1003a9a74	0x947b5dd4	0x1022811c4	0x1022811c4	mapped	0x1022811c4
Microsoft.Maui.Graphics	894	0x0600037f	Microsoft.Maui.Graphics.RadialGradientPaint	get_Radius	0x2050	NoInlining	Public, HideBySig, SpecialName	0x1003a9a78	0x947b5ddc	0x1022811e8	0x1022811e8	mapped	0x1022811e8
Microsoft.Maui.Graphics	895	0x06000380	Microsoft.Maui.Graphics.RadialGradientPaint	set_Radius	0x2050	NoInlining	Public, HideBySig, SpecialName	0x1003a9a7c	0x947b5de4	0x10228120c	0x10228120c	mapped	0x10228120c
Microsoft.Maui.Graphics	896	0x06000381	Microsoft.Maui.Graphics.ScalingCanvas	.ctor	0x2050	NoInlining	Public, HideBySig, SpecialName, RTSpecialName	0x1003a9a80	0x947b5dec	0x102281230	0x102281230	mapped	0x102281230
Microsoft.Maui.Graphics	897	0x06000382	Microsoft.Maui.Graphics.ScalingCanvas	get_DisplayScale	0x2050	NoInlining	Public, Final, Virtual, HideBySig, VtableLayoutMask, SpecialName	0x1003a9a84	0x947b5e5c	0x1022813f4	0x1022813f4	mapped	0x1022813f4
Microsoft.Maui.Graphics	898	0x06000383	Microsoft.Maui.Graphics.ScalingCanvas	set_DisplayScale	0x2050	NoInlining	Public, Final, Virtual, HideBySig, VtableLayoutMask, SpecialName	0x1003a9a88	0x947b5e82	0x102281490	0x102281490	mapped	0x102281490
Microsoft.Maui.Graphics	899	0x06000384	Microsoft.Maui.Graphics.ScalingCanvas	get_Wrapped	0x2050	NoInlining	Public, HideBySig, SpecialName	0x1003a9a8c	0x947b5eac	0x10228153c	0x10228153c	mapped	0x10228153c
Microsoft.Maui.Graphics	900	0x06000385	Microsoft.Maui.Graphics.ScalingCanvas	get_ParentCanvas	0x2050	NoInlining	Public, HideBySig, SpecialName	0x1003a9a90	0x947b5eb4	0x102281560	0x102281560	mapped	0x102281560
Microsoft.Maui.Graphics	901	0x06000386	Microsoft.Maui.Graphics.ScalingCanvas	set_StrokeSize	0x2050	NoInlining	Public, Final, Virtual, HideBySig, VtableLayoutMask, SpecialName	0x1003a9a94	0x947b5ebc	0x102281584	0x102281584	mapped	0x102281584
Microsoft.Maui.Graphics	902	0x06000387	Microsoft.Maui.Graphics.ScalingCanvas	set_MiterLimit	0x2050	NoInlining	Public, Final, Virtual, HideBySig, VtableLayoutMask, SpecialName	0x1003a9a98	0x947b5ee6	0x102281630	0x102281630	mapped	0x102281630
Microsoft.Maui.Graphics	903	0x06000388	Microsoft.Maui.Graphics.ScalingCanvas	set_StrokeColor	0x2050	NoInlining	Public, Final, Virtual, HideBySig, VtableLayoutMask, SpecialName	0x1003a9a9c	0x947b5f10	0x1022816dc	0x1022816dc	mapped	0x1022816dc
Microsoft.Maui.Graphics	904	0x06000389	Microsoft.Maui.Graphics.ScalingCanvas	set_StrokeLineCap	0x2050	NoInlining	Public, Final, Virtual, HideBySig, VtableLayoutMask, SpecialName	0x1003a9aa0	0x947b5f38	0x102281780	0x102281780	mapped	0x102281780
Microsoft.Maui.Graphics	905	0x0600038a	Microsoft.Maui.Graphics.ScalingCanvas	set_Alpha	0x2050	NoInlining	Public, Final, Virtual, HideBySig, VtableLayoutMask, SpecialName	0x1003a9aa4	0x947b5f60	0x102281824	0x102281824	mapped	0x102281824
Microsoft.Maui.Graphics	906	0x0600038b	Microsoft.Maui.Graphics.ScalingCanvas	set_StrokeLineJoin	0x2050	NoInlining	Public, Final, Virtual, HideBySig, VtableLayoutMask, SpecialName	0x1003a9aa8	0x947b5f8a	0x1022818d0	0x1022818d0	mapped	0x1022818d0
Microsoft.Maui.Graphics	907	0x0600038c	Microsoft.Maui.Graphics.ScalingCanvas	set_StrokeDashPattern	0x2050	NoInlining	Public, Final, Virtual, HideBySig, VtableLayoutMask, SpecialName	0x1003a9aac	0x947b5fb2	0x102281974	0x102281974	mapped	0x102281974
Microsoft.Maui.Graphics	908	0x0600038d	Microsoft.Maui.Graphics.ScalingCanvas	set_StrokeDashOffset	0x2050	NoInlining	Public, Final, Virtual, HideBySig, VtableLayoutMask, SpecialName	0x1003a9ab0	0x947b5fda	0x102281a18	0x102281a18	mapped	0x102281a18
Microsoft.Maui.Graphics	909	0x0600038e	Microsoft.Maui.Graphics.ScalingCanvas	set_FillColor	0x2050	NoInlining	Public, Final, Virtual, HideBySig, VtableLayoutMask, SpecialName	0x1003a9ab4	0x947b6004	0x102281ac4	0x102281ac4	mapped	0x102281ac4
Microsoft.Maui.Graphics	910	0x0600038f	Microsoft.Maui.Graphics.ScalingCanvas	set_FontColor	0x2050	NoInlining	Public, Final, Virtual, HideBySig, VtableLayoutMask, SpecialName	0x1003a9ab8	0x947b602c	0x102281b68	0x102281b68	mapped	0x102281b68
Microsoft.Maui.Graphics	911	0x06000390	Microsoft.Maui.Graphics.ScalingCanvas	set_Font	0x2050	NoInlining	Public, Final, Virtual, HideBySig, VtableLayoutMask, SpecialName	0x1003a9abc	0x947b6054	0x102281c0c	0x102281c0c	mapped	0x102281c0c
Microsoft.Maui.Graphics	912	0x06000391	Microsoft.Maui.Graphics.ScalingCanvas	set_FontSize	0x2050	NoInlining	Public, Final, Virtual, HideBySig, VtableLayoutMask, SpecialName	0x1003a9ac0	0x947b607c	0x102281cb0	0x102281cb0	mapped	0x102281cb0
Microsoft.Maui.Graphics	913	0x06000392	Microsoft.Maui.Graphics.ScalingCanvas	set_BlendMode	0x2050	NoInlining	Public, Final, Virtual, HideBySig, VtableLayoutMask, SpecialName	0x1003a9ac4	0x947b60a6	0x102281d5c	0x102281d5c	mapped	0x102281d5c
Microsoft.Maui.Graphics	914	0x06000393	Microsoft.Maui.Graphics.ScalingCanvas	set_Antialias	0x2050	NoInlining	Public, Final, Virtual, HideBySig, VtableLayoutMask, SpecialName	0x1003a9ac8	0x947b60ce	0x102281e00	0x102281e00	mapped	0x102281e00
Microsoft.Maui.Graphics	915	0x06000394	Microsoft.Maui.Graphics.ScalingCanvas	SubtractFromClip	0x2050	NoInlining	Public, Final, Virtual, HideBySig, VtableLayoutMask	0x1003a9acc	0x947b60f6	0x102281ea4	0x102281ea4	mapped	0x102281ea4
Microsoft.Maui.Graphics	916	0x06000395	Microsoft.Maui.Graphics.ScalingCanvas	DrawLine	0x2050	NoInlining	Public, Final, Virtual, HideBySig, VtableLayoutMask	0x1003a9ad0	0x947b6129	0x102281f74	0x102281f74	mapped	0x102281f74
Microsoft.Maui.Graphics	917	0x06000396	Microsoft.Maui.Graphics.ScalingCanvas	DrawArc	0x2050	NoInlining	Public, Final, Virtual, HideBySig, VtableLayoutMask	0x1003a9ad4	0x947b615c	0x102282044	0x102282044	mapped	0x102282044
Microsoft.Maui.Graphics	918	0x06000397	Microsoft.Maui.Graphics.ScalingCanvas	FillArc	0x2050	NoInlining	Public, Final, Virtual, HideBySig, VtableLayoutMask	0x1003a9ad8	0x947b619b	0x102282144	0x102282144	mapped	0x102282144
Microsoft.Maui.Graphics	919	0x06000398	Microsoft.Maui.Graphics.ScalingCanvas	DrawEllipse	0x2050	NoInlining	Public, Final, Virtual, HideBySig, VtableLayoutMask	0x1003a9adc	0x947b61d6	0x102282234	0x102282234	mapped	0x102282234
Microsoft.Maui.Graphics	920	0x06000399	Microsoft.Maui.Graphics.ScalingCanvas	DrawImage	0x2050	NoInlining	Public, Final, Virtual, HideBySig, VtableLayoutMask	0x1003a9ae0	0x947b6209	0x102282304	0x102282304	mapped	0x102282304
Microsoft.Maui.Graphics	921	0x0600039a	Microsoft.Maui.Graphics.ScalingCanvas	DrawRectangle	0x2050	NoInlining	Public, Final, Virtual, HideBySig, VtableLayoutMask	0x1003a9ae4	0x947b623e	0x1022823dc	0x1022823dc	mapped	0x1022823dc
Microsoft.Maui.Graphics	922	0x0600039b	Microsoft.Maui.Graphics.ScalingCanvas	DrawRoundedRectangle	0x2050	NoInlining	Public, Final, Virtual, HideBySig, VtableLayoutMask	0x1003a9ae8	0x947b6271	0x1022824ac	0x1022824ac	mapped	0x1022824ac
Microsoft.Maui.Graphics	923	0x0600039c	Microsoft.Maui.Graphics.ScalingCanvas	DrawString	0x2050	NoInlining	Public, Final, Virtual, HideBySig, VtableLayoutMask	0x1003a9aec	0x947b62a8	0x10228258c	0x10228258c	mapped	0x10228258c
Microsoft.Maui.Graphics	924	0x0600039d	Microsoft.Maui.Graphics.ScalingCanvas	DrawString	0x2050	NoInlining	Public, Final, Virtual, HideBySig, VtableLayoutMask	0x1003a9af0	0x947b62db	0x10228265c	0x10228265c	mapped	0x10228265c
Microsoft.Maui.Graphics	925	0x0600039e	Microsoft.Maui.Graphics.ScalingCanvas	DrawText	0x2050	NoInlining	Public, Final, Virtual, HideBySig, VtableLayoutMask	0x1003a9af4	0x947b631b	0x102282760	0x102282760	mapped	0x102282760
Microsoft.Maui.Graphics	926	0x0600039f	Microsoft.Maui.Graphics.ScalingCanvas	FillEllipse	0x2050	NoInlining	Public, Final, Virtual, HideBySig, VtableLayoutMask	0x1003a9af8	0x947b6350	0x102282838	0x102282838	mapped	0x102282838
Microsoft.Maui.Graphics	927	0x060003a0	Microsoft.Maui.Graphics.ScalingCanvas	FillRectangle	0x2050	NoInlining	Public, Final, Virtual, HideBySig, VtableLayoutMask	0x1003a9afc	0x947b6383	0x102282908	0x102282908	mapped	0x102282908
Microsoft.Maui.Graphics	928	0x060003a1	Microsoft.Maui.Graphics.ScalingCanvas	FillRoundedRectangle	0x2050	NoInlining	Public, Final, Virtual, HideBySig, VtableLayoutMask	0x1003a9b00	0x947b63b6	0x1022829d8	0x1022829d8	mapped	0x1022829d8
Microsoft.Maui.Graphics	929	0x060003a2	Microsoft.Maui.Graphics.ScalingCanvas	DrawPath	0x2050	NoInlining	Public, Final, Virtual, HideBySig, VtableLayoutMask	0x1003a9b04	0x947b63ed	0x102282ab8	0x102282ab8	mapped	0x102282ab8
Microsoft.Maui.Graphics	930	0x060003a3	Microsoft.Maui.Graphics.ScalingCanvas	FillPath	0x2050	NoInlining	Public, Final, Virtual, HideBySig, VtableLayoutMask	0x1003a9b08	0x947b6419	0x102282b6c	0x102282b6c	mapped	0x102282b6c
Microsoft.Maui.Graphics	931	0x060003a4	Microsoft.Maui.Graphics.ScalingCanvas	ClipPath	0x2050	NoInlining	Public, Final, Virtual, HideBySig, VtableLayoutMask	0x1003a9b0c	0x947b6449	0x102282c30	0x102282c30	mapped	0x102282c30
Microsoft.Maui.Graphics	932	0x060003a5	Microsoft.Maui.Graphics.ScalingCanvas	ClipRectangle	0x2050	NoInlining	Public, Final, Virtual, HideBySig, VtableLayoutMask	0x1003a9b10	0x947b6479	0x102282cf4	0x102282cf4	mapped	0x102282cf4
Microsoft.Maui.Graphics	933	0x060003a6	Microsoft.Maui.Graphics.ScalingCanvas	Rotate	0x2050	NoInlining	Public, Final, Virtual, HideBySig, VtableLayoutMask	0x1003a9b14	0x947b64ac	0x102282dc4	0x102282dc4	mapped	0x102282dc4
Microsoft.Maui.Graphics	934	0x060003a7	Microsoft.Maui.Graphics.ScalingCanvas	SetFillPaint	0x2050	NoInlining	Public, Final, Virtual, HideBySig, VtableLayoutMask	0x1003a9b18	0x947b64dd	0x102282e8c	0x102282e8c	mapped	0x102282e8c
Microsoft.Maui.Graphics	935	0x060003a8	Microsoft.Maui.Graphics.ScalingCanvas	Rotate	0x2050	NoInlining	Public, Final, Virtual, HideBySig, VtableLayoutMask	0x1003a9b1c	0x947b651a	0x102282f84	0x102282f84	mapped	0x102282f84
Microsoft.Maui.Graphics	936	0x060003a9	Microsoft.Maui.Graphics.ScalingCanvas	Scale	0x2050	NoInlining	Public, Final, Virtual, HideBySig, VtableLayoutMask	0x1003a9b20	0x947b6544	0x102283030	0x102283030	mapped	0x102283030
Microsoft.Maui.Graphics	937	0x060003aa	Microsoft.Maui.Graphics.ScalingCanvas	Translate	0x2050	NoInlining	Public, Final, Virtual, HideBySig, VtableLayoutMask	0x1003a9b24	0x947b6577	0x102283100	0x102283100	mapped	0x102283100
Microsoft.Maui.Graphics	938	0x060003ab	Microsoft.Maui.Graphics.ScalingCanvas	ConcatenateTransform	0x2050	NoInlining	Public, Final, Virtual, HideBySig, VtableLayoutMask	0x1003a9b28	0x947b65a3	0x1022831b4	0x1022831b4	mapped	0x1022831b4
Microsoft.Maui.Graphics	939	0x060003ac	Microsoft.Maui.Graphics.ScalingCanvas	SaveState	0x2050	NoInlining	Public, Final, Virtual, HideBySig, VtableLayoutMask	0x1003a9b2c	0x947b65dd	0x1022832a0	0x1022832a0	mapped	0x1022832a0
Microsoft.Maui.Graphics	940	0x060003ad	Microsoft.Maui.Graphics.ScalingCanvas	ResetState	0x2050	NoInlining	Public, Final, Virtual, HideBySig, VtableLayoutMask	0x1003a9b30	0x947b6614	0x102283380	0x102283380	mapped	0x102283380
Microsoft.Maui.Graphics	941	0x060003ae	Microsoft.Maui.Graphics.ScalingCanvas	RestoreState	0x2050	NoInlining	Public, Final, Virtual, HideBySig, VtableLayoutMask	0x1003a9b34	0x947b664b	0x102283460	0x102283460	mapped	0x102283460
Microsoft.Maui.Graphics	942	0x060003af	Microsoft.Maui.Graphics.ScalingCanvas	GetScale	0x2050	NoInlining	Public, HideBySig	0x1003a9b38	0x947b668c	0x102283568	0x102283568	mapped	0x102283568
Microsoft.Maui.Graphics	943	0x060003b0	Microsoft.Maui.Graphics.ScalingCanvas	SetShadow	0x2050	NoInlining	Public, Final, Virtual, HideBySig, VtableLayoutMask	0x1003a9b3c	0x947b6694	0x10228358c	0x10228358c	mapped	0x10228358c
Microsoft.Maui.Graphics	944	0x060003b1	Microsoft.Maui.Graphics.ScalingCanvas	SetBlur	0x2050	NoInlining	Public, Final, Virtual, HideBySig, VtableLayoutMask	0x1003a9b40	0x947b66c6	0x102283658	0x102283658	mapped	0x102283658
Microsoft.Maui.Graphics	945	0x060003b2	Microsoft.Maui.Graphics.ScalingCanvas	GetStringSize	0x2050	NoInlining	Public, Final, Virtual, HideBySig, VtableLayoutMask	0x1003a9b44	0x947b66ed	0x1022836f8	0x1022836f8	mapped	0x1022836f8
Microsoft.Maui.Graphics	946	0x060003b3	Microsoft.Maui.Graphics.ScalingCanvas	GetStringSize	0x2050	NoInlining	Public, Final, Virtual, HideBySig, VtableLayoutMask	0x1003a9b48	0x947b671d	0x1022837bc	0x1022837bc	mapped	0x1022837bc
Microsoft.Maui.Graphics	947	0x060003b4	Microsoft.Maui.Graphics.SolidPaint	.ctor	0x2050	NoInlining	Public, HideBySig, SpecialName, RTSpecialName	0x1003a9b4c	0x947b6753	0x102283898	0x102283898	mapped	0x102283898
Microsoft.Maui.Graphics	948	0x060003b5	Microsoft.Maui.Graphics.SolidPaint	.ctor	0x2050	NoInlining	Public, HideBySig, SpecialName, RTSpecialName	0x1003a9b50	0x947b6753	0x10228389c	0x10228389c	mapped	0x10228389c
Microsoft.Maui.Graphics	949	0x060003b6	Microsoft.Maui.Graphics.SolidPaint	get_Color	0x2050	NoInlining	Public, HideBySig, SpecialName	0x1003a9b54	0x947b6762	0x1022838dc	0x1022838dc	mapped	0x1022838dc
Microsoft.Maui.Graphics	950	0x060003b7	Microsoft.Maui.Graphics.SolidPaint	set_Color	0x2050	NoInlining	Public, HideBySig, SpecialName	0x1003a9b58	0x947b676a	0x102283900	0x102283900	mapped	0x102283900
Microsoft.Maui.Graphics	951	0x060003b8	Microsoft.Maui.Graphics.SolidPaint	get_IsTransparent	0x2050	NoInlining	Public, Virtual, HideBySig, SpecialName	0x1003a9b5c	0x947b6779	0x102283940	0x102283940	mapped	0x102283940
Microsoft.Maui.Graphics	952	0x060003b9	Microsoft.Maui.Graphics.SolidPaint	ToString	0x2050	NoInlining	Public, Virtual, HideBySig	0x1003a9b60	0x947b6788	0x102283980	0x102283980	mapped	0x102283980
Microsoft.Maui.Graphics	953	0x060003ba	Microsoft.Maui.Graphics.DrawingCommand	.ctor	0x0	11	Public, HideBySig, SpecialName, RTSpecialName	0x1003a9b64	0x97fffc47	0x1003a8c80		absent	0x1003a8c80
Microsoft.Maui.Graphics	954	0x060003bb	Microsoft.Maui.Graphics.DrawingCommand	Invoke	0x0	11	Public, Virtual, HideBySig, VtableLayoutMask	0x1003a9b68	0x97fffc46	0x1003a8c80		absent	0x1003a8c80
Microsoft.Maui.Graphics	955	0x060003bc	Microsoft.Maui.Graphics.DrawingCommand	BeginInvoke	0x0	11	Public, Virtual, HideBySig, VtableLayoutMask	0x1003a9b6c	0x97fffc45	0x1003a8c80		absent	0x1003a8c80
Microsoft.Maui.Graphics	956	0x060003bd	Microsoft.Maui.Graphics.DrawingCommand	EndInvoke	0x0	11	Public, Virtual, HideBySig, VtableLayoutMask	0x1003a9b70	0x97fffc44	0x1003a8c80		absent	0x1003a8c80
Microsoft.Maui.Graphics	957	0x060003be	Microsoft.Maui.Graphics.StandardPicture	get_X	0x2050	NoInlining	Public, Final, Virtual, HideBySig, VtableLayoutMask, SpecialName	0x1003a9b74	0x947b6819	0x102283bd8	0x102283bd8	mapped	0x102283bd8
Microsoft.Maui.Graphics	958	0x060003bf	Microsoft.Maui.Graphics.StandardPicture	get_Y	0x2050	NoInlining	Public, Final, Virtual, HideBySig, VtableLayoutMask, SpecialName	0x1003a9b78	0x947b6821	0x102283bfc	0x102283bfc	mapped	0x102283bfc
Microsoft.Maui.Graphics	959	0x060003c0	Microsoft.Maui.Graphics.StandardPicture	get_Width	0x2050	NoInlining	Public, Final, Virtual, HideBySig, VtableLayoutMask, SpecialName	0x1003a9b7c	0x947b6829	0x102283c20	0x102283c20	mapped	0x102283c20
Microsoft.Maui.Graphics	960	0x060003c1	Microsoft.Maui.Graphics.StandardPicture	get_Height	0x2050	NoInlining	Public, Final, Virtual, HideBySig, VtableLayoutMask, SpecialName	0x1003a9b80	0x947b6831	0x102283c44	0x102283c44	mapped	0x102283c44
Microsoft.Maui.Graphics	961	0x060003c2	Microsoft.Maui.Graphics.StandardPicture	get_Hash	0x2050	NoInlining	Public, HideBySig, SpecialName	0x1003a9b84	0x947b6839	0x102283c68	0x102283c68	mapped	0x102283c68
Microsoft.Maui.Graphics	962	0x060003c3	Microsoft.Maui.Graphics.StandardPicture	set_Hash	0x2050	NoInlining	Public, HideBySig, SpecialName	0x1003a9b88	0x947b6841	0x102283c8c	0x102283c8c	mapped	0x102283c8c
Microsoft.Maui.Graphics	963	0x060003c4	Microsoft.Maui.Graphics.StandardPicture	.ctor	0x2050	NoInlining	Public, HideBySig, SpecialName, RTSpecialName	0x1003a9b8c	0x947b6850	0x102283ccc	0x102283ccc	mapped	0x102283ccc
Microsoft.Maui.Graphics	964	0x060003c5	Microsoft.Maui.Graphics.StandardPicture	Draw	0x2050	NoInlining	Public, Final, Virtual, HideBySig, VtableLayoutMask	0x1003a9b90	0x947b6865	0x102283d24	0x102283d24	mapped	0x102283d24
Microsoft.Maui.Graphics	965	0x060003c6	Microsoft.Maui.Graphics.StandardTextAttributes	get_Font	0x2050	NoInlining	Public, Final, Virtual, HideBySig, VtableLayoutMask, SpecialName	0x1003a9b94	0x947b688e	0x102283dcc	0x102283dcc	mapped	0x102283dcc
Microsoft.Maui.Graphics	966	0x060003c7	Microsoft.Maui.Graphics.StandardTextAttributes	set_Font	0x2050	NoInlining	Public, Final, Virtual, HideBySig, VtableLayoutMask, SpecialName	0x1003a9b98	0x947b6896	0x102283df0	0x102283df0	mapped	0x102283df0
Microsoft.Maui.Graphics	967	0x060003c8	Microsoft.Maui.Graphics.StandardTextAttributes	get_FontSize	0x2050	NoInlining	Public, Final, Virtual, HideBySig, VtableLayoutMask, SpecialName	0x1003a9b9c	0x947b68a5	0x102283e30	0x102283e30	mapped	0x102283e30
Microsoft.Maui.Graphics	968	0x060003c9	Microsoft.Maui.Graphics.StandardTextAttributes	set_FontSize	0x2050	NoInlining	Public, Final, Virtual, HideBySig, VtableLayoutMask, SpecialName	0x1003a9ba0	0x947b68ad	0x102283e54	0x102283e54	mapped	0x102283e54
Microsoft.Maui.Graphics	969	0x060003ca	Microsoft.Maui.Graphics.StandardTextAttributes	get_HorizontalAlignment	0x2050	NoInlining	Public, Final, Virtual, HideBySig, VtableLayoutMask, SpecialName	0x1003a9ba4	0x947b68b5	0x102283e78	0x102283e78	mapped	0x102283e78
Microsoft.Maui.Graphics	970	0x060003cb	Microsoft.Maui.Graphics.StandardTextAttributes	set_HorizontalAlignment	0x2050	NoInlining	Public, Final, Virtual, HideBySig, VtableLayoutMask, SpecialName	0x1003a9ba8	0x947b68bd	0x102283e9c	0x102283e9c	mapped	0x102283e9c
Microsoft.Maui.Graphics	971	0x060003cc	Microsoft.Maui.Graphics.StandardTextAttributes	get_Margin	0x2050	NoInlining	Public, Final, Virtual, HideBySig, VtableLayoutMask, SpecialName	0x1003a9bac	0x947b68c5	0x102283ec0	0x102283ec0	mapped	0x102283ec0
Microsoft.Maui.Graphics	972	0x060003cd	Microsoft.Maui.Graphics.StandardTextAttributes	set_Margin	0x2050	NoInlining	Public, Final, Virtual, HideBySig, VtableLayoutMask, SpecialName	0x1003a9bb0	0x947b68cd	0x102283ee4	0x102283ee4	mapped	0x102283ee4
Microsoft.Maui.Graphics	973	0x060003ce	Microsoft.Maui.Graphics.StandardTextAttributes	get_TextFontColor	0x2050	NoInlining	Public, Final, Virtual, HideBySig, VtableLayoutMask, SpecialName	0x1003a9bb4	0x947b68d5	0x102283f08	0x102283f08	mapped	0x102283f08
Microsoft.Maui.Graphics	974	0x060003cf	Microsoft.Maui.Graphics.StandardTextAttributes	set_TextFontColor	0x2050	NoInlining	Public, Final, Virtual, HideBySig, VtableLayoutMask, SpecialName	0x1003a9bb8	0x947b68dd	0x102283f2c	0x102283f2c	mapped	0x102283f2c
Microsoft.Maui.Graphics	975	0x060003d0	Microsoft.Maui.Graphics.StandardTextAttributes	get_VerticalAlignment	0x2050	NoInlining	Public, Final, Virtual, HideBySig, VtableLayoutMask, SpecialName	0x1003a9bbc	0x947b68ec	0x102283f6c	0x102283f6c	mapped	0x102283f6c
Microsoft.Maui.Graphics	976	0x060003d1	Microsoft.Maui.Graphics.StandardTextAttributes	set_VerticalAlignment	0x2050	NoInlining	Public, Final, Virtual, HideBySig, VtableLayoutMask, SpecialName	0x1003a9bc0	0x947b68f4	0x102283f90	0x102283f90	mapped	0x102283f90
Microsoft.Maui.Graphics	977	0x060003d2	Microsoft.Maui.Graphics.StandardTextAttributes	.ctor	0x2050	NoInlining	Public, HideBySig, SpecialName, RTSpecialName	0x1003a9bc4	0x947b68fc	0x102283fb4	0x102283fb4	mapped	0x102283fb4
Microsoft.Maui.Graphics	978	0x060003d3	Microsoft.Maui.Graphics.XmlnsDefinitionAttribute	get_XmlNamespace	0x2050	NoInlining	Public, HideBySig, SpecialName	0x1003a9bc8	0x947b68fc	0x102283fb8	0x102283fb8	mapped	0x102283fb8
Microsoft.Maui.Graphics	979	0x060003d4	Microsoft.Maui.Graphics.XmlnsDefinitionAttribute	get_ClrNamespace	0x2050	NoInlining	Public, HideBySig, SpecialName	0x1003a9bcc	0x947b6904	0x102283fdc	0x102283fdc	mapped	0x102283fdc
Microsoft.Maui.Graphics	980	0x060003d5	Microsoft.Maui.Graphics.XmlnsDefinitionAttribute	.ctor	0x2050	NoInlining	Public, HideBySig, SpecialName, RTSpecialName	0x1003a9bd0	0x947b690c	0x102284000	0x102284000	mapped	0x102284000
Microsoft.Maui.Graphics	981	0x060003d6	Microsoft.Maui.Graphics.XmlnsPrefixAttribute	.ctor	0x2050	NoInlining	Public, HideBySig, SpecialName, RTSpecialName	0x1003a9bd4	0x947b693c	0x1022840c4	0x1022840c4	mapped	0x1022840c4
Microsoft.Maui.Graphics	982	0x060003d7	Microsoft.Maui.Graphics.XmlnsPrefixAttribute	get_XmlNamespace	0x2050	NoInlining	Public, HideBySig, SpecialName	0x1003a9bd8	0x947b696c	0x102284188	0x102284188	mapped	0x102284188
Microsoft.Maui.Graphics	983	0x060003d8	Microsoft.Maui.Graphics.XmlnsPrefixAttribute	get_Prefix	0x2050	NoInlining	Public, HideBySig, SpecialName	0x1003a9bdc	0x947b6974	0x1022841ac	0x1022841ac	mapped	0x1022841ac
Microsoft.Maui.Graphics	984	0x060003d9	Microsoft.Maui.Graphics.Text.AbstractAttributedText	get_Text	0x0	NoInlining	Public, Virtual, HideBySig, VtableLayoutMask, Abstract, SpecialName	0x1003a9be0	0x97fffc28	0x1003a8c80		absent	0x1003a8c80
Microsoft.Maui.Graphics	985	0x060003da	Microsoft.Maui.Graphics.Text.AbstractAttributedText	get_Runs	0x0	NoInlining	Public, Virtual, HideBySig, VtableLayoutMask, Abstract, SpecialName	0x1003a9be4	0x97fffc27	0x1003a8c80		absent	0x1003a8c80
Microsoft.Maui.Graphics	986	0x060003db	Microsoft.Maui.Graphics.Text.AbstractAttributedText	get_Optimal	0x2050	NoInlining	Public, HideBySig, SpecialName	0x1003a9be8	0x947b697a	0x1022841d0	0x1022841d0	mapped	0x1022841d0
Microsoft.Maui.Graphics	987	0x060003dc	Microsoft.Maui.Graphics.Text.AbstractAttributedText	set_Optimal	0x2050	NoInlining	Family, HideBySig, SpecialName	0x1003a9bec	0x947b6982	0x1022841f4	0x1022841f4	mapped	0x1022841f4
Microsoft.Maui.Graphics	988	0x060003dd	Microsoft.Maui.Graphics.Text.AbstractAttributedText	.ctor	0x2050	NoInlining	Family, HideBySig, SpecialName, RTSpecialName	0x1003a9bf0	0x947b698a	0x102284218	0x102284218	mapped	0x102284218
Microsoft.Maui.Graphics	989	0x060003de	Microsoft.Maui.Graphics.Text.AttributedText	.ctor	0x2050	NoInlining	Public, HideBySig, SpecialName, RTSpecialName	0x1003a9bf4	0x947b698a	0x10228421c	0x10228421c	mapped	0x10228421c
Microsoft.Maui.Graphics	990	0x060003df	Microsoft.Maui.Graphics.Text.AttributedText	get_Text	0x2050	NoInlining	Public, Virtual, HideBySig, SpecialName	0x1003a9bf8	0x947b699f	0x102284274	0x102284274	mapped	0x102284274
Microsoft.Maui.Graphics	991	0x060003e0	Microsoft.Maui.Graphics.Text.AttributedText	get_Runs	0x2050	NoInlining	Public, Virtual, HideBySig, SpecialName	0x1003a9bfc	0x947b69a7	0x102284298	0x102284298	mapped	0x102284298
Microsoft.Maui.Graphics	992	0x060003e1	Microsoft.Maui.Graphics.Text.AttributedTextBlock	get_Text	0x2050	NoInlining	Public, HideBySig, SpecialName	0x1003a9c00	0x947b69af	0x1022842bc	0x1022842bc	mapped	0x1022842bc
Microsoft.Maui.Graphics	993	0x060003e2	Microsoft.Maui.Graphics.Text.AttributedTextBlock	get_Attributes	0x2050	NoInlining	Public, HideBySig, SpecialName	0x1003a9c04	0x947b69b7	0x1022842e0	0x1022842e0	mapped	0x1022842e0
Microsoft.Maui.Graphics	994	0x060003e3	Microsoft.Maui.Graphics.Text.AttributedTextBlock	.ctor	0x2050	NoInlining	Public, HideBySig, SpecialName, RTSpecialName	0x1003a9c08	0x947b69bf	0x102284304	0x102284304	mapped	0x102284304
Microsoft.Maui.Graphics	995	0x060003e4	Microsoft.Maui.Graphics.Text.AttributedTextBlock	ToString	0x2050	NoInlining	Public, Virtual, HideBySig	0x1003a9c0c	0x947b69d3	0x102284358	0x102284358	mapped	0x102284358
Microsoft.Maui.Graphics	996	0x060003e5	Microsoft.Maui.Graphics.Text.AttributedTextExtensions	Optimize	0x2050	NoInlining	Public, Static, HideBySig	0x1003a9c10	0x947b6a66	0x1022845a8	0x1022845a8	mapped	0x1022845a8
Microsoft.Maui.Graphics	997	0x060003e6	Microsoft.Maui.Graphics.Text.AttributedTextExtensions	OptimizeRuns	0x2050	NoInlining	Assembly, Static, HideBySig	0x1003a9c14	0x947b6ac7	0x102284730	0x102284730	mapped	0x102284730
Microsoft.Maui.Graphics	998	0x060003e7	Microsoft.Maui.Graphics.Text.AttributedTextExtensions	CreateParagraphs	0x2050	NoInlining	Public, Static, HideBySig	0x1003a9c18	0x947b6b32	0x1022848e0	0x1022848e0	mapped	0x1022848e0
Microsoft.Maui.Graphics	999	0x060003e8	Microsoft.Maui.Graphics.Text.AttributedTextExtensions	CreateParagraphRun	0x2050	NoInlining	Public, Static, HideBySig	0x1003a9c1c	0x947b6bf4	0x102284bec	0x102284bec	mapped	0x102284bec
Microsoft.Maui.Graphics	1000	0x060003e9	Microsoft.Maui.Graphics.Text.AttributedTextExtensions	CreateBlocks	0x2050	NoInlining	Public, Static, HideBySig	0x1003a9c20	0x947b6d19	0x102285084	0x102285084	mapped	0x102285084
Microsoft.Maui.Graphics	1001	0x060003ea	Microsoft.Maui.Graphics.Text.AttributedTextRun	.ctor	0x2050	NoInlining	Public, HideBySig, SpecialName, RTSpecialName	0x1003a9c24	0x947b6ebf	0x102285720	0x102285720	mapped	0x102285720
Microsoft.Maui.Graphics	1002	0x060003eb	Microsoft.Maui.Graphics.Text.AttributedTextRun	get_Start	0x2050	NoInlining	Public, Final, Virtual, HideBySig, VtableLayoutMask, SpecialName	0x1003a9c28	0x947b6ece	0x102285760	0x102285760	mapped	0x102285760
Microsoft.Maui.Graphics	1003	0x060003ec	Microsoft.Maui.Graphics.Text.AttributedTextRun	get_Length	0x2050	NoInlining	Public, Final, Virtual, HideBySig, VtableLayoutMask, SpecialName	0x1003a9c2c	0x947b6ed6	0x102285784	0x102285784	mapped	0x102285784
Microsoft.Maui.Graphics	1004	0x060003ed	Microsoft.Maui.Graphics.Text.AttributedTextRun	get_Attributes	0x2050	NoInlining	Public, Final, Virtual, HideBySig, VtableLayoutMask, SpecialName	0x1003a9c30	0x947b6ede	0x1022857a8	0x1022857a8	mapped	0x1022857a8
Microsoft.Maui.Graphics	1005	0x060003ee	Microsoft.Maui.Graphics.Text.AttributedTextRun	ToString	0x2050	NoInlining	Public, Virtual, HideBySig	0x1003a9c34	0x947b6ee6	0x1022857cc	0x1022857cc	mapped	0x1022857cc
Microsoft.Maui.Graphics	1006	0x060003ef	Microsoft.Maui.Graphics.Text.AttributedTextRunComparer	Compare	0x2050	NoInlining	Public, Final, Virtual, HideBySig, VtableLayoutMask	0x1003a9c38	0x947b6f9f	0x102285ab4	0x102285ab4	mapped	0x102285ab4
Microsoft.Maui.Graphics	1007	0x060003f0	Microsoft.Maui.Graphics.Text.AttributedTextRunComparer	.ctor	0x2050	NoInlining	Public, HideBySig, SpecialName, RTSpecialName	0x1003a9c3c	0x947b6ffa	0x102285c24	0x102285c24	mapped	0x102285c24
Microsoft.Maui.Graphics	1008	0x060003f1	Microsoft.Maui.Graphics.Text.AttributedTextRunComparer	.cctor	0x2050	NoInlining	Private, Static, HideBySig, SpecialName, RTSpecialName	0x1003a9c40	0x947b7007	0x102285c5c	0x102285c5c	mapped	0x102285c5c
Microsoft.Maui.Graphics	1009	0x060003f2	Microsoft.Maui.Graphics.Text.AttributedTextRunExtensions	GetEnd	0x2050	NoInlining	Public, Static, HideBySig	0x1003a9c44	0x947b7022	0x102285ccc	0x102285ccc	mapped	0x102285ccc
Microsoft.Maui.Graphics	1010	0x060003f3	Microsoft.Maui.Graphics.Text.AttributedTextRunExtensions	Intersects	0x2050	NoInlining	Public, Static, HideBySig	0x1003a9c48	0x947b7049	0x102285d6c	0x102285d6c	mapped	0x102285d6c
Microsoft.Maui.Graphics	1011	0x060003f4	Microsoft.Maui.Graphics.Text.AttributedTextRunExtensions	Intersects	0x2050	NoInlining	Public, Static, HideBySig	0x1003a9c4c	0x947b707c	0x102285e3c	0x102285e3c	mapped	0x102285e3c
Microsoft.Maui.Graphics	1012	0x060003f5	Microsoft.Maui.Graphics.Text.AttributedTextRunExtensions	IntersectsExactly	0x2050	NoInlining	Public, Static, HideBySig	0x1003a9c50	0x947b70a6	0x102285ee8	0x102285ee8	mapped	0x102285ee8
Microsoft.Maui.Graphics	1013	0x060003f6	Microsoft.Maui.Graphics.Text.AttributedTextRunExtensions	IntersectsExactly	0x2050	NoInlining	Public, Static, HideBySig	0x1003a9c54	0x947b70e0	0x102285fd4	0x102285fd4	mapped	0x102285fd4
Microsoft.Maui.Graphics	1014	0x060003f7	Microsoft.Maui.Graphics.Text.AttributedTextRunExtensions	CalculatedIntersections	0x2050	NoInlining	Public, Static, HideBySig	0x1003a9c58	0x947b710d	0x10228608c	0x10228608c	mapped	0x10228608c
Microsoft.Maui.Graphics	1015	0x060003f8	Microsoft.Maui.Graphics.Text.AttributedTextRunExtensions	Optimize	0x2050	NoInlining	Public, Static, HideBySig	0x1003a9c5c	0x947b747d	0x102286e50	0x102286e50	mapped	0x102286e50
Microsoft.Maui.Graphics	1016	0x060003f9	Microsoft.Maui.Graphics.Text.CountingWriter	.ctor	0x2050	NoInlining	Public, HideBySig, SpecialName, RTSpecialName	0x1003a9c60	0x947b759e	0x1022872d8	0x1022872d8	mapped	0x1022872d8
Microsoft.Maui.Graphics	1017	0x060003fa	Microsoft.Maui.Graphics.Text.CountingWriter	get_Encoding	0x2050	NoInlining	Public, Virtual, HideBySig, SpecialName	0x1003a9c64	0x947b75cb	0x102287390	0x102287390	mapped	0x102287390
Microsoft.Maui.Graphics	1018	0x060003fb	Microsoft.Maui.Graphics.Text.CountingWriter	get_Count	0x2050	NoInlining	Public, HideBySig, SpecialName	0x1003a9c68	0x947b75e3	0x1022873f4	0x1022873f4	mapped	0x1022873f4
Microsoft.Maui.Graphics	1019	0x060003fc	Microsoft.Maui.Graphics.Text.CountingWriter	Write	0x2050	NoInlining	Public, Virtual, HideBySig	0x1003a9c6c	0x947b75eb	0x102287418	0x102287418	mapped	0x102287418
Microsoft.Maui.Graphics	1020	0x060003fd	Microsoft.Maui.Graphics.Text.CountingWriter	ToString	0x2050	NoInlining	Public, Virtual, HideBySig	0x1003a9c70	0x947b7608	0x102287490	0x102287490	mapped	0x102287490
Microsoft.Maui.Graphics	1021	0x060003fe	Microsoft.Maui.Graphics.Text.IAttributedText	get_Text	0x0	NoInlining	Public, Virtual, HideBySig, VtableLayoutMask, Abstract, SpecialName	0x1003a9c74	0x97fffc03	0x1003a8c80		absent	0x1003a8c80
Microsoft.Maui.Graphics	1022	0x060003ff	Microsoft.Maui.Graphics.Text.IAttributedText	get_Runs	0x0	NoInlining	Public, Virtual, HideBySig, VtableLayoutMask, Abstract, SpecialName	0x1003a9c78	0x97fffc02	0x1003a8c80		absent	0x1003a8c80
Microsoft.Maui.Graphics	1023	0x06000400	Microsoft.Maui.Graphics.Text.IAttributedTextRun	get_Start	0x0	NoInlining	Public, Virtual, HideBySig, VtableLayoutMask, Abstract, SpecialName	0x1003a9c7c	0x97fffc01	0x1003a8c80		absent	0x1003a8c80
Microsoft.Maui.Graphics	1024	0x06000401	Microsoft.Maui.Graphics.Text.IAttributedTextRun	get_Length	0x0	NoInlining	Public, Virtual, HideBySig, VtableLayoutMask, Abstract, SpecialName	0x1003a9c80	0x97fffc00	0x1003a8c80		absent	0x1003a8c80
Microsoft.Maui.Graphics	1025	0x06000402	Microsoft.Maui.Graphics.Text.IAttributedTextRun	get_Attributes	0x0	NoInlining	Public, Virtual, HideBySig, VtableLayoutMask, Abstract, SpecialName	0x1003a9c84	0x97fffbff	0x1003a8c80		absent	0x1003a8c80
Microsoft.Maui.Graphics	1026	0x06000403	Microsoft.Maui.Graphics.Text.MutableAttributedText	.ctor	0x2050	NoInlining	Public, HideBySig, SpecialName, RTSpecialName	0x1003a9c88	0x947b761b	0x1022874f4	0x1022874f4	mapped	0x1022874f4
Microsoft.Maui.Graphics	1027	0x06000404	Microsoft.Maui.Graphics.Text.MutableAttributedText	get_Text	0x2050	NoInlining	Public, Virtual, HideBySig, SpecialName	0x1003a9c8c	0x947b762a	0x102287534	0x102287534	mapped	0x102287534
Microsoft.Maui.Graphics	1028	0x06000405	Microsoft.Maui.Graphics.Text.MutableAttributedText	get_Runs	0x2050	NoInlining	Public, Virtual, HideBySig, SpecialName	0x1003a9c90	0x947b7632	0x102287558	0x102287558	mapped	0x102287558
Microsoft.Maui.Graphics	1029	0x06000406	Microsoft.Maui.Graphics.Text.MutableAttributedText	AddRun	0x2050	NoInlining	Public, HideBySig	0x1003a9c94	0x947b763a	0x10228757c	0x10228757c	mapped	0x10228757c
Microsoft.Maui.Graphics	1030	0x06000407	Microsoft.Maui.Graphics.Text.TextAttributeExtensions	GetFontName	0x2050	NoInlining	Public, Static, HideBySig	0x1003a9c98	0x947b76a8	0x102287738	0x102287738	mapped	0x102287738
Microsoft.Maui.Graphics	1031	0x06000408	Microsoft.Maui.Graphics.Text.TextAttributeExtensions	SetFontName	0x2050	NoInlining	Public, Static, HideBySig	0x1003a9c9c	0x947b76b7	0x102287778	0x102287778	mapped	0x102287778
Microsoft.Maui.Graphics	1032	0x06000409	Microsoft.Maui.Graphics.Text.TextAttributeExtensions	GetFontSize	0x2050	NoInlining	Public, Static, HideBySig	0x1003a9ca0	0x947b76c7	0x1022877bc	0x1022877bc	mapped	0x1022877bc
Microsoft.Maui.Graphics	1033	0x0600040a	Microsoft.Maui.Graphics.Text.TextAttributeExtensions	SetFontSize	0x2050	NoInlining	Public, Static, HideBySig	0x1003a9ca4	0x947b76e7	0x102287840	0x102287840	mapped	0x102287840
Microsoft.Maui.Graphics	1034	0x0600040b	Microsoft.Maui.Graphics.Text.TextAttributeExtensions	GetUnderline	0x2050	NoInlining	Public, Static, HideBySig	0x1003a9ca8	0x947b76fa	0x102287890	0x102287890	mapped	0x102287890
Microsoft.Maui.Graphics	1035	0x0600040c	Microsoft.Maui.Graphics.Text.TextAttributeExtensions	SetUnderline	0x2050	NoInlining	Public, Static, HideBySig	0x1003a9cac	0x947b7712	0x1022878f4	0x1022878f4	mapped	0x1022878f4
Microsoft.Maui.Graphics	1036	0x0600040d	Microsoft.Maui.Graphics.Text.TextAttributeExtensions	GetBold	0x2050	NoInlining	Public, Static, HideBySig	0x1003a9cb0	0x947b7723	0x10228793c	0x10228793c	mapped	0x10228793c
Microsoft.Maui.Graphics	1037	0x0600040e	Microsoft.Maui.Graphics.Text.TextAttributeExtensions	SetBold	0x2050	NoInlining	Public, Static, HideBySig	0x1003a9cb4	0x947b773b	0x1022879a0	0x1022879a0	mapped	0x1022879a0
Microsoft.Maui.Graphics	1038	0x0600040f	Microsoft.Maui.Graphics.Text.TextAttributeExtensions	GetItalic	0x2050	NoInlining	Public, Static, HideBySig	0x1003a9cb8	0x947b774c	0x1022879e8	0x1022879e8	mapped	0x1022879e8
Microsoft.Maui.Graphics	1039	0x06000410	Microsoft.Maui.Graphics.Text.TextAttributeExtensions	SetItalic	0x2050	NoInlining	Public, Static, HideBySig	0x1003a9cbc	0x947b7764	0x102287a4c	0x102287a4c	mapped	0x102287a4c
Microsoft.Maui.Graphics	1040	0x06000411	Microsoft.Maui.Graphics.Text.TextAttributeExtensions	GetUnorderedList	0x2050	NoInlining	Public, Static, HideBySig	0x1003a9cc0	0x947b7775	0x102287a94	0x102287a94	mapped	0x102287a94
Microsoft.Maui.Graphics	1041	0x06000412	Microsoft.Maui.Graphics.Text.TextAttributeExtensions	SetUnorderedList	0x2050	NoInlining	Public, Static, HideBySig	0x1003a9cc4	0x947b778d	0x102287af8	0x102287af8	mapped	0x102287af8
Microsoft.Maui.Graphics	1042	0x06000413	Microsoft.Maui.Graphics.Text.TextAttributeExtensions	GetMarker	0x2050	NoInlining	Public, Static, HideBySig	0x1003a9cc8	0x947b779e	0x102287b40	0x102287b40	mapped	0x102287b40
Microsoft.Maui.Graphics	1043	0x06000414	Microsoft.Maui.Graphics.Text.TextAttributeExtensions	SetMarker	0x2050	NoInlining	Public, Static, HideBySig	0x1003a9ccc	0x947b77ba	0x102287bb4	0x102287bb4	mapped	0x102287bb4
Microsoft.Maui.Graphics	1044	0x06000415	Microsoft.Maui.Graphics.Text.TextAttributeExtensions	GetStrikethrough	0x2050	NoInlining	Public, Static, HideBySig	0x1003a9cd0	0x947b77d8	0x102287c30	0x102287c30	mapped	0x102287c30
Microsoft.Maui.Graphics	1045	0x06000416	Microsoft.Maui.Graphics.Text.TextAttributeExtensions	SetStrikethrough	0x2050	NoInlining	Public, Static, HideBySig	0x1003a9cd4	0x947b77f0	0x102287c94	0x102287c94	mapped	0x102287c94
Microsoft.Maui.Graphics	1046	0x06000417	Microsoft.Maui.Graphics.Text.TextAttributeExtensions	GetSuperscript	0x2050	NoInlining	Public, Static, HideBySig	0x1003a9cd8	0x947b7801	0x102287cdc	0x102287cdc	mapped	0x102287cdc
Microsoft.Maui.Graphics	1047	0x06000418	Microsoft.Maui.Graphics.Text.TextAttributeExtensions	SetSuperscript	0x2050	NoInlining	Public, Static, HideBySig	0x1003a9cdc	0x947b7819	0x102287d40	0x102287d40	mapped	0x102287d40
Microsoft.Maui.Graphics	1048	0x06000419	Microsoft.Maui.Graphics.Text.TextAttributeExtensions	GetSubscript	0x2050	NoInlining	Public, Static, HideBySig	0x1003a9ce0	0x947b782a	0x102287d88	0x102287d88	mapped	0x102287d88
Microsoft.Maui.Graphics	1049	0x0600041a	Microsoft.Maui.Graphics.Text.TextAttributeExtensions	SetSubscript	0x2050	NoInlining	Public, Static, HideBySig	0x1003a9ce4	0x947b7842	0x102287dec	0x102287dec	mapped	0x102287dec
Microsoft.Maui.Graphics	1050	0x0600041b	Microsoft.Maui.Graphics.Text.TextAttributeExtensions	GetForegroundColor	0x2050	NoInlining	Public, Static, HideBySig	0x1003a9ce8	0x947b7853	0x102287e34	0x102287e34	mapped	0x102287e34
Microsoft.Maui.Graphics	1051	0x0600041c	Microsoft.Maui.Graphics.Text.TextAttributeExtensions	SetForegroundColor	0x2050	NoInlining	Public, Static, HideBySig	0x1003a9cec	0x947b7862	0x102287e74	0x102287e74	mapped	0x102287e74
Microsoft.Maui.Graphics	1052	0x0600041d	Microsoft.Maui.Graphics.Text.TextAttributeExtensions	GetBackgroundColor	0x2050	NoInlining	Public, Static, HideBySig	0x1003a9cf0	0x947b7872	0x102287eb8	0x102287eb8	mapped	0x102287eb8
Microsoft.Maui.Graphics	1053	0x0600041e	Microsoft.Maui.Graphics.Text.TextAttributeExtensions	SetBackgroundColor	0x2050	NoInlining	Public, Static, HideBySig	0x1003a9cf4	0x947b7881	0x102287ef8	0x102287ef8	mapped	0x102287ef8
Microsoft.Maui.Graphics	1054	0x0600041f	Microsoft.Maui.Graphics.Text.TextAttributeExtensions	Union	0x2050	NoInlining	Public, Static, HideBySig	0x1003a9cf8	0x947b7891	0x102287f3c	0x102287f3c	mapped	0x102287f3c
Microsoft.Maui.Graphics	1055	0x06000420	Microsoft.Maui.Graphics.Text.TextAttributes	.ctor	0x2050	NoInlining	Public, HideBySig, SpecialName, RTSpecialName	0x1003a9cfc	0x947b78b1	0x102287fc0	0x102287fc0	mapped	0x102287fc0
Microsoft.Maui.Graphics	1056	0x06000421	Microsoft.Maui.Graphics.Text.TextAttributes	.ctor	0x2050	NoInlining	Public, HideBySig, SpecialName, RTSpecialName	0x1003a9d00	0x947b78cb	0x10228802c	0x10228802c	mapped	0x10228802c
Microsoft.Maui.Graphics	1057	0x06000422	Microsoft.Maui.Graphics.Text.TextAttributes	.ctor	0x2050	NoInlining	Public, HideBySig, SpecialName, RTSpecialName	0x1003a9d04	0x947b78e7	0x1022880a0	0x1022880a0	mapped	0x1022880a0
Microsoft.Maui.Graphics	1058	0x06000423	Microsoft.Maui.Graphics.Text.TextAttributesExtensions	GetAttribute	0x2050	NoInlining	Public, Static, HideBySig	0x1003a9d08	0x947b79a6	0x1022883a0	0x1022883a0	mapped	0x1022883a0
Microsoft.Maui.Graphics	1059	0x06000424	Microsoft.Maui.Graphics.Text.TextAttributesExtensions	SetAttribute	0x2050	NoInlining	Public, Static, HideBySig	0x1003a9d0c	0x947b79d2	0x102288454	0x102288454	mapped	0x102288454
Microsoft.Maui.Graphics	1060	0x06000425	Microsoft.Maui.Graphics.Text.TextAttributesExtensions	RemoveAttribute	0x2050	NoInlining	Public, Static, HideBySig	0x1003a9d10	0x947b79fb	0x1022884fc	0x1022884fc	mapped	0x1022884fc
Microsoft.Maui.Graphics	1061	0x06000426	Microsoft.Maui.Graphics.Text.TextAttributesExtensions	GetIntAttribute	0x2050	NoInlining	Public, Static, HideBySig	0x1003a9d14	0x947b7a19	0x102288578	0x102288578	mapped	0x102288578
Microsoft.Maui.Graphics	1062	0x06000427	Microsoft.Maui.Graphics.Text.TextAttributesExtensions	SetIntAttribute	0x2050	NoInlining	Public, Static, HideBySig	0x1003a9d18	0x947b7a36	0x1022885f0	0x1022885f0	mapped	0x1022885f0
Microsoft.Maui.Graphics	1063	0x06000428	Microsoft.Maui.Graphics.Text.TextAttributesExtensions	GetFloatAttribute	0x2050	NoInlining	Public, Static, HideBySig	0x1003a9d1c	0x947b7a6a	0x1022886c4	0x1022886c4	mapped	0x1022886c4
Microsoft.Maui.Graphics	1064	0x06000429	Microsoft.Maui.Graphics.Text.TextAttributesExtensions	SetFloatAttribute	0x2050	NoInlining	Public, Static, HideBySig	0x1003a9d20	0x947b7a87	0x10228873c	0x10228873c	mapped	0x10228873c
Microsoft.Maui.Graphics	1065	0x0600042a	Microsoft.Maui.Graphics.Text.TextAttributesExtensions	GetBoolAttribute	0x2050	NoInlining	Public, Static, HideBySig	0x1003a9d24	0x947b7abb	0x102288810	0x102288810	mapped	0x102288810
Microsoft.Maui.Graphics	1066	0x0600042b	Microsoft.Maui.Graphics.Text.TextAttributesExtensions	SetBoolAttribute	0x2050	NoInlining	Public, Static, HideBySig	0x1003a9d28	0x947b7ad8	0x102288888	0x102288888	mapped	0x102288888
Microsoft.Maui.Graphics	1067	0x0600042c	Microsoft.Maui.Graphics.Text.TextAttributesExtensions	GetEnumAttribute	0x2050	NoInlining	Public, Static, HideBySig	0x1003a9d2c	0x97fffbd5	0x1003a8c80		absent	0x1003a8c80
Microsoft.Maui.Graphics	1068	0x0600042d	Microsoft.Maui.Graphics.Text.TextAttributesExtensions	SetEnumAttribute	0x2050	NoInlining	Public, Static, HideBySig	0x1003a9d30	0x97fffbd4	0x1003a8c80		absent	0x1003a8c80
Microsoft.Maui.Graphics	1069	0x0600042e	Microsoft.Maui.Graphics.Text.TextColors	Parse	0x2050	NoInlining	Public, Static, HideBySig	0x1003a9d34	0x947b7b02	0x10228893c	0x10228893c	mapped	0x10228893c
Microsoft.Maui.Graphics	1070	0x0600042f	Microsoft.Maui.Graphics.Text.TextColors	ParseAsInts	0x2050	NoInlining	Public, Static, HideBySig	0x1003a9d38	0x947b7c79	0x102288f1c	0x102288f1c	mapped	0x102288f1c
Microsoft.Maui.Graphics	1071	0x06000430	Microsoft.Maui.Graphics.Text.TextColors	.cctor	0x2050	NoInlining	Private, Static, HideBySig, SpecialName, RTSpecialName	0x1003a9d3c	0x947b7deb	0x1022894e8	0x1022894e8	mapped	0x1022894e8
Microsoft.Maui.Graphics	1072	0x06000431	Microsoft.Maui.Graphics.Text.XmlAttributedTextNames	.ctor	0x2050	NoInlining	Public, HideBySig, SpecialName, RTSpecialName	0x1003a9d40	0x947b81f1	0x10228a504	0x10228a504	mapped	0x10228a504
Microsoft.Maui.Graphics	1073	0x06000432	Microsoft.Maui.Graphics.Text.XmlAttributedTextReader	Read	0x2050	NoInlining	Public, HideBySig	0x1003a9d44	0x947b81f1	0x10228a508	0x10228a508	mapped	0x10228a508
Microsoft.Maui.Graphics	1074	0x06000433	Microsoft.Maui.Graphics.Text.XmlAttributedTextReader	Read	0x2050	NoInlining	Public, HideBySig	0x1003a9d48	0x97ffe8c6	0x1003a4060	0x1003a4060	mapped	0x1003a4060
Microsoft.Maui.Graphics	1075	0x06000434	Microsoft.Maui.Graphics.Text.XmlAttributedTextReader	ElementStarted	0x2050	NoInlining	Family, HideBySig	0x1003a9d4c	0x947b823b	0x10228a638	0x10228a638	mapped	0x10228a638
Microsoft.Maui.Graphics	1076	0x06000435	Microsoft.Maui.Graphics.Text.XmlAttributedTextReader	ElementEnded	0x2050	NoInlining	Family, HideBySig	0x1003a9d50	0x947b8277	0x10228a72c	0x10228a72c	mapped	0x10228a72c
Microsoft.Maui.Graphics	1077	0x06000436	Microsoft.Maui.Graphics.Text.XmlAttributedTextReader	HandleText	0x2050	NoInlining	Private, HideBySig	0x1003a9d54	0x947b82a2	0x10228a7dc	0x10228a7dc	mapped	0x10228a7dc
Microsoft.Maui.Graphics	1078	0x06000437	Microsoft.Maui.Graphics.Text.XmlAttributedTextReader	ReadRun	0x2050	NoInlining	Private, HideBySig	0x1003a9d58	0x947b82fe	0x10228a950	0x10228a950	mapped	0x10228a950
Microsoft.Maui.Graphics	1079	0x06000438	Microsoft.Maui.Graphics.Text.XmlAttributedTextReader	ReadBool	0x2050	NoInlining	Private, HideBySig	0x1003a9d5c	0x947b83b8	0x10228ac3c	0x10228ac3c	mapped	0x10228ac3c
Microsoft.Maui.Graphics	1080	0x06000439	Microsoft.Maui.Graphics.Text.XmlAttributedTextReader	ParseBool	0x2050	NoInlining	Private, HideBySig	0x1003a9d60	0x947b83db	0x10228accc	0x10228accc	mapped	0x10228accc
Microsoft.Maui.Graphics	1081	0x0600043a	Microsoft.Maui.Graphics.Text.XmlAttributedTextReader	ReadInt	0x2050	NoInlining	Private, HideBySig	0x1003a9d64	0x947b83f2	0x10228ad2c	0x10228ad2c	mapped	0x10228ad2c
Microsoft.Maui.Graphics	1082	0x0600043b	Microsoft.Maui.Graphics.Text.XmlAttributedTextReader	ParseInt	0x2050	NoInlining	Private, HideBySig	0x1003a9d68	0x947b8415	0x10228adbc	0x10228adbc	mapped	0x10228adbc
Microsoft.Maui.Graphics	1083	0x0600043c	Microsoft.Maui.Graphics.Text.XmlAttributedTextReader	.ctor	0x2050	NoInlining	Public, HideBySig, SpecialName, RTSpecialName	0x1003a9d6c	0x947b8443	0x10228ae78	0x10228ae78	mapped	0x10228ae78
Microsoft.Maui.Graphics	1084	0x0600043d	Microsoft.Maui.Graphics.Text.XmlAttributedTextWriter	Write	0x2050	NoInlining	Public, HideBySig	0x1003a9d70	0x947b8472	0x10228af38	0x10228af38	mapped	0x10228af38
Microsoft.Maui.Graphics	1085	0x0600043e	Microsoft.Maui.Graphics.Text.XmlAttributedTextWriter	Write	0x2050	NoInlining	Public, HideBySig	0x1003a9d74	0x947b84be	0x10228b06c	0x10228b06c	mapped	0x10228b06c
Microsoft.Maui.Graphics	1086	0x0600043f	Microsoft.Maui.Graphics.Text.XmlAttributedTextWriter	WriteRun	0x2050	NoInlining	Private, HideBySig	0x1003a9d78	0x947b85c3	0x10228b484	0x10228b484	mapped	0x10228b484
Microsoft.Maui.Graphics	1087	0x06000440	Microsoft.Maui.Graphics.Text.XmlAttributedTextWriter	Write	0x2050	NoInlining	Private, HideBySig	0x1003a9d7c	0x947b86b7	0x10228b858	0x10228b858	mapped	0x10228b858
Microsoft.Maui.Graphics	1088	0x06000441	Microsoft.Maui.Graphics.Text.XmlAttributedTextWriter	WriteAttribute	0x2050	NoInlining	Private, HideBySig	0x1003a9d80	0x947b86f4	0x10228b950	0x10228b950	mapped	0x10228b950
Microsoft.Maui.Graphics	1089	0x06000442	Microsoft.Maui.Graphics.Text.XmlAttributedTextWriter	.ctor	0x2050	NoInlining	Public, HideBySig, SpecialName, RTSpecialName	0x1003a9d84	0x947b8732	0x10228ba4c	0x10228ba4c	mapped	0x10228ba4c
Microsoft.Maui.Graphics	1090	0x06000443	Microsoft.Maui.Graphics.Platform.DirectRenderer	.ctor	0x2050	NoInlining	Public, HideBySig, SpecialName, RTSpecialName	0x1003a9d88	0x947b8732	0x10228ba50	0x10228ba50	mapped	0x10228ba50
Microsoft.Maui.Graphics	1091	0x06000444	Microsoft.Maui.Graphics.Platform.DirectRenderer	get_Canvas	0x2050	NoInlining	Public, Final, Virtual, HideBySig, VtableLayoutMask, SpecialName	0x1003a9d8c	0x947b8784	0x10228bb9c	0x10228bb9c	mapped	0x10228bb9c
Microsoft.Maui.Graphics	1092	0x06000445	Microsoft.Maui.Graphics.Platform.DirectRenderer	get_Drawable	0x2050	NoInlining	Public, Final, Virtual, HideBySig, VtableLayoutMask, SpecialName	0x1003a9d90	0x947b878c	0x10228bbc0	0x10228bbc0	mapped	0x10228bbc0
Microsoft.Maui.Graphics	1093	0x06000446	Microsoft.Maui.Graphics.Platform.DirectRenderer	set_Drawable	0x2050	NoInlining	Public, Final, Virtual, HideBySig, VtableLayoutMask, SpecialName	0x1003a9d94	0x947b8794	0x10228bbe4	0x10228bbe4	mapped	0x10228bbe4
Microsoft.Maui.Graphics	1094	0x06000447	Microsoft.Maui.Graphics.Platform.DirectRenderer	set_GraphicsView	0x2050	NoInlining	Public, Final, Virtual, HideBySig, VtableLayoutMask, SpecialName	0x1003a9d98	0x947b87a3	0x10228bc24	0x10228bc24	mapped	0x10228bc24
Microsoft.Maui.Graphics	1095	0x06000448	Microsoft.Maui.Graphics.Platform.DirectRenderer	Draw	0x2050	NoInlining	Public, Final, Virtual, HideBySig, VtableLayoutMask	0x1003a9d9c	0x97ffe98d	0x1003a43d0	0x1003a43d0	mapped	0x1003a43d0
Microsoft.Maui.Graphics	1096	0x06000449	Microsoft.Maui.Graphics.Platform.DirectRenderer	SizeChanged	0x2050	NoInlining	Public, Final, Virtual, HideBySig, VtableLayoutMask	0x1003a9da0	0x947b87b1	0x10228bc64	0x10228bc64	mapped	0x10228bc64
Microsoft.Maui.Graphics	1097	0x0600044a	Microsoft.Maui.Graphics.Platform.DirectRenderer	Detached	0x2050	NoInlining	Public, Final, Virtual, HideBySig, VtableLayoutMask	0x1003a9da4	0x947b87b1	0x10228bc68	0x10228bc68	mapped	0x10228bc68
Microsoft.Maui.Graphics	1098	0x0600044b	Microsoft.Maui.Graphics.Platform.DirectRenderer	Dispose	0x2050	NoInlining	Public, Final, Virtual, HideBySig, VtableLayoutMask	0x1003a9da8	0x947b87b1	0x10228bc6c	0x10228bc6c	mapped	0x10228bc6c
Microsoft.Maui.Graphics	1099	0x0600044c	Microsoft.Maui.Graphics.Platform.DirectRenderer	Invalidate	0x2050	NoInlining	Public, Final, Virtual, HideBySig, VtableLayoutMask	0x1003a9dac	0x947b87b1	0x10228bc70	0x10228bc70	mapped	0x10228bc70
Microsoft.Maui.Graphics	1100	0x0600044d	Microsoft.Maui.Graphics.Platform.DirectRenderer	Invalidate	0x2050	NoInlining	Public, Final, Virtual, HideBySig, VtableLayoutMask	0x1003a9db0	0x947b87c5	0x10228bcc4	0x10228bcc4	mapped	0x10228bcc4
Microsoft.Maui.Graphics	1101	0x0600044e	Microsoft.Maui.Graphics.Platform.IGraphicsRenderer	set_GraphicsView	0x0	NoInlining	Public, Virtual, HideBySig, VtableLayoutMask, Abstract, SpecialName	0x1003a9db4	0x97fffbb3	0x1003a8c80		absent	0x1003a8c80
Microsoft.Maui.Graphics	1102	0x0600044f	Microsoft.Maui.Graphics.Platform.IGraphicsRenderer	get_Canvas	0x0	NoInlining	Public, Virtual, HideBySig, VtableLayoutMask, Abstract, SpecialName	0x1003a9db8	0x97fffbb2	0x1003a8c80		absent	0x1003a8c80
Microsoft.Maui.Graphics	1103	0x06000450	Microsoft.Maui.Graphics.Platform.IGraphicsRenderer	get_Drawable	0x0	NoInlining	Public, Virtual, HideBySig, VtableLayoutMask, Abstract, SpecialName	0x1003a9dbc	0x97fffbb1	0x1003a8c80		absent	0x1003a8c80
Microsoft.Maui.Graphics	1104	0x06000451	Microsoft.Maui.Graphics.Platform.IGraphicsRenderer	set_Drawable	0x0	NoInlining	Public, Virtual, HideBySig, VtableLayoutMask, Abstract, SpecialName	0x1003a9dc0	0x97fffbb0	0x1003a8c80		absent	0x1003a8c80
Microsoft.Maui.Graphics	1105	0x06000452	Microsoft.Maui.Graphics.Platform.IGraphicsRenderer	Draw	0x0	NoInlining	Public, Virtual, HideBySig, VtableLayoutMask, Abstract	0x1003a9dc4	0x97fffbaf	0x1003a8c80		absent	0x1003a8c80
Microsoft.Maui.Graphics	1106	0x06000453	Microsoft.Maui.Graphics.Platform.IGraphicsRenderer	SizeChanged	0x0	NoInlining	Public, Virtual, HideBySig, VtableLayoutMask, Abstract	0x1003a9dc8	0x97fffbae	0x1003a8c80		absent	0x1003a8c80
Microsoft.Maui.Graphics	1107	0x06000454	Microsoft.Maui.Graphics.Platform.IGraphicsRenderer	Detached	0x0	NoInlining	Public, Virtual, HideBySig, VtableLayoutMask, Abstract	0x1003a9dcc	0x97fffbad	0x1003a8c80		absent	0x1003a8c80
Microsoft.Maui.Graphics	1108	0x06000455	Microsoft.Maui.Graphics.Platform.IGraphicsRenderer	Invalidate	0x0	NoInlining	Public, Virtual, HideBySig, VtableLayoutMask, Abstract	0x1003a9dd0	0x97fffbac	0x1003a8c80		absent	0x1003a8c80
Microsoft.Maui.Graphics	1109	0x06000456	Microsoft.Maui.Graphics.Platform.IGraphicsRenderer	Invalidate	0x0	NoInlining	Public, Virtual, HideBySig, VtableLayoutMask, Abstract	0x1003a9dd4	0x97fffbab	0x1003a8c80		absent	0x1003a8c80
Microsoft.Maui.Graphics	1110	0x06000457	Microsoft.Maui.Graphics.Platform.ImageExtensions	AsUIImage	0x2050	NoInlining	Public, Static, HideBySig	0x1003a9dd8	0x947b87e5	0x10228bd6c	0x10228bd6c	mapped	0x10228bd6c
Microsoft.Maui.Graphics	1111	0x06000458	Microsoft.Maui.Graphics.Platform.PlatformBitmapExportContext	.ctor	0x2050	NoInlining	Public, HideBySig, SpecialName, RTSpecialName	0x1003a9ddc	0x947b8800	0x10228bddc	0x10228bddc	mapped	0x10228bddc
Microsoft.Maui.Graphics	1112	0x06000459	Microsoft.Maui.Graphics.Platform.PlatformBitmapExportContext	get_Canvas	0x2050	NoInlining	Public, Virtual, HideBySig, SpecialName	0x1003a9de0	0x947b88d7	0x10228c13c	0x10228c13c	mapped	0x10228c13c
Microsoft.Maui.Graphics	1113	0x0600045a	Microsoft.Maui.Graphics.Platform.PlatformBitmapExportContext	get_UIImage	0x2050	NoInlining	Public, HideBySig, SpecialName	0x1003a9de4	0x947b88df	0x10228c160	0x10228c160	mapped	0x10228c160
Microsoft.Maui.Graphics	1114	0x0600045b	Microsoft.Maui.Graphics.Platform.PlatformBitmapExportContext	get_PlatformImage	0x2050	NoInlining	Public, HideBySig, SpecialName	0x1003a9de8	0x947b88f7	0x10228c1c4	0x10228c1c4	mapped	0x10228c1c4
Microsoft.Maui.Graphics	1115	0x0600045c	Microsoft.Maui.Graphics.Platform.PlatformBitmapExportContext	get_CGImage	0x2050	NoInlining	Public, HideBySig, SpecialName	0x1003a9dec	0x947b891c	0x10228c25c	0x10228c25c	mapped	0x10228c25c
Microsoft.Maui.Graphics	1116	0x0600045d	Microsoft.Maui.Graphics.Platform.PlatformBitmapExportContext	get_Image	0x2050	NoInlining	Public, Virtual, HideBySig, SpecialName	0x1003a9df0	0x947b8933	0x10228c2bc	0x10228c2bc	mapped	0x10228c2bc
Microsoft.Maui.Graphics	1117	0x0600045e	Microsoft.Maui.Graphics.Platform.PlatformBitmapExportContext	Dispose	0x2050	NoInlining	Public, Virtual, HideBySig	0x1003a9df4	0x947b8940	0x10228c2f4	0x10228c2f4	mapped	0x10228c2f4
Microsoft.Maui.Graphics	1118	0x0600045f	Microsoft.Maui.Graphics.Platform.PlatformBitmapExportContext	WriteToStream	0x2050	NoInlining	Public, Virtual, HideBySig	0x1003a9df8	0x947b8970	0x10228c3b8	0x10228c3b8	mapped	0x10228c3b8
Microsoft.Maui.Graphics	1119	0x06000460	Microsoft.Maui.Graphics.Platform.PlatformGraphicsView	.ctor	0x2050	NoInlining	Public, HideBySig, SpecialName, RTSpecialName	0x1003a9dfc	0x947b8990	0x10228c43c	0x10228c43c	mapped	0x10228c43c
Microsoft.Maui.Graphics	1120	0x06000461	Microsoft.Maui.Graphics.Platform.PlatformGraphicsView	.ctor	0x2050	NoInlining	Public, HideBySig, SpecialName, RTSpecialName	0x1003a9e00	0x947b89bd	0x10228c4f4	0x10228c4f4	mapped	0x10228c4f4
Microsoft.Maui.Graphics	1121	0x06000462	Microsoft.Maui.Graphics.Platform.PlatformGraphicsView	.ctor	0x2050	NoInlining	Public, HideBySig, SpecialName, RTSpecialName	0x1003a9e04	0x947b89de	0x10228c57c	0x10228c57c	mapped	0x10228c57c
Microsoft.Maui.Graphics	1122	0x06000463	Microsoft.Maui.Graphics.Platform.PlatformGraphicsView	get_Renderer	0x2050	NoInlining	Public, HideBySig, SpecialName	0x1003a9e08	0x947b89f7	0x10228c5e4	0x10228c5e4	mapped	0x10228c5e4
Microsoft.Maui.Graphics	1123	0x06000464	Microsoft.Maui.Graphics.Platform.PlatformGraphicsView	set_Renderer	0x2050	NoInlining	Public, HideBySig, SpecialName	0x1003a9e0c	0x947b89ff	0x10228c608	0x10228c608	mapped	0x10228c608
Microsoft.Maui.Graphics	1124	0x06000465	Microsoft.Maui.Graphics.Platform.PlatformGraphicsView	get_Drawable	0x2050	NoInlining	Public, HideBySig, SpecialName	0x1003a9e10	0x947b8a6f	0x10228c7cc	0x10228c7cc	mapped	0x10228c7cc
Microsoft.Maui.Graphics	1125	0x06000466	Microsoft.Maui.Graphics.Platform.PlatformGraphicsView	set_Drawable	0x2050	NoInlining	Public, HideBySig, SpecialName	0x1003a9e14	0x947b8a77	0x10228c7f0	0x10228c7f0	mapped	0x10228c7f0
Microsoft.Maui.Graphics	1126	0x06000467	Microsoft.Maui.Graphics.Platform.PlatformGraphicsView	InvalidateDrawable	0x2050	NoInlining	Public, HideBySig	0x1003a9e18	0x947b8aaa	0x10228c8c0	0x10228c8c0	mapped	0x10228c8c0
Microsoft.Maui.Graphics	1127	0x06000468	Microsoft.Maui.Graphics.Platform.PlatformGraphicsView	InvalidateDrawable	0x2050	NoInlining	Public, HideBySig	0x1003a9e1c	0x947b8acd	0x10228c950	0x10228c950	mapped	0x10228c950
Microsoft.Maui.Graphics	1128	0x06000469	Microsoft.Maui.Graphics.Platform.PlatformGraphicsView	WillMoveToSuperview	0x2050	NoInlining	Public, Virtual, HideBySig	0x1003a9e20	0x947b8afc	0x10228ca10	0x10228ca10	mapped	0x10228ca10
Microsoft.Maui.Graphics	1129	0x0600046a	Microsoft.Maui.Graphics.Platform.PlatformGraphicsView	Draw	0x2050	NoInlining	Public, Virtual, HideBySig	0x1003a9e24	0x947b8b23	0x10228cab0	0x10228cab0	mapped	0x10228cab0
Microsoft.Maui.Graphics	1130	0x0600046b	Microsoft.Maui.Graphics.Platform.PlatformGraphicsView	get_Bounds	0x2050	NoInlining	Public, Virtual, HideBySig, SpecialName	0x1003a9e28	0x947b8b86	0x10228cc40	0x10228cc40	mapped	0x10228cc40
Microsoft.Maui.Graphics	1131	0x0600046c	Microsoft.Maui.Graphics.Platform.PlatformGraphicsView	set_Bounds	0x2050	NoInlining	Public, Virtual, HideBySig, SpecialName	0x1003a9e2c	0x947b8b93	0x10228cc78	0x10228cc78	mapped	0x10228cc78
Microsoft.Maui.Graphics	1132	0x0600046d	Microsoft.Maui.Graphics.Platform.PlatformGraphicsView	get_PatternPhase	0x2050	NoInlining	Family, Virtual, HideBySig, VtableLayoutMask, SpecialName	0x1003a9e30	0x947b8be2	0x10228cdb8	0x10228cdb8	mapped	0x10228cdb8
Microsoft.Maui.Graphics	1133	0x0600046e	Microsoft.Maui.Graphics.Platform.PlatformImage	.ctor	0x2050	NoInlining	Public, HideBySig, SpecialName, RTSpecialName	0x1003a9e34	0x947b8c03	0x10228ce40	0x10228ce40	mapped	0x10228ce40
Microsoft.Maui.Graphics	1134	0x0600046f	Microsoft.Maui.Graphics.Platform.PlatformImage	get_Width	0x2050	NoInlining	Public, Final, Virtual, HideBySig, VtableLayoutMask, SpecialName	0x1003a9e38	0x947b8c12	0x10228ce80	0x10228ce80	mapped	0x10228ce80
Microsoft.Maui.Graphics	1135	0x06000470	Microsoft.Maui.Graphics.Platform.PlatformImage	get_Height	0x2050	NoInlining	Public, Final, Virtual, HideBySig, VtableLayoutMask, SpecialName	0x1003a9e3c	0x947b8c29	0x10228cee0	0x10228cee0	mapped	0x10228cee0
Microsoft.Maui.Graphics	1136	0x06000471	Microsoft.Maui.Graphics.Platform.PlatformImage	Downsize	0x2050	NoInlining	Public, Final, Virtual, HideBySig, VtableLayoutMask	0x1003a9e40	0x947b8c44	0x10228cf50	0x10228cf50	mapped	0x10228cf50
Microsoft.Maui.Graphics	1137	0x06000472	Microsoft.Maui.Graphics.Platform.PlatformImage	Downsize	0x2050	NoInlining	Public, Final, Virtual, HideBySig, VtableLayoutMask	0x1003a9e44	0x947b8c76	0x10228d01c	0x10228d01c	mapped	0x10228d01c
Microsoft.Maui.Graphics	1138	0x06000473	Microsoft.Maui.Graphics.Platform.PlatformImage	Resize	0x2050	NoInlining	Public, Final, Virtual, HideBySig, VtableLayoutMask	0x1003a9e48	0x947b8ca9	0x10228d0ec	0x10228d0ec	mapped	0x10228d0ec
Microsoft.Maui.Graphics	1139	0x06000474	Microsoft.Maui.Graphics.Platform.PlatformImage	get_PlatformRepresentation	0x2050	NoInlining	Public, HideBySig, SpecialName	0x1003a9e4c	0x947b8d35	0x10228d320	0x10228d320	mapped	0x10228d320
Microsoft.Maui.Graphics	1140	0x06000475	Microsoft.Maui.Graphics.Platform.PlatformImage	Save	0x2050	NoInlining	Public, Final, Virtual, HideBySig, VtableLayoutMask	0x1003a9e50	0x947b8d3d	0x10228d344	0x10228d344	mapped	0x10228d344
Microsoft.Maui.Graphics	1141	0x06000476	Microsoft.Maui.Graphics.Platform.PlatformImage	SaveAsync	0x2050	NoInlining	Public, Final, Virtual, HideBySig, VtableLayoutMask	0x1003a9e54	0x947b8d60	0x10228d3d4	0x10228d3d4	mapped	0x10228d3d4
Microsoft.Maui.Graphics	1142	0x06000477	Microsoft.Maui.Graphics.Platform.PlatformImage	CreateData	0x2050	NoInlining	Private, HideBySig	0x1003a9e58	0x947b8da4	0x10228d4e8	0x10228d4e8	mapped	0x10228d4e8
Microsoft.Maui.Graphics	1143	0x06000478	Microsoft.Maui.Graphics.Platform.PlatformImage	Dispose	0x2050	NoInlining	Public, Final, Virtual, HideBySig, VtableLayoutMask	0x1003a9e5c	0x947b8e54	0x10228d7ac	0x10228d7ac	mapped	0x10228d7ac
Microsoft.Maui.Graphics	1144	0x06000479	Microsoft.Maui.Graphics.Platform.PlatformImage	Draw	0x2050	NoInlining	Public, Final, Virtual, HideBySig, VtableLayoutMask	0x1003a9e60	0x947b8e77	0x10228d83c	0x10228d83c	mapped	0x10228d83c
Microsoft.Maui.Graphics	1145	0x0600047a	Microsoft.Maui.Graphics.Platform.PlatformImage	ToPlatformImage	0x2050	NoInlining	Public, Final, Virtual, HideBySig, VtableLayoutMask	0x1003a9e64	0x947b8ead	0x10228d918	0x10228d918	mapped	0x10228d918
Microsoft.Maui.Graphics	1146	0x0600047b	Microsoft.Maui.Graphics.Platform.PlatformImage	FromStream	0x2050	NoInlining	Public, Static, HideBySig	0x1003a9e68	0x947b8ead	0x10228d91c	0x10228d91c	mapped	0x10228d91c
Microsoft.Maui.Graphics	1147	0x0600047c	Microsoft.Maui.Graphics.Platform.PlatformPdfExportContext	.ctor	0x2050	NoInlining	Public, HideBySig, SpecialName, RTSpecialName	0x1003a9e6c	0x947b8ed3	0x10228d9b8	0x10228d9b8	mapped	0x10228d9b8
Microsoft.Maui.Graphics	1148	0x0600047d	Microsoft.Maui.Graphics.Platform.PlatformPdfExportContext	AddPageImpl	0x2050	NoInlining	Family, Virtual, HideBySig	0x1003a9e70	0x947b8f36	0x10228db48	0x10228db48	mapped	0x10228db48
Microsoft.Maui.Graphics	1149	0x0600047e	Microsoft.Maui.Graphics.Platform.PlatformPdfExportContext	WriteToStream	0x2050	NoInlining	Public, Virtual, HideBySig	0x1003a9e74	0x947b8f9b	0x10228dce0	0x10228dce0	mapped	0x10228dce0
Microsoft.Maui.Graphics	1150	0x0600047f	Microsoft.Maui.Graphics.Platform.PlatformPdfExportContext	get_Data	0x2050	NoInlining	Public, HideBySig, SpecialName	0x1003a9e78	0x947b8fe7	0x10228de14	0x10228de14	mapped	0x10228de14
Microsoft.Maui.Graphics	1151	0x06000480	Microsoft.Maui.Graphics.Platform.PlatformPdfExportContext	get_Canvas	0x2050	NoInlining	Public, Virtual, HideBySig, SpecialName	0x1003a9e7c	0x947b8ffb	0x10228de68	0x10228de68	mapped	0x10228de68
Microsoft.Maui.Graphics	1152	0x06000481	Microsoft.Maui.Graphics.Platform.PlatformPdfExportContext	Close	0x2050	NoInlining	Private, HideBySig	0x1003a9e80	0x97ffe9a8	0x1003a4520	0x1003a4520	mapped	0x1003a4520
Microsoft.Maui.Graphics	1153	0x06000482	Microsoft.Maui.Graphics.Platform.PlatformPdfExportContext	Dispose	0x2050	NoInlining	Public, Virtual, HideBySig	0x1003a9e84	0x947b9002	0x10228de8c	0x10228de8c	mapped	0x10228de8c
Microsoft.Maui.Graphics	1154	0x06000483	Microsoft.Maui.Graphics.Platform.PlatformPdfExportService	CreateContext	0x2050	NoInlining	Public, Final, Virtual, HideBySig, VtableLayoutMask	0x1003a9e88	0x947b9026	0x10228df20	0x10228df20	mapped	0x10228df20
Microsoft.Maui.Graphics	1155	0x06000484	Microsoft.Maui.Graphics.Platform.PlatformPdfExportService	.ctor	0x2050	NoInlining	Public, HideBySig, SpecialName, RTSpecialName	0x1003a9e8c	0x947b9046	0x10228dfa4	0x10228dfa4	mapped	0x10228dfa4
Microsoft.Maui.Graphics	1156	0x06000485	Microsoft.Maui.Graphics.Platform.PlatformStringSizeService	GetStringSize	0x2050	NoInlining	Public, Final, Virtual, HideBySig, VtableLayoutMask	0x1003a9e90	0x947b9046	0x10228dfa8	0x10228dfa8	mapped	0x10228dfa8
Microsoft.Maui.Graphics	1157	0x06000486	Microsoft.Maui.Graphics.Platform.PlatformStringSizeService	GetStringSize	0x2050	NoInlining	Public, Final, Virtual, HideBySig, VtableLayoutMask	0x1003a9e94	0x947b90a1	0x10228e118	0x10228e118	mapped	0x10228e118
Microsoft.Maui.Graphics	1158	0x06000487	Microsoft.Maui.Graphics.Platform.PlatformStringSizeService	GetTextSize	0x2050	NoInlining	Assembly, Static, HideBySig	0x1003a9e98	0x947b9138	0x10228e378	0x10228e378	mapped	0x10228e378
Microsoft.Maui.Graphics	1159	0x06000488	Microsoft.Maui.Graphics.Platform.PlatformStringSizeService	GetTextSize	0x2050	NoInlining	Assembly, Static, HideBySig	0x1003a9e9c	0x947b9175	0x10228e470	0x10228e470	mapped	0x10228e470
Microsoft.Maui.Graphics	1160	0x06000489	Microsoft.Maui.Graphics.Platform.PlatformStringSizeService	.ctor	0x2050	NoInlining	Public, HideBySig, SpecialName, RTSpecialName	0x1003a9ea0	0x947b9207	0x10228e6bc	0x10228e6bc	mapped	0x10228e6bc
Microsoft.Maui.Graphics	1161	0x0600048a	Microsoft.Maui.Graphics.Platform.UIColorExtensions	ToHex	0x2050	NoInlining	Public, Static, HideBySig	0x1003a9ea4	0x947b9207	0x10228e6c0	0x10228e6c0	mapped	0x10228e6c0
Microsoft.Maui.Graphics	1162	0x0600048b	Microsoft.Maui.Graphics.Platform.UIColorExtensions	ToHexString	0x2050	NoInlining	Private, Static, HideBySig	0x1003a9ea8	0x947b9261	0x10228e82c	0x10228e82c	mapped	0x10228e82c
Microsoft.Maui.Graphics	1163	0x0600048c	Microsoft.Maui.Graphics.Platform.UIImageExtensions	ScaleImage	0x2050	NoInlining	Public, Static, HideBySig	0x1003a9eac	0x947b9292	0x10228e8f4	0x10228e8f4	mapped	0x10228e8f4
Microsoft.Maui.Graphics	1164	0x0600048d	Microsoft.Maui.Graphics.Platform.UIImageExtensions	ScaleImage	0x2050	NoInlining	Public, Static, HideBySig	0x1003a9eb0	0x947b92c4	0x10228e9c0	0x10228e9c0	mapped	0x10228e9c0
Microsoft.Maui.Graphics	1165	0x0600048e	Microsoft.Maui.Graphics.Platform.UIImageExtensions	NormalizeOrientation	0x2050	NoInlining	Public, Static, HideBySig	0x1003a9eb4	0x947b92ff	0x10228eab0	0x10228eab0	mapped	0x10228eab0
Microsoft.Maui.Graphics	1166	0x0600048f	Microsoft.Maui.Graphics.Platform.UIKitExtensions	AsUIColor	0x2050	NoInlining	Public, Static, HideBySig	0x1003a9eb8	0x947b933b	0x10228eba4	0x10228eba4	mapped	0x10228eba4
Microsoft.Maui.Graphics	1167	0x06000490	Microsoft.Maui.Graphics.Platform.UIKitExtensions	AsColor	0x2050	NoInlining	Public, Static, HideBySig	0x1003a9ebc	0x947b9350	0x10228ebfc	0x10228ebfc	mapped	0x10228ebfc
Microsoft.Maui.Graphics	1168	0x06000491	Microsoft.Maui.Graphics.Platform.UIKitExtensions	AsUIBezierPath	0x2050	NoInlining	Public, Static, HideBySig	0x1003a9ec0	0x947b9398	0x10228ed20	0x10228ed20	mapped	0x10228ed20
Microsoft.Maui.Graphics	1169	0x06000492	Microsoft.Maui.Graphics.Platform.UIViewExtensions	GetPointsInView	0x2050	NoInlining	Public, Static, HideBySig	0x1003a9ec4	0x947b93ad	0x10228ed78	0x10228ed78	mapped	0x10228ed78
Microsoft.Maui.Graphics	1170	0x06000493	Microsoft.Maui.Graphics.Platform.UIViewExtensions	GetPointsInView	0x2050	NoInlining	Public, Static, HideBySig	0x1003a9ec8	0x947b940b	0x10228eef4	0x10228eef4	mapped	0x10228eef4
Microsoft.Maui.Graphics	1171	0x06000494	Microsoft.Maui.Graphics.Platform.FontExtensions	ToCGFont	0x2050	NoInlining	Public, Static, HideBySig	0x1003a9ecc	0x947b9456	0x10228f024	0x10228f024	mapped	0x10228f024
Microsoft.Maui.Graphics	1172	0x06000495	Microsoft.Maui.Graphics.Platform.FontExtensions	ToCTFont	0x2050	NoInlining	Public, Static, HideBySig	0x1003a9ed0	0x947b947e	0x10228f0c8	0x10228f0c8	mapped	0x10228f0c8
Microsoft.Maui.Graphics	1173	0x06000496	Microsoft.Maui.Graphics.Platform.FontExtensions	ToPlatformFont	0x2050	NoInlining	Public, Static, HideBySig	0x1003a9ed4	0x947b94c2	0x10228f1dc	0x10228f1dc	mapped	0x10228f1dc
Microsoft.Maui.Graphics	1174	0x06000497	Microsoft.Maui.Graphics.Platform.FontExtensions	get_DefaultFontName	0x2050	NoInlining	Private, Static, HideBySig, SpecialName	0x1003a9ed8	0x947b94f2	0x10228f2a0	0x10228f2a0	mapped	0x10228f2a0
Microsoft.Maui.Graphics	1175	0x06000498	Microsoft.Maui.Graphics.Platform.FontExtensions	GetDefaultCGFont	0x2050	NoInlining	Assembly, Static, HideBySig	0x1003a9edc	0x947b953c	0x10228f3cc	0x10228f3cc	mapped	0x10228f3cc
Microsoft.Maui.Graphics	1176	0x06000499	Microsoft.Maui.Graphics.Platform.FontExtensions	GetDefaultPlatformFont	0x2050	NoInlining	Assembly, Static, HideBySig	0x1003a9ee0	0x947b9546	0x10228f3f8	0x10228f3f8	mapped	0x10228f3f8
Microsoft.Maui.Graphics	1177	0x0600049a	Microsoft.Maui.Graphics.Platform.FontExtensions	GetDefaultCTFont	0x2050	NoInlining	Public, Static, HideBySig	0x1003a9ee4	0x947b9559	0x10228f448	0x10228f448	mapped	0x10228f448
Microsoft.Maui.Graphics	1178	0x0600049b	Microsoft.Maui.Graphics.Platform.GraphicsExtensions	AsCGRect	0x2050	NoInlining	Public, Static, HideBySig	0x1003a9ee8	0x947b958f	0x10228f524	0x10228f524	mapped	0x10228f524
Microsoft.Maui.Graphics	1179	0x0600049c	Microsoft.Maui.Graphics.Platform.GraphicsExtensions	AsCGRect	0x2050	NoInlining	Public, Static, HideBySig	0x1003a9eec	0x947b95ab	0x10228f598	0x10228f598	mapped	0x10228f598
Microsoft.Maui.Graphics	1180	0x0600049d	Microsoft.Maui.Graphics.Platform.GraphicsExtensions	AsRectangleF	0x2050	NoInlining	Public, Static, HideBySig	0x1003a9ef0	0x947b95c7	0x10228f60c	0x10228f60c	mapped	0x10228f60c
Microsoft.Maui.Graphics	1181	0x0600049e	Microsoft.Maui.Graphics.Platform.GraphicsExtensions	AsRectangle	0x2050	NoInlining	Public, Static, HideBySig	0x1003a9ef4	0x947b95e6	0x10228f68c	0x10228f68c	mapped	0x10228f68c
Microsoft.Maui.Graphics	1182	0x0600049f	Microsoft.Maui.Graphics.Platform.GraphicsExtensions	AsSizeF	0x2050	NoInlining	Public, Static, HideBySig	0x1003a9ef8	0x947b9604	0x10228f708	0x10228f708	mapped	0x10228f708
Microsoft.Maui.Graphics	1183	0x060004a0	Microsoft.Maui.Graphics.Platform.GraphicsExtensions	AsSize	0x2050	NoInlining	Public, Static, HideBySig	0x1003a9efc	0x947b960a	0x10228f724	0x10228f724	mapped	0x10228f724
Microsoft.Maui.Graphics	1184	0x060004a1	Microsoft.Maui.Graphics.Platform.GraphicsExtensions	AsCGPoint	0x2050	NoInlining	Public, Static, HideBySig	0x1003a9f00	0x947b960c	0x10228f730	0x10228f730	mapped	0x10228f730
Microsoft.Maui.Graphics	1185	0x060004a2	Microsoft.Maui.Graphics.Platform.GraphicsExtensions	AsCGPoint	0x2050	NoInlining	Public, Static, HideBySig	0x1003a9f04	0x947b9610	0x10228f744	0x10228f744	mapped	0x10228f744
Microsoft.Maui.Graphics	1186	0x060004a3	Microsoft.Maui.Graphics.Platform.GraphicsExtensions	AsPathF	0x2050	NoInlining	Public, Static, HideBySig	0x1003a9f08	0x947b9612	0x10228f750	0x10228f750	mapped	0x10228f750
Microsoft.Maui.Graphics	1187	0x060004a4	Microsoft.Maui.Graphics.Platform.GraphicsExtensions	AsCGPath	0x2050	NoInlining	Public, Static, HideBySig	0x1003a9f0c	0x947b965a	0x10228f874	0x10228f874	mapped	0x10228f874
Microsoft.Maui.Graphics	1188	0x060004a5	Microsoft.Maui.Graphics.Platform.GraphicsExtensions	AsCGPath	0x2050	NoInlining	Public, Static, HideBySig	0x1003a9f10	0x947b966b	0x10228f8bc	0x10228f8bc	mapped	0x10228f8bc
Microsoft.Maui.Graphics	1189	0x060004a6	Microsoft.Maui.Graphics.Platform.GraphicsExtensions	AsCGPath	0x2050	NoInlining	Public, Static, HideBySig	0x1003a9f14	0x947b97d9	0x10228fe78	0x10228fe78	mapped	0x10228fe78
Microsoft.Maui.Graphics	1190	0x060004a7	Microsoft.Maui.Graphics.Platform.GraphicsExtensions	AsCGPathFromSegment	0x2050	NoInlining	Public, Static, HideBySig	0x1003a9f18	0x947b97ed	0x10228fecc	0x10228fecc	mapped	0x10228fecc
Microsoft.Maui.Graphics	1191	0x060004a8	Microsoft.Maui.Graphics.Platform.GraphicsExtensions	AsRotatedCGPath	0x2050	NoInlining	Public, Static, HideBySig	0x1003a9f1c	0x947b9921	0x1022903a0	0x1022903a0	mapped	0x1022903a0
Microsoft.Maui.Graphics	1192	0x060004a9	Microsoft.Maui.Graphics.Platform.GraphicsExtensions	AsCGSize	0x2050	NoInlining	Public, Static, HideBySig	0x1003a9f20	0x947b9ab4	0x1022909f0	0x1022909f0	mapped	0x1022909f0
Microsoft.Maui.Graphics	1193	0x060004aa	Microsoft.Maui.Graphics.Platform.GraphicsExtensions	AsCGSize	0x2050	NoInlining	Public, Static, HideBySig	0x1003a9f24	0x947b9ab8	0x102290a04	0x102290a04	mapped	0x102290a04
Microsoft.Maui.Graphics	1194	0x060004ab	Microsoft.Maui.Graphics.Platform.GraphicsExtensions	AsPointF	0x2050	NoInlining	Public, Static, HideBySig	0x1003a9f28	0x947b9aba	0x102290a10	0x102290a10	mapped	0x102290a10
Microsoft.Maui.Graphics	1195	0x060004ac	Microsoft.Maui.Graphics.Platform.GraphicsExtensions	AsPoint	0x2050	NoInlining	Public, Static, HideBySig	0x1003a9f2c	0x947b9ac0	0x102290a2c	0x102290a2c	mapped	0x102290a2c
Microsoft.Maui.Graphics	1196	0x060004ad	Microsoft.Maui.Graphics.Platform.GraphicsExtensions	AsCGAffineTransform	0x2050	NoInlining	Public, Static, HideBySig	0x1003a9f30	0x947b9ac2	0x102290a38	0x102290a38	mapped	0x102290a38
Microsoft.Maui.Graphics	1197	0x060004ae	Microsoft.Maui.Graphics.Platform.GraphicsExtensions	AsCGColor	0x2050	NoInlining	Public, Static, HideBySig	0x1003a9f34	0x947b9ae9	0x102290ad8	0x102290ad8	mapped	0x102290ad8
Microsoft.Maui.Graphics	1198	0x060004af	Microsoft.Maui.Graphics.Platform.GraphicsExtensions	AddRoundedRectangle	0x2050	NoInlining	Public, Static, HideBySig	0x1003a9f38	0x947b9b19	0x102290b9c	0x102290b9c	mapped	0x102290b9c
Microsoft.Maui.Graphics	1199	0x060004b0	Microsoft.Maui.Graphics.Platform.GraphicsExtensions	SetFillColor	0x2050	NoInlining	Public, Static, HideBySig	0x1003a9f3c	0x947b9b82	0x102290d44	0x102290d44	mapped	0x102290d44
Microsoft.Maui.Graphics	1200	0x060004b1	Microsoft.Maui.Graphics.Platform.GraphicsExtensions	SetStrokeColor	0x2050	NoInlining	Public, Static, HideBySig	0x1003a9f40	0x947b9ba6	0x102290dd8	0x102290dd8	mapped	0x102290dd8
Microsoft.Maui.Graphics	1201	0x060004b2	Microsoft.Maui.Graphics.Platform.PlatformBitmapExportService	CreateContext	0x2050	NoInlining	Public, Final, Virtual, HideBySig, VtableLayoutMask	0x1003a9f44	0x947b9bca	0x102290e6c	0x102290e6c	mapped	0x102290e6c
Microsoft.Maui.Graphics	1202	0x060004b3	Microsoft.Maui.Graphics.Platform.PlatformBitmapExportService	.ctor	0x2050	NoInlining	Public, HideBySig, SpecialName, RTSpecialName	0x1003a9f48	0x947b9bf0	0x102290f08	0x102290f08	mapped	0x102290f08
Microsoft.Maui.Graphics	1203	0x060004b4	Microsoft.Maui.Graphics.Platform.PlatformCanvas	.ctor	0x2050	NoInlining	Public, HideBySig, SpecialName, RTSpecialName	0x1003a9f4c	0x947b9bf0	0x102290f0c	0x102290f0c	mapped	0x102290f0c
Microsoft.Maui.Graphics	1204	0x060004b5	Microsoft.Maui.Graphics.Platform.PlatformCanvas	get_Context	0x2050	NoInlining	Public, HideBySig, SpecialName	0x1003a9f50	0x947b9c41	0x102291054	0x102291054	mapped	0x102291054
Microsoft.Maui.Graphics	1205	0x060004b6	Microsoft.Maui.Graphics.Platform.PlatformCanvas	set_Context	0x2050	NoInlining	Public, HideBySig, SpecialName	0x1003a9f54	0x947b9c49	0x102291078	0x102291078	mapped	0x102291078
Microsoft.Maui.Graphics	1206	0x060004b7	Microsoft.Maui.Graphics.Platform.PlatformCanvas	set_Antialias	0x2050	NoInlining	Public, Virtual, HideBySig, SpecialName	0x1003a9f58	0x947b9c8f	0x102291194	0x102291194	mapped	0x102291194
Microsoft.Maui.Graphics	1207	0x060004b8	Microsoft.Maui.Graphics.Platform.PlatformCanvas	set_PlatformStrokeSize	0x2050	NoInlining	Family, Virtual, HideBySig, SpecialName	0x1003a9f5c	0x947b9c97	0x1022911b8	0x1022911b8	mapped	0x1022911b8
Microsoft.Maui.Graphics	1208	0x060004b9	Microsoft.Maui.Graphics.Platform.PlatformCanvas	set_MiterLimit	0x2050	NoInlining	Public, Virtual, HideBySig, SpecialName	0x1003a9f60	0x947b9cb2	0x102291228	0x102291228	mapped	0x102291228
Microsoft.Maui.Graphics	1209	0x060004ba	Microsoft.Maui.Graphics.Platform.PlatformCanvas	set_Alpha	0x2050	NoInlining	Public, Virtual, HideBySig, SpecialName	0x1003a9f64	0x947b9ccd	0x102291298	0x102291298	mapped	0x102291298
Microsoft.Maui.Graphics	1210	0x060004bb	Microsoft.Maui.Graphics.Platform.PlatformCanvas	set_StrokeLineCap	0x2050	NoInlining	Public, Virtual, HideBySig, SpecialName	0x1003a9f68	0x947b9ce8	0x102291308	0x102291308	mapped	0x102291308
Microsoft.Maui.Graphics	1211	0x060004bc	Microsoft.Maui.Graphics.Platform.PlatformCanvas	set_StrokeLineJoin	0x2050	NoInlining	Public, Virtual, HideBySig, SpecialName	0x1003a9f6c	0x947b9d16	0x1022913c4	0x1022913c4	mapped	0x1022913c4
Microsoft.Maui.Graphics	1212	0x060004bd	Microsoft.Maui.Graphics.Platform.PlatformCanvas	set_StrokeColor	0x2050	NoInlining	Public, Virtual, HideBySig, SpecialName	0x1003a9f70	0x947b9d44	0x102291480	0x102291480	mapped	0x102291480
Microsoft.Maui.Graphics	1213	0x060004be	Microsoft.Maui.Graphics.Platform.PlatformCanvas	set_FontColor	0x2050	NoInlining	Public, Virtual, HideBySig, SpecialName	0x1003a9f74	0x947b9d6f	0x102291530	0x102291530	mapped	0x102291530
Microsoft.Maui.Graphics	1214	0x060004bf	Microsoft.Maui.Graphics.Platform.PlatformCanvas	set_Font	0x2050	NoInlining	Public, Virtual, HideBySig, SpecialName	0x1003a9f78	0x947b9d92	0x1022915c0	0x1022915c0	mapped	0x1022915c0
Microsoft.Maui.Graphics	1215	0x060004c0	Microsoft.Maui.Graphics.Platform.PlatformCanvas	set_FontSize	0x2050	NoInlining	Public, Virtual, HideBySig, SpecialName	0x1003a9f7c	0x947b9da1	0x102291600	0x102291600	mapped	0x102291600
Microsoft.Maui.Graphics	1216	0x060004c1	Microsoft.Maui.Graphics.Platform.PlatformCanvas	set_FillColor	0x2050	NoInlining	Public, Virtual, HideBySig, SpecialName	0x1003a9f80	0x947b9da9	0x102291624	0x102291624	mapped	0x102291624
Microsoft.Maui.Graphics	1217	0x060004c2	Microsoft.Maui.Graphics.Platform.PlatformCanvas	set_BlendMode	0x2050	NoInlining	Public, Virtual, HideBySig, SpecialName	0x1003a9f84	0x947b9de2	0x10229170c	0x10229170c	mapped	0x10229170c
Microsoft.Maui.Graphics	1218	0x060004c3	Microsoft.Maui.Graphics.Platform.PlatformCanvas	PlatformSetStrokeDashPattern	0x2050	NoInlining	Family, Virtual, HideBySig	0x1003a9f88	0x947b9dfc	0x102291778	0x102291778	mapped	0x102291778
Microsoft.Maui.Graphics	1219	0x060004c4	Microsoft.Maui.Graphics.Platform.PlatformCanvas	SetFillPaint	0x2050	NoInlining	Public, Virtual, HideBySig	0x1003a9f8c	0x947b9e5a	0x1022918f4	0x1022918f4	mapped	0x1022918f4
Microsoft.Maui.Graphics	1220	0x060004c5	Microsoft.Maui.Graphics.Platform.PlatformCanvas	PlatformDrawLine	0x2050	NoInlining	Family, Virtual, HideBySig	0x1003a9f90	0x947b9fd5	0x102291ee4	0x102291ee4	mapped	0x102291ee4
Microsoft.Maui.Graphics	1221	0x060004c6	Microsoft.Maui.Graphics.Platform.PlatformCanvas	PlatformDrawArc	0x2050	NoInlining	Family, Virtual, HideBySig	0x1003a9f94	0x947ba016	0x102291fec	0x102291fec	mapped	0x102291fec
Microsoft.Maui.Graphics	1222	0x060004c7	Microsoft.Maui.Graphics.Platform.PlatformCanvas	FillArc	0x2050	NoInlining	Public, Virtual, HideBySig	0x1003a9f98	0x947ba0ea	0x102292340	0x102292340	mapped	0x102292340
Microsoft.Maui.Graphics	1223	0x060004c8	Microsoft.Maui.Graphics.Platform.PlatformCanvas	FillWithGradient	0x2050	NoInlining	Public, HideBySig	0x1003a9f9c	0x947ba2c7	0x102292ab8	0x102292ab8	mapped	0x102292ab8
Microsoft.Maui.Graphics	1224	0x060004c9	Microsoft.Maui.Graphics.Platform.PlatformCanvas	PlatformDrawRectangle	0x2050	NoInlining	Family, Virtual, HideBySig	0x1003a9fa0	0x947ba34e	0x102292cd8	0x102292cd8	mapped	0x102292cd8
Microsoft.Maui.Graphics	1225	0x060004ca	Microsoft.Maui.Graphics.Platform.PlatformCanvas	DrawGradient	0x2050	NoInlining	Private, HideBySig	0x1003a9fa4	0x947ba38e	0x102292ddc	0x102292ddc	mapped	0x102292ddc
Microsoft.Maui.Graphics	1226	0x060004cb	Microsoft.Maui.Graphics.Platform.PlatformCanvas	GetDistance	0x2050	NoInlining	Private, Static, HideBySig	0x1003a9fa8	0x947ba426	0x102293040	0x102293040	mapped	0x102293040
Microsoft.Maui.Graphics	1227	0x060004cc	Microsoft.Maui.Graphics.Platform.PlatformCanvas	DrawPatternCallback	0x2050	NoInlining	Private, HideBySig	0x1003a9fac	0x947ba445	0x1022930c0	0x1022930c0	mapped	0x1022930c0
Microsoft.Maui.Graphics	1228	0x060004cd	Microsoft.Maui.Graphics.Platform.PlatformCanvas	DrawImageCallback	0x2050	NoInlining	Private, HideBySig	0x1003a9fb0	0x947ba490	0x1022931f0	0x1022931f0	mapped	0x1022931f0
Microsoft.Maui.Graphics	1229	0x060004ce	Microsoft.Maui.Graphics.Platform.PlatformCanvas	DrawImage	0x2050	NoInlining	Public, Virtual, HideBySig	0x1003a9fb4	0x947ba4f7	0x102293390	0x102293390	mapped	0x102293390
Microsoft.Maui.Graphics	1230	0x060004cf	Microsoft.Maui.Graphics.Platform.PlatformCanvas	FillRectangle	0x2050	NoInlining	Public, Virtual, HideBySig	0x1003a9fb8	0x947ba568	0x102293558	0x102293558	mapped	0x102293558
Microsoft.Maui.Graphics	1231	0x060004d0	Microsoft.Maui.Graphics.Platform.PlatformCanvas	FillWithPattern	0x2050	NoInlining	Private, HideBySig	0x1003a9fbc	0x947ba5fc	0x1022937ac	0x1022937ac	mapped	0x1022937ac
Microsoft.Maui.Graphics	1232	0x060004d1	Microsoft.Maui.Graphics.Platform.PlatformCanvas	FillWithImage	0x2050	NoInlining	Private, HideBySig	0x1003a9fc0	0x947ba6f9	0x102293ba4	0x102293ba4	mapped	0x102293ba4
Microsoft.Maui.Graphics	1233	0x060004d2	Microsoft.Maui.Graphics.Platform.PlatformCanvas	PlatformDrawRoundedRectangle	0x2050	NoInlining	Family, Virtual, HideBySig	0x1003a9fc4	0x947ba7ef	0x102293f80	0x102293f80	mapped	0x102293f80
Microsoft.Maui.Graphics	1234	0x060004d3	Microsoft.Maui.Graphics.Platform.PlatformCanvas	FillRoundedRectangle	0x2050	NoInlining	Public, Virtual, HideBySig	0x1003a9fc8	0x947ba819	0x10229402c	0x10229402c	mapped	0x10229402c
Microsoft.Maui.Graphics	1235	0x060004d4	Microsoft.Maui.Graphics.Platform.PlatformCanvas	PlatformDrawEllipse	0x2050	NoInlining	Family, Virtual, HideBySig	0x1003a9fcc	0x947ba8d4	0x10229431c	0x10229431c	mapped	0x10229431c
Microsoft.Maui.Graphics	1236	0x060004d5	Microsoft.Maui.Graphics.Platform.PlatformCanvas	FillEllipse	0x2050	NoInlining	Public, Virtual, HideBySig	0x1003a9fd0	0x947ba900	0x1022943d0	0x1022943d0	mapped	0x1022943d0
Microsoft.Maui.Graphics	1237	0x060004d6	Microsoft.Maui.Graphics.Platform.PlatformCanvas	SubtractFromClip	0x2050	NoInlining	Public, Virtual, HideBySig	0x1003a9fd4	0x947ba994	0x102294624	0x102294624	mapped	0x102294624
Microsoft.Maui.Graphics	1238	0x060004d7	Microsoft.Maui.Graphics.Platform.PlatformCanvas	GetPlatformPath	0x2050	NoInlining	Private, HideBySig	0x1003a9fd8	0x947ba9ed	0x10229478c	0x10229478c	mapped	0x10229478c
Microsoft.Maui.Graphics	1239	0x060004d8	Microsoft.Maui.Graphics.Platform.PlatformCanvas	PlatformDrawPath	0x2050	NoInlining	Family, Virtual, HideBySig	0x1003a9fdc	0x947baa31	0x1022948a0	0x1022948a0	mapped	0x1022948a0
Microsoft.Maui.Graphics	1240	0x060004d9	Microsoft.Maui.Graphics.Platform.PlatformCanvas	ClipPath	0x2050	NoInlining	Public, Virtual, HideBySig	0x1003a9fe0	0x947baa53	0x10229492c	0x10229492c	mapped	0x10229492c
Microsoft.Maui.Graphics	1241	0x060004da	Microsoft.Maui.Graphics.Platform.PlatformCanvas	ClipRectangle	0x2050	NoInlining	Public, Virtual, HideBySig	0x1003a9fe4	0x947baa7f	0x1022949e0	0x1022949e0	mapped	0x1022949e0
Microsoft.Maui.Graphics	1242	0x060004db	Microsoft.Maui.Graphics.Platform.PlatformCanvas	FillPath	0x2050	NoInlining	Public, Virtual, HideBySig	0x1003a9fe8	0x947baab1	0x102294aac	0x102294aac	mapped	0x102294aac
Microsoft.Maui.Graphics	1243	0x060004dc	Microsoft.Maui.Graphics.Platform.PlatformCanvas	DrawString	0x2050	NoInlining	Public, Virtual, HideBySig	0x1003a9fec	0x947babb3	0x102294eb8	0x102294eb8	mapped	0x102294eb8
Microsoft.Maui.Graphics	1244	0x060004dd	Microsoft.Maui.Graphics.Platform.PlatformCanvas	DrawString	0x2050	NoInlining	Private, HideBySig	0x1003a9ff0	0x947babfa	0x102294fd8	0x102294fd8	mapped	0x102294fd8
Microsoft.Maui.Graphics	1245	0x060004de	Microsoft.Maui.Graphics.Platform.PlatformCanvas	DrawString	0x2050	NoInlining	Public, Virtual, HideBySig	0x1003a9ff4	0x947bac54	0x102295144	0x102295144	mapped	0x102295144
Microsoft.Maui.Graphics	1246	0x060004df	Microsoft.Maui.Graphics.Platform.PlatformCanvas	DrawText	0x2050	NoInlining	Public, Virtual, HideBySig	0x1003a9ff8	0x947bacaf	0x1022952b4	0x1022952b4	mapped	0x1022952b4
Microsoft.Maui.Graphics	1247	0x060004e0	Microsoft.Maui.Graphics.Platform.PlatformCanvas	DrawStringInPlatformPath	0x2050	NoInlining	Private, HideBySig	0x1003a9ffc	0x947bacdc	0x10229536c	0x10229536c	mapped	0x10229536c
Microsoft.Maui.Graphics	1248	0x060004e1	Microsoft.Maui.Graphics.Platform.PlatformCanvas	DrawAttributedText	0x2050	NoInlining	Public, Static, HideBySig	0x1003aa000	0x947bade6	0x102295798	0x102295798	mapped	0x102295798
Microsoft.Maui.Graphics	1249	0x060004e2	Microsoft.Maui.Graphics.Platform.PlatformCanvas	DrawAttributedText	0x2050	NoInlining	Public, Static, HideBySig	0x1003aa004	0x947bae26	0x10229589c	0x10229589c	mapped	0x10229589c
Microsoft.Maui.Graphics	1250	0x060004e3	Microsoft.Maui.Graphics.Platform.PlatformCanvas	SetShadow	0x2050	NoInlining	Public, Virtual, HideBySig	0x1003aa008	0x947baeaf	0x102295ac4	0x102295ac4	mapped	0x102295ac4
Microsoft.Maui.Graphics	1251	0x060004e4	Microsoft.Maui.Graphics.Platform.PlatformCanvas	PlatformRotate	0x2050	NoInlining	Family, Virtual, HideBySig	0x1003aa00c	0x947baf07	0x102295c28	0x102295c28	mapped	0x102295c28
Microsoft.Maui.Graphics	1252	0x060004e5	Microsoft.Maui.Graphics.Platform.PlatformCanvas	PlatformRotate	0x2050	NoInlining	Family, Virtual, HideBySig	0x1003aa010	0x947baf38	0x102295cf0	0x102295cf0	mapped	0x102295cf0
Microsoft.Maui.Graphics	1253	0x060004e6	Microsoft.Maui.Graphics.Platform.PlatformCanvas	PlatformScale	0x2050	NoInlining	Family, Virtual, HideBySig	0x1003aa014	0x947baf53	0x102295d60	0x102295d60	mapped	0x102295d60
Microsoft.Maui.Graphics	1254	0x060004e7	Microsoft.Maui.Graphics.Platform.PlatformCanvas	PlatformTranslate	0x2050	NoInlining	Family, Virtual, HideBySig	0x1003aa018	0x947baf70	0x102295dd8	0x102295dd8	mapped	0x102295dd8
Microsoft.Maui.Graphics	1255	0x060004e8	Microsoft.Maui.Graphics.Platform.PlatformCanvas	PlatformConcatenateTransform	0x2050	NoInlining	Family, Virtual, HideBySig	0x1003aa01c	0x947baf8d	0x102295e50	0x102295e50	mapped	0x102295e50
Microsoft.Maui.Graphics	1256	0x060004e9	Microsoft.Maui.Graphics.Platform.PlatformCanvas	SaveState	0x2050	NoInlining	Public, Virtual, HideBySig	0x1003aa020	0x947bafac	0x102295ed0	0x102295ed0	mapped	0x102295ed0
Microsoft.Maui.Graphics	1257	0x060004ea	Microsoft.Maui.Graphics.Platform.PlatformCanvas	ResetState	0x2050	NoInlining	Public, Virtual, HideBySig	0x1003aa024	0x947bafd1	0x102295f68	0x102295f68	mapped	0x102295f68
Microsoft.Maui.Graphics	1258	0x060004eb	Microsoft.Maui.Graphics.Platform.PlatformCanvas	RestoreState	0x2050	NoInlining	Public, Virtual, HideBySig	0x1003aa028	0x947baffe	0x102296020	0x102296020	mapped	0x102296020
Microsoft.Maui.Graphics	1259	0x060004ec	Microsoft.Maui.Graphics.Platform.PlatformCanvas	.cctor	0x2050	NoInlining	Private, Static, HideBySig, SpecialName, RTSpecialName	0x1003aa02c	0x947bb034	0x1022960fc	0x1022960fc	mapped	0x1022960fc
Microsoft.Maui.Graphics	1260	0x060004ed	Microsoft.Maui.Graphics.Platform.PlatformCanvas	<FillRectangle>b__56_0	0x2050	NoInlining	Private, HideBySig	0x1003aa030	0x947bb067	0x1022961cc	0x1022961cc	mapped	0x1022961cc
Microsoft.Maui.Graphics	1261	0x060004ee	Microsoft.Maui.Graphics.Platform.PlatformCanvas	<FillRectangle>b__56_1	0x2050	NoInlining	Private, HideBySig	0x1003aa034	0x947bb081	0x102296238	0x102296238	mapped	0x102296238
Microsoft.Maui.Graphics	1262	0x060004ef	Microsoft.Maui.Graphics.Platform.PlatformCanvas	<FillRectangle>b__56_2	0x2050	NoInlining	Private, HideBySig	0x1003aa038	0x947bb09a	0x1022962a0	0x1022962a0	mapped	0x1022962a0
Microsoft.Maui.Graphics	1263	0x060004f0	Microsoft.Maui.Graphics.Platform.PlatformCanvas	<FillEllipse>b__62_0	0x2050	NoInlining	Private, HideBySig	0x1003aa03c	0x947bb0b3	0x102296308	0x102296308	mapped	0x102296308
Microsoft.Maui.Graphics	1264	0x060004f1	Microsoft.Maui.Graphics.Platform.PlatformCanvas	<FillEllipse>b__62_1	0x2050	NoInlining	Private, HideBySig	0x1003aa040	0x947bb0cd	0x102296374	0x102296374	mapped	0x102296374
Microsoft.Maui.Graphics	1265	0x060004f2	Microsoft.Maui.Graphics.Platform.PlatformCanvas	<FillEllipse>b__62_2	0x2050	NoInlining	Private, HideBySig	0x1003aa044	0x947bb0e6	0x1022963dc	0x1022963dc	mapped	0x1022963dc
Microsoft.Maui.Graphics	1266	0x060004f3	Microsoft.Maui.Graphics.Platform.CgContextExtensions	AddPath	0x2050	NoInlining	Public, Static, HideBySig	0x1003aa048	0x947bb0ff	0x102296444	0x102296444	mapped	0x102296444
Microsoft.Maui.Graphics	1267	0x060004f4	Microsoft.Maui.Graphics.Platform.CgContextExtensions	AddRoundedRectangle	0x2050	NoInlining	Public, Static, HideBySig	0x1003aa04c	0x947bb124	0x1022964dc	0x1022964dc	mapped	0x1022964dc
Microsoft.Maui.Graphics	1268	0x060004f5	Microsoft.Maui.Graphics.Platform.CgContextExtensions	AddRoundedRectangle	0x2050	NoInlining	Public, Static, HideBySig	0x1003aa050	0x947bb145	0x102296564	0x102296564	mapped	0x102296564
Microsoft.Maui.Graphics	1269	0x060004f6	Microsoft.Maui.Graphics.Platform.PlatformCanvasState	.ctor	0x2050	NoInlining	Public, HideBySig, SpecialName, RTSpecialName	0x1003aa054	0x947bb1a6	0x1022966ec	0x1022966ec	mapped	0x1022966ec
Microsoft.Maui.Graphics	1270	0x060004f7	Microsoft.Maui.Graphics.Platform.PlatformCanvasState	.ctor	0x2050	NoInlining	Public, HideBySig, SpecialName, RTSpecialName	0x1003aa058	0x947bb1b3	0x102296724	0x102296724	mapped	0x102296724
Microsoft.Maui.Graphics	1271	0x060004f8	Microsoft.Maui.Graphics.Platform.PlatformCanvasState	get_Shadowed	0x2050	NoInlining	Public, HideBySig, SpecialName	0x1003aa05c	0x947bb1ce	0x102296794	0x102296794	mapped	0x102296794
Microsoft.Maui.Graphics	1272	0x060004f9	Microsoft.Maui.Graphics.Platform.PlatformCanvasState	set_Shadowed	0x2050	NoInlining	Public, HideBySig, SpecialName	0x1003aa060	0x947bb1d6	0x1022967b8	0x1022967b8	mapped	0x1022967b8
Microsoft.Maui.Graphics	1273	0x060004fa	Microsoft.Maui.Graphics.Platform.PlatformCanvasStateService	CreateNew	0x2050	NoInlining	Public, Final, Virtual, HideBySig, VtableLayoutMask	0x1003aa064	0x947bb1de	0x1022967dc	0x1022967dc	mapped	0x1022967dc
Microsoft.Maui.Graphics	1274	0x060004fb	Microsoft.Maui.Graphics.Platform.PlatformCanvasStateService	CreateCopy	0x2050	NoInlining	Public, Final, Virtual, HideBySig, VtableLayoutMask	0x1003aa068	0x947bb1f8	0x102296848	0x102296848	mapped	0x102296848
Microsoft.Maui.Graphics	1275	0x060004fc	Microsoft.Maui.Graphics.Platform.PlatformCanvasStateService	.ctor	0x2050	NoInlining	Public, HideBySig, SpecialName, RTSpecialName	0x1003aa06c	0x947bb216	0x1022968c4	0x1022968c4	mapped	0x1022968c4
Microsoft.Maui.Graphics	1276	0x060004fd	Microsoft.Maui.Graphics.Platform.PlatformImageLoadingService	FromStream	0x2050	NoInlining	Public, Final, Virtual, HideBySig, VtableLayoutMask	0x1003aa070	0x947bb216	0x1022968c8	0x1022968c8	mapped	0x1022968c8
Microsoft.Maui.Graphics	1277	0x060004fe	Microsoft.Maui.Graphics.Platform.PlatformImageLoadingService	.ctor	0x2050	NoInlining	Public, HideBySig, SpecialName, RTSpecialName	0x1003aa074	0x947bb223	0x102296900	0x102296900	mapped	0x102296900
Microsoft.Maui.Graphics	1278	0x060004ff	Microsoft.Maui.Graphics.Platform.AttributedTextExtensions	AsNSAttributedString	0x2050	NoInlining	Public, Static, HideBySig	0x1003aa078	0x947bb223	0x102296904	0x102296904	mapped	0x102296904
Microsoft.Maui.Graphics	1279	0x06000500	Microsoft.Maui.Graphics.Platform.AttributedTextExtensions	HandleRun	0x2050	NoInlining	Private, Static, HideBySig	0x1003aa07c	0x947bb2b7	0x102296b58	0x102296b58	mapped	0x102296b58
Microsoft.Maui.Graphics	1280	0x06000501	Microsoft.Maui.Graphics.Platform.AttributedTextExtensions	GetDefaultAttributes	0x2050	NoInlining	Private, Static, HideBySig	0x1003aa080	0x947bb2f7	0x102296c5c	0x102296c5c	mapped	0x102296c5c
Microsoft.Maui.Graphics	1281	0x06000502	Microsoft.Maui.Graphics.Platform.AttributedTextExtensions	AddAttributes	0x2050	NoInlining	Private, Static, HideBySig	0x1003aa084	0x947bb335	0x102296d58	0x102296d58	mapped	0x102296d58
Microsoft.Maui.Graphics	1282	0x06000503	Microsoft.Maui.Graphics.Platform.CGColorExtensions	ToCGColor	0x2050	NoInlining	Public, Static, HideBySig	0x1003aa088	0x947bb43e	0x102297180	0x102297180	mapped	0x102297180
Microsoft.Maui.Graphics	1283	0x06000504	Microsoft.Maui.Graphics.Platform.NSAttributedStringExtension	AsAttributedText	0x2050	NoInlining	Public, Static, HideBySig	0x1003aa08c	0x947bb480	0x10229728c	0x10229728c	mapped	0x10229728c
Microsoft.Maui.Graphics	1284	0x06000505	Microsoft.Maui.Graphics.Platform.NSAttributedStringExtension	CreateRuns	0x2050	NoInlining	Private, Static, HideBySig	0x1003aa090	0x947bb4e1	0x102297414	0x102297414	mapped	0x102297414
Microsoft.Maui.Graphics	1285	0x06000506	Microsoft.Maui.Graphics.Platform.NSAttributedStringExtension	HandleAttributes	0x2050	NoInlining	Private, Static, HideBySig	0x1003aa094	0x947bb541	0x102297598	0x102297598	mapped	0x102297598
Microsoft.Maui.Graphics	1286	0x06000507	Microsoft.Maui.Graphics.Converters.ColorTypeConverter	ConvertFrom	0x2050	NoInlining	Public, Virtual, HideBySig	0x1003aa098	0x947bb647	0x1022979b4	0x1022979b4	mapped	0x1022979b4
Microsoft.Maui.Graphics	1287	0x06000508	Microsoft.Maui.Graphics.Converters.ColorTypeConverter	ConvertTo	0x2050	NoInlining	Public, Virtual, HideBySig	0x1003aa09c	0x947bb65a	0x102297a04	0x102297a04	mapped	0x102297a04
Microsoft.Maui.Graphics	1288	0x06000509	Microsoft.Maui.Graphics.Converters.ColorTypeConverter	GetStandardValues	0x2050	NoInlining	Public, Virtual, HideBySig	0x1003aa0a0	0x947bb681	0x102297aa4	0x102297aa4	mapped	0x102297aa4
Microsoft.Maui.Graphics	1289	0x0600050a	Microsoft.Maui.Graphics.Converters.ColorTypeConverter	GetStandardValuesExclusive	0x2050	NoInlining	Public, Virtual, HideBySig	0x1003aa0a4	0x947bb98b	0x1022986d0	0x1022986d0	mapped	0x1022986d0
Microsoft.Maui.Graphics	1290	0x0600050b	Microsoft.Maui.Graphics.Converters.ColorTypeConverter	GetStandardValuesSupported	0x2050	NoInlining	Public, Virtual, HideBySig	0x1003aa0a8	0x947bb98c	0x1022986d8	0x1022986d8	mapped	0x1022986d8
Microsoft.Maui.Graphics	1291	0x0600050c	Microsoft.Maui.Graphics.Converters.ColorTypeConverter	CanConvertFrom	0x2050	NoInlining	Public, Virtual, HideBySig	0x1003aa0ac	0x947bb98d	0x1022986e0	0x1022986e0	mapped	0x1022986e0
Microsoft.Maui.Graphics	1292	0x0600050d	Microsoft.Maui.Graphics.Converters.ColorTypeConverter	CanConvertTo	0x2050	NoInlining	Public, Virtual, HideBySig	0x1003aa0b0	0x947bb9a7	0x10229874c	0x10229874c	mapped	0x10229874c
Microsoft.Maui.Graphics	1293	0x0600050e	Microsoft.Maui.Graphics.Converters.ColorTypeConverter	.ctor	0x2050	NoInlining	Public, HideBySig, SpecialName, RTSpecialName	0x1003aa0b4	0x947bb9c1	0x1022987b8	0x1022987b8	mapped	0x1022987b8
Microsoft.Maui.Graphics	1294	0x0600050f	Microsoft.Maui.Graphics.Converters.PointFTypeConverter	CanConvertFrom	0x2050	NoInlining	Public, Virtual, HideBySig	0x1003aa0b8	0x947bb9c1	0x1022987bc	0x1022987bc	mapped	0x1022987bc
Microsoft.Maui.Graphics	1295	0x06000510	Microsoft.Maui.Graphics.Converters.PointFTypeConverter	CanConvertTo	0x2050	NoInlining	Public, Virtual, HideBySig	0x1003aa0bc	0x947bb9db	0x102298828	0x102298828	mapped	0x102298828
Microsoft.Maui.Graphics	1296	0x06000511	Microsoft.Maui.Graphics.Converters.PointFTypeConverter	ConvertFrom	0x2050	NoInlining	Public, Virtual, HideBySig	0x1003aa0c0	0x947bb9f5	0x102298894	0x102298894	mapped	0x102298894
Microsoft.Maui.Graphics	1297	0x06000512	Microsoft.Maui.Graphics.Converters.PointFTypeConverter	ConvertTo	0x2050	NoInlining	Public, Virtual, HideBySig	0x1003aa0c4	0x947bba2e	0x10229897c	0x10229897c	mapped	0x10229897c
Microsoft.Maui.Graphics	1298	0x06000513	Microsoft.Maui.Graphics.Converters.PointFTypeConverter	.ctor	0x2050	NoInlining	Public, HideBySig, SpecialName, RTSpecialName	0x1003aa0c8	0x947bba81	0x102298acc	0x102298acc	mapped	0x102298acc
Microsoft.Maui.Graphics	1299	0x06000514	Microsoft.Maui.Graphics.Converters.PointTypeConverter	CanConvertFrom	0x2050	NoInlining	Public, Virtual, HideBySig	0x1003aa0cc	0x947bba81	0x102298ad0	0x102298ad0	mapped	0x102298ad0
Microsoft.Maui.Graphics	1300	0x06000515	Microsoft.Maui.Graphics.Converters.PointTypeConverter	CanConvertTo	0x2050	NoInlining	Public, Virtual, HideBySig	0x1003aa0d0	0x947bba9b	0x102298b3c	0x102298b3c	mapped	0x102298b3c
Microsoft.Maui.Graphics	1301	0x06000516	Microsoft.Maui.Graphics.Converters.PointTypeConverter	ConvertFrom	0x2050	NoInlining	Public, Virtual, HideBySig	0x1003aa0d4	0x947bbab5	0x102298ba8	0x102298ba8	mapped	0x102298ba8
Microsoft.Maui.Graphics	1302	0x06000517	Microsoft.Maui.Graphics.Converters.PointTypeConverter	ConvertTo	0x2050	NoInlining	Public, Virtual, HideBySig	0x1003aa0d8	0x947bbaf0	0x102298c98	0x102298c98	mapped	0x102298c98
Microsoft.Maui.Graphics	1303	0x06000518	Microsoft.Maui.Graphics.Converters.PointTypeConverter	.ctor	0x2050	NoInlining	Public, HideBySig, SpecialName, RTSpecialName	0x1003aa0dc	0x947bbb43	0x102298de8	0x102298de8	mapped	0x102298de8
Microsoft.Maui.Graphics	1304	0x06000519	Microsoft.Maui.Graphics.Converters.RectFTypeConverter	CanConvertFrom	0x2050	NoInlining	Public, Virtual, HideBySig	0x1003aa0e0	0x947bbb43	0x102298dec	0x102298dec	mapped	0x102298dec
Microsoft.Maui.Graphics	1305	0x0600051a	Microsoft.Maui.Graphics.Converters.RectFTypeConverter	CanConvertTo	0x2050	NoInlining	Public, Virtual, HideBySig	0x1003aa0e4	0x947bbb5d	0x102298e58	0x102298e58	mapped	0x102298e58
Microsoft.Maui.Graphics	1306	0x0600051b	Microsoft.Maui.Graphics.Converters.RectFTypeConverter	ConvertFrom	0x2050	NoInlining	Public, Virtual, HideBySig	0x1003aa0e8	0x947bbb77	0x102298ec4	0x102298ec4	mapped	0x102298ec4
Microsoft.Maui.Graphics	1307	0x0600051c	Microsoft.Maui.Graphics.Converters.RectFTypeConverter	ConvertTo	0x2050	NoInlining	Public, Virtual, HideBySig	0x1003aa0ec	0x947bbbb2	0x102298fb4	0x102298fb4	mapped	0x102298fb4
Microsoft.Maui.Graphics	1308	0x0600051d	Microsoft.Maui.Graphics.Converters.RectFTypeConverter	.ctor	0x2050	NoInlining	Public, HideBySig, SpecialName, RTSpecialName	0x1003aa0f0	0x947bbc90	0x102299330	0x102299330	mapped	0x102299330
Microsoft.Maui.Graphics	1309	0x0600051e	Microsoft.Maui.Graphics.Converters.RectTypeConverter	CanConvertFrom	0x2050	NoInlining	Public, Virtual, HideBySig	0x1003aa0f4	0x947bbc90	0x102299334	0x102299334	mapped	0x102299334
Microsoft.Maui.Graphics	1310	0x0600051f	Microsoft.Maui.Graphics.Converters.RectTypeConverter	CanConvertTo	0x2050	NoInlining	Public, Virtual, HideBySig	0x1003aa0f8	0x947bbcaa	0x1022993a0	0x1022993a0	mapped	0x1022993a0
Microsoft.Maui.Graphics	1311	0x06000520	Microsoft.Maui.Graphics.Converters.RectTypeConverter	ConvertFrom	0x2050	NoInlining	Public, Virtual, HideBySig	0x1003aa0fc	0x947bbcc4	0x10229940c	0x10229940c	mapped	0x10229940c
Microsoft.Maui.Graphics	1312	0x06000521	Microsoft.Maui.Graphics.Converters.RectTypeConverter	ConvertTo	0x2050	NoInlining	Public, Virtual, HideBySig	0x1003aa100	0x947bbcff	0x1022994fc	0x1022994fc	mapped	0x1022994fc
Microsoft.Maui.Graphics	1313	0x06000522	Microsoft.Maui.Graphics.Converters.RectTypeConverter	.ctor	0x2050	NoInlining	Public, HideBySig, SpecialName, RTSpecialName	0x1003aa104	0x947bbddc	0x102299874	0x102299874	mapped	0x102299874
Microsoft.Maui.Graphics	1314	0x06000523	Microsoft.Maui.Graphics.Converters.SizeFTypeConverter	CanConvertFrom	0x2050	NoInlining	Public, Virtual, HideBySig	0x1003aa108	0x947bbddc	0x102299878	0x102299878	mapped	0x102299878
Microsoft.Maui.Graphics	1315	0x06000524	Microsoft.Maui.Graphics.Converters.SizeFTypeConverter	CanConvertTo	0x2050	NoInlining	Public, Virtual, HideBySig	0x1003aa10c	0x947bbdf6	0x1022998e4	0x1022998e4	mapped	0x1022998e4
Microsoft.Maui.Graphics	1316	0x06000525	Microsoft.Maui.Graphics.Converters.SizeFTypeConverter	ConvertFrom	0x2050	NoInlining	Public, Virtual, HideBySig	0x1003aa110	0x947bbe10	0x102299950	0x102299950	mapped	0x102299950
Microsoft.Maui.Graphics	1317	0x06000526	Microsoft.Maui.Graphics.Converters.SizeFTypeConverter	ConvertTo	0x2050	NoInlining	Public, Virtual, HideBySig	0x1003aa114	0x947bbe49	0x102299a38	0x102299a38	mapped	0x102299a38
Microsoft.Maui.Graphics	1318	0x06000527	Microsoft.Maui.Graphics.Converters.SizeFTypeConverter	.ctor	0x2050	NoInlining	Public, HideBySig, SpecialName, RTSpecialName	0x1003aa118	0x947bbe9c	0x102299b88	0x102299b88	mapped	0x102299b88
Microsoft.Maui.Graphics	1319	0x06000528	Microsoft.Maui.Graphics.Converters.SizeTypeConverter	CanConvertFrom	0x2050	NoInlining	Public, Virtual, HideBySig	0x1003aa11c	0x947bbe9c	0x102299b8c	0x102299b8c	mapped	0x102299b8c
Microsoft.Maui.Graphics	1320	0x06000529	Microsoft.Maui.Graphics.Converters.SizeTypeConverter	CanConvertTo	0x2050	NoInlining	Public, Virtual, HideBySig	0x1003aa120	0x947bbeb6	0x102299bf8	0x102299bf8	mapped	0x102299bf8
Microsoft.Maui.Graphics	1321	0x0600052a	Microsoft.Maui.Graphics.Converters.SizeTypeConverter	ConvertFrom	0x2050	NoInlining	Public, Virtual, HideBySig	0x1003aa124	0x947bbed0	0x102299c64	0x102299c64	mapped	0x102299c64
Microsoft.Maui.Graphics	1322	0x0600052b	Microsoft.Maui.Graphics.Converters.SizeTypeConverter	ConvertTo	0x2050	NoInlining	Public, Virtual, HideBySig	0x1003aa128	0x947bbf0b	0x102299d54	0x102299d54	mapped	0x102299d54
Microsoft.Maui.Graphics	1323	0x0600052c	Microsoft.Maui.Graphics.Converters.SizeTypeConverter	.ctor	0x2050	NoInlining	Public, HideBySig, SpecialName, RTSpecialName	0x1003aa12c	0x947bbf5e	0x102299ea4	0x102299ea4	mapped	0x102299ea4
Microsoft.Maui.Graphics	1324	0x0600052d	Microsoft.Maui.Graphics.ImageExtensions+<AsBytesAsync>d__2	MoveNext	0x2050	NoInlining	Private, Final, Virtual, HideBySig, VtableLayoutMask	0x1003aa130	0x97ffe938	0x1003a4610	0x1003a4610	mapped	0x1003a4610
Microsoft.Maui.Graphics	1325	0x0600052e	Microsoft.Maui.Graphics.ImageExtensions+<AsBytesAsync>d__2	SetStateMachine	0x2050	NoInlining	Private, Final, Virtual, HideBySig, VtableLayoutMask	0x1003aa134	0x947bbf5d	0x102299ea8	0x102299ea8	mapped	0x102299ea8
Microsoft.Maui.Graphics	1326	0x0600052f	Microsoft.Maui.Graphics.PathF+<get_Points>d__23	.ctor	0x2050	NoInlining	Public, HideBySig, SpecialName, RTSpecialName	0x1003aa138	0x947bbf7f	0x102299f34	0x102299f34	mapped	0x102299f34
Microsoft.Maui.Graphics	1327	0x06000530	Microsoft.Maui.Graphics.PathF+<get_Points>d__23	System.IDisposable.Dispose	0x2050	NoInlining	Private, Final, Virtual, HideBySig, VtableLayoutMask	0x1003aa13c	0x947bbf94	0x102299f8c	0x102299f8c	mapped	0x102299f8c
Microsoft.Maui.Graphics	1328	0x06000531	Microsoft.Maui.Graphics.PathF+<get_Points>d__23	MoveNext	0x2050	NoInlining	Private, Final, Virtual, HideBySig, VtableLayoutMask	0x1003aa140	0x947bbf94	0x102299f90	0x102299f90	mapped	0x102299f90
Microsoft.Maui.Graphics	1329	0x06000532	Microsoft.Maui.Graphics.PathF+<get_Points>d__23	System.Collections.Generic.IEnumerator<Microsoft.Maui.Graphics.PointF>.get_Current	0x2050	NoInlining	Private, Final, Virtual, HideBySig, VtableLayoutMask, SpecialName	0x1003aa144	0x947bbfd3	0x10229a090	0x10229a090	mapped	0x10229a090
Microsoft.Maui.Graphics	1330	0x06000533	Microsoft.Maui.Graphics.PathF+<get_Points>d__23	System.Collections.IEnumerator.Reset	0x2050	NoInlining	Private, Final, Virtual, HideBySig, VtableLayoutMask	0x1003aa148	0x947bbfdc	0x10229a0b8	0x10229a0b8	mapped	0x10229a0b8
Microsoft.Maui.Graphics	1331	0x06000534	Microsoft.Maui.Graphics.PathF+<get_Points>d__23	System.Collections.IEnumerator.get_Current	0x2050	NoInlining	Private, Final, Virtual, HideBySig, VtableLayoutMask, SpecialName	0x1003aa14c	0x947bbfe6	0x10229a0e4	0x10229a0e4	mapped	0x10229a0e4
Microsoft.Maui.Graphics	1332	0x06000535	Microsoft.Maui.Graphics.PathF+<get_Points>d__23	System.Collections.Generic.IEnumerable<Microsoft.Maui.Graphics.PointF>.GetEnumerator	0x2050	NoInlining	Private, Final, Virtual, HideBySig, VtableLayoutMask	0x1003aa150	0x947bc008	0x10229a170	0x10229a170	mapped	0x10229a170
Microsoft.Maui.Graphics	1333	0x06000536	Microsoft.Maui.Graphics.PathF+<get_Points>d__23	System.Collections.IEnumerable.GetEnumerator	0x2050	NoInlining	Private, Final, Virtual, HideBySig, VtableLayoutMask	0x1003aa154	0x947bc040	0x10229a254	0x10229a254	mapped	0x10229a254
Microsoft.Maui.Graphics	1334	0x06000537	Microsoft.Maui.Graphics.PathF+<get_SegmentTypes>d__21	.ctor	0x2050	NoInlining	Public, HideBySig, SpecialName, RTSpecialName	0x1003aa158	0x947bc04d	0x10229a28c	0x10229a28c	mapped	0x10229a28c
Microsoft.Maui.Graphics	1335	0x06000538	Microsoft.Maui.Graphics.PathF+<get_SegmentTypes>d__21	System.IDisposable.Dispose	0x2050	NoInlining	Private, Final, Virtual, HideBySig, VtableLayoutMask	0x1003aa15c	0x947bc062	0x10229a2e4	0x10229a2e4	mapped	0x10229a2e4
Microsoft.Maui.Graphics	1336	0x06000539	Microsoft.Maui.Graphics.PathF+<get_SegmentTypes>d__21	MoveNext	0x2050	NoInlining	Private, Final, Virtual, HideBySig, VtableLayoutMask	0x1003aa160	0x947bc062	0x10229a2e8	0x10229a2e8	mapped	0x10229a2e8
Microsoft.Maui.Graphics	1337	0x0600053a	Microsoft.Maui.Graphics.PathF+<get_SegmentTypes>d__21	System.Collections.Generic.IEnumerator<Microsoft.Maui.Graphics.PathOperation>.get_Current	0x2050	NoInlining	Private, Final, Virtual, HideBySig, VtableLayoutMask, SpecialName	0x1003aa164	0x947bc0a0	0x10229a3e4	0x10229a3e4	mapped	0x10229a3e4
Microsoft.Maui.Graphics	1338	0x0600053b	Microsoft.Maui.Graphics.PathF+<get_SegmentTypes>d__21	System.Collections.IEnumerator.Reset	0x2050	NoInlining	Private, Final, Virtual, HideBySig, VtableLayoutMask	0x1003aa168	0x947bc0a8	0x10229a408	0x10229a408	mapped	0x10229a408
Microsoft.Maui.Graphics	1339	0x0600053c	Microsoft.Maui.Graphics.PathF+<get_SegmentTypes>d__21	System.Collections.IEnumerator.get_Current	0x2050	NoInlining	Private, Final, Virtual, HideBySig, VtableLayoutMask, SpecialName	0x1003aa16c	0x947bc0b2	0x10229a434	0x10229a434	mapped	0x10229a434
Microsoft.Maui.Graphics	1340	0x0600053d	Microsoft.Maui.Graphics.PathF+<get_SegmentTypes>d__21	System.Collections.Generic.IEnumerable<Microsoft.Maui.Graphics.PathOperation>.GetEnumerator	0x2050	NoInlining	Private, Final, Virtual, HideBySig, VtableLayoutMask	0x1003aa170	0x947bc0d4	0x10229a4c0	0x10229a4c0	mapped	0x10229a4c0
Microsoft.Maui.Graphics	1341	0x0600053e	Microsoft.Maui.Graphics.PathF+<get_SegmentTypes>d__21	System.Collections.IEnumerable.GetEnumerator	0x2050	NoInlining	Private, Final, Virtual, HideBySig, VtableLayoutMask	0x1003aa174	0x947bc10c	0x10229a5a4	0x10229a5a4	mapped	0x10229a5a4
Microsoft.Maui.Graphics	1342	0x0600053f	Microsoft.Maui.Graphics.PdfPageExtensions+<AsBytesAsync>d__2	MoveNext	0x2050	NoInlining	Private, Final, Virtual, HideBySig, VtableLayoutMask	0x1003aa178	0x97ffea3a	0x1003a4a60	0x1003a4a60	mapped	0x1003a4a60
Microsoft.Maui.Graphics	1343	0x06000540	Microsoft.Maui.Graphics.PdfPageExtensions+<AsBytesAsync>d__2	SetStateMachine	0x2050	NoInlining	Private, Final, Virtual, HideBySig, VtableLayoutMask	0x1003aa17c	0x947bc118	0x10229a5dc	0x10229a5dc	mapped	0x10229a5dc
Microsoft.Maui.Graphics	1344	0x06000541	Microsoft.Maui.Graphics.PictureCanvas+<>c	.cctor	0x2050	NoInlining	Private, Static, HideBySig, SpecialName, RTSpecialName	0x1003aa180	0x947bc13a	0x10229a668	0x10229a668	mapped	0x10229a668
Microsoft.Maui.Graphics	1345	0x06000542	Microsoft.Maui.Graphics.PictureCanvas+<>c	.ctor	0x2050	NoInlining	Public, HideBySig, SpecialName, RTSpecialName	0x1003aa184	0x947bc155	0x10229a6d8	0x10229a6d8	mapped	0x10229a6d8
Microsoft.Maui.Graphics	1346	0x06000543	Microsoft.Maui.Graphics.PictureCanvas+<>c	<SaveState>b__63_0	0x2050	NoInlining	Assembly, HideBySig	0x1003aa188	0x947bc162	0x10229a710	0x10229a710	mapped	0x10229a710
Microsoft.Maui.Graphics	1347	0x06000544	Microsoft.Maui.Graphics.PictureCanvas+<>c	<RestoreState>b__64_0	0x2050	NoInlining	Assembly, HideBySig	0x1003aa18c	0x947bc184	0x10229a79c	0x10229a79c	mapped	0x10229a79c
Microsoft.Maui.Graphics	1348	0x06000545	Microsoft.Maui.Graphics.PictureCanvas+<>c__DisplayClass14_0	.ctor	0x2050	NoInlining	Public, HideBySig, SpecialName, RTSpecialName	0x1003aa190	0x947bc1a6	0x10229a828	0x10229a828	mapped	0x10229a828
Microsoft.Maui.Graphics	1349	0x06000546	Microsoft.Maui.Graphics.PictureCanvas+<>c__DisplayClass14_0	<set_StrokeSize>b__0	0x2050	NoInlining	Assembly, HideBySig	0x1003aa194	0x947bc1a6	0x10229a82c	0x10229a82c	mapped	0x10229a82c
Microsoft.Maui.Graphics	1350	0x06000547	Microsoft.Maui.Graphics.PictureCanvas+<>c__DisplayClass16_0	.ctor	0x2050	NoInlining	Public, HideBySig, SpecialName, RTSpecialName	0x1003aa198	0x947bc1ce	0x10229a8d0	0x10229a8d0	mapped	0x10229a8d0
Microsoft.Maui.Graphics	1351	0x06000548	Microsoft.Maui.Graphics.PictureCanvas+<>c__DisplayClass16_0	<set_MiterLimit>b__0	0x2050	NoInlining	Assembly, HideBySig	0x1003aa19c	0x947bc1ce	0x10229a8d4	0x10229a8d4	mapped	0x10229a8d4
Microsoft.Maui.Graphics	1352	0x06000549	Microsoft.Maui.Graphics.PictureCanvas+<>c__DisplayClass18_0	.ctor	0x2050	NoInlining	Public, HideBySig, SpecialName, RTSpecialName	0x1003aa1a0	0x947bc1f6	0x10229a978	0x10229a978	mapped	0x10229a978
Microsoft.Maui.Graphics	1353	0x0600054a	Microsoft.Maui.Graphics.PictureCanvas+<>c__DisplayClass18_0	<set_StrokeColor>b__0	0x2050	NoInlining	Assembly, HideBySig	0x1003aa1a4	0x947bc1f6	0x10229a97c	0x10229a97c	mapped	0x10229a97c
Microsoft.Maui.Graphics	1354	0x0600054b	Microsoft.Maui.Graphics.PictureCanvas+<>c__DisplayClass20_0	.ctor	0x2050	NoInlining	Public, HideBySig, SpecialName, RTSpecialName	0x1003aa1a8	0x947bc21e	0x10229aa20	0x10229aa20	mapped	0x10229aa20
Microsoft.Maui.Graphics	1355	0x0600054c	Microsoft.Maui.Graphics.PictureCanvas+<>c__DisplayClass20_0	<set_StrokeLineCap>b__0	0x2050	NoInlining	Assembly, HideBySig	0x1003aa1ac	0x947bc21e	0x10229aa24	0x10229aa24	mapped	0x10229aa24
Microsoft.Maui.Graphics	1356	0x0600054d	Microsoft.Maui.Graphics.PictureCanvas+<>c__DisplayClass22_0	.ctor	0x2050	NoInlining	Public, HideBySig, SpecialName, RTSpecialName	0x1003aa1b0	0x947bc246	0x10229aac8	0x10229aac8	mapped	0x10229aac8
Microsoft.Maui.Graphics	1357	0x0600054e	Microsoft.Maui.Graphics.PictureCanvas+<>c__DisplayClass22_0	<set_StrokeLineJoin>b__0	0x2050	NoInlining	Assembly, HideBySig	0x1003aa1b4	0x947bc246	0x10229aacc	0x10229aacc	mapped	0x10229aacc
Microsoft.Maui.Graphics	1358	0x0600054f	Microsoft.Maui.Graphics.PictureCanvas+<>c__DisplayClass24_0	.ctor	0x2050	NoInlining	Public, HideBySig, SpecialName, RTSpecialName	0x1003aa1b8	0x947bc26e	0x10229ab70	0x10229ab70	mapped	0x10229ab70
Microsoft.Maui.Graphics	1359	0x06000550	Microsoft.Maui.Graphics.PictureCanvas+<>c__DisplayClass24_0	<set_StrokeDashPattern>b__0	0x2050	NoInlining	Assembly, HideBySig	0x1003aa1bc	0x947bc26e	0x10229ab74	0x10229ab74	mapped	0x10229ab74
Microsoft.Maui.Graphics	1360	0x06000551	Microsoft.Maui.Graphics.PictureCanvas+<>c__DisplayClass26_0	.ctor	0x2050	NoInlining	Public, HideBySig, SpecialName, RTSpecialName	0x1003aa1c0	0x947bc296	0x10229ac18	0x10229ac18	mapped	0x10229ac18
Microsoft.Maui.Graphics	1361	0x06000552	Microsoft.Maui.Graphics.PictureCanvas+<>c__DisplayClass26_0	<set_StrokeDashOffset>b__0	0x2050	NoInlining	Assembly, HideBySig	0x1003aa1c4	0x947bc296	0x10229ac1c	0x10229ac1c	mapped	0x10229ac1c
Microsoft.Maui.Graphics	1362	0x06000553	Microsoft.Maui.Graphics.PictureCanvas+<>c__DisplayClass28_0	.ctor	0x2050	NoInlining	Public, HideBySig, SpecialName, RTSpecialName	0x1003aa1c8	0x947bc2be	0x10229acc0	0x10229acc0	mapped	0x10229acc0
Microsoft.Maui.Graphics	1363	0x06000554	Microsoft.Maui.Graphics.PictureCanvas+<>c__DisplayClass28_0	<set_FillColor>b__0	0x2050	NoInlining	Assembly, HideBySig	0x1003aa1cc	0x947bc2be	0x10229acc4	0x10229acc4	mapped	0x10229acc4
Microsoft.Maui.Graphics	1364	0x06000555	Microsoft.Maui.Graphics.PictureCanvas+<>c__DisplayClass30_0	.ctor	0x2050	NoInlining	Public, HideBySig, SpecialName, RTSpecialName	0x1003aa1d0	0x947bc2e6	0x10229ad68	0x10229ad68	mapped	0x10229ad68
Microsoft.Maui.Graphics	1365	0x06000556	Microsoft.Maui.Graphics.PictureCanvas+<>c__DisplayClass30_0	<set_FontColor>b__0	0x2050	NoInlining	Assembly, HideBySig	0x1003aa1d4	0x947bc2e6	0x10229ad6c	0x10229ad6c	mapped	0x10229ad6c
Microsoft.Maui.Graphics	1366	0x06000557	Microsoft.Maui.Graphics.PictureCanvas+<>c__DisplayClass32_0	.ctor	0x2050	NoInlining	Public, HideBySig, SpecialName, RTSpecialName	0x1003aa1d8	0x947bc30e	0x10229ae10	0x10229ae10	mapped	0x10229ae10
Microsoft.Maui.Graphics	1367	0x06000558	Microsoft.Maui.Graphics.PictureCanvas+<>c__DisplayClass32_0	<set_Font>b__0	0x2050	NoInlining	Assembly, HideBySig	0x1003aa1dc	0x947bc30e	0x10229ae14	0x10229ae14	mapped	0x10229ae14
Microsoft.Maui.Graphics	1368	0x06000559	Microsoft.Maui.Graphics.PictureCanvas+<>c__DisplayClass34_0	.ctor	0x2050	NoInlining	Public, HideBySig, SpecialName, RTSpecialName	0x1003aa1e0	0x947bc336	0x10229aeb8	0x10229aeb8	mapped	0x10229aeb8
Microsoft.Maui.Graphics	1369	0x0600055a	Microsoft.Maui.Graphics.PictureCanvas+<>c__DisplayClass34_0	<set_FontSize>b__0	0x2050	NoInlining	Assembly, HideBySig	0x1003aa1e4	0x947bc336	0x10229aebc	0x10229aebc	mapped	0x10229aebc
Microsoft.Maui.Graphics	1370	0x0600055b	Microsoft.Maui.Graphics.PictureCanvas+<>c__DisplayClass36_0	.ctor	0x2050	NoInlining	Public, HideBySig, SpecialName, RTSpecialName	0x1003aa1e8	0x947bc35e	0x10229af60	0x10229af60	mapped	0x10229af60
Microsoft.Maui.Graphics	1371	0x0600055c	Microsoft.Maui.Graphics.PictureCanvas+<>c__DisplayClass36_0	<set_Alpha>b__0	0x2050	NoInlining	Assembly, HideBySig	0x1003aa1ec	0x947bc35e	0x10229af64	0x10229af64	mapped	0x10229af64
Microsoft.Maui.Graphics	1372	0x0600055d	Microsoft.Maui.Graphics.PictureCanvas+<>c__DisplayClass40_0	.ctor	0x2050	NoInlining	Public, HideBySig, SpecialName, RTSpecialName	0x1003aa1f0	0x947bc386	0x10229b008	0x10229b008	mapped	0x10229b008
Microsoft.Maui.Graphics	1373	0x0600055e	Microsoft.Maui.Graphics.PictureCanvas+<>c__DisplayClass40_0	<set_BlendMode>b__0	0x2050	NoInlining	Assembly, HideBySig	0x1003aa1f4	0x947bc386	0x10229b00c	0x10229b00c	mapped	0x10229b00c
Microsoft.Maui.Graphics	1374	0x0600055f	Microsoft.Maui.Graphics.PictureCanvas+<>c__DisplayClass41_0	.ctor	0x2050	NoInlining	Public, HideBySig, SpecialName, RTSpecialName	0x1003aa1f8	0x947bc3ae	0x10229b0b0	0x10229b0b0	mapped	0x10229b0b0
Microsoft.Maui.Graphics	1375	0x06000560	Microsoft.Maui.Graphics.PictureCanvas+<>c__DisplayClass41_0	<SubtractFromClip>b__0	0x2050	NoInlining	Assembly, HideBySig	0x1003aa1fc	0x947bc3ae	0x10229b0b4	0x10229b0b4	mapped	0x10229b0b4
Microsoft.Maui.Graphics	1376	0x06000561	Microsoft.Maui.Graphics.PictureCanvas+<>c__DisplayClass42_0	.ctor	0x2050	NoInlining	Public, HideBySig, SpecialName, RTSpecialName	0x1003aa200	0x947bc3d7	0x10229b15c	0x10229b15c	mapped	0x10229b15c
Microsoft.Maui.Graphics	1377	0x06000562	Microsoft.Maui.Graphics.PictureCanvas+<>c__DisplayClass42_0	<DrawLine>b__0	0x2050	NoInlining	Assembly, HideBySig	0x1003aa204	0x947bc3d7	0x10229b160	0x10229b160	mapped	0x10229b160
Microsoft.Maui.Graphics	1378	0x06000563	Microsoft.Maui.Graphics.PictureCanvas+<>c__DisplayClass43_0	.ctor	0x2050	NoInlining	Public, HideBySig, SpecialName, RTSpecialName	0x1003aa208	0x947bc400	0x10229b208	0x10229b208	mapped	0x10229b208
Microsoft.Maui.Graphics	1379	0x06000564	Microsoft.Maui.Graphics.PictureCanvas+<>c__DisplayClass43_0	<DrawArc>b__0	0x2050	NoInlining	Assembly, HideBySig	0x1003aa20c	0x947bc400	0x10229b20c	0x10229b20c	mapped	0x10229b20c
Microsoft.Maui.Graphics	1380	0x06000565	Microsoft.Maui.Graphics.PictureCanvas+<>c__DisplayClass44_0	.ctor	0x2050	NoInlining	Public, HideBySig, SpecialName, RTSpecialName	0x1003aa210	0x947bc42c	0x10229b2c0	0x10229b2c0	mapped	0x10229b2c0
Microsoft.Maui.Graphics	1381	0x06000566	Microsoft.Maui.Graphics.PictureCanvas+<>c__DisplayClass44_0	<FillArc>b__0	0x2050	NoInlining	Assembly, HideBySig	0x1003aa214	0x947bc42c	0x10229b2c4	0x10229b2c4	mapped	0x10229b2c4
Microsoft.Maui.Graphics	1382	0x06000567	Microsoft.Maui.Graphics.PictureCanvas+<>c__DisplayClass45_0	.ctor	0x2050	NoInlining	Public, HideBySig, SpecialName, RTSpecialName	0x1003aa218	0x947bc457	0x10229b374	0x10229b374	mapped	0x10229b374
Microsoft.Maui.Graphics	1383	0x06000568	Microsoft.Maui.Graphics.PictureCanvas+<>c__DisplayClass45_0	<DrawRectangle>b__0	0x2050	NoInlining	Assembly, HideBySig	0x1003aa21c	0x947bc457	0x10229b378	0x10229b378	mapped	0x10229b378
Microsoft.Maui.Graphics	1384	0x06000569	Microsoft.Maui.Graphics.PictureCanvas+<>c__DisplayClass46_0	.ctor	0x2050	NoInlining	Public, HideBySig, SpecialName, RTSpecialName	0x1003aa220	0x947bc480	0x10229b420	0x10229b420	mapped	0x10229b420
Microsoft.Maui.Graphics	1385	0x0600056a	Microsoft.Maui.Graphics.PictureCanvas+<>c__DisplayClass46_0	<FillRectangle>b__0	0x2050	NoInlining	Assembly, HideBySig	0x1003aa224	0x947bc480	0x10229b424	0x10229b424	mapped	0x10229b424
Microsoft.Maui.Graphics	1386	0x0600056b	Microsoft.Maui.Graphics.PictureCanvas+<>c__DisplayClass47_0	.ctor	0x2050	NoInlining	Public, HideBySig, SpecialName, RTSpecialName	0x1003aa228	0x947bc4a9	0x10229b4cc	0x10229b4cc	mapped	0x10229b4cc
Microsoft.Maui.Graphics	1387	0x0600056c	Microsoft.Maui.Graphics.PictureCanvas+<>c__DisplayClass47_0	<DrawRoundedRectangle>b__0	0x2050	NoInlining	Assembly, HideBySig	0x1003aa22c	0x947bc4a9	0x10229b4d0	0x10229b4d0	mapped	0x10229b4d0
Microsoft.Maui.Graphics	1388	0x0600056d	Microsoft.Maui.Graphics.PictureCanvas+<>c__DisplayClass48_0	.ctor	0x2050	NoInlining	Public, HideBySig, SpecialName, RTSpecialName	0x1003aa230	0x947bc4d3	0x10229b57c	0x10229b57c	mapped	0x10229b57c
Microsoft.Maui.Graphics	1389	0x0600056e	Microsoft.Maui.Graphics.PictureCanvas+<>c__DisplayClass48_0	<FillRoundedRectangle>b__0	0x2050	NoInlining	Assembly, HideBySig	0x1003aa234	0x947bc4d3	0x10229b580	0x10229b580	mapped	0x10229b580
Microsoft.Maui.Graphics	1390	0x0600056f	Microsoft.Maui.Graphics.PictureCanvas+<>c__DisplayClass49_0	.ctor	0x2050	NoInlining	Public, HideBySig, SpecialName, RTSpecialName	0x1003aa238	0x947bc4fd	0x10229b62c	0x10229b62c	mapped	0x10229b62c
Microsoft.Maui.Graphics	1391	0x06000570	Microsoft.Maui.Graphics.PictureCanvas+<>c__DisplayClass49_0	<DrawEllipse>b__0	0x2050	NoInlining	Assembly, HideBySig	0x1003aa23c	0x947bc4fd	0x10229b630	0x10229b630	mapped	0x10229b630
Microsoft.Maui.Graphics	1392	0x06000571	Microsoft.Maui.Graphics.PictureCanvas+<>c__DisplayClass50_0	.ctor	0x2050	NoInlining	Public, HideBySig, SpecialName, RTSpecialName	0x1003aa240	0x947bc526	0x10229b6d8	0x10229b6d8	mapped	0x10229b6d8
Microsoft.Maui.Graphics	1393	0x06000572	Microsoft.Maui.Graphics.PictureCanvas+<>c__DisplayClass50_0	<FillEllipse>b__0	0x2050	NoInlining	Assembly, HideBySig	0x1003aa244	0x947bc526	0x10229b6dc	0x10229b6dc	mapped	0x10229b6dc
Microsoft.Maui.Graphics	1394	0x06000573	Microsoft.Maui.Graphics.PictureCanvas+<>c__DisplayClass51_0	.ctor	0x2050	NoInlining	Public, HideBySig, SpecialName, RTSpecialName	0x1003aa248	0x947bc54f	0x10229b784	0x10229b784	mapped	0x10229b784
Microsoft.Maui.Graphics	1395	0x06000574	Microsoft.Maui.Graphics.PictureCanvas+<>c__DisplayClass51_0	<DrawString>b__0	0x2050	NoInlining	Assembly, HideBySig	0x1003aa24c	0x947bc54f	0x10229b788	0x10229b788	mapped	0x10229b788
Microsoft.Maui.Graphics	1396	0x06000575	Microsoft.Maui.Graphics.PictureCanvas+<>c__DisplayClass52_0	.ctor	0x2050	NoInlining	Public, HideBySig, SpecialName, RTSpecialName	0x1003aa250	0x947bc579	0x10229b834	0x10229b834	mapped	0x10229b834
Microsoft.Maui.Graphics	1397	0x06000576	Microsoft.Maui.Graphics.PictureCanvas+<>c__DisplayClass52_0	<DrawString>b__0	0x2050	NoInlining	Assembly, HideBySig	0x1003aa254	0x947bc579	0x10229b838	0x10229b838	mapped	0x10229b838
Microsoft.Maui.Graphics	1398	0x06000577	Microsoft.Maui.Graphics.PictureCanvas+<>c__DisplayClass53_0	.ctor	0x2050	NoInlining	Public, HideBySig, SpecialName, RTSpecialName	0x1003aa258	0x947bc5a6	0x10229b8f0	0x10229b8f0	mapped	0x10229b8f0
Microsoft.Maui.Graphics	1399	0x06000578	Microsoft.Maui.Graphics.PictureCanvas+<>c__DisplayClass53_0	<DrawText>b__0	0x2050	NoInlining	Assembly, HideBySig	0x1003aa25c	0x947bc5a6	0x10229b8f4	0x10229b8f4	mapped	0x10229b8f4
Microsoft.Maui.Graphics	1400	0x06000579	Microsoft.Maui.Graphics.PictureCanvas+<>c__DisplayClass54_0	.ctor	0x2050	NoInlining	Public, HideBySig, SpecialName, RTSpecialName	0x1003aa260	0x947bc5d0	0x10229b9a0	0x10229b9a0	mapped	0x10229b9a0
Microsoft.Maui.Graphics	1401	0x0600057a	Microsoft.Maui.Graphics.PictureCanvas+<>c__DisplayClass54_0	<DrawPath>b__0	0x2050	NoInlining	Assembly, HideBySig	0x1003aa264	0x947bc5d0	0x10229b9a4	0x10229b9a4	mapped	0x10229b9a4
Microsoft.Maui.Graphics	1402	0x0600057b	Microsoft.Maui.Graphics.PictureCanvas+<>c__DisplayClass55_0	.ctor	0x2050	NoInlining	Public, HideBySig, SpecialName, RTSpecialName	0x1003aa268	0x947bc5f8	0x10229ba48	0x10229ba48	mapped	0x10229ba48
Microsoft.Maui.Graphics	1403	0x0600057c	Microsoft.Maui.Graphics.PictureCanvas+<>c__DisplayClass55_0	<FillPath>b__0	0x2050	NoInlining	Assembly, HideBySig	0x1003aa26c	0x947bc5f8	0x10229ba4c	0x10229ba4c	mapped	0x10229ba4c
Microsoft.Maui.Graphics	1404	0x0600057d	Microsoft.Maui.Graphics.PictureCanvas+<>c__DisplayClass56_0	.ctor	0x2050	NoInlining	Public, HideBySig, SpecialName, RTSpecialName	0x1003aa270	0x947bc621	0x10229baf4	0x10229baf4	mapped	0x10229baf4
Microsoft.Maui.Graphics	1405	0x0600057e	Microsoft.Maui.Graphics.PictureCanvas+<>c__DisplayClass56_0	<ClipPath>b__0	0x2050	NoInlining	Assembly, HideBySig	0x1003aa274	0x947bc621	0x10229baf8	0x10229baf8	mapped	0x10229baf8
Microsoft.Maui.Graphics	1406	0x0600057f	Microsoft.Maui.Graphics.PictureCanvas+<>c__DisplayClass57_0	.ctor	0x2050	NoInlining	Public, HideBySig, SpecialName, RTSpecialName	0x1003aa278	0x947bc64a	0x10229bba0	0x10229bba0	mapped	0x10229bba0
Microsoft.Maui.Graphics	1407	0x06000580	Microsoft.Maui.Graphics.PictureCanvas+<>c__DisplayClass57_0	<ClipRectangle>b__0	0x2050	NoInlining	Assembly, HideBySig	0x1003aa27c	0x947bc64a	0x10229bba4	0x10229bba4	mapped	0x10229bba4
Microsoft.Maui.Graphics	1408	0x06000581	Microsoft.Maui.Graphics.PictureCanvas+<>c__DisplayClass58_0	.ctor	0x2050	NoInlining	Public, HideBySig, SpecialName, RTSpecialName	0x1003aa280	0x947bc673	0x10229bc4c	0x10229bc4c	mapped	0x10229bc4c
Microsoft.Maui.Graphics	1409	0x06000582	Microsoft.Maui.Graphics.PictureCanvas+<>c__DisplayClass58_0	<Rotate>b__0	0x2050	NoInlining	Assembly, HideBySig	0x1003aa284	0x947bc673	0x10229bc50	0x10229bc50	mapped	0x10229bc50
Microsoft.Maui.Graphics	1410	0x06000583	Microsoft.Maui.Graphics.PictureCanvas+<>c__DisplayClass59_0	.ctor	0x2050	NoInlining	Public, HideBySig, SpecialName, RTSpecialName	0x1003aa288	0x947bc69c	0x10229bcf8	0x10229bcf8	mapped	0x10229bcf8
Microsoft.Maui.Graphics	1411	0x06000584	Microsoft.Maui.Graphics.PictureCanvas+<>c__DisplayClass59_0	<Rotate>b__0	0x2050	NoInlining	Assembly, HideBySig	0x1003aa28c	0x947bc69c	0x10229bcfc	0x10229bcfc	mapped	0x10229bcfc
Microsoft.Maui.Graphics	1412	0x06000585	Microsoft.Maui.Graphics.PictureCanvas+<>c__DisplayClass60_0	.ctor	0x2050	NoInlining	Public, HideBySig, SpecialName, RTSpecialName	0x1003aa290	0x947bc6c4	0x10229bda0	0x10229bda0	mapped	0x10229bda0
Microsoft.Maui.Graphics	1413	0x06000586	Microsoft.Maui.Graphics.PictureCanvas+<>c__DisplayClass60_0	<Scale>b__0	0x2050	NoInlining	Assembly, HideBySig	0x1003aa294	0x947bc6c4	0x10229bda4	0x10229bda4	mapped	0x10229bda4
Microsoft.Maui.Graphics	1414	0x06000587	Microsoft.Maui.Graphics.PictureCanvas+<>c__DisplayClass61_0	.ctor	0x2050	NoInlining	Public, HideBySig, SpecialName, RTSpecialName	0x1003aa298	0x947bc6eb	0x10229be44	0x10229be44	mapped	0x10229be44
Microsoft.Maui.Graphics	1415	0x06000588	Microsoft.Maui.Graphics.PictureCanvas+<>c__DisplayClass61_0	<Translate>b__0	0x2050	NoInlining	Assembly, HideBySig	0x1003aa29c	0x947bc6eb	0x10229be48	0x10229be48	mapped	0x10229be48
Microsoft.Maui.Graphics	1416	0x06000589	Microsoft.Maui.Graphics.PictureCanvas+<>c__DisplayClass62_0	.ctor	0x2050	NoInlining	Public, HideBySig, SpecialName, RTSpecialName	0x1003aa2a0	0x947bc712	0x10229bee8	0x10229bee8	mapped	0x10229bee8
Microsoft.Maui.Graphics	1417	0x0600058a	Microsoft.Maui.Graphics.PictureCanvas+<>c__DisplayClass62_0	<ConcatenateTransform>b__0	0x2050	NoInlining	Assembly, HideBySig	0x1003aa2a4	0x947bc712	0x10229beec	0x10229beec	mapped	0x10229beec
Microsoft.Maui.Graphics	1418	0x0600058b	Microsoft.Maui.Graphics.PictureCanvas+<>c__DisplayClass66_0	.ctor	0x2050	NoInlining	Public, HideBySig, SpecialName, RTSpecialName	0x1003aa2a8	0x947bc740	0x10229bfa8	0x10229bfa8	mapped	0x10229bfa8
Microsoft.Maui.Graphics	1419	0x0600058c	Microsoft.Maui.Graphics.PictureCanvas+<>c__DisplayClass66_0	<SetShadow>b__0	0x2050	NoInlining	Assembly, HideBySig	0x1003aa2ac	0x947bc740	0x10229bfac	0x10229bfac	mapped	0x10229bfac
Microsoft.Maui.Graphics	1420	0x0600058d	Microsoft.Maui.Graphics.PictureCanvas+<>c__DisplayClass67_0	.ctor	0x2050	NoInlining	Public, HideBySig, SpecialName, RTSpecialName	0x1003aa2b0	0x947bc76a	0x10229c058	0x10229c058	mapped	0x10229c058
Microsoft.Maui.Graphics	1421	0x0600058e	Microsoft.Maui.Graphics.PictureCanvas+<>c__DisplayClass67_0	<SetFillPaint>b__0	0x2050	NoInlining	Assembly, HideBySig	0x1003aa2b4	0x947bc76a	0x10229c05c	0x10229c05c	mapped	0x10229c05c
Microsoft.Maui.Graphics	1422	0x0600058f	Microsoft.Maui.Graphics.PictureCanvas+<>c__DisplayClass68_0	.ctor	0x2050	NoInlining	Public, HideBySig, SpecialName, RTSpecialName	0x1003aa2b8	0x947bc781	0x10229c0bc	0x10229c0bc	mapped	0x10229c0bc
Microsoft.Maui.Graphics	1423	0x06000590	Microsoft.Maui.Graphics.PictureCanvas+<>c__DisplayClass68_0	<SetFillPaint>b__0	0x2050	NoInlining	Assembly, HideBySig	0x1003aa2bc	0x947bc781	0x10229c0c0	0x10229c0c0	mapped	0x10229c0c0
Microsoft.Maui.Graphics	1424	0x06000591	Microsoft.Maui.Graphics.PictureCanvas+<>c__DisplayClass71_0	.ctor	0x2050	NoInlining	Public, HideBySig, SpecialName, RTSpecialName	0x1003aa2c0	0x947bc7ab	0x10229c16c	0x10229c16c	mapped	0x10229c16c
Microsoft.Maui.Graphics	1425	0x06000592	Microsoft.Maui.Graphics.PictureCanvas+<>c__DisplayClass71_0	<DrawImage>b__0	0x2050	NoInlining	Assembly, HideBySig	0x1003aa2c4	0x947bc7ab	0x10229c170	0x10229c170	mapped	0x10229c170
Microsoft.Maui.Graphics	1426	0x06000593	Microsoft.Maui.Graphics.PictureReaderExtensions+<ReadAsync>d__1	MoveNext	0x2050	NoInlining	Private, Final, Virtual, HideBySig, VtableLayoutMask	0x1003aa2c8	0x947bc7d5	0x10229c21c	0x10229c21c	mapped	0x10229c21c
Microsoft.Maui.Graphics	1427	0x06000594	Microsoft.Maui.Graphics.PictureReaderExtensions+<ReadAsync>d__1	SetStateMachine	0x2050	NoInlining	Private, Final, Virtual, HideBySig, VtableLayoutMask	0x1003aa2cc	0x947bc8ad	0x10229c580	0x10229c580	mapped	0x10229c580
Microsoft.Maui.Graphics	1428	0x06000595	Microsoft.Maui.Graphics.PictureWriterExtensions+<SaveAsBytesAsync>d__1	MoveNext	0x2050	NoInlining	Private, Final, Virtual, HideBySig, VtableLayoutMask	0x1003aa2d0	0x97ffeaf8	0x1003a4eb0	0x1003a4eb0	mapped	0x1003a4eb0
Microsoft.Maui.Graphics	1429	0x06000596	Microsoft.Maui.Graphics.PictureWriterExtensions+<SaveAsBytesAsync>d__1	SetStateMachine	0x2050	NoInlining	Private, Final, Virtual, HideBySig, VtableLayoutMask	0x1003aa2d4	0x947bc8ce	0x10229c60c	0x10229c60c	mapped	0x10229c60c
Microsoft.Maui.Graphics	1430	0x06000597	Microsoft.Maui.Graphics.Platform.DirectRenderer+<>c	.cctor	0x2050	NoInlining	Private, Static, HideBySig, SpecialName, RTSpecialName	0x1003aa2d8	0x947bc8f0	0x10229c698	0x10229c698	mapped	0x10229c698
Microsoft.Maui.Graphics	1431	0x06000598	Microsoft.Maui.Graphics.Platform.DirectRenderer+<>c	.ctor	0x2050	NoInlining	Public, HideBySig, SpecialName, RTSpecialName	0x1003aa2dc	0x947bc90b	0x10229c708	0x10229c708	mapped	0x10229c708
Microsoft.Maui.Graphics	1432	0x06000599	Microsoft.Maui.Graphics.Platform.DirectRenderer+<>c	<.ctor>b__3_0	0x2050	NoInlining	Assembly, HideBySig	0x1003aa2e0	0x947bc918	0x10229c740	0x10229c740	mapped	0x10229c740
Microsoft.Maui.Graphics	1433	0x0600059a	Microsoft.Maui.Graphics.Platform.PlatformBitmapExportContext+<>c__DisplayClass2_0	.ctor	0x2050	NoInlining	Public, HideBySig, SpecialName, RTSpecialName	0x1003aa2e4	0x947bc921	0x10229c768	0x10229c768	mapped	0x10229c768
Microsoft.Maui.Graphics	1434	0x0600059b	Microsoft.Maui.Graphics.Platform.PlatformBitmapExportContext+<>c__DisplayClass2_0	<.ctor>b__0	0x2050	NoInlining	Assembly, HideBySig	0x1003aa2e8	0x947bc921	0x10229c76c	0x10229c76c	mapped	0x10229c76c
Microsoft.Maui.Graphics	1435	0x0600059c	Microsoft.Maui.Graphics.Platform.PlatformImage+<SaveAsync>d__12	MoveNext	0x2050	NoInlining	Private, Final, Virtual, HideBySig, VtableLayoutMask	0x1003aa2ec	0x947bc929	0x10229c790	0x10229c790	mapped	0x10229c790
Microsoft.Maui.Graphics	1436	0x0600059d	Microsoft.Maui.Graphics.Platform.PlatformImage+<SaveAsync>d__12	SetStateMachine	0x2050	NoInlining	Private, Final, Virtual, HideBySig, VtableLayoutMask	0x1003aa2f0	0x947bc9c7	0x10229ca0c	0x10229ca0c	mapped	0x10229ca0c
Microsoft.Maui.Graphics	1437	0x0600059e	Microsoft.Maui.Graphics.Platform.PlatformPdfExportContext+<>c	.cctor	0x2050	NoInlining	Private, Static, HideBySig, SpecialName, RTSpecialName	0x1003aa2f4	0x947bc9dc	0x10229ca64	0x10229ca64	mapped	0x10229ca64
Microsoft.Maui.Graphics	1438	0x0600059f	Microsoft.Maui.Graphics.Platform.PlatformPdfExportContext+<>c	.ctor	0x2050	NoInlining	Public, HideBySig, SpecialName, RTSpecialName	0x1003aa2f8	0x947bc9f7	0x10229cad4	0x10229cad4	mapped	0x10229cad4
Microsoft.Maui.Graphics	1439	0x060005a0	Microsoft.Maui.Graphics.Platform.PlatformPdfExportContext+<>c	<.ctor>b__4_0	0x2050	NoInlining	Assembly, HideBySig	0x1003aa2fc	0x947bca04	0x10229cb0c	0x10229cb0c	mapped	0x10229cb0c
Microsoft.Maui.Graphics	1440	0x060005a1	Microsoft.Maui.Graphics.Platform.GraphicsExtensions+PathConverter	.ctor	0x2050	NoInlining	Public, HideBySig, SpecialName, RTSpecialName	0x1003aa300	0x947bca0d	0x10229cb34	0x10229cb34	mapped	0x10229cb34
Microsoft.Maui.Graphics	1441	0x060005a2	Microsoft.Maui.Graphics.Platform.GraphicsExtensions+PathConverter	ApplyCGPathFunction	0x2050	NoInlining	Public, HideBySig	0x1003aa304	0x947bca1c	0x10229cb74	0x10229cb74	mapped	0x10229cb74
Microsoft.Maui.Graphics	1442	0x060005a3	Microsoft.Maui.Graphics.Platform.PlatformCanvas+<>c__DisplayClass48_0	.ctor	0x2050	NoInlining	Public, HideBySig, SpecialName, RTSpecialName	0x1003aa308	0x947bca7f	0x10229cd04	0x10229cd04	mapped	0x10229cd04
Microsoft.Maui.Graphics	1443	0x060005a4	Microsoft.Maui.Graphics.Platform.PlatformCanvas+<>c__DisplayClass48_0	<FillArc>b__0	0x2050	NoInlining	Assembly, HideBySig	0x1003aa30c	0x947bca7f	0x10229cd08	0x10229cd08	mapped	0x10229cd08
Microsoft.Maui.Graphics	1444	0x060005a5	Microsoft.Maui.Graphics.Platform.PlatformCanvas+<>c__DisplayClass48_0	<FillArc>b__1	0x2050	NoInlining	Assembly, HideBySig	0x1003aa310	0x947bcabf	0x10229ce0c	0x10229ce0c	mapped	0x10229ce0c
Microsoft.Maui.Graphics	1445	0x060005a6	Microsoft.Maui.Graphics.Platform.PlatformCanvas+<>c__DisplayClass48_0	<FillArc>b__2	0x2050	NoInlining	Assembly, HideBySig	0x1003aa314	0x947bcada	0x10229ce7c	0x10229ce7c	mapped	0x10229ce7c
Microsoft.Maui.Graphics	1446	0x060005a7	Microsoft.Maui.Graphics.Platform.PlatformCanvas+<>c__DisplayClass48_0	<FillArc>b__4	0x2050	NoInlining	Assembly, HideBySig	0x1003aa318	0x947bcaf5	0x10229ceec	0x10229ceec	mapped	0x10229ceec
Microsoft.Maui.Graphics	1447	0x060005a8	Microsoft.Maui.Graphics.Platform.PlatformCanvas+<>c__DisplayClass48_0	<FillArc>b__5	0x2050	NoInlining	Assembly, HideBySig	0x1003aa31c	0x947bcb10	0x10229cf5c	0x10229cf5c	mapped	0x10229cf5c
Microsoft.Maui.Graphics	1448	0x060005a9	Microsoft.Maui.Graphics.Platform.PlatformCanvas+<>c__DisplayClass48_1	.ctor	0x2050	NoInlining	Public, HideBySig, SpecialName, RTSpecialName	0x1003aa320	0x947bcb2b	0x10229cfcc	0x10229cfcc	mapped	0x10229cfcc
Microsoft.Maui.Graphics	1449	0x060005aa	Microsoft.Maui.Graphics.Platform.PlatformCanvas+<>c__DisplayClass48_1	<FillArc>b__3	0x2050	NoInlining	Assembly, HideBySig	0x1003aa324	0x947bcb2b	0x10229cfd0	0x10229cfd0	mapped	0x10229cfd0
Microsoft.Maui.Graphics	1450	0x060005ab	Microsoft.Maui.Graphics.Platform.PlatformCanvas+<>c__DisplayClass57_0	.ctor	0x2050	NoInlining	Public, HideBySig, SpecialName, RTSpecialName	0x1003aa328	0x947bcb4c	0x10229d058	0x10229d058	mapped	0x10229d058
Microsoft.Maui.Graphics	1451	0x060005ac	Microsoft.Maui.Graphics.Platform.PlatformCanvas+<>c__DisplayClass57_0	<FillWithPattern>b__0	0x2050	NoInlining	Assembly, HideBySig	0x1003aa32c	0x947bcb4c	0x10229d05c	0x10229d05c	mapped	0x10229d05c
Microsoft.Maui.Graphics	1452	0x060005ad	Microsoft.Maui.Graphics.Platform.PlatformCanvas+<>c__DisplayClass60_0	.ctor	0x2050	NoInlining	Public, HideBySig, SpecialName, RTSpecialName	0x1003aa330	0x947bcb61	0x10229d0b4	0x10229d0b4	mapped	0x10229d0b4
Microsoft.Maui.Graphics	1453	0x060005ae	Microsoft.Maui.Graphics.Platform.PlatformCanvas+<>c__DisplayClass60_0	<FillRoundedRectangle>b__0	0x2050	NoInlining	Assembly, HideBySig	0x1003aa334	0x947bcb61	0x10229d0b8	0x10229d0b8	mapped	0x10229d0b8
Microsoft.Maui.Graphics	1454	0x060005af	Microsoft.Maui.Graphics.Platform.PlatformCanvas+<>c__DisplayClass68_0	.ctor	0x2050	NoInlining	Public, HideBySig, SpecialName, RTSpecialName	0x1003aa338	0x947bcb7c	0x10229d128	0x10229d128	mapped	0x10229d128
Microsoft.Maui.Graphics	1455	0x060005b0	Microsoft.Maui.Graphics.Platform.PlatformCanvas+<>c__DisplayClass68_0	<FillPath>b__0	0x2050	NoInlining	Assembly, HideBySig	0x1003aa33c	0x947bcb7c	0x10229d12c	0x10229d12c	mapped	0x10229d12c
Microsoft.Maui.Graphics	1456	0x060005b1	Microsoft.Maui.Graphics.Platform.NSAttributedStringExtension+<>c__DisplayClass1_0	.ctor	0x2050	NoInlining	Public, HideBySig, SpecialName, RTSpecialName	0x1003aa340	0x947bcba8	0x10229d1e0	0x10229d1e0	mapped	0x10229d1e0
Microsoft.Maui.Graphics	1457	0x060005b2	Microsoft.Maui.Graphics.Platform.NSAttributedStringExtension+<>c__DisplayClass1_0	<CreateRuns>b__0	0x2050	NoInlining	Assembly, HideBySig	0x1003aa344	0x947bcba8	0x10229d1e4	0x10229d1e4	mapped	0x10229d1e4
