assembly	index	token	type	method	rva	impl_attrs	attrs	call_entry	call_insn	initial_target	native_address	status	resolve_chain
Microsoft.iOS	0	0x06000001	<Module>	.cctor	0x2050	NoInlining	Private, Static, HideBySig, SpecialName, RTSpecialName	0x1007e0d98	0x949861d8	0x102df94f8	0x102df94f8	mapped	0x102df94f8
Microsoft.iOS	1	0x06000002	SafariServices.SFSafariViewController	get_ClassHandle	0x2050	NoInlining	Public, Final, Virtual, HideBySig, SpecialName	0x1007e0d9c	0x949861e1	0x102df9520	0x102df9520	mapped	0x102df9520
Microsoft.iOS	2	0x06000003	SafariServices.SFSafariViewController	.ctor	0x2050	NoInlining	FamORAssem, HideBySig, SpecialName, RTSpecialName	0x1007e0da0	0x949861f1	0x102df9564	0x102df9564	mapped	0x102df9564
Microsoft.iOS	3	0x06000004	SafariServices.SFSafariViewController	Dispose	0x2050	NoInlining	Family, Final, Virtual, HideBySig	0x1007e0da4	0x9498620b	0x102df95d0	0x102df95d0	mapped	0x102df95d0
Microsoft.iOS	4	0x06000005	SafariServices.SFSafariViewController	.cctor	0x2050	NoInlining	Private, Static, HideBySig, SpecialName, RTSpecialName	0x1007e0da8	0x94986220	0x102df9628	0x102df9628	mapped	0x102df9628
Microsoft.iOS	5	0x06000006	SafariServices.SFSafariViewControllerDelegate	.ctor	0x2050	NoInlining	Public, HideBySig, SpecialName, RTSpecialName	0x1007e0dac	0x94986239	0x102df9690	0x102df9690	mapped	0x102df9690
Microsoft.iOS	6	0x06000007	SafariServices.SFSafariViewControllerDelegate	.ctor	0x2050	NoInlining	FamORAssem, HideBySig, SpecialName, RTSpecialName	0x1007e0db0	0x94986260	0x102df9730	0x102df9730	mapped	0x102df9730
Microsoft.iOS	7	0x06000008	SafariServices.SFSafariViewControllerDelegate	DidFinish	0x2050	NoInlining	Public, Virtual, HideBySig, VtableLayoutMask	0x1007e0db4	0x94986274	0x102df9784	0x102df9784	mapped	0x102df9784
Microsoft.iOS	8	0x06000009	LinkPresentation.LPLinkMetadata	get_ClassHandle	0x2050	NoInlining	Public, Final, Virtual, HideBySig, SpecialName	0x1007e0db8	0x9498628b	0x102df97e4	0x102df97e4	mapped	0x102df97e4
Microsoft.iOS	9	0x0600000a	LinkPresentation.LPLinkMetadata	.ctor	0x2050	NoInlining	Public, HideBySig, SpecialName, RTSpecialName	0x1007e0dbc	0x9498629b	0x102df9828	0x102df9828	mapped	0x102df9828
Microsoft.iOS	10	0x0600000b	LinkPresentation.LPLinkMetadata	.ctor	0x2050	NoInlining	FamORAssem, HideBySig, SpecialName, RTSpecialName	0x1007e0dc0	0x949862c2	0x102df98c8	0x102df98c8	mapped	0x102df98c8
Microsoft.iOS	11	0x0600000c	LinkPresentation.LPLinkMetadata	set_Title	0x2050	NoInlining	Public, HideBySig, SpecialName	0x1007e0dc4	0x949862dc	0x102df9934	0x102df9934	mapped	0x102df9934
Microsoft.iOS	12	0x0600000d	LinkPresentation.LPLinkMetadata	set_Url	0x2050	NoInlining	Public, HideBySig, SpecialName	0x1007e0dc8	0x949862f8	0x102df99a8	0x102df99a8	mapped	0x102df99a8
Microsoft.iOS	13	0x0600000e	LinkPresentation.LPLinkMetadata	.cctor	0x2050	NoInlining	Private, Static, HideBySig, SpecialName, RTSpecialName	0x1007e0dcc	0x94986311	0x102df9a10	0x102df9a10	mapped	0x102df9a10
Microsoft.iOS	14	0x0600000f	ContactsUI.CNContactPickerDelegate	.ctor	0x2050	NoInlining	Public, HideBySig, SpecialName, RTSpecialName	0x1007e0dd0	0x9498632a	0x102df9a78	0x102df9a78	mapped	0x102df9a78
Microsoft.iOS	15	0x06000010	ContactsUI.CNContactPickerDelegate	.ctor	0x2050	NoInlining	FamORAssem, HideBySig, SpecialName, RTSpecialName	0x1007e0dd4	0x94986351	0x102df9b18	0x102df9b18	mapped	0x102df9b18
Microsoft.iOS	16	0x06000011	ContactsUI.CNContactPickerDelegate	ContactPickerDidCancel	0x2050	NoInlining	Public, Virtual, HideBySig, VtableLayoutMask	0x1007e0dd8	0x94986365	0x102df9b6c	0x102df9b6c	mapped	0x102df9b6c
Microsoft.iOS	17	0x06000012	ContactsUI.CNContactPickerDelegate	DidSelectContact	0x2050	NoInlining	Public, Virtual, HideBySig, VtableLayoutMask	0x1007e0ddc	0x9498637c	0x102df9bcc	0x102df9bcc	mapped	0x102df9bcc
Microsoft.iOS	18	0x06000013	ContactsUI.CNContactPickerDelegate	DidSelectContactProperty	0x2050	NoInlining	Public, Virtual, HideBySig, VtableLayoutMask	0x1007e0de0	0x94986393	0x102df9c2c	0x102df9c2c	mapped	0x102df9c2c
Microsoft.iOS	19	0x06000014	ContactsUI.CNContactPickerViewController	get_ClassHandle	0x2050	NoInlining	Public, Final, Virtual, HideBySig, SpecialName	0x1007e0de4	0x949863aa	0x102df9c8c	0x102df9c8c	mapped	0x102df9c8c
Microsoft.iOS	20	0x06000015	ContactsUI.CNContactPickerViewController	.ctor	0x2050	NoInlining	FamORAssem, HideBySig, SpecialName, RTSpecialName	0x1007e0de8	0x949863ba	0x102df9cd0	0x102df9cd0	mapped	0x102df9cd0
Microsoft.iOS	21	0x06000016	ContactsUI.CNContactPickerViewController	Dispose	0x2050	NoInlining	Family, Final, Virtual, HideBySig	0x1007e0dec	0x949863d4	0x102df9d3c	0x102df9d3c	mapped	0x102df9d3c
Microsoft.iOS	22	0x06000017	ContactsUI.CNContactPickerViewController	.cctor	0x2050	NoInlining	Private, Static, HideBySig, SpecialName, RTSpecialName	0x1007e0df0	0x949863e9	0x102df9d94	0x102df9d94	mapped	0x102df9d94
Microsoft.iOS	23	0x06000018	Security.SecTrust	.ctor	0x2050	NoInlining	Assembly, HideBySig, SpecialName, RTSpecialName	0x1007e0df4	0x94986402	0x102df9dfc	0x102df9dfc	mapped	0x102df9dfc
Microsoft.iOS	24	0x06000019	OpenGLES.EAGLDrawableProperty	.cctor	0x2050	NoInlining	Private, Static, HideBySig, SpecialName, RTSpecialName	0x1007e0df8	0x94986416	0x102df9e50	0x102df9e50	mapped	0x102df9e50
Microsoft.iOS	25	0x0600001a	OpenGLES.EAGLColorFormat	.cctor	0x2050	NoInlining	Private, Static, HideBySig, SpecialName, RTSpecialName	0x1007e0dfc	0x9498643c	0x102df9eec	0x102df9eec	mapped	0x102df9eec
Microsoft.iOS	26	0x0600001b	OpenGLES.EAGLContext	get_ClassHandle	0x2050	NoInlining	Public, Final, Virtual, HideBySig, SpecialName	0x1007e0e00	0x94986462	0x102df9f88	0x102df9f88	mapped	0x102df9f88
Microsoft.iOS	27	0x0600001c	OpenGLES.EAGLContext	.ctor	0x2050	NoInlining	FamORAssem, HideBySig, SpecialName, RTSpecialName	0x1007e0e04	0x94986472	0x102df9fcc	0x102df9fcc	mapped	0x102df9fcc
Microsoft.iOS	28	0x0600001d	OpenGLES.EAGLContext	.ctor	0x2050	NoInlining	Public, HideBySig, SpecialName, RTSpecialName	0x1007e0e08	0x9498648c	0x102dfa038	0x102dfa038	mapped	0x102dfa038
Microsoft.iOS	29	0x0600001e	OpenGLES.EAGLContext	.ctor	0x2050	NoInlining	Public, HideBySig, SpecialName, RTSpecialName	0x1007e0e0c	0x949864b5	0x102dfa0e0	0x102dfa0e0	mapped	0x102dfa0e0
Microsoft.iOS	30	0x0600001f	OpenGLES.EAGLContext	PresentRenderBuffer	0x2050	NoInlining	Public, HideBySig	0x1007e0e10	0x949864e6	0x102dfa1a8	0x102dfa1a8	mapped	0x102dfa1a8
Microsoft.iOS	31	0x06000020	OpenGLES.EAGLContext	RenderBufferStorage	0x2050	NoInlining	Public, HideBySig	0x1007e0e14	0x949864ff	0x102dfa210	0x102dfa210	mapped	0x102dfa210
Microsoft.iOS	32	0x06000021	OpenGLES.EAGLContext	SetCurrentContext	0x2050	NoInlining	Public, Static, HideBySig	0x1007e0e18	0x9498651e	0x102dfa290	0x102dfa290	mapped	0x102dfa290
Microsoft.iOS	33	0x06000022	OpenGLES.EAGLContext	get_API	0x2050	NoInlining	Public, HideBySig, SpecialName	0x1007e0e1c	0x9498653f	0x102dfa318	0x102dfa318	mapped	0x102dfa318
Microsoft.iOS	34	0x06000023	OpenGLES.EAGLContext	get_CurrentContext	0x2050	NoInlining	Public, Static, HideBySig, SpecialName	0x1007e0e20	0x94986554	0x102dfa370	0x102dfa370	mapped	0x102dfa370
Microsoft.iOS	35	0x06000024	OpenGLES.EAGLContext	get_ShareGroup	0x2050	NoInlining	Public, HideBySig, SpecialName	0x1007e0e24	0x94986570	0x102dfa3e4	0x102dfa3e4	mapped	0x102dfa3e4
Microsoft.iOS	36	0x06000025	OpenGLES.EAGLContext	.cctor	0x2050	NoInlining	Private, Static, HideBySig, SpecialName, RTSpecialName	0x1007e0e28	0x94986593	0x102dfa474	0x102dfa474	mapped	0x102dfa474
Microsoft.iOS	37	0x06000026	OpenGLES.EAGLSharegroup	get_ClassHandle	0x2050	NoInlining	Public, Final, Virtual, HideBySig, SpecialName	0x1007e0e2c	0x949865ac	0x102dfa4dc	0x102dfa4dc	mapped	0x102dfa4dc
Microsoft.iOS	38	0x06000027	OpenGLES.EAGLSharegroup	.ctor	0x2050	NoInlining	FamORAssem, HideBySig, SpecialName, RTSpecialName	0x1007e0e30	0x949865bc	0x102dfa520	0x102dfa520	mapped	0x102dfa520
Microsoft.iOS	39	0x06000028	OpenGLES.EAGLSharegroup	.cctor	0x2050	NoInlining	Private, Static, HideBySig, SpecialName, RTSpecialName	0x1007e0e34	0x949865d6	0x102dfa58c	0x102dfa58c	mapped	0x102dfa58c
Microsoft.iOS	40	0x06000029	MediaPlayer.MPMediaItem	get_ClassHandle	0x2050	NoInlining	Public, Final, Virtual, HideBySig, SpecialName	0x1007e0e38	0x949865ef	0x102dfa5f4	0x102dfa5f4	mapped	0x102dfa5f4
Microsoft.iOS	41	0x0600002a	MediaPlayer.MPMediaItem	.ctor	0x2050	NoInlining	FamORAssem, HideBySig, SpecialName, RTSpecialName	0x1007e0e3c	0x949865ff	0x102dfa638	0x102dfa638	mapped	0x102dfa638
Microsoft.iOS	42	0x0600002b	MediaPlayer.MPMediaItem	get_AlbumArtistProperty	0x2050	NoInlining	Public, Static, HideBySig, SpecialName	0x1007e0e40	0x94986619	0x102dfa6a4	0x102dfa6a4	mapped	0x102dfa6a4
Microsoft.iOS	43	0x0600002c	MediaPlayer.MPMediaItem	get_AlbumTitleProperty	0x2050	NoInlining	Public, Static, HideBySig, SpecialName	0x1007e0e44	0x94986639	0x102dfa728	0x102dfa728	mapped	0x102dfa728
Microsoft.iOS	44	0x0600002d	MediaPlayer.MPMediaItem	get_ArtistProperty	0x2050	NoInlining	Public, Static, HideBySig, SpecialName	0x1007e0e48	0x94986659	0x102dfa7ac	0x102dfa7ac	mapped	0x102dfa7ac
Microsoft.iOS	45	0x0600002e	MediaPlayer.MPMediaItem	get_ArtworkProperty	0x2050	NoInlining	Public, Static, HideBySig, SpecialName	0x1007e0e4c	0x94986679	0x102dfa830	0x102dfa830	mapped	0x102dfa830
Microsoft.iOS	46	0x0600002f	MediaPlayer.MPMediaItem	get_AssetURLProperty	0x2050	NoInlining	Public, Static, HideBySig, SpecialName	0x1007e0e50	0x94986699	0x102dfa8b4	0x102dfa8b4	mapped	0x102dfa8b4
Microsoft.iOS	47	0x06000030	MediaPlayer.MPMediaItem	get_GenreProperty	0x2050	NoInlining	Public, Static, HideBySig, SpecialName	0x1007e0e54	0x949866b9	0x102dfa938	0x102dfa938	mapped	0x102dfa938
Microsoft.iOS	48	0x06000031	MediaPlayer.MPMediaItem	get_PlaybackDurationProperty	0x2050	NoInlining	Public, Static, HideBySig, SpecialName	0x1007e0e58	0x949866d9	0x102dfa9bc	0x102dfa9bc	mapped	0x102dfa9bc
Microsoft.iOS	49	0x06000032	MediaPlayer.MPMediaItem	get_TitleProperty	0x2050	NoInlining	Public, Static, HideBySig, SpecialName	0x1007e0e5c	0x949866f9	0x102dfaa40	0x102dfaa40	mapped	0x102dfaa40
Microsoft.iOS	50	0x06000033	MediaPlayer.MPMediaItem	.cctor	0x2050	NoInlining	Private, Static, HideBySig, SpecialName, RTSpecialName	0x1007e0e60	0x94986719	0x102dfaac4	0x102dfaac4	mapped	0x102dfaac4
Microsoft.iOS	51	0x06000034	MediaPlayer.MPMediaItemArtwork	get_ClassHandle	0x2050	NoInlining	Public, Final, Virtual, HideBySig, SpecialName	0x1007e0e64	0x94986732	0x102dfab2c	0x102dfab2c	mapped	0x102dfab2c
Microsoft.iOS	52	0x06000035	MediaPlayer.MPMediaItemArtwork	.ctor	0x2050	NoInlining	FamORAssem, HideBySig, SpecialName, RTSpecialName	0x1007e0e68	0x94986742	0x102dfab70	0x102dfab70	mapped	0x102dfab70
Microsoft.iOS	53	0x06000036	MediaPlayer.MPMediaItemArtwork	ImageWithSize	0x2050	NoInlining	Public, HideBySig	0x1007e0e6c	0x9498675c	0x102dfabdc	0x102dfabdc	mapped	0x102dfabdc
Microsoft.iOS	54	0x06000037	MediaPlayer.MPMediaItemArtwork	get_Bounds	0x2050	NoInlining	Public, HideBySig, SpecialName	0x1007e0e70	0x94986785	0x102dfac84	0x102dfac84	mapped	0x102dfac84
Microsoft.iOS	55	0x06000038	MediaPlayer.MPMediaItemArtwork	.cctor	0x2050	NoInlining	Private, Static, HideBySig, SpecialName, RTSpecialName	0x1007e0e74	0x9498679a	0x102dfacdc	0x102dfacdc	mapped	0x102dfacdc
Microsoft.iOS	56	0x06000039	MediaPlayer.MPMediaQuery	get_ClassHandle	0x2050	NoInlining	Public, Final, Virtual, HideBySig, SpecialName	0x1007e0e78	0x949867b3	0x102dfad44	0x102dfad44	mapped	0x102dfad44
Microsoft.iOS	57	0x0600003a	MediaPlayer.MPMediaQuery	.ctor	0x2050	NoInlining	FamORAssem, HideBySig, SpecialName, RTSpecialName	0x1007e0e7c	0x949867c3	0x102dfad88	0x102dfad88	mapped	0x102dfad88
Microsoft.iOS	58	0x0600003b	MediaPlayer.MPMediaQuery	get_AlbumsQuery	0x2050	NoInlining	Public, Static, HideBySig, SpecialName	0x1007e0e80	0x949867dd	0x102dfadf4	0x102dfadf4	mapped	0x102dfadf4
Microsoft.iOS	59	0x0600003c	MediaPlayer.MPMediaQuery	get_Collections	0x2050	NoInlining	Public, HideBySig, SpecialName	0x1007e0e84	0x949867f9	0x102dfae68	0x102dfae68	mapped	0x102dfae68
Microsoft.iOS	60	0x0600003d	MediaPlayer.MPMediaQuery	.cctor	0x2050	NoInlining	Private, Static, HideBySig, SpecialName, RTSpecialName	0x1007e0e88	0x9498681c	0x102dfaef8	0x102dfaef8	mapped	0x102dfaef8
Microsoft.iOS	61	0x0600003e	MediaPlayer.MPMediaEntity	get_ClassHandle	0x2050	NoInlining	Public, Virtual, HideBySig, SpecialName	0x1007e0e8c	0x94986835	0x102dfaf60	0x102dfaf60	mapped	0x102dfaf60
Microsoft.iOS	62	0x0600003f	MediaPlayer.MPMediaEntity	.ctor	0x2050	NoInlining	FamORAssem, HideBySig, SpecialName, RTSpecialName	0x1007e0e90	0x94986845	0x102dfafa4	0x102dfafa4	mapped	0x102dfafa4
Microsoft.iOS	63	0x06000040	MediaPlayer.MPMediaEntity	ValueForProperty	0x2050	NoInlining	Public, Final, Virtual, HideBySig, VtableLayoutMask	0x1007e0e94	0x9498685f	0x102dfb010	0x102dfb010	mapped	0x102dfb010
Microsoft.iOS	64	0x06000041	MediaPlayer.MPMediaEntity	.cctor	0x2050	NoInlining	Private, Static, HideBySig, SpecialName, RTSpecialName	0x1007e0e98	0x94986886	0x102dfb0b0	0x102dfb0b0	mapped	0x102dfb0b0
Microsoft.iOS	65	0x06000042	MediaPlayer.MPMediaItemCollection	get_ClassHandle	0x2050	NoInlining	Public, Final, Virtual, HideBySig, SpecialName	0x1007e0e9c	0x9498689f	0x102dfb118	0x102dfb118	mapped	0x102dfb118
Microsoft.iOS	66	0x06000043	MediaPlayer.MPMediaItemCollection	.ctor	0x2050	NoInlining	FamORAssem, HideBySig, SpecialName, RTSpecialName	0x1007e0ea0	0x949868af	0x102dfb15c	0x102dfb15c	mapped	0x102dfb15c
Microsoft.iOS	67	0x06000044	MediaPlayer.MPMediaItemCollection	get_Count	0x2050	NoInlining	Public, HideBySig, SpecialName	0x1007e0ea4	0x949868c9	0x102dfb1c8	0x102dfb1c8	mapped	0x102dfb1c8
Microsoft.iOS	68	0x06000045	MediaPlayer.MPMediaItemCollection	get_Items	0x2050	NoInlining	Public, HideBySig, SpecialName	0x1007e0ea8	0x949868de	0x102dfb220	0x102dfb220	mapped	0x102dfb220
Microsoft.iOS	69	0x06000046	MediaPlayer.MPMediaItemCollection	get_RepresentativeItem	0x2050	NoInlining	Public, HideBySig, SpecialName	0x1007e0eac	0x94986901	0x102dfb2b0	0x102dfb2b0	mapped	0x102dfb2b0
Microsoft.iOS	70	0x06000047	MediaPlayer.MPMediaItemCollection	.cctor	0x2050	NoInlining	Private, Static, HideBySig, SpecialName, RTSpecialName	0x1007e0eb0	0x94986924	0x102dfb340	0x102dfb340	mapped	0x102dfb340
Microsoft.iOS	71	0x06000048	MediaPlayer.MPMoviePlayerController	get_ClassHandle	0x2050	NoInlining	Public, Final, Virtual, HideBySig, SpecialName	0x1007e0eb4	0x9498693d	0x102dfb3a8	0x102dfb3a8	mapped	0x102dfb3a8
Microsoft.iOS	72	0x06000049	MediaPlayer.MPMoviePlayerController	.ctor	0x2050	NoInlining	FamORAssem, HideBySig, SpecialName, RTSpecialName	0x1007e0eb8	0x9498694d	0x102dfb3ec	0x102dfb3ec	mapped	0x102dfb3ec
Microsoft.iOS	73	0x0600004a	MediaPlayer.MPMoviePlayerController	Play	0x2050	NoInlining	Public, HideBySig	0x1007e0ebc	0x94986967	0x102dfb458	0x102dfb458	mapped	0x102dfb458
Microsoft.iOS	74	0x0600004b	MediaPlayer.MPMoviePlayerController	PrepareToPlay	0x2050	NoInlining	Public, HideBySig	0x1007e0ec0	0x9498697c	0x102dfb4b0	0x102dfb4b0	mapped	0x102dfb4b0
Microsoft.iOS	75	0x0600004c	MediaPlayer.MPMoviePlayerController	Stop	0x2050	NoInlining	Public, HideBySig	0x1007e0ec4	0x94986991	0x102dfb508	0x102dfb508	mapped	0x102dfb508
Microsoft.iOS	76	0x0600004d	MediaPlayer.MPMoviePlayerController	set_ControlStyle	0x2050	NoInlining	Public, HideBySig, SpecialName	0x1007e0ec8	0x949869a6	0x102dfb560	0x102dfb560	mapped	0x102dfb560
Microsoft.iOS	77	0x0600004e	MediaPlayer.MPMoviePlayerController	set_RepeatMode	0x2050	NoInlining	Public, HideBySig, SpecialName	0x1007e0ecc	0x949869bd	0x102dfb5c0	0x102dfb5c0	mapped	0x102dfb5c0
Microsoft.iOS	78	0x0600004f	MediaPlayer.MPMoviePlayerController	set_ScalingMode	0x2050	NoInlining	Public, HideBySig, SpecialName	0x1007e0ed0	0x949869d4	0x102dfb620	0x102dfb620	mapped	0x102dfb620
Microsoft.iOS	79	0x06000050	MediaPlayer.MPMoviePlayerController	get_PlaybackDidFinishNotification	0x2050	NoInlining	Public, Static, HideBySig, SpecialName	0x1007e0ed4	0x949869eb	0x102dfb680	0x102dfb680	mapped	0x102dfb680
Microsoft.iOS	80	0x06000051	MediaPlayer.MPMoviePlayerController	.cctor	0x2050	NoInlining	Private, Static, HideBySig, SpecialName, RTSpecialName	0x1007e0ed8	0x94986a0b	0x102dfb704	0x102dfb704	mapped	0x102dfb704
Microsoft.iOS	81	0x06000052	MediaPlayer.MPMoviePlayerViewController	get_ClassHandle	0x2050	NoInlining	Public, Final, Virtual, HideBySig, SpecialName	0x1007e0edc	0x94986a24	0x102dfb76c	0x102dfb76c	mapped	0x102dfb76c
Microsoft.iOS	82	0x06000053	MediaPlayer.MPMoviePlayerViewController	.ctor	0x2050	NoInlining	FamORAssem, HideBySig, SpecialName, RTSpecialName	0x1007e0ee0	0x94986a34	0x102dfb7b0	0x102dfb7b0	mapped	0x102dfb7b0
Microsoft.iOS	83	0x06000054	MediaPlayer.MPMoviePlayerViewController	.ctor	0x2050	NoInlining	Public, HideBySig, SpecialName, RTSpecialName	0x1007e0ee4	0x94986a4e	0x102dfb81c	0x102dfb81c	mapped	0x102dfb81c
Microsoft.iOS	84	0x06000055	MediaPlayer.MPMoviePlayerViewController	get_MoviePlayer	0x2050	NoInlining	Public, HideBySig, SpecialName	0x1007e0ee8	0x94986a7c	0x102dfb8d8	0x102dfb8d8	mapped	0x102dfb8d8
Microsoft.iOS	85	0x06000056	MediaPlayer.MPMoviePlayerViewController	.cctor	0x2050	NoInlining	Private, Static, HideBySig, SpecialName, RTSpecialName	0x1007e0eec	0x94986a9f	0x102dfb968	0x102dfb968	mapped	0x102dfb968
Microsoft.iOS	86	0x06000057	GameController.GCController	get_ClassHandle	0x2050	NoInlining	Public, Final, Virtual, HideBySig, SpecialName	0x1007e0ef0	0x94986ab8	0x102dfb9d0	0x102dfb9d0	mapped	0x102dfb9d0
Microsoft.iOS	87	0x06000058	GameController.GCController	.ctor	0x2050	NoInlining	FamORAssem, HideBySig, SpecialName, RTSpecialName	0x1007e0ef4	0x94986ac8	0x102dfba14	0x102dfba14	mapped	0x102dfba14
Microsoft.iOS	88	0x06000059	GameController.GCController	get_Controllers	0x2050	NoInlining	Public, Static, HideBySig, SpecialName	0x1007e0ef8	0x94986ae2	0x102dfba80	0x102dfba80	mapped	0x102dfba80
Microsoft.iOS	89	0x0600005a	GameController.GCController	get_ExtendedGamepad	0x2050	NoInlining	Public, HideBySig, SpecialName	0x1007e0efc	0x94986afe	0x102dfbaf4	0x102dfbaf4	mapped	0x102dfbaf4
Microsoft.iOS	90	0x0600005b	GameController.GCController	get_Gamepad	0x2050	NoInlining	Public, HideBySig, SpecialName	0x1007e0f00	0x94986b21	0x102dfbb84	0x102dfbb84	mapped	0x102dfbb84
Microsoft.iOS	91	0x0600005c	GameController.GCController	get_PlayerIndex	0x2050	NoInlining	Public, HideBySig, SpecialName	0x1007e0f04	0x94986b44	0x102dfbc14	0x102dfbc14	mapped	0x102dfbc14
Microsoft.iOS	92	0x0600005d	GameController.GCController	set_PlayerIndex	0x2050	NoInlining	Public, HideBySig, SpecialName	0x1007e0f08	0x94986b59	0x102dfbc6c	0x102dfbc6c	mapped	0x102dfbc6c
Microsoft.iOS	93	0x0600005e	GameController.GCController	.cctor	0x2050	NoInlining	Private, Static, HideBySig, SpecialName, RTSpecialName	0x1007e0f0c	0x94986b70	0x102dfbccc	0x102dfbccc	mapped	0x102dfbccc
Microsoft.iOS	94	0x0600005f	GameController.GCControllerAxisInput	get_ClassHandle	0x2050	NoInlining	Public, Final, Virtual, HideBySig, SpecialName	0x1007e0f10	0x94986b89	0x102dfbd34	0x102dfbd34	mapped	0x102dfbd34
Microsoft.iOS	95	0x06000060	GameController.GCControllerAxisInput	.ctor	0x2050	NoInlining	FamORAssem, HideBySig, SpecialName, RTSpecialName	0x1007e0f14	0x94986b99	0x102dfbd78	0x102dfbd78	mapped	0x102dfbd78
Microsoft.iOS	96	0x06000061	GameController.GCControllerAxisInput	get_Value	0x2050	NoInlining	Public, HideBySig, SpecialName	0x1007e0f18	0x94986bb3	0x102dfbde4	0x102dfbde4	mapped	0x102dfbde4
Microsoft.iOS	97	0x06000062	GameController.GCControllerAxisInput	.cctor	0x2050	NoInlining	Private, Static, HideBySig, SpecialName, RTSpecialName	0x1007e0f1c	0x94986bc8	0x102dfbe3c	0x102dfbe3c	mapped	0x102dfbe3c
Microsoft.iOS	98	0x06000063	GameController.GCControllerButtonInput	get_ClassHandle	0x2050	NoInlining	Public, Final, Virtual, HideBySig, SpecialName	0x1007e0f20	0x94986be1	0x102dfbea4	0x102dfbea4	mapped	0x102dfbea4
Microsoft.iOS	99	0x06000064	GameController.GCControllerButtonInput	.ctor	0x2050	NoInlining	FamORAssem, HideBySig, SpecialName, RTSpecialName	0x1007e0f24	0x94986bf1	0x102dfbee8	0x102dfbee8	mapped	0x102dfbee8
Microsoft.iOS	100	0x06000065	GameController.GCControllerButtonInput	get_IsPressed	0x2050	NoInlining	Public, HideBySig, SpecialName	0x1007e0f28	0x94986c0b	0x102dfbf54	0x102dfbf54	mapped	0x102dfbf54
Microsoft.iOS	101	0x06000066	GameController.GCControllerButtonInput	get_Value	0x2050	NoInlining	Public, HideBySig, SpecialName	0x1007e0f2c	0x94986c22	0x102dfbfb4	0x102dfbfb4	mapped	0x102dfbfb4
Microsoft.iOS	102	0x06000067	GameController.GCControllerButtonInput	.cctor	0x2050	NoInlining	Private, Static, HideBySig, SpecialName, RTSpecialName	0x1007e0f30	0x94986c37	0x102dfc00c	0x102dfc00c	mapped	0x102dfc00c
Microsoft.iOS	103	0x06000068	GameController.GCControllerDirectionPad	get_ClassHandle	0x2050	NoInlining	Public, Final, Virtual, HideBySig, SpecialName	0x1007e0f34	0x94986c50	0x102dfc074	0x102dfc074	mapped	0x102dfc074
Microsoft.iOS	104	0x06000069	GameController.GCControllerDirectionPad	.ctor	0x2050	NoInlining	FamORAssem, HideBySig, SpecialName, RTSpecialName	0x1007e0f38	0x94986c60	0x102dfc0b8	0x102dfc0b8	mapped	0x102dfc0b8
Microsoft.iOS	105	0x0600006a	GameController.GCControllerDirectionPad	get_Down	0x2050	NoInlining	Public, HideBySig, SpecialName	0x1007e0f3c	0x94986c7a	0x102dfc124	0x102dfc124	mapped	0x102dfc124
Microsoft.iOS	106	0x0600006b	GameController.GCControllerDirectionPad	get_Left	0x2050	NoInlining	Public, HideBySig, SpecialName	0x1007e0f40	0x94986c9d	0x102dfc1b4	0x102dfc1b4	mapped	0x102dfc1b4
Microsoft.iOS	107	0x0600006c	GameController.GCControllerDirectionPad	get_Right	0x2050	NoInlining	Public, HideBySig, SpecialName	0x1007e0f44	0x94986cc0	0x102dfc244	0x102dfc244	mapped	0x102dfc244
Microsoft.iOS	108	0x0600006d	GameController.GCControllerDirectionPad	get_Up	0x2050	NoInlining	Public, HideBySig, SpecialName	0x1007e0f48	0x94986ce3	0x102dfc2d4	0x102dfc2d4	mapped	0x102dfc2d4
Microsoft.iOS	109	0x0600006e	GameController.GCControllerDirectionPad	get_XAxis	0x2050	NoInlining	Public, HideBySig, SpecialName	0x1007e0f4c	0x94986d06	0x102dfc364	0x102dfc364	mapped	0x102dfc364
Microsoft.iOS	110	0x0600006f	GameController.GCControllerDirectionPad	get_YAxis	0x2050	NoInlining	Public, HideBySig, SpecialName	0x1007e0f50	0x94986d29	0x102dfc3f4	0x102dfc3f4	mapped	0x102dfc3f4
Microsoft.iOS	111	0x06000070	GameController.GCControllerDirectionPad	.cctor	0x2050	NoInlining	Private, Static, HideBySig, SpecialName, RTSpecialName	0x1007e0f54	0x94986d4c	0x102dfc484	0x102dfc484	mapped	0x102dfc484
Microsoft.iOS	112	0x06000071	GameController.GCControllerElement	get_ClassHandle	0x2050	NoInlining	Public, Virtual, HideBySig, SpecialName	0x1007e0f58	0x94986d65	0x102dfc4ec	0x102dfc4ec	mapped	0x102dfc4ec
Microsoft.iOS	113	0x06000072	GameController.GCControllerElement	.ctor	0x2050	NoInlining	FamORAssem, HideBySig, SpecialName, RTSpecialName	0x1007e0f5c	0x94986d75	0x102dfc530	0x102dfc530	mapped	0x102dfc530
Microsoft.iOS	114	0x06000073	GameController.GCControllerElement	Dispose	0x2050	NoInlining	Family, Final, Virtual, HideBySig	0x1007e0f60	0x94986d8f	0x102dfc59c	0x102dfc59c	mapped	0x102dfc59c
Microsoft.iOS	115	0x06000074	GameController.GCControllerElement	.cctor	0x2050	NoInlining	Private, Static, HideBySig, SpecialName, RTSpecialName	0x1007e0f64	0x94986da4	0x102dfc5f4	0x102dfc5f4	mapped	0x102dfc5f4
Microsoft.iOS	116	0x06000075	GameController.GCExtendedGamepad	get_ClassHandle	0x2050	NoInlining	Public, Final, Virtual, HideBySig, SpecialName	0x1007e0f68	0x94986dbd	0x102dfc65c	0x102dfc65c	mapped	0x102dfc65c
Microsoft.iOS	117	0x06000076	GameController.GCExtendedGamepad	.ctor	0x2050	NoInlining	FamORAssem, HideBySig, SpecialName, RTSpecialName	0x1007e0f6c	0x94986dcd	0x102dfc6a0	0x102dfc6a0	mapped	0x102dfc6a0
Microsoft.iOS	118	0x06000077	GameController.GCExtendedGamepad	get_ButtonA	0x2050	NoInlining	Public, HideBySig, SpecialName	0x1007e0f70	0x94986de7	0x102dfc70c	0x102dfc70c	mapped	0x102dfc70c
Microsoft.iOS	119	0x06000078	GameController.GCExtendedGamepad	get_ButtonB	0x2050	NoInlining	Public, HideBySig, SpecialName	0x1007e0f74	0x94986e0a	0x102dfc79c	0x102dfc79c	mapped	0x102dfc79c
Microsoft.iOS	120	0x06000079	GameController.GCExtendedGamepad	get_ButtonX	0x2050	NoInlining	Public, HideBySig, SpecialName	0x1007e0f78	0x94986e2d	0x102dfc82c	0x102dfc82c	mapped	0x102dfc82c
Microsoft.iOS	121	0x0600007a	GameController.GCExtendedGamepad	get_ButtonY	0x2050	NoInlining	Public, HideBySig, SpecialName	0x1007e0f7c	0x94986e50	0x102dfc8bc	0x102dfc8bc	mapped	0x102dfc8bc
Microsoft.iOS	122	0x0600007b	GameController.GCExtendedGamepad	get_DPad	0x2050	NoInlining	Public, HideBySig, SpecialName	0x1007e0f80	0x94986e73	0x102dfc94c	0x102dfc94c	mapped	0x102dfc94c
Microsoft.iOS	123	0x0600007c	GameController.GCExtendedGamepad	get_LeftShoulder	0x2050	NoInlining	Public, HideBySig, SpecialName	0x1007e0f84	0x94986e96	0x102dfc9dc	0x102dfc9dc	mapped	0x102dfc9dc
Microsoft.iOS	124	0x0600007d	GameController.GCExtendedGamepad	get_LeftThumbstick	0x2050	NoInlining	Public, HideBySig, SpecialName	0x1007e0f88	0x94986eb9	0x102dfca6c	0x102dfca6c	mapped	0x102dfca6c
Microsoft.iOS	125	0x0600007e	GameController.GCExtendedGamepad	get_LeftTrigger	0x2050	NoInlining	Public, HideBySig, SpecialName	0x1007e0f8c	0x94986edc	0x102dfcafc	0x102dfcafc	mapped	0x102dfcafc
Microsoft.iOS	126	0x0600007f	GameController.GCExtendedGamepad	get_RightShoulder	0x2050	NoInlining	Public, HideBySig, SpecialName	0x1007e0f90	0x94986eff	0x102dfcb8c	0x102dfcb8c	mapped	0x102dfcb8c
Microsoft.iOS	127	0x06000080	GameController.GCExtendedGamepad	get_RightThumbstick	0x2050	NoInlining	Public, HideBySig, SpecialName	0x1007e0f94	0x94986f22	0x102dfcc1c	0x102dfcc1c	mapped	0x102dfcc1c
Microsoft.iOS	128	0x06000081	GameController.GCExtendedGamepad	get_RightTrigger	0x2050	NoInlining	Public, HideBySig, SpecialName	0x1007e0f98	0x94986f45	0x102dfccac	0x102dfccac	mapped	0x102dfccac
Microsoft.iOS	129	0x06000082	GameController.GCExtendedGamepad	Dispose	0x2050	NoInlining	Family, Final, Virtual, HideBySig	0x1007e0f9c	0x94986f68	0x102dfcd3c	0x102dfcd3c	mapped	0x102dfcd3c
Microsoft.iOS	130	0x06000083	GameController.GCExtendedGamepad	.cctor	0x2050	NoInlining	Private, Static, HideBySig, SpecialName, RTSpecialName	0x1007e0fa0	0x94986f7d	0x102dfcd94	0x102dfcd94	mapped	0x102dfcd94
Microsoft.iOS	131	0x06000084	GameController.GCGamepad	get_ClassHandle	0x2050	NoInlining	Public, Final, Virtual, HideBySig, SpecialName	0x1007e0fa4	0x94986f96	0x102dfcdfc	0x102dfcdfc	mapped	0x102dfcdfc
Microsoft.iOS	132	0x06000085	GameController.GCGamepad	.ctor	0x2050	NoInlining	FamORAssem, HideBySig, SpecialName, RTSpecialName	0x1007e0fa8	0x94986fa6	0x102dfce40	0x102dfce40	mapped	0x102dfce40
Microsoft.iOS	133	0x06000086	GameController.GCGamepad	get_ButtonA	0x2050	NoInlining	Public, HideBySig, SpecialName	0x1007e0fac	0x94986fc0	0x102dfceac	0x102dfceac	mapped	0x102dfceac
Microsoft.iOS	134	0x06000087	GameController.GCGamepad	get_ButtonB	0x2050	NoInlining	Public, HideBySig, SpecialName	0x1007e0fb0	0x94986fe3	0x102dfcf3c	0x102dfcf3c	mapped	0x102dfcf3c
Microsoft.iOS	135	0x06000088	GameController.GCGamepad	get_ButtonX	0x2050	NoInlining	Public, HideBySig, SpecialName	0x1007e0fb4	0x94987006	0x102dfcfcc	0x102dfcfcc	mapped	0x102dfcfcc
Microsoft.iOS	136	0x06000089	GameController.GCGamepad	get_ButtonY	0x2050	NoInlining	Public, HideBySig, SpecialName	0x1007e0fb8	0x94987029	0x102dfd05c	0x102dfd05c	mapped	0x102dfd05c
Microsoft.iOS	137	0x0600008a	GameController.GCGamepad	get_DPad	0x2050	NoInlining	Public, HideBySig, SpecialName	0x1007e0fbc	0x9498704c	0x102dfd0ec	0x102dfd0ec	mapped	0x102dfd0ec
Microsoft.iOS	138	0x0600008b	GameController.GCGamepad	Dispose	0x2050	NoInlining	Family, Final, Virtual, HideBySig	0x1007e0fc0	0x9498706f	0x102dfd17c	0x102dfd17c	mapped	0x102dfd17c
Microsoft.iOS	139	0x0600008c	GameController.GCGamepad	.cctor	0x2050	NoInlining	Private, Static, HideBySig, SpecialName, RTSpecialName	0x1007e0fc4	0x94987084	0x102dfd1d4	0x102dfd1d4	mapped	0x102dfd1d4
Microsoft.iOS	140	0x0600008d	GameController.GCPhysicalInputProfile	get_ClassHandle	0x2050	NoInlining	Public, Virtual, HideBySig, SpecialName	0x1007e0fc8	0x9498709d	0x102dfd23c	0x102dfd23c	mapped	0x102dfd23c
Microsoft.iOS	141	0x0600008e	GameController.GCPhysicalInputProfile	.ctor	0x2050	NoInlining	FamORAssem, HideBySig, SpecialName, RTSpecialName	0x1007e0fcc	0x949870ad	0x102dfd280	0x102dfd280	mapped	0x102dfd280
Microsoft.iOS	142	0x0600008f	GameController.GCPhysicalInputProfile	Dispose	0x2050	NoInlining	Family, Virtual, HideBySig	0x1007e0fd0	0x949870c7	0x102dfd2ec	0x102dfd2ec	mapped	0x102dfd2ec
Microsoft.iOS	143	0x06000090	GameController.GCPhysicalInputProfile	.cctor	0x2050	NoInlining	Private, Static, HideBySig, SpecialName, RTSpecialName	0x1007e0fd4	0x949870dc	0x102dfd344	0x102dfd344	mapped	0x102dfd344
Microsoft.iOS	144	0x06000091	Foundation.DictionaryContainer	.ctor	0x2050	NoInlining	Family, HideBySig, SpecialName, RTSpecialName	0x1007e0fd8	0x949870f5	0x102dfd3ac	0x102dfd3ac	mapped	0x102dfd3ac
Microsoft.iOS	145	0x06000092	Foundation.DictionaryContainer	get_Dictionary	0x2050	NoInlining	Public, HideBySig, SpecialName	0x1007e0fdc	0x94987120	0x102dfd45c	0x102dfd45c	mapped	0x102dfd45c
Microsoft.iOS	146	0x06000093	Foundation.DictionaryContainer	set_Dictionary	0x2050	NoInlining	Private, HideBySig, SpecialName	0x1007e0fe0	0x94987128	0x102dfd480	0x102dfd480	mapped	0x102dfd480
Microsoft.iOS	147	0x06000094	Foundation.DictionaryContainer	NullCheckAndRemoveKey	0x2050	NoInlining	Private, HideBySig	0x1007e0fe4	0x94987137	0x102dfd4c0	0x102dfd4c0	mapped	0x102dfd4c0
Microsoft.iOS	148	0x06000095	Foundation.DictionaryContainer	SetNativeValue	0x2050	NoInlining	Family, HideBySig	0x1007e0fe8	0x94987158	0x102dfd548	0x102dfd548	mapped	0x102dfd548
Microsoft.iOS	149	0x06000096	Foundation.DictionaryContainer	RemoveValue	0x2050	NoInlining	Family, HideBySig	0x1007e0fec	0x9498718b	0x102dfd618	0x102dfd618	mapped	0x102dfd618
Microsoft.iOS	150	0x06000097	Foundation.DictionaryContainerHelper	GetDictionary	0x2050	NoInlining	Public, Static, HideBySig	0x1007e0ff0	0x949871cb	0x102dfd71c	0x102dfd71c	mapped	0x102dfd71c
Microsoft.iOS	151	0x06000098	Foundation.ExportAttribute	.ctor	0x2050	NoInlining	Public, HideBySig, SpecialName, RTSpecialName	0x1007e0ff4	0x949871cd	0x102dfd728	0x102dfd728	mapped	0x102dfd728
Microsoft.iOS	152	0x06000099	Foundation.ExportAttribute	.ctor	0x2050	NoInlining	Public, HideBySig, SpecialName, RTSpecialName	0x1007e0ff8	0x949871de	0x102dfd770	0x102dfd770	mapped	0x102dfd770
Microsoft.iOS	153	0x0600009a	Foundation.ExportAttribute	get_Selector	0x2050	NoInlining	Public, HideBySig, SpecialName	0x1007e0ffc	0x949871ee	0x102dfd7b4	0x102dfd7b4	mapped	0x102dfd7b4
Microsoft.iOS	154	0x0600009b	Foundation.LinkerSafeAttribute	.ctor	0x2050	NoInlining	Public, HideBySig, SpecialName, RTSpecialName	0x1007e1000	0x949871f6	0x102dfd7d8	0x102dfd7d8	mapped	0x102dfd7d8
Microsoft.iOS	155	0x0600009c	Foundation.ModelAttribute	.ctor	0x2050	NoInlining	Public, HideBySig, SpecialName, RTSpecialName	0x1007e1004	0x949871f6	0x102dfd7dc	0x102dfd7dc	mapped	0x102dfd7dc
Microsoft.iOS	156	0x0600009d	Foundation.You_Should_Not_Call_base_In_This_Method	.ctor	0x2050	NoInlining	Public, HideBySig, SpecialName, RTSpecialName	0x1007e1008	0x949871f6	0x102dfd7e0	0x102dfd7e0	mapped	0x102dfd7e0
Microsoft.iOS	157	0x0600009e	Foundation.NSDispatcher	.ctor	0x2050	NoInlining	Family, HideBySig, SpecialName, RTSpecialName	0x1007e100c	0x94987201	0x102dfd810	0x102dfd810	mapped	0x102dfd810
Microsoft.iOS	158	0x0600009f	Foundation.NSDispatcher	Apply	0x0	NoInlining	Public, Virtual, HideBySig, VtableLayoutMask, Abstract	0x1007e1010	0x97ffff62	0x1007e0d98		absent	0x1007e0d98
Microsoft.iOS	159	0x060000a0	Foundation.NSDispatcher	.cctor	0x2050	NoInlining	Private, Static, HideBySig, SpecialName, RTSpecialName	0x1007e1014	0x9498721d	0x102dfd888	0x102dfd888	mapped	0x102dfd888
Microsoft.iOS	160	0x060000a1	Foundation.NSActionDispatcher	.ctor	0x2050	NoInlining	Public, HideBySig, SpecialName, RTSpecialName	0x1007e1018	0x94987246	0x102dfd930	0x102dfd930	mapped	0x102dfd930
Microsoft.iOS	161	0x060000a2	Foundation.NSActionDispatcher	Apply	0x2050	NoInlining	Public, Final, Virtual, HideBySig	0x1007e101c	0x9498726c	0x102dfd9cc	0x102dfd9cc	mapped	0x102dfd9cc
Microsoft.iOS	162	0x060000a3	Foundation.NSSynchronizationContextDispatcher	.ctor	0x2050	NoInlining	Public, HideBySig, SpecialName, RTSpecialName	0x1007e1020	0x94987283	0x102dfda2c	0x102dfda2c	mapped	0x102dfda2c
Microsoft.iOS	163	0x060000a4	Foundation.NSSynchronizationContextDispatcher	Apply	0x2050	NoInlining	Public, Final, Virtual, HideBySig	0x1007e1024	0x949872b1	0x102dfdae8	0x102dfdae8	mapped	0x102dfdae8
Microsoft.iOS	164	0x060000a5	Foundation.NSAsyncDispatcher	.ctor	0x2050	NoInlining	Family, HideBySig, SpecialName, RTSpecialName	0x1007e1028	0x949872ca	0x102dfdb50	0x102dfdb50	mapped	0x102dfdb50
Microsoft.iOS	165	0x060000a6	Foundation.NSAsyncDispatcher	Apply	0x2050	NoInlining	Public, Virtual, HideBySig	0x1007e102c	0x949872df	0x102dfdba8	0x102dfdba8	mapped	0x102dfdba8
Microsoft.iOS	166	0x060000a7	Foundation.NSAsyncActionDispatcher	.ctor	0x2050	NoInlining	Public, HideBySig, SpecialName, RTSpecialName	0x1007e1030	0x949872fd	0x102dfdc24	0x102dfdc24	mapped	0x102dfdc24
Microsoft.iOS	167	0x060000a8	Foundation.NSAsyncActionDispatcher	Apply	0x2050	NoInlining	Public, Final, Virtual, HideBySig	0x1007e1034	0x94987323	0x102dfdcc0	0x102dfdcc0	mapped	0x102dfdcc0
Microsoft.iOS	168	0x060000a9	Foundation.NSAsyncSynchronizationContextDispatcher	.ctor	0x2050	NoInlining	Public, HideBySig, SpecialName, RTSpecialName	0x1007e1038	0x94987350	0x102dfdd78	0x102dfdd78	mapped	0x102dfdd78
Microsoft.iOS	169	0x060000aa	Foundation.NSAsyncSynchronizationContextDispatcher	Apply	0x2050	NoInlining	Public, Final, Virtual, HideBySig	0x1007e103c	0x9498737e	0x102dfde34	0x102dfde34	mapped	0x102dfde34
Microsoft.iOS	170	0x060000ab	Foundation.NSArray	FromNSObjects	0x2050	NoInlining	Public, Static, HideBySig	0x1007e1040	0x949873b4	0x102dfdf10	0x102dfdf10	mapped	0x102dfdf10
Microsoft.iOS	171	0x060000ac	Foundation.NSArray	FromNSObjects	0x2050	NoInlining	Public, Static, HideBySig	0x1007e1044	0x949873ce	0x102dfdf7c	0x102dfdf7c	mapped	0x102dfdf7c
Microsoft.iOS	172	0x060000ad	Foundation.NSArray	FromNativeObjects	0x2050	NoInlining	Assembly, Static, HideBySig	0x1007e1048	0x949873f4	0x102dfe018	0x102dfe018	mapped	0x102dfe018
Microsoft.iOS	173	0x060000ae	Foundation.NSArray	FromNativeObjects	0x2050	NoInlining	Assembly, Static, HideBySig	0x1007e104c	0x94987424	0x102dfe0dc	0x102dfe0dc	mapped	0x102dfe0dc
Microsoft.iOS	174	0x060000af	Foundation.NSArray	FromStrings	0x2050	NoInlining	Public, Static, HideBySig	0x1007e1050	0x94987498	0x102dfe2b0	0x102dfe2b0	mapped	0x102dfe2b0
Microsoft.iOS	175	0x060000b0	Foundation.NSArray	FromStrings	0x2050	NoInlining	Public, Static, HideBySig	0x1007e1054	0x949874b0	0x102dfe314	0x102dfe314	mapped	0x102dfe314
Microsoft.iOS	176	0x060000b1	Foundation.NSArray	GetCount	0x2050	NoInlining	Assembly, Static, HideBySig	0x1007e1058	0x94987525	0x102dfe4ec	0x102dfe4ec	mapped	0x102dfe4ec
Microsoft.iOS	177	0x060000b2	Foundation.NSArray	GetAtIndex	0x2050	NoInlining	Assembly, Static, HideBySig	0x1007e105c	0x9498753f	0x102dfe558	0x102dfe558	mapped	0x102dfe558
Microsoft.iOS	178	0x060000b3	Foundation.NSArray	ArrayFromHandle	0x2050	NoInlining	Public, Static, HideBySig	0x1007e1060	0x9498755b	0x102dfe5cc	0x102dfe5cc	mapped	0x102dfe5cc
Microsoft.iOS	179	0x060000b4	Foundation.NSArray	ArrayFromHandleFunc	0x2050	NoInlining	Public, Static, HideBySig	0x1007e1064	0x949875aa	0x102dfe70c	0x102dfe70c	mapped	0x102dfe70c
Microsoft.iOS	180	0x060000b5	Foundation.NSArray	UnsafeGetItem	0x2050	NoInlining	Private, Static, HideBySig	0x1007e1068	0x94987603	0x102dfe874	0x102dfe874	mapped	0x102dfe874
Microsoft.iOS	181	0x060000b6	Foundation.NSArray	GetEnumerator	0x2050	NoInlining	Public, Final, Virtual, HideBySig, VtableLayoutMask	0x1007e106c	0x9498763c	0x102dfe95c	0x102dfe95c	mapped	0x102dfe95c
Microsoft.iOS	182	0x060000b7	Foundation.NSArray	System.Collections.IEnumerable.GetEnumerator	0x2050	NoInlining	Private, Final, Virtual, HideBySig, VtableLayoutMask	0x1007e1070	0x9498765c	0x102dfe9e0	0x102dfe9e0	mapped	0x102dfe9e0
Microsoft.iOS	183	0x060000b8	Foundation.NSArray	get_ClassHandle	0x2050	NoInlining	Public, Final, Virtual, HideBySig, SpecialName	0x1007e1074	0x9498767c	0x102dfea64	0x102dfea64	mapped	0x102dfea64
Microsoft.iOS	184	0x060000b9	Foundation.NSArray	.ctor	0x2050	NoInlining	Public, HideBySig, SpecialName, RTSpecialName	0x1007e1078	0x9498768c	0x102dfeaa8	0x102dfeaa8	mapped	0x102dfeaa8
Microsoft.iOS	185	0x060000ba	Foundation.NSArray	.ctor	0x2050	NoInlining	FamORAssem, HideBySig, SpecialName, RTSpecialName	0x1007e107c	0x949876b3	0x102dfeb48	0x102dfeb48	mapped	0x102dfeb48
Microsoft.iOS	186	0x060000bb	Foundation.NSArray	FromObjects	0x2050	NoInlining	Assembly, Static, HideBySig	0x1007e1080	0x949876cd	0x102dfebb4	0x102dfebb4	mapped	0x102dfebb4
Microsoft.iOS	187	0x060000bc	Foundation.NSArray	.cctor	0x2050	NoInlining	Private, Static, HideBySig, SpecialName, RTSpecialName	0x1007e1084	0x949876ec	0x102dfec34	0x102dfec34	mapped	0x102dfec34
Microsoft.iOS	188	0x060000bd	Foundation.NSAttributedString	get_Value	0x2050	NoInlining	Public, HideBySig, SpecialName	0x1007e1088	0x94987705	0x102dfec9c	0x102dfec9c	mapped	0x102dfec9c
Microsoft.iOS	189	0x060000be	Foundation.NSAttributedString	Substring	0x2050	NoInlining	Public, HideBySig	0x1007e108c	0x9498771b	0x102dfecf8	0x102dfecf8	mapped	0x102dfecf8
Microsoft.iOS	190	0x060000bf	Foundation.NSAttributedString	get_ClassHandle	0x2050	NoInlining	Public, Virtual, HideBySig, SpecialName	0x1007e1090	0x94987734	0x102dfed60	0x102dfed60	mapped	0x102dfed60
Microsoft.iOS	191	0x060000c0	Foundation.NSAttributedString	.ctor	0x2050	NoInlining	Family, HideBySig, SpecialName, RTSpecialName	0x1007e1094	0x94987744	0x102dfeda4	0x102dfeda4	mapped	0x102dfeda4
Microsoft.iOS	192	0x060000c1	Foundation.NSAttributedString	.ctor	0x2050	NoInlining	FamORAssem, HideBySig, SpecialName, RTSpecialName	0x1007e1098	0x9498775c	0x102dfee08	0x102dfee08	mapped	0x102dfee08
Microsoft.iOS	193	0x060000c2	Foundation.NSAttributedString	EnumerateAttributes	0x2050	NoInlining	Public, Final, Virtual, HideBySig, VtableLayoutMask	0x1007e109c	0x94987776	0x102dfee74	0x102dfee74	mapped	0x102dfee74
Microsoft.iOS	194	0x060000c3	Foundation.NSAttributedString	Substring	0x2050	NoInlining	Assembly, Final, Virtual, HideBySig, VtableLayoutMask, CheckAccessOnOverride	0x1007e10a0	0x949877bc	0x102dfef90	0x102dfef90	mapped	0x102dfef90
Microsoft.iOS	195	0x060000c4	Foundation.NSAttributedString	get_Length	0x2050	NoInlining	Public, Final, Virtual, HideBySig, VtableLayoutMask, SpecialName	0x1007e10a4	0x949877e5	0x102dff038	0x102dff038	mapped	0x102dff038
Microsoft.iOS	196	0x060000c5	Foundation.NSAttributedString	get_LowLevelValue	0x2050	NoInlining	Public, Final, Virtual, HideBySig, VtableLayoutMask, SpecialName	0x1007e10a8	0x949877fa	0x102dff090	0x102dff090	mapped	0x102dff090
Microsoft.iOS	197	0x060000c6	Foundation.NSAttributedString	.cctor	0x2050	NoInlining	Private, Static, HideBySig, SpecialName, RTSpecialName	0x1007e10ac	0x9498780f	0x102dff0e8	0x102dff0e8	mapped	0x102dff0e8
Microsoft.iOS	198	0x060000c7	Foundation.NSBundle	get_ClassHandle	0x2050	NoInlining	Public, Final, Virtual, HideBySig, SpecialName	0x1007e10b0	0x94987828	0x102dff150	0x102dff150	mapped	0x102dff150
Microsoft.iOS	199	0x060000c8	Foundation.NSBundle	.ctor	0x2050	NoInlining	FamORAssem, HideBySig, SpecialName, RTSpecialName	0x1007e10b4	0x94987838	0x102dff194	0x102dff194	mapped	0x102dff194
Microsoft.iOS	200	0x060000c9	Foundation.NSBundle	FromClass	0x2050	NoInlining	Public, Static, HideBySig	0x1007e10b8	0x94987852	0x102dff200	0x102dff200	mapped	0x102dff200
Microsoft.iOS	201	0x060000ca	Foundation.NSBundle	get_MainBundle	0x2050	NoInlining	Public, Static, HideBySig, SpecialName	0x1007e10bc	0x9498787c	0x102dff2ac	0x102dff2ac	mapped	0x102dff2ac
Microsoft.iOS	202	0x060000cb	Foundation.NSBundle	get_ResourcePath	0x2050	NoInlining	Public, HideBySig, SpecialName	0x1007e10c0	0x94987898	0x102dff320	0x102dff320	mapped	0x102dff320
Microsoft.iOS	203	0x060000cc	Foundation.NSBundle	.cctor	0x2050	NoInlining	Private, Static, HideBySig, SpecialName, RTSpecialName	0x1007e10c4	0x949878ae	0x102dff37c	0x102dff37c	mapped	0x102dff37c
Microsoft.iOS	204	0x060000cd	Foundation.NSCalendar	GetCalendarIdentifier	0x2050	NoInlining	Private, Static, HideBySig	0x1007e10c8	0x949878c7	0x102dff3e4	0x102dff3e4	mapped	0x102dff3e4
Microsoft.iOS	205	0x060000ce	Foundation.NSCalendar	.ctor	0x2050	NoInlining	Public, HideBySig, SpecialName, RTSpecialName	0x1007e10cc	0x94987910	0x102dff50c	0x102dff50c	mapped	0x102dff50c
Microsoft.iOS	206	0x060000cf	Foundation.NSCalendar	get_ClassHandle	0x2050	NoInlining	Public, Final, Virtual, HideBySig, SpecialName	0x1007e10d0	0x9498792c	0x102dff580	0x102dff580	mapped	0x102dff580
Microsoft.iOS	207	0x060000d0	Foundation.NSCalendar	.ctor	0x2050	NoInlining	FamORAssem, HideBySig, SpecialName, RTSpecialName	0x1007e10d4	0x9498793c	0x102dff5c4	0x102dff5c4	mapped	0x102dff5c4
Microsoft.iOS	208	0x060000d1	Foundation.NSCalendar	.ctor	0x2050	NoInlining	Public, HideBySig, SpecialName, RTSpecialName	0x1007e10d8	0x94987956	0x102dff630	0x102dff630	mapped	0x102dff630
Microsoft.iOS	209	0x060000d2	Foundation.NSCalendar	Components	0x2050	NoInlining	Public, HideBySig	0x1007e10dc	0x94987983	0x102dff6e8	0x102dff6e8	mapped	0x102dff6e8
Microsoft.iOS	210	0x060000d3	Foundation.NSCalendar	DateFromComponents	0x2050	NoInlining	Public, HideBySig	0x1007e10e0	0x949879b0	0x102dff7a0	0x102dff7a0	mapped	0x102dff7a0
Microsoft.iOS	211	0x060000d4	Foundation.NSCalendar	set_TimeZone	0x2050	NoInlining	Public, HideBySig, SpecialName	0x1007e10e4	0x949879d9	0x102dff848	0x102dff848	mapped	0x102dff848
Microsoft.iOS	212	0x060000d5	Foundation.NSCalendar	get_CopticCalendar	0x2050	NoInlining	Assembly, Static, HideBySig, SpecialName	0x1007e10e8	0x949879ff	0x102dff8e4	0x102dff8e4	mapped	0x102dff8e4
Microsoft.iOS	213	0x060000d6	Foundation.NSCalendar	get_EthiopicAmeteAlemCalendar	0x2050	NoInlining	Assembly, Static, HideBySig, SpecialName	0x1007e10ec	0x94987a1f	0x102dff968	0x102dff968	mapped	0x102dff968
Microsoft.iOS	214	0x060000d7	Foundation.NSCalendar	get_EthiopicAmeteMihretCalendar	0x2050	NoInlining	Assembly, Static, HideBySig, SpecialName	0x1007e10f0	0x94987a3f	0x102dff9ec	0x102dff9ec	mapped	0x102dff9ec
Microsoft.iOS	215	0x060000d8	Foundation.NSCalendar	get_IslamicTabularCalendar	0x2050	NoInlining	Assembly, Static, HideBySig, SpecialName	0x1007e10f4	0x94987a5f	0x102dffa70	0x102dffa70	mapped	0x102dffa70
Microsoft.iOS	216	0x060000d9	Foundation.NSCalendar	get_IslamicUmmAlQuraCalendar	0x2050	NoInlining	Assembly, Static, HideBySig, SpecialName	0x1007e10f8	0x94987a7f	0x102dffaf4	0x102dffaf4	mapped	0x102dffaf4
Microsoft.iOS	217	0x060000da	Foundation.NSCalendar	get_NSBuddhistCalendar	0x2050	NoInlining	Assembly, Static, HideBySig, SpecialName	0x1007e10fc	0x94987a9f	0x102dffb78	0x102dffb78	mapped	0x102dffb78
Microsoft.iOS	218	0x060000db	Foundation.NSCalendar	get_NSChineseCalendar	0x2050	NoInlining	Assembly, Static, HideBySig, SpecialName	0x1007e1100	0x94987abf	0x102dffbfc	0x102dffbfc	mapped	0x102dffbfc
Microsoft.iOS	219	0x060000dc	Foundation.NSCalendar	get_NSGregorianCalendar	0x2050	NoInlining	Assembly, Static, HideBySig, SpecialName	0x1007e1104	0x94987adf	0x102dffc80	0x102dffc80	mapped	0x102dffc80
Microsoft.iOS	220	0x060000dd	Foundation.NSCalendar	get_NSHebrewCalendar	0x2050	NoInlining	Assembly, Static, HideBySig, SpecialName	0x1007e1108	0x94987aff	0x102dffd04	0x102dffd04	mapped	0x102dffd04
Microsoft.iOS	221	0x060000de	Foundation.NSCalendar	get_NSISO8601Calendar	0x2050	NoInlining	Assembly, Static, HideBySig, SpecialName	0x1007e110c	0x94987b1f	0x102dffd88	0x102dffd88	mapped	0x102dffd88
Microsoft.iOS	222	0x060000df	Foundation.NSCalendar	get_NSIndianCalendar	0x2050	NoInlining	Assembly, Static, HideBySig, SpecialName	0x1007e1110	0x94987b3f	0x102dffe0c	0x102dffe0c	mapped	0x102dffe0c
Microsoft.iOS	223	0x060000e0	Foundation.NSCalendar	get_NSIslamicCalendar	0x2050	NoInlining	Assembly, Static, HideBySig, SpecialName	0x1007e1114	0x94987b5f	0x102dffe90	0x102dffe90	mapped	0x102dffe90
Microsoft.iOS	224	0x060000e1	Foundation.NSCalendar	get_NSIslamicCivilCalendar	0x2050	NoInlining	Assembly, Static, HideBySig, SpecialName	0x1007e1118	0x94987b7f	0x102dfff14	0x102dfff14	mapped	0x102dfff14
Microsoft.iOS	225	0x060000e2	Foundation.NSCalendar	get_NSJapaneseCalendar	0x2050	NoInlining	Assembly, Static, HideBySig, SpecialName	0x1007e111c	0x94987b9f	0x102dfff98	0x102dfff98	mapped	0x102dfff98
Microsoft.iOS	226	0x060000e3	Foundation.NSCalendar	get_NSPersianCalendar	0x2050	NoInlining	Assembly, Static, HideBySig, SpecialName	0x1007e1120	0x94987bbf	0x102e0001c	0x102e0001c	mapped	0x102e0001c
Microsoft.iOS	227	0x060000e4	Foundation.NSCalendar	get_NSRepublicOfChinaCalendar	0x2050	NoInlining	Assembly, Static, HideBySig, SpecialName	0x1007e1124	0x94987bdf	0x102e000a0	0x102e000a0	mapped	0x102e000a0
Microsoft.iOS	228	0x060000e5	Foundation.NSCalendar	.cctor	0x2050	NoInlining	Private, Static, HideBySig, SpecialName, RTSpecialName	0x1007e1128	0x94987bff	0x102e00124	0x102e00124	mapped	0x102e00124
Microsoft.iOS	229	0x060000e6	Foundation.NSData	System.Collections.IEnumerable.GetEnumerator	0x2050	NoInlining	Private, Final, Virtual, HideBySig, VtableLayoutMask	0x1007e112c	0x94987c18	0x102e0018c	0x102e0018c	mapped	0x102e0018c
Microsoft.iOS	230	0x060000e7	Foundation.NSData	System.Collections.Generic.IEnumerable<System.Byte>.GetEnumerator	0x2050	NoInlining	Private, Final, Virtual, HideBySig, VtableLayoutMask	0x1007e1130	0x94987c3b	0x102e0021c	0x102e0021c	mapped	0x102e0021c
Microsoft.iOS	231	0x060000e8	Foundation.NSData	FromStream	0x2050	NoInlining	Public, Static, HideBySig	0x1007e1134	0x97ff7c3b	0x1007c0220	0x1007c0220	mapped	0x1007c0220
Microsoft.iOS	232	0x060000e9	Foundation.NSData	AsStream	0x2050	NoInlining	Public, Final, Virtual, HideBySig, VtableLayoutMask	0x1007e1138	0x94987c5d	0x102e002ac	0x102e002ac	mapped	0x102e002ac
Microsoft.iOS	233	0x060000ea	Foundation.NSData	FromString	0x2050	NoInlining	Public, Static, HideBySig	0x1007e113c	0x94987c8a	0x102e00364	0x102e00364	mapped	0x102e00364
Microsoft.iOS	234	0x060000eb	Foundation.NSData	op_Implicit	0x2050	NoInlining	Public, Static, HideBySig, SpecialName	0x1007e1140	0x94987cd2	0x102e00488	0x102e00488	mapped	0x102e00488
Microsoft.iOS	235	0x060000ec	Foundation.NSData	ToString	0x2050	NoInlining	Public, Final, Virtual, HideBySig	0x1007e1144	0x97ff7d1f	0x1007c05c0	0x1007c05c0	mapped	0x1007c05c0
Microsoft.iOS	236	0x060000ed	Foundation.NSData	get_ClassHandle	0x2050	NoInlining	Public, Virtual, HideBySig, SpecialName	0x1007e1148	0x94987cea	0x102e004f0	0x102e004f0	mapped	0x102e004f0
Microsoft.iOS	237	0x060000ee	Foundation.NSData	.ctor	0x2050	NoInlining	FamORAssem, HideBySig, SpecialName, RTSpecialName	0x1007e114c	0x94987cfa	0x102e00534	0x102e00534	mapped	0x102e00534
Microsoft.iOS	238	0x060000ef	Foundation.NSData	FromFile	0x2050	NoInlining	Public, Static, HideBySig	0x1007e1150	0x94987d14	0x102e005a0	0x102e005a0	mapped	0x102e005a0
Microsoft.iOS	239	0x060000f0	Foundation.NSData	get_Bytes	0x2050	NoInlining	Public, Final, Virtual, HideBySig, VtableLayoutMask, SpecialName	0x1007e1154	0x94987d43	0x102e00660	0x102e00660	mapped	0x102e00660
Microsoft.iOS	240	0x060000f1	Foundation.NSData	get_Length	0x2050	NoInlining	Public, Virtual, HideBySig, VtableLayoutMask, SpecialName	0x1007e1158	0x94987d58	0x102e006b8	0x102e006b8	mapped	0x102e006b8
Microsoft.iOS	241	0x060000f2	Foundation.NSData	.cctor	0x2050	NoInlining	Private, Static, HideBySig, SpecialName, RTSpecialName	0x1007e115c	0x94987d6d	0x102e00710	0x102e00710	mapped	0x102e00710
Microsoft.iOS	242	0x060000f3	Foundation.NSData+UnmanagedMemoryStreamWithRef	get_Source	0x2050	NoInlining	Family, HideBySig, SpecialName	0x1007e1160	0x94987d86	0x102e00778	0x102e00778	mapped	0x102e00778
Microsoft.iOS	243	0x060000f4	Foundation.NSData+UnmanagedMemoryStreamWithRef	.ctor	0x2050	NoInlining	Public, HideBySig, SpecialName, RTSpecialName	0x1007e1164	0x94987da7	0x102e00800	0x102e00800	mapped	0x102e00800
Microsoft.iOS	244	0x060000f5	Foundation.NSData+UnmanagedMemoryStreamWithRef	Dispose	0x2050	NoInlining	Family, Final, Virtual, HideBySig	0x1007e1168	0x94987dd3	0x102e008b4	0x102e008b4	mapped	0x102e008b4
Microsoft.iOS	245	0x060000f6	Foundation.NSData+UnmanagedMemoryStreamWithMutableRef	.ctor	0x2050	NoInlining	Public, HideBySig, SpecialName, RTSpecialName	0x1007e116c	0x94987ddd	0x102e008e0	0x102e008e0	mapped	0x102e008e0
Microsoft.iOS	246	0x060000f7	Foundation.NSData+UnmanagedMemoryStreamWithMutableRef	InvalidOperation	0x2050	NoInlining	Private, Static, HideBySig	0x1007e1170	0x94987dfa	0x102e00958	0x102e00958	mapped	0x102e00958
Microsoft.iOS	247	0x060000f8	Foundation.NSData+UnmanagedMemoryStreamWithMutableRef	Read	0x2050	NoInlining	Public, Final, Virtual, HideBySig	0x1007e1174	0x94987e0b	0x102e009a0	0x102e009a0	mapped	0x102e009a0
Microsoft.iOS	248	0x060000f9	Foundation.NSData+UnmanagedMemoryStreamWithMutableRef	ReadByte	0x2050	NoInlining	Public, Final, Virtual, HideBySig	0x1007e1178	0x94987e3f	0x102e00a74	0x102e00a74	mapped	0x102e00a74
Microsoft.iOS	249	0x060000fa	Foundation.NSData+UnmanagedMemoryStreamWithMutableRef	Write	0x2050	NoInlining	Public, Final, Virtual, HideBySig	0x1007e117c	0x94987e69	0x102e00b20	0x102e00b20	mapped	0x102e00b20
Microsoft.iOS	250	0x060000fb	Foundation.NSData+UnmanagedMemoryStreamWithMutableRef	WriteByte	0x2050	NoInlining	Public, Final, Virtual, HideBySig	0x1007e1180	0x94987e9d	0x102e00bf4	0x102e00bf4	mapped	0x102e00bf4
Microsoft.iOS	251	0x060000fc	Foundation.NSData+<System-Collections-Generic-IEnumerable<System-Byte>-GetEnumerator>d__2	.ctor	0x2050	NoInlining	Public, HideBySig, SpecialName, RTSpecialName	0x1007e1184	0x94987ecb	0x102e00cb0	0x102e00cb0	mapped	0x102e00cb0
Microsoft.iOS	252	0x060000fd	Foundation.NSData+<System-Collections-Generic-IEnumerable<System-Byte>-GetEnumerator>d__2	System.IDisposable.Dispose	0x2050	NoInlining	Private, Final, Virtual, HideBySig, VtableLayoutMask	0x1007e1188	0x94987ed3	0x102e00cd4	0x102e00cd4	mapped	0x102e00cd4
Microsoft.iOS	253	0x060000fe	Foundation.NSData+<System-Collections-Generic-IEnumerable<System-Byte>-GetEnumerator>d__2	MoveNext	0x2050	NoInlining	Private, Final, Virtual, HideBySig, VtableLayoutMask	0x1007e118c	0x94987ed3	0x102e00cd8	0x102e00cd8	mapped	0x102e00cd8
Microsoft.iOS	254	0x060000ff	Foundation.NSData+<System-Collections-Generic-IEnumerable<System-Byte>-GetEnumerator>d__2	System.Collections.Generic.IEnumerator<System.Byte>.get_Current	0x2050	NoInlining	Private, Final, Virtual, HideBySig, VtableLayoutMask, SpecialName	0x1007e1190	0x94987f0b	0x102e00dbc	0x102e00dbc	mapped	0x102e00dbc
Microsoft.iOS	255	0x06000100	Foundation.NSData+<System-Collections-Generic-IEnumerable<System-Byte>-GetEnumerator>d__2	System.Collections.IEnumerator.Reset	0x2050	NoInlining	Private, Final, Virtual, HideBySig, VtableLayoutMask	0x1007e1194	0x94987f13	0x102e00de0	0x102e00de0	mapped	0x102e00de0
Microsoft.iOS	256	0x06000101	Foundation.NSData+<System-Collections-Generic-IEnumerable<System-Byte>-GetEnumerator>d__2	System.Collections.IEnumerator.get_Current	0x2050	NoInlining	Private, Final, Virtual, HideBySig, VtableLayoutMask, SpecialName	0x1007e1198	0x94987f1d	0x102e00e0c	0x102e00e0c	mapped	0x102e00e0c
Microsoft.iOS	257	0x06000102	Foundation.NSData+<System-Collections-IEnumerable-GetEnumerator>d__1	.ctor	0x2050	NoInlining	Public, HideBySig, SpecialName, RTSpecialName	0x1007e119c	0x94987f3f	0x102e00e98	0x102e00e98	mapped	0x102e00e98
Microsoft.iOS	258	0x06000103	Foundation.NSData+<System-Collections-IEnumerable-GetEnumerator>d__1	System.IDisposable.Dispose	0x2050	NoInlining	Private, Final, Virtual, HideBySig, VtableLayoutMask	0x1007e11a0	0x94987f47	0x102e00ebc	0x102e00ebc	mapped	0x102e00ebc
Microsoft.iOS	259	0x06000104	Foundation.NSData+<System-Collections-IEnumerable-GetEnumerator>d__1	MoveNext	0x2050	NoInlining	Private, Final, Virtual, HideBySig, VtableLayoutMask	0x1007e11a4	0x94987f47	0x102e00ec0	0x102e00ec0	mapped	0x102e00ec0
Microsoft.iOS	260	0x06000105	Foundation.NSData+<System-Collections-IEnumerable-GetEnumerator>d__1	System.Collections.Generic.IEnumerator<System.Object>.get_Current	0x2050	NoInlining	Private, Final, Virtual, HideBySig, VtableLayoutMask, SpecialName	0x1007e11a8	0x94987f94	0x102e00ff8	0x102e00ff8	mapped	0x102e00ff8
Microsoft.iOS	261	0x06000106	Foundation.NSData+<System-Collections-IEnumerable-GetEnumerator>d__1	System.Collections.IEnumerator.Reset	0x2050	NoInlining	Private, Final, Virtual, HideBySig, VtableLayoutMask	0x1007e11ac	0x94987f9c	0x102e0101c	0x102e0101c	mapped	0x102e0101c
Microsoft.iOS	262	0x06000107	Foundation.NSData+<System-Collections-IEnumerable-GetEnumerator>d__1	System.Collections.IEnumerator.get_Current	0x2050	NoInlining	Private, Final, Virtual, HideBySig, VtableLayoutMask, SpecialName	0x1007e11b0	0x94987fa6	0x102e01048	0x102e01048	mapped	0x102e01048
Microsoft.iOS	263	0x06000108	Foundation.NSDate	op_Explicit	0x2050	NoInlining	Public, Static, HideBySig, SpecialName	0x1007e11b4	0x94987fae	0x102e0106c	0x102e0106c	mapped	0x102e0106c
Microsoft.iOS	264	0x06000109	Foundation.NSDate	op_Explicit	0x2050	NoInlining	Public, Static, HideBySig, SpecialName	0x1007e11b8	0x949880fa	0x102e015a0	0x102e015a0	mapped	0x102e015a0
Microsoft.iOS	265	0x0600010a	Foundation.NSDate	get_ClassHandle	0x2050	NoInlining	Public, Final, Virtual, HideBySig, SpecialName	0x1007e11bc	0x949881d3	0x102e01908	0x102e01908	mapped	0x102e01908
Microsoft.iOS	266	0x0600010b	Foundation.NSDate	.ctor	0x2050	NoInlining	FamORAssem, HideBySig, SpecialName, RTSpecialName	0x1007e11c0	0x949881e3	0x102e0194c	0x102e0194c	mapped	0x102e0194c
Microsoft.iOS	267	0x0600010c	Foundation.NSDate	get_SecondsSinceReferenceDate	0x2050	NoInlining	Public, HideBySig, SpecialName	0x1007e11c4	0x949881fd	0x102e019b8	0x102e019b8	mapped	0x102e019b8
Microsoft.iOS	268	0x0600010d	Foundation.NSDate	.cctor	0x2050	NoInlining	Private, Static, HideBySig, SpecialName, RTSpecialName	0x1007e11c8	0x94988212	0x102e01a10	0x102e01a10	mapped	0x102e01a10
Microsoft.iOS	269	0x0600010e	Foundation.NSDateComponents	get_ClassHandle	0x2050	NoInlining	Public, Final, Virtual, HideBySig, SpecialName	0x1007e11cc	0x9498823b	0x102e01ab8	0x102e01ab8	mapped	0x102e01ab8
Microsoft.iOS	270	0x0600010f	Foundation.NSDateComponents	.ctor	0x2050	NoInlining	Public, HideBySig, SpecialName, RTSpecialName	0x1007e11d0	0x9498824b	0x102e01afc	0x102e01afc	mapped	0x102e01afc
Microsoft.iOS	271	0x06000110	Foundation.NSDateComponents	.ctor	0x2050	NoInlining	FamORAssem, HideBySig, SpecialName, RTSpecialName	0x1007e11d4	0x94988272	0x102e01b9c	0x102e01b9c	mapped	0x102e01b9c
Microsoft.iOS	272	0x06000111	Foundation.NSDateComponents	get_Day	0x2050	NoInlining	Public, HideBySig, SpecialName	0x1007e11d8	0x9498828c	0x102e01c08	0x102e01c08	mapped	0x102e01c08
Microsoft.iOS	273	0x06000112	Foundation.NSDateComponents	set_Day	0x2050	NoInlining	Public, HideBySig, SpecialName	0x1007e11dc	0x949882a1	0x102e01c60	0x102e01c60	mapped	0x102e01c60
Microsoft.iOS	274	0x06000113	Foundation.NSDateComponents	get_Era	0x2050	NoInlining	Public, HideBySig, SpecialName	0x1007e11e0	0x949882b8	0x102e01cc0	0x102e01cc0	mapped	0x102e01cc0
Microsoft.iOS	275	0x06000114	Foundation.NSDateComponents	get_Hour	0x2050	NoInlining	Public, HideBySig, SpecialName	0x1007e11e4	0x949882cd	0x102e01d18	0x102e01d18	mapped	0x102e01d18
Microsoft.iOS	276	0x06000115	Foundation.NSDateComponents	set_Hour	0x2050	NoInlining	Public, HideBySig, SpecialName	0x1007e11e8	0x949882e2	0x102e01d70	0x102e01d70	mapped	0x102e01d70
Microsoft.iOS	277	0x06000116	Foundation.NSDateComponents	get_Minute	0x2050	NoInlining	Public, HideBySig, SpecialName	0x1007e11ec	0x949882f9	0x102e01dd0	0x102e01dd0	mapped	0x102e01dd0
Microsoft.iOS	278	0x06000117	Foundation.NSDateComponents	set_Minute	0x2050	NoInlining	Public, HideBySig, SpecialName	0x1007e11f0	0x9498830e	0x102e01e28	0x102e01e28	mapped	0x102e01e28
Microsoft.iOS	279	0x06000118	Foundation.NSDateComponents	get_Month	0x2050	NoInlining	Public, HideBySig, SpecialName	0x1007e11f4	0x94988325	0x102e01e88	0x102e01e88	mapped	0x102e01e88
Microsoft.iOS	280	0x06000119	Foundation.NSDateComponents	set_Month	0x2050	NoInlining	Public, HideBySig, SpecialName	0x1007e11f8	0x9498833a	0x102e01ee0	0x102e01ee0	mapped	0x102e01ee0
Microsoft.iOS	281	0x0600011a	Foundation.NSDateComponents	get_Nanosecond	0x2050	NoInlining	Public, HideBySig, SpecialName	0x1007e11fc	0x94988351	0x102e01f40	0x102e01f40	mapped	0x102e01f40
Microsoft.iOS	282	0x0600011b	Foundation.NSDateComponents	set_Nanosecond	0x2050	NoInlining	Public, HideBySig, SpecialName	0x1007e1200	0x94988366	0x102e01f98	0x102e01f98	mapped	0x102e01f98
Microsoft.iOS	283	0x0600011c	Foundation.NSDateComponents	get_Second	0x2050	NoInlining	Public, HideBySig, SpecialName	0x1007e1204	0x9498837d	0x102e01ff8	0x102e01ff8	mapped	0x102e01ff8
Microsoft.iOS	284	0x0600011d	Foundation.NSDateComponents	set_Second	0x2050	NoInlining	Public, HideBySig, SpecialName	0x1007e1208	0x94988392	0x102e02050	0x102e02050	mapped	0x102e02050
Microsoft.iOS	285	0x0600011e	Foundation.NSDateComponents	get_Year	0x2050	NoInlining	Public, HideBySig, SpecialName	0x1007e120c	0x949883a9	0x102e020b0	0x102e020b0	mapped	0x102e020b0
Microsoft.iOS	286	0x0600011f	Foundation.NSDateComponents	set_Year	0x2050	NoInlining	Public, HideBySig, SpecialName	0x1007e1210	0x949883be	0x102e02108	0x102e02108	mapped	0x102e02108
Microsoft.iOS	287	0x06000120	Foundation.NSDateComponents	.cctor	0x2050	NoInlining	Private, Static, HideBySig, SpecialName, RTSpecialName	0x1007e1214	0x949883d5	0x102e02168	0x102e02168	mapped	0x102e02168
Microsoft.iOS	288	0x06000121	Foundation.NSDictionary	FromObjectsAndKeys	0x2050	NoInlining	Public, Static, HideBySig	0x1007e1218	0x97ff7d3a	0x1007c0700	0x1007c0700	mapped	0x1007c0700
Microsoft.iOS	289	0x06000122	Foundation.NSDictionary	ContainsKeyValuePair	0x2050	NoInlining	Assembly, HideBySig	0x1007e121c	0x949883f1	0x102e021e0	0x102e021e0	mapped	0x102e021e0
Microsoft.iOS	290	0x06000123	Foundation.NSDictionary	System.Collections.ICollection.CopyTo	0x2050	NoInlining	Private, Final, Virtual, HideBySig, VtableLayoutMask	0x1007e1220	0x94988444	0x102e02330	0x102e02330	mapped	0x102e02330
Microsoft.iOS	291	0x06000124	Foundation.NSDictionary	System.Collections.ICollection.get_Count	0x2050	NoInlining	Private, Final, Virtual, HideBySig, VtableLayoutMask, SpecialName	0x1007e1224	0x949884db	0x102e02590	0x102e02590	mapped	0x102e02590
Microsoft.iOS	292	0x06000125	Foundation.NSDictionary	System.Collections.ICollection.get_IsSynchronized	0x2050	NoInlining	Private, Final, Virtual, HideBySig, VtableLayoutMask, SpecialName	0x1007e1228	0x949884f0	0x102e025e8	0x102e025e8	mapped	0x102e025e8
Microsoft.iOS	293	0x06000126	Foundation.NSDictionary	System.Collections.ICollection.get_SyncRoot	0x2050	NoInlining	Private, Final, Virtual, HideBySig, VtableLayoutMask, SpecialName	0x1007e122c	0x949884f1	0x102e025f0	0x102e025f0	mapped	0x102e025f0
Microsoft.iOS	294	0x06000127	Foundation.NSDictionary	System.Collections.Generic.ICollection<System.Collections.Generic.KeyValuePair<Foundation.NSObject,Foundation.NSObject>>.Add	0x2050	NoInlining	Private, Final, Virtual, HideBySig, VtableLayoutMask	0x1007e1230	0x949884f1	0x102e025f4	0x102e025f4	mapped	0x102e025f4
Microsoft.iOS	295	0x06000128	Foundation.NSDictionary	System.Collections.Generic.ICollection<System.Collections.Generic.KeyValuePair<Foundation.NSObject,Foundation.NSObject>>.Clear	0x2050	NoInlining	Private, Final, Virtual, HideBySig, VtableLayoutMask	0x1007e1234	0x949884fb	0x102e02620	0x102e02620	mapped	0x102e02620
Microsoft.iOS	296	0x06000129	Foundation.NSDictionary	System.Collections.Generic.ICollection<System.Collections.Generic.KeyValuePair<Foundation.NSObject,Foundation.NSObject>>.Contains	0x2050	NoInlining	Private, Final, Virtual, HideBySig, VtableLayoutMask	0x1007e1238	0x94988505	0x102e0264c	0x102e0264c	mapped	0x102e0264c
Microsoft.iOS	297	0x0600012a	Foundation.NSDictionary	System.Collections.Generic.ICollection<System.Collections.Generic.KeyValuePair<Foundation.NSObject,Foundation.NSObject>>.CopyTo	0x2050	NoInlining	Private, Final, Virtual, HideBySig, VtableLayoutMask	0x1007e123c	0x94988518	0x102e0269c	0x102e0269c	mapped	0x102e0269c
Microsoft.iOS	298	0x0600012b	Foundation.NSDictionary	System.Collections.Generic.ICollection<System.Collections.Generic.KeyValuePair<Foundation.NSObject,Foundation.NSObject>>.Remove	0x2050	NoInlining	Private, Final, Virtual, HideBySig, VtableLayoutMask	0x1007e1240	0x949885a0	0x102e028c0	0x102e028c0	mapped	0x102e028c0
Microsoft.iOS	299	0x0600012c	Foundation.NSDictionary	System.Collections.Generic.ICollection<System.Collections.Generic.KeyValuePair<Foundation.NSObject,Foundation.NSObject>>.get_Count	0x2050	NoInlining	Private, Final, Virtual, HideBySig, VtableLayoutMask, SpecialName	0x1007e1244	0x949885aa	0x102e028ec	0x102e028ec	mapped	0x102e028ec
Microsoft.iOS	300	0x0600012d	Foundation.NSDictionary	System.Collections.Generic.ICollection<System.Collections.Generic.KeyValuePair<Foundation.NSObject,Foundation.NSObject>>.get_IsReadOnly	0x2050	NoInlining	Private, Final, Virtual, HideBySig, VtableLayoutMask, SpecialName	0x1007e1248	0x949885bf	0x102e02944	0x102e02944	mapped	0x102e02944
Microsoft.iOS	301	0x0600012e	Foundation.NSDictionary	System.Collections.IDictionary.Add	0x2050	NoInlining	Private, Final, Virtual, HideBySig, VtableLayoutMask	0x1007e124c	0x949885c0	0x102e0294c	0x102e0294c	mapped	0x102e0294c
Microsoft.iOS	302	0x0600012f	Foundation.NSDictionary	System.Collections.IDictionary.GetEnumerator	0x2050	NoInlining	Private, Final, Virtual, HideBySig, VtableLayoutMask	0x1007e1250	0x949885ca	0x102e02978	0x102e02978	mapped	0x102e02978
Microsoft.iOS	303	0x06000130	Foundation.NSDictionary	System.Collections.IDictionary.Remove	0x2050	NoInlining	Private, Final, Virtual, HideBySig, VtableLayoutMask	0x1007e1254	0x94988601	0x102e02a58	0x102e02a58	mapped	0x102e02a58
Microsoft.iOS	304	0x06000131	Foundation.NSDictionary	System.Collections.IDictionary.get_IsReadOnly	0x2050	NoInlining	Private, Final, Virtual, HideBySig, VtableLayoutMask, SpecialName	0x1007e1258	0x9498860b	0x102e02a84	0x102e02a84	mapped	0x102e02a84
Microsoft.iOS	305	0x06000132	Foundation.NSDictionary	System.Collections.IDictionary.get_Item	0x2050	NoInlining	Private, Final, Virtual, HideBySig, VtableLayoutMask, SpecialName	0x1007e125c	0x9498860c	0x102e02a8c	0x102e02a8c	mapped	0x102e02a8c
Microsoft.iOS	306	0x06000133	Foundation.NSDictionary	System.Collections.IDictionary.set_Item	0x2050	NoInlining	Private, Final, Virtual, HideBySig, VtableLayoutMask, SpecialName	0x1007e1260	0x94988638	0x102e02b40	0x102e02b40	mapped	0x102e02b40
Microsoft.iOS	307	0x06000134	Foundation.NSDictionary	System.Collections.Generic.IDictionary<Foundation.NSObject,Foundation.NSObject>.Add	0x2050	NoInlining	Private, Final, Virtual, HideBySig, VtableLayoutMask	0x1007e1264	0x94988642	0x102e02b6c	0x102e02b6c	mapped	0x102e02b6c
Microsoft.iOS	308	0x06000135	Foundation.NSDictionary	ContainsKey	0x2050	NoInlining	Public, Final, Virtual, HideBySig, VtableLayoutMask	0x1007e1268	0x9498864c	0x102e02b98	0x102e02b98	mapped	0x102e02b98
Microsoft.iOS	309	0x06000136	Foundation.NSDictionary	System.Collections.Generic.IDictionary<Foundation.NSObject,Foundation.NSObject>.Remove	0x2050	NoInlining	Private, Final, Virtual, HideBySig, VtableLayoutMask	0x1007e126c	0x94988663	0x102e02bf8	0x102e02bf8	mapped	0x102e02bf8
Microsoft.iOS	310	0x06000137	Foundation.NSDictionary	TryGetValue	0x2050	NoInlining	Public, Final, Virtual, HideBySig, VtableLayoutMask	0x1007e1270	0x9498866d	0x102e02c24	0x102e02c24	mapped	0x102e02c24
Microsoft.iOS	311	0x06000138	Foundation.NSDictionary	get_Item	0x2050	NoInlining	Public, Virtual, HideBySig, VtableLayoutMask, SpecialName	0x1007e1274	0x949886a6	0x102e02d0c	0x102e02d0c	mapped	0x102e02d0c
Microsoft.iOS	312	0x06000139	Foundation.NSDictionary	set_Item	0x2050	NoInlining	Public, Virtual, HideBySig, VtableLayoutMask, SpecialName	0x1007e1278	0x949886bb	0x102e02d64	0x102e02d64	mapped	0x102e02d64
Microsoft.iOS	313	0x0600013a	Foundation.NSDictionary	get_Item	0x2050	NoInlining	Public, Virtual, HideBySig, VtableLayoutMask, SpecialName	0x1007e127c	0x949886c5	0x102e02d90	0x102e02d90	mapped	0x102e02d90
Microsoft.iOS	314	0x0600013b	Foundation.NSDictionary	set_Item	0x2050	NoInlining	Public, Virtual, HideBySig, VtableLayoutMask, SpecialName	0x1007e1280	0x949886da	0x102e02de8	0x102e02de8	mapped	0x102e02de8
Microsoft.iOS	315	0x0600013c	Foundation.NSDictionary	get_Item	0x2050	NoInlining	Public, Virtual, HideBySig, VtableLayoutMask, SpecialName	0x1007e1284	0x949886e4	0x102e02e14	0x102e02e14	mapped	0x102e02e14
Microsoft.iOS	316	0x0600013d	Foundation.NSDictionary	System.Collections.Generic.IDictionary<Foundation.NSObject,Foundation.NSObject>.get_Keys	0x2050	NoInlining	Private, Final, Virtual, HideBySig, VtableLayoutMask, SpecialName	0x1007e1288	0x94988712	0x102e02ed0	0x102e02ed0	mapped	0x102e02ed0
Microsoft.iOS	317	0x0600013e	Foundation.NSDictionary	System.Collections.Generic.IDictionary<Foundation.NSObject,Foundation.NSObject>.get_Values	0x2050	NoInlining	Private, Final, Virtual, HideBySig, VtableLayoutMask, SpecialName	0x1007e128c	0x94988725	0x102e02f20	0x102e02f20	mapped	0x102e02f20
Microsoft.iOS	318	0x0600013f	Foundation.NSDictionary	System.Collections.IEnumerable.GetEnumerator	0x2050	NoInlining	Private, Final, Virtual, HideBySig, VtableLayoutMask	0x1007e1290	0x94988738	0x102e02f70	0x102e02f70	mapped	0x102e02f70
Microsoft.iOS	319	0x06000140	Foundation.NSDictionary	GetEnumerator	0x2050	NoInlining	Public, Final, Virtual, HideBySig, VtableLayoutMask	0x1007e1294	0x9498875b	0x102e03000	0x102e03000	mapped	0x102e03000
Microsoft.iOS	320	0x06000141	Foundation.NSDictionary	LowlevelObjectForKey	0x2050	NoInlining	Public, HideBySig	0x1007e1298	0x9498877e	0x102e03090	0x102e03090	mapped	0x102e03090
Microsoft.iOS	321	0x06000142	Foundation.NSDictionary	get_ClassHandle	0x2050	NoInlining	Public, Virtual, HideBySig, SpecialName	0x1007e129c	0x94988795	0x102e030f0	0x102e030f0	mapped	0x102e030f0
Microsoft.iOS	322	0x06000143	Foundation.NSDictionary	.ctor	0x2050	NoInlining	Public, HideBySig, SpecialName, RTSpecialName	0x1007e12a0	0x949887a5	0x102e03134	0x102e03134	mapped	0x102e03134
Microsoft.iOS	323	0x06000144	Foundation.NSDictionary	.ctor	0x2050	NoInlining	Family, HideBySig, SpecialName, RTSpecialName	0x1007e12a4	0x949887cc	0x102e031d4	0x102e031d4	mapped	0x102e031d4
Microsoft.iOS	324	0x06000145	Foundation.NSDictionary	.ctor	0x2050	NoInlining	FamORAssem, HideBySig, SpecialName, RTSpecialName	0x1007e12a8	0x949887e4	0x102e03238	0x102e03238	mapped	0x102e03238
Microsoft.iOS	325	0x06000146	Foundation.NSDictionary	FromFile	0x2050	NoInlining	Public, Static, HideBySig	0x1007e12ac	0x949887fe	0x102e032a4	0x102e032a4	mapped	0x102e032a4
Microsoft.iOS	326	0x06000147	Foundation.NSDictionary	FromObjectsAndKeysInternal	0x2050	NoInlining	Assembly, Static, HideBySig	0x1007e12b0	0x9498882d	0x102e03364	0x102e03364	mapped	0x102e03364
Microsoft.iOS	327	0x06000148	Foundation.NSDictionary	ObjectForKey	0x2050	NoInlining	Public, Final, Virtual, HideBySig, VtableLayoutMask	0x1007e12b4	0x94988854	0x102e03404	0x102e03404	mapped	0x102e03404
Microsoft.iOS	328	0x06000149	Foundation.NSDictionary	_ObjectForKey	0x2050	NoInlining	Assembly, HideBySig	0x1007e12b8	0x9498887b	0x102e034a4	0x102e034a4	mapped	0x102e034a4
Microsoft.iOS	329	0x0600014a	Foundation.NSDictionary	get_Count	0x2050	NoInlining	Public, Final, Virtual, HideBySig, VtableLayoutMask, SpecialName	0x1007e12bc	0x94988892	0x102e03504	0x102e03504	mapped	0x102e03504
Microsoft.iOS	330	0x0600014b	Foundation.NSDictionary	get_Keys	0x2050	NoInlining	Public, Final, Virtual, HideBySig, VtableLayoutMask, SpecialName	0x1007e12c0	0x949888a7	0x102e0355c	0x102e0355c	mapped	0x102e0355c
Microsoft.iOS	331	0x0600014c	Foundation.NSDictionary	get_Values	0x2050	NoInlining	Public, Final, Virtual, HideBySig, VtableLayoutMask, SpecialName	0x1007e12c4	0x949888f0	0x102e03684	0x102e03684	mapped	0x102e03684
Microsoft.iOS	332	0x0600014d	Foundation.NSDictionary	.cctor	0x2050	NoInlining	Private, Static, HideBySig, SpecialName, RTSpecialName	0x1007e12c8	0x94988939	0x102e037ac	0x102e037ac	mapped	0x102e037ac
Microsoft.iOS	333	0x0600014e	Foundation.NSDictionary+<GetEnumerator>d__64	.ctor	0x2050	NoInlining	Public, HideBySig, SpecialName, RTSpecialName	0x1007e12cc	0x94988952	0x102e03814	0x102e03814	mapped	0x102e03814
Microsoft.iOS	334	0x0600014f	Foundation.NSDictionary+<GetEnumerator>d__64	System.IDisposable.Dispose	0x2050	NoInlining	Private, Final, Virtual, HideBySig, VtableLayoutMask	0x1007e12d0	0x9498895a	0x102e03838	0x102e03838	mapped	0x102e03838
Microsoft.iOS	335	0x06000150	Foundation.NSDictionary+<GetEnumerator>d__64	MoveNext	0x2050	NoInlining	Private, Final, Virtual, HideBySig, VtableLayoutMask	0x1007e12d4	0x9498895a	0x102e0383c	0x102e0383c	mapped	0x102e0383c
Microsoft.iOS	336	0x06000151	Foundation.NSDictionary+<GetEnumerator>d__64	System.Collections.Generic.IEnumerator<System.Collections.Generic.KeyValuePair<Foundation.NSObject,Foundation.NSObject>>.get_Current	0x2050	NoInlining	Private, Final, Virtual, HideBySig, VtableLayoutMask, SpecialName	0x1007e12d8	0x949889c0	0x102e039d8	0x102e039d8	mapped	0x102e039d8
Microsoft.iOS	337	0x06000152	Foundation.NSDictionary+<GetEnumerator>d__64	System.Collections.IEnumerator.Reset	0x2050	NoInlining	Private, Final, Virtual, HideBySig, VtableLayoutMask	0x1007e12dc	0x949889ca	0x102e03a04	0x102e03a04	mapped	0x102e03a04
Microsoft.iOS	338	0x06000153	Foundation.NSDictionary+<GetEnumerator>d__64	System.Collections.IEnumerator.get_Current	0x2050	NoInlining	Private, Final, Virtual, HideBySig, VtableLayoutMask, SpecialName	0x1007e12e0	0x949889d4	0x102e03a30	0x102e03a30	mapped	0x102e03a30
Microsoft.iOS	339	0x06000154	Foundation.NSError	ToString	0x2050	NoInlining	Public, Final, Virtual, HideBySig	0x1007e12e4	0x94988a01	0x102e03ae8	0x102e03ae8	mapped	0x102e03ae8
Microsoft.iOS	340	0x06000155	Foundation.NSError	get_ClassHandle	0x2050	NoInlining	Public, Final, Virtual, HideBySig, SpecialName	0x1007e12e8	0x94988a20	0x102e03b68	0x102e03b68	mapped	0x102e03b68
Microsoft.iOS	341	0x06000156	Foundation.NSError	.ctor	0x2050	NoInlining	FamORAssem, HideBySig, SpecialName, RTSpecialName	0x1007e12ec	0x94988a30	0x102e03bac	0x102e03bac	mapped	0x102e03bac
Microsoft.iOS	342	0x06000157	Foundation.NSError	.ctor	0x2050	NoInlining	Public, HideBySig, SpecialName, RTSpecialName	0x1007e12f0	0x94988a4a	0x102e03c18	0x102e03c18	mapped	0x102e03c18
Microsoft.iOS	343	0x06000158	Foundation.NSError	get_Code	0x2050	NoInlining	Public, Final, Virtual, HideBySig, VtableLayoutMask, SpecialName	0x1007e12f4	0x94988a8d	0x102e03d28	0x102e03d28	mapped	0x102e03d28
Microsoft.iOS	344	0x06000159	Foundation.NSError	get_Domain	0x2050	NoInlining	Public, Final, Virtual, HideBySig, VtableLayoutMask, SpecialName	0x1007e12f8	0x94988aab	0x102e03da4	0x102e03da4	mapped	0x102e03da4
Microsoft.iOS	345	0x0600015a	Foundation.NSError	get_LocalizedDescription	0x2050	NoInlining	Public, Final, Virtual, HideBySig, VtableLayoutMask, SpecialName	0x1007e12fc	0x94988aca	0x102e03e24	0x102e03e24	mapped	0x102e03e24
Microsoft.iOS	346	0x0600015b	Foundation.NSError	get_CFNetworkErrorDomain	0x2050	NoInlining	Public, Static, HideBySig, SpecialName	0x1007e1300	0x94988ae9	0x102e03ea4	0x102e03ea4	mapped	0x102e03ea4
Microsoft.iOS	347	0x0600015c	Foundation.NSError	get_LocalizedDescriptionKey	0x2050	NoInlining	Public, Static, HideBySig, SpecialName	0x1007e1304	0x94988b09	0x102e03f28	0x102e03f28	mapped	0x102e03f28
Microsoft.iOS	348	0x0600015d	Foundation.NSError	get_LocalizedFailureReasonErrorKey	0x2050	NoInlining	Public, Static, HideBySig, SpecialName	0x1007e1308	0x94988b29	0x102e03fac	0x102e03fac	mapped	0x102e03fac
Microsoft.iOS	349	0x0600015e	Foundation.NSError	get_NSUrlErrorDomain	0x2050	NoInlining	Public, Static, HideBySig, SpecialName	0x1007e130c	0x94988b49	0x102e04030	0x102e04030	mapped	0x102e04030
Microsoft.iOS	350	0x0600015f	Foundation.NSError	.cctor	0x2050	NoInlining	Private, Static, HideBySig, SpecialName, RTSpecialName	0x1007e1310	0x94988b69	0x102e040b4	0x102e040b4	mapped	0x102e040b4
Microsoft.iOS	351	0x06000160	Foundation.NSErrorException	.ctor	0x2050	NoInlining	Public, HideBySig, SpecialName, RTSpecialName	0x1007e1314	0x94988b82	0x102e0411c	0x102e0411c	mapped	0x102e0411c
Microsoft.iOS	352	0x06000161	Foundation.NSErrorException	get_Message	0x2050	NoInlining	Public, Final, Virtual, HideBySig, SpecialName	0x1007e1318	0x94988ba9	0x102e041bc	0x102e041bc	mapped	0x102e041bc
Microsoft.iOS	353	0x06000162	Foundation.NSExceptionError	.ctor	0x2050	NoInlining	Public, HideBySig, SpecialName, RTSpecialName	0x1007e131c	0x94988bcd	0x102e04250	0x102e04250	mapped	0x102e04250
Microsoft.iOS	354	0x06000163	Foundation.NSExceptionError	GetDictionary	0x2050	NoInlining	Private, Static, HideBySig	0x1007e1320	0x94988c04	0x102e04330	0x102e04330	mapped	0x102e04330
Microsoft.iOS	355	0x06000164	Foundation.NSFastEnumerator	objc_msgSend	0x0	136	Public, Static, HideBySig, PinvokeImpl	0x1007e1324	0x97fffe9d	0x1007e0d98		absent	0x1007e0d98
Microsoft.iOS	356	0x06000165	Foundation.NSFastEnumerator`1	.ctor	0x2050	NoInlining	Public, HideBySig, SpecialName, RTSpecialName	0x1007e1328	0x94988c3f	0x102e04424	0x102e04424	mapped	0x102e04424
Microsoft.iOS	357	0x06000166	Foundation.NSFastEnumerator`1	Fetch	0x2050	NoInlining	Private, HideBySig	0x1007e132c	0x94988c61	0x102e044b0	0x102e044b0	mapped	0x102e044b0
Microsoft.iOS	358	0x06000167	Foundation.NSFastEnumerator`1	VerifyNonMutated	0x2050	NoInlining	Private, HideBySig	0x1007e1330	0x94988c95	0x102e04584	0x102e04584	mapped	0x102e04584
Microsoft.iOS	359	0x06000168	Foundation.NSFastEnumerator`1	System.Collections.IEnumerator.MoveNext	0x2050	NoInlining	Private, Final, Virtual, HideBySig, VtableLayoutMask	0x1007e1334	0x94988cc0	0x102e04634	0x102e04634	mapped	0x102e04634
Microsoft.iOS	360	0x06000169	Foundation.NSFastEnumerator`1	System.Collections.IEnumerator.Reset	0x2050	NoInlining	Private, Final, Virtual, HideBySig, VtableLayoutMask	0x1007e1338	0x94988cfe	0x102e04730	0x102e04730	mapped	0x102e04730
Microsoft.iOS	361	0x0600016a	Foundation.NSFastEnumerator`1	System.Collections.IEnumerator.get_Current	0x2050	NoInlining	Private, Final, Virtual, HideBySig, VtableLayoutMask, SpecialName	0x1007e133c	0x94988d17	0x102e04798	0x102e04798	mapped	0x102e04798
Microsoft.iOS	362	0x0600016b	Foundation.NSFastEnumerator`1	System.IDisposable.Dispose	0x2050	NoInlining	Private, Final, Virtual, HideBySig, VtableLayoutMask	0x1007e1340	0x94988d41	0x102e04844	0x102e04844	mapped	0x102e04844
Microsoft.iOS	363	0x0600016c	Foundation.NSFastEnumerator`1	get_Current	0x2050	NoInlining	Public, Final, Virtual, HideBySig, VtableLayoutMask, SpecialName	0x1007e1344	0x94988d58	0x102e048a4	0x102e048a4	mapped	0x102e048a4
Microsoft.iOS	364	0x0600016d	Foundation.NSFileAttributes	fetch_uint	0x2050	NoInlining	Assembly, Static, HideBySig	0x1007e1348	0x94988d92	0x102e04990	0x102e04990	mapped	0x102e04990
Microsoft.iOS	365	0x0600016e	Foundation.NSFileAttributes	fetch_ulong	0x2050	NoInlining	Assembly, Static, HideBySig	0x1007e134c	0x94988dc0	0x102e04a4c	0x102e04a4c	mapped	0x102e04a4c
Microsoft.iOS	366	0x0600016f	Foundation.NSFileAttributes	fetch_long	0x2050	NoInlining	Assembly, Static, HideBySig	0x1007e1350	0x94988df6	0x102e04b28	0x102e04b28	mapped	0x102e04b28
Microsoft.iOS	367	0x06000170	Foundation.NSFileSystemAttributes	.ctor	0x2050	NoInlining	Assembly, HideBySig, SpecialName, RTSpecialName	0x1007e1354	0x94988e2c	0x102e04c04	0x102e04c04	mapped	0x102e04c04
Microsoft.iOS	368	0x06000171	Foundation.NSFileSystemAttributes	set_Size	0x2050	NoInlining	Assembly, HideBySig, SpecialName	0x1007e1358	0x94988e3b	0x102e04c44	0x102e04c44	mapped	0x102e04c44
Microsoft.iOS	369	0x06000172	Foundation.NSFileSystemAttributes	get_FreeSize	0x2050	NoInlining	Public, HideBySig, SpecialName	0x1007e135c	0x94988e43	0x102e04c68	0x102e04c68	mapped	0x102e04c68
Microsoft.iOS	370	0x06000173	Foundation.NSFileSystemAttributes	set_FreeSize	0x2050	NoInlining	Assembly, HideBySig, SpecialName	0x1007e1360	0x94988e4b	0x102e04c8c	0x102e04c8c	mapped	0x102e04c8c
Microsoft.iOS	371	0x06000174	Foundation.NSFileSystemAttributes	set_Nodes	0x2050	NoInlining	Assembly, HideBySig, SpecialName	0x1007e1364	0x94988e53	0x102e04cb0	0x102e04cb0	mapped	0x102e04cb0
Microsoft.iOS	372	0x06000175	Foundation.NSFileSystemAttributes	set_FreeNodes	0x2050	NoInlining	Assembly, HideBySig, SpecialName	0x1007e1368	0x94988e5b	0x102e04cd4	0x102e04cd4	mapped	0x102e04cd4
Microsoft.iOS	373	0x06000176	Foundation.NSFileSystemAttributes	set_Number	0x2050	NoInlining	Assembly, HideBySig, SpecialName	0x1007e136c	0x94988e63	0x102e04cf8	0x102e04cf8	mapped	0x102e04cf8
Microsoft.iOS	374	0x06000177	Foundation.NSFileSystemAttributes	FromDictionary	0x2050	NoInlining	Assembly, Static, HideBySig	0x1007e1370	0x94988e6b	0x102e04d1c	0x102e04d1c	mapped	0x102e04d1c
Microsoft.iOS	375	0x06000178	Foundation.NSFileSystemAttributes	op_Implicit	0x2050	NoInlining	Public, Static, HideBySig, SpecialName	0x1007e1374	0x94988eac	0x102e04e24	0x102e04e24	mapped	0x102e04e24
Microsoft.iOS	376	0x06000179	Foundation.NSFileManager	GetFileSystemAttributes	0x2050	NoInlining	Public, HideBySig	0x1007e1378	0x94988eb4	0x102e04e48	0x102e04e48	mapped	0x102e04e48
Microsoft.iOS	377	0x0600017a	Foundation.NSFileManager	get_ClassHandle	0x2050	NoInlining	Public, Final, Virtual, HideBySig, SpecialName	0x1007e137c	0x94988ece	0x102e04eb4	0x102e04eb4	mapped	0x102e04eb4
Microsoft.iOS	378	0x0600017b	Foundation.NSFileManager	.ctor	0x2050	NoInlining	FamORAssem, HideBySig, SpecialName, RTSpecialName	0x1007e1380	0x94988ede	0x102e04ef8	0x102e04ef8	mapped	0x102e04ef8
Microsoft.iOS	379	0x0600017c	Foundation.NSFileManager	_GetFileSystemAttributes	0x2050	NoInlining	Assembly, HideBySig, CheckAccessOnOverride	0x1007e1384	0x94988ef8	0x102e04f64	0x102e04f64	mapped	0x102e04f64
Microsoft.iOS	380	0x0600017d	Foundation.NSFileManager	get_DefaultManager	0x2050	NoInlining	Public, Static, HideBySig, SpecialName	0x1007e1388	0x94988f43	0x102e05094	0x102e05094	mapped	0x102e05094
Microsoft.iOS	381	0x0600017e	Foundation.NSFileManager	get_SystemFreeNodes	0x2050	NoInlining	Public, Static, HideBySig, SpecialName	0x1007e138c	0x94988f5f	0x102e05108	0x102e05108	mapped	0x102e05108
Microsoft.iOS	382	0x0600017f	Foundation.NSFileManager	get_SystemFreeSize	0x2050	NoInlining	Public, Static, HideBySig, SpecialName	0x1007e1390	0x94988f7f	0x102e0518c	0x102e0518c	mapped	0x102e0518c
Microsoft.iOS	383	0x06000180	Foundation.NSFileManager	get_SystemNodes	0x2050	NoInlining	Public, Static, HideBySig, SpecialName	0x1007e1394	0x94988f9f	0x102e05210	0x102e05210	mapped	0x102e05210
Microsoft.iOS	384	0x06000181	Foundation.NSFileManager	get_SystemSize	0x2050	NoInlining	Public, Static, HideBySig, SpecialName	0x1007e1398	0x94988fbf	0x102e05294	0x102e05294	mapped	0x102e05294
Microsoft.iOS	385	0x06000182	Foundation.NSFileManager	Dispose	0x2050	NoInlining	Family, Final, Virtual, HideBySig	0x1007e139c	0x94988fdf	0x102e05318	0x102e05318	mapped	0x102e05318
Microsoft.iOS	386	0x06000183	Foundation.NSFileManager	.cctor	0x2050	NoInlining	Private, Static, HideBySig, SpecialName, RTSpecialName	0x1007e13a0	0x94988ff4	0x102e05370	0x102e05370	mapped	0x102e05370
Microsoft.iOS	387	0x06000184	Foundation.NSHttpCookie	get_ClassHandle	0x2050	NoInlining	Public, Final, Virtual, HideBySig, SpecialName	0x1007e13a4	0x9498900d	0x102e053d8	0x102e053d8	mapped	0x102e053d8
Microsoft.iOS	388	0x06000185	Foundation.NSHttpCookie	.ctor	0x2050	NoInlining	FamORAssem, HideBySig, SpecialName, RTSpecialName	0x1007e13a8	0x9498901d	0x102e0541c	0x102e0541c	mapped	0x102e0541c
Microsoft.iOS	389	0x06000186	Foundation.NSHttpCookie	get_Comment	0x2050	NoInlining	Public, HideBySig, SpecialName	0x1007e13ac	0x94989037	0x102e05488	0x102e05488	mapped	0x102e05488
Microsoft.iOS	390	0x06000187	Foundation.NSHttpCookie	get_CommentUrl	0x2050	NoInlining	Public, HideBySig, SpecialName	0x1007e13b0	0x9498904d	0x102e054e4	0x102e054e4	mapped	0x102e054e4
Microsoft.iOS	391	0x06000188	Foundation.NSHttpCookie	get_Domain	0x2050	NoInlining	Public, HideBySig, SpecialName	0x1007e13b4	0x94989070	0x102e05574	0x102e05574	mapped	0x102e05574
Microsoft.iOS	392	0x06000189	Foundation.NSHttpCookie	get_ExpiresDate	0x2050	NoInlining	Public, HideBySig, SpecialName	0x1007e13b8	0x94989086	0x102e055d0	0x102e055d0	mapped	0x102e055d0
Microsoft.iOS	393	0x0600018a	Foundation.NSHttpCookie	get_IsHttpOnly	0x2050	NoInlining	Public, HideBySig, SpecialName	0x1007e13bc	0x949890a9	0x102e05660	0x102e05660	mapped	0x102e05660
Microsoft.iOS	394	0x0600018b	Foundation.NSHttpCookie	get_IsSecure	0x2050	NoInlining	Public, HideBySig, SpecialName	0x1007e13c0	0x949890c0	0x102e056c0	0x102e056c0	mapped	0x102e056c0
Microsoft.iOS	395	0x0600018c	Foundation.NSHttpCookie	get_Name	0x2050	NoInlining	Public, HideBySig, SpecialName	0x1007e13c4	0x949890d7	0x102e05720	0x102e05720	mapped	0x102e05720
Microsoft.iOS	396	0x0600018d	Foundation.NSHttpCookie	get_Path	0x2050	NoInlining	Public, HideBySig, SpecialName	0x1007e13c8	0x949890ed	0x102e0577c	0x102e0577c	mapped	0x102e0577c
Microsoft.iOS	397	0x0600018e	Foundation.NSHttpCookie	get_Properties	0x2050	NoInlining	Public, HideBySig, SpecialName	0x1007e13cc	0x94989103	0x102e057d8	0x102e057d8	mapped	0x102e057d8
Microsoft.iOS	398	0x0600018f	Foundation.NSHttpCookie	get_Value	0x2050	NoInlining	Public, HideBySig, SpecialName	0x1007e13d0	0x94989126	0x102e05868	0x102e05868	mapped	0x102e05868
Microsoft.iOS	399	0x06000190	Foundation.NSHttpCookie	get_Version	0x2050	NoInlining	Public, HideBySig, SpecialName	0x1007e13d4	0x9498913c	0x102e058c4	0x102e058c4	mapped	0x102e058c4
Microsoft.iOS	400	0x06000191	Foundation.NSHttpCookie	get_KeyComment	0x2050	NoInlining	Public, Static, HideBySig, SpecialName	0x1007e13d8	0x94989151	0x102e0591c	0x102e0591c	mapped	0x102e0591c
Microsoft.iOS	401	0x06000192	Foundation.NSHttpCookie	get_KeyCommentUrl	0x2050	NoInlining	Public, Static, HideBySig, SpecialName	0x1007e13dc	0x94989171	0x102e059a0	0x102e059a0	mapped	0x102e059a0
Microsoft.iOS	402	0x06000193	Foundation.NSHttpCookie	get_KeyDiscard	0x2050	NoInlining	Public, Static, HideBySig, SpecialName	0x1007e13e0	0x94989191	0x102e05a24	0x102e05a24	mapped	0x102e05a24
Microsoft.iOS	403	0x06000194	Foundation.NSHttpCookie	get_KeyDomain	0x2050	NoInlining	Public, Static, HideBySig, SpecialName	0x1007e13e4	0x949891b1	0x102e05aa8	0x102e05aa8	mapped	0x102e05aa8
Microsoft.iOS	404	0x06000195	Foundation.NSHttpCookie	get_KeyExpires	0x2050	NoInlining	Public, Static, HideBySig, SpecialName	0x1007e13e8	0x949891d1	0x102e05b2c	0x102e05b2c	mapped	0x102e05b2c
Microsoft.iOS	405	0x06000196	Foundation.NSHttpCookie	get_KeyMaximumAge	0x2050	NoInlining	Public, Static, HideBySig, SpecialName	0x1007e13ec	0x949891f1	0x102e05bb0	0x102e05bb0	mapped	0x102e05bb0
Microsoft.iOS	406	0x06000197	Foundation.NSHttpCookie	get_KeyPath	0x2050	NoInlining	Public, Static, HideBySig, SpecialName	0x1007e13f0	0x94989211	0x102e05c34	0x102e05c34	mapped	0x102e05c34
Microsoft.iOS	407	0x06000198	Foundation.NSHttpCookie	get_KeySecure	0x2050	NoInlining	Public, Static, HideBySig, SpecialName	0x1007e13f4	0x94989231	0x102e05cb8	0x102e05cb8	mapped	0x102e05cb8
Microsoft.iOS	408	0x06000199	Foundation.NSHttpCookie	get_KeyVersion	0x2050	NoInlining	Public, Static, HideBySig, SpecialName	0x1007e13f8	0x94989251	0x102e05d3c	0x102e05d3c	mapped	0x102e05d3c
Microsoft.iOS	409	0x0600019a	Foundation.NSHttpCookie	.cctor	0x2050	NoInlining	Private, Static, HideBySig, SpecialName, RTSpecialName	0x1007e13fc	0x94989271	0x102e05dc0	0x102e05dc0	mapped	0x102e05dc0
Microsoft.iOS	410	0x0600019b	Foundation.NSInputStream	objc_msgSend	0x0	136	Private, Static, HideBySig, PinvokeImpl	0x1007e1400	0x97fffe66	0x1007e0d98		absent	0x1007e0d98
Microsoft.iOS	411	0x0600019c	Foundation.NSInputStream	objc_msgSendSuper	0x0	136	Private, Static, HideBySig, PinvokeImpl	0x1007e1404	0x97fffe65	0x1007e0d98		absent	0x1007e0d98
Microsoft.iOS	412	0x0600019d	Foundation.NSInputStream	Read	0x2050	NoInlining	Public, Virtual, HideBySig, VtableLayoutMask	0x1007e1408	0x94989288	0x102e05e28	0x102e05e28	mapped	0x102e05e28
Microsoft.iOS	413	0x0600019e	Foundation.NSInputStream	Dispose	0x2050	NoInlining	Family, Virtual, HideBySig	0x1007e140c	0x949892b9	0x102e05ef0	0x102e05ef0	mapped	0x102e05ef0
Microsoft.iOS	414	0x0600019f	Foundation.NSInputStream	SetCFClientFlags	0x2050	NoInlining	Family, Virtual, HideBySig, VtableLayoutMask	0x1007e1410	0x949892d8	0x102e05f70	0x102e05f70	mapped	0x102e05f70
Microsoft.iOS	415	0x060001a0	Foundation.NSInputStream	GetBuffer	0x2050	NoInlining	Family, Virtual, HideBySig, VtableLayoutMask	0x1007e1414	0x94989307	0x102e06030	0x102e06030	mapped	0x102e06030
Microsoft.iOS	416	0x060001a1	Foundation.NSInputStream	Notify	0x2050	NoInlining	Public, HideBySig	0x1007e1418	0x94989315	0x102e0606c	0x102e0606c	mapped	0x102e0606c
Microsoft.iOS	417	0x060001a2	Foundation.NSInputStream	get_ClassHandle	0x2050	NoInlining	Public, Final, Virtual, HideBySig, SpecialName	0x1007e141c	0x9498932f	0x102e060d8	0x102e060d8	mapped	0x102e060d8
Microsoft.iOS	418	0x060001a3	Foundation.NSInputStream	.ctor	0x2050	NoInlining	Family, HideBySig, SpecialName, RTSpecialName	0x1007e1420	0x9498933f	0x102e0611c	0x102e0611c	mapped	0x102e0611c
Microsoft.iOS	419	0x060001a4	Foundation.NSInputStream	.ctor	0x2050	NoInlining	FamORAssem, HideBySig, SpecialName, RTSpecialName	0x1007e1424	0x9498936f	0x102e061e0	0x102e061e0	mapped	0x102e061e0
Microsoft.iOS	420	0x060001a5	Foundation.NSInputStream	GetProperty	0x2050	NoInlining	Family, Virtual, HideBySig	0x1007e1428	0x94989389	0x102e0624c	0x102e0624c	mapped	0x102e0624c
Microsoft.iOS	421	0x060001a6	Foundation.NSInputStream	HasBytesAvailable	0x2050	NoInlining	Public, Virtual, HideBySig, VtableLayoutMask	0x1007e142c	0x949893bb	0x102e06318	0x102e06318	mapped	0x102e06318
Microsoft.iOS	422	0x060001a7	Foundation.NSInputStream	SetProperty	0x2050	NoInlining	Family, Virtual, HideBySig	0x1007e1430	0x949893db	0x102e0639c	0x102e0639c	mapped	0x102e0639c
Microsoft.iOS	423	0x060001a8	Foundation.NSInputStream	.cctor	0x2050	NoInlining	Private, Static, HideBySig, SpecialName, RTSpecialName	0x1007e1434	0x94989416	0x102e0648c	0x102e0648c	mapped	0x102e0648c
Microsoft.iOS	424	0x060001a9	Foundation.NSLocale	get_Identifier	0x2050	NoInlining	Public, HideBySig, SpecialName	0x1007e1438	0x9498942f	0x102e064f4	0x102e064f4	mapped	0x102e064f4
Microsoft.iOS	425	0x060001aa	Foundation.NSLocale	get_ClassHandle	0x2050	NoInlining	Public, Final, Virtual, HideBySig, SpecialName	0x1007e143c	0x9498945c	0x102e065ac	0x102e065ac	mapped	0x102e065ac
Microsoft.iOS	426	0x060001ab	Foundation.NSLocale	.ctor	0x2050	NoInlining	FamORAssem, HideBySig, SpecialName, RTSpecialName	0x1007e1440	0x9498946c	0x102e065f0	0x102e065f0	mapped	0x102e065f0
Microsoft.iOS	427	0x060001ac	Foundation.NSLocale	ObjectForKey	0x2050	NoInlining	Assembly, HideBySig, CheckAccessOnOverride	0x1007e1444	0x94989486	0x102e0665c	0x102e0665c	mapped	0x102e0665c
Microsoft.iOS	428	0x060001ad	Foundation.NSLocale	get_CurrentLocale	0x2050	NoInlining	Public, Static, HideBySig, SpecialName	0x1007e1448	0x949894ad	0x102e066fc	0x102e066fc	mapped	0x102e066fc
Microsoft.iOS	429	0x060001ae	Foundation.NSLocale	get__Identifier	0x2050	NoInlining	Assembly, Static, HideBySig, SpecialName	0x1007e144c	0x949894c9	0x102e06770	0x102e06770	mapped	0x102e06770
Microsoft.iOS	430	0x060001af	Foundation.NSLocale	.cctor	0x2050	NoInlining	Private, Static, HideBySig, SpecialName, RTSpecialName	0x1007e1450	0x949894e9	0x102e067f4	0x102e067f4	mapped	0x102e067f4
Microsoft.iOS	431	0x060001b0	Foundation.NSMutableAttributedString	.ctor	0x2050	NoInlining	Public, HideBySig, SpecialName, RTSpecialName	0x1007e1454	0x94989502	0x102e0685c	0x102e0685c	mapped	0x102e0685c
Microsoft.iOS	432	0x060001b1	Foundation.NSMutableAttributedString	SetAttributes	0x2050	NoInlining	Public, HideBySig	0x1007e1458	0x94989523	0x102e068e4	0x102e068e4	mapped	0x102e068e4
Microsoft.iOS	433	0x060001b2	Foundation.NSMutableAttributedString	SetAttributes	0x2050	NoInlining	Public, HideBySig	0x1007e145c	0x9498954b	0x102e06988	0x102e06988	mapped	0x102e06988
Microsoft.iOS	434	0x060001b3	Foundation.NSMutableAttributedString	AddAttributes	0x2050	NoInlining	Public, HideBySig	0x1007e1460	0x94989563	0x102e069ec	0x102e069ec	mapped	0x102e069ec
Microsoft.iOS	435	0x060001b4	Foundation.NSMutableAttributedString	get_ClassHandle	0x2050	NoInlining	Public, Final, Virtual, HideBySig, SpecialName	0x1007e1464	0x94989581	0x102e06a68	0x102e06a68	mapped	0x102e06a68
Microsoft.iOS	436	0x060001b5	Foundation.NSMutableAttributedString	.ctor	0x2050	NoInlining	FamORAssem, HideBySig, SpecialName, RTSpecialName	0x1007e1468	0x94989591	0x102e06aac	0x102e06aac	mapped	0x102e06aac
Microsoft.iOS	437	0x060001b6	Foundation.NSMutableAttributedString	.ctor	0x2050	NoInlining	Public, HideBySig, SpecialName, RTSpecialName	0x1007e146c	0x949895ab	0x102e06b18	0x102e06b18	mapped	0x102e06b18
Microsoft.iOS	438	0x060001b7	Foundation.NSMutableAttributedString	.ctor	0x2050	NoInlining	Public, HideBySig, SpecialName, RTSpecialName	0x1007e1470	0x949895e2	0x102e06bf8	0x102e06bf8	mapped	0x102e06bf8
Microsoft.iOS	439	0x060001b8	Foundation.NSMutableAttributedString	AddAttributes	0x2050	NoInlining	Public, HideBySig	0x1007e1474	0x94989620	0x102e06cf4	0x102e06cf4	mapped	0x102e06cf4
Microsoft.iOS	440	0x060001b9	Foundation.NSMutableAttributedString	LowLevelSetAttributes	0x2050	NoInlining	Public, HideBySig	0x1007e1478	0x9498964c	0x102e06da8	0x102e06da8	mapped	0x102e06da8
Microsoft.iOS	441	0x060001ba	Foundation.NSMutableAttributedString	.cctor	0x2050	NoInlining	Private, Static, HideBySig, SpecialName, RTSpecialName	0x1007e147c	0x94989669	0x102e06e20	0x102e06e20	mapped	0x102e06e20
Microsoft.iOS	442	0x060001bb	Foundation.NSMutableData	System.Collections.IEnumerable.GetEnumerator	0x2050	NoInlining	Private, Final, Virtual, HideBySig, VtableLayoutMask	0x1007e1480	0x94989682	0x102e06e88	0x102e06e88	mapped	0x102e06e88
Microsoft.iOS	443	0x060001bc	Foundation.NSMutableData	System.Collections.Generic.IEnumerable<System.Byte>.GetEnumerator	0x2050	NoInlining	Private, Final, Virtual, HideBySig, VtableLayoutMask	0x1007e1484	0x949896a5	0x102e06f18	0x102e06f18	mapped	0x102e06f18
Microsoft.iOS	444	0x060001bd	Foundation.NSMutableData	get_ClassHandle	0x2050	NoInlining	Public, Final, Virtual, HideBySig, SpecialName	0x1007e1488	0x949896c8	0x102e06fa8	0x102e06fa8	mapped	0x102e06fa8
Microsoft.iOS	445	0x060001be	Foundation.NSMutableData	.ctor	0x2050	NoInlining	FamORAssem, HideBySig, SpecialName, RTSpecialName	0x1007e148c	0x949896d8	0x102e06fec	0x102e06fec	mapped	0x102e06fec
Microsoft.iOS	446	0x060001bf	Foundation.NSMutableData	AppendBytes	0x2050	NoInlining	Public, HideBySig	0x1007e1490	0x949896f2	0x102e07058	0x102e07058	mapped	0x102e07058
Microsoft.iOS	447	0x060001c0	Foundation.NSMutableData	FromCapacity	0x2050	NoInlining	Public, Static, HideBySig	0x1007e1494	0x9498970d	0x102e070c8	0x102e070c8	mapped	0x102e070c8
Microsoft.iOS	448	0x060001c1	Foundation.NSMutableData	get_Length	0x2050	NoInlining	Public, Final, Virtual, HideBySig, SpecialName	0x1007e1498	0x94989759	0x102e071fc	0x102e071fc	mapped	0x102e071fc
Microsoft.iOS	449	0x060001c2	Foundation.NSMutableData	.cctor	0x2050	NoInlining	Private, Static, HideBySig, SpecialName, RTSpecialName	0x1007e149c	0x9498976e	0x102e07254	0x102e07254	mapped	0x102e07254
Microsoft.iOS	450	0x060001c3	Foundation.NSMutableData+<System-Collections-Generic-IEnumerable<System-Byte>-GetEnumerator>d__5	.ctor	0x2050	NoInlining	Public, HideBySig, SpecialName, RTSpecialName	0x1007e14a0	0x94989787	0x102e072bc	0x102e072bc	mapped	0x102e072bc
Microsoft.iOS	451	0x060001c4	Foundation.NSMutableData+<System-Collections-Generic-IEnumerable<System-Byte>-GetEnumerator>d__5	System.IDisposable.Dispose	0x2050	NoInlining	Private, Final, Virtual, HideBySig, VtableLayoutMask	0x1007e14a4	0x9498978f	0x102e072e0	0x102e072e0	mapped	0x102e072e0
Microsoft.iOS	452	0x060001c5	Foundation.NSMutableData+<System-Collections-Generic-IEnumerable<System-Byte>-GetEnumerator>d__5	MoveNext	0x2050	NoInlining	Private, Final, Virtual, HideBySig, VtableLayoutMask	0x1007e14a8	0x9498978f	0x102e072e4	0x102e072e4	mapped	0x102e072e4
Microsoft.iOS	453	0x060001c6	Foundation.NSMutableData+<System-Collections-Generic-IEnumerable<System-Byte>-GetEnumerator>d__5	System.Collections.Generic.IEnumerator<System.Byte>.get_Current	0x2050	NoInlining	Private, Final, Virtual, HideBySig, VtableLayoutMask, SpecialName	0x1007e14ac	0x949897e6	0x102e07444	0x102e07444	mapped	0x102e07444
Microsoft.iOS	454	0x060001c7	Foundation.NSMutableData+<System-Collections-Generic-IEnumerable<System-Byte>-GetEnumerator>d__5	System.Collections.IEnumerator.Reset	0x2050	NoInlining	Private, Final, Virtual, HideBySig, VtableLayoutMask	0x1007e14b0	0x949897ee	0x102e07468	0x102e07468	mapped	0x102e07468
Microsoft.iOS	455	0x060001c8	Foundation.NSMutableData+<System-Collections-Generic-IEnumerable<System-Byte>-GetEnumerator>d__5	System.Collections.IEnumerator.get_Current	0x2050	NoInlining	Private, Final, Virtual, HideBySig, VtableLayoutMask, SpecialName	0x1007e14b4	0x949897f8	0x102e07494	0x102e07494	mapped	0x102e07494
Microsoft.iOS	456	0x060001c9	Foundation.NSMutableData+<System-Collections-IEnumerable-GetEnumerator>d__4	.ctor	0x2050	NoInlining	Public, HideBySig, SpecialName, RTSpecialName	0x1007e14b8	0x9498981a	0x102e07520	0x102e07520	mapped	0x102e07520
Microsoft.iOS	457	0x060001ca	Foundation.NSMutableData+<System-Collections-IEnumerable-GetEnumerator>d__4	System.IDisposable.Dispose	0x2050	NoInlining	Private, Final, Virtual, HideBySig, VtableLayoutMask	0x1007e14bc	0x94989822	0x102e07544	0x102e07544	mapped	0x102e07544
Microsoft.iOS	458	0x060001cb	Foundation.NSMutableData+<System-Collections-IEnumerable-GetEnumerator>d__4	MoveNext	0x2050	NoInlining	Private, Final, Virtual, HideBySig, VtableLayoutMask	0x1007e14c0	0x94989822	0x102e07548	0x102e07548	mapped	0x102e07548
Microsoft.iOS	459	0x060001cc	Foundation.NSMutableData+<System-Collections-IEnumerable-GetEnumerator>d__4	System.Collections.Generic.IEnumerator<System.Object>.get_Current	0x2050	NoInlining	Private, Final, Virtual, HideBySig, VtableLayoutMask, SpecialName	0x1007e14c4	0x9498988c	0x102e076f4	0x102e076f4	mapped	0x102e076f4
Microsoft.iOS	460	0x060001cd	Foundation.NSMutableData+<System-Collections-IEnumerable-GetEnumerator>d__4	System.Collections.IEnumerator.Reset	0x2050	NoInlining	Private, Final, Virtual, HideBySig, VtableLayoutMask	0x1007e14c8	0x94989894	0x102e07718	0x102e07718	mapped	0x102e07718
Microsoft.iOS	461	0x060001ce	Foundation.NSMutableData+<System-Collections-IEnumerable-GetEnumerator>d__4	System.Collections.IEnumerator.get_Current	0x2050	NoInlining	Private, Final, Virtual, HideBySig, VtableLayoutMask, SpecialName	0x1007e14cc	0x9498989e	0x102e07744	0x102e07744	mapped	0x102e07744
Microsoft.iOS	462	0x060001cf	Foundation.NSMutableDictionary	System.Collections.Generic.ICollection<System.Collections.Generic.KeyValuePair<Foundation.NSObject,Foundation.NSObject>>.Add	0x2050	NoInlining	Private, Final, Virtual, HideBySig, VtableLayoutMask	0x1007e14d0	0x949898a6	0x102e07768	0x102e07768	mapped	0x102e07768
Microsoft.iOS	463	0x060001d0	Foundation.NSMutableDictionary	Clear	0x2050	NoInlining	Public, Final, Virtual, HideBySig, VtableLayoutMask	0x1007e14d4	0x949898bf	0x102e077d0	0x102e077d0	mapped	0x102e077d0
Microsoft.iOS	464	0x060001d1	Foundation.NSMutableDictionary	System.Collections.Generic.ICollection<System.Collections.Generic.KeyValuePair<Foundation.NSObject,Foundation.NSObject>>.Contains	0x2050	NoInlining	Private, Final, Virtual, HideBySig, VtableLayoutMask	0x1007e14d8	0x949898d4	0x102e07828	0x102e07828	mapped	0x102e07828
Microsoft.iOS	465	0x060001d2	Foundation.NSMutableDictionary	System.Collections.Generic.ICollection<System.Collections.Generic.KeyValuePair<Foundation.NSObject,Foundation.NSObject>>.CopyTo	0x2050	NoInlining	Private, Final, Virtual, HideBySig, VtableLayoutMask	0x1007e14dc	0x949898e7	0x102e07878	0x102e07878	mapped	0x102e07878
Microsoft.iOS	466	0x060001d3	Foundation.NSMutableDictionary	System.Collections.Generic.ICollection<System.Collections.Generic.KeyValuePair<Foundation.NSObject,Foundation.NSObject>>.Remove	0x2050	NoInlining	Private, Final, Virtual, HideBySig, VtableLayoutMask	0x1007e14e0	0x9498996f	0x102e07a9c	0x102e07a9c	mapped	0x102e07a9c
Microsoft.iOS	467	0x060001d4	Foundation.NSMutableDictionary	System.Collections.Generic.ICollection<System.Collections.Generic.KeyValuePair<Foundation.NSObject,Foundation.NSObject>>.get_Count	0x2050	NoInlining	Private, Final, Virtual, HideBySig, VtableLayoutMask, SpecialName	0x1007e14e4	0x94989990	0x102e07b24	0x102e07b24	mapped	0x102e07b24
Microsoft.iOS	468	0x060001d5	Foundation.NSMutableDictionary	System.Collections.Generic.ICollection<System.Collections.Generic.KeyValuePair<Foundation.NSObject,Foundation.NSObject>>.get_IsReadOnly	0x2050	NoInlining	Private, Final, Virtual, HideBySig, VtableLayoutMask, SpecialName	0x1007e14e8	0x949899a5	0x102e07b7c	0x102e07b7c	mapped	0x102e07b7c
Microsoft.iOS	469	0x060001d6	Foundation.NSMutableDictionary	System.Collections.IDictionary.Add	0x2050	NoInlining	Private, Final, Virtual, HideBySig, VtableLayoutMask	0x1007e14ec	0x949899a6	0x102e07b84	0x102e07b84	mapped	0x102e07b84
Microsoft.iOS	470	0x060001d7	Foundation.NSMutableDictionary	System.Collections.IDictionary.GetEnumerator	0x2050	NoInlining	Private, Final, Virtual, HideBySig, VtableLayoutMask	0x1007e14f0	0x949899e9	0x102e07c94	0x102e07c94	mapped	0x102e07c94
Microsoft.iOS	471	0x060001d8	Foundation.NSMutableDictionary	System.Collections.IDictionary.Remove	0x2050	NoInlining	Private, Final, Virtual, HideBySig, VtableLayoutMask	0x1007e14f4	0x94989a20	0x102e07d74	0x102e07d74	mapped	0x102e07d74
Microsoft.iOS	472	0x060001d9	Foundation.NSMutableDictionary	System.Collections.IDictionary.get_IsReadOnly	0x2050	NoInlining	Private, Final, Virtual, HideBySig, VtableLayoutMask, SpecialName	0x1007e14f8	0x94989a5f	0x102e07e74	0x102e07e74	mapped	0x102e07e74
Microsoft.iOS	473	0x060001da	Foundation.NSMutableDictionary	System.Collections.IDictionary.get_Item	0x2050	NoInlining	Private, Final, Virtual, HideBySig, VtableLayoutMask, SpecialName	0x1007e14fc	0x94989a60	0x102e07e7c	0x102e07e7c	mapped	0x102e07e7c
Microsoft.iOS	474	0x060001db	Foundation.NSMutableDictionary	System.Collections.IDictionary.set_Item	0x2050	NoInlining	Private, Final, Virtual, HideBySig, VtableLayoutMask, SpecialName	0x1007e1500	0x94989a94	0x102e07f50	0x102e07f50	mapped	0x102e07f50
Microsoft.iOS	475	0x060001dc	Foundation.NSMutableDictionary	Add	0x2050	NoInlining	Public, Final, Virtual, HideBySig, VtableLayoutMask	0x1007e1504	0x94989ae9	0x102e080a8	0x102e080a8	mapped	0x102e080a8
Microsoft.iOS	476	0x060001dd	Foundation.NSMutableDictionary	Remove	0x2050	NoInlining	Public, Final, Virtual, HideBySig, VtableLayoutMask	0x1007e1508	0x94989b02	0x102e08110	0x102e08110	mapped	0x102e08110
Microsoft.iOS	477	0x060001de	Foundation.NSMutableDictionary	TryGetValue	0x2050	NoInlining	Public, Final, Virtual, HideBySig, VtableLayoutMask	0x1007e150c	0x94989b2e	0x102e081c4	0x102e081c4	mapped	0x102e081c4
Microsoft.iOS	478	0x060001df	Foundation.NSMutableDictionary	get_Item	0x2050	NoInlining	Public, Final, Virtual, HideBySig, SpecialName	0x1007e1510	0x94989b54	0x102e08260	0x102e08260	mapped	0x102e08260
Microsoft.iOS	479	0x060001e0	Foundation.NSMutableDictionary	set_Item	0x2050	NoInlining	Public, Final, Virtual, HideBySig, SpecialName	0x1007e1514	0x94989b69	0x102e082b8	0x102e082b8	mapped	0x102e082b8
Microsoft.iOS	480	0x060001e1	Foundation.NSMutableDictionary	get_Item	0x2050	NoInlining	Public, Final, Virtual, HideBySig, SpecialName	0x1007e1518	0x94989b82	0x102e08320	0x102e08320	mapped	0x102e08320
Microsoft.iOS	481	0x060001e2	Foundation.NSMutableDictionary	set_Item	0x2050	NoInlining	Public, Final, Virtual, HideBySig, SpecialName	0x1007e151c	0x94989b97	0x102e08378	0x102e08378	mapped	0x102e08378
Microsoft.iOS	482	0x060001e3	Foundation.NSMutableDictionary	get_Item	0x2050	NoInlining	Public, Final, Virtual, HideBySig, SpecialName	0x1007e1520	0x94989bb0	0x102e083e0	0x102e083e0	mapped	0x102e083e0
Microsoft.iOS	483	0x060001e4	Foundation.NSMutableDictionary	System.Collections.Generic.IDictionary<Foundation.NSObject,Foundation.NSObject>.get_Keys	0x2050	NoInlining	Private, Final, Virtual, HideBySig, VtableLayoutMask, SpecialName	0x1007e1524	0x94989bde	0x102e0849c	0x102e0849c	mapped	0x102e0849c
Microsoft.iOS	484	0x060001e5	Foundation.NSMutableDictionary	System.Collections.Generic.IDictionary<Foundation.NSObject,Foundation.NSObject>.get_Values	0x2050	NoInlining	Private, Final, Virtual, HideBySig, VtableLayoutMask, SpecialName	0x1007e1528	0x94989bf1	0x102e084ec	0x102e084ec	mapped	0x102e084ec
Microsoft.iOS	485	0x060001e6	Foundation.NSMutableDictionary	System.Collections.IEnumerable.GetEnumerator	0x2050	NoInlining	Private, Final, Virtual, HideBySig, VtableLayoutMask	0x1007e152c	0x94989c04	0x102e0853c	0x102e0853c	mapped	0x102e0853c
Microsoft.iOS	486	0x060001e7	Foundation.NSMutableDictionary	GetEnumerator	0x2050	NoInlining	Public, Final, Virtual, HideBySig, VtableLayoutMask	0x1007e1530	0x94989c26	0x102e085c8	0x102e085c8	mapped	0x102e085c8
Microsoft.iOS	487	0x060001e8	Foundation.NSMutableDictionary	LowlevelSetObject	0x2050	NoInlining	Public, HideBySig	0x1007e1534	0x94989c49	0x102e08658	0x102e08658	mapped	0x102e08658
Microsoft.iOS	488	0x060001e9	Foundation.NSMutableDictionary	get_ClassHandle	0x2050	NoInlining	Public, Final, Virtual, HideBySig, SpecialName	0x1007e1538	0x94989c64	0x102e086c8	0x102e086c8	mapped	0x102e086c8
Microsoft.iOS	489	0x060001ea	Foundation.NSMutableDictionary	.ctor	0x2050	NoInlining	Public, HideBySig, SpecialName, RTSpecialName	0x1007e153c	0x94989c74	0x102e0870c	0x102e0870c	mapped	0x102e0870c
Microsoft.iOS	490	0x060001eb	Foundation.NSMutableDictionary	.ctor	0x2050	NoInlining	FamORAssem, HideBySig, SpecialName, RTSpecialName	0x1007e1540	0x94989c9c	0x102e087b0	0x102e087b0	mapped	0x102e087b0
Microsoft.iOS	491	0x060001ec	Foundation.NSMutableDictionary	RemoveAllObjects	0x2050	NoInlining	Assembly, HideBySig, CheckAccessOnOverride	0x1007e1544	0x94989cb6	0x102e0881c	0x102e0881c	mapped	0x102e0881c
Microsoft.iOS	492	0x060001ed	Foundation.NSMutableDictionary	RemoveObjectForKey	0x2050	NoInlining	Assembly, HideBySig, CheckAccessOnOverride	0x1007e1548	0x94989ccb	0x102e08874	0x102e08874	mapped	0x102e08874
Microsoft.iOS	493	0x060001ee	Foundation.NSMutableDictionary	SetObject	0x2050	NoInlining	Assembly, HideBySig, CheckAccessOnOverride	0x1007e154c	0x94989cf1	0x102e08910	0x102e08910	mapped	0x102e08910
Microsoft.iOS	494	0x060001ef	Foundation.NSMutableDictionary	_RemoveObjectForKey	0x2050	NoInlining	Assembly, HideBySig	0x1007e1550	0x94989d20	0x102e089d0	0x102e089d0	mapped	0x102e089d0
Microsoft.iOS	495	0x060001f0	Foundation.NSMutableDictionary	_SetObject	0x2050	NoInlining	Assembly, HideBySig	0x1007e1554	0x94989d37	0x102e08a30	0x102e08a30	mapped	0x102e08a30
Microsoft.iOS	496	0x060001f1	Foundation.NSMutableDictionary	.cctor	0x2050	NoInlining	Private, Static, HideBySig, SpecialName, RTSpecialName	0x1007e1558	0x94989d52	0x102e08aa0	0x102e08aa0	mapped	0x102e08aa0
Microsoft.iOS	497	0x060001f2	Foundation.NSMutableDictionary+<GetEnumerator>d__46	.ctor	0x2050	NoInlining	Public, HideBySig, SpecialName, RTSpecialName	0x1007e155c	0x94989d6b	0x102e08b08	0x102e08b08	mapped	0x102e08b08
Microsoft.iOS	498	0x060001f3	Foundation.NSMutableDictionary+<GetEnumerator>d__46	System.IDisposable.Dispose	0x2050	NoInlining	Private, Final, Virtual, HideBySig, VtableLayoutMask	0x1007e1560	0x94989d73	0x102e08b2c	0x102e08b2c	mapped	0x102e08b2c
Microsoft.iOS	499	0x060001f4	Foundation.NSMutableDictionary+<GetEnumerator>d__46	MoveNext	0x2050	NoInlining	Private, Final, Virtual, HideBySig, VtableLayoutMask	0x1007e1564	0x94989d73	0x102e08b30	0x102e08b30	mapped	0x102e08b30
Microsoft.iOS	500	0x060001f5	Foundation.NSMutableDictionary+<GetEnumerator>d__46	System.Collections.Generic.IEnumerator<System.Collections.Generic.KeyValuePair<Foundation.NSObject,Foundation.NSObject>>.get_Current	0x2050	NoInlining	Private, Final, Virtual, HideBySig, VtableLayoutMask, SpecialName	0x1007e1568	0x94989dd9	0x102e08ccc	0x102e08ccc	mapped	0x102e08ccc
Microsoft.iOS	501	0x060001f6	Foundation.NSMutableDictionary+<GetEnumerator>d__46	System.Collections.IEnumerator.Reset	0x2050	NoInlining	Private, Final, Virtual, HideBySig, VtableLayoutMask	0x1007e156c	0x94989de3	0x102e08cf8	0x102e08cf8	mapped	0x102e08cf8
Microsoft.iOS	502	0x060001f7	Foundation.NSMutableDictionary+<GetEnumerator>d__46	System.Collections.IEnumerator.get_Current	0x2050	NoInlining	Private, Final, Virtual, HideBySig, VtableLayoutMask, SpecialName	0x1007e1570	0x94989ded	0x102e08d24	0x102e08d24	mapped	0x102e08d24
Microsoft.iOS	503	0x060001f8	Foundation.NSMutableSet	op_Addition	0x2050	NoInlining	Public, Static, HideBySig, SpecialName	0x1007e1574	0x94989e1a	0x102e08ddc	0x102e08ddc	mapped	0x102e08ddc
Microsoft.iOS	504	0x060001f9	Foundation.NSMutableSet	op_Subtraction	0x2050	NoInlining	Public, Static, HideBySig, SpecialName	0x1007e1578	0x94989e53	0x102e08ec4	0x102e08ec4	mapped	0x102e08ec4
Microsoft.iOS	505	0x060001fa	Foundation.NSMutableSet	get_ClassHandle	0x2050	NoInlining	Public, Final, Virtual, HideBySig, SpecialName	0x1007e157c	0x94989e88	0x102e08f9c	0x102e08f9c	mapped	0x102e08f9c
Microsoft.iOS	506	0x060001fb	Foundation.NSMutableSet	.ctor	0x2050	NoInlining	FamORAssem, HideBySig, SpecialName, RTSpecialName	0x1007e1580	0x94989e98	0x102e08fe0	0x102e08fe0	mapped	0x102e08fe0
Microsoft.iOS	507	0x060001fc	Foundation.NSMutableSet	.ctor	0x2050	NoInlining	Public, HideBySig, SpecialName, RTSpecialName	0x1007e1584	0x94989eb2	0x102e0904c	0x102e0904c	mapped	0x102e0904c
Microsoft.iOS	508	0x060001fd	Foundation.NSMutableSet	MinusSet	0x2050	NoInlining	Assembly, HideBySig, CheckAccessOnOverride	0x1007e1588	0x94989edf	0x102e09104	0x102e09104	mapped	0x102e09104
Microsoft.iOS	509	0x060001fe	Foundation.NSMutableSet	UnionSet	0x2050	NoInlining	Assembly, HideBySig, CheckAccessOnOverride	0x1007e158c	0x94989f05	0x102e091a0	0x102e091a0	mapped	0x102e091a0
Microsoft.iOS	510	0x060001ff	Foundation.NSMutableSet	.cctor	0x2050	NoInlining	Private, Static, HideBySig, SpecialName, RTSpecialName	0x1007e1590	0x94989f2b	0x102e0923c	0x102e0923c	mapped	0x102e0923c
Microsoft.iOS	511	0x06000200	Foundation.NSUrlRequest	ToString	0x2050	NoInlining	Public, Final, Virtual, HideBySig	0x1007e1594	0x94989f44	0x102e092a4	0x102e092a4	mapped	0x102e092a4
Microsoft.iOS	512	0x06000201	Foundation.NSUrlRequest	get_ClassHandle	0x2050	NoInlining	Public, Virtual, HideBySig, SpecialName	0x1007e1598	0x94989f6a	0x102e09340	0x102e09340	mapped	0x102e09340
Microsoft.iOS	513	0x06000202	Foundation.NSUrlRequest	.ctor	0x2050	NoInlining	Family, HideBySig, SpecialName, RTSpecialName	0x1007e159c	0x94989f7a	0x102e09384	0x102e09384	mapped	0x102e09384
Microsoft.iOS	514	0x06000203	Foundation.NSUrlRequest	.ctor	0x2050	NoInlining	FamORAssem, HideBySig, SpecialName, RTSpecialName	0x1007e15a0	0x94989f92	0x102e093e8	0x102e093e8	mapped	0x102e093e8
Microsoft.iOS	515	0x06000204	Foundation.NSUrlRequest	get_Url	0x2050	NoInlining	Public, Virtual, HideBySig, VtableLayoutMask, SpecialName	0x1007e15a4	0x94989fac	0x102e09454	0x102e09454	mapped	0x102e09454
Microsoft.iOS	516	0x06000205	Foundation.NSUrlRequest	.cctor	0x2050	NoInlining	Private, Static, HideBySig, SpecialName, RTSpecialName	0x1007e15a8	0x94989fcf	0x102e094e4	0x102e094e4	mapped	0x102e094e4
Microsoft.iOS	517	0x06000206	Foundation.NSMutableUrlRequest	get_ClassHandle	0x2050	NoInlining	Public, Final, Virtual, HideBySig, SpecialName	0x1007e15ac	0x94989fe8	0x102e0954c	0x102e0954c	mapped	0x102e0954c
Microsoft.iOS	518	0x06000207	Foundation.NSMutableUrlRequest	.ctor	0x2050	NoInlining	Public, HideBySig, SpecialName, RTSpecialName	0x1007e15b0	0x94989ff8	0x102e09590	0x102e09590	mapped	0x102e09590
Microsoft.iOS	519	0x06000208	Foundation.NSMutableUrlRequest	.ctor	0x2050	NoInlining	FamORAssem, HideBySig, SpecialName, RTSpecialName	0x1007e15b4	0x9498a020	0x102e09634	0x102e09634	mapped	0x102e09634
Microsoft.iOS	520	0x06000209	Foundation.NSMutableUrlRequest	set_AllowsCellularAccess	0x2050	NoInlining	Public, HideBySig, SpecialName	0x1007e15b8	0x9498a03a	0x102e096a0	0x102e096a0	mapped	0x102e096a0
Microsoft.iOS	521	0x0600020a	Foundation.NSMutableUrlRequest	set_Body	0x2050	NoInlining	Public, HideBySig, SpecialName	0x1007e15bc	0x9498a052	0x102e09704	0x102e09704	mapped	0x102e09704
Microsoft.iOS	522	0x0600020b	Foundation.NSMutableUrlRequest	set_BodyStream	0x2050	NoInlining	Public, HideBySig, SpecialName	0x1007e15c0	0x9498a06b	0x102e0976c	0x102e0976c	mapped	0x102e0976c
Microsoft.iOS	523	0x0600020c	Foundation.NSMutableUrlRequest	set_CachePolicy	0x2050	NoInlining	Public, HideBySig, SpecialName	0x1007e15c4	0x9498a084	0x102e097d4	0x102e097d4	mapped	0x102e097d4
Microsoft.iOS	524	0x0600020d	Foundation.NSMutableUrlRequest	set_Headers	0x2050	NoInlining	Public, HideBySig, SpecialName	0x1007e15c8	0x9498a09b	0x102e09834	0x102e09834	mapped	0x102e09834
Microsoft.iOS	525	0x0600020e	Foundation.NSMutableUrlRequest	set_HttpMethod	0x2050	NoInlining	Public, HideBySig, SpecialName	0x1007e15cc	0x9498a0b4	0x102e0989c	0x102e0989c	mapped	0x102e0989c
Microsoft.iOS	526	0x0600020f	Foundation.NSMutableUrlRequest	get_Url	0x2050	NoInlining	Public, Final, Virtual, HideBySig, VtableLayoutMask, SpecialName	0x1007e15d0	0x9498a0e3	0x102e0995c	0x102e0995c	mapped	0x102e0995c
Microsoft.iOS	527	0x06000210	Foundation.NSMutableUrlRequest	set_Url	0x2050	NoInlining	Public, HideBySig, SpecialName	0x1007e15d4	0x9498a106	0x102e099ec	0x102e099ec	mapped	0x102e099ec
Microsoft.iOS	528	0x06000211	Foundation.NSMutableUrlRequest	.cctor	0x2050	NoInlining	Private, Static, HideBySig, SpecialName, RTSpecialName	0x1007e15d8	0x9498a11f	0x102e09a54	0x102e09a54	mapped	0x102e09a54
Microsoft.iOS	529	0x06000212	Foundation.InternalNSNotificationHandler	.ctor	0x2050	NoInlining	Public, HideBySig, SpecialName, RTSpecialName	0x1007e15dc	0x9498a138	0x102e09abc	0x102e09abc	mapped	0x102e09abc
Microsoft.iOS	530	0x06000213	Foundation.InternalNSNotificationHandler	Post	0x2050	NoInlining	Public, HideBySig	0x1007e15e0	0x9498a161	0x102e09b64	0x102e09b64	mapped	0x102e09b64
Microsoft.iOS	531	0x06000214	Foundation.InternalNSNotificationHandler	Dispose	0x2050	NoInlining	Family, Final, Virtual, HideBySig	0x1007e15e4	0x9498a184	0x102e09bf4	0x102e09bf4	mapped	0x102e09bf4
Microsoft.iOS	532	0x06000215	Foundation.NSNotificationCenter	AddObserver	0x2050	NoInlining	Public, HideBySig	0x1007e15e8	0x9498a1a1	0x102e09c6c	0x102e09c6c	mapped	0x102e09c6c
Microsoft.iOS	533	0x06000216	Foundation.NSNotificationCenter	AddObserver	0x2050	NoInlining	Public, HideBySig	0x1007e15ec	0x9498a1ed	0x102e09da0	0x102e09da0	mapped	0x102e09da0
Microsoft.iOS	534	0x06000217	Foundation.NSNotificationCenter	AddObserverToList	0x2050	NoInlining	Private, HideBySig	0x1007e15f0	0x9498a201	0x102e09df4	0x102e09df4	mapped	0x102e09df4
Microsoft.iOS	535	0x06000218	Foundation.NSNotificationCenter	RemoveObserversFromList	0x2050	NoInlining	Private, HideBySig	0x1007e15f4	0x9498a276	0x102e09fcc	0x102e09fcc	mapped	0x102e09fcc
Microsoft.iOS	536	0x06000219	Foundation.NSNotificationCenter	get_ClassHandle	0x2050	NoInlining	Public, Final, Virtual, HideBySig, SpecialName	0x1007e15f8	0x9498a2ed	0x102e0a1ac	0x102e0a1ac	mapped	0x102e0a1ac
Microsoft.iOS	537	0x0600021a	Foundation.NSNotificationCenter	.ctor	0x2050	NoInlining	FamORAssem, HideBySig, SpecialName, RTSpecialName	0x1007e15fc	0x9498a2fd	0x102e0a1f0	0x102e0a1f0	mapped	0x102e0a1f0
Microsoft.iOS	538	0x0600021b	Foundation.NSNotificationCenter	AddObserver	0x2050	NoInlining	Public, HideBySig	0x1007e1600	0x9498a331	0x102e0a2c4	0x102e0a2c4	mapped	0x102e0a2c4
Microsoft.iOS	539	0x0600021c	Foundation.NSNotificationCenter	RemoveObserver	0x2050	NoInlining	Public, HideBySig	0x1007e1604	0x9498a376	0x102e0a3dc	0x102e0a3dc	mapped	0x102e0a3dc
Microsoft.iOS	540	0x0600021d	Foundation.NSNotificationCenter	get_DefaultCenter	0x2050	NoInlining	Public, Static, HideBySig, SpecialName	0x1007e1608	0x9498a3a1	0x102e0a48c	0x102e0a48c	mapped	0x102e0a48c
Microsoft.iOS	541	0x0600021e	Foundation.NSNotificationCenter	.cctor	0x2050	NoInlining	Private, Static, HideBySig, SpecialName, RTSpecialName	0x1007e160c	0x9498a3bd	0x102e0a500	0x102e0a500	mapped	0x102e0a500
Microsoft.iOS	542	0x0600021f	Foundation.NSNotificationCenter+ObservedData	.ctor	0x2050	NoInlining	Public, HideBySig, SpecialName, RTSpecialName	0x1007e1610	0x9498a3d6	0x102e0a568	0x102e0a568	mapped	0x102e0a568
Microsoft.iOS	543	0x06000220	Foundation.NSNotificationEventArgs	get_Notification	0x2050	NoInlining	Public, HideBySig, SpecialName	0x1007e1614	0x9498a3d6	0x102e0a56c	0x102e0a56c	mapped	0x102e0a56c
Microsoft.iOS	544	0x06000221	Foundation.NSNotificationEventArgs	set_Notification	0x2050	NoInlining	Private, HideBySig, SpecialName	0x1007e1618	0x9498a3de	0x102e0a590	0x102e0a590	mapped	0x102e0a590
Microsoft.iOS	545	0x06000222	Foundation.NSNotificationEventArgs	.ctor	0x2050	NoInlining	Public, HideBySig, SpecialName, RTSpecialName	0x1007e161c	0x9498a3ed	0x102e0a5d0	0x102e0a5d0	mapped	0x102e0a5d0
Microsoft.iOS	546	0x06000223	Foundation.NSNull	get_Null	0x2050	NoInlining	Public, Static, HideBySig, SpecialName	0x1007e1620	0x9498a3fc	0x102e0a610	0x102e0a610	mapped	0x102e0a610
Microsoft.iOS	547	0x06000224	Foundation.NSNull	get_ClassHandle	0x2050	NoInlining	Public, Final, Virtual, HideBySig, SpecialName	0x1007e1624	0x9498a417	0x102e0a680	0x102e0a680	mapped	0x102e0a680
Microsoft.iOS	548	0x06000225	Foundation.NSNull	.ctor	0x2050	NoInlining	FamORAssem, HideBySig, SpecialName, RTSpecialName	0x1007e1628	0x9498a427	0x102e0a6c4	0x102e0a6c4	mapped	0x102e0a6c4
Microsoft.iOS	549	0x06000226	Foundation.NSNull	get__Null	0x2050	NoInlining	Assembly, Static, HideBySig, SpecialName	0x1007e162c	0x9498a441	0x102e0a730	0x102e0a730	mapped	0x102e0a730
Microsoft.iOS	550	0x06000227	Foundation.NSNull	.cctor	0x2050	NoInlining	Private, Static, HideBySig, SpecialName, RTSpecialName	0x1007e1630	0x9498a45d	0x102e0a7a4	0x102e0a7a4	mapped	0x102e0a7a4
Microsoft.iOS	551	0x06000228	Foundation.NSNumber	op_Implicit	0x2050	NoInlining	Public, Static, HideBySig, SpecialName	0x1007e1634	0x9498a476	0x102e0a80c	0x102e0a80c	mapped	0x102e0a80c
Microsoft.iOS	552	0x06000229	Foundation.NSNumber	op_Implicit	0x2050	NoInlining	Public, Static, HideBySig, SpecialName	0x1007e1638	0x9498a48e	0x102e0a870	0x102e0a870	mapped	0x102e0a870
Microsoft.iOS	553	0x0600022a	Foundation.NSNumber	op_Implicit	0x2050	NoInlining	Public, Static, HideBySig, SpecialName	0x1007e163c	0x9498a4a6	0x102e0a8d4	0x102e0a8d4	mapped	0x102e0a8d4
Microsoft.iOS	554	0x0600022b	Foundation.NSNumber	op_Implicit	0x2050	NoInlining	Public, Static, HideBySig, SpecialName	0x1007e1640	0x9498a4be	0x102e0a938	0x102e0a938	mapped	0x102e0a938
Microsoft.iOS	555	0x0600022c	Foundation.NSNumber	op_Implicit	0x2050	NoInlining	Public, Static, HideBySig, SpecialName	0x1007e1644	0x9498a4d6	0x102e0a99c	0x102e0a99c	mapped	0x102e0a99c
Microsoft.iOS	556	0x0600022d	Foundation.NSNumber	op_Implicit	0x2050	NoInlining	Public, Static, HideBySig, SpecialName	0x1007e1648	0x9498a4ee	0x102e0aa00	0x102e0aa00	mapped	0x102e0aa00
Microsoft.iOS	557	0x0600022e	Foundation.NSNumber	op_Implicit	0x2050	NoInlining	Public, Static, HideBySig, SpecialName	0x1007e164c	0x9498a506	0x102e0aa64	0x102e0aa64	mapped	0x102e0aa64
Microsoft.iOS	558	0x0600022f	Foundation.NSNumber	op_Implicit	0x2050	NoInlining	Public, Static, HideBySig, SpecialName	0x1007e1650	0x9498a51e	0x102e0aac8	0x102e0aac8	mapped	0x102e0aac8
Microsoft.iOS	559	0x06000230	Foundation.NSNumber	op_Implicit	0x2050	NoInlining	Public, Static, HideBySig, SpecialName	0x1007e1654	0x9498a536	0x102e0ab2c	0x102e0ab2c	mapped	0x102e0ab2c
Microsoft.iOS	560	0x06000231	Foundation.NSNumber	op_Implicit	0x2050	NoInlining	Public, Static, HideBySig, SpecialName	0x1007e1658	0x9498a54e	0x102e0ab90	0x102e0ab90	mapped	0x102e0ab90
Microsoft.iOS	561	0x06000232	Foundation.NSNumber	op_Implicit	0x2050	NoInlining	Public, Static, HideBySig, SpecialName	0x1007e165c	0x9498a566	0x102e0abf4	0x102e0abf4	mapped	0x102e0abf4
Microsoft.iOS	562	0x06000233	Foundation.NSNumber	op_Explicit	0x2050	NoInlining	Public, Static, HideBySig, SpecialName	0x1007e1660	0x9498a57e	0x102e0ac58	0x102e0ac58	mapped	0x102e0ac58
Microsoft.iOS	563	0x06000234	Foundation.NSNumber	op_Explicit	0x2050	NoInlining	Public, Static, HideBySig, SpecialName	0x1007e1664	0x9498a59e	0x102e0acdc	0x102e0acdc	mapped	0x102e0acdc
Microsoft.iOS	564	0x06000235	Foundation.NSNumber	op_Explicit	0x2050	NoInlining	Public, Static, HideBySig, SpecialName	0x1007e1668	0x9498a5be	0x102e0ad60	0x102e0ad60	mapped	0x102e0ad60
Microsoft.iOS	565	0x06000236	Foundation.NSNumber	op_Explicit	0x2050	NoInlining	Public, Static, HideBySig, SpecialName	0x1007e166c	0x9498a5de	0x102e0ade4	0x102e0ade4	mapped	0x102e0ade4
Microsoft.iOS	566	0x06000237	Foundation.NSNumber	op_Explicit	0x2050	NoInlining	Public, Static, HideBySig, SpecialName	0x1007e1670	0x9498a5fe	0x102e0ae68	0x102e0ae68	mapped	0x102e0ae68
Microsoft.iOS	567	0x06000238	Foundation.NSNumber	op_Explicit	0x2050	NoInlining	Public, Static, HideBySig, SpecialName	0x1007e1674	0x9498a61e	0x102e0aeec	0x102e0aeec	mapped	0x102e0aeec
Microsoft.iOS	568	0x06000239	Foundation.NSNumber	op_Explicit	0x2050	NoInlining	Public, Static, HideBySig, SpecialName	0x1007e1678	0x9498a63e	0x102e0af70	0x102e0af70	mapped	0x102e0af70
Microsoft.iOS	569	0x0600023a	Foundation.NSNumber	op_Explicit	0x2050	NoInlining	Public, Static, HideBySig, SpecialName	0x1007e167c	0x9498a65e	0x102e0aff4	0x102e0aff4	mapped	0x102e0aff4
Microsoft.iOS	570	0x0600023b	Foundation.NSNumber	op_Explicit	0x2050	NoInlining	Public, Static, HideBySig, SpecialName	0x1007e1680	0x9498a67e	0x102e0b078	0x102e0b078	mapped	0x102e0b078
Microsoft.iOS	571	0x0600023c	Foundation.NSNumber	op_Explicit	0x2050	NoInlining	Public, Static, HideBySig, SpecialName	0x1007e1684	0x9498a69e	0x102e0b0fc	0x102e0b0fc	mapped	0x102e0b0fc
Microsoft.iOS	572	0x0600023d	Foundation.NSNumber	op_Explicit	0x2050	NoInlining	Public, Static, HideBySig, SpecialName	0x1007e1688	0x9498a6be	0x102e0b180	0x102e0b180	mapped	0x102e0b180
Microsoft.iOS	573	0x0600023e	Foundation.NSNumber	ToString	0x2050	NoInlining	Public, Final, Virtual, HideBySig	0x1007e168c	0x9498a6e0	0x102e0b20c	0x102e0b20c	mapped	0x102e0b20c
Microsoft.iOS	574	0x0600023f	Foundation.NSNumber	CompareTo	0x2050	NoInlining	Public, Final, Virtual, HideBySig, VtableLayoutMask	0x1007e1690	0x9498a6f6	0x102e0b268	0x102e0b268	mapped	0x102e0b268
Microsoft.iOS	575	0x06000240	Foundation.NSNumber	CompareTo	0x2050	NoInlining	Public, Final, Virtual, HideBySig, VtableLayoutMask	0x1007e1694	0x9498a717	0x102e0b2f0	0x102e0b2f0	mapped	0x102e0b2f0
Microsoft.iOS	576	0x06000241	Foundation.NSNumber	Equals	0x2050	NoInlining	Public, Final, Virtual, HideBySig	0x1007e1698	0x9498a737	0x102e0b374	0x102e0b374	mapped	0x102e0b374
Microsoft.iOS	577	0x06000242	Foundation.NSNumber	Equals	0x2050	NoInlining	Public, Final, Virtual, HideBySig, VtableLayoutMask	0x1007e169c	0x9498a758	0x102e0b3fc	0x102e0b3fc	mapped	0x102e0b3fc
Microsoft.iOS	578	0x06000243	Foundation.NSNumber	GetHashCode	0x2050	NoInlining	Public, Final, Virtual, HideBySig	0x1007e16a0	0x9498a774	0x102e0b470	0x102e0b470	mapped	0x102e0b470
Microsoft.iOS	579	0x06000244	Foundation.NSNumber	get_ClassHandle	0x2050	NoInlining	Public, Final, Virtual, HideBySig, SpecialName	0x1007e16a4	0x9498a790	0x102e0b4e4	0x102e0b4e4	mapped	0x102e0b4e4
Microsoft.iOS	580	0x06000245	Foundation.NSNumber	.ctor	0x2050	NoInlining	FamORAssem, HideBySig, SpecialName, RTSpecialName	0x1007e16a8	0x9498a7a0	0x102e0b528	0x102e0b528	mapped	0x102e0b528
Microsoft.iOS	581	0x06000246	Foundation.NSNumber	.ctor	0x2050	NoInlining	Public, HideBySig, SpecialName, RTSpecialName	0x1007e16ac	0x9498a7ba	0x102e0b594	0x102e0b594	mapped	0x102e0b594
Microsoft.iOS	582	0x06000247	Foundation.NSNumber	Compare	0x2050	NoInlining	Public, HideBySig	0x1007e16b0	0x9498a7e3	0x102e0b63c	0x102e0b63c	mapped	0x102e0b63c
Microsoft.iOS	583	0x06000248	Foundation.NSNumber	FromBoolean	0x2050	NoInlining	Public, Static, HideBySig	0x1007e16b4	0x9498a809	0x102e0b6d8	0x102e0b6d8	mapped	0x102e0b6d8
Microsoft.iOS	584	0x06000249	Foundation.NSNumber	FromByte	0x2050	NoInlining	Public, Static, HideBySig	0x1007e16b8	0x9498a82a	0x102e0b760	0x102e0b760	mapped	0x102e0b760
Microsoft.iOS	585	0x0600024a	Foundation.NSNumber	FromDouble	0x2050	NoInlining	Public, Static, HideBySig	0x1007e16bc	0x9498a84a	0x102e0b7e4	0x102e0b7e4	mapped	0x102e0b7e4
Microsoft.iOS	586	0x0600024b	Foundation.NSNumber	FromFloat	0x2050	NoInlining	Public, Static, HideBySig	0x1007e16c0	0x9498a86a	0x102e0b868	0x102e0b868	mapped	0x102e0b868
Microsoft.iOS	587	0x0600024c	Foundation.NSNumber	FromInt16	0x2050	NoInlining	Public, Static, HideBySig	0x1007e16c4	0x9498a88a	0x102e0b8ec	0x102e0b8ec	mapped	0x102e0b8ec
Microsoft.iOS	588	0x0600024d	Foundation.NSNumber	FromInt32	0x2050	NoInlining	Public, Static, HideBySig	0x1007e16c8	0x9498a8aa	0x102e0b970	0x102e0b970	mapped	0x102e0b970
Microsoft.iOS	589	0x0600024e	Foundation.NSNumber	FromInt64	0x2050	NoInlining	Public, Static, HideBySig	0x1007e16cc	0x9498a8ca	0x102e0b9f4	0x102e0b9f4	mapped	0x102e0b9f4
Microsoft.iOS	590	0x0600024f	Foundation.NSNumber	FromSByte	0x2050	NoInlining	Public, Static, HideBySig	0x1007e16d0	0x9498a8ea	0x102e0ba78	0x102e0ba78	mapped	0x102e0ba78
Microsoft.iOS	591	0x06000250	Foundation.NSNumber	FromUInt16	0x2050	NoInlining	Public, Static, HideBySig	0x1007e16d4	0x9498a90a	0x102e0bafc	0x102e0bafc	mapped	0x102e0bafc
Microsoft.iOS	592	0x06000251	Foundation.NSNumber	FromUInt32	0x2050	NoInlining	Public, Static, HideBySig	0x1007e16d8	0x9498a92a	0x102e0bb80	0x102e0bb80	mapped	0x102e0bb80
Microsoft.iOS	593	0x06000252	Foundation.NSNumber	FromUInt64	0x2050	NoInlining	Public, Static, HideBySig	0x1007e16dc	0x9498a94a	0x102e0bc04	0x102e0bc04	mapped	0x102e0bc04
Microsoft.iOS	594	0x06000253	Foundation.NSNumber	IsEqualTo	0x2050	NoInlining	Public, HideBySig	0x1007e16e0	0x9498a96a	0x102e0bc88	0x102e0bc88	mapped	0x102e0bc88
Microsoft.iOS	595	0x06000254	Foundation.NSNumber	get_BoolValue	0x2050	NoInlining	Public, HideBySig, SpecialName	0x1007e16e4	0x9498a983	0x102e0bcf0	0x102e0bcf0	mapped	0x102e0bcf0
Microsoft.iOS	596	0x06000255	Foundation.NSNumber	get_ByteValue	0x2050	NoInlining	Public, HideBySig, SpecialName	0x1007e16e8	0x9498a99a	0x102e0bd50	0x102e0bd50	mapped	0x102e0bd50
Microsoft.iOS	597	0x06000256	Foundation.NSNumber	get_DoubleValue	0x2050	NoInlining	Public, HideBySig, SpecialName	0x1007e16ec	0x9498a9af	0x102e0bda8	0x102e0bda8	mapped	0x102e0bda8
Microsoft.iOS	598	0x06000257	Foundation.NSNumber	get_FloatValue	0x2050	NoInlining	Public, HideBySig, SpecialName	0x1007e16f0	0x9498a9c4	0x102e0be00	0x102e0be00	mapped	0x102e0be00
Microsoft.iOS	599	0x06000258	Foundation.NSNumber	get_Int16Value	0x2050	NoInlining	Public, HideBySig, SpecialName	0x1007e16f4	0x9498a9d9	0x102e0be58	0x102e0be58	mapped	0x102e0be58
Microsoft.iOS	600	0x06000259	Foundation.NSNumber	get_Int32Value	0x2050	NoInlining	Public, HideBySig, SpecialName	0x1007e16f8	0x9498a9ee	0x102e0beb0	0x102e0beb0	mapped	0x102e0beb0
Microsoft.iOS	601	0x0600025a	Foundation.NSNumber	get_Int64Value	0x2050	NoInlining	Public, HideBySig, SpecialName	0x1007e16fc	0x9498aa03	0x102e0bf08	0x102e0bf08	mapped	0x102e0bf08
Microsoft.iOS	602	0x0600025b	Foundation.NSNumber	get_SByteValue	0x2050	NoInlining	Public, HideBySig, SpecialName	0x1007e1700	0x9498aa18	0x102e0bf60	0x102e0bf60	mapped	0x102e0bf60
Microsoft.iOS	603	0x0600025c	Foundation.NSNumber	get_StringValue	0x2050	NoInlining	Public, HideBySig, SpecialName	0x1007e1704	0x9498aa2d	0x102e0bfb8	0x102e0bfb8	mapped	0x102e0bfb8
Microsoft.iOS	604	0x0600025d	Foundation.NSNumber	get_UInt16Value	0x2050	NoInlining	Public, HideBySig, SpecialName	0x1007e1708	0x9498aa43	0x102e0c014	0x102e0c014	mapped	0x102e0c014
Microsoft.iOS	605	0x0600025e	Foundation.NSNumber	get_UInt32Value	0x2050	NoInlining	Public, HideBySig, SpecialName	0x1007e170c	0x9498aa58	0x102e0c06c	0x102e0c06c	mapped	0x102e0c06c
Microsoft.iOS	606	0x0600025f	Foundation.NSNumber	get_UInt64Value	0x2050	NoInlining	Public, HideBySig, SpecialName	0x1007e1710	0x9498aa6d	0x102e0c0c4	0x102e0c0c4	mapped	0x102e0c0c4
Microsoft.iOS	607	0x06000260	Foundation.NSNumber	.cctor	0x2050	NoInlining	Private, Static, HideBySig, SpecialName, RTSpecialName	0x1007e1714	0x9498aa82	0x102e0c11c	0x102e0c11c	mapped	0x102e0c11c
Microsoft.iOS	608	0x06000261	Foundation.NSObject	get_flags	0x2050	NoInlining	Private, HideBySig, SpecialName	0x1007e1718	0x9498aa9b	0x102e0c184	0x102e0c184	mapped	0x102e0c184
Microsoft.iOS	609	0x06000262	Foundation.NSObject	set_flags	0x2050	NoInlining	Private, HideBySig, SpecialName	0x1007e171c	0x9498aaaa	0x102e0c1c4	0x102e0c1c4	mapped	0x102e0c1c4
Microsoft.iOS	610	0x06000263	Foundation.NSObject	get_disposed	0x2050	NoInlining	Private, HideBySig, SpecialName	0x1007e1720	0x9498aab5	0x102e0c1f4	0x102e0c1f4	mapped	0x102e0c1f4
Microsoft.iOS	611	0x06000264	Foundation.NSObject	set_disposed	0x2050	NoInlining	Private, HideBySig, SpecialName	0x1007e1724	0x9498aac3	0x102e0c230	0x102e0c230	mapped	0x102e0c230
Microsoft.iOS	612	0x06000265	Foundation.NSObject	set_HasManagedRef	0x2050	NoInlining	Private, HideBySig, SpecialName	0x1007e1728	0x9498aad7	0x102e0c284	0x102e0c284	mapped	0x102e0c284
Microsoft.iOS	613	0x06000266	Foundation.NSObject	get_IsRegisteredToggleRef	0x2050	NoInlining	Assembly, HideBySig, SpecialName	0x1007e172c	0x9498aaeb	0x102e0c2d8	0x102e0c2d8	mapped	0x102e0c2d8
Microsoft.iOS	614	0x06000267	Foundation.NSObject	set_IsRegisteredToggleRef	0x2050	NoInlining	Assembly, HideBySig, SpecialName	0x1007e1730	0x9498aaf9	0x102e0c314	0x102e0c314	mapped	0x102e0c314
Microsoft.iOS	615	0x06000268	Foundation.NSObject	get_IsDirectBinding	0x2050	NoInlining	FamORAssem, HideBySig, SpecialName	0x1007e1734	0x9498ab0d	0x102e0c368	0x102e0c368	mapped	0x102e0c368
Microsoft.iOS	616	0x06000269	Foundation.NSObject	set_IsDirectBinding	0x2050	NoInlining	FamORAssem, HideBySig, SpecialName	0x1007e1738	0x9498ab1b	0x102e0c3a4	0x102e0c3a4	mapped	0x102e0c3a4
Microsoft.iOS	617	0x0600026a	Foundation.NSObject	get_InFinalizerQueue	0x2050	NoInlining	Assembly, HideBySig, SpecialName	0x1007e173c	0x9498ab2f	0x102e0c3f8	0x102e0c3f8	mapped	0x102e0c3f8
Microsoft.iOS	618	0x0600026b	Foundation.NSObject	get_IsCustomType	0x2050	NoInlining	Private, HideBySig, SpecialName	0x1007e1740	0x9498ab3d	0x102e0c434	0x102e0c434	mapped	0x102e0c434
Microsoft.iOS	619	0x0600026c	Foundation.NSObject	.ctor	0x2050	NoInlining	Public, HideBySig, SpecialName, RTSpecialName	0x1007e1744	0x9498ab66	0x102e0c4dc	0x102e0c4dc	mapped	0x102e0c4dc
Microsoft.iOS	620	0x0600026d	Foundation.NSObject	.ctor	0x2050	NoInlining	Public, HideBySig, SpecialName, RTSpecialName	0x1007e1748	0x9498ab81	0x102e0c54c	0x102e0c54c	mapped	0x102e0c54c
Microsoft.iOS	621	0x0600026e	Foundation.NSObject	.ctor	0x2050	NoInlining	FamORAssem, HideBySig, SpecialName, RTSpecialName	0x1007e174c	0x9498ab9c	0x102e0c5bc	0x102e0c5bc	mapped	0x102e0c5bc
Microsoft.iOS	622	0x0600026f	Foundation.NSObject	.ctor	0x2050	NoInlining	Family, HideBySig, SpecialName, RTSpecialName	0x1007e1750	0x9498abb7	0x102e0c62c	0x102e0c62c	mapped	0x102e0c62c
Microsoft.iOS	623	0x06000270	Foundation.NSObject	Finalize	0x2050	NoInlining	Family, Final, Virtual, HideBySig	0x1007e1754	0x9498abdb	0x102e0c6c0	0x102e0c6c0	mapped	0x102e0c6c0
Microsoft.iOS	624	0x06000271	Foundation.NSObject	Dispose	0x2050	NoInlining	Public, Final, Virtual, HideBySig, VtableLayoutMask	0x1007e1758	0x9498abfc	0x102e0c748	0x102e0c748	mapped	0x102e0c748
Microsoft.iOS	625	0x06000272	Foundation.NSObject	CreateNSObject	0x2050	NoInlining	Assembly, Static, HideBySig	0x1007e175c	0x9498ac14	0x102e0c7ac	0x102e0c7ac	mapped	0x102e0c7ac
Microsoft.iOS	626	0x06000273	Foundation.NSObject	GetSuper	0x2050	NoInlining	Private, HideBySig	0x1007e1760	0x9498ac86	0x102e0c978	0x102e0c978	mapped	0x102e0c978
Microsoft.iOS	627	0x06000274	Foundation.NSObject	Initialize	0x2050	NoInlining	Assembly, Static, HideBySig	0x1007e1764	0x9498accc	0x102e0ca94	0x102e0ca94	mapped	0x102e0ca94
Microsoft.iOS	628	0x06000275	Foundation.NSObject	RegisterToggleRef	0x0	4104	Private, Static, HideBySig	0x1007e1768	0x97ff7c5a	0x1007c08d0	0x1007c08d0	mapped	0x1007c08d0
Microsoft.iOS	629	0x06000276	Foundation.NSObject	xamarin_release_managed_ref	0x0	136	Private, Static, HideBySig, PinvokeImpl	0x1007e176c	0x97fffd8b	0x1007e0d98		absent	0x1007e0d98
Microsoft.iOS	630	0x06000277	Foundation.NSObject	RegisterToggleReference	0x2050	NoInlining	Private, Static, HideBySig	0x1007e1770	0x9498acda	0x102e0cad8	0x102e0cad8	mapped	0x102e0cad8
Microsoft.iOS	631	0x06000278	Foundation.NSObject	MarkDirty	0x2050	NoInlining	Family, HideBySig	0x1007e1774	0x9498acf8	0x102e0cb54	0x102e0cb54	mapped	0x102e0cb54
Microsoft.iOS	632	0x06000279	Foundation.NSObject	MarkDirty	0x2050	NoInlining	Assembly, HideBySig	0x1007e1778	0x9498ad06	0x102e0cb90	0x102e0cb90	mapped	0x102e0cb90
Microsoft.iOS	633	0x0600027a	Foundation.NSObject	InitializeObject	0x2050	NoInlining	Private, HideBySig	0x1007e177c	0x9498ad2a	0x102e0cc24	0x102e0cc24	mapped	0x102e0cc24
Microsoft.iOS	634	0x0600027b	Foundation.NSObject	xamarin_set_gchandle_with_flags_safe	0x0	136	Private, Static, HideBySig, PinvokeImpl	0x1007e1780	0x97fffd86	0x1007e0d98		absent	0x1007e0d98
Microsoft.iOS	635	0x0600027c	Foundation.NSObject	CreateManagedRef	0x2050	NoInlining	Private, HideBySig	0x1007e1784	0x9498ae9f	0x102e0d200	0x102e0d200	mapped	0x102e0d200
Microsoft.iOS	636	0x0600027d	Foundation.NSObject	ReleaseManagedRef	0x2050	NoInlining	Private, HideBySig	0x1007e1788	0x9498afc2	0x102e0d690	0x102e0d690	mapped	0x102e0d690
Microsoft.iOS	637	0x0600027e	Foundation.NSObject	InvokeConformsToProtocol	0x2050	NoInlining	Private, HideBySig	0x1007e178c	0x9498b08c	0x102e0d9bc	0x102e0d9bc	mapped	0x102e0d9bc
Microsoft.iOS	638	0x0600027f	Foundation.NSObject	ConformsToProtocol	0x2050	NoInlining	Public, Final, Virtual, HideBySig, VtableLayoutMask	0x1007e1790	0x9498b0a1	0x102e0da14	0x102e0da14	mapped	0x102e0da14
Microsoft.iOS	639	0x06000280	Foundation.NSObject	DangerousRelease	0x2050	NoInlining	Public, Final, Virtual, HideBySig, VtableLayoutMask	0x1007e1794	0x9498b108	0x102e0dbb4	0x102e0dbb4	mapped	0x102e0dbb4
Microsoft.iOS	640	0x06000281	Foundation.NSObject	DangerousRelease	0x2050	NoInlining	Assembly, Static, HideBySig	0x1007e1798	0x9498b11b	0x102e0dc04	0x102e0dc04	mapped	0x102e0dc04
Microsoft.iOS	641	0x06000282	Foundation.NSObject	DangerousAutorelease	0x2050	NoInlining	Assembly, Static, HideBySig	0x1007e179c	0x9498b137	0x102e0dc78	0x102e0dc78	mapped	0x102e0dc78
Microsoft.iOS	642	0x06000283	Foundation.NSObject	DangerousRetain	0x2050	NoInlining	Public, Final, Virtual, HideBySig, VtableLayoutMask	0x1007e17a0	0x9498b151	0x102e0dce4	0x102e0dce4	mapped	0x102e0dce4
Microsoft.iOS	643	0x06000284	Foundation.NSObject	DangerousAutorelease	0x2050	NoInlining	Public, Final, Virtual, HideBySig, VtableLayoutMask	0x1007e17a4	0x9498b167	0x102e0dd40	0x102e0dd40	mapped	0x102e0dd40
Microsoft.iOS	644	0x06000285	Foundation.NSObject	get_SuperHandle	0x2050	NoInlining	Public, HideBySig, SpecialName	0x1007e17a8	0x9498b17d	0x102e0dd9c	0x102e0dd9c	mapped	0x102e0dd9c
Microsoft.iOS	645	0x06000286	Foundation.NSObject	get_Handle	0x2050	NoInlining	Public, Final, Virtual, HideBySig, VtableLayoutMask, SpecialName	0x1007e17ac	0x9498b194	0x102e0ddfc	0x102e0ddfc	mapped	0x102e0ddfc
Microsoft.iOS	646	0x06000287	Foundation.NSObject	set_Handle	0x2050	NoInlining	Public, HideBySig, SpecialName	0x1007e17b0	0x9498b19c	0x102e0de20	0x102e0de20	mapped	0x102e0de20
Microsoft.iOS	647	0x06000288	Foundation.NSObject	InitializeHandle	0x2050	NoInlining	Family, HideBySig	0x1007e17b4	0x9498b1bc	0x102e0dea4	0x102e0dea4	mapped	0x102e0dea4
Microsoft.iOS	648	0x06000289	Foundation.NSObject	AllocIfNeeded	0x2050	NoInlining	Private, HideBySig	0x1007e17b8	0x9498b3a1	0x102e0e63c	0x102e0e63c	mapped	0x102e0e63c
Microsoft.iOS	649	0x0600028a	Foundation.NSObject	BeginInvokeOnMainThread	0x2050	NoInlining	Public, HideBySig	0x1007e17bc	0x9498b3ce	0x102e0e6f4	0x102e0e6f4	mapped	0x102e0e6f4
Microsoft.iOS	650	0x0600028b	Foundation.NSObject	BeginInvokeOnMainThread	0x2050	NoInlining	Assembly, HideBySig	0x1007e17c0	0x9498b3fa	0x102e0e7a8	0x102e0e7a8	mapped	0x102e0e7a8
Microsoft.iOS	651	0x0600028c	Foundation.NSObject	InvokeOnMainThread	0x2050	NoInlining	Public, HideBySig	0x1007e17c4	0x9498b420	0x102e0e844	0x102e0e844	mapped	0x102e0e844
Microsoft.iOS	652	0x0600028d	Foundation.NSObject	InvokeOnMainThread	0x2050	NoInlining	Assembly, HideBySig	0x1007e17c8	0x9498b46a	0x102e0e970	0x102e0e970	mapped	0x102e0e970
Microsoft.iOS	653	0x0600028e	Foundation.NSObject	GetHashCode	0x2050	NoInlining	Public, Virtual, HideBySig	0x1007e17cc	0x9498b4b6	0x102e0eaa4	0x102e0eaa4	mapped	0x102e0eaa4
Microsoft.iOS	654	0x0600028f	Foundation.NSObject	Equals	0x2050	NoInlining	Public, Virtual, HideBySig	0x1007e17d0	0x9498b4dc	0x102e0eb40	0x102e0eb40	mapped	0x102e0eb40
Microsoft.iOS	655	0x06000290	Foundation.NSObject	Equals	0x2050	NoInlining	Public, Final, Virtual, HideBySig, VtableLayoutMask	0x1007e17d4	0x9498b524	0x102e0ec64	0x102e0ec64	mapped	0x102e0ec64
Microsoft.iOS	656	0x06000291	Foundation.NSObject	ToString	0x2050	NoInlining	Public, Virtual, HideBySig	0x1007e17d8	0x9498b53b	0x102e0ecc4	0x102e0ecc4	mapped	0x102e0ecc4
Microsoft.iOS	657	0x06000292	Foundation.NSObject	ClearHandle	0x2050	NoInlining	Assembly, HideBySig	0x1007e17dc	0x9498b562	0x102e0ed64	0x102e0ed64	mapped	0x102e0ed64
Microsoft.iOS	658	0x06000293	Foundation.NSObject	Dispose	0x2050	NoInlining	Family, Virtual, HideBySig, VtableLayoutMask	0x1007e17e0	0x9498b57a	0x102e0edc8	0x102e0edc8	mapped	0x102e0edc8
Microsoft.iOS	659	0x06000294	Foundation.NSObject	FreeData	0x2050	NoInlining	Private, HideBySig	0x1007e17e4	0x9498b5ad	0x102e0ee98	0x102e0ee98	mapped	0x102e0ee98
Microsoft.iOS	660	0x06000295	Foundation.NSObject	Init	0x2050	NoInlining	Public, HideBySig	0x1007e17e8	0x9498b5d3	0x102e0ef34	0x102e0ef34	mapped	0x102e0ef34
Microsoft.iOS	661	0x06000296	Foundation.NSObject	get_ClassHandle	0x2050	NoInlining	Public, Virtual, HideBySig, VtableLayoutMask, SpecialName	0x1007e17ec	0x9498b5f4	0x102e0efbc	0x102e0efbc	mapped	0x102e0efbc
Microsoft.iOS	662	0x06000297	Foundation.NSObject	GetNativeHash	0x2050	NoInlining	Public, Final, Virtual, HideBySig, VtableLayoutMask	0x1007e17f0	0x9498b604	0x102e0f000	0x102e0f000	mapped	0x102e0f000
Microsoft.iOS	663	0x06000298	Foundation.NSObject	IsEqual	0x2050	NoInlining	Public, Final, Virtual, HideBySig, VtableLayoutMask	0x1007e17f4	0x9498b622	0x102e0f07c	0x102e0f07c	mapped	0x102e0f07c
Microsoft.iOS	664	0x06000299	Foundation.NSObject	get_Description	0x2050	NoInlining	Public, Final, Virtual, HideBySig, VtableLayoutMask, SpecialName	0x1007e17f8	0x9498b648	0x102e0f118	0x102e0f118	mapped	0x102e0f118
Microsoft.iOS	665	0x0600029a	Foundation.NSObject	.cctor	0x2050	NoInlining	Private, Static, HideBySig, SpecialName, RTSpecialName	0x1007e17fc	0x9498b667	0x102e0f198	0x102e0f198	mapped	0x102e0f198
Microsoft.iOS	666	0x0600029b	Foundation.NSObject+NSObject_Disposer	.ctor	0x2050	NoInlining	Private, HideBySig, SpecialName, RTSpecialName	0x1007e1800	0x9498b68e	0x102e0f238	0x102e0f238	mapped	0x102e0f238
Microsoft.iOS	667	0x0600029c	Foundation.NSObject+NSObject_Disposer	Add	0x2050	NoInlining	Assembly, Static, HideBySig	0x1007e1804	0x9498b6a6	0x102e0f29c	0x102e0f29c	mapped	0x102e0f29c
Microsoft.iOS	668	0x0600029d	Foundation.NSObject+NSObject_Disposer	ScheduleDrain	0x2050	NoInlining	Private, Static, HideBySig	0x1007e1808	0x9498b704	0x102e0f418	0x102e0f418	mapped	0x102e0f418
Microsoft.iOS	669	0x0600029e	Foundation.NSObject+NSObject_Disposer	Drain	0x2050	NoInlining	Private, Static, HideBySig	0x1007e180c	0x9498b723	0x102e0f498	0x102e0f498	mapped	0x102e0f498
Microsoft.iOS	670	0x0600029f	Foundation.NSObject+NSObject_Disposer	.cctor	0x2050	NoInlining	Private, Static, HideBySig, SpecialName, RTSpecialName	0x1007e1810	0x9498b803	0x102e0f81c	0x102e0f81c	mapped	0x102e0f81c
Microsoft.iOS	671	0x060002a0	Foundation.NSPredicate	FromFormat	0x2050	NoInlining	Public, Static, HideBySig	0x1007e1814	0x9498b84f	0x102e0f950	0x102e0f950	mapped	0x102e0f950
Microsoft.iOS	672	0x060002a1	Foundation.NSPredicate	get_ClassHandle	0x2050	NoInlining	Public, Final, Virtual, HideBySig, SpecialName	0x1007e1818	0x9498b869	0x102e0f9bc	0x102e0f9bc	mapped	0x102e0f9bc
Microsoft.iOS	673	0x060002a2	Foundation.NSPredicate	.ctor	0x2050	NoInlining	FamORAssem, HideBySig, SpecialName, RTSpecialName	0x1007e181c	0x9498b879	0x102e0fa00	0x102e0fa00	mapped	0x102e0fa00
Microsoft.iOS	674	0x060002a3	Foundation.NSPredicate	FromValue	0x2050	NoInlining	Public, Static, HideBySig	0x1007e1820	0x9498b893	0x102e0fa6c	0x102e0fa6c	mapped	0x102e0fa6c
Microsoft.iOS	675	0x060002a4	Foundation.NSPredicate	_FromFormat	0x2050	NoInlining	Assembly, Static, HideBySig	0x1007e1824	0x9498b8b4	0x102e0faf4	0x102e0faf4	mapped	0x102e0faf4
Microsoft.iOS	676	0x060002a5	Foundation.NSPredicate	.cctor	0x2050	NoInlining	Private, Static, HideBySig, SpecialName, RTSpecialName	0x1007e1828	0x9498b8f5	0x102e0fbfc	0x102e0fbfc	mapped	0x102e0fbfc
Microsoft.iOS	677	0x060002a6	Foundation.NSRange	.ctor	0x2050	NoInlining	Public, HideBySig, SpecialName, RTSpecialName	0x1007e182c	0x9498b90e	0x102e0fc64	0x102e0fc64	mapped	0x102e0fc64
Microsoft.iOS	678	0x060002a7	Foundation.NSRange	GetHashCode	0x2050	NoInlining	Public, Final, Virtual, HideBySig	0x1007e1830	0x9498b927	0x102e0fccc	0x102e0fccc	mapped	0x102e0fccc
Microsoft.iOS	679	0x060002a8	Foundation.NSRange	Equals	0x2050	NoInlining	Public, Final, Virtual, HideBySig	0x1007e1834	0x9498b947	0x102e0fd50	0x102e0fd50	mapped	0x102e0fd50
Microsoft.iOS	680	0x060002a9	Foundation.NSRange	Equals	0x2050	NoInlining	Public, Final, Virtual, HideBySig, VtableLayoutMask	0x1007e1838	0x9498b97a	0x102e0fe20	0x102e0fe20	mapped	0x102e0fe20
Microsoft.iOS	681	0x060002aa	Foundation.NSRange	ToString	0x2050	NoInlining	Public, Final, Virtual, HideBySig	0x1007e183c	0x9498b98a	0x102e0fe64	0x102e0fe64	mapped	0x102e0fe64
Microsoft.iOS	682	0x060002ab	Foundation.NSRange	.cctor	0x2050	NoInlining	Private, Static, HideBySig, SpecialName, RTSpecialName	0x1007e1840	0x9498b9ba	0x102e0ff28	0x102e0ff28	mapped	0x102e0ff28
Microsoft.iOS	683	0x060002ac	Foundation.NSRunLoop	get_ClassHandle	0x2050	NoInlining	Public, Final, Virtual, HideBySig, SpecialName	0x1007e1844	0x9498b9cb	0x102e0ff70	0x102e0ff70	mapped	0x102e0ff70
Microsoft.iOS	684	0x060002ad	Foundation.NSRunLoop	.ctor	0x2050	NoInlining	FamORAssem, HideBySig, SpecialName, RTSpecialName	0x1007e1848	0x9498b9db	0x102e0ffb4	0x102e0ffb4	mapped	0x102e0ffb4
Microsoft.iOS	685	0x060002ae	Foundation.NSRunLoop	GetCFRunLoop	0x2050	NoInlining	Public, HideBySig	0x1007e184c	0x9498b9f5	0x102e10020	0x102e10020	mapped	0x102e10020
Microsoft.iOS	686	0x060002af	Foundation.NSRunLoop	get_Main	0x2050	NoInlining	Public, Static, HideBySig, SpecialName	0x1007e1850	0x9498ba19	0x102e100b4	0x102e100b4	mapped	0x102e100b4
Microsoft.iOS	687	0x060002b0	Foundation.NSRunLoop	.cctor	0x2050	NoInlining	Private, Static, HideBySig, SpecialName, RTSpecialName	0x1007e1854	0x9498ba35	0x102e10128	0x102e10128	mapped	0x102e10128
Microsoft.iOS	688	0x060002b1	Foundation.NSRunLoopModeExtensions	get_NSDefaultRunLoopMode	0x2050	NoInlining	Assembly, Static, HideBySig, SpecialName	0x1007e1858	0x9498ba4e	0x102e10190	0x102e10190	mapped	0x102e10190
Microsoft.iOS	689	0x060002b2	Foundation.NSRunLoopModeExtensions	get_NSRunLoopCommonModes	0x2050	NoInlining	Assembly, Static, HideBySig, SpecialName	0x1007e185c	0x9498ba77	0x102e10238	0x102e10238	mapped	0x102e10238
Microsoft.iOS	690	0x060002b3	Foundation.NSRunLoopModeExtensions	get_UITrackingRunLoopMode	0x2050	NoInlining	Assembly, Static, HideBySig, SpecialName	0x1007e1860	0x9498baa1	0x102e102e4	0x102e102e4	mapped	0x102e102e4
Microsoft.iOS	691	0x060002b4	Foundation.NSRunLoopModeExtensions	GetConstant	0x2050	NoInlining	Public, Static, HideBySig	0x1007e1864	0x9498bacb	0x102e10390	0x102e10390	mapped	0x102e10390
Microsoft.iOS	692	0x060002b5	Foundation.NSRunLoopModeExtensions	.cctor	0x2050	NoInlining	Private, Static, HideBySig, SpecialName, RTSpecialName	0x1007e1868	0x9498bafb	0x102e10454	0x102e10454	mapped	0x102e10454
Microsoft.iOS	693	0x060002b6	Foundation.NSSet	ToArray	0x2050	NoInlining	Public, HideBySig	0x1007e186c	0x9498bb16	0x102e104c4	0x102e104c4	mapped	0x102e104c4
Microsoft.iOS	694	0x060002b7	Foundation.NSSet	GetEnumerator	0x2050	NoInlining	Public, Final, Virtual, HideBySig, VtableLayoutMask	0x1007e1870	0x9498bb45	0x102e10584	0x102e10584	mapped	0x102e10584
Microsoft.iOS	695	0x060002b8	Foundation.NSSet	System.Collections.IEnumerable.GetEnumerator	0x2050	NoInlining	Private, Final, Virtual, HideBySig, VtableLayoutMask	0x1007e1874	0x9498bb68	0x102e10614	0x102e10614	mapped	0x102e10614
Microsoft.iOS	696	0x060002b9	Foundation.NSSet	op_Addition	0x2050	NoInlining	Public, Static, HideBySig, SpecialName	0x1007e1878	0x9498bb8a	0x102e106a0	0x102e106a0	mapped	0x102e106a0
Microsoft.iOS	697	0x060002ba	Foundation.NSSet	op_Subtraction	0x2050	NoInlining	Public, Static, HideBySig, SpecialName	0x1007e187c	0x9498bbb4	0x102e1074c	0x102e1074c	mapped	0x102e1074c
Microsoft.iOS	698	0x060002bb	Foundation.NSSet	get_ClassHandle	0x2050	NoInlining	Public, Virtual, HideBySig, SpecialName	0x1007e1880	0x9498bbe0	0x102e10800	0x102e10800	mapped	0x102e10800
Microsoft.iOS	699	0x060002bc	Foundation.NSSet	.ctor	0x2050	NoInlining	Family, HideBySig, SpecialName, RTSpecialName	0x1007e1884	0x9498bbf0	0x102e10844	0x102e10844	mapped	0x102e10844
Microsoft.iOS	700	0x060002bd	Foundation.NSSet	.ctor	0x2050	NoInlining	FamORAssem, HideBySig, SpecialName, RTSpecialName	0x1007e1888	0x9498bc08	0x102e108a8	0x102e108a8	mapped	0x102e108a8
Microsoft.iOS	701	0x060002be	Foundation.NSSet	.ctor	0x2050	NoInlining	Public, HideBySig, SpecialName, RTSpecialName	0x1007e188c	0x9498bc22	0x102e10914	0x102e10914	mapped	0x102e10914
Microsoft.iOS	702	0x060002bf	Foundation.NSSet	SetByAddingObjectsFromSet	0x2050	NoInlining	Assembly, Final, Virtual, HideBySig, VtableLayoutMask, CheckAccessOnOverride	0x1007e1890	0x9498bc4f	0x102e109cc	0x102e109cc	mapped	0x102e109cc
Microsoft.iOS	703	0x060002c0	Foundation.NSSet	_AllObjects	0x2050	NoInlining	Assembly, Final, Virtual, HideBySig, VtableLayoutMask, CheckAccessOnOverride	0x1007e1894	0x9498bc78	0x102e10a74	0x102e10a74	mapped	0x102e10a74
Microsoft.iOS	704	0x060002c1	Foundation.NSSet	_GetEnumerator	0x2050	NoInlining	Assembly, Final, Virtual, HideBySig, VtableLayoutMask, CheckAccessOnOverride	0x1007e1898	0x9498bc8d	0x102e10acc	0x102e10acc	mapped	0x102e10acc
Microsoft.iOS	705	0x060002c2	Foundation.NSSet	get_Count	0x2050	NoInlining	Public, Final, Virtual, HideBySig, VtableLayoutMask, SpecialName	0x1007e189c	0x9498bcb0	0x102e10b5c	0x102e10b5c	mapped	0x102e10b5c
Microsoft.iOS	706	0x060002c3	Foundation.NSSet	.cctor	0x2050	NoInlining	Private, Static, HideBySig, SpecialName, RTSpecialName	0x1007e18a0	0x9498bcc5	0x102e10bb4	0x102e10bb4	mapped	0x102e10bb4
Microsoft.iOS	707	0x060002c4	Foundation.NSSet+<GetEnumerator>d__5	.ctor	0x2050	NoInlining	Public, HideBySig, SpecialName, RTSpecialName	0x1007e18a4	0x9498bcde	0x102e10c1c	0x102e10c1c	mapped	0x102e10c1c
Microsoft.iOS	708	0x060002c5	Foundation.NSSet+<GetEnumerator>d__5	System.IDisposable.Dispose	0x2050	NoInlining	Private, Final, Virtual, HideBySig, VtableLayoutMask	0x1007e18a8	0x9498bce6	0x102e10c40	0x102e10c40	mapped	0x102e10c40
Microsoft.iOS	709	0x060002c6	Foundation.NSSet+<GetEnumerator>d__5	MoveNext	0x2050	NoInlining	Private, Final, Virtual, HideBySig, VtableLayoutMask	0x1007e18ac	0x9498bce6	0x102e10c44	0x102e10c44	mapped	0x102e10c44
Microsoft.iOS	710	0x060002c7	Foundation.NSSet+<GetEnumerator>d__5	System.Collections.Generic.IEnumerator<Foundation.NSObject>.get_Current	0x2050	NoInlining	Private, Final, Virtual, HideBySig, VtableLayoutMask, SpecialName	0x1007e18b0	0x9498bd23	0x102e10d3c	0x102e10d3c	mapped	0x102e10d3c
Microsoft.iOS	711	0x060002c8	Foundation.NSSet+<GetEnumerator>d__5	System.Collections.IEnumerator.Reset	0x2050	NoInlining	Private, Final, Virtual, HideBySig, VtableLayoutMask	0x1007e18b4	0x9498bd2b	0x102e10d60	0x102e10d60	mapped	0x102e10d60
Microsoft.iOS	712	0x060002c9	Foundation.NSSet+<GetEnumerator>d__5	System.Collections.IEnumerator.get_Current	0x2050	NoInlining	Private, Final, Virtual, HideBySig, VtableLayoutMask, SpecialName	0x1007e18b8	0x9498bd35	0x102e10d8c	0x102e10d8c	mapped	0x102e10d8c
Microsoft.iOS	713	0x060002ca	Foundation.NSStream	get_ClassHandle	0x2050	NoInlining	Public, Virtual, HideBySig, SpecialName	0x1007e18bc	0x9498bd3d	0x102e10db0	0x102e10db0	mapped	0x102e10db0
Microsoft.iOS	714	0x060002cb	Foundation.NSStream	.ctor	0x2050	NoInlining	Family, HideBySig, SpecialName, RTSpecialName	0x1007e18c0	0x9498bd4d	0x102e10df4	0x102e10df4	mapped	0x102e10df4
Microsoft.iOS	715	0x060002cc	Foundation.NSStream	.ctor	0x2050	NoInlining	FamORAssem, HideBySig, SpecialName, RTSpecialName	0x1007e18c4	0x9498bd65	0x102e10e58	0x102e10e58	mapped	0x102e10e58
Microsoft.iOS	716	0x060002cd	Foundation.NSStream	Close	0x2050	NoInlining	Public, Virtual, HideBySig, VtableLayoutMask	0x1007e18c8	0x9498bd7f	0x102e10ec4	0x102e10ec4	mapped	0x102e10ec4
Microsoft.iOS	717	0x060002ce	Foundation.NSStream	GetProperty	0x2050	NoInlining	Family, Virtual, HideBySig, VtableLayoutMask	0x1007e18cc	0x9498bd9d	0x102e10f40	0x102e10f40	mapped	0x102e10f40
Microsoft.iOS	718	0x060002cf	Foundation.NSStream	Open	0x2050	NoInlining	Public, Virtual, HideBySig, VtableLayoutMask	0x1007e18d0	0x9498bdb4	0x102e10fa0	0x102e10fa0	mapped	0x102e10fa0
Microsoft.iOS	719	0x060002d0	Foundation.NSStream	Schedule	0x2050	NoInlining	Public, Virtual, HideBySig, VtableLayoutMask	0x1007e18d4	0x9498bdd2	0x102e1101c	0x102e1101c	mapped	0x102e1101c
Microsoft.iOS	720	0x060002d1	Foundation.NSStream	SetProperty	0x2050	NoInlining	Family, Virtual, HideBySig, VtableLayoutMask	0x1007e18d8	0x9498be0d	0x102e1110c	0x102e1110c	mapped	0x102e1110c
Microsoft.iOS	721	0x060002d2	Foundation.NSStream	Unschedule	0x2050	NoInlining	Public, Virtual, HideBySig, VtableLayoutMask	0x1007e18dc	0x9498be24	0x102e1116c	0x102e1116c	mapped	0x102e1116c
Microsoft.iOS	722	0x060002d3	Foundation.NSStream	get_Error	0x2050	NoInlining	Public, Virtual, HideBySig, VtableLayoutMask, SpecialName	0x1007e18e0	0x9498be5f	0x102e1125c	0x102e1125c	mapped	0x102e1125c
Microsoft.iOS	723	0x060002d4	Foundation.NSStream	get_Status	0x2050	NoInlining	Public, Virtual, HideBySig, VtableLayoutMask, SpecialName	0x1007e18e4	0x9498be8b	0x102e11310	0x102e11310	mapped	0x102e11310
Microsoft.iOS	724	0x060002d5	Foundation.NSStream	Dispose	0x2050	NoInlining	Family, Virtual, HideBySig	0x1007e18e8	0x9498bea9	0x102e1138c	0x102e1138c	mapped	0x102e1138c
Microsoft.iOS	725	0x060002d6	Foundation.NSStream	.cctor	0x2050	NoInlining	Private, Static, HideBySig, SpecialName, RTSpecialName	0x1007e18ec	0x9498bebe	0x102e113e4	0x102e113e4	mapped	0x102e113e4
Microsoft.iOS	726	0x060002d7	Foundation.NSString	CreateWithCharacters	0x2050	NoInlining	Private, Static, HideBySig	0x1007e18f0	0x9498bed7	0x102e1144c	0x102e1144c	mapped	0x102e1144c
Microsoft.iOS	727	0x060002d8	Foundation.NSString	CreateNative	0x2050	NoInlining	Public, Static, HideBySig	0x1007e18f4	0x9498bf04	0x102e11504	0x102e11504	mapped	0x102e11504
Microsoft.iOS	728	0x060002d9	Foundation.NSString	CreateNative	0x2050	NoInlining	Public, Static, HideBySig	0x1007e18f8	0x9498bf1d	0x102e1156c	0x102e1156c	mapped	0x102e1156c
Microsoft.iOS	729	0x060002da	Foundation.NSString	CreateNative	0x2050	NoInlining	Public, Static, HideBySig	0x1007e18fc	0x9498bf3e	0x102e115f4	0x102e115f4	mapped	0x102e115f4
Microsoft.iOS	730	0x060002db	Foundation.NSString	ReleaseNative	0x2050	NoInlining	Public, Static, HideBySig	0x1007e1900	0x9498bf7e	0x102e116f8	0x102e116f8	mapped	0x102e116f8
Microsoft.iOS	731	0x060002dc	Foundation.NSString	.ctor	0x2050	NoInlining	Public, HideBySig, SpecialName, RTSpecialName	0x1007e1904	0x9498bf96	0x102e1175c	0x102e1175c	mapped	0x102e1175c
Microsoft.iOS	732	0x060002dd	Foundation.NSString	ToString	0x2050	NoInlining	Public, Final, Virtual, HideBySig	0x1007e1908	0x9498bfd5	0x102e1185c	0x102e1185c	mapped	0x102e1185c
Microsoft.iOS	733	0x060002de	Foundation.NSString	op_Implicit	0x2050	NoInlining	Public, Static, HideBySig, SpecialName	0x1007e190c	0x9498bfe8	0x102e118ac	0x102e118ac	mapped	0x102e118ac
Microsoft.iOS	734	0x060002df	Foundation.NSString	op_Explicit	0x2050	NoInlining	Public, Static, HideBySig, SpecialName	0x1007e1910	0x9498c005	0x102e11924	0x102e11924	mapped	0x102e11924
Microsoft.iOS	735	0x060002e0	Foundation.NSString	FromHandle	0x2050	NoInlining	Public, Static, HideBySig	0x1007e1914	0x9498c025	0x102e119a8	0x102e119a8	mapped	0x102e119a8
Microsoft.iOS	736	0x060002e1	Foundation.NSString	FromHandle	0x2050	NoInlining	Public, Static, HideBySig	0x1007e1918	0x9498c03e	0x102e11a10	0x102e11a10	mapped	0x102e11a10
Microsoft.iOS	737	0x060002e2	Foundation.NSString	Equals	0x2050	NoInlining	Public, Static, HideBySig	0x1007e191c	0x9498c076	0x102e11af4	0x102e11af4	mapped	0x102e11af4
Microsoft.iOS	738	0x060002e3	Foundation.NSString	op_Equality	0x2050	NoInlining	Public, Static, HideBySig, SpecialName	0x1007e1920	0x9498c09f	0x102e11b9c	0x102e11b9c	mapped	0x102e11b9c
Microsoft.iOS	739	0x060002e4	Foundation.NSString	op_Inequality	0x2050	NoInlining	Public, Static, HideBySig, SpecialName	0x1007e1924	0x9498c0b9	0x102e11c08	0x102e11c08	mapped	0x102e11c08
Microsoft.iOS	740	0x060002e5	Foundation.NSString	Equals	0x2050	NoInlining	Public, Final, Virtual, HideBySig	0x1007e1928	0x9498c0d5	0x102e11c7c	0x102e11c7c	mapped	0x102e11c7c
Microsoft.iOS	741	0x060002e6	Foundation.NSString	GetHashCode	0x2050	NoInlining	Public, Final, Virtual, HideBySig	0x1007e192c	0x9498c0f6	0x102e11d04	0x102e11d04	mapped	0x102e11d04
Microsoft.iOS	742	0x060002e7	Foundation.NSString	Encode	0x2050	NoInlining	Public, HideBySig	0x1007e1930	0x9498c103	0x102e11d3c	0x102e11d3c	mapped	0x102e11d3c
Microsoft.iOS	743	0x060002e8	Foundation.NSString	CompareTo	0x2050	NoInlining	Public, Final, Virtual, HideBySig, VtableLayoutMask	0x1007e1934	0x9498c132	0x102e11dfc	0x102e11dfc	mapped	0x102e11dfc
Microsoft.iOS	744	0x060002e9	Foundation.NSString	get_ClassHandle	0x2050	NoInlining	Public, Final, Virtual, HideBySig, SpecialName	0x1007e1938	0x9498c14a	0x102e11e60	0x102e11e60	mapped	0x102e11e60
Microsoft.iOS	745	0x060002ea	Foundation.NSString	.ctor	0x2050	NoInlining	FamORAssem, HideBySig, SpecialName, RTSpecialName	0x1007e193c	0x9498c15a	0x102e11ea4	0x102e11ea4	mapped	0x102e11ea4
Microsoft.iOS	746	0x060002eb	Foundation.NSString	.ctor	0x2050	NoInlining	Public, HideBySig, SpecialName, RTSpecialName	0x1007e1940	0x9498c174	0x102e11f10	0x102e11f10	mapped	0x102e11f10
Microsoft.iOS	747	0x060002ec	Foundation.NSString	Compare	0x2050	NoInlining	Public, HideBySig	0x1007e1944	0x9498c1a5	0x102e11fd8	0x102e11fd8	mapped	0x102e11fd8
Microsoft.iOS	748	0x060002ed	Foundation.NSString	IsEqualTo	0x2050	NoInlining	Public, HideBySig	0x1007e1948	0x9498c1cb	0x102e12074	0x102e12074	mapped	0x102e12074
Microsoft.iOS	749	0x060002ee	Foundation.NSString	.cctor	0x2050	NoInlining	Private, Static, HideBySig, SpecialName, RTSpecialName	0x1007e194c	0x9498c1e4	0x102e120dc	0x102e120dc	mapped	0x102e120dc
Microsoft.iOS	750	0x060002ef	Foundation.NSThread	get_ClassHandle	0x2050	NoInlining	Public, Final, Virtual, HideBySig, SpecialName	0x1007e1950	0x9498c20a	0x102e12178	0x102e12178	mapped	0x102e12178
Microsoft.iOS	751	0x060002f0	Foundation.NSThread	.ctor	0x2050	NoInlining	FamORAssem, HideBySig, SpecialName, RTSpecialName	0x1007e1954	0x9498c21a	0x102e121bc	0x102e121bc	mapped	0x102e121bc
Microsoft.iOS	752	0x060002f1	Foundation.NSThread	get_Current	0x2050	NoInlining	Public, Static, HideBySig, SpecialName	0x1007e1958	0x9498c234	0x102e12228	0x102e12228	mapped	0x102e12228
Microsoft.iOS	753	0x060002f2	Foundation.NSThread	get_IsMainThread	0x2050	NoInlining	Public, HideBySig, SpecialName	0x1007e195c	0x9498c250	0x102e1229c	0x102e1229c	mapped	0x102e1229c
Microsoft.iOS	754	0x060002f3	Foundation.NSThread	.cctor	0x2050	NoInlining	Private, Static, HideBySig, SpecialName, RTSpecialName	0x1007e1960	0x9498c267	0x102e122fc	0x102e122fc	mapped	0x102e122fc
Microsoft.iOS	755	0x060002f4	Foundation.NSTimeZone	ToString	0x2050	NoInlining	Public, Final, Virtual, HideBySig	0x1007e1964	0x9498c280	0x102e12364	0x102e12364	mapped	0x102e12364
Microsoft.iOS	756	0x060002f5	Foundation.NSTimeZone	get_ClassHandle	0x2050	NoInlining	Public, Final, Virtual, HideBySig, SpecialName	0x1007e1968	0x9498c296	0x102e123c0	0x102e123c0	mapped	0x102e123c0
Microsoft.iOS	757	0x060002f6	Foundation.NSTimeZone	.ctor	0x2050	NoInlining	FamORAssem, HideBySig, SpecialName, RTSpecialName	0x1007e196c	0x9498c2a6	0x102e12404	0x102e12404	mapped	0x102e12404
Microsoft.iOS	758	0x060002f7	Foundation.NSTimeZone	FromName	0x2050	NoInlining	Public, Static, HideBySig	0x1007e1970	0x9498c2c0	0x102e12470	0x102e12470	mapped	0x102e12470
Microsoft.iOS	759	0x060002f8	Foundation.NSTimeZone	get_Name	0x2050	NoInlining	Public, HideBySig, SpecialName	0x1007e1974	0x9498c2ef	0x102e12530	0x102e12530	mapped	0x102e12530
Microsoft.iOS	760	0x060002f9	Foundation.NSTimeZone	.cctor	0x2050	NoInlining	Private, Static, HideBySig, SpecialName, RTSpecialName	0x1007e1978	0x9498c305	0x102e1258c	0x102e1258c	mapped	0x102e1258c
Microsoft.iOS	761	0x060002fa	Foundation.NSUrl	Equals	0x2050	NoInlining	Public, Final, Virtual, HideBySig, VtableLayoutMask	0x1007e197c	0x9498c31e	0x102e125f4	0x102e125f4	mapped	0x102e125f4
Microsoft.iOS	762	0x060002fb	Foundation.NSUrl	op_Implicit	0x2050	NoInlining	Public, Static, HideBySig, SpecialName	0x1007e1980	0x9498c34b	0x102e126ac	0x102e126ac	mapped	0x102e126ac
Microsoft.iOS	763	0x060002fc	Foundation.NSUrl	op_Implicit	0x2050	NoInlining	Public, Static, HideBySig, SpecialName	0x1007e1984	0x9498c37f	0x102e12780	0x102e12780	mapped	0x102e12780
Microsoft.iOS	764	0x060002fd	Foundation.NSUrl	FromFilename	0x2050	NoInlining	Public, Static, HideBySig	0x1007e1988	0x9498c3a7	0x102e12824	0x102e12824	mapped	0x102e12824
Microsoft.iOS	765	0x060002fe	Foundation.NSUrl	ToString	0x2050	NoInlining	Public, Final, Virtual, HideBySig	0x1007e198c	0x9498c3c5	0x102e128a0	0x102e128a0	mapped	0x102e128a0
Microsoft.iOS	766	0x060002ff	Foundation.NSUrl	op_Equality	0x2050	NoInlining	Public, Static, HideBySig, SpecialName	0x1007e1990	0x9498c3de	0x102e12908	0x102e12908	mapped	0x102e12908
Microsoft.iOS	767	0x06000300	Foundation.NSUrl	op_Inequality	0x2050	NoInlining	Public, Static, HideBySig, SpecialName	0x1007e1994	0x9498c418	0x102e129f4	0x102e129f4	mapped	0x102e129f4
Microsoft.iOS	768	0x06000301	Foundation.NSUrl	get_ClassHandle	0x2050	NoInlining	Public, Final, Virtual, HideBySig, SpecialName	0x1007e1998	0x9498c434	0x102e12a68	0x102e12a68	mapped	0x102e12a68
Microsoft.iOS	769	0x06000302	Foundation.NSUrl	.ctor	0x2050	NoInlining	FamORAssem, HideBySig, SpecialName, RTSpecialName	0x1007e199c	0x9498c444	0x102e12aac	0x102e12aac	mapped	0x102e12aac
Microsoft.iOS	770	0x06000303	Foundation.NSUrl	.ctor	0x2050	NoInlining	Public, HideBySig, SpecialName, RTSpecialName	0x1007e19a0	0x9498c45e	0x102e12b18	0x102e12b18	mapped	0x102e12b18
Microsoft.iOS	771	0x06000304	Foundation.NSUrl	.ctor	0x2050	NoInlining	Public, HideBySig, SpecialName, RTSpecialName	0x1007e19a4	0x9498c499	0x102e12c08	0x102e12c08	mapped	0x102e12c08
Microsoft.iOS	772	0x06000305	Foundation.NSUrl	FromString	0x2050	NoInlining	Public, Static, HideBySig	0x1007e19a8	0x9498c4cf	0x102e12ce4	0x102e12ce4	mapped	0x102e12ce4
Microsoft.iOS	773	0x06000306	Foundation.NSUrl	IsEqual	0x2050	NoInlining	Assembly, HideBySig, CheckAccessOnOverride	0x1007e19ac	0x9498c4f6	0x102e12d84	0x102e12d84	mapped	0x102e12d84
Microsoft.iOS	774	0x06000307	Foundation.NSUrl	get_AbsoluteString	0x2050	NoInlining	Public, HideBySig, SpecialName	0x1007e19b0	0x9498c511	0x102e12df4	0x102e12df4	mapped	0x102e12df4
Microsoft.iOS	775	0x06000308	Foundation.NSUrl	get_AbsoluteUrl	0x2050	NoInlining	Public, HideBySig, SpecialName	0x1007e19b4	0x9498c527	0x102e12e50	0x102e12e50	mapped	0x102e12e50
Microsoft.iOS	776	0x06000309	Foundation.NSUrl	get_Path	0x2050	NoInlining	Public, HideBySig, SpecialName	0x1007e19b8	0x9498c54a	0x102e12ee0	0x102e12ee0	mapped	0x102e12ee0
Microsoft.iOS	777	0x0600030a	Foundation.NSUrl	.cctor	0x2050	NoInlining	Private, Static, HideBySig, SpecialName, RTSpecialName	0x1007e19bc	0x9498c560	0x102e12f3c	0x102e12f3c	mapped	0x102e12f3c
Microsoft.iOS	778	0x0600030b	Foundation.NSUrlCredential	get_ClassHandle	0x2050	NoInlining	Public, Final, Virtual, HideBySig, SpecialName	0x1007e19c0	0x9498c579	0x102e12fa4	0x102e12fa4	mapped	0x102e12fa4
Microsoft.iOS	779	0x0600030c	Foundation.NSUrlCredential	.ctor	0x2050	NoInlining	FamORAssem, HideBySig, SpecialName, RTSpecialName	0x1007e19c4	0x9498c589	0x102e12fe8	0x102e12fe8	mapped	0x102e12fe8
Microsoft.iOS	780	0x0600030d	Foundation.NSUrlCredential	.ctor	0x2050	NoInlining	Public, HideBySig, SpecialName, RTSpecialName	0x1007e19c8	0x9498c5a3	0x102e13054	0x102e13054	mapped	0x102e13054
Microsoft.iOS	781	0x0600030e	Foundation.NSUrlCredential	.ctor	0x2050	NoInlining	Public, HideBySig, SpecialName, RTSpecialName	0x1007e19cc	0x9498c5d4	0x102e1311c	0x102e1311c	mapped	0x102e1311c
Microsoft.iOS	782	0x0600030f	Foundation.NSUrlCredential	.cctor	0x2050	NoInlining	Private, Static, HideBySig, SpecialName, RTSpecialName	0x1007e19d0	0x9498c619	0x102e13234	0x102e13234	mapped	0x102e13234
Microsoft.iOS	783	0x06000310	Foundation.NSUrlProtectionSpace	get_ServerSecTrust	0x2050	NoInlining	Public, HideBySig, SpecialName	0x1007e19d4	0x9498c632	0x102e1329c	0x102e1329c	mapped	0x102e1329c
Microsoft.iOS	784	0x06000311	Foundation.NSUrlProtectionSpace	get_ClassHandle	0x2050	NoInlining	Public, Final, Virtual, HideBySig, SpecialName	0x1007e19d8	0x9498c65f	0x102e13354	0x102e13354	mapped	0x102e13354
Microsoft.iOS	785	0x06000312	Foundation.NSUrlProtectionSpace	.ctor	0x2050	NoInlining	FamORAssem, HideBySig, SpecialName, RTSpecialName	0x1007e19dc	0x9498c66f	0x102e13398	0x102e13398	mapped	0x102e13398
Microsoft.iOS	786	0x06000313	Foundation.NSUrlProtectionSpace	get_AuthenticationMethod	0x2050	NoInlining	Public, HideBySig, SpecialName	0x1007e19e0	0x9498c689	0x102e13404	0x102e13404	mapped	0x102e13404
Microsoft.iOS	787	0x06000314	Foundation.NSUrlProtectionSpace	get_ServerTrust	0x2050	NoInlining	Assembly, HideBySig, CheckAccessOnOverride, SpecialName	0x1007e19e4	0x9498c69f	0x102e13460	0x102e13460	mapped	0x102e13460
Microsoft.iOS	788	0x06000315	Foundation.NSUrlProtectionSpace	get_AuthenticationMethodHTMLForm	0x2050	NoInlining	Public, Static, HideBySig, SpecialName	0x1007e19e8	0x9498c6b4	0x102e134b8	0x102e134b8	mapped	0x102e134b8
Microsoft.iOS	789	0x06000316	Foundation.NSUrlProtectionSpace	get_AuthenticationMethodHTTPBasic	0x2050	NoInlining	Public, Static, HideBySig, SpecialName	0x1007e19ec	0x9498c6d4	0x102e1353c	0x102e1353c	mapped	0x102e1353c
Microsoft.iOS	790	0x06000317	Foundation.NSUrlProtectionSpace	get_AuthenticationMethodHTTPDigest	0x2050	NoInlining	Public, Static, HideBySig, SpecialName	0x1007e19f0	0x9498c6f4	0x102e135c0	0x102e135c0	mapped	0x102e135c0
Microsoft.iOS	791	0x06000318	Foundation.NSUrlProtectionSpace	get_AuthenticationMethodNTLM	0x2050	NoInlining	Public, Static, HideBySig, SpecialName	0x1007e19f4	0x9498c714	0x102e13644	0x102e13644	mapped	0x102e13644
Microsoft.iOS	792	0x06000319	Foundation.NSUrlProtectionSpace	get_AuthenticationMethodNegotiate	0x2050	NoInlining	Public, Static, HideBySig, SpecialName	0x1007e19f8	0x9498c734	0x102e136c8	0x102e136c8	mapped	0x102e136c8
Microsoft.iOS	793	0x0600031a	Foundation.NSUrlProtectionSpace	get_AuthenticationMethodServerTrust	0x2050	NoInlining	Public, Static, HideBySig, SpecialName	0x1007e19fc	0x9498c754	0x102e1374c	0x102e1374c	mapped	0x102e1374c
Microsoft.iOS	794	0x0600031b	Foundation.NSUrlProtectionSpace	.cctor	0x2050	NoInlining	Private, Static, HideBySig, SpecialName, RTSpecialName	0x1007e1a00	0x9498c774	0x102e137d0	0x102e137d0	mapped	0x102e137d0
Microsoft.iOS	795	0x0600031c	Foundation.NSUrlSessionConfiguration	get_SessionType	0x2050	NoInlining	Public, HideBySig, SpecialName	0x1007e1a04	0x9498c78d	0x102e13838	0x102e13838	mapped	0x102e13838
Microsoft.iOS	796	0x0600031d	Foundation.NSUrlSessionConfiguration	set_SessionType	0x2050	NoInlining	Private, HideBySig, SpecialName	0x1007e1a08	0x9498c795	0x102e1385c	0x102e1385c	mapped	0x102e1385c
Microsoft.iOS	797	0x0600031e	Foundation.NSUrlSessionConfiguration	get_DefaultSessionConfiguration	0x2050	NoInlining	Public, Static, HideBySig, SpecialName	0x1007e1a0c	0x9498c79d	0x102e13880	0x102e13880	mapped	0x102e13880
Microsoft.iOS	798	0x0600031f	Foundation.NSUrlSessionConfiguration	get_ClassHandle	0x2050	NoInlining	Public, Final, Virtual, HideBySig, SpecialName	0x1007e1a10	0x9498c7b7	0x102e138ec	0x102e138ec	mapped	0x102e138ec
Microsoft.iOS	799	0x06000320	Foundation.NSUrlSessionConfiguration	.ctor	0x2050	NoInlining	FamORAssem, HideBySig, SpecialName, RTSpecialName	0x1007e1a14	0x9498c7c7	0x102e13930	0x102e13930	mapped	0x102e13930
Microsoft.iOS	800	0x06000321	Foundation.NSUrlSessionConfiguration	get_AllowsCellularAccess	0x2050	NoInlining	Public, HideBySig, SpecialName	0x1007e1a18	0x9498c7e1	0x102e1399c	0x102e1399c	mapped	0x102e1399c
Microsoft.iOS	801	0x06000322	Foundation.NSUrlSessionConfiguration	get_HttpCookieStorage	0x2050	NoInlining	Public, HideBySig, SpecialName	0x1007e1a1c	0x9498c7f8	0x102e139fc	0x102e139fc	mapped	0x102e139fc
Microsoft.iOS	802	0x06000323	Foundation.NSUrlSessionConfiguration	set_TLSMinimumSupportedProtocol	0x2050	NoInlining	Public, HideBySig, SpecialName	0x1007e1a20	0x9498c81b	0x102e13a8c	0x102e13a8c	mapped	0x102e13a8c
Microsoft.iOS	803	0x06000324	Foundation.NSUrlSessionConfiguration	set_TimeoutIntervalForRequest	0x2050	NoInlining	Public, HideBySig, SpecialName	0x1007e1a24	0x9498c832	0x102e13aec	0x102e13aec	mapped	0x102e13aec
Microsoft.iOS	804	0x06000325	Foundation.NSUrlSessionConfiguration	set_TimeoutIntervalForResource	0x2050	NoInlining	Public, HideBySig, SpecialName	0x1007e1a28	0x9498c84b	0x102e13b54	0x102e13b54	mapped	0x102e13b54
Microsoft.iOS	805	0x06000326	Foundation.NSUrlSessionConfiguration	get__DefaultSessionConfiguration	0x2050	NoInlining	Assembly, Static, HideBySig, SpecialName	0x1007e1a2c	0x9498c864	0x102e13bbc	0x102e13bbc	mapped	0x102e13bbc
Microsoft.iOS	806	0x06000327	Foundation.NSUrlSessionConfiguration	Dispose	0x2050	NoInlining	Family, Final, Virtual, HideBySig	0x1007e1a30	0x9498c880	0x102e13c30	0x102e13c30	mapped	0x102e13c30
Microsoft.iOS	807	0x06000328	Foundation.NSUrlSessionConfiguration	.cctor	0x2050	NoInlining	Private, Static, HideBySig, SpecialName, RTSpecialName	0x1007e1a34	0x9498c895	0x102e13c88	0x102e13c88	mapped	0x102e13c88
Microsoft.iOS	808	0x06000329	Foundation.NSUserDefaults	.ctor	0x2050	NoInlining	Public, HideBySig, SpecialName, RTSpecialName	0x1007e1a38	0x9498c8ae	0x102e13cf0	0x102e13cf0	mapped	0x102e13cf0
Microsoft.iOS	809	0x0600032a	Foundation.NSUserDefaults	SetString	0x2050	NoInlining	Public, HideBySig	0x1007e1a3c	0x9498c915	0x102e13e90	0x102e13e90	mapped	0x102e13e90
Microsoft.iOS	810	0x0600032b	Foundation.NSUserDefaults	get_Item	0x2050	NoInlining	Public, HideBySig, SpecialName	0x1007e1a40	0x9498c958	0x102e13fa0	0x102e13fa0	mapped	0x102e13fa0
Microsoft.iOS	811	0x0600032c	Foundation.NSUserDefaults	get_ClassHandle	0x2050	NoInlining	Public, Final, Virtual, HideBySig, SpecialName	0x1007e1a44	0x9498c96d	0x102e13ff8	0x102e13ff8	mapped	0x102e13ff8
Microsoft.iOS	812	0x0600032d	Foundation.NSUserDefaults	.ctor	0x2050	NoInlining	FamORAssem, HideBySig, SpecialName, RTSpecialName	0x1007e1a48	0x9498c97d	0x102e1403c	0x102e1403c	mapped	0x102e1403c
Microsoft.iOS	813	0x0600032e	Foundation.NSUserDefaults	BoolForKey	0x2050	NoInlining	Public, HideBySig	0x1007e1a4c	0x9498c997	0x102e140a8	0x102e140a8	mapped	0x102e140a8
Microsoft.iOS	814	0x0600032f	Foundation.NSUserDefaults	DoubleForKey	0x2050	NoInlining	Public, HideBySig	0x1007e1a50	0x9498c9c9	0x102e14174	0x102e14174	mapped	0x102e14174
Microsoft.iOS	815	0x06000330	Foundation.NSUserDefaults	FloatForKey	0x2050	NoInlining	Public, HideBySig	0x1007e1a54	0x9498c9fc	0x102e14244	0x102e14244	mapped	0x102e14244
Microsoft.iOS	816	0x06000331	Foundation.NSUserDefaults	InitWithSuiteName	0x2050	NoInlining	Assembly, HideBySig, CheckAccessOnOverride	0x1007e1a58	0x9498ca2f	0x102e14314	0x102e14314	mapped	0x102e14314
Microsoft.iOS	817	0x06000332	Foundation.NSUserDefaults	InitWithUserName	0x2050	NoInlining	Assembly, HideBySig, CheckAccessOnOverride	0x1007e1a5c	0x9498ca4d	0x102e14390	0x102e14390	mapped	0x102e14390
Microsoft.iOS	818	0x06000333	Foundation.NSUserDefaults	IntForKey	0x2050	NoInlining	Public, HideBySig	0x1007e1a60	0x9498ca7e	0x102e14458	0x102e14458	mapped	0x102e14458
Microsoft.iOS	819	0x06000334	Foundation.NSUserDefaults	ObjectForKey	0x2050	NoInlining	Assembly, HideBySig, CheckAccessOnOverride	0x1007e1a64	0x9498caaf	0x102e14520	0x102e14520	mapped	0x102e14520
Microsoft.iOS	820	0x06000335	Foundation.NSUserDefaults	RemoveObject	0x2050	NoInlining	Public, HideBySig	0x1007e1a68	0x9498cae1	0x102e145ec	0x102e145ec	mapped	0x102e145ec
Microsoft.iOS	821	0x06000336	Foundation.NSUserDefaults	SetBool	0x2050	NoInlining	Public, HideBySig	0x1007e1a6c	0x9498cb10	0x102e146ac	0x102e146ac	mapped	0x102e146ac
Microsoft.iOS	822	0x06000337	Foundation.NSUserDefaults	SetDouble	0x2050	NoInlining	Public, HideBySig	0x1007e1a70	0x9498cb44	0x102e14780	0x102e14780	mapped	0x102e14780
Microsoft.iOS	823	0x06000338	Foundation.NSUserDefaults	SetFloat	0x2050	NoInlining	Public, HideBySig	0x1007e1a74	0x9498cb77	0x102e14850	0x102e14850	mapped	0x102e14850
Microsoft.iOS	824	0x06000339	Foundation.NSUserDefaults	SetInt	0x2050	NoInlining	Public, HideBySig	0x1007e1a78	0x9498cbaa	0x102e14920	0x102e14920	mapped	0x102e14920
Microsoft.iOS	825	0x0600033a	Foundation.NSUserDefaults	SetObjectForKey	0x2050	NoInlining	Assembly, HideBySig, CheckAccessOnOverride	0x1007e1a7c	0x9498cbdd	0x102e149f0	0x102e149f0	mapped	0x102e149f0
Microsoft.iOS	826	0x0600033b	Foundation.NSUserDefaults	StringForKey	0x2050	NoInlining	Public, HideBySig	0x1007e1a80	0x9498cc13	0x102e14acc	0x102e14acc	mapped	0x102e14acc
Microsoft.iOS	827	0x0600033c	Foundation.NSUserDefaults	get_StandardUserDefaults	0x2050	NoInlining	Public, Static, HideBySig, SpecialName	0x1007e1a84	0x9498cc45	0x102e14b98	0x102e14b98	mapped	0x102e14b98
Microsoft.iOS	828	0x0600033d	Foundation.NSUserDefaults	.cctor	0x2050	NoInlining	Private, Static, HideBySig, SpecialName, RTSpecialName	0x1007e1a88	0x9498cc61	0x102e14c0c	0x102e14c0c	mapped	0x102e14c0c
Microsoft.iOS	829	0x0600033e	Foundation.NSValue	get_ClassHandle	0x2050	NoInlining	Public, Virtual, HideBySig, SpecialName	0x1007e1a8c	0x9498cc7a	0x102e14c74	0x102e14c74	mapped	0x102e14c74
Microsoft.iOS	830	0x0600033f	Foundation.NSValue	.ctor	0x2050	NoInlining	Family, HideBySig, SpecialName, RTSpecialName	0x1007e1a90	0x9498cc8a	0x102e14cb8	0x102e14cb8	mapped	0x102e14cb8
Microsoft.iOS	831	0x06000340	Foundation.NSValue	.ctor	0x2050	NoInlining	FamORAssem, HideBySig, SpecialName, RTSpecialName	0x1007e1a94	0x9498cca2	0x102e14d1c	0x102e14d1c	mapped	0x102e14d1c
Microsoft.iOS	832	0x06000341	Foundation.NSValue	.cctor	0x2050	NoInlining	Private, Static, HideBySig, SpecialName, RTSpecialName	0x1007e1a98	0x9498ccbc	0x102e14d88	0x102e14d88	mapped	0x102e14d88
Microsoft.iOS	833	0x06000342	Foundation.ProtocolAttribute	.ctor	0x2050	NoInlining	Public, HideBySig, SpecialName, RTSpecialName	0x1007e1a9c	0x9498ccd5	0x102e14df0	0x102e14df0	mapped	0x102e14df0
Microsoft.iOS	834	0x06000343	Foundation.ProtocolAttribute	get_WrapperType	0x2050	NoInlining	Public, HideBySig, SpecialName	0x1007e1aa0	0x9498ccdf	0x102e14e1c	0x102e14e1c	mapped	0x102e14e1c
Microsoft.iOS	835	0x06000344	Foundation.ProtocolAttribute	set_WrapperType	0x2050	NoInlining	Public, HideBySig, SpecialName	0x1007e1aa4	0x9498cce7	0x102e14e40	0x102e14e40	mapped	0x102e14e40
Microsoft.iOS	836	0x06000345	Foundation.ProtocolAttribute	set_Name	0x2050	NoInlining	Public, HideBySig, SpecialName	0x1007e1aa8	0x9498ccf6	0x102e14e80	0x102e14e80	mapped	0x102e14e80
Microsoft.iOS	837	0x06000346	Foundation.ProtocolMemberAttribute	.ctor	0x2050	NoInlining	Public, HideBySig, SpecialName, RTSpecialName	0x1007e1aac	0x9498cd05	0x102e14ec0	0x102e14ec0	mapped	0x102e14ec0
Microsoft.iOS	838	0x06000347	Foundation.ProtocolMemberAttribute	set_IsRequired	0x2050	NoInlining	Public, HideBySig, SpecialName	0x1007e1ab0	0x9498cd05	0x102e14ec4	0x102e14ec4	mapped	0x102e14ec4
Microsoft.iOS	839	0x06000348	Foundation.ProtocolMemberAttribute	get_IsProperty	0x2050	NoInlining	Public, HideBySig, SpecialName	0x1007e1ab4	0x9498cd0d	0x102e14ee8	0x102e14ee8	mapped	0x102e14ee8
Microsoft.iOS	840	0x06000349	Foundation.ProtocolMemberAttribute	set_IsProperty	0x2050	NoInlining	Public, HideBySig, SpecialName	0x1007e1ab8	0x9498cd15	0x102e14f0c	0x102e14f0c	mapped	0x102e14f0c
Microsoft.iOS	841	0x0600034a	Foundation.ProtocolMemberAttribute	get_IsStatic	0x2050	NoInlining	Public, HideBySig, SpecialName	0x1007e1abc	0x9498cd1d	0x102e14f30	0x102e14f30	mapped	0x102e14f30
Microsoft.iOS	842	0x0600034b	Foundation.ProtocolMemberAttribute	set_IsStatic	0x2050	NoInlining	Public, HideBySig, SpecialName	0x1007e1ac0	0x9498cd25	0x102e14f54	0x102e14f54	mapped	0x102e14f54
Microsoft.iOS	843	0x0600034c	Foundation.ProtocolMemberAttribute	set_Name	0x2050	NoInlining	Public, HideBySig, SpecialName	0x1007e1ac4	0x9498cd2d	0x102e14f78	0x102e14f78	mapped	0x102e14f78
Microsoft.iOS	844	0x0600034d	Foundation.ProtocolMemberAttribute	get_Selector	0x2050	NoInlining	Public, HideBySig, SpecialName	0x1007e1ac8	0x9498cd3c	0x102e14fb8	0x102e14fb8	mapped	0x102e14fb8
Microsoft.iOS	845	0x0600034e	Foundation.ProtocolMemberAttribute	set_Selector	0x2050	NoInlining	Public, HideBySig, SpecialName	0x1007e1acc	0x9498cd44	0x102e14fdc	0x102e14fdc	mapped	0x102e14fdc
Microsoft.iOS	846	0x0600034f	Foundation.ProtocolMemberAttribute	set_ReturnType	0x2050	NoInlining	Public, HideBySig, SpecialName	0x1007e1ad0	0x9498cd53	0x102e1501c	0x102e1501c	mapped	0x102e1501c
Microsoft.iOS	847	0x06000350	Foundation.ProtocolMemberAttribute	get_ReturnTypeDelegateProxy	0x2050	NoInlining	Public, HideBySig, SpecialName	0x1007e1ad4	0x9498cd62	0x102e1505c	0x102e1505c	mapped	0x102e1505c
Microsoft.iOS	848	0x06000351	Foundation.ProtocolMemberAttribute	get_ParameterType	0x2050	NoInlining	Public, HideBySig, SpecialName	0x1007e1ad8	0x9498cd6a	0x102e15080	0x102e15080	mapped	0x102e15080
Microsoft.iOS	849	0x06000352	Foundation.ProtocolMemberAttribute	set_ParameterType	0x2050	NoInlining	Public, HideBySig, SpecialName	0x1007e1adc	0x9498cd72	0x102e150a4	0x102e150a4	mapped	0x102e150a4
Microsoft.iOS	850	0x06000353	Foundation.ProtocolMemberAttribute	get_ParameterByRef	0x2050	NoInlining	Public, HideBySig, SpecialName	0x1007e1ae0	0x9498cd81	0x102e150e4	0x102e150e4	mapped	0x102e150e4
Microsoft.iOS	851	0x06000354	Foundation.ProtocolMemberAttribute	set_ParameterByRef	0x2050	NoInlining	Public, HideBySig, SpecialName	0x1007e1ae4	0x9498cd89	0x102e15108	0x102e15108	mapped	0x102e15108
Microsoft.iOS	852	0x06000355	Foundation.ProtocolMemberAttribute	set_ParameterBlockProxy	0x2050	NoInlining	Public, HideBySig, SpecialName	0x1007e1ae8	0x9498cd98	0x102e15148	0x102e15148	mapped	0x102e15148
Microsoft.iOS	853	0x06000356	Foundation.ProtocolMemberAttribute	set_PropertyType	0x2050	NoInlining	Public, HideBySig, SpecialName	0x1007e1aec	0x9498cda7	0x102e15188	0x102e15188	mapped	0x102e15188
Microsoft.iOS	854	0x06000357	Foundation.ProtocolMemberAttribute	set_GetterSelector	0x2050	NoInlining	Public, HideBySig, SpecialName	0x1007e1af0	0x9498cdb6	0x102e151c8	0x102e151c8	mapped	0x102e151c8
Microsoft.iOS	855	0x06000358	Foundation.ProtocolMemberAttribute	set_ArgumentSemantic	0x2050	NoInlining	Public, HideBySig, SpecialName	0x1007e1af4	0x9498cdc5	0x102e15208	0x102e15208	mapped	0x102e15208
Microsoft.iOS	856	0x06000359	Foundation.RequiredMemberAttribute	.ctor	0x2050	NoInlining	Public, HideBySig, SpecialName, RTSpecialName	0x1007e1af8	0x9498cdcd	0x102e1522c	0x102e1522c	mapped	0x102e1522c
Microsoft.iOS	857	0x0600035a	Foundation.RegisterAttribute	.ctor	0x2050	NoInlining	Public, HideBySig, SpecialName, RTSpecialName	0x1007e1afc	0x9498cdcd	0x102e15230	0x102e15230	mapped	0x102e15230
Microsoft.iOS	858	0x0600035b	Foundation.RegisterAttribute	.ctor	0x2050	NoInlining	Public, HideBySig, SpecialName, RTSpecialName	0x1007e1b00	0x9498cdcd	0x102e15234	0x102e15234	mapped	0x102e15234
Microsoft.iOS	859	0x0600035c	Foundation.RegisterAttribute	.ctor	0x2050	NoInlining	Public, HideBySig, SpecialName, RTSpecialName	0x1007e1b04	0x9498cddc	0x102e15274	0x102e15274	mapped	0x102e15274
Microsoft.iOS	860	0x0600035d	Foundation.RegisterAttribute	get_IsWrapper	0x2050	NoInlining	Public, HideBySig, SpecialName	0x1007e1b08	0x9498cdec	0x102e152b8	0x102e152b8	mapped	0x102e152b8
Microsoft.iOS	861	0x0600035e	Foundation.NSAutoreleasePool	get_ClassHandle	0x2050	NoInlining	Public, Final, Virtual, HideBySig, SpecialName	0x1007e1b0c	0x9498cdf4	0x102e152dc	0x102e152dc	mapped	0x102e152dc
Microsoft.iOS	862	0x0600035f	Foundation.NSAutoreleasePool	.ctor	0x2050	NoInlining	Public, HideBySig, SpecialName, RTSpecialName	0x1007e1b10	0x9498ce04	0x102e15320	0x102e15320	mapped	0x102e15320
Microsoft.iOS	863	0x06000360	Foundation.NSAutoreleasePool	.ctor	0x2050	NoInlining	FamORAssem, HideBySig, SpecialName, RTSpecialName	0x1007e1b14	0x9498ce2b	0x102e153c0	0x102e153c0	mapped	0x102e153c0
Microsoft.iOS	864	0x06000361	Foundation.NSAutoreleasePool	.cctor	0x2050	NoInlining	Private, Static, HideBySig, SpecialName, RTSpecialName	0x1007e1b18	0x9498ce45	0x102e1542c	0x102e1542c	mapped	0x102e1542c
Microsoft.iOS	865	0x06000362	Foundation.NSCachedUrlResponse	get_ClassHandle	0x2050	NoInlining	Public, Final, Virtual, HideBySig, SpecialName	0x1007e1b1c	0x9498ce5e	0x102e15494	0x102e15494	mapped	0x102e15494
Microsoft.iOS	866	0x06000363	Foundation.NSCachedUrlResponse	.ctor	0x2050	NoInlining	FamORAssem, HideBySig, SpecialName, RTSpecialName	0x1007e1b20	0x9498ce6e	0x102e154d8	0x102e154d8	mapped	0x102e154d8
Microsoft.iOS	867	0x06000364	Foundation.NSCachedUrlResponse	.cctor	0x2050	NoInlining	Private, Static, HideBySig, SpecialName, RTSpecialName	0x1007e1b24	0x9498ce88	0x102e15544	0x102e15544	mapped	0x102e15544
Microsoft.iOS	868	0x06000365	Foundation.NSEnumerator	get_ClassHandle	0x2050	NoInlining	Public, Final, Virtual, HideBySig, SpecialName	0x1007e1b28	0x9498cea1	0x102e155ac	0x102e155ac	mapped	0x102e155ac
Microsoft.iOS	869	0x06000366	Foundation.NSEnumerator	.ctor	0x2050	NoInlining	FamORAssem, HideBySig, SpecialName, RTSpecialName	0x1007e1b2c	0x9498ceb1	0x102e155f0	0x102e155f0	mapped	0x102e155f0
Microsoft.iOS	870	0x06000367	Foundation.NSEnumerator	NextObject	0x2050	NoInlining	Public, HideBySig	0x1007e1b30	0x9498cecb	0x102e1565c	0x102e1565c	mapped	0x102e1565c
Microsoft.iOS	871	0x06000368	Foundation.NSEnumerator	.cctor	0x2050	NoInlining	Private, Static, HideBySig, SpecialName, RTSpecialName	0x1007e1b34	0x9498cee1	0x102e156b8	0x102e156b8	mapped	0x102e156b8
Microsoft.iOS	872	0x06000369	Foundation.NSException	get_ClassHandle	0x2050	NoInlining	Public, Final, Virtual, HideBySig, SpecialName	0x1007e1b38	0x9498cefa	0x102e15720	0x102e15720	mapped	0x102e15720
Microsoft.iOS	873	0x0600036a	Foundation.NSException	.ctor	0x2050	NoInlining	FamORAssem, HideBySig, SpecialName, RTSpecialName	0x1007e1b3c	0x9498cf0a	0x102e15764	0x102e15764	mapped	0x102e15764
Microsoft.iOS	874	0x0600036b	Foundation.NSException	get_CallStackSymbols	0x2050	NoInlining	Public, HideBySig, SpecialName	0x1007e1b40	0x9498cf24	0x102e157d0	0x102e157d0	mapped	0x102e157d0
Microsoft.iOS	875	0x0600036c	Foundation.NSException	get_Name	0x2050	NoInlining	Public, HideBySig, SpecialName	0x1007e1b44	0x9498cf3a	0x102e1582c	0x102e1582c	mapped	0x102e1582c
Microsoft.iOS	876	0x0600036d	Foundation.NSException	get_Reason	0x2050	NoInlining	Public, HideBySig, SpecialName	0x1007e1b48	0x9498cf50	0x102e15888	0x102e15888	mapped	0x102e15888
Microsoft.iOS	877	0x0600036e	Foundation.NSException	.cctor	0x2050	NoInlining	Private, Static, HideBySig, SpecialName, RTSpecialName	0x1007e1b4c	0x9498cf66	0x102e158e4	0x102e158e4	mapped	0x102e158e4
Microsoft.iOS	878	0x0600036f	Foundation.NSHttpCookieStorage	get_ClassHandle	0x2050	NoInlining	Public, Final, Virtual, HideBySig, SpecialName	0x1007e1b50	0x9498cf7f	0x102e1594c	0x102e1594c	mapped	0x102e1594c
Microsoft.iOS	879	0x06000370	Foundation.NSHttpCookieStorage	.ctor	0x2050	NoInlining	FamORAssem, HideBySig, SpecialName, RTSpecialName	0x1007e1b54	0x9498cf8f	0x102e15990	0x102e15990	mapped	0x102e15990
Microsoft.iOS	880	0x06000371	Foundation.NSHttpCookieStorage	CookiesForUrl	0x2050	NoInlining	Public, HideBySig	0x1007e1b58	0x9498cfa9	0x102e159fc	0x102e159fc	mapped	0x102e159fc
Microsoft.iOS	881	0x06000372	Foundation.NSHttpCookieStorage	.cctor	0x2050	NoInlining	Private, Static, HideBySig, SpecialName, RTSpecialName	0x1007e1b5c	0x9498cfd2	0x102e15aa4	0x102e15aa4	mapped	0x102e15aa4
Microsoft.iOS	882	0x06000373	Foundation.NSHttpUrlResponse	get_ClassHandle	0x2050	NoInlining	Public, Final, Virtual, HideBySig, SpecialName	0x1007e1b60	0x9498cfeb	0x102e15b0c	0x102e15b0c	mapped	0x102e15b0c
Microsoft.iOS	883	0x06000374	Foundation.NSHttpUrlResponse	.ctor	0x2050	NoInlining	FamORAssem, HideBySig, SpecialName, RTSpecialName	0x1007e1b64	0x9498cffb	0x102e15b50	0x102e15b50	mapped	0x102e15b50
Microsoft.iOS	884	0x06000375	Foundation.NSHttpUrlResponse	get_AllHeaderFields	0x2050	NoInlining	Public, HideBySig, SpecialName	0x1007e1b68	0x9498d015	0x102e15bbc	0x102e15bbc	mapped	0x102e15bbc
Microsoft.iOS	885	0x06000376	Foundation.NSHttpUrlResponse	get_StatusCode	0x2050	NoInlining	Public, HideBySig, SpecialName	0x1007e1b6c	0x9498d038	0x102e15c4c	0x102e15c4c	mapped	0x102e15c4c
Microsoft.iOS	886	0x06000377	Foundation.NSHttpUrlResponse	.cctor	0x2050	NoInlining	Private, Static, HideBySig, SpecialName, RTSpecialName	0x1007e1b70	0x9498d04d	0x102e15ca4	0x102e15ca4	mapped	0x102e15ca4
Microsoft.iOS	887	0x06000378	Foundation.NSNotification	get_ClassHandle	0x2050	NoInlining	Public, Final, Virtual, HideBySig, SpecialName	0x1007e1b74	0x9498d066	0x102e15d0c	0x102e15d0c	mapped	0x102e15d0c
Microsoft.iOS	888	0x06000379	Foundation.NSNotification	.ctor	0x2050	NoInlining	FamORAssem, HideBySig, SpecialName, RTSpecialName	0x1007e1b78	0x9498d076	0x102e15d50	0x102e15d50	mapped	0x102e15d50
Microsoft.iOS	889	0x0600037a	Foundation.NSNotification	get_UserInfo	0x2050	NoInlining	Public, HideBySig, SpecialName	0x1007e1b7c	0x9498d090	0x102e15dbc	0x102e15dbc	mapped	0x102e15dbc
Microsoft.iOS	890	0x0600037b	Foundation.NSNotification	.cctor	0x2050	NoInlining	Private, Static, HideBySig, SpecialName, RTSpecialName	0x1007e1b80	0x9498d0b3	0x102e15e4c	0x102e15e4c	mapped	0x102e15e4c
Microsoft.iOS	891	0x0600037c	Foundation.NSOperation	get_ClassHandle	0x2050	NoInlining	Public, Virtual, HideBySig, SpecialName	0x1007e1b84	0x9498d0cc	0x102e15eb4	0x102e15eb4	mapped	0x102e15eb4
Microsoft.iOS	892	0x0600037d	Foundation.NSOperation	.ctor	0x2050	NoInlining	Family, HideBySig, SpecialName, RTSpecialName	0x1007e1b88	0x9498d0dc	0x102e15ef8	0x102e15ef8	mapped	0x102e15ef8
Microsoft.iOS	893	0x0600037e	Foundation.NSOperation	.ctor	0x2050	NoInlining	FamORAssem, HideBySig, SpecialName, RTSpecialName	0x1007e1b8c	0x9498d0f4	0x102e15f5c	0x102e15f5c	mapped	0x102e15f5c
Microsoft.iOS	894	0x0600037f	Foundation.NSOperation	set_QualityOfService	0x2050	NoInlining	Public, Final, Virtual, HideBySig, VtableLayoutMask, SpecialName	0x1007e1b90	0x9498d10e	0x102e15fc8	0x102e15fc8	mapped	0x102e15fc8
Microsoft.iOS	895	0x06000380	Foundation.NSOperation	.cctor	0x2050	NoInlining	Private, Static, HideBySig, SpecialName, RTSpecialName	0x1007e1b94	0x9498d125	0x102e16028	0x102e16028	mapped	0x102e16028
Microsoft.iOS	896	0x06000381	Foundation.NSOperationQueue	get_ClassHandle	0x2050	NoInlining	Public, Final, Virtual, HideBySig, SpecialName	0x1007e1b98	0x9498d13e	0x102e16090	0x102e16090	mapped	0x102e16090
Microsoft.iOS	897	0x06000382	Foundation.NSOperationQueue	.ctor	0x2050	NoInlining	FamORAssem, HideBySig, SpecialName, RTSpecialName	0x1007e1b9c	0x9498d14e	0x102e160d4	0x102e160d4	mapped	0x102e160d4
Microsoft.iOS	898	0x06000383	Foundation.NSOperationQueue	get_CurrentQueue	0x2050	NoInlining	Public, Static, HideBySig, SpecialName	0x1007e1ba0	0x9498d168	0x102e16140	0x102e16140	mapped	0x102e16140
Microsoft.iOS	899	0x06000384	Foundation.NSOperationQueue	.cctor	0x2050	NoInlining	Private, Static, HideBySig, SpecialName, RTSpecialName	0x1007e1ba4	0x9498d184	0x102e161b4	0x102e161b4	mapped	0x102e161b4
Microsoft.iOS	900	0x06000385	Foundation.NSStringDrawingContext	get_ClassHandle	0x2050	NoInlining	Public, Final, Virtual, HideBySig, SpecialName	0x1007e1ba8	0x9498d19d	0x102e1621c	0x102e1621c	mapped	0x102e1621c
Microsoft.iOS	901	0x06000386	Foundation.NSStringDrawingContext	.ctor	0x2050	NoInlining	FamORAssem, HideBySig, SpecialName, RTSpecialName	0x1007e1bac	0x9498d1ad	0x102e16260	0x102e16260	mapped	0x102e16260
Microsoft.iOS	902	0x06000387	Foundation.NSStringDrawingContext	.cctor	0x2050	NoInlining	Private, Static, HideBySig, SpecialName, RTSpecialName	0x1007e1bb0	0x9498d1c7	0x102e162cc	0x102e162cc	mapped	0x102e162cc
Microsoft.iOS	903	0x06000388	Foundation.NSUrlAuthenticationChallenge	get_ClassHandle	0x2050	NoInlining	Public, Final, Virtual, HideBySig, SpecialName	0x1007e1bb4	0x9498d1e0	0x102e16334	0x102e16334	mapped	0x102e16334
Microsoft.iOS	904	0x06000389	Foundation.NSUrlAuthenticationChallenge	.ctor	0x2050	NoInlining	FamORAssem, HideBySig, SpecialName, RTSpecialName	0x1007e1bb8	0x9498d1f0	0x102e16378	0x102e16378	mapped	0x102e16378
Microsoft.iOS	905	0x0600038a	Foundation.NSUrlAuthenticationChallenge	get_FailureResponse	0x2050	NoInlining	Public, HideBySig, SpecialName	0x1007e1bbc	0x9498d20a	0x102e163e4	0x102e163e4	mapped	0x102e163e4
Microsoft.iOS	906	0x0600038b	Foundation.NSUrlAuthenticationChallenge	get_PreviousFailureCount	0x2050	NoInlining	Public, HideBySig, SpecialName	0x1007e1bc0	0x9498d22d	0x102e16474	0x102e16474	mapped	0x102e16474
Microsoft.iOS	907	0x0600038c	Foundation.NSUrlAuthenticationChallenge	get_ProposedCredential	0x2050	NoInlining	Public, HideBySig, SpecialName	0x1007e1bc4	0x9498d242	0x102e164cc	0x102e164cc	mapped	0x102e164cc
Microsoft.iOS	908	0x0600038d	Foundation.NSUrlAuthenticationChallenge	get_ProtectionSpace	0x2050	NoInlining	Public, HideBySig, SpecialName	0x1007e1bc8	0x9498d265	0x102e1655c	0x102e1655c	mapped	0x102e1655c
Microsoft.iOS	909	0x0600038e	Foundation.NSUrlAuthenticationChallenge	.cctor	0x2050	NoInlining	Private, Static, HideBySig, SpecialName, RTSpecialName	0x1007e1bcc	0x9498d288	0x102e165ec	0x102e165ec	mapped	0x102e165ec
Microsoft.iOS	910	0x0600038f	Foundation.NSUrlResponse	get_ClassHandle	0x2050	NoInlining	Public, Virtual, HideBySig, SpecialName	0x1007e1bd0	0x9498d2a1	0x102e16654	0x102e16654	mapped	0x102e16654
Microsoft.iOS	911	0x06000390	Foundation.NSUrlResponse	.ctor	0x2050	NoInlining	FamORAssem, HideBySig, SpecialName, RTSpecialName	0x1007e1bd4	0x9498d2b1	0x102e16698	0x102e16698	mapped	0x102e16698
Microsoft.iOS	912	0x06000391	Foundation.NSUrlResponse	get_Url	0x2050	NoInlining	Public, Final, Virtual, HideBySig, VtableLayoutMask, SpecialName	0x1007e1bd8	0x9498d2cb	0x102e16704	0x102e16704	mapped	0x102e16704
Microsoft.iOS	913	0x06000392	Foundation.NSUrlResponse	.cctor	0x2050	NoInlining	Private, Static, HideBySig, SpecialName, RTSpecialName	0x1007e1bdc	0x9498d2ee	0x102e16794	0x102e16794	mapped	0x102e16794
Microsoft.iOS	914	0x06000393	Foundation.NSUrlSession	get_ClassHandle	0x2050	NoInlining	Public, Final, Virtual, HideBySig, SpecialName	0x1007e1be0	0x9498d307	0x102e167fc	0x102e167fc	mapped	0x102e167fc
Microsoft.iOS	915	0x06000394	Foundation.NSUrlSession	.ctor	0x2050	NoInlining	FamORAssem, HideBySig, SpecialName, RTSpecialName	0x1007e1be4	0x9498d317	0x102e16840	0x102e16840	mapped	0x102e16840
Microsoft.iOS	916	0x06000395	Foundation.NSUrlSession	CreateDataTask	0x2050	NoInlining	Public, HideBySig	0x1007e1be8	0x9498d331	0x102e168ac	0x102e168ac	mapped	0x102e168ac
Microsoft.iOS	917	0x06000396	Foundation.NSUrlSession	FromConfiguration	0x2050	NoInlining	Public, Static, HideBySig	0x1007e1bec	0x9498d35c	0x102e1695c	0x102e1695c	mapped	0x102e1695c
Microsoft.iOS	918	0x06000397	Foundation.NSUrlSession	FromWeakConfiguration	0x2050	NoInlining	Public, Static, HideBySig	0x1007e1bf0	0x9498d389	0x102e16a14	0x102e16a14	mapped	0x102e16a14
Microsoft.iOS	919	0x06000398	Foundation.NSUrlSession	get_Configuration	0x2050	NoInlining	Public, HideBySig, SpecialName	0x1007e1bf4	0x9498d3b9	0x102e16ad8	0x102e16ad8	mapped	0x102e16ad8
Microsoft.iOS	920	0x06000399	Foundation.NSUrlSession	.cctor	0x2050	NoInlining	Private, Static, HideBySig, SpecialName, RTSpecialName	0x1007e1bf8	0x9498d3dc	0x102e16b68	0x102e16b68	mapped	0x102e16b68
Microsoft.iOS	921	0x0600039a	Foundation.NSUrlSessionDataDelegate	.ctor	0x2050	NoInlining	Public, HideBySig, SpecialName, RTSpecialName	0x1007e1bfc	0x9498d3f5	0x102e16bd0	0x102e16bd0	mapped	0x102e16bd0
Microsoft.iOS	922	0x0600039b	Foundation.NSUrlSessionDataDelegate	.ctor	0x2050	NoInlining	FamORAssem, HideBySig, SpecialName, RTSpecialName	0x1007e1c00	0x9498d426	0x102e16c98	0x102e16c98	mapped	0x102e16c98
Microsoft.iOS	923	0x0600039c	Foundation.NSUrlSessionDataDelegate	DidReceiveData	0x2050	NoInlining	Public, Virtual, HideBySig, VtableLayoutMask	0x1007e1c04	0x9498d444	0x102e16d14	0x102e16d14	mapped	0x102e16d14
Microsoft.iOS	924	0x0600039d	Foundation.NSUrlSessionDataDelegate	DidReceiveResponse	0x2050	NoInlining	Public, Virtual, HideBySig, VtableLayoutMask	0x1007e1c08	0x9498d45b	0x102e16d74	0x102e16d74	mapped	0x102e16d74
Microsoft.iOS	925	0x0600039e	Foundation.NSUrlSessionDataDelegate	WillCacheResponse	0x2050	NoInlining	Public, Virtual, HideBySig, VtableLayoutMask	0x1007e1c0c	0x9498d472	0x102e16dd4	0x102e16dd4	mapped	0x102e16dd4
Microsoft.iOS	926	0x0600039f	Foundation.NSUrlSessionDataTask	get_ClassHandle	0x2050	NoInlining	Public, Final, Virtual, HideBySig, SpecialName	0x1007e1c10	0x9498d489	0x102e16e34	0x102e16e34	mapped	0x102e16e34
Microsoft.iOS	927	0x060003a0	Foundation.NSUrlSessionDataTask	.ctor	0x2050	NoInlining	FamORAssem, HideBySig, SpecialName, RTSpecialName	0x1007e1c14	0x9498d499	0x102e16e78	0x102e16e78	mapped	0x102e16e78
Microsoft.iOS	928	0x060003a1	Foundation.NSUrlSessionDataTask	.cctor	0x2050	NoInlining	Private, Static, HideBySig, SpecialName, RTSpecialName	0x1007e1c18	0x9498d4b3	0x102e16ee4	0x102e16ee4	mapped	0x102e16ee4
Microsoft.iOS	929	0x060003a2	Foundation.NSUrlSessionDelegateWrapper	.ctor	0x2050	NoInlining	Public, HideBySig, SpecialName, RTSpecialName	0x1007e1c1c	0x9498d4cc	0x102e16f4c	0x102e16f4c	mapped	0x102e16f4c
Microsoft.iOS	930	0x060003a3	Foundation.NSUrlSessionDelegate	.ctor	0x2050	NoInlining	Family, HideBySig, SpecialName, RTSpecialName	0x1007e1c20	0x9498d4e0	0x102e16fa0	0x102e16fa0	mapped	0x102e16fa0
Microsoft.iOS	931	0x060003a4	Foundation.NSUrlSessionDelegate	.ctor	0x2050	NoInlining	FamORAssem, HideBySig, SpecialName, RTSpecialName	0x1007e1c24	0x9498d4f2	0x102e16fec	0x102e16fec	mapped	0x102e16fec
Microsoft.iOS	932	0x060003a5	Foundation.NSUrlSessionTask	get_ClassHandle	0x2050	NoInlining	Public, Virtual, HideBySig, SpecialName	0x1007e1c28	0x9498d506	0x102e17040	0x102e17040	mapped	0x102e17040
Microsoft.iOS	933	0x060003a6	Foundation.NSUrlSessionTask	.ctor	0x2050	NoInlining	FamORAssem, HideBySig, SpecialName, RTSpecialName	0x1007e1c2c	0x9498d516	0x102e17084	0x102e17084	mapped	0x102e17084
Microsoft.iOS	934	0x060003a7	Foundation.NSUrlSessionTask	Cancel	0x2050	NoInlining	Public, Final, Virtual, HideBySig, VtableLayoutMask	0x1007e1c30	0x9498d530	0x102e170f0	0x102e170f0	mapped	0x102e170f0
Microsoft.iOS	935	0x060003a8	Foundation.NSUrlSessionTask	Resume	0x2050	NoInlining	Public, Final, Virtual, HideBySig, VtableLayoutMask	0x1007e1c34	0x9498d545	0x102e17148	0x102e17148	mapped	0x102e17148
Microsoft.iOS	936	0x060003a9	Foundation.NSUrlSessionTask	get_CurrentRequest	0x2050	NoInlining	Public, Final, Virtual, HideBySig, VtableLayoutMask, SpecialName	0x1007e1c38	0x9498d55a	0x102e171a0	0x102e171a0	mapped	0x102e171a0
Microsoft.iOS	937	0x060003aa	Foundation.NSUrlSessionTask	get_Error	0x2050	NoInlining	Public, Final, Virtual, HideBySig, VtableLayoutMask, SpecialName	0x1007e1c3c	0x9498d57d	0x102e17230	0x102e17230	mapped	0x102e17230
Microsoft.iOS	938	0x060003ab	Foundation.NSUrlSessionTask	get_OriginalRequest	0x2050	NoInlining	Public, Final, Virtual, HideBySig, VtableLayoutMask, SpecialName	0x1007e1c40	0x9498d5a0	0x102e172c0	0x102e172c0	mapped	0x102e172c0
Microsoft.iOS	939	0x060003ac	Foundation.NSUrlSessionTask	get_State	0x2050	NoInlining	Public, Final, Virtual, HideBySig, VtableLayoutMask, SpecialName	0x1007e1c44	0x9498d5c3	0x102e17350	0x102e17350	mapped	0x102e17350
Microsoft.iOS	940	0x060003ad	Foundation.NSUrlSessionTask	.cctor	0x2050	NoInlining	Private, Static, HideBySig, SpecialName, RTSpecialName	0x1007e1c48	0x9498d5d8	0x102e173a8	0x102e173a8	mapped	0x102e173a8
Microsoft.iOS	941	0x060003ae	Foundation.NSUrlSessionTaskDelegate	.ctor	0x2050	NoInlining	Family, HideBySig, SpecialName, RTSpecialName	0x1007e1c4c	0x9498d5f1	0x102e17410	0x102e17410	mapped	0x102e17410
Microsoft.iOS	942	0x060003af	Foundation.NSUrlSessionTaskDelegate	.ctor	0x2050	NoInlining	FamORAssem, HideBySig, SpecialName, RTSpecialName	0x1007e1c50	0x9498d608	0x102e17470	0x102e17470	mapped	0x102e17470
Microsoft.iOS	943	0x060003b0	Foundation.NSUrlSessionTaskDelegate	DidCompleteWithError	0x2050	NoInlining	Public, Virtual, HideBySig, VtableLayoutMask	0x1007e1c54	0x9498d621	0x102e174d8	0x102e174d8	mapped	0x102e174d8
Microsoft.iOS	944	0x060003b1	Foundation.NSUrlSessionTaskDelegate	DidReceiveChallenge	0x2050	NoInlining	Public, Virtual, HideBySig, VtableLayoutMask	0x1007e1c58	0x9498d638	0x102e17538	0x102e17538	mapped	0x102e17538
Microsoft.iOS	945	0x060003b2	Foundation.NSUrlSessionTaskDelegate	WillPerformHttpRedirection	0x2050	NoInlining	Public, Virtual, HideBySig, VtableLayoutMask	0x1007e1c5c	0x9498d64f	0x102e17598	0x102e17598	mapped	0x102e17598
Microsoft.iOS	946	0x060003b3	Foundation.NSUserActivity	get_ClassHandle	0x2050	NoInlining	Public, Final, Virtual, HideBySig, SpecialName	0x1007e1c60	0x9498d666	0x102e175f8	0x102e175f8	mapped	0x102e175f8
Microsoft.iOS	947	0x060003b4	Foundation.NSUserActivity	.ctor	0x2050	NoInlining	FamORAssem, HideBySig, SpecialName, RTSpecialName	0x1007e1c64	0x9498d676	0x102e1763c	0x102e1763c	mapped	0x102e1763c
Microsoft.iOS	948	0x060003b5	Foundation.NSUserActivity	get_ActivityType	0x2050	NoInlining	Public, HideBySig, SpecialName	0x1007e1c68	0x9498d690	0x102e176a8	0x102e176a8	mapped	0x102e176a8
Microsoft.iOS	949	0x060003b6	Foundation.NSUserActivity	get_WebPageUrl	0x2050	NoInlining	Public, HideBySig, SpecialName	0x1007e1c6c	0x9498d6a6	0x102e17704	0x102e17704	mapped	0x102e17704
Microsoft.iOS	950	0x060003b7	Foundation.NSUserActivity	Dispose	0x2050	NoInlining	Family, Final, Virtual, HideBySig	0x1007e1c70	0x9498d6c9	0x102e17794	0x102e17794	mapped	0x102e17794
Microsoft.iOS	951	0x060003b8	Foundation.NSUserActivity	.cctor	0x2050	NoInlining	Private, Static, HideBySig, SpecialName, RTSpecialName	0x1007e1c74	0x9498d6de	0x102e177ec	0x102e177ec	mapped	0x102e177ec
Microsoft.iOS	952	0x060003b9	Foundation.NSUserActivityType	get_BrowsingWeb	0x2050	NoInlining	Public, Static, HideBySig, SpecialName	0x1007e1c78	0x9498d6f7	0x102e17854	0x102e17854	mapped	0x102e17854
Microsoft.iOS	953	0x060003ba	Foundation.NSAttributedRangeCallback	.ctor	0x0	11	Public, HideBySig, SpecialName, RTSpecialName	0x1007e1c7c	0x97fffc47	0x1007e0d98		absent	0x1007e0d98
Microsoft.iOS	954	0x060003bb	Foundation.NSAttributedRangeCallback	Invoke	0x0	11	Public, Virtual, HideBySig, VtableLayoutMask	0x1007e1c80	0x97fffc46	0x1007e0d98		absent	0x1007e0d98
Microsoft.iOS	955	0x060003bc	CoreText.Adapter	AssertWritable	0x2050	NoInlining	Public, Static, HideBySig	0x1007e1c84	0x9498d715	0x102e178d8	0x102e178d8	mapped	0x102e178d8
Microsoft.iOS	956	0x060003bd	CoreText.Adapter	BitwiseOr	0x2050	NoInlining	Public, Static, HideBySig	0x1007e1c88	0x9498d736	0x102e17960	0x102e17960	mapped	0x102e17960
Microsoft.iOS	957	0x060003be	CoreText.Adapter	GetInt32Value	0x2050	NoInlining	Public, Static, HideBySig	0x1007e1c8c	0x9498d754	0x102e179dc	0x102e179dc	mapped	0x102e179dc
Microsoft.iOS	958	0x060003bf	CoreText.Adapter	SetValue	0x2050	NoInlining	Public, Static, HideBySig	0x1007e1c90	0x9498d78c	0x102e17ac0	0x102e17ac0	mapped	0x102e17ac0
Microsoft.iOS	959	0x060003c0	CoreText.Adapter	SetNativeValue	0x2050	NoInlining	Public, Static, HideBySig	0x1007e1c94	0x9498d7d4	0x102e17be4	0x102e17be4	mapped	0x102e17be4
Microsoft.iOS	960	0x060003c1	CoreText.CTFont	.ctor	0x2050	NoInlining	Assembly, HideBySig, SpecialName, RTSpecialName	0x1007e1c98	0x9498d819	0x102e17cfc	0x102e17cfc	mapped	0x102e17cfc
Microsoft.iOS	961	0x060003c2	CoreText.CTFont	Create	0x2050	NoInlining	Private, Static, HideBySig	0x1007e1c9c	0x9498d82d	0x102e17d50	0x102e17d50	mapped	0x102e17d50
Microsoft.iOS	962	0x060003c3	CoreText.CTFont	.ctor	0x2050	NoInlining	Public, HideBySig, SpecialName, RTSpecialName	0x1007e1ca0	0x9498d86b	0x102e17e4c	0x102e17e4c	mapped	0x102e17e4c
Microsoft.iOS	963	0x060003c4	CoreText.CTFont	CTFontCreateWithNameAndOptions	0x0	136	Private, Static, HideBySig, PinvokeImpl	0x1007e1ca4	0x97fffc3d	0x1007e0d98		absent	0x1007e0d98
Microsoft.iOS	964	0x060003c5	CoreText.CTFont	CTFontCreateUIFontForLanguage	0x0	136	Private, Static, HideBySig, PinvokeImpl	0x1007e1ca8	0x97fffc3c	0x1007e0d98		absent	0x1007e0d98
Microsoft.iOS	965	0x060003c6	CoreText.CTFont	Create	0x2050	NoInlining	Private, Static, HideBySig	0x1007e1cac	0x9498d884	0x102e17ebc	0x102e17ebc	mapped	0x102e17ebc
Microsoft.iOS	966	0x060003c7	CoreText.CTFont	.ctor	0x2050	NoInlining	Public, HideBySig, SpecialName, RTSpecialName	0x1007e1cb0	0x9498d8ba	0x102e17f98	0x102e17f98	mapped	0x102e17f98
Microsoft.iOS	967	0x060003c8	CoreText.CTFont	CreateFont	0x2050	NoInlining	Private, Static, HideBySig	0x1007e1cb4	0x9498d8d5	0x102e18008	0x102e18008	mapped	0x102e18008
Microsoft.iOS	968	0x060003c9	CoreText.CTFont	WithSymbolicTraits	0x2050	NoInlining	Public, HideBySig	0x1007e1cb8	0x9498d8f7	0x102e18094	0x102e18094	mapped	0x102e18094
Microsoft.iOS	969	0x060003ca	CoreText.CTFont	CTFontCreateCopyWithSymbolicTraits	0x0	136	Private, Static, HideBySig, PinvokeImpl	0x1007e1cbc	0x97fffc37	0x1007e0d98		absent	0x1007e0d98
Microsoft.iOS	970	0x060003cb	CoreText.CTFont	CTFontCopyFullName	0x0	136	Private, Static, HideBySig, PinvokeImpl	0x1007e1cc0	0x97fffc36	0x1007e0d98		absent	0x1007e0d98
Microsoft.iOS	971	0x060003cc	CoreText.CTFont	get_FullName	0x2050	NoInlining	Public, HideBySig, SpecialName	0x1007e1cc4	0x9498d914	0x102e18114	0x102e18114	mapped	0x102e18114
Microsoft.iOS	972	0x060003cd	CoreText.CTFont	CTFontGetDescent	0x0	136	Private, Static, HideBySig, PinvokeImpl	0x1007e1cc8	0x97fffc34	0x1007e0d98		absent	0x1007e0d98
Microsoft.iOS	973	0x060003ce	CoreText.CTFont	get_DescentMetric	0x2050	NoInlining	Public, HideBySig, SpecialName	0x1007e1ccc	0x9498d92d	0x102e18180	0x102e18180	mapped	0x102e18180
Microsoft.iOS	974	0x060003cf	CoreText.CTFont	ToString	0x2050	NoInlining	Public, Final, Virtual, HideBySig	0x1007e1cd0	0x9498d940	0x102e181d0	0x102e181d0	mapped	0x102e181d0
Microsoft.iOS	975	0x060003d0	CoreText.CTFrameAttributes	get_Dictionary	0x2050	NoInlining	Public, HideBySig, SpecialName	0x1007e1cd4	0x9498d94d	0x102e18208	0x102e18208	mapped	0x102e18208
Microsoft.iOS	976	0x060003d1	CoreText.CTFrameAttributesExtensions	GetHandle	0x2050	NoInlining	Public, Static, HideBySig	0x1007e1cd8	0x9498d95e	0x102e18250	0x102e18250	mapped	0x102e18250
Microsoft.iOS	977	0x060003d2	CoreText.CTFrame	.ctor	0x2050	NoInlining	Assembly, HideBySig, SpecialName, RTSpecialName	0x1007e1cdc	0x9498d96c	0x102e1828c	0x102e1828c	mapped	0x102e1828c
Microsoft.iOS	978	0x060003d3	CoreText.CTFrame	CTFrameGetLines	0x0	136	Private, Static, HideBySig, PinvokeImpl	0x1007e1ce0	0x97fffc2e	0x1007e0d98		absent	0x1007e0d98
Microsoft.iOS	979	0x060003d4	CoreText.CTFrame	GetLines	0x2050	NoInlining	Public, HideBySig	0x1007e1ce4	0x9498d97f	0x102e182e0	0x102e182e0	mapped	0x102e182e0
Microsoft.iOS	980	0x060003d5	CoreText.CTFrame	CTFrameGetLineOrigins	0x0	136	Private, Static, HideBySig, PinvokeImpl	0x1007e1ce8	0x97fffc2c	0x1007e0d98		absent	0x1007e0d98
Microsoft.iOS	981	0x060003d6	CoreText.CTFrame	GetLineOrigins	0x2050	NoInlining	Public, HideBySig	0x1007e1cec	0x9498d9d3	0x102e18438	0x102e18438	mapped	0x102e18438
Microsoft.iOS	982	0x060003d7	CoreText.CTFrame	CTFrameDraw	0x0	136	Private, Static, HideBySig, PinvokeImpl	0x1007e1cf0	0x97fffc2a	0x1007e0d98		absent	0x1007e0d98
Microsoft.iOS	983	0x060003d8	CoreText.CTFrame	Draw	0x2050	NoInlining	Public, HideBySig	0x1007e1cf4	0x9498da1e	0x102e1856c	0x102e1856c	mapped	0x102e1856c
Microsoft.iOS	984	0x060003d9	CoreText.CTFrame+<>c	.cctor	0x2050	NoInlining	Private, Static, HideBySig, SpecialName, RTSpecialName	0x1007e1cf8	0x9498da45	0x102e1860c	0x102e1860c	mapped	0x102e1860c
Microsoft.iOS	985	0x060003da	CoreText.CTFrame+<>c	.ctor	0x2050	NoInlining	Public, HideBySig, SpecialName, RTSpecialName	0x1007e1cfc	0x9498da60	0x102e1867c	0x102e1867c	mapped	0x102e1867c
Microsoft.iOS	986	0x060003db	CoreText.CTFrame+<>c	<GetLines>b__10_0	0x2050	NoInlining	Assembly, HideBySig	0x1007e1d00	0x9498da6d	0x102e186b4	0x102e186b4	mapped	0x102e186b4
Microsoft.iOS	987	0x060003dc	CoreText.CTFramesetter	.ctor	0x2050	NoInlining	Assembly, HideBySig, SpecialName, RTSpecialName	0x1007e1d04	0x9498da8c	0x102e18734	0x102e18734	mapped	0x102e18734
Microsoft.iOS	988	0x060003dd	CoreText.CTFramesetter	CTFramesetterCreateWithAttributedString	0x0	136	Private, Static, HideBySig, PinvokeImpl	0x1007e1d08	0x97fffc24	0x1007e0d98		absent	0x1007e0d98
Microsoft.iOS	989	0x060003de	CoreText.CTFramesetter	.ctor	0x2050	NoInlining	Public, HideBySig, SpecialName, RTSpecialName	0x1007e1d0c	0x9498da9f	0x102e18788	0x102e18788	mapped	0x102e18788
Microsoft.iOS	990	0x060003df	CoreText.CTFramesetter	CTFramesetterCreateFrame	0x0	136	Private, Static, HideBySig, PinvokeImpl	0x1007e1d10	0x97fffc22	0x1007e0d98		absent	0x1007e0d98
Microsoft.iOS	991	0x060003e0	CoreText.CTFramesetter	GetFrame	0x2050	NoInlining	Public, HideBySig	0x1007e1d14	0x9498dac8	0x102e18834	0x102e18834	mapped	0x102e18834
Microsoft.iOS	992	0x060003e1	CoreText.CTLine	.ctor	0x2050	NoInlining	Assembly, HideBySig, SpecialName, RTSpecialName	0x1007e1d18	0x9498db09	0x102e1893c	0x102e1893c	mapped	0x102e1893c
Microsoft.iOS	993	0x060003e2	CoreText.CTLine	CTLineGetTypographicBounds	0x0	136	Private, Static, HideBySig, PinvokeImpl	0x1007e1d1c	0x97fffc1f	0x1007e0d98		absent	0x1007e0d98
Microsoft.iOS	994	0x060003e3	CoreText.CTLine	GetTypographicBounds	0x2050	NoInlining	Public, HideBySig	0x1007e1d20	0x9498db1c	0x102e18990	0x102e18990	mapped	0x102e18990
Microsoft.iOS	995	0x060003e4	CoreText.CTParagraphStyleSpecifierValue	.ctor	0x2050	NoInlining	Family, HideBySig, SpecialName, RTSpecialName	0x1007e1d24	0x9498db37	0x102e18a00	0x102e18a00	mapped	0x102e18a00
Microsoft.iOS	996	0x060003e5	CoreText.CTParagraphStyleSpecifierValue	get_Spec	0x2050	NoInlining	Assembly, HideBySig, SpecialName	0x1007e1d28	0x9498db3f	0x102e18a24	0x102e18a24	mapped	0x102e18a24
Microsoft.iOS	997	0x060003e6	CoreText.CTParagraphStyleSpecifierValue	set_Spec	0x2050	NoInlining	Private, HideBySig, SpecialName	0x1007e1d2c	0x9498db47	0x102e18a48	0x102e18a48	mapped	0x102e18a48
Microsoft.iOS	998	0x060003e7	CoreText.CTParagraphStyleSpecifierValue	get_ValueSize	0x0	NoInlining	Assembly, Virtual, HideBySig, VtableLayoutMask, CheckAccessOnOverride, Abstract, SpecialName	0x1007e1d30	0x97fffc1a	0x1007e0d98		absent	0x1007e0d98
Microsoft.iOS	999	0x060003e8	CoreText.CTParagraphStyleSpecifierValue	WriteValue	0x0	NoInlining	Assembly, Virtual, HideBySig, VtableLayoutMask, CheckAccessOnOverride, Abstract	0x1007e1d34	0x97fffc19	0x1007e0d98		absent	0x1007e0d98
Microsoft.iOS	1000	0x060003e9	CoreText.CTParagraphStyleSpecifierValue	Dispose	0x2050	NoInlining	Public, Virtual, HideBySig, VtableLayoutMask	0x1007e1d38	0x9498db4d	0x102e18a6c	0x102e18a6c	mapped	0x102e18a6c
Microsoft.iOS	1001	0x060003ea	CoreText.CTParagraphStyleSpecifierByteValue	.ctor	0x2050	NoInlining	Public, HideBySig, SpecialName, RTSpecialName	0x1007e1d3c	0x9498db4d	0x102e18a70	0x102e18a70	mapped	0x102e18a70
Microsoft.iOS	1002	0x060003eb	CoreText.CTParagraphStyleSpecifierByteValue	get_ValueSize	0x2050	NoInlining	Assembly, Final, Virtual, HideBySig, CheckAccessOnOverride, SpecialName	0x1007e1d40	0x9498db56	0x102e18a98	0x102e18a98	mapped	0x102e18a98
Microsoft.iOS	1003	0x060003ec	CoreText.CTParagraphStyleSpecifierByteValue	WriteValue	0x2050	NoInlining	Assembly, Final, Virtual, HideBySig, CheckAccessOnOverride	0x1007e1d44	0x9498db57	0x102e18aa0	0x102e18aa0	mapped	0x102e18aa0
Microsoft.iOS	1004	0x060003ed	CoreText.CTParagraphStyleSpecifierNativeIntValue	.ctor	0x2050	NoInlining	Public, HideBySig, SpecialName, RTSpecialName	0x1007e1d48	0x9498db72	0x102e18b10	0x102e18b10	mapped	0x102e18b10
Microsoft.iOS	1005	0x060003ee	CoreText.CTParagraphStyleSpecifierNativeIntValue	get_ValueSize	0x2050	NoInlining	Assembly, Final, Virtual, HideBySig, CheckAccessOnOverride, SpecialName	0x1007e1d4c	0x9498db7b	0x102e18b38	0x102e18b38	mapped	0x102e18b38
Microsoft.iOS	1006	0x060003ef	CoreText.CTParagraphStyleSpecifierNativeIntValue	WriteValue	0x2050	NoInlining	Assembly, Final, Virtual, HideBySig, CheckAccessOnOverride	0x1007e1d50	0x9498db7c	0x102e18b40	0x102e18b40	mapped	0x102e18b40
Microsoft.iOS	1007	0x060003f0	CoreText.CTParagraphStyleSpecifierSingleValue	.ctor	0x2050	NoInlining	Public, HideBySig, SpecialName, RTSpecialName	0x1007e1d54	0x9498db97	0x102e18bb0	0x102e18bb0	mapped	0x102e18bb0
Microsoft.iOS	1008	0x060003f1	CoreText.CTParagraphStyleSpecifierSingleValue	get_ValueSize	0x2050	NoInlining	Assembly, Final, Virtual, HideBySig, CheckAccessOnOverride, SpecialName	0x1007e1d58	0x9498dba0	0x102e18bd8	0x102e18bd8	mapped	0x102e18bd8
Microsoft.iOS	1009	0x060003f2	CoreText.CTParagraphStyleSpecifierSingleValue	WriteValue	0x2050	NoInlining	Assembly, Final, Virtual, HideBySig, CheckAccessOnOverride	0x1007e1d5c	0x9498dba1	0x102e18be0	0x102e18be0	mapped	0x102e18be0
Microsoft.iOS	1010	0x060003f3	CoreText.CTParagraphStyleSpecifierIntPtrsValue	.ctor	0x2050	NoInlining	Public, HideBySig, SpecialName, RTSpecialName	0x1007e1d60	0x9498dbbc	0x102e18c50	0x102e18c50	mapped	0x102e18c50
Microsoft.iOS	1011	0x060003f4	CoreText.CTParagraphStyleSpecifierIntPtrsValue	get_ValueSize	0x2050	NoInlining	Assembly, Final, Virtual, HideBySig, CheckAccessOnOverride, SpecialName	0x1007e1d64	0x9498dbdb	0x102e18cd0	0x102e18cd0	mapped	0x102e18cd0
Microsoft.iOS	1012	0x060003f5	CoreText.CTParagraphStyleSpecifierIntPtrsValue	WriteValue	0x2050	NoInlining	Assembly, Final, Virtual, HideBySig, CheckAccessOnOverride	0x1007e1d68	0x9498dbdc	0x102e18cd8	0x102e18cd8	mapped	0x102e18cd8
Microsoft.iOS	1013	0x060003f6	CoreText.CTParagraphStyleSpecifierIntPtrsValue	Dispose	0x2050	NoInlining	Public, Final, Virtual, HideBySig	0x1007e1d6c	0x9498dbfb	0x102e18d58	0x102e18d58	mapped	0x102e18d58
Microsoft.iOS	1014	0x060003f7	CoreText.CTParagraphStyleSettings	.ctor	0x2050	NoInlining	Public, HideBySig, SpecialName, RTSpecialName	0x1007e1d70	0x9498dc2d	0x102e18e24	0x102e18e24	mapped	0x102e18e24
Microsoft.iOS	1015	0x060003f8	CoreText.CTParagraphStyleSettings	get_TabStops	0x2050	NoInlining	Public, HideBySig, SpecialName	0x1007e1d74	0x9498dc2d	0x102e18e28	0x102e18e28	mapped	0x102e18e28
Microsoft.iOS	1016	0x060003f9	CoreText.CTParagraphStyleSettings	get_Alignment	0x2050	NoInlining	Public, HideBySig, SpecialName	0x1007e1d78	0x9498dc35	0x102e18e4c	0x102e18e4c	mapped	0x102e18e4c
Microsoft.iOS	1017	0x060003fa	CoreText.CTParagraphStyleSettings	set_Alignment	0x2050	NoInlining	Public, HideBySig, SpecialName	0x1007e1d7c	0x9498dc3d	0x102e18e70	0x102e18e70	mapped	0x102e18e70
Microsoft.iOS	1018	0x060003fb	CoreText.CTParagraphStyleSettings	get_LineBreakMode	0x2050	NoInlining	Public, HideBySig, SpecialName	0x1007e1d80	0x9498dc45	0x102e18e94	0x102e18e94	mapped	0x102e18e94
Microsoft.iOS	1019	0x060003fc	CoreText.CTParagraphStyleSettings	get_BaseWritingDirection	0x2050	NoInlining	Public, HideBySig, SpecialName	0x1007e1d84	0x9498dc4d	0x102e18eb8	0x102e18eb8	mapped	0x102e18eb8
Microsoft.iOS	1020	0x060003fd	CoreText.CTParagraphStyleSettings	get_LineBoundsOptions	0x2050	NoInlining	Public, HideBySig, SpecialName	0x1007e1d88	0x9498dc55	0x102e18edc	0x102e18edc	mapped	0x102e18edc
Microsoft.iOS	1021	0x060003fe	CoreText.CTParagraphStyleSettings	get_FirstLineHeadIndent	0x2050	NoInlining	Public, HideBySig, SpecialName	0x1007e1d8c	0x9498dc5f	0x102e18f08	0x102e18f08	mapped	0x102e18f08
Microsoft.iOS	1022	0x060003ff	CoreText.CTParagraphStyleSettings	get_HeadIndent	0x2050	NoInlining	Public, HideBySig, SpecialName	0x1007e1d90	0x9498dc69	0x102e18f34	0x102e18f34	mapped	0x102e18f34
Microsoft.iOS	1023	0x06000400	CoreText.CTParagraphStyleSettings	get_TailIndent	0x2050	NoInlining	Public, HideBySig, SpecialName	0x1007e1d94	0x9498dc73	0x102e18f60	0x102e18f60	mapped	0x102e18f60
Microsoft.iOS	1024	0x06000401	CoreText.CTParagraphStyleSettings	get_DefaultTabInterval	0x2050	NoInlining	Public, HideBySig, SpecialName	0x1007e1d98	0x9498dc7d	0x102e18f8c	0x102e18f8c	mapped	0x102e18f8c
Microsoft.iOS	1025	0x06000402	CoreText.CTParagraphStyleSettings	get_LineHeightMultiple	0x2050	NoInlining	Public, HideBySig, SpecialName	0x1007e1d9c	0x9498dc87	0x102e18fb8	0x102e18fb8	mapped	0x102e18fb8
Microsoft.iOS	1026	0x06000403	CoreText.CTParagraphStyleSettings	get_MaximumLineHeight	0x2050	NoInlining	Public, HideBySig, SpecialName	0x1007e1da0	0x9498dc91	0x102e18fe4	0x102e18fe4	mapped	0x102e18fe4
Microsoft.iOS	1027	0x06000404	CoreText.CTParagraphStyleSettings	get_MinimumLineHeight	0x2050	NoInlining	Public, HideBySig, SpecialName	0x1007e1da4	0x9498dc9b	0x102e19010	0x102e19010	mapped	0x102e19010
Microsoft.iOS	1028	0x06000405	CoreText.CTParagraphStyleSettings	get_LineSpacing	0x2050	NoInlining	Public, HideBySig, SpecialName	0x1007e1da8	0x9498dca5	0x102e1903c	0x102e1903c	mapped	0x102e1903c
Microsoft.iOS	1029	0x06000406	CoreText.CTParagraphStyleSettings	get_ParagraphSpacing	0x2050	NoInlining	Public, HideBySig, SpecialName	0x1007e1dac	0x9498dcaf	0x102e19068	0x102e19068	mapped	0x102e19068
Microsoft.iOS	1030	0x06000407	CoreText.CTParagraphStyleSettings	get_ParagraphSpacingBefore	0x2050	NoInlining	Public, HideBySig, SpecialName	0x1007e1db0	0x9498dcb9	0x102e19094	0x102e19094	mapped	0x102e19094
Microsoft.iOS	1031	0x06000408	CoreText.CTParagraphStyleSettings	get_MaximumLineSpacing	0x2050	NoInlining	Public, HideBySig, SpecialName	0x1007e1db4	0x9498dcc3	0x102e190c0	0x102e190c0	mapped	0x102e190c0
Microsoft.iOS	1032	0x06000409	CoreText.CTParagraphStyleSettings	get_MinimumLineSpacing	0x2050	NoInlining	Public, HideBySig, SpecialName	0x1007e1db8	0x9498dccd	0x102e190ec	0x102e190ec	mapped	0x102e190ec
Microsoft.iOS	1033	0x0600040a	CoreText.CTParagraphStyleSettings	get_LineSpacingAdjustment	0x2050	NoInlining	Public, HideBySig, SpecialName	0x1007e1dbc	0x9498dcd7	0x102e19118	0x102e19118	mapped	0x102e19118
Microsoft.iOS	1034	0x0600040b	CoreText.CTParagraphStyleSettings	GetSpecifiers	0x2050	NoInlining	Assembly, HideBySig	0x1007e1dc0	0x9498dce1	0x102e19144	0x102e19144	mapped	0x102e19144
Microsoft.iOS	1035	0x0600040c	CoreText.CTParagraphStyleSettings	CreateValue	0x2050	NoInlining	Private, Static, HideBySig	0x1007e1dc4	0x9498dfc6	0x102e19cdc	0x102e19cdc	mapped	0x102e19cdc
Microsoft.iOS	1036	0x0600040d	CoreText.CTParagraphStyleSettings	CreateValue	0x2050	NoInlining	Private, Static, HideBySig	0x1007e1dc8	0x9498e06c	0x102e19f78	0x102e19f78	mapped	0x102e19f78
Microsoft.iOS	1037	0x0600040e	CoreText.CTParagraphStyleSettings	CreateValue	0x2050	NoInlining	Private, Static, HideBySig	0x1007e1dcc	0x9498e089	0x102e19ff0	0x102e19ff0	mapped	0x102e19ff0
Microsoft.iOS	1038	0x0600040f	CoreText.CTParagraphStyleSettings	CreateValue	0x2050	NoInlining	Private, Static, HideBySig	0x1007e1dd0	0x9498e0a8	0x102e1a070	0x102e1a070	mapped	0x102e1a070
Microsoft.iOS	1039	0x06000410	CoreText.CTParagraphStyle	.ctor	0x2050	NoInlining	Assembly, HideBySig, SpecialName, RTSpecialName	0x1007e1dd4	0x9498e0c5	0x102e1a0e8	0x102e1a0e8	mapped	0x102e1a0e8
Microsoft.iOS	1040	0x06000411	CoreText.CTParagraphStyle	CTParagraphStyleCreate	0x0	136	Private, Static, HideBySig, PinvokeImpl	0x1007e1dd8	0x97fffbf0	0x1007e0d98		absent	0x1007e0d98
Microsoft.iOS	1041	0x06000412	CoreText.CTParagraphStyle	.ctor	0x2050	NoInlining	Public, HideBySig, SpecialName, RTSpecialName	0x1007e1ddc	0x9498e0d8	0x102e1a13c	0x102e1a13c	mapped	0x102e1a13c
Microsoft.iOS	1042	0x06000413	CoreText.CTParagraphStyle	CreateFromSettings	0x2050	NoInlining	Private, Static, HideBySig	0x1007e1de0	0x9498e0f0	0x102e1a1a0	0x102e1a1a0	mapped	0x102e1a1a0
Microsoft.iOS	1043	0x06000414	CoreText.CTStringAttributes	.ctor	0x2050	NoInlining	Public, HideBySig, SpecialName, RTSpecialName	0x1007e1de4	0x9498e21f	0x102e1a660	0x102e1a660	mapped	0x102e1a660
Microsoft.iOS	1044	0x06000415	CoreText.CTStringAttributes	.ctor	0x2050	NoInlining	Public, HideBySig, SpecialName, RTSpecialName	0x1007e1de8	0x9498e23d	0x102e1a6dc	0x102e1a6dc	mapped	0x102e1a6dc
Microsoft.iOS	1045	0x06000416	CoreText.CTStringAttributes	get_Dictionary	0x2050	NoInlining	Public, HideBySig, SpecialName	0x1007e1dec	0x9498e269	0x102e1a790	0x102e1a790	mapped	0x102e1a790
Microsoft.iOS	1046	0x06000417	CoreText.CTStringAttributes	set_Dictionary	0x2050	NoInlining	Private, HideBySig, SpecialName	0x1007e1df0	0x9498e271	0x102e1a7b4	0x102e1a7b4	mapped	0x102e1a7b4
Microsoft.iOS	1047	0x06000418	CoreText.CTStringAttributes	set_Font	0x2050	NoInlining	Public, HideBySig, SpecialName	0x1007e1df4	0x9498e280	0x102e1a7f4	0x102e1a7f4	mapped	0x102e1a7f4
Microsoft.iOS	1048	0x06000419	CoreText.CTStringAttributes	set_ForegroundColorFromContext	0x2050	NoInlining	Public, HideBySig, SpecialName	0x1007e1df8	0x9498e298	0x102e1a858	0x102e1a858	mapped	0x102e1a858
Microsoft.iOS	1049	0x0600041a	CoreText.CTStringAttributes	set_ForegroundColor	0x2050	NoInlining	Public, HideBySig, SpecialName	0x1007e1dfc	0x9498e2bf	0x102e1a8f8	0x102e1a8f8	mapped	0x102e1a8f8
Microsoft.iOS	1050	0x0600041b	CoreText.CTStringAttributes	set_BackgroundColor	0x2050	NoInlining	Public, HideBySig, SpecialName	0x1007e1e00	0x9498e2d7	0x102e1a95c	0x102e1a95c	mapped	0x102e1a95c
Microsoft.iOS	1051	0x0600041c	CoreText.CTStringAttributes	set_ParagraphStyle	0x2050	NoInlining	Public, HideBySig, SpecialName	0x1007e1e04	0x9498e2f1	0x102e1a9c8	0x102e1a9c8	mapped	0x102e1a9c8
Microsoft.iOS	1052	0x0600041d	CoreText.CTStringAttributes	get_UnderlineStyleValue	0x2050	NoInlining	Public, HideBySig, SpecialName	0x1007e1e08	0x9498e309	0x102e1aa2c	0x102e1aa2c	mapped	0x102e1aa2c
Microsoft.iOS	1053	0x0600041e	CoreText.CTStringAttributes	set_UnderlineStyleValue	0x2050	NoInlining	Public, HideBySig, SpecialName	0x1007e1e0c	0x9498e31f	0x102e1aa88	0x102e1aa88	mapped	0x102e1aa88
Microsoft.iOS	1054	0x0600041f	CoreText.CTStringAttributes	set_UnderlineStyle	0x2050	NoInlining	Public, HideBySig, SpecialName	0x1007e1e10	0x9498e337	0x102e1aaec	0x102e1aaec	mapped	0x102e1aaec
Microsoft.iOS	1055	0x06000420	CoreText.CTStringAttributes	get_UnderlineStyleModifiers	0x2050	NoInlining	Public, HideBySig, SpecialName	0x1007e1e14	0x9498e361	0x102e1ab98	0x102e1ab98	mapped	0x102e1ab98
Microsoft.iOS	1056	0x06000421	CoreText.CTTextTab	.ctor	0x2050	NoInlining	Assembly, HideBySig, SpecialName, RTSpecialName	0x1007e1e18	0x9498e372	0x102e1abe0	0x102e1abe0	mapped	0x102e1abe0
Microsoft.iOS	1057	0x06000422	CoreText.ConstructorError	Unknown	0x2050	NoInlining	Public, Static, HideBySig	0x1007e1e1c	0x9498e386	0x102e1ac34	0x102e1ac34	mapped	0x102e1ac34
Microsoft.iOS	1058	0x06000423	CoreText.CTStringAttributeKey	get_BackgroundColor	0x2050	NoInlining	Public, Static, HideBySig, SpecialName	0x1007e1e20	0x9498e3ba	0x102e1ad08	0x102e1ad08	mapped	0x102e1ad08
Microsoft.iOS	1059	0x06000424	CoreText.CTStringAttributeKey	get_Font	0x2050	NoInlining	Public, Static, HideBySig, SpecialName	0x1007e1e24	0x9498e3da	0x102e1ad8c	0x102e1ad8c	mapped	0x102e1ad8c
Microsoft.iOS	1060	0x06000425	CoreText.CTStringAttributeKey	get_ForegroundColor	0x2050	NoInlining	Public, Static, HideBySig, SpecialName	0x1007e1e28	0x9498e3fa	0x102e1ae10	0x102e1ae10	mapped	0x102e1ae10
Microsoft.iOS	1061	0x06000426	CoreText.CTStringAttributeKey	get_ForegroundColorFromContext	0x2050	NoInlining	Public, Static, HideBySig, SpecialName	0x1007e1e2c	0x9498e41a	0x102e1ae94	0x102e1ae94	mapped	0x102e1ae94
Microsoft.iOS	1062	0x06000427	CoreText.CTStringAttributeKey	get_ParagraphStyle	0x2050	NoInlining	Public, Static, HideBySig, SpecialName	0x1007e1e30	0x9498e43a	0x102e1af18	0x102e1af18	mapped	0x102e1af18
Microsoft.iOS	1063	0x06000428	CoreText.CTStringAttributeKey	get_UnderlineStyle	0x2050	NoInlining	Public, Static, HideBySig, SpecialName	0x1007e1e34	0x9498e45a	0x102e1af9c	0x102e1af9c	mapped	0x102e1af9c
Microsoft.iOS	1064	0x06000429	CoreMotion.CMCalibratedMagneticField	ToString	0x2050	NoInlining	Public, Final, Virtual, HideBySig	0x1007e1e38	0x9498e47a	0x102e1b020	0x102e1b020	mapped	0x102e1b020
Microsoft.iOS	1065	0x0600042a	CoreMotion.CMMagneticField	ToString	0x2050	NoInlining	Public, Final, Virtual, HideBySig	0x1007e1e3c	0x9498e4b1	0x102e1b100	0x102e1b100	mapped	0x102e1b100
Microsoft.iOS	1066	0x0600042b	CoreMotion.CMAcceleration	ToString	0x2050	NoInlining	Public, Final, Virtual, HideBySig	0x1007e1e40	0x9498e4ea	0x102e1b1e8	0x102e1b1e8	mapped	0x102e1b1e8
Microsoft.iOS	1067	0x0600042c	CoreMotion.CMAccelerometerData	ToString	0x2050	NoInlining	Public, Final, Virtual, HideBySig	0x1007e1e44	0x9498e523	0x102e1b2d0	0x102e1b2d0	mapped	0x102e1b2d0
Microsoft.iOS	1068	0x0600042d	CoreMotion.CMAccelerometerData	get_ClassHandle	0x2050	NoInlining	Public, Final, Virtual, HideBySig, SpecialName	0x1007e1e48	0x9498e55c	0x102e1b3b8	0x102e1b3b8	mapped	0x102e1b3b8
Microsoft.iOS	1069	0x0600042e	CoreMotion.CMAccelerometerData	.ctor	0x2050	NoInlining	FamORAssem, HideBySig, SpecialName, RTSpecialName	0x1007e1e4c	0x9498e56c	0x102e1b3fc	0x102e1b3fc	mapped	0x102e1b3fc
Microsoft.iOS	1070	0x0600042f	CoreMotion.CMAccelerometerData	get_Acceleration	0x2050	NoInlining	Public, HideBySig, SpecialName	0x1007e1e50	0x9498e586	0x102e1b468	0x102e1b468	mapped	0x102e1b468
Microsoft.iOS	1071	0x06000430	CoreMotion.CMAccelerometerData	.cctor	0x2050	NoInlining	Private, Static, HideBySig, SpecialName, RTSpecialName	0x1007e1e54	0x9498e59b	0x102e1b4c0	0x102e1b4c0	mapped	0x102e1b4c0
Microsoft.iOS	1072	0x06000431	CoreMotion.CMDeviceMotion	get_ClassHandle	0x2050	NoInlining	Public, Final, Virtual, HideBySig, SpecialName	0x1007e1e58	0x9498e5b4	0x102e1b528	0x102e1b528	mapped	0x102e1b528
Microsoft.iOS	1073	0x06000432	CoreMotion.CMDeviceMotion	.ctor	0x2050	NoInlining	FamORAssem, HideBySig, SpecialName, RTSpecialName	0x1007e1e5c	0x9498e5c4	0x102e1b56c	0x102e1b56c	mapped	0x102e1b56c
Microsoft.iOS	1074	0x06000433	CoreMotion.CMDeviceMotion	get_MagneticField	0x2050	NoInlining	Public, HideBySig, SpecialName	0x1007e1e60	0x9498e5de	0x102e1b5d8	0x102e1b5d8	mapped	0x102e1b5d8
Microsoft.iOS	1075	0x06000434	CoreMotion.CMDeviceMotion	.cctor	0x2050	NoInlining	Private, Static, HideBySig, SpecialName, RTSpecialName	0x1007e1e64	0x9498e5fa	0x102e1b64c	0x102e1b64c	mapped	0x102e1b64c
Microsoft.iOS	1076	0x06000435	CoreMotion.CMLogItem	get_ClassHandle	0x2050	NoInlining	Public, Virtual, HideBySig, SpecialName	0x1007e1e68	0x9498e613	0x102e1b6b4	0x102e1b6b4	mapped	0x102e1b6b4
Microsoft.iOS	1077	0x06000436	CoreMotion.CMLogItem	.ctor	0x2050	NoInlining	FamORAssem, HideBySig, SpecialName, RTSpecialName	0x1007e1e6c	0x9498e623	0x102e1b6f8	0x102e1b6f8	mapped	0x102e1b6f8
Microsoft.iOS	1078	0x06000437	CoreMotion.CMLogItem	get_Timestamp	0x2050	NoInlining	Public, Final, Virtual, HideBySig, VtableLayoutMask, SpecialName	0x1007e1e70	0x9498e63d	0x102e1b764	0x102e1b764	mapped	0x102e1b764
Microsoft.iOS	1079	0x06000438	CoreMotion.CMLogItem	.cctor	0x2050	NoInlining	Private, Static, HideBySig, SpecialName, RTSpecialName	0x1007e1e74	0x9498e652	0x102e1b7bc	0x102e1b7bc	mapped	0x102e1b7bc
Microsoft.iOS	1080	0x06000439	CoreMotion.CMMotionManager	get_ClassHandle	0x2050	NoInlining	Public, Final, Virtual, HideBySig, SpecialName	0x1007e1e78	0x9498e66b	0x102e1b824	0x102e1b824	mapped	0x102e1b824
Microsoft.iOS	1081	0x0600043a	CoreMotion.CMMotionManager	.ctor	0x2050	NoInlining	Public, HideBySig, SpecialName, RTSpecialName	0x1007e1e7c	0x9498e67b	0x102e1b868	0x102e1b868	mapped	0x102e1b868
Microsoft.iOS	1082	0x0600043b	CoreMotion.CMMotionManager	.ctor	0x2050	NoInlining	FamORAssem, HideBySig, SpecialName, RTSpecialName	0x1007e1e80	0x9498e6a2	0x102e1b908	0x102e1b908	mapped	0x102e1b908
Microsoft.iOS	1083	0x0600043c	CoreMotion.CMMotionManager	StartAccelerometerUpdates	0x2050	NoInlining	Public, HideBySig	0x1007e1e84	0x9498e6bc	0x102e1b974	0x102e1b974	mapped	0x102e1b974
Microsoft.iOS	1084	0x0600043d	CoreMotion.CMMotionManager	StartDeviceMotionUpdates	0x2050	NoInlining	Public, HideBySig	0x1007e1e88	0x9498e701	0x102e1ba8c	0x102e1ba8c	mapped	0x102e1ba8c
Microsoft.iOS	1085	0x0600043e	CoreMotion.CMMotionManager	StopAccelerometerUpdates	0x2050	NoInlining	Public, HideBySig	0x1007e1e8c	0x9498e748	0x102e1bbac	0x102e1bbac	mapped	0x102e1bbac
Microsoft.iOS	1086	0x0600043f	CoreMotion.CMMotionManager	StopDeviceMotionUpdates	0x2050	NoInlining	Public, HideBySig	0x1007e1e90	0x9498e75d	0x102e1bc04	0x102e1bc04	mapped	0x102e1bc04
Microsoft.iOS	1087	0x06000440	CoreMotion.CMMotionManager	get_AccelerometerAvailable	0x2050	NoInlining	Public, HideBySig, SpecialName	0x1007e1e94	0x9498e772	0x102e1bc5c	0x102e1bc5c	mapped	0x102e1bc5c
Microsoft.iOS	1088	0x06000441	CoreMotion.CMMotionManager	set_AccelerometerUpdateInterval	0x2050	NoInlining	Public, HideBySig, SpecialName	0x1007e1e98	0x9498e789	0x102e1bcbc	0x102e1bcbc	mapped	0x102e1bcbc
Microsoft.iOS	1089	0x06000442	CoreMotion.CMMotionManager	get_DeviceMotionAvailable	0x2050	NoInlining	Public, HideBySig, SpecialName	0x1007e1e9c	0x9498e7a2	0x102e1bd24	0x102e1bd24	mapped	0x102e1bd24
Microsoft.iOS	1090	0x06000443	CoreMotion.CMMotionManager	set_MagnetometerUpdateInterval	0x2050	NoInlining	Public, HideBySig, SpecialName	0x1007e1ea0	0x9498e7b9	0x102e1bd84	0x102e1bd84	mapped	0x102e1bd84
Microsoft.iOS	1091	0x06000444	CoreMotion.CMMotionManager	.cctor	0x2050	NoInlining	Private, Static, HideBySig, SpecialName, RTSpecialName	0x1007e1ea4	0x9498e7d2	0x102e1bdec	0x102e1bdec	mapped	0x102e1bdec
Microsoft.iOS	1092	0x06000445	CoreMotion.CMAccelerometerHandler	.ctor	0x0	11	Public, HideBySig, SpecialName, RTSpecialName	0x1007e1ea8	0x97fffbbc	0x1007e0d98		absent	0x1007e0d98
Microsoft.iOS	1093	0x06000446	CoreMotion.CMAccelerometerHandler	Invoke	0x0	11	Public, Virtual, HideBySig, VtableLayoutMask	0x1007e1eac	0x97fffbbb	0x1007e0d98		absent	0x1007e0d98
Microsoft.iOS	1094	0x06000447	CoreMotion.CMDeviceMotionHandler	.ctor	0x0	11	Public, HideBySig, SpecialName, RTSpecialName	0x1007e1eb0	0x97fffbba	0x1007e0d98		absent	0x1007e0d98
Microsoft.iOS	1095	0x06000448	CoreMotion.CMDeviceMotionHandler	Invoke	0x0	11	Public, Virtual, HideBySig, VtableLayoutMask	0x1007e1eb4	0x97fffbb9	0x1007e0d98		absent	0x1007e0d98
Microsoft.iOS	1096	0x06000449	CoreMedia.CMTime	.ctor	0x2050	NoInlining	Private, HideBySig, SpecialName, RTSpecialName	0x1007e1eb8	0x9498e7e7	0x102e1be54	0x102e1be54	mapped	0x102e1be54
Microsoft.iOS	1097	0x0600044a	CoreMedia.CMTime	.ctor	0x2050	NoInlining	Private, HideBySig, SpecialName, RTSpecialName	0x1007e1ebc	0x9498e801	0x102e1bec0	0x102e1bec0	mapped	0x102e1bec0
Microsoft.iOS	1098	0x0600044b	CoreMedia.CMTime	CMTimeCompare	0x0	136	Private, Static, HideBySig, PinvokeImpl	0x1007e1ec0	0x97fffbb6	0x1007e0d98		absent	0x1007e0d98
Microsoft.iOS	1099	0x0600044c	CoreMedia.CMTime	op_Equality	0x2050	NoInlining	Public, Static, HideBySig, SpecialName	0x1007e1ec4	0x9498e81b	0x102e1bf30	0x102e1bf30	mapped	0x102e1bf30
Microsoft.iOS	1100	0x0600044d	CoreMedia.CMTime	op_Inequality	0x2050	NoInlining	Public, Static, HideBySig, SpecialName	0x1007e1ec8	0x9498e841	0x102e1bfcc	0x102e1bfcc	mapped	0x102e1bfcc
Microsoft.iOS	1101	0x0600044e	CoreMedia.CMTime	op_LessThan	0x2050	NoInlining	Public, Static, HideBySig, SpecialName	0x1007e1ecc	0x9498e867	0x102e1c068	0x102e1c068	mapped	0x102e1c068
Microsoft.iOS	1102	0x0600044f	CoreMedia.CMTime	op_LessThanOrEqual	0x2050	NoInlining	Public, Static, HideBySig, SpecialName	0x1007e1ed0	0x9498e88d	0x102e1c104	0x102e1c104	mapped	0x102e1c104
Microsoft.iOS	1103	0x06000450	CoreMedia.CMTime	op_GreaterThan	0x2050	NoInlining	Public, Static, HideBySig, SpecialName	0x1007e1ed4	0x9498e8b3	0x102e1c1a0	0x102e1c1a0	mapped	0x102e1c1a0
Microsoft.iOS	1104	0x06000451	CoreMedia.CMTime	op_GreaterThanOrEqual	0x2050	NoInlining	Public, Static, HideBySig, SpecialName	0x1007e1ed8	0x9498e8d9	0x102e1c23c	0x102e1c23c	mapped	0x102e1c23c
Microsoft.iOS	1105	0x06000452	CoreMedia.CMTime	Equals	0x2050	NoInlining	Public, Final, Virtual, HideBySig	0x1007e1edc	0x9498e8ff	0x102e1c2d8	0x102e1c2d8	mapped	0x102e1c2d8
Microsoft.iOS	1106	0x06000453	CoreMedia.CMTime	GetHashCode	0x2050	NoInlining	Public, Final, Virtual, HideBySig	0x1007e1ee0	0x9498e943	0x102e1c3ec	0x102e1c3ec	mapped	0x102e1c3ec
Microsoft.iOS	1107	0x06000454	CoreMedia.CMTime	CMTimeAdd	0x0	136	Private, Static, HideBySig, PinvokeImpl	0x1007e1ee4	0x97fffbad	0x1007e0d98		absent	0x1007e0d98
Microsoft.iOS	1108	0x06000455	CoreMedia.CMTime	Add	0x2050	NoInlining	Public, Static, HideBySig	0x1007e1ee8	0x9498e964	0x102e1c478	0x102e1c478	mapped	0x102e1c478
Microsoft.iOS	1109	0x06000456	CoreMedia.CMTime	CMTimeSubtract	0x0	136	Private, Static, HideBySig, PinvokeImpl	0x1007e1eec	0x97fffbab	0x1007e0d98		absent	0x1007e0d98
Microsoft.iOS	1110	0x06000457	CoreMedia.CMTime	Subtract	0x2050	NoInlining	Public, Static, HideBySig	0x1007e1ef0	0x9498e98e	0x102e1c528	0x102e1c528	mapped	0x102e1c528
Microsoft.iOS	1111	0x06000458	CoreMedia.CMTime	CMTimeMultiply	0x0	136	Private, Static, HideBySig, PinvokeImpl	0x1007e1ef4	0x97fffba9	0x1007e0d98		absent	0x1007e0d98
Microsoft.iOS	1112	0x06000459	CoreMedia.CMTime	Multiply	0x2050	NoInlining	Public, Static, HideBySig	0x1007e1ef8	0x9498e9b8	0x102e1c5d8	0x102e1c5d8	mapped	0x102e1c5d8
Microsoft.iOS	1113	0x0600045a	CoreMedia.CMTime	CMTimeMultiplyByFloat64	0x0	136	Private, Static, HideBySig, PinvokeImpl	0x1007e1efc	0x97fffba7	0x1007e0d98		absent	0x1007e0d98
Microsoft.iOS	1114	0x0600045b	CoreMedia.CMTime	Multiply	0x2050	NoInlining	Public, Static, HideBySig	0x1007e1f00	0x9498e9de	0x102e1c678	0x102e1c678	mapped	0x102e1c678
Microsoft.iOS	1115	0x0600045c	CoreMedia.CMTime	op_Addition	0x2050	NoInlining	Public, Static, HideBySig, SpecialName	0x1007e1f04	0x9498ea07	0x102e1c720	0x102e1c720	mapped	0x102e1c720
Microsoft.iOS	1116	0x0600045d	CoreMedia.CMTime	op_Subtraction	0x2050	NoInlining	Public, Static, HideBySig, SpecialName	0x1007e1f08	0x9498ea32	0x102e1c7d0	0x102e1c7d0	mapped	0x102e1c7d0
Microsoft.iOS	1117	0x0600045e	CoreMedia.CMTime	op_Multiply	0x2050	NoInlining	Public, Static, HideBySig, SpecialName	0x1007e1f0c	0x9498ea5d	0x102e1c880	0x102e1c880	mapped	0x102e1c880
Microsoft.iOS	1118	0x0600045f	CoreMedia.CMTime	op_Multiply	0x2050	NoInlining	Public, Static, HideBySig, SpecialName	0x1007e1f10	0x9498ea84	0x102e1c920	0x102e1c920	mapped	0x102e1c920
Microsoft.iOS	1119	0x06000460	CoreMedia.CMTime	CMTimeGetSeconds	0x0	136	Private, Static, HideBySig, PinvokeImpl	0x1007e1f14	0x97fffba1	0x1007e0d98		absent	0x1007e0d98
Microsoft.iOS	1120	0x06000461	CoreMedia.CMTime	get_Seconds	0x2050	NoInlining	Public, HideBySig, SpecialName	0x1007e1f18	0x9498eaac	0x102e1c9c8	0x102e1c9c8	mapped	0x102e1c9c8
Microsoft.iOS	1121	0x06000462	CoreMedia.CMTime	CMTimeMakeWithSeconds	0x0	136	Private, Static, HideBySig, PinvokeImpl	0x1007e1f1c	0x97fffb9f	0x1007e0d98		absent	0x1007e0d98
Microsoft.iOS	1122	0x06000463	CoreMedia.CMTime	FromSeconds	0x2050	NoInlining	Public, Static, HideBySig	0x1007e1f20	0x9498eac4	0x102e1ca30	0x102e1ca30	mapped	0x102e1ca30
Microsoft.iOS	1123	0x06000464	CoreMedia.CMTime	.cctor	0x2050	NoInlining	Private, Static, HideBySig, SpecialName, RTSpecialName	0x1007e1f24	0x9498eae9	0x102e1cac8	0x102e1cac8	mapped	0x102e1cac8
Microsoft.iOS	1124	0x06000465	CoreMedia.CMTime	CMTimeCopyDescription	0x0	136	Private, Static, HideBySig, PinvokeImpl	0x1007e1f28	0x97fffb9c	0x1007e0d98		absent	0x1007e0d98
Microsoft.iOS	1125	0x06000466	CoreMedia.CMTime	get_Description	0x2050	NoInlining	Public, HideBySig, SpecialName	0x1007e1f2c	0x9498eb58	0x102e1cc8c	0x102e1cc8c	mapped	0x102e1cc8c
Microsoft.iOS	1126	0x06000467	CoreMedia.CMTime	ToString	0x2050	NoInlining	Public, Final, Virtual, HideBySig	0x1007e1f30	0x9498eb73	0x102e1ccfc	0x102e1ccfc	mapped	0x102e1ccfc
Microsoft.iOS	1127	0x06000468	CoreLocation.CLLocationManager	get_ClassHandle	0x2050	NoInlining	Public, Final, Virtual, HideBySig, SpecialName	0x1007e1f34	0x9498eb80	0x102e1cd34	0x102e1cd34	mapped	0x102e1cd34
Microsoft.iOS	1128	0x06000469	CoreLocation.CLLocationManager	.ctor	0x2050	NoInlining	FamORAssem, HideBySig, SpecialName, RTSpecialName	0x1007e1f38	0x9498eb90	0x102e1cd78	0x102e1cd78	mapped	0x102e1cd78
Microsoft.iOS	1129	0x0600046a	CoreLocation.CLLocationManager	get_Status	0x2050	NoInlining	Public, Static, HideBySig, SpecialName	0x1007e1f3c	0x9498ebaa	0x102e1cde4	0x102e1cde4	mapped	0x102e1cde4
Microsoft.iOS	1130	0x0600046b	CoreLocation.CLLocationManager	Dispose	0x2050	NoInlining	Family, Final, Virtual, HideBySig	0x1007e1f40	0x9498ebc3	0x102e1ce4c	0x102e1ce4c	mapped	0x102e1ce4c
Microsoft.iOS	1131	0x0600046c	CoreLocation.CLLocationManager	.cctor	0x2050	NoInlining	Private, Static, HideBySig, SpecialName, RTSpecialName	0x1007e1f44	0x9498ebd8	0x102e1cea4	0x102e1cea4	mapped	0x102e1cea4
Microsoft.iOS	1132	0x0600046d	CoreLocation.CLBeacon	get_ClassHandle	0x2050	NoInlining	Public, Final, Virtual, HideBySig, SpecialName	0x1007e1f48	0x9498ebf1	0x102e1cf0c	0x102e1cf0c	mapped	0x102e1cf0c
Microsoft.iOS	1133	0x0600046e	CoreLocation.CLBeacon	.ctor	0x2050	NoInlining	FamORAssem, HideBySig, SpecialName, RTSpecialName	0x1007e1f4c	0x9498ec01	0x102e1cf50	0x102e1cf50	mapped	0x102e1cf50
Microsoft.iOS	1134	0x0600046f	CoreLocation.CLBeacon	.cctor	0x2050	NoInlining	Private, Static, HideBySig, SpecialName, RTSpecialName	0x1007e1f50	0x9498ec1b	0x102e1cfbc	0x102e1cfbc	mapped	0x102e1cfbc
Microsoft.iOS	1135	0x06000470	CoreLocation.CLBeaconIdentityConstraint	get_ClassHandle	0x2050	NoInlining	Public, Final, Virtual, HideBySig, SpecialName	0x1007e1f54	0x9498ec34	0x102e1d024	0x102e1d024	mapped	0x102e1d024
Microsoft.iOS	1136	0x06000471	CoreLocation.CLBeaconIdentityConstraint	.ctor	0x2050	NoInlining	FamORAssem, HideBySig, SpecialName, RTSpecialName	0x1007e1f58	0x9498ec44	0x102e1d068	0x102e1d068	mapped	0x102e1d068
Microsoft.iOS	1137	0x06000472	CoreLocation.CLBeaconIdentityConstraint	.cctor	0x2050	NoInlining	Private, Static, HideBySig, SpecialName, RTSpecialName	0x1007e1f5c	0x9498ec5e	0x102e1d0d4	0x102e1d0d4	mapped	0x102e1d0d4
Microsoft.iOS	1138	0x06000473	CoreLocation.CLBeaconRegion	get_ClassHandle	0x2050	NoInlining	Public, Final, Virtual, HideBySig, SpecialName	0x1007e1f60	0x9498ec77	0x102e1d13c	0x102e1d13c	mapped	0x102e1d13c
Microsoft.iOS	1139	0x06000474	CoreLocation.CLBeaconRegion	.ctor	0x2050	NoInlining	FamORAssem, HideBySig, SpecialName, RTSpecialName	0x1007e1f64	0x9498ec87	0x102e1d180	0x102e1d180	mapped	0x102e1d180
Microsoft.iOS	1140	0x06000475	CoreLocation.CLBeaconRegion	.cctor	0x2050	NoInlining	Private, Static, HideBySig, SpecialName, RTSpecialName	0x1007e1f68	0x9498eca1	0x102e1d1ec	0x102e1d1ec	mapped	0x102e1d1ec
Microsoft.iOS	1141	0x06000476	CoreLocation.CLHeading	get_ClassHandle	0x2050	NoInlining	Public, Final, Virtual, HideBySig, SpecialName	0x1007e1f6c	0x9498ecba	0x102e1d254	0x102e1d254	mapped	0x102e1d254
Microsoft.iOS	1142	0x06000477	CoreLocation.CLHeading	.ctor	0x2050	NoInlining	FamORAssem, HideBySig, SpecialName, RTSpecialName	0x1007e1f70	0x9498ecca	0x102e1d298	0x102e1d298	mapped	0x102e1d298
Microsoft.iOS	1143	0x06000478	CoreLocation.CLHeading	.cctor	0x2050	NoInlining	Private, Static, HideBySig, SpecialName, RTSpecialName	0x1007e1f74	0x9498ece4	0x102e1d304	0x102e1d304	mapped	0x102e1d304
Microsoft.iOS	1144	0x06000479	CoreLocation.CLLocation	get_ClassHandle	0x2050	NoInlining	Public, Final, Virtual, HideBySig, SpecialName	0x1007e1f78	0x9498ecfd	0x102e1d36c	0x102e1d36c	mapped	0x102e1d36c
Microsoft.iOS	1145	0x0600047a	CoreLocation.CLLocation	.ctor	0x2050	NoInlining	FamORAssem, HideBySig, SpecialName, RTSpecialName	0x1007e1f7c	0x9498ed0d	0x102e1d3b0	0x102e1d3b0	mapped	0x102e1d3b0
Microsoft.iOS	1146	0x0600047b	CoreLocation.CLLocation	.cctor	0x2050	NoInlining	Private, Static, HideBySig, SpecialName, RTSpecialName	0x1007e1f80	0x9498ed27	0x102e1d41c	0x102e1d41c	mapped	0x102e1d41c
Microsoft.iOS	1147	0x0600047c	CoreLocation.CLAuthorizationChangedEventArgs	.ctor	0x2050	NoInlining	Public, HideBySig, SpecialName, RTSpecialName	0x1007e1f84	0x9498ed40	0x102e1d484	0x102e1d484	mapped	0x102e1d484
Microsoft.iOS	1148	0x0600047d	CoreLocation.CLAuthorizationChangedEventArgs	set_Status	0x2050	NoInlining	Public, HideBySig, SpecialName	0x1007e1f88	0x9498ed48	0x102e1d4a8	0x102e1d4a8	mapped	0x102e1d4a8
Microsoft.iOS	1149	0x0600047e	CoreLocation.CLLocationManagerDelegateWrapper	.ctor	0x2050	NoInlining	Public, HideBySig, SpecialName, RTSpecialName	0x1007e1f8c	0x9498ed50	0x102e1d4cc	0x102e1d4cc	mapped	0x102e1d4cc
Microsoft.iOS	1150	0x0600047f	CoreLocation.CLLocationManagerDelegate	.ctor	0x2050	NoInlining	Public, HideBySig, SpecialName, RTSpecialName	0x1007e1f90	0x9498ed64	0x102e1d520	0x102e1d520	mapped	0x102e1d520
Microsoft.iOS	1151	0x06000480	CoreLocation.CLLocationManagerDelegate	.ctor	0x2050	NoInlining	FamORAssem, HideBySig, SpecialName, RTSpecialName	0x1007e1f94	0x9498ed8b	0x102e1d5c0	0x102e1d5c0	mapped	0x102e1d5c0
Microsoft.iOS	1152	0x06000481	CoreLocation.CLLocationManagerDelegate	AuthorizationChanged	0x2050	NoInlining	Public, Virtual, HideBySig, VtableLayoutMask	0x1007e1f98	0x9498ed9f	0x102e1d614	0x102e1d614	mapped	0x102e1d614
Microsoft.iOS	1153	0x06000482	CoreLocation.CLLocationManagerDelegate	Failed	0x2050	NoInlining	Public, Virtual, HideBySig, VtableLayoutMask	0x1007e1f9c	0x9498edb6	0x102e1d674	0x102e1d674	mapped	0x102e1d674
Microsoft.iOS	1154	0x06000483	CoreLocation.CLLocationManagerDelegate	LocationsUpdated	0x2050	NoInlining	Public, Virtual, HideBySig, VtableLayoutMask	0x1007e1fa0	0x9498edcd	0x102e1d6d4	0x102e1d6d4	mapped	0x102e1d6d4
Microsoft.iOS	1155	0x06000484	CoreLocation.CLLocationManagerDelegate	ShouldDisplayHeadingCalibration	0x2050	NoInlining	Public, Virtual, HideBySig, VtableLayoutMask	0x1007e1fa4	0x9498ede4	0x102e1d734	0x102e1d734	mapped	0x102e1d734
Microsoft.iOS	1156	0x06000485	CoreLocation.CLRegion	get_ClassHandle	0x2050	NoInlining	Public, Virtual, HideBySig, SpecialName	0x1007e1fa8	0x9498edfb	0x102e1d794	0x102e1d794	mapped	0x102e1d794
Microsoft.iOS	1157	0x06000486	CoreLocation.CLRegion	.ctor	0x2050	NoInlining	FamORAssem, HideBySig, SpecialName, RTSpecialName	0x1007e1fac	0x9498ee0b	0x102e1d7d8	0x102e1d7d8	mapped	0x102e1d7d8
Microsoft.iOS	1158	0x06000487	CoreLocation.CLRegion	.cctor	0x2050	NoInlining	Private, Static, HideBySig, SpecialName, RTSpecialName	0x1007e1fb0	0x9498ee25	0x102e1d844	0x102e1d844	mapped	0x102e1d844
Microsoft.iOS	1159	0x06000488	CoreLocation.CLVisit	get_ClassHandle	0x2050	NoInlining	Public, Final, Virtual, HideBySig, SpecialName	0x1007e1fb4	0x9498ee3e	0x102e1d8ac	0x102e1d8ac	mapped	0x102e1d8ac
Microsoft.iOS	1160	0x06000489	CoreLocation.CLVisit	.ctor	0x2050	NoInlining	FamORAssem, HideBySig, SpecialName, RTSpecialName	0x1007e1fb8	0x9498ee4e	0x102e1d8f0	0x102e1d8f0	mapped	0x102e1d8f0
Microsoft.iOS	1161	0x0600048a	CoreLocation.CLVisit	.cctor	0x2050	NoInlining	Private, Static, HideBySig, SpecialName, RTSpecialName	0x1007e1fbc	0x9498ee68	0x102e1d95c	0x102e1d95c	mapped	0x102e1d95c
Microsoft.iOS	1162	0x0600048b	CoreGraphics.CGAffineTransform	.ctor	0x2050	NoInlining	Public, HideBySig, SpecialName, RTSpecialName	0x1007e1fc0	0x9498ee81	0x102e1d9c4	0x102e1d9c4	mapped	0x102e1d9c4
Microsoft.iOS	1163	0x0600048c	CoreGraphics.CGAffineTransform	MakeIdentity	0x2050	NoInlining	Public, Static, HideBySig	0x1007e1fc4	0x9498ee8e	0x102e1d9fc	0x102e1d9fc	mapped	0x102e1d9fc
Microsoft.iOS	1164	0x0600048d	CoreGraphics.CGAffineTransform	MakeScale	0x2050	NoInlining	Public, Static, HideBySig	0x1007e1fc8	0x9498eea5	0x102e1da5c	0x102e1da5c	mapped	0x102e1da5c
Microsoft.iOS	1165	0x0600048e	CoreGraphics.CGAffineTransform	MakeTranslation	0x2050	NoInlining	Public, Static, HideBySig	0x1007e1fcc	0x9498eebc	0x102e1dabc	0x102e1dabc	mapped	0x102e1dabc
Microsoft.iOS	1166	0x0600048f	CoreGraphics.CGAffineTransform	Multiply	0x2050	NoInlining	Public, Static, HideBySig	0x1007e1fd0	0x9498eed3	0x102e1db1c	0x102e1db1c	mapped	0x102e1db1c
Microsoft.iOS	1167	0x06000490	CoreGraphics.CGAffineTransform	Multiply	0x2050	NoInlining	Public, HideBySig	0x1007e1fd4	0x9498ef04	0x102e1dbe4	0x102e1dbe4	mapped	0x102e1dbe4
Microsoft.iOS	1168	0x06000491	CoreGraphics.CGAffineTransform	Translate	0x2050	NoInlining	Public, HideBySig	0x1007e1fd8	0x9498ef37	0x102e1dcb4	0x102e1dcb4	mapped	0x102e1dcb4
Microsoft.iOS	1169	0x06000492	CoreGraphics.CGAffineTransform	Translate	0x2050	NoInlining	Public, HideBySig	0x1007e1fdc	0x9498efd5	0x102e1df30	0x102e1df30	mapped	0x102e1df30
Microsoft.iOS	1170	0x06000493	CoreGraphics.CGAffineTransform	NSStringFromCGAffineTransform	0x0	136	Private, Static, HideBySig, PinvokeImpl	0x1007e1fe0	0x97fffb6e	0x1007e0d98		absent	0x1007e0d98
Microsoft.iOS	1171	0x06000494	CoreGraphics.CGAffineTransform	ToString	0x2050	NoInlining	Public, Final, Virtual, HideBySig	0x1007e1fe4	0x9498efe8	0x102e1df84	0x102e1df84	mapped	0x102e1df84
Microsoft.iOS	1172	0x06000495	CoreGraphics.CGAffineTransform	op_Equality	0x2050	NoInlining	Public, Static, HideBySig, SpecialName	0x1007e1fe8	0x9498f002	0x102e1dff0	0x102e1dff0	mapped	0x102e1dff0
Microsoft.iOS	1173	0x06000496	CoreGraphics.CGAffineTransform	op_Inequality	0x2050	NoInlining	Public, Static, HideBySig, SpecialName	0x1007e1fec	0x9498f01c	0x102e1e05c	0x102e1e05c	mapped	0x102e1e05c
Microsoft.iOS	1174	0x06000497	CoreGraphics.CGAffineTransform	op_Multiply	0x2050	NoInlining	Public, Static, HideBySig, SpecialName	0x1007e1ff0	0x9498f051	0x102e1e134	0x102e1e134	mapped	0x102e1e134
Microsoft.iOS	1175	0x06000498	CoreGraphics.CGAffineTransform	Equals	0x2050	NoInlining	Public, Final, Virtual, HideBySig	0x1007e1ff4	0x9498f082	0x102e1e1fc	0x102e1e1fc	mapped	0x102e1e1fc
Microsoft.iOS	1176	0x06000499	CoreGraphics.CGAffineTransform	GetHashCode	0x2050	NoInlining	Public, Final, Virtual, HideBySig	0x1007e1ff8	0x9498f0da	0x102e1e360	0x102e1e360	mapped	0x102e1e360
Microsoft.iOS	1177	0x0600049a	CoreGraphics.CGBitmapContext	.ctor	0x2050	NoInlining	Assembly, HideBySig, SpecialName, RTSpecialName	0x1007e1ffc	0x9498f0fc	0x102e1e3ec	0x102e1e3ec	mapped	0x102e1e3ec
Microsoft.iOS	1178	0x0600049b	CoreGraphics.CGBitmapContext	CGBitmapContextCreate	0x0	136	Private, Static, HideBySig, PinvokeImpl	0x1007e2000	0x97fffb66	0x1007e0d98		absent	0x1007e0d98
Microsoft.iOS	1179	0x0600049c	CoreGraphics.CGBitmapContext	.ctor	0x2050	NoInlining	Public, HideBySig, SpecialName, RTSpecialName	0x1007e2004	0x9498f10f	0x102e1e440	0x102e1e440	mapped	0x102e1e440
Microsoft.iOS	1180	0x0600049d	CoreGraphics.CGBitmapContext	CGBitmapContextCreate	0x0	136	Private, Static, HideBySig, PinvokeImpl	0x1007e2008	0x97fffb64	0x1007e0d98		absent	0x1007e0d98
Microsoft.iOS	1181	0x0600049e	CoreGraphics.CGBitmapContext	Create	0x2050	NoInlining	Private, Static, HideBySig	0x1007e200c	0x9498f135	0x102e1e4e0	0x102e1e4e0	mapped	0x102e1e4e0
Microsoft.iOS	1182	0x0600049f	CoreGraphics.CGBitmapContext	.ctor	0x2050	NoInlining	Public, HideBySig, SpecialName, RTSpecialName	0x1007e2010	0x9498f15e	0x102e1e588	0x102e1e588	mapped	0x102e1e588
Microsoft.iOS	1183	0x060004a0	CoreGraphics.CGBitmapContext	Dispose	0x2050	NoInlining	Family, Final, Virtual, HideBySig	0x1007e2014	0x9498f194	0x102e1e664	0x102e1e664	mapped	0x102e1e664
Microsoft.iOS	1184	0x060004a1	CoreGraphics.CGBitmapContext	CGBitmapContextCreateImage	0x0	136	Private, Static, HideBySig, PinvokeImpl	0x1007e2018	0x97fffb60	0x1007e0d98		absent	0x1007e0d98
Microsoft.iOS	1185	0x060004a2	CoreGraphics.CGBitmapContext	ToImage	0x2050	NoInlining	Public, HideBySig	0x1007e201c	0x9498f1ae	0x102e1e6d4	0x102e1e6d4	mapped	0x102e1e6d4
Microsoft.iOS	1186	0x060004a3	CoreGraphics.CGColor	.ctor	0x2050	NoInlining	Assembly, HideBySig, SpecialName, RTSpecialName	0x1007e2020	0x9498f1d9	0x102e1e784	0x102e1e784	mapped	0x102e1e784
Microsoft.iOS	1187	0x060004a4	CoreGraphics.CGColor	Retain	0x2050	NoInlining	FamORAssem, Final, Virtual, HideBySig	0x1007e2024	0x9498f1ed	0x102e1e7d8	0x102e1e7d8	mapped	0x102e1e7d8
Microsoft.iOS	1188	0x060004a5	CoreGraphics.CGColor	Release	0x2050	NoInlining	FamORAssem, Final, Virtual, HideBySig	0x1007e2028	0x9498f1fb	0x102e1e814	0x102e1e814	mapped	0x102e1e814
Microsoft.iOS	1189	0x060004a6	CoreGraphics.CGColor	CGColorCreateGenericRGB	0x0	136	Private, Static, HideBySig, PinvokeImpl	0x1007e202c	0x97fffb5b	0x1007e0d98		absent	0x1007e0d98
Microsoft.iOS	1190	0x060004a7	CoreGraphics.CGColor	.ctor	0x2050	NoInlining	Public, HideBySig, SpecialName, RTSpecialName	0x1007e2030	0x9498f208	0x102e1e850	0x102e1e850	mapped	0x102e1e850
Microsoft.iOS	1191	0x060004a8	CoreGraphics.CGColor	CGColorEqualToColor	0x0	136	Private, Static, HideBySig, PinvokeImpl	0x1007e2034	0x97fffb59	0x1007e0d98		absent	0x1007e0d98
Microsoft.iOS	1192	0x060004a9	CoreGraphics.CGColor	op_Equality	0x2050	NoInlining	Public, Static, HideBySig, SpecialName	0x1007e2038	0x9498f224	0x102e1e8c8	0x102e1e8c8	mapped	0x102e1e8c8
Microsoft.iOS	1193	0x060004aa	CoreGraphics.CGColor	op_Inequality	0x2050	NoInlining	Public, Static, HideBySig, SpecialName	0x1007e203c	0x9498f239	0x102e1e920	0x102e1e920	mapped	0x102e1e920
Microsoft.iOS	1194	0x060004ab	CoreGraphics.CGColor	GetHashCode	0x2050	NoInlining	Public, Final, Virtual, HideBySig	0x1007e2040	0x9498f250	0x102e1e980	0x102e1e980	mapped	0x102e1e980
Microsoft.iOS	1195	0x060004ac	CoreGraphics.CGColor	Equals	0x2050	NoInlining	Public, Final, Virtual, HideBySig	0x1007e2044	0x9498f251	0x102e1e988	0x102e1e988	mapped	0x102e1e988
Microsoft.iOS	1196	0x060004ad	CoreGraphics.CGColor	CGColorGetNumberOfComponents	0x0	136	Private, Static, HideBySig, PinvokeImpl	0x1007e2048	0x97fffb54	0x1007e0d98		absent	0x1007e0d98
Microsoft.iOS	1197	0x060004ae	CoreGraphics.CGColor	get_NumberOfComponents	0x2050	NoInlining	Public, HideBySig, SpecialName	0x1007e204c	0x9498f27a	0x102e1ea34	0x102e1ea34	mapped	0x102e1ea34
Microsoft.iOS	1198	0x060004af	CoreGraphics.CGColor	CGColorGetComponents	0x0	136	Private, Static, HideBySig, PinvokeImpl	0x1007e2050	0x97fffb52	0x1007e0d98		absent	0x1007e0d98
Microsoft.iOS	1199	0x060004b0	CoreGraphics.CGColor	get_Components	0x2050	NoInlining	Public, HideBySig, SpecialName	0x1007e2054	0x9498f28c	0x102e1ea84	0x102e1ea84	mapped	0x102e1ea84
Microsoft.iOS	1200	0x060004b1	CoreGraphics.CGColor	CGColorRetain	0x0	136	Private, Static, HideBySig, PinvokeImpl	0x1007e2058	0x97fffb50	0x1007e0d98		absent	0x1007e0d98
Microsoft.iOS	1201	0x060004b2	CoreGraphics.CGColor	CGColorRelease	0x0	136	Private, Static, HideBySig, PinvokeImpl	0x1007e205c	0x97fffb4f	0x1007e0d98		absent	0x1007e0d98
Microsoft.iOS	1202	0x060004b3	CoreGraphics.CGColorSpace	.ctor	0x2050	NoInlining	Assembly, HideBySig, SpecialName, RTSpecialName	0x1007e2060	0x9498f2c6	0x102e1eb78	0x102e1eb78	mapped	0x102e1eb78
Microsoft.iOS	1203	0x060004b4	CoreGraphics.CGColorSpace	FromHandle	0x2050	NoInlining	Assembly, Static, HideBySig	0x1007e2064	0x9498f2da	0x102e1ebcc	0x102e1ebcc	mapped	0x102e1ebcc
Microsoft.iOS	1204	0x060004b5	CoreGraphics.CGColorSpace	CGColorSpaceRelease	0x0	136	Private, Static, HideBySig, PinvokeImpl	0x1007e2068	0x97fffb4c	0x1007e0d98		absent	0x1007e0d98
Microsoft.iOS	1205	0x060004b6	CoreGraphics.CGColorSpace	CGColorSpaceRetain	0x0	136	Private, Static, HideBySig, PinvokeImpl	0x1007e206c	0x97fffb4b	0x1007e0d98		absent	0x1007e0d98
Microsoft.iOS	1206	0x060004b7	CoreGraphics.CGColorSpace	Retain	0x2050	NoInlining	FamORAssem, Final, Virtual, HideBySig	0x1007e2070	0x9498f2fb	0x102e1ec5c	0x102e1ec5c	mapped	0x102e1ec5c
Microsoft.iOS	1207	0x060004b8	CoreGraphics.CGColorSpace	Release	0x2050	NoInlining	FamORAssem, Final, Virtual, HideBySig	0x1007e2074	0x9498f309	0x102e1ec98	0x102e1ec98	mapped	0x102e1ec98
Microsoft.iOS	1208	0x060004b9	CoreGraphics.CGColorSpace	CGColorSpaceCreateDeviceRGB	0x0	136	Private, Static, HideBySig, PinvokeImpl	0x1007e2078	0x97fffb48	0x1007e0d98		absent	0x1007e0d98
Microsoft.iOS	1209	0x060004ba	CoreGraphics.CGColorSpace	CreateDeviceRGB	0x2050	NoInlining	Public, Static, HideBySig	0x1007e207c	0x9498f316	0x102e1ecd4	0x102e1ecd4	mapped	0x102e1ecd4
Microsoft.iOS	1210	0x060004bb	CoreGraphics.CGColorSpace	CGColorSpaceCreatePattern	0x0	136	Private, Static, HideBySig, PinvokeImpl	0x1007e2080	0x97fffb46	0x1007e0d98		absent	0x1007e0d98
Microsoft.iOS	1211	0x060004bc	CoreGraphics.CGColorSpace	CreatePattern	0x2050	NoInlining	Public, Static, HideBySig	0x1007e2084	0x9498f333	0x102e1ed50	0x102e1ed50	mapped	0x102e1ed50
Microsoft.iOS	1212	0x060004bd	CoreGraphics.CGColorSpace	CGColorSpaceGetNumberOfComponents	0x0	136	Private, Static, HideBySig, PinvokeImpl	0x1007e2088	0x97fffb44	0x1007e0d98		absent	0x1007e0d98
Microsoft.iOS	1213	0x060004be	CoreGraphics.CGColorSpace	get_Components	0x2050	NoInlining	Public, HideBySig, SpecialName	0x1007e208c	0x9498f342	0x102e1ed94	0x102e1ed94	mapped	0x102e1ed94
Microsoft.iOS	1214	0x060004bf	CoreGraphics.CGContext	.ctor	0x2050	NoInlining	Assembly, HideBySig, SpecialName, RTSpecialName	0x1007e2090	0x9498f355	0x102e1ede4	0x102e1ede4	mapped	0x102e1ede4
Microsoft.iOS	1215	0x060004c0	CoreGraphics.CGContext	CGContextRelease	0x0	136	Private, Static, HideBySig, PinvokeImpl	0x1007e2094	0x97fffb41	0x1007e0d98		absent	0x1007e0d98
Microsoft.iOS	1216	0x060004c1	CoreGraphics.CGContext	CGContextRetain	0x0	136	Private, Static, HideBySig, PinvokeImpl	0x1007e2098	0x97fffb40	0x1007e0d98		absent	0x1007e0d98
Microsoft.iOS	1217	0x060004c2	CoreGraphics.CGContext	Retain	0x2050	NoInlining	FamORAssem, Final, Virtual, HideBySig	0x1007e209c	0x9498f367	0x102e1ee38	0x102e1ee38	mapped	0x102e1ee38
Microsoft.iOS	1218	0x060004c3	CoreGraphics.CGContext	Release	0x2050	NoInlining	FamORAssem, Final, Virtual, HideBySig	0x1007e20a0	0x9498f375	0x102e1ee74	0x102e1ee74	mapped	0x102e1ee74
Microsoft.iOS	1219	0x060004c4	CoreGraphics.CGContext	CGContextSaveGState	0x0	136	Private, Static, HideBySig, PinvokeImpl	0x1007e20a4	0x97fffb3d	0x1007e0d98		absent	0x1007e0d98
Microsoft.iOS	1220	0x060004c5	CoreGraphics.CGContext	CGContextRestoreGState	0x0	136	Private, Static, HideBySig, PinvokeImpl	0x1007e20a8	0x97fffb3c	0x1007e0d98		absent	0x1007e0d98
Microsoft.iOS	1221	0x060004c6	CoreGraphics.CGContext	SaveState	0x2050	NoInlining	Public, HideBySig	0x1007e20ac	0x9498f381	0x102e1eeb0	0x102e1eeb0	mapped	0x102e1eeb0
Microsoft.iOS	1222	0x060004c7	CoreGraphics.CGContext	RestoreState	0x2050	NoInlining	Public, HideBySig	0x1007e20b0	0x9498f394	0x102e1ef00	0x102e1ef00	mapped	0x102e1ef00
Microsoft.iOS	1223	0x060004c8	CoreGraphics.CGContext	CGContextScaleCTM	0x0	136	Private, Static, HideBySig, PinvokeImpl	0x1007e20b4	0x97fffb39	0x1007e0d98		absent	0x1007e0d98
Microsoft.iOS	1224	0x060004c9	CoreGraphics.CGContext	ScaleCTM	0x2050	NoInlining	Public, HideBySig	0x1007e20b8	0x9498f3a6	0x102e1ef50	0x102e1ef50	mapped	0x102e1ef50
Microsoft.iOS	1225	0x060004ca	CoreGraphics.CGContext	CGContextTranslateCTM	0x0	136	Private, Static, HideBySig, PinvokeImpl	0x1007e20bc	0x97fffb37	0x1007e0d98		absent	0x1007e0d98
Microsoft.iOS	1226	0x060004cb	CoreGraphics.CGContext	TranslateCTM	0x2050	NoInlining	Public, HideBySig	0x1007e20c0	0x9498f3be	0x102e1efb8	0x102e1efb8	mapped	0x102e1efb8
Microsoft.iOS	1227	0x060004cc	CoreGraphics.CGContext	CGContextRotateCTM	0x0	136	Private, Static, HideBySig, PinvokeImpl	0x1007e20c4	0x97fffb35	0x1007e0d98		absent	0x1007e0d98
Microsoft.iOS	1228	0x060004cd	CoreGraphics.CGContext	RotateCTM	0x2050	NoInlining	Public, HideBySig	0x1007e20c8	0x9498f3d6	0x102e1f020	0x102e1f020	mapped	0x102e1f020
Microsoft.iOS	1229	0x060004ce	CoreGraphics.CGContext	CGContextConcatCTM	0x0	136	Private, Static, HideBySig, PinvokeImpl	0x1007e20cc	0x97fffb33	0x1007e0d98		absent	0x1007e0d98
Microsoft.iOS	1230	0x060004cf	CoreGraphics.CGContext	ConcatCTM	0x2050	NoInlining	Public, HideBySig	0x1007e20d0	0x9498f3ec	0x102e1f080	0x102e1f080	mapped	0x102e1f080
Microsoft.iOS	1231	0x060004d0	CoreGraphics.CGContext	CGContextSetLineWidth	0x0	136	Private, Static, HideBySig, PinvokeImpl	0x1007e20d4	0x97fffb31	0x1007e0d98		absent	0x1007e0d98
Microsoft.iOS	1232	0x060004d1	CoreGraphics.CGContext	SetLineWidth	0x2050	NoInlining	Public, HideBySig	0x1007e20d8	0x9498f406	0x102e1f0f0	0x102e1f0f0	mapped	0x102e1f0f0
Microsoft.iOS	1233	0x060004d2	CoreGraphics.CGContext	CGContextSetLineCap	0x0	136	Private, Static, HideBySig, PinvokeImpl	0x1007e20dc	0x97fffb2f	0x1007e0d98		absent	0x1007e0d98
Microsoft.iOS	1234	0x060004d3	CoreGraphics.CGContext	SetLineCap	0x2050	NoInlining	Public, HideBySig	0x1007e20e0	0x9498f41c	0x102e1f150	0x102e1f150	mapped	0x102e1f150
Microsoft.iOS	1235	0x060004d4	CoreGraphics.CGContext	CGContextSetLineJoin	0x0	136	Private, Static, HideBySig, PinvokeImpl	0x1007e20e4	0x97fffb2d	0x1007e0d98		absent	0x1007e0d98
Microsoft.iOS	1236	0x060004d5	CoreGraphics.CGContext	SetLineJoin	0x2050	NoInlining	Public, HideBySig	0x1007e20e8	0x9498f430	0x102e1f1a8	0x102e1f1a8	mapped	0x102e1f1a8
Microsoft.iOS	1237	0x060004d6	CoreGraphics.CGContext	CGContextSetMiterLimit	0x0	136	Private, Static, HideBySig, PinvokeImpl	0x1007e20ec	0x97fffb2b	0x1007e0d98		absent	0x1007e0d98
Microsoft.iOS	1238	0x060004d7	CoreGraphics.CGContext	SetMiterLimit	0x2050	NoInlining	Public, HideBySig	0x1007e20f0	0x9498f444	0x102e1f200	0x102e1f200	mapped	0x102e1f200
Microsoft.iOS	1239	0x060004d8	CoreGraphics.CGContext	CGContextSetLineDash	0x0	136	Private, Static, HideBySig, PinvokeImpl	0x1007e20f4	0x97fffb29	0x1007e0d98		absent	0x1007e0d98
Microsoft.iOS	1240	0x060004d9	CoreGraphics.CGContext	SetLineDash	0x2050	NoInlining	Public, HideBySig	0x1007e20f8	0x9498f45a	0x102e1f260	0x102e1f260	mapped	0x102e1f260
Microsoft.iOS	1241	0x060004da	CoreGraphics.CGContext	SetLineDash	0x2050	NoInlining	Public, HideBySig	0x1007e20fc	0x9498f478	0x102e1f2dc	0x102e1f2dc	mapped	0x102e1f2dc
Microsoft.iOS	1242	0x060004db	CoreGraphics.CGContext	CGContextSetAlpha	0x0	136	Private, Static, HideBySig, PinvokeImpl	0x1007e2100	0x97fffb26	0x1007e0d98		absent	0x1007e0d98
Microsoft.iOS	1243	0x060004dc	CoreGraphics.CGContext	SetAlpha	0x2050	NoInlining	Public, HideBySig	0x1007e2104	0x9498f4a6	0x102e1f39c	0x102e1f39c	mapped	0x102e1f39c
Microsoft.iOS	1244	0x060004dd	CoreGraphics.CGContext	CGContextSetBlendMode	0x0	136	Private, Static, HideBySig, PinvokeImpl	0x1007e2108	0x97fffb24	0x1007e0d98		absent	0x1007e0d98
Microsoft.iOS	1245	0x060004de	CoreGraphics.CGContext	SetBlendMode	0x2050	NoInlining	Public, HideBySig	0x1007e210c	0x9498f4bc	0x102e1f3fc	0x102e1f3fc	mapped	0x102e1f3fc
Microsoft.iOS	1246	0x060004df	CoreGraphics.CGContext	CGContextMoveToPoint	0x0	136	Private, Static, HideBySig, PinvokeImpl	0x1007e2110	0x97fffb22	0x1007e0d98		absent	0x1007e0d98
Microsoft.iOS	1247	0x060004e0	CoreGraphics.CGContext	MoveTo	0x2050	NoInlining	Public, HideBySig	0x1007e2114	0x9498f4d0	0x102e1f454	0x102e1f454	mapped	0x102e1f454
Microsoft.iOS	1248	0x060004e1	CoreGraphics.CGContext	CGContextAddLineToPoint	0x0	136	Private, Static, HideBySig, PinvokeImpl	0x1007e2118	0x97fffb20	0x1007e0d98		absent	0x1007e0d98
Microsoft.iOS	1249	0x060004e2	CoreGraphics.CGContext	AddLineToPoint	0x2050	NoInlining	Public, HideBySig	0x1007e211c	0x9498f4e8	0x102e1f4bc	0x102e1f4bc	mapped	0x102e1f4bc
Microsoft.iOS	1250	0x060004e3	CoreGraphics.CGContext	CGContextClosePath	0x0	136	Private, Static, HideBySig, PinvokeImpl	0x1007e2120	0x97fffb1e	0x1007e0d98		absent	0x1007e0d98
Microsoft.iOS	1251	0x060004e4	CoreGraphics.CGContext	ClosePath	0x2050	NoInlining	Public, HideBySig	0x1007e2124	0x9498f500	0x102e1f524	0x102e1f524	mapped	0x102e1f524
Microsoft.iOS	1252	0x060004e5	CoreGraphics.CGContext	CGContextAddRect	0x0	136	Private, Static, HideBySig, PinvokeImpl	0x1007e2128	0x97fffb1c	0x1007e0d98		absent	0x1007e0d98
Microsoft.iOS	1253	0x060004e6	CoreGraphics.CGContext	AddRect	0x2050	NoInlining	Public, HideBySig	0x1007e212c	0x9498f512	0x102e1f574	0x102e1f574	mapped	0x102e1f574
Microsoft.iOS	1254	0x060004e7	CoreGraphics.CGContext	CGContextAddEllipseInRect	0x0	136	Private, Static, HideBySig, PinvokeImpl	0x1007e2130	0x97fffb1a	0x1007e0d98		absent	0x1007e0d98
Microsoft.iOS	1255	0x060004e8	CoreGraphics.CGContext	AddEllipseInRect	0x2050	NoInlining	Public, HideBySig	0x1007e2134	0x9498f530	0x102e1f5f4	0x102e1f5f4	mapped	0x102e1f5f4
Microsoft.iOS	1256	0x060004e9	CoreGraphics.CGContext	CGContextAddArc	0x0	136	Private, Static, HideBySig, PinvokeImpl	0x1007e2138	0x97fffb18	0x1007e0d98		absent	0x1007e0d98
Microsoft.iOS	1257	0x060004ea	CoreGraphics.CGContext	AddArc	0x2050	NoInlining	Public, HideBySig	0x1007e213c	0x9498f54e	0x102e1f674	0x102e1f674	mapped	0x102e1f674
Microsoft.iOS	1258	0x060004eb	CoreGraphics.CGContext	CGContextAddArcToPoint	0x0	136	Private, Static, HideBySig, PinvokeImpl	0x1007e2140	0x97fffb16	0x1007e0d98		absent	0x1007e0d98
Microsoft.iOS	1259	0x060004ec	CoreGraphics.CGContext	AddArcToPoint	0x2050	NoInlining	Public, HideBySig	0x1007e2144	0x9498f573	0x102e1f710	0x102e1f710	mapped	0x102e1f710
Microsoft.iOS	1260	0x060004ed	CoreGraphics.CGContext	CGContextAddPath	0x0	136	Private, Static, HideBySig, PinvokeImpl	0x1007e2148	0x97fffb14	0x1007e0d98		absent	0x1007e0d98
Microsoft.iOS	1261	0x060004ee	CoreGraphics.CGContext	AddPath	0x2050	NoInlining	Public, HideBySig	0x1007e214c	0x9498f595	0x102e1f7a0	0x102e1f7a0	mapped	0x102e1f7a0
Microsoft.iOS	1262	0x060004ef	CoreGraphics.CGContext	CGContextDrawPath	0x0	136	Private, Static, HideBySig, PinvokeImpl	0x1007e2150	0x97fffb12	0x1007e0d98		absent	0x1007e0d98
Microsoft.iOS	1263	0x060004f0	CoreGraphics.CGContext	DrawPath	0x2050	NoInlining	Public, HideBySig	0x1007e2154	0x9498f5bb	0x102e1f840	0x102e1f840	mapped	0x102e1f840
Microsoft.iOS	1264	0x060004f1	CoreGraphics.CGContext	CGContextFillPath	0x0	136	Private, Static, HideBySig, PinvokeImpl	0x1007e2158	0x97fffb10	0x1007e0d98		absent	0x1007e0d98
Microsoft.iOS	1265	0x060004f2	CoreGraphics.CGContext	FillPath	0x2050	NoInlining	Public, HideBySig	0x1007e215c	0x9498f5cf	0x102e1f898	0x102e1f898	mapped	0x102e1f898
Microsoft.iOS	1266	0x060004f3	CoreGraphics.CGContext	CGContextEOFillPath	0x0	136	Private, Static, HideBySig, PinvokeImpl	0x1007e2160	0x97fffb0e	0x1007e0d98		absent	0x1007e0d98
Microsoft.iOS	1267	0x060004f4	CoreGraphics.CGContext	EOFillPath	0x2050	NoInlining	Public, HideBySig	0x1007e2164	0x9498f5e1	0x102e1f8e8	0x102e1f8e8	mapped	0x102e1f8e8
Microsoft.iOS	1268	0x060004f5	CoreGraphics.CGContext	CGContextStrokePath	0x0	136	Private, Static, HideBySig, PinvokeImpl	0x1007e2168	0x97fffb0c	0x1007e0d98		absent	0x1007e0d98
Microsoft.iOS	1269	0x060004f6	CoreGraphics.CGContext	StrokePath	0x2050	NoInlining	Public, HideBySig	0x1007e216c	0x9498f5f3	0x102e1f938	0x102e1f938	mapped	0x102e1f938
Microsoft.iOS	1270	0x060004f7	CoreGraphics.CGContext	CGContextFillRect	0x0	136	Private, Static, HideBySig, PinvokeImpl	0x1007e2170	0x97fffb0a	0x1007e0d98		absent	0x1007e0d98
Microsoft.iOS	1271	0x060004f8	CoreGraphics.CGContext	FillRect	0x2050	NoInlining	Public, HideBySig	0x1007e2174	0x9498f605	0x102e1f988	0x102e1f988	mapped	0x102e1f988
Microsoft.iOS	1272	0x060004f9	CoreGraphics.CGContext	CGContextStrokeRect	0x0	136	Private, Static, HideBySig, PinvokeImpl	0x1007e2178	0x97fffb08	0x1007e0d98		absent	0x1007e0d98
Microsoft.iOS	1273	0x060004fa	CoreGraphics.CGContext	StrokeRect	0x2050	NoInlining	Public, HideBySig	0x1007e217c	0x9498f623	0x102e1fa08	0x102e1fa08	mapped	0x102e1fa08
Microsoft.iOS	1274	0x060004fb	CoreGraphics.CGContext	CGContextFillEllipseInRect	0x0	136	Private, Static, HideBySig, PinvokeImpl	0x1007e2180	0x97fffb06	0x1007e0d98		absent	0x1007e0d98
Microsoft.iOS	1275	0x060004fc	CoreGraphics.CGContext	FillEllipseInRect	0x2050	NoInlining	Public, HideBySig	0x1007e2184	0x9498f641	0x102e1fa88	0x102e1fa88	mapped	0x102e1fa88
Microsoft.iOS	1276	0x060004fd	CoreGraphics.CGContext	CGContextStrokeEllipseInRect	0x0	136	Private, Static, HideBySig, PinvokeImpl	0x1007e2188	0x97fffb04	0x1007e0d98		absent	0x1007e0d98
Microsoft.iOS	1277	0x060004fe	CoreGraphics.CGContext	StrokeEllipseInRect	0x2050	NoInlining	Public, HideBySig	0x1007e218c	0x9498f65f	0x102e1fb08	0x102e1fb08	mapped	0x102e1fb08
Microsoft.iOS	1278	0x060004ff	CoreGraphics.CGContext	CGContextClip	0x0	136	Private, Static, HideBySig, PinvokeImpl	0x1007e2190	0x97fffb02	0x1007e0d98		absent	0x1007e0d98
Microsoft.iOS	1279	0x06000500	CoreGraphics.CGContext	Clip	0x2050	NoInlining	Public, HideBySig	0x1007e2194	0x9498f67d	0x102e1fb88	0x102e1fb88	mapped	0x102e1fb88
Microsoft.iOS	1280	0x06000501	CoreGraphics.CGContext	CGContextEOClip	0x0	136	Private, Static, HideBySig, PinvokeImpl	0x1007e2198	0x97fffb00	0x1007e0d98		absent	0x1007e0d98
Microsoft.iOS	1281	0x06000502	CoreGraphics.CGContext	EOClip	0x2050	NoInlining	Public, HideBySig	0x1007e219c	0x9498f68f	0x102e1fbd8	0x102e1fbd8	mapped	0x102e1fbd8
Microsoft.iOS	1282	0x06000503	CoreGraphics.CGContext	CGContextGetClipBoundingBox	0x0	136	Private, Static, HideBySig, PinvokeImpl	0x1007e21a0	0x97fffafe	0x1007e0d98		absent	0x1007e0d98
Microsoft.iOS	1283	0x06000504	CoreGraphics.CGContext	GetClipBoundingBox	0x2050	NoInlining	Public, HideBySig	0x1007e21a4	0x9498f6a1	0x102e1fc28	0x102e1fc28	mapped	0x102e1fc28
Microsoft.iOS	1284	0x06000505	CoreGraphics.CGContext	CGContextSetFillColorSpace	0x0	136	Private, Static, HideBySig, PinvokeImpl	0x1007e21a8	0x97fffafc	0x1007e0d98		absent	0x1007e0d98
Microsoft.iOS	1285	0x06000506	CoreGraphics.CGContext	SetFillColorSpace	0x2050	NoInlining	Public, HideBySig	0x1007e21ac	0x9498f6b3	0x102e1fc78	0x102e1fc78	mapped	0x102e1fc78
Microsoft.iOS	1286	0x06000507	CoreGraphics.CGContext	CGContextSetStrokeColorSpace	0x0	136	Private, Static, HideBySig, PinvokeImpl	0x1007e21b0	0x97fffafa	0x1007e0d98		absent	0x1007e0d98
Microsoft.iOS	1287	0x06000508	CoreGraphics.CGContext	SetStrokeColorSpace	0x2050	NoInlining	Public, HideBySig	0x1007e21b4	0x9498f6ca	0x102e1fcdc	0x102e1fcdc	mapped	0x102e1fcdc
Microsoft.iOS	1288	0x06000509	CoreGraphics.CGContext	CGContextSetFillPattern	0x0	136	Private, Static, HideBySig, PinvokeImpl	0x1007e21b8	0x97fffaf8	0x1007e0d98		absent	0x1007e0d98
Microsoft.iOS	1289	0x0600050a	CoreGraphics.CGContext	SetFillPattern	0x2050	NoInlining	Public, HideBySig	0x1007e21bc	0x9498f6e1	0x102e1fd40	0x102e1fd40	mapped	0x102e1fd40
Microsoft.iOS	1290	0x0600050b	CoreGraphics.CGContext	CGContextSetPatternPhase	0x0	136	Private, Static, HideBySig, PinvokeImpl	0x1007e21c0	0x97fffaf6	0x1007e0d98		absent	0x1007e0d98
Microsoft.iOS	1291	0x0600050c	CoreGraphics.CGContext	SetPatternPhase	0x2050	NoInlining	Public, HideBySig	0x1007e21c4	0x9498f702	0x102e1fdcc	0x102e1fdcc	mapped	0x102e1fdcc
Microsoft.iOS	1292	0x0600050d	CoreGraphics.CGContext	CGContextSetRGBFillColor	0x0	136	Private, Static, HideBySig, PinvokeImpl	0x1007e21c8	0x97fffaf4	0x1007e0d98		absent	0x1007e0d98
Microsoft.iOS	1293	0x0600050e	CoreGraphics.CGContext	SetFillColor	0x2050	NoInlining	Public, HideBySig	0x1007e21cc	0x9498f71a	0x102e1fe34	0x102e1fe34	mapped	0x102e1fe34
Microsoft.iOS	1294	0x0600050f	CoreGraphics.CGContext	CGContextSetRGBStrokeColor	0x0	136	Private, Static, HideBySig, PinvokeImpl	0x1007e21d0	0x97fffaf2	0x1007e0d98		absent	0x1007e0d98
Microsoft.iOS	1295	0x06000510	CoreGraphics.CGContext	SetStrokeColor	0x2050	NoInlining	Public, HideBySig	0x1007e21d4	0x9498f738	0x102e1feb4	0x102e1feb4	mapped	0x102e1feb4
Microsoft.iOS	1296	0x06000511	CoreGraphics.CGContext	CGContextDrawImage	0x0	136	Private, Static, HideBySig, PinvokeImpl	0x1007e21d8	0x97fffaf0	0x1007e0d98		absent	0x1007e0d98
Microsoft.iOS	1297	0x06000512	CoreGraphics.CGContext	DrawImage	0x2050	NoInlining	Public, HideBySig	0x1007e21dc	0x9498f756	0x102e1ff34	0x102e1ff34	mapped	0x102e1ff34
Microsoft.iOS	1298	0x06000513	CoreGraphics.CGContext	CGContextSetShadowWithColor	0x0	136	Private, Static, HideBySig, PinvokeImpl	0x1007e21e0	0x97fffaee	0x1007e0d98		absent	0x1007e0d98
Microsoft.iOS	1299	0x06000514	CoreGraphics.CGContext	CGContextSetShadow	0x0	136	Private, Static, HideBySig, PinvokeImpl	0x1007e21e4	0x97fffaed	0x1007e0d98		absent	0x1007e0d98
Microsoft.iOS	1300	0x06000515	CoreGraphics.CGContext	SetShadow	0x2050	NoInlining	Public, HideBySig	0x1007e21e8	0x9498f778	0x102e1ffc8	0x102e1ffc8	mapped	0x102e1ffc8
Microsoft.iOS	1301	0x06000516	CoreGraphics.CGContext	CGContextDrawLinearGradient	0x0	136	Private, Static, HideBySig, PinvokeImpl	0x1007e21ec	0x97fffaeb	0x1007e0d98		absent	0x1007e0d98
Microsoft.iOS	1302	0x06000517	CoreGraphics.CGContext	DrawLinearGradient	0x2050	NoInlining	Public, HideBySig	0x1007e21f0	0x9498f79f	0x102e2006c	0x102e2006c	mapped	0x102e2006c
Microsoft.iOS	1303	0x06000518	CoreGraphics.CGContext	CGContextDrawRadialGradient	0x0	136	Private, Static, HideBySig, PinvokeImpl	0x1007e21f4	0x97fffae9	0x1007e0d98		absent	0x1007e0d98
Microsoft.iOS	1304	0x06000519	CoreGraphics.CGContext	DrawRadialGradient	0x2050	NoInlining	Public, HideBySig	0x1007e21f8	0x9498f7c6	0x102e20110	0x102e20110	mapped	0x102e20110
Microsoft.iOS	1305	0x0600051a	CoreGraphics.CGContext	CGContextSetTextMatrix	0x0	136	Private, Static, HideBySig, PinvokeImpl	0x1007e21fc	0x97fffae7	0x1007e0d98		absent	0x1007e0d98
Microsoft.iOS	1306	0x0600051b	CoreGraphics.CGContext	CGContextGetTextMatrix	0x0	136	Private, Static, HideBySig, PinvokeImpl	0x1007e2200	0x97fffae6	0x1007e0d98		absent	0x1007e0d98
Microsoft.iOS	1307	0x0600051c	CoreGraphics.CGContext	get_TextMatrix	0x2050	NoInlining	Public, HideBySig, SpecialName	0x1007e2204	0x9498f7f2	0x102e201cc	0x102e201cc	mapped	0x102e201cc
Microsoft.iOS	1308	0x0600051d	CoreGraphics.CGContext	set_TextMatrix	0x2050	NoInlining	Public, HideBySig, SpecialName	0x1007e2208	0x9498f80e	0x102e20240	0x102e20240	mapped	0x102e20240
Microsoft.iOS	1309	0x0600051e	CoreGraphics.CGContext	CGContextSetTextDrawingMode	0x0	136	Private, Static, HideBySig, PinvokeImpl	0x1007e220c	0x97fffae3	0x1007e0d98		absent	0x1007e0d98
Microsoft.iOS	1310	0x0600051f	CoreGraphics.CGContext	SetTextDrawingMode	0x2050	NoInlining	Public, HideBySig	0x1007e2210	0x9498f828	0x102e202b0	0x102e202b0	mapped	0x102e202b0
Microsoft.iOS	1311	0x06000520	CoreGraphics.CGContext	CGContextSetFont	0x0	136	Private, Static, HideBySig, PinvokeImpl	0x1007e2214	0x97fffae1	0x1007e0d98		absent	0x1007e0d98
Microsoft.iOS	1312	0x06000521	CoreGraphics.CGContext	SetFont	0x2050	NoInlining	Public, HideBySig	0x1007e2218	0x9498f83c	0x102e20308	0x102e20308	mapped	0x102e20308
Microsoft.iOS	1313	0x06000522	CoreGraphics.CGContext	CGContextSetFontSize	0x0	136	Private, Static, HideBySig, PinvokeImpl	0x1007e221c	0x97fffadf	0x1007e0d98		absent	0x1007e0d98
Microsoft.iOS	1314	0x06000523	CoreGraphics.CGContext	SetFontSize	0x2050	NoInlining	Public, HideBySig	0x1007e2220	0x9498f853	0x102e2036c	0x102e2036c	mapped	0x102e2036c
Microsoft.iOS	1315	0x06000524	CoreGraphics.CGContext	CGContextShowTextAtPoint	0x0	136	Private, Static, HideBySig, PinvokeImpl	0x1007e2224	0x97fffadd	0x1007e0d98		absent	0x1007e0d98
Microsoft.iOS	1316	0x06000525	CoreGraphics.CGContext	ShowTextAtPoint	0x2050	NoInlining	Public, HideBySig	0x1007e2228	0x9498f869	0x102e203cc	0x102e203cc	mapped	0x102e203cc
Microsoft.iOS	1317	0x06000526	CoreGraphics.CGContext	CGContextSetShouldAntialias	0x0	136	Private, Static, HideBySig, PinvokeImpl	0x1007e222c	0x97fffadb	0x1007e0d98		absent	0x1007e0d98
Microsoft.iOS	1318	0x06000527	CoreGraphics.CGContext	SetShouldAntialias	0x2050	NoInlining	Public, HideBySig	0x1007e2230	0x9498f89b	0x102e2049c	0x102e2049c	mapped	0x102e2049c
Microsoft.iOS	1319	0x06000528	CoreGraphics.CGFont	.ctor	0x2050	NoInlining	Assembly, HideBySig, SpecialName, RTSpecialName	0x1007e2234	0x9498f8b1	0x102e204f8	0x102e204f8	mapped	0x102e204f8
Microsoft.iOS	1320	0x06000529	CoreGraphics.CGFont	Create	0x2050	NoInlining	Private, Static, HideBySig	0x1007e2238	0x9498f8c5	0x102e2054c	0x102e2054c	mapped	0x102e2054c
Microsoft.iOS	1321	0x0600052a	CoreGraphics.CGFont	CGFontRetain	0x0	136	Private, Static, HideBySig, PinvokeImpl	0x1007e223c	0x97fffad7	0x1007e0d98		absent	0x1007e0d98
Microsoft.iOS	1322	0x0600052b	CoreGraphics.CGFont	CGFontRelease	0x0	136	Private, Static, HideBySig, PinvokeImpl	0x1007e2240	0x97fffad6	0x1007e0d98		absent	0x1007e0d98
Microsoft.iOS	1323	0x0600052c	CoreGraphics.CGFont	Retain	0x2050	NoInlining	FamORAssem, Final, Virtual, HideBySig	0x1007e2244	0x9498f8ea	0x102e205ec	0x102e205ec	mapped	0x102e205ec
Microsoft.iOS	1324	0x0600052d	CoreGraphics.CGFont	Release	0x2050	NoInlining	FamORAssem, Final, Virtual, HideBySig	0x1007e2248	0x9498f8f8	0x102e20628	0x102e20628	mapped	0x102e20628
Microsoft.iOS	1325	0x0600052e	CoreGraphics.CGFont	CGFontCreateWithFontName	0x0	136	Private, Static, HideBySig, PinvokeImpl	0x1007e224c	0x97fffad3	0x1007e0d98		absent	0x1007e0d98
Microsoft.iOS	1326	0x0600052f	CoreGraphics.CGFont	CreateWithFontName	0x2050	NoInlining	Public, Static, HideBySig	0x1007e2250	0x9498f905	0x102e20664	0x102e20664	mapped	0x102e20664
Microsoft.iOS	1327	0x06000530	CoreGraphics.CGRectExtensions	CGRectGetMidX	0x0	136	Private, Static, HideBySig, PinvokeImpl	0x1007e2254	0x97fffad1	0x1007e0d98		absent	0x1007e0d98
Microsoft.iOS	1328	0x06000531	CoreGraphics.CGRectExtensions	GetMidX	0x2050	NoInlining	Public, Static, HideBySig	0x1007e2258	0x9498f926	0x102e206f0	0x102e206f0	mapped	0x102e206f0
Microsoft.iOS	1329	0x06000532	CoreGraphics.CGRectExtensions	CGRectGetMinY	0x0	136	Private, Static, HideBySig, PinvokeImpl	0x1007e225c	0x97fffacf	0x1007e0d98		absent	0x1007e0d98
Microsoft.iOS	1330	0x06000533	CoreGraphics.CGRectExtensions	GetMinY	0x2050	NoInlining	Public, Static, HideBySig	0x1007e2260	0x9498f93a	0x102e20748	0x102e20748	mapped	0x102e20748
Microsoft.iOS	1331	0x06000534	CoreGraphics.CGRectExtensions	CGRectGetMidY	0x0	136	Private, Static, HideBySig, PinvokeImpl	0x1007e2264	0x97fffacd	0x1007e0d98		absent	0x1007e0d98
Microsoft.iOS	1332	0x06000535	CoreGraphics.CGRectExtensions	GetMidY	0x2050	NoInlining	Public, Static, HideBySig	0x1007e2268	0x9498f94e	0x102e207a0	0x102e207a0	mapped	0x102e207a0
Microsoft.iOS	1333	0x06000536	CoreGraphics.CGGradient	.ctor	0x2050	NoInlining	Assembly, HideBySig, SpecialName, RTSpecialName	0x1007e226c	0x9498f963	0x102e207f8	0x102e207f8	mapped	0x102e207f8
Microsoft.iOS	1334	0x06000537	CoreGraphics.CGGradient	CGGradientRetain	0x0	136	Private, Static, HideBySig, PinvokeImpl	0x1007e2270	0x97fffaca	0x1007e0d98		absent	0x1007e0d98
Microsoft.iOS	1335	0x06000538	CoreGraphics.CGGradient	CGGradientRelease	0x0	136	Private, Static, HideBySig, PinvokeImpl	0x1007e2274	0x97fffac9	0x1007e0d98		absent	0x1007e0d98
Microsoft.iOS	1336	0x06000539	CoreGraphics.CGGradient	Retain	0x2050	NoInlining	FamORAssem, Final, Virtual, HideBySig	0x1007e2278	0x9498f975	0x102e2084c	0x102e2084c	mapped	0x102e2084c
Microsoft.iOS	1337	0x0600053a	CoreGraphics.CGGradient	Release	0x2050	NoInlining	FamORAssem, Final, Virtual, HideBySig	0x1007e227c	0x9498f983	0x102e20888	0x102e20888	mapped	0x102e20888
Microsoft.iOS	1338	0x0600053b	CoreGraphics.CGGradient	CGGradientCreateWithColorComponents	0x0	136	Private, Static, HideBySig, PinvokeImpl	0x1007e2280	0x97fffac6	0x1007e0d98		absent	0x1007e0d98
Microsoft.iOS	1339	0x0600053c	CoreGraphics.CGGradient	Create	0x2050	NoInlining	Private, Static, HideBySig	0x1007e2284	0x9498f990	0x102e208c4	0x102e208c4	mapped	0x102e208c4
Microsoft.iOS	1340	0x0600053d	CoreGraphics.CGGradient	.ctor	0x2050	NoInlining	Public, HideBySig, SpecialName, RTSpecialName	0x1007e2288	0x9498f9d1	0x102e209cc	0x102e209cc	mapped	0x102e209cc
Microsoft.iOS	1341	0x0600053e	CoreGraphics.CGImage	.ctor	0x2050	NoInlining	Assembly, HideBySig, SpecialName, RTSpecialName	0x1007e228c	0x9498f9ea	0x102e20a34	0x102e20a34	mapped	0x102e20a34
Microsoft.iOS	1342	0x0600053f	CoreGraphics.CGImage	CGImageRelease	0x0	136	Private, Static, HideBySig, PinvokeImpl	0x1007e2290	0x97fffac2	0x1007e0d98		absent	0x1007e0d98
Microsoft.iOS	1343	0x06000540	CoreGraphics.CGImage	CGImageRetain	0x0	136	Private, Static, HideBySig, PinvokeImpl	0x1007e2294	0x97fffac1	0x1007e0d98		absent	0x1007e0d98
Microsoft.iOS	1344	0x06000541	CoreGraphics.CGImage	Retain	0x2050	NoInlining	FamORAssem, Final, Virtual, HideBySig	0x1007e2298	0x9498f9fc	0x102e20a88	0x102e20a88	mapped	0x102e20a88
Microsoft.iOS	1345	0x06000542	CoreGraphics.CGImage	Release	0x2050	NoInlining	FamORAssem, Final, Virtual, HideBySig	0x1007e229c	0x9498fa0a	0x102e20ac4	0x102e20ac4	mapped	0x102e20ac4
Microsoft.iOS	1346	0x06000543	CoreGraphics.CGImage	CGImageGetWidth	0x0	136	Private, Static, HideBySig, PinvokeImpl	0x1007e22a0	0x97fffabe	0x1007e0d98		absent	0x1007e0d98
Microsoft.iOS	1347	0x06000544	CoreGraphics.CGImage	get_Width	0x2050	NoInlining	Public, HideBySig, SpecialName	0x1007e22a4	0x9498fa17	0x102e20b00	0x102e20b00	mapped	0x102e20b00
Microsoft.iOS	1348	0x06000545	CoreGraphics.CGImage	CGImageGetHeight	0x0	136	Private, Static, HideBySig, PinvokeImpl	0x1007e22a8	0x97fffabc	0x1007e0d98		absent	0x1007e0d98
Microsoft.iOS	1349	0x06000546	CoreGraphics.CGImage	get_Height	0x2050	NoInlining	Public, HideBySig, SpecialName	0x1007e22ac	0x9498fa29	0x102e20b50	0x102e20b50	mapped	0x102e20b50
Microsoft.iOS	1350	0x06000547	CoreGraphics.CGPathElement	.ctor	0x2050	NoInlining	Public, HideBySig, SpecialName, RTSpecialName	0x1007e22b0	0x9498fa3c	0x102e20ba0	0x102e20ba0	mapped	0x102e20ba0
Microsoft.iOS	1351	0x06000548	CoreGraphics.CGPath	CGPathCreateMutable	0x0	136	Private, Static, HideBySig, PinvokeImpl	0x1007e22b4	0x97fffab9	0x1007e0d98		absent	0x1007e0d98
Microsoft.iOS	1352	0x06000549	CoreGraphics.CGPath	.ctor	0x2050	NoInlining	Public, HideBySig, SpecialName, RTSpecialName	0x1007e22b8	0x9498fa5c	0x102e20c28	0x102e20c28	mapped	0x102e20c28
Microsoft.iOS	1353	0x0600054a	CoreGraphics.CGPath	.ctor	0x2050	NoInlining	Assembly, HideBySig, SpecialName, RTSpecialName	0x1007e22bc	0x9498fa6d	0x102e20c70	0x102e20c70	mapped	0x102e20c70
Microsoft.iOS	1354	0x0600054b	CoreGraphics.CGPath	CGPathRelease	0x0	136	Private, Static, HideBySig, PinvokeImpl	0x1007e22c0	0x97fffab6	0x1007e0d98		absent	0x1007e0d98
Microsoft.iOS	1355	0x0600054c	CoreGraphics.CGPath	CGPathRetain	0x0	136	Private, Static, HideBySig, PinvokeImpl	0x1007e22c4	0x97fffab5	0x1007e0d98		absent	0x1007e0d98
Microsoft.iOS	1356	0x0600054d	CoreGraphics.CGPath	Retain	0x2050	NoInlining	FamORAssem, Final, Virtual, HideBySig	0x1007e22c8	0x9498fa7f	0x102e20cc4	0x102e20cc4	mapped	0x102e20cc4
Microsoft.iOS	1357	0x0600054e	CoreGraphics.CGPath	Release	0x2050	NoInlining	FamORAssem, Final, Virtual, HideBySig	0x1007e22cc	0x9498fa8d	0x102e20d00	0x102e20d00	mapped	0x102e20d00
Microsoft.iOS	1358	0x0600054f	CoreGraphics.CGPath	CGPathEqualToPath	0x0	136	Private, Static, HideBySig, PinvokeImpl	0x1007e22d0	0x97fffab2	0x1007e0d98		absent	0x1007e0d98
Microsoft.iOS	1359	0x06000550	CoreGraphics.CGPath	op_Equality	0x2050	NoInlining	Public, Static, HideBySig, SpecialName	0x1007e22d4	0x9498fa9a	0x102e20d3c	0x102e20d3c	mapped	0x102e20d3c
Microsoft.iOS	1360	0x06000551	CoreGraphics.CGPath	op_Inequality	0x2050	NoInlining	Public, Static, HideBySig, SpecialName	0x1007e22d8	0x9498faaf	0x102e20d94	0x102e20d94	mapped	0x102e20d94
Microsoft.iOS	1361	0x06000552	CoreGraphics.CGPath	GetHashCode	0x2050	NoInlining	Public, Final, Virtual, HideBySig	0x1007e22dc	0x9498fac6	0x102e20df4	0x102e20df4	mapped	0x102e20df4
Microsoft.iOS	1362	0x06000553	CoreGraphics.CGPath	Equals	0x2050	NoInlining	Public, Final, Virtual, HideBySig	0x1007e22e0	0x9498fac7	0x102e20dfc	0x102e20dfc	mapped	0x102e20dfc
Microsoft.iOS	1363	0x06000554	CoreGraphics.CGPath	CGPathMoveToPoint	0x0	136	Private, Static, HideBySig, PinvokeImpl	0x1007e22e4	0x97fffaad	0x1007e0d98		absent	0x1007e0d98
Microsoft.iOS	1364	0x06000555	CoreGraphics.CGPath	MoveToPoint	0x2050	NoInlining	Public, HideBySig	0x1007e22e8	0x9498faf0	0x102e20ea8	0x102e20ea8	mapped	0x102e20ea8
Microsoft.iOS	1365	0x06000556	CoreGraphics.CGPath	CGPathAddLineToPoint	0x0	136	Private, Static, HideBySig, PinvokeImpl	0x1007e22ec	0x97fffaab	0x1007e0d98		absent	0x1007e0d98
Microsoft.iOS	1366	0x06000557	CoreGraphics.CGPath	AddLineToPoint	0x2050	NoInlining	Public, HideBySig	0x1007e22f0	0x9498fb09	0x102e20f14	0x102e20f14	mapped	0x102e20f14
Microsoft.iOS	1367	0x06000558	CoreGraphics.CGPath	CGPathAddQuadCurveToPoint	0x0	136	Private, Static, HideBySig, PinvokeImpl	0x1007e22f4	0x97fffaa9	0x1007e0d98		absent	0x1007e0d98
Microsoft.iOS	1368	0x06000559	CoreGraphics.CGPath	AddQuadCurveToPoint	0x2050	NoInlining	Public, HideBySig	0x1007e22f8	0x9498fb22	0x102e20f80	0x102e20f80	mapped	0x102e20f80
Microsoft.iOS	1369	0x0600055a	CoreGraphics.CGPath	CGPathAddCurveToPoint	0x0	136	Private, Static, HideBySig, PinvokeImpl	0x1007e22fc	0x97fffaa7	0x1007e0d98		absent	0x1007e0d98
Microsoft.iOS	1370	0x0600055b	CoreGraphics.CGPath	AddCurveToPoint	0x2050	NoInlining	Public, HideBySig	0x1007e2300	0x9498fb41	0x102e21004	0x102e21004	mapped	0x102e21004
Microsoft.iOS	1371	0x0600055c	CoreGraphics.CGPath	CGPathCloseSubpath	0x0	136	Private, Static, HideBySig, PinvokeImpl	0x1007e2304	0x97fffaa5	0x1007e0d98		absent	0x1007e0d98
Microsoft.iOS	1372	0x0600055d	CoreGraphics.CGPath	CloseSubpath	0x2050	NoInlining	Public, HideBySig	0x1007e2308	0x9498fb66	0x102e210a0	0x102e210a0	mapped	0x102e210a0
Microsoft.iOS	1373	0x0600055e	CoreGraphics.CGPath	CGPathAddRect	0x0	136	Private, Static, HideBySig, PinvokeImpl	0x1007e230c	0x97fffaa3	0x1007e0d98		absent	0x1007e0d98
Microsoft.iOS	1374	0x0600055f	CoreGraphics.CGPath	AddRect	0x2050	NoInlining	Public, HideBySig	0x1007e2310	0x9498fb78	0x102e210f0	0x102e210f0	mapped	0x102e210f0
Microsoft.iOS	1375	0x06000560	CoreGraphics.CGPath	CGPathAddArc	0x0	136	Private, Static, HideBySig, PinvokeImpl	0x1007e2314	0x97fffaa1	0x1007e0d98		absent	0x1007e0d98
Microsoft.iOS	1376	0x06000561	CoreGraphics.CGPath	AddArc	0x2050	NoInlining	Public, HideBySig	0x1007e2318	0x9498fb97	0x102e21174	0x102e21174	mapped	0x102e21174
Microsoft.iOS	1377	0x06000562	CoreGraphics.CGPath	CGPathGetPathBoundingBox	0x0	136	Private, Static, HideBySig, PinvokeImpl	0x1007e231c	0x97fffa9f	0x1007e0d98		absent	0x1007e0d98
Microsoft.iOS	1378	0x06000563	CoreGraphics.CGPath	get_PathBoundingBox	0x2050	NoInlining	Public, HideBySig, SpecialName	0x1007e2320	0x9498fbc0	0x102e21220	0x102e21220	mapped	0x102e21220
Microsoft.iOS	1379	0x06000564	CoreGraphics.CGPath	ApplierCallback	0x2050	NoInlining	Private, Static, HideBySig	0x1007e2324	0x9498fbd3	0x102e21270	0x102e21270	mapped	0x102e21270
Microsoft.iOS	1380	0x06000565	CoreGraphics.CGPath	CGPathApply	0x0	136	Private, Static, HideBySig, PinvokeImpl	0x1007e2328	0x97fffa9c	0x1007e0d98		absent	0x1007e0d98
Microsoft.iOS	1381	0x06000566	CoreGraphics.CGPath	Apply	0x2050	NoInlining	Public, HideBySig	0x1007e232c	0x9498fc2f	0x102e213e8	0x102e213e8	mapped	0x102e213e8
Microsoft.iOS	1382	0x06000567	CoreGraphics.CGPath+ApplierFunction	.ctor	0x0	11	Public, HideBySig, SpecialName, RTSpecialName	0x1007e2330	0x97fffa9a	0x1007e0d98		absent	0x1007e0d98
Microsoft.iOS	1383	0x06000568	CoreGraphics.CGPath+ApplierFunction	Invoke	0x0	11	Public, Virtual, HideBySig, VtableLayoutMask	0x1007e2334	0x97fffa99	0x1007e0d98		absent	0x1007e0d98
Microsoft.iOS	1384	0x06000569	CoreGraphics.CGPattern	.ctor	0x2050	NoInlining	Assembly, HideBySig, SpecialName, RTSpecialName	0x1007e2338	0x9498fc5a	0x102e214a0	0x102e214a0	mapped	0x102e214a0
Microsoft.iOS	1385	0x0600056a	CoreGraphics.CGPattern	Retain	0x2050	NoInlining	FamORAssem, Final, Virtual, HideBySig	0x1007e233c	0x9498fc79	0x102e21520	0x102e21520	mapped	0x102e21520
Microsoft.iOS	1386	0x0600056b	CoreGraphics.CGPattern	Release	0x2050	NoInlining	FamORAssem, Final, Virtual, HideBySig	0x1007e2340	0x9498fc8c	0x102e21570	0x102e21570	mapped	0x102e21570
Microsoft.iOS	1387	0x0600056c	CoreGraphics.CGPattern	CGPatternCreate	0x0	136	Private, Static, HideBySig, PinvokeImpl	0x1007e2344	0x97fffa95	0x1007e0d98		absent	0x1007e0d98
Microsoft.iOS	1388	0x0600056d	CoreGraphics.CGPattern	.cctor	0x2050	NoInlining	Private, Static, HideBySig, SpecialName, RTSpecialName	0x1007e2348	0x9498fc9e	0x102e215c0	0x102e215c0	mapped	0x102e215c0
Microsoft.iOS	1389	0x0600056e	CoreGraphics.CGPattern	.ctor	0x2050	NoInlining	Public, HideBySig, SpecialName, RTSpecialName	0x1007e234c	0x9498fcbc	0x102e2163c	0x102e2163c	mapped	0x102e2163c
Microsoft.iOS	1390	0x0600056f	CoreGraphics.CGPattern	DrawCallback	0x2050	NoInlining	Private, Static, HideBySig	0x1007e2350	0x9498fd0d	0x102e21784	0x102e21784	mapped	0x102e21784
Microsoft.iOS	1391	0x06000570	CoreGraphics.CGPattern	ReleaseCallback	0x2050	NoInlining	Private, Static, HideBySig	0x1007e2354	0x9498fd5a	0x102e218bc	0x102e218bc	mapped	0x102e218bc
Microsoft.iOS	1392	0x06000571	CoreGraphics.CGPattern	CGPatternRelease	0x0	136	Private, Static, HideBySig, PinvokeImpl	0x1007e2358	0x97fffa90	0x1007e0d98		absent	0x1007e0d98
Microsoft.iOS	1393	0x06000572	CoreGraphics.CGPattern	CGPatternRetain	0x0	136	Private, Static, HideBySig, PinvokeImpl	0x1007e235c	0x97fffa8f	0x1007e0d98		absent	0x1007e0d98
Microsoft.iOS	1394	0x06000573	CoreGraphics.CGPattern+DrawPattern	.ctor	0x0	11	Public, HideBySig, SpecialName, RTSpecialName	0x1007e2360	0x97fffa8e	0x1007e0d98		absent	0x1007e0d98
Microsoft.iOS	1395	0x06000574	CoreGraphics.CGPattern+DrawPattern	Invoke	0x0	11	Public, Virtual, HideBySig, VtableLayoutMask	0x1007e2364	0x97fffa8d	0x1007e0d98		absent	0x1007e0d98
Microsoft.iOS	1396	0x06000575	CoreGraphics.CGPoint	op_Equality	0x2050	NoInlining	Public, Static, HideBySig, SpecialName	0x1007e2368	0x9498fd74	0x102e21938	0x102e21938	mapped	0x102e21938
Microsoft.iOS	1397	0x06000576	CoreGraphics.CGPoint	op_Inequality	0x2050	NoInlining	Public, Static, HideBySig, SpecialName	0x1007e236c	0x9498fd8e	0x102e219a4	0x102e219a4	mapped	0x102e219a4
Microsoft.iOS	1398	0x06000577	CoreGraphics.CGPoint	op_Addition	0x2050	NoInlining	Public, Static, HideBySig, SpecialName	0x1007e2370	0x9498fd9c	0x102e219e0	0x102e219e0	mapped	0x102e219e0
Microsoft.iOS	1399	0x06000578	CoreGraphics.CGPoint	op_Subtraction	0x2050	NoInlining	Public, Static, HideBySig, SpecialName	0x1007e2374	0x9498fda5	0x102e21a08	0x102e21a08	mapped	0x102e21a08
Microsoft.iOS	1400	0x06000579	CoreGraphics.CGPoint	op_Implicit	0x2050	NoInlining	Public, Static, HideBySig, SpecialName	0x1007e2378	0x9498fdae	0x102e21a30	0x102e21a30	mapped	0x102e21a30
Microsoft.iOS	1401	0x0600057a	CoreGraphics.CGPoint	op_Explicit	0x2050	NoInlining	Public, Static, HideBySig, SpecialName	0x1007e237c	0x9498fdb2	0x102e21a44	0x102e21a44	mapped	0x102e21a44
Microsoft.iOS	1402	0x0600057b	CoreGraphics.CGPoint	get_X	0x2050	NoInlining	Public, HideBySig, SpecialName	0x1007e2380	0x9498fdb8	0x102e21a60	0x102e21a60	mapped	0x102e21a60
Microsoft.iOS	1403	0x0600057c	CoreGraphics.CGPoint	get_Y	0x2050	NoInlining	Public, HideBySig, SpecialName	0x1007e2384	0x9498fdc0	0x102e21a84	0x102e21a84	mapped	0x102e21a84
Microsoft.iOS	1404	0x0600057d	CoreGraphics.CGPoint	.ctor	0x2050	NoInlining	Public, HideBySig, SpecialName, RTSpecialName	0x1007e2388	0x9498fdc8	0x102e21aa8	0x102e21aa8	mapped	0x102e21aa8
Microsoft.iOS	1405	0x0600057e	CoreGraphics.CGPoint	.ctor	0x2050	NoInlining	Public, HideBySig, SpecialName, RTSpecialName	0x1007e238c	0x9498fdd0	0x102e21acc	0x102e21acc	mapped	0x102e21acc
Microsoft.iOS	1406	0x0600057f	CoreGraphics.CGPoint	.ctor	0x2050	NoInlining	Public, HideBySig, SpecialName, RTSpecialName	0x1007e2390	0x9498fdd8	0x102e21af0	0x102e21af0	mapped	0x102e21af0
Microsoft.iOS	1407	0x06000580	CoreGraphics.CGPoint	.ctor	0x2050	NoInlining	Public, HideBySig, SpecialName, RTSpecialName	0x1007e2394	0x9498fde4	0x102e21b24	0x102e21b24	mapped	0x102e21b24
Microsoft.iOS	1408	0x06000581	CoreGraphics.CGPoint	Equals	0x2050	NoInlining	Public, Final, Virtual, HideBySig	0x1007e2398	0x9498fdf1	0x102e21b5c	0x102e21b5c	mapped	0x102e21b5c
Microsoft.iOS	1409	0x06000582	CoreGraphics.CGPoint	Equals	0x2050	NoInlining	Public, Final, Virtual, HideBySig, VtableLayoutMask	0x1007e239c	0x9498fe24	0x102e21c2c	0x102e21c2c	mapped	0x102e21c2c
Microsoft.iOS	1410	0x06000583	CoreGraphics.CGPoint	GetHashCode	0x2050	NoInlining	Public, Final, Virtual, HideBySig	0x1007e23a0	0x9498fe37	0x102e21c7c	0x102e21c7c	mapped	0x102e21c7c
Microsoft.iOS	1411	0x06000584	CoreGraphics.CGPoint	ToString	0x2050	NoInlining	Public, Final, Virtual, HideBySig	0x1007e23a4	0x9498fe57	0x102e21d00	0x102e21d00	mapped	0x102e21d00
Microsoft.iOS	1412	0x06000585	CoreGraphics.CGPoint	NSStringFromCGPoint	0x0	136	Private, Static, HideBySig, PinvokeImpl	0x1007e23a8	0x97fffa7c	0x1007e0d98		absent	0x1007e0d98
Microsoft.iOS	1413	0x06000586	CoreGraphics.CGRect	op_Equality	0x2050	NoInlining	Public, Static, HideBySig, SpecialName	0x1007e23ac	0x9498fe6a	0x102e21d54	0x102e21d54	mapped	0x102e21d54
Microsoft.iOS	1414	0x06000587	CoreGraphics.CGRect	op_Inequality	0x2050	NoInlining	Public, Static, HideBySig, SpecialName	0x1007e23b0	0x9498fe8f	0x102e21dec	0x102e21dec	mapped	0x102e21dec
Microsoft.iOS	1415	0x06000588	CoreGraphics.CGRect	op_Implicit	0x2050	NoInlining	Public, Static, HideBySig, SpecialName	0x1007e23b4	0x9498fea7	0x102e21e50	0x102e21e50	mapped	0x102e21e50
Microsoft.iOS	1416	0x06000589	CoreGraphics.CGRect	op_Explicit	0x2050	NoInlining	Public, Static, HideBySig, SpecialName	0x1007e23b8	0x9498febf	0x102e21eb4	0x102e21eb4	mapped	0x102e21eb4
Microsoft.iOS	1417	0x0600058a	CoreGraphics.CGRect	get_X	0x2050	NoInlining	Public, HideBySig, SpecialName	0x1007e23bc	0x9498fedc	0x102e21f2c	0x102e21f2c	mapped	0x102e21f2c
Microsoft.iOS	1418	0x0600058b	CoreGraphics.CGRect	set_X	0x2050	NoInlining	Public, HideBySig, SpecialName	0x1007e23c0	0x9498fee4	0x102e21f50	0x102e21f50	mapped	0x102e21f50
Microsoft.iOS	1419	0x0600058c	CoreGraphics.CGRect	get_Y	0x2050	NoInlining	Public, HideBySig, SpecialName	0x1007e23c4	0x9498feec	0x102e21f74	0x102e21f74	mapped	0x102e21f74
Microsoft.iOS	1420	0x0600058d	CoreGraphics.CGRect	set_Y	0x2050	NoInlining	Public, HideBySig, SpecialName	0x1007e23c8	0x9498fef4	0x102e21f98	0x102e21f98	mapped	0x102e21f98
Microsoft.iOS	1421	0x0600058e	CoreGraphics.CGRect	get_Width	0x2050	NoInlining	Public, HideBySig, SpecialName	0x1007e23cc	0x9498fefc	0x102e21fbc	0x102e21fbc	mapped	0x102e21fbc
Microsoft.iOS	1422	0x0600058f	CoreGraphics.CGRect	set_Width	0x2050	NoInlining	Public, HideBySig, SpecialName	0x1007e23d0	0x9498ff04	0x102e21fe0	0x102e21fe0	mapped	0x102e21fe0
Microsoft.iOS	1423	0x06000590	CoreGraphics.CGRect	get_Height	0x2050	NoInlining	Public, HideBySig, SpecialName	0x1007e23d4	0x9498ff0c	0x102e22004	0x102e22004	mapped	0x102e22004
Microsoft.iOS	1424	0x06000591	CoreGraphics.CGRect	set_Height	0x2050	NoInlining	Public, HideBySig, SpecialName	0x1007e23d8	0x9498ff14	0x102e22028	0x102e22028	mapped	0x102e22028
Microsoft.iOS	1425	0x06000592	CoreGraphics.CGRect	get_Top	0x2050	NoInlining	Public, HideBySig, SpecialName	0x1007e23dc	0x9498ff1c	0x102e2204c	0x102e2204c	mapped	0x102e2204c
Microsoft.iOS	1426	0x06000593	CoreGraphics.CGRect	get_Left	0x2050	NoInlining	Public, HideBySig, SpecialName	0x1007e23e0	0x9498ff24	0x102e22070	0x102e22070	mapped	0x102e22070
Microsoft.iOS	1427	0x06000594	CoreGraphics.CGRect	get_Size	0x2050	NoInlining	Public, HideBySig, SpecialName	0x1007e23e4	0x9498ff2c	0x102e22094	0x102e22094	mapped	0x102e22094
Microsoft.iOS	1428	0x06000595	CoreGraphics.CGRect	.ctor	0x2050	NoInlining	Public, HideBySig, SpecialName, RTSpecialName	0x1007e23e8	0x9498ff38	0x102e220c8	0x102e220c8	mapped	0x102e220c8
Microsoft.iOS	1429	0x06000596	CoreGraphics.CGRect	.ctor	0x2050	NoInlining	Public, HideBySig, SpecialName, RTSpecialName	0x1007e23ec	0x9498ff4b	0x102e22118	0x102e22118	mapped	0x102e22118
Microsoft.iOS	1430	0x06000597	CoreGraphics.CGRect	.ctor	0x2050	NoInlining	Public, HideBySig, SpecialName, RTSpecialName	0x1007e23f0	0x9498ff56	0x102e22148	0x102e22148	mapped	0x102e22148
Microsoft.iOS	1431	0x06000598	CoreGraphics.CGRect	.ctor	0x2050	NoInlining	Public, HideBySig, SpecialName, RTSpecialName	0x1007e23f4	0x9498ff61	0x102e22178	0x102e22178	mapped	0x102e22178
Microsoft.iOS	1432	0x06000599	CoreGraphics.CGRect	Equals	0x2050	NoInlining	Public, Final, Virtual, HideBySig	0x1007e23f8	0x9498ff71	0x102e221bc	0x102e221bc	mapped	0x102e221bc
Microsoft.iOS	1433	0x0600059a	CoreGraphics.CGRect	Equals	0x2050	NoInlining	Public, Final, Virtual, HideBySig, VtableLayoutMask	0x1007e23fc	0x9498ffa5	0x102e22290	0x102e22290	mapped	0x102e22290
Microsoft.iOS	1434	0x0600059b	CoreGraphics.CGRect	GetHashCode	0x2050	NoInlining	Public, Final, Virtual, HideBySig	0x1007e2400	0x9498ffc2	0x102e22308	0x102e22308	mapped	0x102e22308
Microsoft.iOS	1435	0x0600059c	CoreGraphics.CGRect	ToString	0x2050	NoInlining	Public, Final, Virtual, HideBySig	0x1007e2404	0x9498ffe3	0x102e22390	0x102e22390	mapped	0x102e22390
Microsoft.iOS	1436	0x0600059d	CoreGraphics.CGRect	NSStringFromCGRect	0x0	136	Private, Static, HideBySig, PinvokeImpl	0x1007e2408	0x97fffa64	0x1007e0d98		absent	0x1007e0d98
Microsoft.iOS	1437	0x0600059e	CoreGraphics.CGSize	op_Equality	0x2050	NoInlining	Public, Static, HideBySig, SpecialName	0x1007e240c	0x9498fff7	0x102e223e8	0x102e223e8	mapped	0x102e223e8
Microsoft.iOS	1438	0x0600059f	CoreGraphics.CGSize	op_Inequality	0x2050	NoInlining	Public, Static, HideBySig, SpecialName	0x1007e2410	0x94990011	0x102e22454	0x102e22454	mapped	0x102e22454
Microsoft.iOS	1439	0x060005a0	CoreGraphics.CGSize	op_Addition	0x2050	NoInlining	Public, Static, HideBySig, SpecialName	0x1007e2414	0x9499001f	0x102e22490	0x102e22490	mapped	0x102e22490
Microsoft.iOS	1440	0x060005a1	CoreGraphics.CGSize	op_Subtraction	0x2050	NoInlining	Public, Static, HideBySig, SpecialName	0x1007e2418	0x94990028	0x102e224b8	0x102e224b8	mapped	0x102e224b8
Microsoft.iOS	1441	0x060005a2	CoreGraphics.CGSize	op_Implicit	0x2050	NoInlining	Public, Static, HideBySig, SpecialName	0x1007e241c	0x94990031	0x102e224e0	0x102e224e0	mapped	0x102e224e0
Microsoft.iOS	1442	0x060005a3	CoreGraphics.CGSize	op_Explicit	0x2050	NoInlining	Public, Static, HideBySig, SpecialName	0x1007e2420	0x94990035	0x102e224f4	0x102e224f4	mapped	0x102e224f4
Microsoft.iOS	1443	0x060005a4	CoreGraphics.CGSize	op_Explicit	0x2050	NoInlining	Public, Static, HideBySig, SpecialName	0x1007e2424	0x9499003b	0x102e22510	0x102e22510	mapped	0x102e22510
Microsoft.iOS	1444	0x060005a5	CoreGraphics.CGSize	get_Width	0x2050	NoInlining	Public, HideBySig, SpecialName	0x1007e2428	0x9499003e	0x102e22520	0x102e22520	mapped	0x102e22520
Microsoft.iOS	1445	0x060005a6	CoreGraphics.CGSize	get_Height	0x2050	NoInlining	Public, HideBySig, SpecialName	0x1007e242c	0x94990046	0x102e22544	0x102e22544	mapped	0x102e22544
Microsoft.iOS	1446	0x060005a7	CoreGraphics.CGSize	.ctor	0x2050	NoInlining	Public, HideBySig, SpecialName, RTSpecialName	0x1007e2430	0x9499004e	0x102e22568	0x102e22568	mapped	0x102e22568
Microsoft.iOS	1447	0x060005a8	CoreGraphics.CGSize	.ctor	0x2050	NoInlining	Public, HideBySig, SpecialName, RTSpecialName	0x1007e2434	0x94990056	0x102e2258c	0x102e2258c	mapped	0x102e2258c
Microsoft.iOS	1448	0x060005a9	CoreGraphics.CGSize	.ctor	0x2050	NoInlining	Public, HideBySig, SpecialName, RTSpecialName	0x1007e2438	0x9499005e	0x102e225b0	0x102e225b0	mapped	0x102e225b0
Microsoft.iOS	1449	0x060005aa	CoreGraphics.CGSize	Equals	0x2050	NoInlining	Public, Final, Virtual, HideBySig	0x1007e243c	0x9499006a	0x102e225e4	0x102e225e4	mapped	0x102e225e4
Microsoft.iOS	1450	0x060005ab	CoreGraphics.CGSize	Equals	0x2050	NoInlining	Public, Final, Virtual, HideBySig, VtableLayoutMask	0x1007e2440	0x9499009d	0x102e226b4	0x102e226b4	mapped	0x102e226b4
Microsoft.iOS	1451	0x060005ac	CoreGraphics.CGSize	GetHashCode	0x2050	NoInlining	Public, Final, Virtual, HideBySig	0x1007e2444	0x949900b0	0x102e22704	0x102e22704	mapped	0x102e22704
Microsoft.iOS	1452	0x060005ad	CoreGraphics.CGSize	ToString	0x2050	NoInlining	Public, Final, Virtual, HideBySig	0x1007e2448	0x949900d0	0x102e22788	0x102e22788	mapped	0x102e22788
Microsoft.iOS	1453	0x060005ae	CoreGraphics.CGSize	NSStringFromCGSize	0x0	136	Private, Static, HideBySig, PinvokeImpl	0x1007e244c	0x97fffa53	0x1007e0d98		absent	0x1007e0d98
Microsoft.iOS	1454	0x060005af	CoreFoundation.CFArray	.ctor	0x2050	NoInlining	Assembly, HideBySig, SpecialName, RTSpecialName	0x1007e2450	0x949900e3	0x102e227dc	0x102e227dc	mapped	0x102e227dc
Microsoft.iOS	1455	0x060005b0	CoreFoundation.CFArray	get_kCFTypeArrayCallbacks_ptr	0x2050	NoInlining	Private, Static, HideBySig, SpecialName	0x1007e2454	0x94990102	0x102e2285c	0x102e2285c	mapped	0x102e2285c
Microsoft.iOS	1456	0x060005b1	CoreFoundation.CFArray	FromIntPtrs	0x2050	NoInlining	Assembly, Static, HideBySig	0x1007e2458	0x94990121	0x102e228dc	0x102e228dc	mapped	0x102e228dc
Microsoft.iOS	1457	0x060005b2	CoreFoundation.CFArray	CFArrayCreate	0x0	136	Private, Static, HideBySig, PinvokeImpl	0x1007e245c	0x97fffa4f	0x1007e0d98		absent	0x1007e0d98
Microsoft.iOS	1458	0x060005b3	CoreFoundation.CFArray	Create	0x2050	NoInlining	Assembly, Static, HideBySig	0x1007e2460	0x94990141	0x102e22964	0x102e22964	mapped	0x102e22964
Microsoft.iOS	1459	0x060005b4	CoreFoundation.CFArray	GetCount	0x0	136	Assembly, Static, HideBySig, PinvokeImpl	0x1007e2464	0x97fffa4d	0x1007e0d98		absent	0x1007e0d98
Microsoft.iOS	1460	0x060005b5	CoreFoundation.CFArray	CFArrayGetValues	0x0	136	Assembly, Static, HideBySig, PinvokeImpl	0x1007e2468	0x97fffa4c	0x1007e0d98		absent	0x1007e0d98
Microsoft.iOS	1461	0x060005b6	CoreFoundation.CFArray	StringArrayFromHandle	0x2050	NoInlining	Public, Static, HideBySig	0x1007e246c	0x94990167	0x102e22a08	0x102e22a08	mapped	0x102e22a08
Microsoft.iOS	1462	0x060005b7	CoreFoundation.CFArray	ArrayFromHandle	0x2050	NoInlining	Public, Static, HideBySig	0x1007e2470	0x94990197	0x102e22acc	0x102e22acc	mapped	0x102e22acc
Microsoft.iOS	1463	0x060005b8	CoreFoundation.CFArray	DefaultConvert	0x2050	NoInlining	Private, Static, HideBySig	0x1007e2474	0x949901d3	0x102e22bc0	0x102e22bc0	mapped	0x102e22bc0
Microsoft.iOS	1464	0x060005b9	CoreFoundation.CFArray	ArrayFromHandleFunc	0x2050	NoInlining	Public, Static, HideBySig	0x1007e2478	0x94990202	0x102e22c80	0x102e22c80	mapped	0x102e22c80
Microsoft.iOS	1465	0x060005ba	CoreFoundation.CFArray	get__CFNullHandle	0x2050	NoInlining	Assembly, Static, HideBySig, SpecialName	0x1007e247c	0x94990289	0x102e22ea0	0x102e22ea0	mapped	0x102e22ea0
Microsoft.iOS	1466	0x060005bb	CoreFoundation.CFArray	.cctor	0x2050	NoInlining	Private, Static, HideBySig, SpecialName, RTSpecialName	0x1007e2480	0x949902a4	0x102e22f10	0x102e22f10	mapped	0x102e22f10
Microsoft.iOS	1467	0x060005bc	CoreFoundation.CFBoolean	.ctor	0x2050	NoInlining	Assembly, HideBySig, SpecialName, RTSpecialName	0x1007e2484	0x949902bb	0x102e22f70	0x102e22f70	mapped	0x102e22f70
Microsoft.iOS	1468	0x060005bd	CoreFoundation.CFBoolean	op_Implicit	0x2050	NoInlining	Public, Static, HideBySig, SpecialName	0x1007e2488	0x949902cf	0x102e22fc4	0x102e22fc4	mapped	0x102e22fc4
Microsoft.iOS	1469	0x060005be	CoreFoundation.CFBoolean	op_Explicit	0x2050	NoInlining	Public, Static, HideBySig, SpecialName	0x1007e248c	0x949902e4	0x102e2301c	0x102e2301c	mapped	0x102e2301c
Microsoft.iOS	1470	0x060005bf	CoreFoundation.CFBoolean	FromBoolean	0x2050	NoInlining	Public, Static, HideBySig	0x1007e2490	0x949902f1	0x102e23054	0x102e23054	mapped	0x102e23054
Microsoft.iOS	1471	0x060005c0	CoreFoundation.CFBoolean	CFBooleanGetValue	0x0	136	Private, Static, HideBySig, PinvokeImpl	0x1007e2494	0x97fffa41	0x1007e0d98		absent	0x1007e0d98
Microsoft.iOS	1472	0x060005c1	CoreFoundation.CFBoolean	get_Value	0x2050	NoInlining	Public, HideBySig, SpecialName	0x1007e2498	0x94990316	0x102e230f0	0x102e230f0	mapped	0x102e230f0
Microsoft.iOS	1473	0x060005c2	CoreFoundation.CFBoolean	get_FalseHandle	0x2050	NoInlining	Assembly, Static, HideBySig, SpecialName	0x1007e249c	0x9499032b	0x102e23148	0x102e23148	mapped	0x102e23148
Microsoft.iOS	1474	0x060005c3	CoreFoundation.CFBoolean	get_TrueHandle	0x2050	NoInlining	Assembly, Static, HideBySig, SpecialName	0x1007e24a0	0x94990346	0x102e231b8	0x102e231b8	mapped	0x102e231b8
Microsoft.iOS	1475	0x060005c4	CoreFoundation.CFData	.ctor	0x2050	NoInlining	Assembly, HideBySig, SpecialName, RTSpecialName	0x1007e24a4	0x94990361	0x102e23228	0x102e23228	mapped	0x102e23228
Microsoft.iOS	1476	0x060005c5	CoreFoundation.CFData	CFDataCreate	0x0	136	Private, Static, HideBySig, PinvokeImpl	0x1007e24a8	0x97fffa3c	0x1007e0d98		absent	0x1007e0d98
Microsoft.iOS	1477	0x060005c6	CoreFoundation.CFData	FromData	0x2050	NoInlining	Public, Static, HideBySig	0x1007e24ac	0x94990374	0x102e2327c	0x102e2327c	mapped	0x102e2327c
Microsoft.iOS	1478	0x060005c7	CoreFoundation.CFDataBuffer	.ctor	0x2050	NoInlining	Public, HideBySig, SpecialName, RTSpecialName	0x1007e24b0	0x94990399	0x102e23314	0x102e23314	mapped	0x102e23314
Microsoft.iOS	1479	0x060005c8	CoreFoundation.CFDataBuffer	Finalize	0x2050	NoInlining	Family, Final, Virtual, HideBySig	0x1007e24b4	0x949903c2	0x102e233bc	0x102e233bc	mapped	0x102e233bc
Microsoft.iOS	1480	0x060005c9	CoreFoundation.CFDataBuffer	Dispose	0x2050	NoInlining	Public, Final, Virtual, HideBySig, VtableLayoutMask	0x1007e24b8	0x949903e8	0x102e23458	0x102e23458	mapped	0x102e23458
Microsoft.iOS	1481	0x060005ca	CoreFoundation.CFDataBuffer	get_Handle	0x2050	NoInlining	Public, HideBySig, SpecialName	0x1007e24bc	0x94990405	0x102e234d0	0x102e234d0	mapped	0x102e234d0
Microsoft.iOS	1482	0x060005cb	CoreFoundation.CFDataBuffer	Dispose	0x2050	NoInlining	Family, HideBySig	0x1007e24c0	0x94990418	0x102e23520	0x102e23520	mapped	0x102e23520
Microsoft.iOS	1483	0x060005cc	CoreFoundation.CFMutableDictionary	CFDictionarySetValue	0x0	136	Private, Static, HideBySig, PinvokeImpl	0x1007e24c4	0x97fffa35	0x1007e0d98		absent	0x1007e0d98
Microsoft.iOS	1484	0x060005cd	CoreFoundation.CFMutableDictionary	SetValue	0x2050	NoInlining	Public, Static, HideBySig	0x1007e24c8	0x94990432	0x102e23590	0x102e23590	mapped	0x102e23590
Microsoft.iOS	1485	0x060005ce	CoreFoundation.CFMutableDictionary	SetValue	0x2050	NoInlining	Public, Static, HideBySig	0x1007e24cc	0x94990445	0x102e235e0	0x102e235e0	mapped	0x102e235e0
Microsoft.iOS	1486	0x060005cf	CoreFoundation.CFException	.ctor	0x2050	NoInlining	Public, HideBySig, SpecialName, RTSpecialName	0x1007e24d0	0x9499045e	0x102e23648	0x102e23648	mapped	0x102e23648
Microsoft.iOS	1487	0x060005d0	CoreFoundation.CFException	FromCFError	0x2050	NoInlining	Public, Static, HideBySig	0x1007e24d4	0x94990480	0x102e236d4	0x102e236d4	mapped	0x102e236d4
Microsoft.iOS	1488	0x060005d1	CoreFoundation.CFException	FromCFError	0x2050	NoInlining	Public, Static, HideBySig	0x1007e24d8	0x97ff7a02	0x1007c0ce0	0x1007c0ce0	mapped	0x1007c0ce0
Microsoft.iOS	1489	0x060005d2	CoreFoundation.CFException	set_Code	0x2050	NoInlining	Private, HideBySig, SpecialName	0x1007e24dc	0x9499048d	0x102e23710	0x102e23710	mapped	0x102e23710
Microsoft.iOS	1490	0x060005d3	CoreFoundation.CFException	set_Domain	0x2050	NoInlining	Private, HideBySig, SpecialName	0x1007e24e0	0x94990495	0x102e23734	0x102e23734	mapped	0x102e23734
Microsoft.iOS	1491	0x060005d4	CoreFoundation.CFException	get_FailureReason	0x2050	NoInlining	Public, HideBySig, SpecialName	0x1007e24e4	0x949904a4	0x102e23774	0x102e23774	mapped	0x102e23774
Microsoft.iOS	1492	0x060005d5	CoreFoundation.CFException	set_FailureReason	0x2050	NoInlining	Private, HideBySig, SpecialName	0x1007e24e8	0x949904ac	0x102e23798	0x102e23798	mapped	0x102e23798
Microsoft.iOS	1493	0x060005d6	CoreFoundation.CFException	set_RecoverySuggestion	0x2050	NoInlining	Private, HideBySig, SpecialName	0x1007e24ec	0x949904bb	0x102e237d8	0x102e237d8	mapped	0x102e237d8
Microsoft.iOS	1494	0x060005d7	CoreFoundation.CFException	CFErrorCopyDescription	0x0	136	Private, Static, HideBySig, PinvokeImpl	0x1007e24f0	0x97fffa2a	0x1007e0d98		absent	0x1007e0d98
Microsoft.iOS	1495	0x060005d8	CoreFoundation.CFException	CFErrorCopyFailureReason	0x0	136	Private, Static, HideBySig, PinvokeImpl	0x1007e24f4	0x97fffa29	0x1007e0d98		absent	0x1007e0d98
Microsoft.iOS	1496	0x060005d9	CoreFoundation.CFException	CFErrorCopyRecoverySuggestion	0x0	136	Private, Static, HideBySig, PinvokeImpl	0x1007e24f8	0x97fffa28	0x1007e0d98		absent	0x1007e0d98
Microsoft.iOS	1497	0x060005da	CoreFoundation.CFException	CFErrorCopyUserInfo	0x0	136	Private, Static, HideBySig, PinvokeImpl	0x1007e24fc	0x97fffa27	0x1007e0d98		absent	0x1007e0d98
Microsoft.iOS	1498	0x060005db	CoreFoundation.CFException	CFErrorGetCode	0x0	136	Private, Static, HideBySig, PinvokeImpl	0x1007e2500	0x97fffa26	0x1007e0d98		absent	0x1007e0d98
Microsoft.iOS	1499	0x060005dc	CoreFoundation.CFException	CFErrorGetDomain	0x0	136	Private, Static, HideBySig, PinvokeImpl	0x1007e2504	0x97fffa25	0x1007e0d98		absent	0x1007e0d98
Microsoft.iOS	1500	0x060005dd	CoreFoundation.CFProxySettings	.ctor	0x2050	NoInlining	Assembly, HideBySig, SpecialName, RTSpecialName	0x1007e2508	0x949904c4	0x102e23818	0x102e23818	mapped	0x102e23818
Microsoft.iOS	1501	0x060005de	CoreFoundation.CFProxySettings	get_Dictionary	0x2050	NoInlining	Public, HideBySig, SpecialName	0x1007e250c	0x949904d3	0x102e23858	0x102e23858	mapped	0x102e23858
Microsoft.iOS	1502	0x060005df	CoreFoundation.CFProxySettings	get_CFNetworkProxiesHTTPEnable	0x2050	NoInlining	Private, Static, HideBySig, SpecialName	0x1007e2510	0x949904db	0x102e2387c	0x102e2387c	mapped	0x102e2387c
Microsoft.iOS	1503	0x060005e0	CoreFoundation.CFProxySettings	get_HTTPEnable	0x2050	NoInlining	Public, HideBySig, SpecialName	0x1007e2514	0x949904fb	0x102e23900	0x102e23900	mapped	0x102e23900
Microsoft.iOS	1504	0x060005e1	CoreFoundation.CFNetwork	CFNetworkCopySystemProxySettings	0x0	136	Private, Static, HideBySig, PinvokeImpl	0x1007e2518	0x97fffa20	0x1007e0d98		absent	0x1007e0d98
Microsoft.iOS	1505	0x060005e2	CoreFoundation.CFNetwork	GetSystemProxySettings	0x2050	NoInlining	Public, Static, HideBySig	0x1007e251c	0x94990535	0x102e239f0	0x102e239f0	mapped	0x102e239f0
Microsoft.iOS	1506	0x060005e3	CoreFoundation.CFReadStream	.ctor	0x2050	NoInlining	Assembly, HideBySig, SpecialName, RTSpecialName	0x1007e2520	0x94990561	0x102e23aa4	0x102e23aa4	mapped	0x102e23aa4
Microsoft.iOS	1507	0x060005e4	CoreFoundation.CFReadStream	CFReadStreamCopyError	0x0	136	Private, Static, HideBySig, PinvokeImpl	0x1007e2524	0x97fffa1d	0x1007e0d98		absent	0x1007e0d98
Microsoft.iOS	1508	0x060005e5	CoreFoundation.CFReadStream	GetError	0x2050	NoInlining	Public, Final, Virtual, HideBySig	0x1007e2528	0x94990574	0x102e23af8	0x102e23af8	mapped	0x102e23af8
Microsoft.iOS	1509	0x060005e6	CoreFoundation.CFReadStream	CFReadStreamOpen	0x0	136	Private, Static, HideBySig, PinvokeImpl	0x1007e252c	0x97fffa1b	0x1007e0d98		absent	0x1007e0d98
Microsoft.iOS	1510	0x060005e7	CoreFoundation.CFReadStream	DoOpen	0x2050	NoInlining	Family, Final, Virtual, HideBySig	0x1007e2530	0x94990589	0x102e23b54	0x102e23b54	mapped	0x102e23b54
Microsoft.iOS	1511	0x060005e8	CoreFoundation.CFReadStream	CFReadStreamClose	0x0	136	Private, Static, HideBySig, PinvokeImpl	0x1007e2534	0x97fffa19	0x1007e0d98		absent	0x1007e0d98
Microsoft.iOS	1512	0x060005e9	CoreFoundation.CFReadStream	DoClose	0x2050	NoInlining	Family, Final, Virtual, HideBySig	0x1007e2538	0x9499059d	0x102e23bac	0x102e23bac	mapped	0x102e23bac
Microsoft.iOS	1513	0x060005ea	CoreFoundation.CFReadStream	CFReadStreamScheduleWithRunLoop	0x0	136	Private, Static, HideBySig, PinvokeImpl	0x1007e253c	0x97fffa17	0x1007e0d98		absent	0x1007e0d98
Microsoft.iOS	1514	0x060005eb	CoreFoundation.CFReadStream	ScheduleWithRunLoop	0x2050	NoInlining	Family, Final, Virtual, HideBySig	0x1007e2540	0x949905af	0x102e23bfc	0x102e23bfc	mapped	0x102e23bfc
Microsoft.iOS	1515	0x060005ec	CoreFoundation.CFReadStream	CFReadStreamUnscheduleFromRunLoop	0x0	136	Private, Static, HideBySig, PinvokeImpl	0x1007e2544	0x97fffa15	0x1007e0d98		absent	0x1007e0d98
Microsoft.iOS	1516	0x060005ed	CoreFoundation.CFReadStream	UnscheduleFromRunLoop	0x2050	NoInlining	Family, Final, Virtual, HideBySig	0x1007e2548	0x949905dd	0x102e23cbc	0x102e23cbc	mapped	0x102e23cbc
Microsoft.iOS	1517	0x060005ee	CoreFoundation.CFReadStream	CFReadStreamSetClient	0x0	136	Private, Static, HideBySig, PinvokeImpl	0x1007e254c	0x97fffa13	0x1007e0d98		absent	0x1007e0d98
Microsoft.iOS	1518	0x060005ef	CoreFoundation.CFReadStream	DoSetClient	0x2050	NoInlining	Family, Final, Virtual, HideBySig	0x1007e2550	0x9499060b	0x102e23d7c	0x102e23d7c	mapped	0x102e23d7c
Microsoft.iOS	1519	0x060005f0	CoreFoundation.CFReadStream	CFReadStreamRead	0x0	136	Private, Static, HideBySig, PinvokeImpl	0x1007e2554	0x97fffa11	0x1007e0d98		absent	0x1007e0d98
Microsoft.iOS	1520	0x060005f1	CoreFoundation.CFReadStream	Read	0x2050	NoInlining	Public, HideBySig	0x1007e2558	0x94990625	0x102e23dec	0x102e23dec	mapped	0x102e23dec
Microsoft.iOS	1521	0x060005f2	CoreFoundation.CFReadStream	CFReadStreamCopyProperty	0x0	136	Private, Static, HideBySig, PinvokeImpl	0x1007e255c	0x97fffa0f	0x1007e0d98		absent	0x1007e0d98
Microsoft.iOS	1522	0x060005f3	CoreFoundation.CFReadStream	DoGetProperty	0x2050	NoInlining	Family, Final, Virtual, HideBySig	0x1007e2560	0x94990663	0x102e23eec	0x102e23eec	mapped	0x102e23eec
Microsoft.iOS	1523	0x060005f4	CoreFoundation.CFReadStream	CFReadStreamSetProperty	0x0	136	Private, Static, HideBySig, PinvokeImpl	0x1007e2564	0x97fffa0d	0x1007e0d98		absent	0x1007e0d98
Microsoft.iOS	1524	0x060005f5	CoreFoundation.CFReadStream	DoSetProperty	0x2050	NoInlining	Family, Final, Virtual, HideBySig	0x1007e2568	0x94990689	0x102e23f8c	0x102e23f8c	mapped	0x102e23f8c
Microsoft.iOS	1525	0x060005f6	CoreFoundation.CFRunLoopSource	.ctor	0x2050	NoInlining	Assembly, HideBySig, SpecialName, RTSpecialName	0x1007e256c	0x949906ba	0x102e24054	0x102e24054	mapped	0x102e24054
Microsoft.iOS	1526	0x060005f7	CoreFoundation.CFRunLoop	CFRunLoopGetMain	0x0	136	Private, Static, HideBySig, PinvokeImpl	0x1007e2570	0x97fffa0a	0x1007e0d98		absent	0x1007e0d98
Microsoft.iOS	1527	0x060005f8	CoreFoundation.CFRunLoop	get_Main	0x2050	NoInlining	Public, Static, HideBySig, SpecialName	0x1007e2574	0x949906cd	0x102e240a8	0x102e240a8	mapped	0x102e240a8
Microsoft.iOS	1528	0x060005f9	CoreFoundation.CFRunLoop	CFRunLoopAddSource	0x0	136	Private, Static, HideBySig, PinvokeImpl	0x1007e2578	0x97fffa08	0x1007e0d98		absent	0x1007e0d98
Microsoft.iOS	1529	0x060005fa	CoreFoundation.CFRunLoop	AddSource	0x2050	NoInlining	Public, HideBySig	0x1007e257c	0x949906ea	0x102e24124	0x102e24124	mapped	0x102e24124
Microsoft.iOS	1530	0x060005fb	CoreFoundation.CFRunLoop	CFRunLoopRemoveSource	0x0	136	Private, Static, HideBySig, PinvokeImpl	0x1007e2580	0x97fffa06	0x1007e0d98		absent	0x1007e0d98
Microsoft.iOS	1531	0x060005fc	CoreFoundation.CFRunLoop	RemoveSource	0x2050	NoInlining	Public, HideBySig	0x1007e2584	0x94990718	0x102e241e4	0x102e241e4	mapped	0x102e241e4
Microsoft.iOS	1532	0x060005fd	CoreFoundation.CFRunLoop	.ctor	0x2050	NoInlining	Assembly, HideBySig, SpecialName, RTSpecialName	0x1007e2588	0x94990747	0x102e242a4	0x102e242a4	mapped	0x102e242a4
Microsoft.iOS	1533	0x060005fe	CoreFoundation.CFRunLoop	get_ModeCommon	0x2050	NoInlining	Public, Static, HideBySig, SpecialName	0x1007e258c	0x9499075b	0x102e242f8	0x102e242f8	mapped	0x102e242f8
Microsoft.iOS	1534	0x060005ff	CoreFoundation.CFStreamClientContext	Retain	0x2050	NoInlining	Public, HideBySig	0x1007e2590	0x9499077b	0x102e2437c	0x102e2437c	mapped	0x102e2437c
Microsoft.iOS	1535	0x06000600	CoreFoundation.CFStreamClientContext	Release	0x2050	NoInlining	Public, HideBySig	0x1007e2594	0x94990791	0x102e243d8	0x102e243d8	mapped	0x102e243d8
Microsoft.iOS	1536	0x06000601	CoreFoundation.CFStreamClientContext	ToString	0x2050	NoInlining	Public, Final, Virtual, HideBySig	0x1007e2598	0x949907a7	0x102e24434	0x102e24434	mapped	0x102e24434
Microsoft.iOS	1537	0x06000602	CoreFoundation.CFStreamClientContext	Invoke	0x2050	NoInlining	Assembly, HideBySig	0x1007e259c	0x949907df	0x102e24518	0x102e24518	mapped	0x102e24518
Microsoft.iOS	1538	0x06000603	CoreFoundation.CFStreamClientContext	CFReadStreamRef_InvokeRetain	0x2050	NoInlining	Private, Static, HideBySig	0x1007e25a0	0x949907fb	0x102e2458c	0x102e2458c	mapped	0x102e2458c
Microsoft.iOS	1539	0x06000604	CoreFoundation.CFStreamClientContext	CFReadStreamRef_InvokeRelease	0x2050	NoInlining	Private, Static, HideBySig	0x1007e25a4	0x94990829	0x102e24648	0x102e24648	mapped	0x102e24648
Microsoft.iOS	1540	0x06000605	CoreFoundation.CFStreamClientContext	CFReadStreamRef_InvokeCopyDescription	0x2050	NoInlining	Private, Static, HideBySig	0x1007e25a8	0x94990857	0x102e24704	0x102e24704	mapped	0x102e24704
Microsoft.iOS	1541	0x06000606	CoreFoundation.CFStreamClientContext	CFReadStreamRef_InvokeCallback	0x2050	NoInlining	Private, Static, HideBySig	0x1007e25ac	0x94990885	0x102e247c0	0x102e247c0	mapped	0x102e247c0
Microsoft.iOS	1542	0x06000607	CoreFoundation.CFStreamClientContext+RetainDelegate	.ctor	0x0	11	Public, HideBySig, SpecialName, RTSpecialName	0x1007e25b0	0x97fff9fa	0x1007e0d98		absent	0x1007e0d98
Microsoft.iOS	1543	0x06000608	CoreFoundation.CFStreamClientContext+RetainDelegate	Invoke	0x0	11	Public, Virtual, HideBySig, VtableLayoutMask	0x1007e25b4	0x97fff9f9	0x1007e0d98		absent	0x1007e0d98
Microsoft.iOS	1544	0x06000609	CoreFoundation.CFStreamClientContext+ReleaseDelegate	.ctor	0x0	11	Public, HideBySig, SpecialName, RTSpecialName	0x1007e25b8	0x97fff9f8	0x1007e0d98		absent	0x1007e0d98
Microsoft.iOS	1545	0x0600060a	CoreFoundation.CFStreamClientContext+ReleaseDelegate	Invoke	0x0	11	Public, Virtual, HideBySig, VtableLayoutMask	0x1007e25bc	0x97fff9f7	0x1007e0d98		absent	0x1007e0d98
Microsoft.iOS	1546	0x0600060b	CoreFoundation.CFStreamClientContext+CopyDescriptionDelegate	.ctor	0x0	11	Public, HideBySig, SpecialName, RTSpecialName	0x1007e25c0	0x97fff9f6	0x1007e0d98		absent	0x1007e0d98
Microsoft.iOS	1547	0x0600060c	CoreFoundation.CFStreamClientContext+CopyDescriptionDelegate	Invoke	0x0	11	Public, Virtual, HideBySig, VtableLayoutMask	0x1007e25c4	0x97fff9f5	0x1007e0d98		absent	0x1007e0d98
Microsoft.iOS	1548	0x0600060d	CoreFoundation.CFStreamClientContext+CallbackDelegate	.ctor	0x0	11	Public, HideBySig, SpecialName, RTSpecialName	0x1007e25c8	0x97fff9f4	0x1007e0d98		absent	0x1007e0d98
Microsoft.iOS	1549	0x0600060e	CoreFoundation.CFStreamClientContext+CallbackDelegate	Invoke	0x0	11	Public, Virtual, HideBySig, VtableLayoutMask	0x1007e25cc	0x97fff9f3	0x1007e0d98		absent	0x1007e0d98
Microsoft.iOS	1550	0x0600060f	CoreFoundation.CFStream	CFReadStreamCreateForHTTPRequest	0x0	136	Assembly, Static, HideBySig, PinvokeImpl	0x1007e25d0	0x97fff9f2	0x1007e0d98		absent	0x1007e0d98
Microsoft.iOS	1551	0x06000610	CoreFoundation.CFStream	CreateForHTTPRequest	0x2050	NoInlining	Public, Static, HideBySig	0x1007e25d4	0x949908b0	0x102e24894	0x102e24894	mapped	0x102e24894
Microsoft.iOS	1552	0x06000611	CoreFoundation.CFStream	GetError	0x0	NoInlining	Public, Virtual, HideBySig, VtableLayoutMask, Abstract	0x1007e25d8	0x97fff9f0	0x1007e0d98		absent	0x1007e0d98
Microsoft.iOS	1553	0x06000612	CoreFoundation.CFStream	CheckError	0x2050	NoInlining	Family, HideBySig	0x1007e25dc	0x949908da	0x102e24944	0x102e24944	mapped	0x102e24944
Microsoft.iOS	1554	0x06000613	CoreFoundation.CFStream	Open	0x2050	NoInlining	Public, HideBySig	0x1007e25e0	0x949908f2	0x102e249a8	0x102e249a8	mapped	0x102e249a8
Microsoft.iOS	1555	0x06000614	CoreFoundation.CFStream	DoOpen	0x0	NoInlining	Family, Virtual, HideBySig, VtableLayoutMask, Abstract	0x1007e25e4	0x97fff9ed	0x1007e0d98		absent	0x1007e0d98
Microsoft.iOS	1556	0x06000615	CoreFoundation.CFStream	Close	0x2050	NoInlining	Public, HideBySig	0x1007e25e8	0x94990917	0x102e24a44	0x102e24a44	mapped	0x102e24a44
Microsoft.iOS	1557	0x06000616	CoreFoundation.CFStream	DoClose	0x0	NoInlining	Family, Virtual, HideBySig, VtableLayoutMask, Abstract	0x1007e25ec	0x97fff9eb	0x1007e0d98		absent	0x1007e0d98
Microsoft.iOS	1558	0x06000617	CoreFoundation.CFStream	GetProperty	0x2050	NoInlining	Assembly, HideBySig	0x1007e25f0	0x9499097c	0x102e24be0	0x102e24be0	mapped	0x102e24be0
Microsoft.iOS	1559	0x06000618	CoreFoundation.CFStream	DoGetProperty	0x0	NoInlining	Family, Virtual, HideBySig, VtableLayoutMask, Abstract	0x1007e25f4	0x97fff9e9	0x1007e0d98		absent	0x1007e0d98
Microsoft.iOS	1560	0x06000619	CoreFoundation.CFStream	DoSetProperty	0x0	NoInlining	Family, Virtual, HideBySig, VtableLayoutMask, Abstract	0x1007e25f8	0x97fff9e8	0x1007e0d98		absent	0x1007e0d98
Microsoft.iOS	1561	0x0600061a	CoreFoundation.CFStream	SetProperty	0x2050	NoInlining	Assembly, HideBySig	0x1007e25fc	0x94990992	0x102e24c44	0x102e24c44	mapped	0x102e24c44
Microsoft.iOS	1562	0x0600061b	CoreFoundation.CFStream	add_HasBytesAvailableEvent	0x2050	NoInlining	Public, HideBySig, SpecialName	0x1007e2600	0x949909c9	0x102e24d24	0x102e24d24	mapped	0x102e24d24
Microsoft.iOS	1563	0x0600061c	CoreFoundation.CFStream	remove_HasBytesAvailableEvent	0x2050	NoInlining	Public, HideBySig, SpecialName	0x1007e2604	0x94990a18	0x102e24e64	0x102e24e64	mapped	0x102e24e64
Microsoft.iOS	1564	0x0600061d	CoreFoundation.CFStream	add_ErrorEvent	0x2050	NoInlining	Public, HideBySig, SpecialName	0x1007e2608	0x94990a67	0x102e24fa4	0x102e24fa4	mapped	0x102e24fa4
Microsoft.iOS	1565	0x0600061e	CoreFoundation.CFStream	remove_ErrorEvent	0x2050	NoInlining	Public, HideBySig, SpecialName	0x1007e260c	0x94990ab6	0x102e250e4	0x102e250e4	mapped	0x102e250e4
Microsoft.iOS	1566	0x0600061f	CoreFoundation.CFStream	add_ClosedEvent	0x2050	NoInlining	Public, HideBySig, SpecialName	0x1007e2610	0x94990b05	0x102e25224	0x102e25224	mapped	0x102e25224
Microsoft.iOS	1567	0x06000620	CoreFoundation.CFStream	remove_ClosedEvent	0x2050	NoInlining	Public, HideBySig, SpecialName	0x1007e2614	0x94990b54	0x102e25364	0x102e25364	mapped	0x102e25364
Microsoft.iOS	1568	0x06000621	CoreFoundation.CFStream	OnOpenCompleted	0x2050	NoInlining	Family, Final, Virtual, HideBySig, VtableLayoutMask	0x1007e2618	0x94990ba3	0x102e254a4	0x102e254a4	mapped	0x102e254a4
Microsoft.iOS	1569	0x06000622	CoreFoundation.CFStream	OnHasBytesAvailableEvent	0x2050	NoInlining	Family, Final, Virtual, HideBySig, VtableLayoutMask	0x1007e261c	0x94990bbb	0x102e25508	0x102e25508	mapped	0x102e25508
Microsoft.iOS	1570	0x06000623	CoreFoundation.CFStream	OnCanAcceptBytesEvent	0x2050	NoInlining	Family, Final, Virtual, HideBySig, VtableLayoutMask	0x1007e2620	0x94990bd3	0x102e2556c	0x102e2556c	mapped	0x102e2556c
Microsoft.iOS	1571	0x06000624	CoreFoundation.CFStream	OnErrorEvent	0x2050	NoInlining	Family, Final, Virtual, HideBySig, VtableLayoutMask	0x1007e2624	0x94990beb	0x102e255d0	0x102e255d0	mapped	0x102e255d0
Microsoft.iOS	1572	0x06000625	CoreFoundation.CFStream	OnClosedEvent	0x2050	NoInlining	Family, Final, Virtual, HideBySig, VtableLayoutMask	0x1007e2628	0x94990c03	0x102e25634	0x102e25634	mapped	0x102e25634
Microsoft.iOS	1573	0x06000626	CoreFoundation.CFStream	ScheduleWithRunLoop	0x0	NoInlining	Family, Virtual, HideBySig, VtableLayoutMask, Abstract	0x1007e262c	0x97fff9db	0x1007e0d98		absent	0x1007e0d98
Microsoft.iOS	1574	0x06000627	CoreFoundation.CFStream	UnscheduleFromRunLoop	0x0	NoInlining	Family, Virtual, HideBySig, VtableLayoutMask, Abstract	0x1007e2630	0x97fff9da	0x1007e0d98		absent	0x1007e0d98
Microsoft.iOS	1575	0x06000628	CoreFoundation.CFStream	NativeCallback	0x2050	NoInlining	Private, Static, HideBySig	0x1007e2634	0x94990c19	0x102e25698	0x102e25698	mapped	0x102e25698
Microsoft.iOS	1576	0x06000629	CoreFoundation.CFStream	OnCallback	0x2050	NoInlining	Family, Final, Virtual, HideBySig, VtableLayoutMask	0x1007e2638	0x94990c43	0x102e25744	0x102e25744	mapped	0x102e25744
Microsoft.iOS	1577	0x0600062a	CoreFoundation.CFStream	EnableEvents	0x2050	NoInlining	Public, HideBySig	0x1007e263c	0x94990c8c	0x102e2586c	0x102e2586c	mapped	0x102e2586c
Microsoft.iOS	1578	0x0600062b	CoreFoundation.CFStream	DoSetClient	0x2050	NoInlining	Family, Virtual, HideBySig, VtableLayoutMask	0x1007e2640	0x94990d2d	0x102e25af4	0x102e25af4	mapped	0x102e25af4
Microsoft.iOS	1579	0x0600062c	CoreFoundation.CFStream	.ctor	0x2050	NoInlining	Family, HideBySig, SpecialName, RTSpecialName	0x1007e2644	0x94990d3e	0x102e25b3c	0x102e25b3c	mapped	0x102e25b3c
Microsoft.iOS	1580	0x0600062d	CoreFoundation.CFStream	Dispose	0x2050	NoInlining	Family, Final, Virtual, HideBySig	0x1007e2648	0x94990d52	0x102e25b90	0x102e25b90	mapped	0x102e25b90
Microsoft.iOS	1581	0x0600062e	CoreFoundation.CFStream+StreamEventArgs	get_EventType	0x2050	NoInlining	Public, HideBySig, SpecialName	0x1007e264c	0x94990d74	0x102e25c1c	0x102e25c1c	mapped	0x102e25c1c
Microsoft.iOS	1582	0x0600062f	CoreFoundation.CFStream+StreamEventArgs	set_EventType	0x2050	NoInlining	Private, HideBySig, SpecialName	0x1007e2650	0x94990d7c	0x102e25c40	0x102e25c40	mapped	0x102e25c40
Microsoft.iOS	1583	0x06000630	CoreFoundation.CFStream+StreamEventArgs	.ctor	0x2050	NoInlining	Public, HideBySig, SpecialName, RTSpecialName	0x1007e2654	0x94990d84	0x102e25c64	0x102e25c64	mapped	0x102e25c64
Microsoft.iOS	1584	0x06000631	CoreFoundation.CFStream+StreamEventArgs	ToString	0x2050	NoInlining	Public, Final, Virtual, HideBySig	0x1007e2658	0x94990d8c	0x102e25c88	0x102e25c88	mapped	0x102e25c88
Microsoft.iOS	1585	0x06000632	CoreFoundation.CFRange	.ctor	0x2050	NoInlining	Public, HideBySig, SpecialName, RTSpecialName	0x1007e265c	0x94990db3	0x102e25d28	0x102e25d28	mapped	0x102e25d28
Microsoft.iOS	1586	0x06000633	CoreFoundation.CFRange	ToString	0x2050	NoInlining	Public, Final, Virtual, HideBySig	0x1007e2660	0x94990dbe	0x102e25d58	0x102e25d58	mapped	0x102e25d58
Microsoft.iOS	1587	0x06000634	CoreFoundation.CFObject	CFRelease	0x0	136	Assembly, Static, HideBySig, PinvokeImpl	0x1007e2664	0x97fff9cd	0x1007e0d98		absent	0x1007e0d98
Microsoft.iOS	1588	0x06000635	CoreFoundation.CFObject	CFRetain	0x0	136	Assembly, Static, HideBySig, PinvokeImpl	0x1007e2668	0x97fff9cc	0x1007e0d98		absent	0x1007e0d98
Microsoft.iOS	1589	0x06000636	CoreFoundation.CFString	CFStringCreateWithCharacters	0x0	136	Private, Static, HideBySig, PinvokeImpl	0x1007e266c	0x97fff9cb	0x1007e0d98		absent	0x1007e0d98
Microsoft.iOS	1590	0x06000637	CoreFoundation.CFString	CFStringGetLength	0x0	136	Private, Static, HideBySig, PinvokeImpl	0x1007e2670	0x97fff9ca	0x1007e0d98		absent	0x1007e0d98
Microsoft.iOS	1591	0x06000638	CoreFoundation.CFString	CFStringGetCharactersPtr	0x0	136	Private, Static, HideBySig, PinvokeImpl	0x1007e2674	0x97fff9c9	0x1007e0d98		absent	0x1007e0d98
Microsoft.iOS	1592	0x06000639	CoreFoundation.CFString	CFStringGetCharacters	0x0	136	Private, Static, HideBySig, PinvokeImpl	0x1007e2678	0x97fff9c8	0x1007e0d98		absent	0x1007e0d98
Microsoft.iOS	1593	0x0600063a	CoreFoundation.CFString	CreateNative	0x2050	NoInlining	Public, Static, HideBySig	0x1007e267c	0x94990de8	0x102e25e1c	0x102e25e1c	mapped	0x102e25e1c
Microsoft.iOS	1594	0x0600063b	CoreFoundation.CFString	ReleaseNative	0x2050	NoInlining	Public, Static, HideBySig	0x1007e2680	0x94990e20	0x102e25f00	0x102e25f00	mapped	0x102e25f00
Microsoft.iOS	1595	0x0600063c	CoreFoundation.CFString	.ctor	0x2050	NoInlining	Public, HideBySig, SpecialName, RTSpecialName	0x1007e2684	0x94990e3d	0x102e25f78	0x102e25f78	mapped	0x102e25f78
Microsoft.iOS	1596	0x0600063d	CoreFoundation.CFString	.ctor	0x2050	NoInlining	Assembly, HideBySig, SpecialName, RTSpecialName	0x1007e2688	0x94990e83	0x102e26094	0x102e26094	mapped	0x102e26094
Microsoft.iOS	1597	0x0600063e	CoreFoundation.CFString	FromHandle	0x2050	NoInlining	Public, Static, HideBySig	0x1007e268c	0x94990e97	0x102e260e8	0x102e260e8	mapped	0x102e260e8
Microsoft.iOS	1598	0x0600063f	CoreFoundation.CFString	FromHandle	0x2050	NoInlining	Public, Static, HideBySig	0x1007e2690	0x94990ee8	0x102e26230	0x102e26230	mapped	0x102e26230
Microsoft.iOS	1599	0x06000640	CoreFoundation.CFString	op_Implicit	0x2050	NoInlining	Public, Static, HideBySig, SpecialName	0x1007e2694	0x94990eff	0x102e26290	0x102e26290	mapped	0x102e26290
Microsoft.iOS	1600	0x06000641	CoreFoundation.CFString	op_Implicit	0x2050	NoInlining	Public, Static, HideBySig, SpecialName	0x1007e2698	0x94990f19	0x102e262fc	0x102e262fc	mapped	0x102e262fc
Microsoft.iOS	1601	0x06000642	CoreFoundation.CFString	ToString	0x2050	NoInlining	Public, Final, Virtual, HideBySig	0x1007e269c	0x94990f39	0x102e26380	0x102e26380	mapped	0x102e26380
Microsoft.iOS	1602	0x06000643	CoreFoundation.CFType	GetTypeID	0x0	136	Public, Static, HideBySig, PinvokeImpl	0x1007e26a0	0x97fff9be	0x1007e0d98		absent	0x1007e0d98
Microsoft.iOS	1603	0x06000644	CoreFoundation.CFType	.ctor	0x2050	NoInlining	Assembly, HideBySig, SpecialName, RTSpecialName	0x1007e26a4	0x94990f59	0x102e26408	0x102e26408	mapped	0x102e26408
Microsoft.iOS	1604	0x06000645	CoreFoundation.CFUrl	.ctor	0x2050	NoInlining	Assembly, HideBySig, SpecialName, RTSpecialName	0x1007e26a8	0x94990f6d	0x102e2645c	0x102e2645c	mapped	0x102e2645c
Microsoft.iOS	1605	0x06000646	CoreFoundation.CFUrl	CFURLCreateWithString	0x0	136	Private, Static, HideBySig, PinvokeImpl	0x1007e26ac	0x97fff9bb	0x1007e0d98		absent	0x1007e0d98
Microsoft.iOS	1606	0x06000647	CoreFoundation.CFUrl	FromUrlString	0x2050	NoInlining	Public, Static, HideBySig	0x1007e26b0	0x94990f80	0x102e264b0	0x102e264b0	mapped	0x102e264b0
Microsoft.iOS	1607	0x06000648	CoreFoundation.CFUrl	FromStringHandle	0x2050	NoInlining	Assembly, Static, HideBySig	0x1007e26b4	0x94990fb5	0x102e26588	0x102e26588	mapped	0x102e26588
Microsoft.iOS	1608	0x06000649	CoreFoundation.CFUrl	CFURLGetString	0x0	136	Private, Static, HideBySig, PinvokeImpl	0x1007e26b8	0x97fff9b8	0x1007e0d98		absent	0x1007e0d98
Microsoft.iOS	1609	0x0600064a	CoreFoundation.CFUrl	ToString	0x2050	NoInlining	Public, Final, Virtual, HideBySig	0x1007e26bc	0x94990fde	0x102e26634	0x102e26634	mapped	0x102e26634
Microsoft.iOS	1610	0x0600064b	CoreFoundation.NativeObject	.ctor	0x2050	NoInlining	Family, HideBySig, SpecialName, RTSpecialName	0x1007e26c0	0x94990ff2	0x102e26688	0x102e26688	mapped	0x102e26688
Microsoft.iOS	1611	0x0600064c	CoreFoundation.NativeObject	.ctor	0x2050	NoInlining	Family, HideBySig, SpecialName, RTSpecialName	0x1007e26c4	0x94990ff2	0x102e2668c	0x102e2668c	mapped	0x102e2668c
Microsoft.iOS	1612	0x0600064d	CoreFoundation.NativeObject	.ctor	0x2050	NoInlining	Family, HideBySig, SpecialName, RTSpecialName	0x1007e26c8	0x94991006	0x102e266e0	0x102e266e0	mapped	0x102e266e0
Microsoft.iOS	1613	0x0600064e	CoreFoundation.NativeObject	Dispose	0x2050	NoInlining	Family, Virtual, HideBySig	0x1007e26cc	0x94991036	0x102e267a4	0x102e267a4	mapped	0x102e267a4
Microsoft.iOS	1614	0x0600064f	CoreFoundation.NativeObject	Retain	0x2050	NoInlining	FamORAssem, Virtual, HideBySig, VtableLayoutMask	0x1007e26d0	0x9499105f	0x102e2684c	0x102e2684c	mapped	0x102e2684c
Microsoft.iOS	1615	0x06000650	CoreFoundation.NativeObject	Release	0x2050	NoInlining	FamORAssem, Virtual, HideBySig, VtableLayoutMask	0x1007e26d4	0x9499106d	0x102e26888	0x102e26888	mapped	0x102e26888
Microsoft.iOS	1616	0x06000651	CoreAnimation.CALayer	MarkDirtyIfDerived	0x2050	NoInlining	Private, HideBySig	0x1007e26d8	0x9499107b	0x102e268c4	0x102e268c4	mapped	0x102e268c4
Microsoft.iOS	1617	0x06000652	CoreAnimation.CALayer	SetCALayerDelegate	0x2050	NoInlining	Private, HideBySig	0x1007e26dc	0x949910a9	0x102e26980	0x102e26980	mapped	0x102e26980
Microsoft.iOS	1618	0x06000653	CoreAnimation.CALayer	OnDispose	0x2050	NoInlining	Private, HideBySig	0x1007e26e0	0x949910f8	0x102e26ac0	0x102e26ac0	mapped	0x102e26ac0
Microsoft.iOS	1619	0x06000654	CoreAnimation.CALayer	get_ClassHandle	0x2050	NoInlining	Public, Virtual, HideBySig, SpecialName	0x1007e26e4	0x9499112b	0x102e26b90	0x102e26b90	mapped	0x102e26b90
Microsoft.iOS	1620	0x06000655	CoreAnimation.CALayer	.ctor	0x2050	NoInlining	FamORAssem, HideBySig, SpecialName, RTSpecialName	0x1007e26e8	0x9499113b	0x102e26bd4	0x102e26bd4	mapped	0x102e26bd4
Microsoft.iOS	1621	0x06000656	CoreAnimation.CALayer	get_Bounds	0x2050	NoInlining	Public, Final, Virtual, HideBySig, VtableLayoutMask, SpecialName	0x1007e26ec	0x94991157	0x102e26c48	0x102e26c48	mapped	0x102e26c48
Microsoft.iOS	1622	0x06000657	CoreAnimation.CALayer	get_ContentsScale	0x2050	NoInlining	Public, Final, Virtual, HideBySig, VtableLayoutMask, SpecialName	0x1007e26f0	0x9499116c	0x102e26ca0	0x102e26ca0	mapped	0x102e26ca0
Microsoft.iOS	1623	0x06000658	CoreAnimation.CALayer	set_ContentsScale	0x2050	NoInlining	Public, Final, Virtual, HideBySig, VtableLayoutMask, SpecialName	0x1007e26f4	0x94991181	0x102e26cf8	0x102e26cf8	mapped	0x102e26cf8
Microsoft.iOS	1624	0x06000659	CoreAnimation.CALayer	set_WeakDelegate	0x2050	NoInlining	Public, Final, Virtual, HideBySig, VtableLayoutMask, SpecialName	0x1007e26f8	0x9499119a	0x102e26d60	0x102e26d60	mapped	0x102e26d60
Microsoft.iOS	1625	0x0600065a	CoreAnimation.CALayer	Dispose	0x2050	NoInlining	Family, Final, Virtual, HideBySig	0x1007e26fc	0x949911d2	0x102e26e44	0x102e26e44	mapped	0x102e26e44
Microsoft.iOS	1626	0x0600065b	CoreAnimation.CALayer	.cctor	0x2050	NoInlining	Private, Static, HideBySig, SpecialName, RTSpecialName	0x1007e2700	0x949911eb	0x102e26eac	0x102e26eac	mapped	0x102e26eac
Microsoft.iOS	1627	0x0600065c	CoreAnimation.CADisplayLink	get_ClassHandle	0x2050	NoInlining	Public, Final, Virtual, HideBySig, SpecialName	0x1007e2704	0x94991204	0x102e26f14	0x102e26f14	mapped	0x102e26f14
Microsoft.iOS	1628	0x0600065d	CoreAnimation.CADisplayLink	.ctor	0x2050	NoInlining	FamORAssem, HideBySig, SpecialName, RTSpecialName	0x1007e2708	0x94991214	0x102e26f58	0x102e26f58	mapped	0x102e26f58
Microsoft.iOS	1629	0x0600065e	CoreAnimation.CADisplayLink	AddToRunLoop	0x2050	NoInlining	Public, HideBySig	0x1007e270c	0x9499122e	0x102e26fc4	0x102e26fc4	mapped	0x102e26fc4
Microsoft.iOS	1630	0x0600065f	CoreAnimation.CADisplayLink	AddToRunLoop	0x2050	NoInlining	Public, HideBySig	0x1007e2710	0x9499125d	0x102e27084	0x102e27084	mapped	0x102e27084
Microsoft.iOS	1631	0x06000660	CoreAnimation.CADisplayLink	RemoveFromRunLoop	0x2050	NoInlining	Public, HideBySig	0x1007e2714	0x94991278	0x102e270f4	0x102e270f4	mapped	0x102e270f4
Microsoft.iOS	1632	0x06000661	CoreAnimation.CADisplayLink	RemoveFromRunLoop	0x2050	NoInlining	Public, HideBySig	0x1007e2718	0x949912a7	0x102e271b4	0x102e271b4	mapped	0x102e271b4
Microsoft.iOS	1633	0x06000662	CoreAnimation.CADisplayLink	set_FrameInterval	0x2050	NoInlining	Public, HideBySig, SpecialName	0x1007e271c	0x949912c2	0x102e27224	0x102e27224	mapped	0x102e27224
Microsoft.iOS	1634	0x06000663	CoreAnimation.CADisplayLink	.cctor	0x2050	NoInlining	Private, Static, HideBySig, SpecialName, RTSpecialName	0x1007e2720	0x949912d9	0x102e27284	0x102e27284	mapped	0x102e27284
Microsoft.iOS	1635	0x06000664	CoreAnimation.CALayerDelegate	SetCALayer	0x2050	NoInlining	Assembly, HideBySig	0x1007e2724	0x949912f2	0x102e272ec	0x102e272ec	mapped	0x102e272ec
Microsoft.iOS	1636	0x06000665	CoreAnimation.CALayerDelegate	Dispose	0x2050	NoInlining	Family, Final, Virtual, HideBySig	0x1007e2728	0x94991306	0x102e27340	0x102e27340	mapped	0x102e27340
Microsoft.iOS	1637	0x06000666	CoreAnimation.CALayerDelegate	.ctor	0x2050	NoInlining	FamORAssem, HideBySig, SpecialName, RTSpecialName	0x1007e272c	0x94991321	0x102e273b0	0x102e273b0	mapped	0x102e273b0
Microsoft.iOS	1638	0x06000667	CoreAnimation.CAEAGLLayer	get_ClassHandle	0x2050	NoInlining	Public, Final, Virtual, HideBySig, SpecialName	0x1007e2730	0x94991335	0x102e27404	0x102e27404	mapped	0x102e27404
Microsoft.iOS	1639	0x06000668	CoreAnimation.CAEAGLLayer	.ctor	0x2050	NoInlining	FamORAssem, HideBySig, SpecialName, RTSpecialName	0x1007e2734	0x94991345	0x102e27448	0x102e27448	mapped	0x102e27448
Microsoft.iOS	1640	0x06000669	CoreAnimation.CAEAGLLayer	set_DrawableProperties	0x2050	NoInlining	Public, HideBySig, SpecialName	0x1007e2738	0x9499135f	0x102e274b4	0x102e274b4	mapped	0x102e274b4
Microsoft.iOS	1641	0x0600066a	CoreAnimation.CAEAGLLayer	.cctor	0x2050	NoInlining	Private, Static, HideBySig, SpecialName, RTSpecialName	0x1007e273c	0x94991378	0x102e2751c	0x102e2751c	mapped	0x102e2751c
Microsoft.iOS	1642	0x0600066b	Contacts.CNContact	get_ClassHandle	0x2050	NoInlining	Public, Final, Virtual, HideBySig, SpecialName	0x1007e2740	0x94991391	0x102e27584	0x102e27584	mapped	0x102e27584
Microsoft.iOS	1643	0x0600066c	Contacts.CNContact	.ctor	0x2050	NoInlining	FamORAssem, HideBySig, SpecialName, RTSpecialName	0x1007e2744	0x949913a1	0x102e275c8	0x102e275c8	mapped	0x102e275c8
Microsoft.iOS	1644	0x0600066d	Contacts.CNContact	.cctor	0x2050	NoInlining	Private, Static, HideBySig, SpecialName, RTSpecialName	0x1007e2748	0x949913bb	0x102e27634	0x102e27634	mapped	0x102e27634
Microsoft.iOS	1645	0x0600066e	Contacts.CNContactProperty	get_ClassHandle	0x2050	NoInlining	Public, Final, Virtual, HideBySig, SpecialName	0x1007e274c	0x949913d4	0x102e2769c	0x102e2769c	mapped	0x102e2769c
Microsoft.iOS	1646	0x0600066f	Contacts.CNContactProperty	.ctor	0x2050	NoInlining	FamORAssem, HideBySig, SpecialName, RTSpecialName	0x1007e2750	0x949913e4	0x102e276e0	0x102e276e0	mapped	0x102e276e0
Microsoft.iOS	1647	0x06000670	Contacts.CNContactProperty	.cctor	0x2050	NoInlining	Private, Static, HideBySig, SpecialName, RTSpecialName	0x1007e2754	0x949913fe	0x102e2774c	0x102e2774c	mapped	0x102e2774c
Microsoft.iOS	1648	0x06000671	System.Net.Http.NSUrlSessionHandlerTrustOverrideForUrlCallback	.ctor	0x0	11	Public, HideBySig, SpecialName, RTSpecialName	0x1007e2758	0x97fff990	0x1007e0d98		absent	0x1007e0d98
Microsoft.iOS	1649	0x06000672	System.Net.Http.NSUrlSessionHandlerTrustOverrideForUrlCallback	Invoke	0x0	11	Public, Virtual, HideBySig, VtableLayoutMask	0x1007e275c	0x97fff98f	0x1007e0d98		absent	0x1007e0d98
Microsoft.iOS	1650	0x06000673	System.Net.Http.NSHttpCookieExtensions	AppendSegment	0x2050	NoInlining	Private, Static, HideBySig	0x1007e2760	0x94991415	0x102e277b4	0x102e277b4	mapped	0x102e277b4
Microsoft.iOS	1651	0x06000674	System.Net.Http.NSHttpCookieExtensions	GetHeaderValue	0x2050	NoInlining	Public, Static, HideBySig	0x1007e2764	0x9499144b	0x102e27890	0x102e27890	mapped	0x102e27890
Microsoft.iOS	1652	0x06000675	System.Net.Http.NSUrlSessionHandler	CreateConfig	0x2050	NoInlining	Private, Static, HideBySig	0x1007e2768	0x94991582	0x102e27d70	0x102e27d70	mapped	0x102e27d70
Microsoft.iOS	1653	0x06000676	System.Net.Http.NSUrlSessionHandler	.ctor	0x2050	NoInlining	Public, HideBySig, SpecialName, RTSpecialName	0x1007e276c	0x94991599	0x102e27dd0	0x102e27dd0	mapped	0x102e27dd0
Microsoft.iOS	1654	0x06000677	System.Net.Http.NSUrlSessionHandler	.ctor	0x2050	NoInlining	Public, HideBySig, SpecialName, RTSpecialName	0x1007e2770	0x949915b3	0x102e27e3c	0x102e27e3c	mapped	0x102e27e3c
Microsoft.iOS	1655	0x06000678	System.Net.Http.NSUrlSessionHandler	AddNotification	0x2050	NoInlining	Private, HideBySig	0x1007e2774	0x94991668	0x102e28114	0x102e28114	mapped	0x102e28114
Microsoft.iOS	1656	0x06000679	System.Net.Http.NSUrlSessionHandler	RemoveNotification	0x2050	NoInlining	Private, HideBySig	0x1007e2778	0x949916d3	0x102e282c4	0x102e282c4	mapped	0x102e282c4
Microsoft.iOS	1657	0x0600067a	System.Net.Http.NSUrlSessionHandler	BackgroundNotificationCb	0x2050	NoInlining	Private, HideBySig	0x1007e277c	0x97ff7a75	0x1007c1150	0x1007c1150	mapped	0x1007c1150
Microsoft.iOS	1658	0x0600067b	System.Net.Http.NSUrlSessionHandler	get_MaxInputInMemory	0x2050	NoInlining	Public, HideBySig, SpecialName	0x1007e2780	0x9499170d	0x102e283b4	0x102e283b4	mapped	0x102e283b4
Microsoft.iOS	1659	0x0600067c	System.Net.Http.NSUrlSessionHandler	RemoveInflightData	0x2050	NoInlining	Private, HideBySig	0x1007e2784	0x94991715	0x102e283d8	0x102e283d8	mapped	0x102e283d8
Microsoft.iOS	1660	0x0600067d	System.Net.Http.NSUrlSessionHandler	Dispose	0x2050	NoInlining	Family, Final, Virtual, HideBySig	0x1007e2788	0x97ff7b52	0x1007c14d0	0x1007c14d0	mapped	0x1007c14d0
Microsoft.iOS	1661	0x0600067e	System.Net.Http.NSUrlSessionHandler	get_DisableCaching	0x2050	NoInlining	Public, HideBySig, SpecialName	0x1007e278c	0x94991785	0x102e285a0	0x102e285a0	mapped	0x102e285a0
Microsoft.iOS	1662	0x0600067f	System.Net.Http.NSUrlSessionHandler	get_AllowAutoRedirect	0x2050	NoInlining	Public, HideBySig, SpecialName	0x1007e2790	0x9499178d	0x102e285c4	0x102e285c4	mapped	0x102e285c4
Microsoft.iOS	1663	0x06000680	System.Net.Http.NSUrlSessionHandler	set_AllowAutoRedirect	0x2050	NoInlining	Public, HideBySig, SpecialName	0x1007e2794	0x94991795	0x102e285e8	0x102e285e8	mapped	0x102e285e8
Microsoft.iOS	1664	0x06000681	System.Net.Http.NSUrlSessionHandler	get_Credentials	0x2050	NoInlining	Public, HideBySig, SpecialName	0x1007e2798	0x949917a9	0x102e2863c	0x102e2863c	mapped	0x102e2863c
Microsoft.iOS	1665	0x06000682	System.Net.Http.NSUrlSessionHandler	set_Credentials	0x2050	NoInlining	Public, HideBySig, SpecialName	0x1007e279c	0x949917b1	0x102e28660	0x102e28660	mapped	0x102e28660
Microsoft.iOS	1666	0x06000683	System.Net.Http.NSUrlSessionHandler	get_TrustOverrideForUrl	0x2050	NoInlining	Public, HideBySig, SpecialName	0x1007e27a0	0x949917cc	0x102e286d0	0x102e286d0	mapped	0x102e286d0
Microsoft.iOS	1667	0x06000684	System.Net.Http.NSUrlSessionHandler	EnsureModifiability	0x2050	NoInlining	Assembly, HideBySig	0x1007e27a4	0x949917d4	0x102e286f4	0x102e286f4	mapped	0x102e286f4
Microsoft.iOS	1668	0x06000685	System.Net.Http.NSUrlSessionHandler	createExceptionForNSError	0x2050	NoInlining	Private, Static, HideBySig	0x1007e27a8	0x949917f1	0x102e2876c	0x102e2876c	mapped	0x102e2876c
Microsoft.iOS	1669	0x06000686	System.Net.Http.NSUrlSessionHandler	GetHeaderSeparator	0x2050	NoInlining	Private, HideBySig	0x1007e27ac	0x94991892	0x102e289f4	0x102e289f4	mapped	0x102e289f4
Microsoft.iOS	1670	0x06000687	System.Net.Http.NSUrlSessionHandler	AddManagedHeaders	0x2050	NoInlining	Private, HideBySig	0x1007e27b0	0x949918c1	0x102e28ab4	0x102e28ab4	mapped	0x102e28ab4
Microsoft.iOS	1671	0x06000688	System.Net.Http.NSUrlSessionHandler	CreateRequest	0x2050	NoInlining	Private, HideBySig	0x1007e27b4	0x94991939	0x102e28c98	0x102e28c98	mapped	0x102e28c98
Microsoft.iOS	1672	0x06000689	System.Net.Http.NSUrlSessionHandler	SendAsync	0x2050	NoInlining	Family, Final, Virtual, HideBySig	0x1007e27b8	0x94991978	0x102e28d98	0x102e28d98	mapped	0x102e28d98
Microsoft.iOS	1673	0x0600068a	System.Net.Http.NSUrlSessionHandler	set_Proxy	0x2050	NoInlining	Public, HideBySig, SpecialName	0x1007e27bc	0x949919bb	0x102e28ea8	0x102e28ea8	mapped	0x102e28ea8
Microsoft.iOS	1674	0x0600068b	System.Net.Http.NSUrlSessionHandler	TryInvokeServerCertificateCustomValidationCallback	0x2050	NoInlining	Assembly, HideBySig	0x1007e27c0	0x949919cc	0x102e28ef0	0x102e28ef0	mapped	0x102e28ef0
Microsoft.iOS	1675	0x0600068c	System.Net.Http.NSUrlSessionHandler+ServerCertificateCustomValidationCallbackHelper	Invoke	0x2050	NoInlining	Public, HideBySig	0x1007e27c4	0x949919e6	0x102e28f5c	0x102e28f5c	mapped	0x102e28f5c
Microsoft.iOS	1676	0x0600068d	System.Net.Http.NSUrlSessionHandler+NSUrlSessionHandlerDelegate	.ctor	0x2050	NoInlining	Public, HideBySig, SpecialName, RTSpecialName	0x1007e27c8	0x949919f7	0x102e28fa4	0x102e28fa4	mapped	0x102e28fa4
Microsoft.iOS	1677	0x0600068e	System.Net.Http.NSUrlSessionHandler+NSUrlSessionHandlerDelegate	GetInflightData	0x2050	NoInlining	Private, HideBySig	0x1007e27cc	0x94991a1d	0x102e29040	0x102e29040	mapped	0x102e29040
Microsoft.iOS	1678	0x0600068f	System.Net.Http.NSUrlSessionHandler+NSUrlSessionHandlerDelegate	UpdateManagedCookieContainer	0x2050	NoInlining	Private, HideBySig	0x1007e27d0	0x94991aa5	0x102e29264	0x102e29264	mapped	0x102e29264
Microsoft.iOS	1679	0x06000690	System.Net.Http.NSUrlSessionHandler+NSUrlSessionHandlerDelegate	DidReceiveResponse	0x2050	NoInlining	Public, Final, Virtual, HideBySig	0x1007e27d4	0x94991b26	0x102e2946c	0x102e2946c	mapped	0x102e2946c
Microsoft.iOS	1680	0x06000691	System.Net.Http.NSUrlSessionHandler+NSUrlSessionHandlerDelegate	DidReceiveResponseImpl	0x2050	NoInlining	Private, HideBySig	0x1007e27d8	0x97ff7bbe	0x1007c16d0	0x1007c16d0	mapped	0x1007c16d0
Microsoft.iOS	1681	0x06000692	System.Net.Http.NSUrlSessionHandler+NSUrlSessionHandlerDelegate	DidReceiveData	0x2050	NoInlining	Public, Final, Virtual, HideBySig	0x1007e27dc	0x94991b4f	0x102e29518	0x102e29518	mapped	0x102e29518
Microsoft.iOS	1682	0x06000693	System.Net.Http.NSUrlSessionHandler+NSUrlSessionHandlerDelegate	DidCompleteWithError	0x2050	NoInlining	Public, Final, Virtual, HideBySig	0x1007e27e0	0x94991b6e	0x102e29598	0x102e29598	mapped	0x102e29598
Microsoft.iOS	1683	0x06000694	System.Net.Http.NSUrlSessionHandler+NSUrlSessionHandlerDelegate	SetResponse	0x2050	NoInlining	Private, HideBySig	0x1007e27e4	0x94991bd2	0x102e2972c	0x102e2972c	mapped	0x102e2972c
Microsoft.iOS	1684	0x06000695	System.Net.Http.NSUrlSessionHandler+NSUrlSessionHandlerDelegate	WillCacheResponse	0x2050	NoInlining	Public, Final, Virtual, HideBySig	0x1007e27e8	0x94991c4e	0x102e29920	0x102e29920	mapped	0x102e29920
Microsoft.iOS	1685	0x06000696	System.Net.Http.NSUrlSessionHandler+NSUrlSessionHandlerDelegate	WillCacheResponseImpl	0x2050	NoInlining	Private, HideBySig	0x1007e27ec	0x94991c74	0x102e299bc	0x102e299bc	mapped	0x102e299bc
Microsoft.iOS	1686	0x06000697	System.Net.Http.NSUrlSessionHandler+NSUrlSessionHandlerDelegate	WillPerformHttpRedirection	0x2050	NoInlining	Public, Final, Virtual, HideBySig	0x1007e27f0	0x94991cc9	0x102e29b14	0x102e29b14	mapped	0x102e29b14
Microsoft.iOS	1687	0x06000698	System.Net.Http.NSUrlSessionHandler+NSUrlSessionHandlerDelegate	DidReceiveChallenge	0x2050	NoInlining	Public, Final, Virtual, HideBySig	0x1007e27f4	0x94991ced	0x102e29ba8	0x102e29ba8	mapped	0x102e29ba8
Microsoft.iOS	1688	0x06000699	System.Net.Http.NSUrlSessionHandler+NSUrlSessionHandlerDelegate	DidReceiveChallengeImpl	0x2050	NoInlining	Private, HideBySig	0x1007e27f8	0x94991d14	0x102e29c48	0x102e29c48	mapped	0x102e29c48
Microsoft.iOS	1689	0x0600069a	System.Net.Http.NSUrlSessionHandler+NSUrlSessionHandlerDelegate	TryGetAuthenticationType	0x2050	NoInlining	Private, Static, HideBySig	0x1007e27fc	0x94991e4c	0x102e2a12c	0x102e2a12c	mapped	0x102e2a12c
Microsoft.iOS	1690	0x0600069b	System.Net.Http.NSUrlSessionHandler+NSUrlSessionHandlerDelegate	.cctor	0x2050	NoInlining	Private, Static, HideBySig, SpecialName, RTSpecialName	0x1007e2800	0x94991ec8	0x102e2a320	0x102e2a320	mapped	0x102e2a320
Microsoft.iOS	1691	0x0600069c	System.Net.Http.NSUrlSessionHandler+NSUrlSessionHandlerDelegate+<>c	.cctor	0x2050	NoInlining	Private, Static, HideBySig, SpecialName, RTSpecialName	0x1007e2804	0x94991edb	0x102e2a370	0x102e2a370	mapped	0x102e2a370
Microsoft.iOS	1692	0x0600069d	System.Net.Http.NSUrlSessionHandler+NSUrlSessionHandlerDelegate+<>c	.ctor	0x2050	NoInlining	Public, HideBySig, SpecialName, RTSpecialName	0x1007e2808	0x94991ef6	0x102e2a3e0	0x102e2a3e0	mapped	0x102e2a3e0
Microsoft.iOS	1693	0x0600069e	System.Net.Http.NSUrlSessionHandler+NSUrlSessionHandlerDelegate+<>c	<UpdateManagedCookieContainer>b__3_0	0x2050	NoInlining	Assembly, HideBySig	0x1007e280c	0x94991f03	0x102e2a418	0x102e2a418	mapped	0x102e2a418
Microsoft.iOS	1694	0x0600069f	System.Net.Http.NSUrlSessionHandler+NSUrlSessionHandlerDelegate+<>c__DisplayClass5_0	.ctor	0x2050	NoInlining	Public, HideBySig, SpecialName, RTSpecialName	0x1007e2810	0x94991f10	0x102e2a450	0x102e2a450	mapped	0x102e2a450
Microsoft.iOS	1695	0x060006a0	System.Net.Http.NSUrlSessionHandler+NSUrlSessionHandlerDelegate+<>c__DisplayClass5_0	<DidReceiveResponseImpl>b__0	0x2050	NoInlining	Assembly, HideBySig	0x1007e2814	0x94991f10	0x102e2a454	0x102e2a454	mapped	0x102e2a454
Microsoft.iOS	1696	0x060006a1	System.Net.Http.NSUrlSessionHandler+InflightData	get_RequestUrl	0x2050	NoInlining	Public, HideBySig, SpecialName	0x1007e2818	0x94991f69	0x102e2a5bc	0x102e2a5bc	mapped	0x102e2a5bc
Microsoft.iOS	1697	0x060006a2	System.Net.Http.NSUrlSessionHandler+InflightData	set_RequestUrl	0x2050	NoInlining	Public, HideBySig, SpecialName	0x1007e281c	0x94991f71	0x102e2a5e0	0x102e2a5e0	mapped	0x102e2a5e0
Microsoft.iOS	1698	0x060006a3	System.Net.Http.NSUrlSessionHandler+InflightData	get_CompletionSource	0x2050	NoInlining	Public, HideBySig, SpecialName	0x1007e2820	0x94991f80	0x102e2a620	0x102e2a620	mapped	0x102e2a620
Microsoft.iOS	1699	0x060006a4	System.Net.Http.NSUrlSessionHandler+InflightData	get_CancellationToken	0x2050	NoInlining	Public, HideBySig, SpecialName	0x1007e2824	0x94991f88	0x102e2a644	0x102e2a644	mapped	0x102e2a644
Microsoft.iOS	1700	0x060006a5	System.Net.Http.NSUrlSessionHandler+InflightData	set_CancellationToken	0x2050	NoInlining	Public, HideBySig, SpecialName	0x1007e2828	0x94991f90	0x102e2a668	0x102e2a668	mapped	0x102e2a668
Microsoft.iOS	1701	0x060006a6	System.Net.Http.NSUrlSessionHandler+InflightData	get_CancellationTokenSource	0x2050	NoInlining	Public, HideBySig, SpecialName	0x1007e282c	0x94991f9f	0x102e2a6a8	0x102e2a6a8	mapped	0x102e2a6a8
Microsoft.iOS	1702	0x060006a7	System.Net.Http.NSUrlSessionHandler+InflightData	get_Stream	0x2050	NoInlining	Public, HideBySig, SpecialName	0x1007e2830	0x94991fa7	0x102e2a6cc	0x102e2a6cc	mapped	0x102e2a6cc
Microsoft.iOS	1703	0x060006a8	System.Net.Http.NSUrlSessionHandler+InflightData	get_Request	0x2050	NoInlining	Public, HideBySig, SpecialName	0x1007e2834	0x94991faf	0x102e2a6f0	0x102e2a6f0	mapped	0x102e2a6f0
Microsoft.iOS	1704	0x060006a9	System.Net.Http.NSUrlSessionHandler+InflightData	set_Request	0x2050	NoInlining	Public, HideBySig, SpecialName	0x1007e2838	0x94991fb7	0x102e2a714	0x102e2a714	mapped	0x102e2a714
Microsoft.iOS	1705	0x060006aa	System.Net.Http.NSUrlSessionHandler+InflightData	get_Response	0x2050	NoInlining	Public, HideBySig, SpecialName	0x1007e283c	0x94991fc6	0x102e2a754	0x102e2a754	mapped	0x102e2a754
Microsoft.iOS	1706	0x060006ab	System.Net.Http.NSUrlSessionHandler+InflightData	set_Response	0x2050	NoInlining	Public, HideBySig, SpecialName	0x1007e2840	0x94991fce	0x102e2a778	0x102e2a778	mapped	0x102e2a778
Microsoft.iOS	1707	0x060006ac	System.Net.Http.NSUrlSessionHandler+InflightData	get_Exception	0x2050	NoInlining	Public, HideBySig, SpecialName	0x1007e2844	0x94991fdd	0x102e2a7b8	0x102e2a7b8	mapped	0x102e2a7b8
Microsoft.iOS	1708	0x060006ad	System.Net.Http.NSUrlSessionHandler+InflightData	set_Exception	0x2050	NoInlining	Public, HideBySig, SpecialName	0x1007e2848	0x94991fe5	0x102e2a7dc	0x102e2a7dc	mapped	0x102e2a7dc
Microsoft.iOS	1709	0x060006ae	System.Net.Http.NSUrlSessionHandler+InflightData	get_ResponseSent	0x2050	NoInlining	Public, HideBySig, SpecialName	0x1007e284c	0x94991ff4	0x102e2a81c	0x102e2a81c	mapped	0x102e2a81c
Microsoft.iOS	1710	0x060006af	System.Net.Http.NSUrlSessionHandler+InflightData	set_ResponseSent	0x2050	NoInlining	Public, HideBySig, SpecialName	0x1007e2850	0x94991ffc	0x102e2a840	0x102e2a840	mapped	0x102e2a840
Microsoft.iOS	1711	0x060006b0	System.Net.Http.NSUrlSessionHandler+InflightData	set_Errored	0x2050	NoInlining	Public, HideBySig, SpecialName	0x1007e2854	0x94992004	0x102e2a864	0x102e2a864	mapped	0x102e2a864
Microsoft.iOS	1712	0x060006b1	System.Net.Http.NSUrlSessionHandler+InflightData	set_Disposed	0x2050	NoInlining	Public, HideBySig, SpecialName	0x1007e2858	0x9499200c	0x102e2a888	0x102e2a888	mapped	0x102e2a888
Microsoft.iOS	1713	0x060006b2	System.Net.Http.NSUrlSessionHandler+InflightData	get_Completed	0x2050	NoInlining	Public, HideBySig, SpecialName	0x1007e285c	0x94992014	0x102e2a8ac	0x102e2a8ac	mapped	0x102e2a8ac
Microsoft.iOS	1714	0x060006b3	System.Net.Http.NSUrlSessionHandler+InflightData	set_Completed	0x2050	NoInlining	Public, HideBySig, SpecialName	0x1007e2860	0x9499201c	0x102e2a8d0	0x102e2a8d0	mapped	0x102e2a8d0
Microsoft.iOS	1715	0x060006b4	System.Net.Http.NSUrlSessionHandler+InflightData	.ctor	0x2050	NoInlining	Public, HideBySig, SpecialName, RTSpecialName	0x1007e2864	0x94992024	0x102e2a8f4	0x102e2a8f4	mapped	0x102e2a8f4
Microsoft.iOS	1716	0x060006b5	System.Net.Http.NSUrlSessionHandler+NSUrlSessionDataTaskStreamContent	.ctor	0x2050	NoInlining	Public, HideBySig, SpecialName, RTSpecialName	0x1007e2868	0x949920a3	0x102e2aaf4	0x102e2aaf4	mapped	0x102e2aaf4
Microsoft.iOS	1717	0x060006b6	System.Net.Http.NSUrlSessionHandler+NSUrlSessionDataTaskStreamContent	Dispose	0x2050	NoInlining	Family, Final, Virtual, HideBySig	0x1007e286c	0x949920c4	0x102e2ab7c	0x102e2ab7c	mapped	0x102e2ab7c
Microsoft.iOS	1718	0x060006b7	System.Net.Http.NSUrlSessionHandler+MonoStreamContent	.ctor	0x2050	NoInlining	Public, HideBySig, SpecialName, RTSpecialName	0x1007e2870	0x949920ec	0x102e2ac20	0x102e2ac20	mapped	0x102e2ac20
Microsoft.iOS	1719	0x060006b8	System.Net.Http.NSUrlSessionHandler+MonoStreamContent	.ctor	0x2050	NoInlining	Public, HideBySig, SpecialName, RTSpecialName	0x1007e2874	0x949920fc	0x102e2ac64	0x102e2ac64	mapped	0x102e2ac64
Microsoft.iOS	1720	0x060006b9	System.Net.Http.NSUrlSessionHandler+MonoStreamContent	.ctor	0x2050	NoInlining	Assembly, HideBySig, SpecialName, RTSpecialName	0x1007e2878	0x9499215d	0x102e2adec	0x102e2adec	mapped	0x102e2adec
Microsoft.iOS	1721	0x060006ba	System.Net.Http.NSUrlSessionHandler+MonoStreamContent	CreateContentReadStreamAsync	0x2050	NoInlining	Family, Final, Virtual, HideBySig	0x1007e287c	0x9499217d	0x102e2ae70	0x102e2ae70	mapped	0x102e2ae70
Microsoft.iOS	1722	0x060006bb	System.Net.Http.NSUrlSessionHandler+MonoStreamContent	Dispose	0x2050	NoInlining	Family, Virtual, HideBySig	0x1007e2880	0x9499219d	0x102e2aef4	0x102e2aef4	mapped	0x102e2aef4
Microsoft.iOS	1723	0x060006bc	System.Net.Http.NSUrlSessionHandler+MonoStreamContent	SerializeToStreamAsync	0x2050	NoInlining	Family, Final, Virtual, HideBySig	0x1007e2884	0x949921bb	0x102e2af70	0x102e2af70	mapped	0x102e2af70
Microsoft.iOS	1724	0x060006bd	System.Net.Http.NSUrlSessionHandler+MonoStreamContent	TryComputeLength	0x2050	NoInlining	Family, Final, Virtual, HideBySig	0x1007e2888	0x949921f8	0x102e2b068	0x102e2b068	mapped	0x102e2b068
Microsoft.iOS	1725	0x060006be	System.Net.Http.NSUrlSessionHandler+NSUrlSessionDataTaskStream	.ctor	0x2050	NoInlining	Public, HideBySig, SpecialName, RTSpecialName	0x1007e288c	0x94992229	0x102e2b130	0x102e2b130	mapped	0x102e2b130
Microsoft.iOS	1726	0x060006bf	System.Net.Http.NSUrlSessionHandler+NSUrlSessionDataTaskStream	Add	0x2050	NoInlining	Public, HideBySig	0x1007e2890	0x94992269	0x102e2b234	0x102e2b234	mapped	0x102e2b234
Microsoft.iOS	1727	0x060006c0	System.Net.Http.NSUrlSessionHandler+NSUrlSessionDataTaskStream	TrySetReceivedAllData	0x2050	NoInlining	Public, HideBySig	0x1007e2894	0x949922b6	0x102e2b36c	0x102e2b36c	mapped	0x102e2b36c
Microsoft.iOS	1728	0x060006c1	System.Net.Http.NSUrlSessionHandler+NSUrlSessionDataTaskStream	TrySetException	0x2050	NoInlining	Public, HideBySig	0x1007e2898	0x949922c0	0x102e2b398	0x102e2b398	mapped	0x102e2b398
Microsoft.iOS	1729	0x060006c2	System.Net.Http.NSUrlSessionHandler+NSUrlSessionDataTaskStream	ThrowIfNeeded	0x2050	NoInlining	Private, HideBySig	0x1007e289c	0x949922d0	0x102e2b3dc	0x102e2b3dc	mapped	0x102e2b3dc
Microsoft.iOS	1730	0x060006c3	System.Net.Http.NSUrlSessionHandler+NSUrlSessionDataTaskStream	Read	0x2050	NoInlining	Public, Final, Virtual, HideBySig	0x1007e28a0	0x949922ea	0x102e2b448	0x102e2b448	mapped	0x102e2b448
Microsoft.iOS	1731	0x060006c4	System.Net.Http.NSUrlSessionHandler+NSUrlSessionDataTaskStream	ReadAsync	0x2050	NoInlining	Public, Final, Virtual, HideBySig	0x1007e28a4	0x94992313	0x102e2b4f0	0x102e2b4f0	mapped	0x102e2b4f0
Microsoft.iOS	1732	0x060006c5	System.Net.Http.NSUrlSessionHandler+NSUrlSessionDataTaskStream	get_CanRead	0x2050	NoInlining	Public, Final, Virtual, HideBySig, SpecialName	0x1007e28a8	0x9499235c	0x102e2b618	0x102e2b618	mapped	0x102e2b618
Microsoft.iOS	1733	0x060006c6	System.Net.Http.NSUrlSessionHandler+NSUrlSessionDataTaskStream	get_CanSeek	0x2050	NoInlining	Public, Final, Virtual, HideBySig, SpecialName	0x1007e28ac	0x9499235d	0x102e2b620	0x102e2b620	mapped	0x102e2b620
Microsoft.iOS	1734	0x060006c7	System.Net.Http.NSUrlSessionHandler+NSUrlSessionDataTaskStream	get_CanWrite	0x2050	NoInlining	Public, Final, Virtual, HideBySig, SpecialName	0x1007e28b0	0x9499235e	0x102e2b628	0x102e2b628	mapped	0x102e2b628
Microsoft.iOS	1735	0x060006c8	System.Net.Http.NSUrlSessionHandler+NSUrlSessionDataTaskStream	get_CanTimeout	0x2050	NoInlining	Public, Final, Virtual, HideBySig, SpecialName	0x1007e28b4	0x9499235f	0x102e2b630	0x102e2b630	mapped	0x102e2b630
Microsoft.iOS	1736	0x060006c9	System.Net.Http.NSUrlSessionHandler+NSUrlSessionDataTaskStream	get_Length	0x2050	NoInlining	Public, Final, Virtual, HideBySig, SpecialName	0x1007e28b8	0x94992360	0x102e2b638	0x102e2b638	mapped	0x102e2b638
Microsoft.iOS	1737	0x060006ca	System.Net.Http.NSUrlSessionHandler+NSUrlSessionDataTaskStream	SetLength	0x2050	NoInlining	Public, Final, Virtual, HideBySig	0x1007e28bc	0x94992368	0x102e2b65c	0x102e2b65c	mapped	0x102e2b65c
Microsoft.iOS	1738	0x060006cb	System.Net.Http.NSUrlSessionHandler+NSUrlSessionDataTaskStream	get_Position	0x2050	NoInlining	Public, Final, Virtual, HideBySig, SpecialName	0x1007e28c0	0x94992372	0x102e2b688	0x102e2b688	mapped	0x102e2b688
Microsoft.iOS	1739	0x060006cc	System.Net.Http.NSUrlSessionHandler+NSUrlSessionDataTaskStream	set_Position	0x2050	NoInlining	Public, Final, Virtual, HideBySig, SpecialName	0x1007e28c4	0x9499237a	0x102e2b6ac	0x102e2b6ac	mapped	0x102e2b6ac
Microsoft.iOS	1740	0x060006cd	System.Net.Http.NSUrlSessionHandler+NSUrlSessionDataTaskStream	Seek	0x2050	NoInlining	Public, Final, Virtual, HideBySig	0x1007e28c8	0x94992384	0x102e2b6d8	0x102e2b6d8	mapped	0x102e2b6d8
Microsoft.iOS	1741	0x060006ce	System.Net.Http.NSUrlSessionHandler+NSUrlSessionDataTaskStream	Flush	0x2050	NoInlining	Public, Final, Virtual, HideBySig	0x1007e28cc	0x9499238e	0x102e2b704	0x102e2b704	mapped	0x102e2b704
Microsoft.iOS	1742	0x060006cf	System.Net.Http.NSUrlSessionHandler+NSUrlSessionDataTaskStream	Write	0x2050	NoInlining	Public, Final, Virtual, HideBySig	0x1007e28d0	0x94992398	0x102e2b730	0x102e2b730	mapped	0x102e2b730
Microsoft.iOS	1743	0x060006d0	System.Net.Http.NSUrlSessionHandler+NSUrlSessionDataTaskStream+<ReadAsync>d__14	MoveNext	0x2050	NoInlining	Private, Final, Virtual, HideBySig, VtableLayoutMask	0x1007e28d4	0x97ff7e23	0x1007c2160	0x1007c2160	mapped	0x1007c2160
Microsoft.iOS	1744	0x060006d1	System.Net.Http.NSUrlSessionHandler+NSUrlSessionDataTaskStream+<ReadAsync>d__14	SetStateMachine	0x2050	NoInlining	Private, Final, Virtual, HideBySig, VtableLayoutMask	0x1007e28d8	0x949923a1	0x102e2b75c	0x102e2b75c	mapped	0x102e2b75c
Microsoft.iOS	1745	0x060006d2	System.Net.Http.NSUrlSessionHandler+WrappedNSInputStream	.ctor	0x2050	NoInlining	Public, HideBySig, SpecialName, RTSpecialName	0x1007e28dc	0x949923c3	0x102e2b7e8	0x102e2b7e8	mapped	0x102e2b7e8
Microsoft.iOS	1746	0x060006d3	System.Net.Http.NSUrlSessionHandler+WrappedNSInputStream	get_Status	0x2050	NoInlining	Public, Final, Virtual, HideBySig, SpecialName	0x1007e28e0	0x94992400	0x102e2b8e0	0x102e2b8e0	mapped	0x102e2b8e0
Microsoft.iOS	1747	0x060006d4	System.Net.Http.NSUrlSessionHandler+WrappedNSInputStream	Open	0x2050	NoInlining	Public, Final, Virtual, HideBySig	0x1007e28e4	0x94992408	0x102e2b904	0x102e2b904	mapped	0x102e2b904
Microsoft.iOS	1748	0x060006d5	System.Net.Http.NSUrlSessionHandler+WrappedNSInputStream	Close	0x2050	NoInlining	Public, Final, Virtual, HideBySig	0x1007e28e8	0x94992422	0x102e2b970	0x102e2b970	mapped	0x102e2b970
Microsoft.iOS	1749	0x060006d6	System.Net.Http.NSUrlSessionHandler+WrappedNSInputStream	Read	0x2050	NoInlining	Public, Final, Virtual, HideBySig	0x1007e28ec	0x9499242c	0x102e2b99c	0x102e2b99c	mapped	0x102e2b99c
Microsoft.iOS	1750	0x060006d7	System.Net.Http.NSUrlSessionHandler+WrappedNSInputStream	get_Error	0x2050	NoInlining	Public, Final, Virtual, HideBySig, SpecialName	0x1007e28f0	0x949924ba	0x102e2bbd8	0x102e2bbd8	mapped	0x102e2bbd8
Microsoft.iOS	1751	0x060006d8	System.Net.Http.NSUrlSessionHandler+WrappedNSInputStream	HasBytesAvailable	0x2050	NoInlining	Public, Final, Virtual, HideBySig	0x1007e28f4	0x949924cf	0x102e2bc30	0x102e2bc30	mapped	0x102e2bc30
Microsoft.iOS	1752	0x060006d9	System.Net.Http.NSUrlSessionHandler+WrappedNSInputStream	GetBuffer	0x2050	NoInlining	Family, Final, Virtual, HideBySig	0x1007e28f8	0x949924d0	0x102e2bc38	0x102e2bc38	mapped	0x102e2bc38
Microsoft.iOS	1753	0x060006da	System.Net.Http.NSUrlSessionHandler+WrappedNSInputStream	GetProperty	0x2050	NoInlining	Family, Final, Virtual, HideBySig	0x1007e28fc	0x949924de	0x102e2bc74	0x102e2bc74	mapped	0x102e2bc74
Microsoft.iOS	1754	0x060006db	System.Net.Http.NSUrlSessionHandler+WrappedNSInputStream	SetProperty	0x2050	NoInlining	Family, Final, Virtual, HideBySig	0x1007e2900	0x949924df	0x102e2bc7c	0x102e2bc7c	mapped	0x102e2bc7c
Microsoft.iOS	1755	0x060006dc	System.Net.Http.NSUrlSessionHandler+WrappedNSInputStream	SetCFClientFlags	0x2050	NoInlining	Family, Final, Virtual, HideBySig	0x1007e2904	0x949924e0	0x102e2bc84	0x102e2bc84	mapped	0x102e2bc84
Microsoft.iOS	1756	0x060006dd	System.Net.Http.NSUrlSessionHandler+WrappedNSInputStream	Schedule	0x2050	NoInlining	Public, Final, Virtual, HideBySig	0x1007e2908	0x949924f5	0x102e2bcdc	0x102e2bcdc	mapped	0x102e2bcdc
Microsoft.iOS	1757	0x060006de	System.Net.Http.NSUrlSessionHandler+WrappedNSInputStream	Unschedule	0x2050	NoInlining	Public, Final, Virtual, HideBySig	0x1007e290c	0x94992523	0x102e2bd98	0x102e2bd98	mapped	0x102e2bd98
Microsoft.iOS	1758	0x060006df	System.Net.Http.NSUrlSessionHandler+WrappedNSInputStream	Dispose	0x2050	NoInlining	Family, Final, Virtual, HideBySig	0x1007e2910	0x94992545	0x102e2be24	0x102e2be24	mapped	0x102e2be24
Microsoft.iOS	1759	0x060006e0	System.Net.Http.NSUrlSessionHandler+<>c	.cctor	0x2050	NoInlining	Private, Static, HideBySig, SpecialName, RTSpecialName	0x1007e2914	0x94992559	0x102e2be78	0x102e2be78	mapped	0x102e2be78
Microsoft.iOS	1760	0x060006e1	System.Net.Http.NSUrlSessionHandler+<>c	.ctor	0x2050	NoInlining	Public, HideBySig, SpecialName, RTSpecialName	0x1007e2918	0x94992574	0x102e2bee8	0x102e2bee8	mapped	0x102e2bee8
Microsoft.iOS	1761	0x060006e2	System.Net.Http.NSUrlSessionHandler+<>c	<BackgroundNotificationCb>b__15_0	0x2050	NoInlining	Assembly, HideBySig	0x1007e291c	0x94992581	0x102e2bf20	0x102e2bf20	mapped	0x102e2bf20
Microsoft.iOS	1762	0x060006e3	System.Net.Http.NSUrlSessionHandler+<>c__DisplayClass58_0	.ctor	0x2050	NoInlining	Public, HideBySig, SpecialName, RTSpecialName	0x1007e2920	0x949925a1	0x102e2bfa4	0x102e2bfa4	mapped	0x102e2bfa4
Microsoft.iOS	1763	0x060006e4	System.Net.Http.NSUrlSessionHandler+<>c__DisplayClass58_0	<SendAsync>b__0	0x2050	NoInlining	Assembly, HideBySig	0x1007e2924	0x949925a1	0x102e2bfa8	0x102e2bfa8	mapped	0x102e2bfa8
Microsoft.iOS	1764	0x060006e5	System.Net.Http.NSUrlSessionHandler+<CreateRequest>d__57	MoveNext	0x2050	NoInlining	Private, Final, Virtual, HideBySig, VtableLayoutMask	0x1007e2928	0x949925cc	0x102e2c058	0x102e2c058	mapped	0x102e2c058
Microsoft.iOS	1765	0x060006e6	System.Net.Http.NSUrlSessionHandler+<CreateRequest>d__57	SetStateMachine	0x2050	NoInlining	Private, Final, Virtual, HideBySig, VtableLayoutMask	0x1007e292c	0x94992745	0x102e2c640	0x102e2c640	mapped	0x102e2c640
Microsoft.iOS	1766	0x060006e7	System.Net.Http.NSUrlSessionHandler+<SendAsync>d__58	MoveNext	0x2050	NoInlining	Private, Final, Virtual, HideBySig, VtableLayoutMask	0x1007e2930	0x97ff80b8	0x1007c2c10	0x1007c2c10	mapped	0x1007c2c10
Microsoft.iOS	1767	0x060006e8	System.Net.Http.NSUrlSessionHandler+<SendAsync>d__58	SetStateMachine	0x2050	NoInlining	Private, Final, Virtual, HideBySig, VtableLayoutMask	0x1007e2934	0x94992766	0x102e2c6cc	0x102e2c6cc	mapped	0x102e2c6cc
Microsoft.iOS	1768	0x060006e9	System.Net.Http.BufferData	.ctor	0x2050	NoInlining	Public, HideBySig, SpecialName, RTSpecialName	0x1007e2938	0x94992788	0x102e2c758	0x102e2c758	mapped	0x102e2c758
Microsoft.iOS	1769	0x060006ea	System.Net.Http.CFContentStream	.ctor	0x2050	NoInlining	Public, HideBySig, SpecialName, RTSpecialName	0x1007e293c	0x94992788	0x102e2c75c	0x102e2c75c	mapped	0x102e2c75c
Microsoft.iOS	1770	0x060006eb	System.Net.Http.CFContentStream	HandleErrorEvent	0x2050	NoInlining	Private, HideBySig	0x1007e2940	0x9499280c	0x102e2c970	0x102e2c970	mapped	0x102e2c970
Microsoft.iOS	1771	0x060006ec	System.Net.Http.CFContentStream	ReadStreamData	0x2050	NoInlining	Public, HideBySig	0x1007e2944	0x9499285c	0x102e2cab4	0x102e2cab4	mapped	0x102e2cab4
Microsoft.iOS	1772	0x060006ed	System.Net.Http.CFContentStream	Close	0x2050	NoInlining	Public, HideBySig	0x1007e2948	0x94992897	0x102e2cba4	0x102e2cba4	mapped	0x102e2cba4
Microsoft.iOS	1773	0x060006ee	System.Net.Http.CFContentStream	SerializeToStreamAsync	0x2050	NoInlining	Family, Final, Virtual, HideBySig	0x1007e294c	0x949928ea	0x102e2ccf4	0x102e2ccf4	mapped	0x102e2ccf4
Microsoft.iOS	1774	0x060006ef	System.Net.Http.CFContentStream	TryComputeLength	0x2050	NoInlining	Family, Final, Virtual, HideBySig	0x1007e2950	0x94992926	0x102e2cde8	0x102e2cde8	mapped	0x102e2cde8
Microsoft.iOS	1775	0x060006f0	System.Net.Http.CFContentStream+<SerializeToStreamAsync>d__10	MoveNext	0x2050	NoInlining	Private, Final, Virtual, HideBySig, VtableLayoutMask	0x1007e2954	0x94992930	0x102e2ce14	0x102e2ce14	mapped	0x102e2ce14
Microsoft.iOS	1776	0x060006f1	System.Net.Http.CFContentStream+<SerializeToStreamAsync>d__10	SetStateMachine	0x2050	NoInlining	Private, Final, Virtual, HideBySig, VtableLayoutMask	0x1007e2958	0x949929f0	0x102e2d118	0x102e2d118	mapped	0x102e2d118
Microsoft.iOS	1777	0x060006f2	System.Net.Http.CFNetworkHandler	.ctor	0x2050	NoInlining	Public, HideBySig, SpecialName, RTSpecialName	0x1007e295c	0x94992a05	0x102e2d170	0x102e2d170	mapped	0x102e2d170
Microsoft.iOS	1778	0x060006f3	System.Net.Http.CFNetworkHandler	Dispose	0x2050	NoInlining	Family, Final, Virtual, HideBySig	0x1007e2960	0x94992a3e	0x102e2d258	0x102e2d258	mapped	0x102e2d258
Microsoft.iOS	1779	0x060006f4	System.Net.Http.CFNetworkHandler	CreateWebRequestAsync	0x2050	NoInlining	Private, HideBySig	0x1007e2964	0x97ff831b	0x1007c35d0	0x1007c35d0	mapped	0x1007c35d0
Microsoft.iOS	1780	0x060006f5	System.Net.Http.CFNetworkHandler	SendAsync	0x2050	NoInlining	Family, Final, Virtual, HideBySig	0x1007e2968	0x94992a3d	0x102e2d25c	0x102e2d25c	mapped	0x102e2d25c
Microsoft.iOS	1781	0x060006f6	System.Net.Http.CFNetworkHandler	SendAsync	0x2050	NoInlining	Assembly, HideBySig	0x1007e296c	0x94992a80	0x102e2d36c	0x102e2d36c	mapped	0x102e2d36c
Microsoft.iOS	1782	0x060006f7	System.Net.Http.CFNetworkHandler	IsRedirect	0x2050	NoInlining	Private, Static, HideBySig	0x1007e2970	0x94992ac6	0x102e2d488	0x102e2d488	mapped	0x102e2d488
Microsoft.iOS	1783	0x060006f8	System.Net.Http.CFNetworkHandler	HandleErrorEvent	0x2050	NoInlining	Private, HideBySig	0x1007e2974	0x94992acb	0x102e2d4a0	0x102e2d4a0	mapped	0x102e2d4a0
Microsoft.iOS	1784	0x060006f9	System.Net.Http.CFNetworkHandler	HandleClosedEvent	0x2050	NoInlining	Private, HideBySig	0x1007e2978	0x94992b2c	0x102e2d628	0x102e2d628	mapped	0x102e2d628
Microsoft.iOS	1785	0x060006fa	System.Net.Http.CFNetworkHandler	CloseStream	0x2050	NoInlining	Private, HideBySig	0x1007e297c	0x94992b55	0x102e2d6d0	0x102e2d6d0	mapped	0x102e2d6d0
Microsoft.iOS	1786	0x060006fb	System.Net.Http.CFNetworkHandler	HandleHasBytesAvailableEvent	0x2050	NoInlining	Private, HideBySig	0x1007e2980	0x94992bba	0x102e2d868	0x102e2d868	mapped	0x102e2d868
Microsoft.iOS	1787	0x060006fc	System.Net.Http.CFNetworkHandler	AddCookie	0x2050	NoInlining	Private, HideBySig	0x1007e2984	0x94992d6e	0x102e2df3c	0x102e2df3c	mapped	0x102e2df3c
Microsoft.iOS	1788	0x060006fd	System.Net.Http.CFNetworkHandler	IsContentHeader	0x2050	NoInlining	Private, Static, HideBySig	0x1007e2988	0x94992d91	0x102e2dfcc	0x102e2dfcc	mapped	0x102e2dfcc
Microsoft.iOS	1789	0x060006fe	System.Net.Http.CFNetworkHandler+StreamBucket	Close	0x2050	NoInlining	Public, HideBySig	0x1007e298c	0x94992de8	0x102e2e12c	0x102e2e12c	mapped	0x102e2e12c
Microsoft.iOS	1790	0x060006ff	System.Net.Http.CFNetworkHandler+StreamBucket	.ctor	0x2050	NoInlining	Public, HideBySig, SpecialName, RTSpecialName	0x1007e2990	0x94992e02	0x102e2e198	0x102e2e198	mapped	0x102e2e198
Microsoft.iOS	1791	0x06000700	System.Net.Http.CFNetworkHandler+<>c__DisplayClass20_0	.ctor	0x2050	NoInlining	Public, HideBySig, SpecialName, RTSpecialName	0x1007e2994	0x94992e02	0x102e2e19c	0x102e2e19c	mapped	0x102e2e19c
Microsoft.iOS	1792	0x06000701	System.Net.Http.CFNetworkHandler+<>c__DisplayClass20_0	<SendAsync>b__0	0x2050	NoInlining	Assembly, HideBySig	0x1007e2998	0x94992e02	0x102e2e1a0	0x102e2e1a0	mapped	0x102e2e1a0
Microsoft.iOS	1793	0x06000702	System.Net.Http.CFNetworkHandler+<SendAsync>d__19	MoveNext	0x2050	NoInlining	Private, Final, Virtual, HideBySig, VtableLayoutMask	0x1007e299c	0x94992e44	0x102e2e2ac	0x102e2e2ac	mapped	0x102e2e2ac
Microsoft.iOS	1794	0x06000703	System.Net.Http.CFNetworkHandler+<SendAsync>d__19	SetStateMachine	0x2050	NoInlining	Private, Final, Virtual, HideBySig, VtableLayoutMask	0x1007e29a0	0x94992ee7	0x102e2e53c	0x102e2e53c	mapped	0x102e2e53c
Microsoft.iOS	1795	0x06000704	System.Net.Http.CFNetworkHandler+<SendAsync>d__20	MoveNext	0x2050	NoInlining	Private, Final, Virtual, HideBySig, VtableLayoutMask	0x1007e29a4	0x97ff8473	0x1007c3b70	0x1007c3b70	mapped	0x1007c3b70
Microsoft.iOS	1796	0x06000705	System.Net.Http.CFNetworkHandler+<SendAsync>d__20	SetStateMachine	0x2050	NoInlining	Private, Final, Virtual, HideBySig, VtableLayoutMask	0x1007e29a8	0x94992f08	0x102e2e5c8	0x102e2e5c8	mapped	0x102e2e5c8
Microsoft.iOS	1797	0x06000706	CloudKit.CKRecord	get_Item	0x2050	NoInlining	Public, HideBySig, SpecialName	0x1007e29ac	0x94992f2a	0x102e2e654	0x102e2e654	mapped	0x102e2e654
Microsoft.iOS	1798	0x06000707	CloudKit.CKRecord	set_Item	0x2050	NoInlining	Public, HideBySig, SpecialName	0x1007e29b0	0x94992f3f	0x102e2e6ac	0x102e2e6ac	mapped	0x102e2e6ac
Microsoft.iOS	1799	0x06000708	CloudKit.CKRecord	get_ClassHandle	0x2050	NoInlining	Public, Final, Virtual, HideBySig, SpecialName	0x1007e29b4	0x94992f5a	0x102e2e71c	0x102e2e71c	mapped	0x102e2e71c
Microsoft.iOS	1800	0x06000709	CloudKit.CKRecord	.ctor	0x2050	NoInlining	FamORAssem, HideBySig, SpecialName, RTSpecialName	0x1007e29b8	0x94992f6a	0x102e2e760	0x102e2e760	mapped	0x102e2e760
Microsoft.iOS	1801	0x0600070a	CloudKit.CKRecord	.ctor	0x2050	NoInlining	Public, HideBySig, SpecialName, RTSpecialName	0x1007e29bc	0x94992f84	0x102e2e7cc	0x102e2e7cc	mapped	0x102e2e7cc
Microsoft.iOS	1802	0x0600070b	CloudKit.CKRecord	_ObjectForKey	0x2050	NoInlining	Assembly, HideBySig, CheckAccessOnOverride	0x1007e29c0	0x94992fc3	0x102e2e8cc	0x102e2e8cc	mapped	0x102e2e8cc
Microsoft.iOS	1803	0x0600070c	CloudKit.CKRecord	_SetObject	0x2050	NoInlining	Assembly, HideBySig, CheckAccessOnOverride	0x1007e29c4	0x94992ff5	0x102e2e998	0x102e2e998	mapped	0x102e2e998
Microsoft.iOS	1804	0x0600070d	CloudKit.CKRecord	get_Id	0x2050	NoInlining	Public, HideBySig, SpecialName	0x1007e29c8	0x94993028	0x102e2ea68	0x102e2ea68	mapped	0x102e2ea68
Microsoft.iOS	1805	0x0600070e	CloudKit.CKRecord	get_RecordChangeTag	0x2050	NoInlining	Public, HideBySig, SpecialName	0x1007e29cc	0x9499304b	0x102e2eaf8	0x102e2eaf8	mapped	0x102e2eaf8
Microsoft.iOS	1806	0x0600070f	CloudKit.CKRecord	.cctor	0x2050	NoInlining	Private, Static, HideBySig, SpecialName, RTSpecialName	0x1007e29d0	0x94993061	0x102e2eb54	0x102e2eb54	mapped	0x102e2eb54
Microsoft.iOS	1807	0x06000710	CloudKit.CKRecordID	get_ClassHandle	0x2050	NoInlining	Public, Final, Virtual, HideBySig, SpecialName	0x1007e29d4	0x9499307a	0x102e2ebbc	0x102e2ebbc	mapped	0x102e2ebbc
Microsoft.iOS	1808	0x06000711	CloudKit.CKRecordID	.ctor	0x2050	NoInlining	FamORAssem, HideBySig, SpecialName, RTSpecialName	0x1007e29d8	0x9499308a	0x102e2ec00	0x102e2ec00	mapped	0x102e2ec00
Microsoft.iOS	1809	0x06000712	CloudKit.CKRecordID	.ctor	0x2050	NoInlining	Public, HideBySig, SpecialName, RTSpecialName	0x1007e29dc	0x949930a4	0x102e2ec6c	0x102e2ec6c	mapped	0x102e2ec6c
Microsoft.iOS	1810	0x06000713	CloudKit.CKRecordID	get_RecordName	0x2050	NoInlining	Public, HideBySig, SpecialName	0x1007e29e0	0x949930da	0x102e2ed48	0x102e2ed48	mapped	0x102e2ed48
Microsoft.iOS	1811	0x06000714	CloudKit.CKRecordID	.cctor	0x2050	NoInlining	Private, Static, HideBySig, SpecialName, RTSpecialName	0x1007e29e4	0x949930f0	0x102e2eda4	0x102e2eda4	mapped	0x102e2eda4
Microsoft.iOS	1812	0x06000715	CloudKit.CKRecordZoneID	get_ClassHandle	0x2050	NoInlining	Public, Final, Virtual, HideBySig, SpecialName	0x1007e29e8	0x94993109	0x102e2ee0c	0x102e2ee0c	mapped	0x102e2ee0c
Microsoft.iOS	1813	0x06000716	CloudKit.CKRecordZoneID	.ctor	0x2050	NoInlining	FamORAssem, HideBySig, SpecialName, RTSpecialName	0x1007e29ec	0x94993119	0x102e2ee50	0x102e2ee50	mapped	0x102e2ee50
Microsoft.iOS	1814	0x06000717	CloudKit.CKRecordZoneID	.cctor	0x2050	NoInlining	Private, Static, HideBySig, SpecialName, RTSpecialName	0x1007e29f0	0x94993133	0x102e2eebc	0x102e2eebc	mapped	0x102e2eebc
Microsoft.iOS	1815	0x06000718	CloudKit.CKAsset	get_ClassHandle	0x2050	NoInlining	Public, Final, Virtual, HideBySig, SpecialName	0x1007e29f4	0x9499314c	0x102e2ef24	0x102e2ef24	mapped	0x102e2ef24
Microsoft.iOS	1816	0x06000719	CloudKit.CKAsset	.ctor	0x2050	NoInlining	FamORAssem, HideBySig, SpecialName, RTSpecialName	0x1007e29f8	0x9499315c	0x102e2ef68	0x102e2ef68	mapped	0x102e2ef68
Microsoft.iOS	1817	0x0600071a	CloudKit.CKAsset	.ctor	0x2050	NoInlining	Public, HideBySig, SpecialName, RTSpecialName	0x1007e29fc	0x94993176	0x102e2efd4	0x102e2efd4	mapped	0x102e2efd4
Microsoft.iOS	1818	0x0600071b	CloudKit.CKAsset	get_FileUrl	0x2050	NoInlining	Public, HideBySig, SpecialName	0x1007e2a00	0x949931a3	0x102e2f08c	0x102e2f08c	mapped	0x102e2f08c
Microsoft.iOS	1819	0x0600071c	CloudKit.CKAsset	.cctor	0x2050	NoInlining	Private, Static, HideBySig, SpecialName, RTSpecialName	0x1007e2a04	0x949931c6	0x102e2f11c	0x102e2f11c	mapped	0x102e2f11c
Microsoft.iOS	1820	0x0600071d	CloudKit.CKContainer	get_ClassHandle	0x2050	NoInlining	Public, Final, Virtual, HideBySig, SpecialName	0x1007e2a08	0x949931df	0x102e2f184	0x102e2f184	mapped	0x102e2f184
Microsoft.iOS	1821	0x0600071e	CloudKit.CKContainer	.ctor	0x2050	NoInlining	FamORAssem, HideBySig, SpecialName, RTSpecialName	0x1007e2a0c	0x949931ef	0x102e2f1c8	0x102e2f1c8	mapped	0x102e2f1c8
Microsoft.iOS	1822	0x0600071f	CloudKit.CKContainer	FromIdentifier	0x2050	NoInlining	Public, Static, HideBySig	0x1007e2a10	0x94993209	0x102e2f234	0x102e2f234	mapped	0x102e2f234
Microsoft.iOS	1823	0x06000720	CloudKit.CKContainer	get_PrivateCloudDatabase	0x2050	NoInlining	Public, HideBySig, SpecialName	0x1007e2a14	0x94993238	0x102e2f2f4	0x102e2f2f4	mapped	0x102e2f2f4
Microsoft.iOS	1824	0x06000721	CloudKit.CKContainer	.cctor	0x2050	NoInlining	Private, Static, HideBySig, SpecialName, RTSpecialName	0x1007e2a18	0x9499325b	0x102e2f384	0x102e2f384	mapped	0x102e2f384
Microsoft.iOS	1825	0x06000722	CloudKit.CKDatabase	get_ClassHandle	0x2050	NoInlining	Public, Final, Virtual, HideBySig, SpecialName	0x1007e2a1c	0x94993274	0x102e2f3ec	0x102e2f3ec	mapped	0x102e2f3ec
Microsoft.iOS	1826	0x06000723	CloudKit.CKDatabase	.ctor	0x2050	NoInlining	FamORAssem, HideBySig, SpecialName, RTSpecialName	0x1007e2a20	0x94993284	0x102e2f430	0x102e2f430	mapped	0x102e2f430
Microsoft.iOS	1827	0x06000724	CloudKit.CKDatabase	AddOperation	0x2050	NoInlining	Public, HideBySig	0x1007e2a24	0x9499329e	0x102e2f49c	0x102e2f49c	mapped	0x102e2f49c
Microsoft.iOS	1828	0x06000725	CloudKit.CKDatabase	.cctor	0x2050	NoInlining	Private, Static, HideBySig, SpecialName, RTSpecialName	0x1007e2a28	0x949932c4	0x102e2f538	0x102e2f538	mapped	0x102e2f538
Microsoft.iOS	1829	0x06000726	CloudKit.CKDatabaseOperation	get_ClassHandle	0x2050	NoInlining	Public, Virtual, HideBySig, SpecialName	0x1007e2a2c	0x949932dd	0x102e2f5a0	0x102e2f5a0	mapped	0x102e2f5a0
Microsoft.iOS	1830	0x06000727	CloudKit.CKDatabaseOperation	.ctor	0x2050	NoInlining	Family, HideBySig, SpecialName, RTSpecialName	0x1007e2a30	0x949932ed	0x102e2f5e4	0x102e2f5e4	mapped	0x102e2f5e4
Microsoft.iOS	1831	0x06000728	CloudKit.CKDatabaseOperation	.ctor	0x2050	NoInlining	FamORAssem, HideBySig, SpecialName, RTSpecialName	0x1007e2a34	0x94993305	0x102e2f648	0x102e2f648	mapped	0x102e2f648
Microsoft.iOS	1832	0x06000729	CloudKit.CKDatabaseOperation	.cctor	0x2050	NoInlining	Private, Static, HideBySig, SpecialName, RTSpecialName	0x1007e2a38	0x9499331f	0x102e2f6b4	0x102e2f6b4	mapped	0x102e2f6b4
Microsoft.iOS	1833	0x0600072a	CloudKit.CKModifyRecordsOperation	get_ClassHandle	0x2050	NoInlining	Public, Final, Virtual, HideBySig, SpecialName	0x1007e2a3c	0x94993338	0x102e2f71c	0x102e2f71c	mapped	0x102e2f71c
Microsoft.iOS	1834	0x0600072b	CloudKit.CKModifyRecordsOperation	.ctor	0x2050	NoInlining	FamORAssem, HideBySig, SpecialName, RTSpecialName	0x1007e2a40	0x94993348	0x102e2f760	0x102e2f760	mapped	0x102e2f760
Microsoft.iOS	1835	0x0600072c	CloudKit.CKModifyRecordsOperation	.ctor	0x2050	NoInlining	Public, HideBySig, SpecialName, RTSpecialName	0x1007e2a44	0x94993362	0x102e2f7cc	0x102e2f7cc	mapped	0x102e2f7cc
Microsoft.iOS	1836	0x0600072d	CloudKit.CKModifyRecordsOperation	set_Completed	0x2050	NoInlining	Public, HideBySig, SpecialName	0x1007e2a48	0x949933b3	0x102e2f914	0x102e2f914	mapped	0x102e2f914
Microsoft.iOS	1837	0x0600072e	CloudKit.CKModifyRecordsOperation	set_SavePolicy	0x2050	NoInlining	Public, HideBySig, SpecialName	0x1007e2a4c	0x949933eb	0x102e2f9f8	0x102e2f9f8	mapped	0x102e2f9f8
Microsoft.iOS	1838	0x0600072f	CloudKit.CKModifyRecordsOperation	.cctor	0x2050	NoInlining	Private, Static, HideBySig, SpecialName, RTSpecialName	0x1007e2a50	0x94993402	0x102e2fa58	0x102e2fa58	mapped	0x102e2fa58
Microsoft.iOS	1839	0x06000730	CloudKit.CKOperation	get_ClassHandle	0x2050	NoInlining	Public, Virtual, HideBySig, SpecialName	0x1007e2a54	0x9499341b	0x102e2fac0	0x102e2fac0	mapped	0x102e2fac0
Microsoft.iOS	1840	0x06000731	CloudKit.CKOperation	.ctor	0x2050	NoInlining	Family, HideBySig, SpecialName, RTSpecialName	0x1007e2a58	0x9499342b	0x102e2fb04	0x102e2fb04	mapped	0x102e2fb04
Microsoft.iOS	1841	0x06000732	CloudKit.CKOperation	.ctor	0x2050	NoInlining	FamORAssem, HideBySig, SpecialName, RTSpecialName	0x1007e2a5c	0x94993443	0x102e2fb68	0x102e2fb68	mapped	0x102e2fb68
Microsoft.iOS	1842	0x06000733	CloudKit.CKOperation	.cctor	0x2050	NoInlining	Private, Static, HideBySig, SpecialName, RTSpecialName	0x1007e2a60	0x9499345d	0x102e2fbd4	0x102e2fbd4	mapped	0x102e2fbd4
Microsoft.iOS	1843	0x06000734	CloudKit.CKQuery	get_ClassHandle	0x2050	NoInlining	Public, Final, Virtual, HideBySig, SpecialName	0x1007e2a64	0x94993476	0x102e2fc3c	0x102e2fc3c	mapped	0x102e2fc3c
Microsoft.iOS	1844	0x06000735	CloudKit.CKQuery	.ctor	0x2050	NoInlining	FamORAssem, HideBySig, SpecialName, RTSpecialName	0x1007e2a68	0x94993486	0x102e2fc80	0x102e2fc80	mapped	0x102e2fc80
Microsoft.iOS	1845	0x06000736	CloudKit.CKQuery	.ctor	0x2050	NoInlining	Public, HideBySig, SpecialName, RTSpecialName	0x1007e2a6c	0x949934a0	0x102e2fcec	0x102e2fcec	mapped	0x102e2fcec
Microsoft.iOS	1846	0x06000737	CloudKit.CKQuery	.cctor	0x2050	NoInlining	Private, Static, HideBySig, SpecialName, RTSpecialName	0x1007e2a70	0x949934df	0x102e2fdec	0x102e2fdec	mapped	0x102e2fdec
Microsoft.iOS	1847	0x06000738	CloudKit.CKQueryCursor	get_ClassHandle	0x2050	NoInlining	Public, Final, Virtual, HideBySig, SpecialName	0x1007e2a74	0x949934f8	0x102e2fe54	0x102e2fe54	mapped	0x102e2fe54
Microsoft.iOS	1848	0x06000739	CloudKit.CKQueryCursor	.ctor	0x2050	NoInlining	FamORAssem, HideBySig, SpecialName, RTSpecialName	0x1007e2a78	0x94993508	0x102e2fe98	0x102e2fe98	mapped	0x102e2fe98
Microsoft.iOS	1849	0x0600073a	CloudKit.CKQueryCursor	.cctor	0x2050	NoInlining	Private, Static, HideBySig, SpecialName, RTSpecialName	0x1007e2a7c	0x94993522	0x102e2ff04	0x102e2ff04	mapped	0x102e2ff04
Microsoft.iOS	1850	0x0600073b	CloudKit.CKQueryOperation	get_ClassHandle	0x2050	NoInlining	Public, Final, Virtual, HideBySig, SpecialName	0x1007e2a80	0x9499353b	0x102e2ff6c	0x102e2ff6c	mapped	0x102e2ff6c
Microsoft.iOS	1851	0x0600073c	CloudKit.CKQueryOperation	.ctor	0x2050	NoInlining	FamORAssem, HideBySig, SpecialName, RTSpecialName	0x1007e2a84	0x9499354b	0x102e2ffb0	0x102e2ffb0	mapped	0x102e2ffb0
Microsoft.iOS	1852	0x0600073d	CloudKit.CKQueryOperation	.ctor	0x2050	NoInlining	Public, HideBySig, SpecialName, RTSpecialName	0x1007e2a88	0x94993565	0x102e3001c	0x102e3001c	mapped	0x102e3001c
Microsoft.iOS	1853	0x0600073e	CloudKit.CKQueryOperation	set_Completed	0x2050	NoInlining	Public, HideBySig, SpecialName	0x1007e2a8c	0x94993593	0x102e300d8	0x102e300d8	mapped	0x102e300d8
Microsoft.iOS	1854	0x0600073f	CloudKit.CKQueryOperation	set_DesiredKeys	0x2050	NoInlining	Public, HideBySig, SpecialName	0x1007e2a90	0x949935cb	0x102e301bc	0x102e301bc	mapped	0x102e301bc
Microsoft.iOS	1855	0x06000740	CloudKit.CKQueryOperation	set_RecordFetched	0x2050	NoInlining	Public, HideBySig, SpecialName	0x1007e2a94	0x949935f5	0x102e30268	0x102e30268	mapped	0x102e30268
Microsoft.iOS	1856	0x06000741	CloudKit.CKQueryOperation	set_ResultsLimit	0x2050	NoInlining	Public, HideBySig, SpecialName	0x1007e2a98	0x9499362d	0x102e3034c	0x102e3034c	mapped	0x102e3034c
Microsoft.iOS	1857	0x06000742	CloudKit.CKQueryOperation	set_ZoneId	0x2050	NoInlining	Public, HideBySig, SpecialName	0x1007e2a9c	0x94993644	0x102e303ac	0x102e303ac	mapped	0x102e303ac
Microsoft.iOS	1858	0x06000743	CloudKit.CKQueryOperation	.cctor	0x2050	NoInlining	Private, Static, HideBySig, SpecialName, RTSpecialName	0x1007e2aa0	0x9499365d	0x102e30414	0x102e30414	mapped	0x102e30414
Microsoft.iOS	1859	0x06000744	CloudKit.CKRecordZone	get_ClassHandle	0x2050	NoInlining	Public, Final, Virtual, HideBySig, SpecialName	0x1007e2aa4	0x94993676	0x102e3047c	0x102e3047c	mapped	0x102e3047c
Microsoft.iOS	1860	0x06000745	CloudKit.CKRecordZone	.ctor	0x2050	NoInlining	FamORAssem, HideBySig, SpecialName, RTSpecialName	0x1007e2aa8	0x94993686	0x102e304c0	0x102e304c0	mapped	0x102e304c0
Microsoft.iOS	1861	0x06000746	CloudKit.CKRecordZone	DefaultRecordZone	0x2050	NoInlining	Public, Static, HideBySig	0x1007e2aac	0x949936a0	0x102e3052c	0x102e3052c	mapped	0x102e3052c
Microsoft.iOS	1862	0x06000747	CloudKit.CKRecordZone	get_ZoneId	0x2050	NoInlining	Public, HideBySig, SpecialName	0x1007e2ab0	0x949936bc	0x102e305a0	0x102e305a0	mapped	0x102e305a0
Microsoft.iOS	1863	0x06000748	CloudKit.CKRecordZone	.cctor	0x2050	NoInlining	Private, Static, HideBySig, SpecialName, RTSpecialName	0x1007e2ab4	0x949936df	0x102e30630	0x102e30630	mapped	0x102e30630
Microsoft.iOS	1864	0x06000749	CloudKit.CKReference	get_ClassHandle	0x2050	NoInlining	Public, Final, Virtual, HideBySig, SpecialName	0x1007e2ab8	0x949936f8	0x102e30698	0x102e30698	mapped	0x102e30698
Microsoft.iOS	1865	0x0600074a	CloudKit.CKReference	.ctor	0x2050	NoInlining	FamORAssem, HideBySig, SpecialName, RTSpecialName	0x1007e2abc	0x94993708	0x102e306dc	0x102e306dc	mapped	0x102e306dc
Microsoft.iOS	1866	0x0600074b	CloudKit.CKReference	.ctor	0x2050	NoInlining	Public, HideBySig, SpecialName, RTSpecialName	0x1007e2ac0	0x94993722	0x102e30748	0x102e30748	mapped	0x102e30748
Microsoft.iOS	1867	0x0600074c	CloudKit.CKReference	.cctor	0x2050	NoInlining	Private, Static, HideBySig, SpecialName, RTSpecialName	0x1007e2ac4	0x94993753	0x102e30810	0x102e30810	mapped	0x102e30810
Microsoft.iOS	1868	0x0600074d	CloudKit.CKModifyRecordsOperationHandler	.ctor	0x0	11	Public, HideBySig, SpecialName, RTSpecialName	0x1007e2ac8	0x97fff8b4	0x1007e0d98		absent	0x1007e0d98
Microsoft.iOS	1869	0x0600074e	CloudKit.CKModifyRecordsOperationHandler	Invoke	0x0	11	Public, Virtual, HideBySig, VtableLayoutMask	0x1007e2acc	0x97fff8b3	0x1007e0d98		absent	0x1007e0d98
Microsoft.iOS	1870	0x0600074f	CFNetwork.CFHTTPMessage	.ctor	0x2050	NoInlining	Assembly, HideBySig, SpecialName, RTSpecialName	0x1007e2ad0	0x9499376a	0x102e30878	0x102e30878	mapped	0x102e30878
Microsoft.iOS	1871	0x06000750	CFNetwork.CFHTTPMessage	GetTypeID	0x0	136	Public, Static, HideBySig, PinvokeImpl	0x1007e2ad4	0x97fff8b1	0x1007e0d98		absent	0x1007e0d98
Microsoft.iOS	1872	0x06000751	CFNetwork.CFHTTPMessage	GetVersion	0x2050	NoInlining	Private, Static, HideBySig	0x1007e2ad8	0x9499377d	0x102e308cc	0x102e308cc	mapped	0x102e308cc
Microsoft.iOS	1873	0x06000752	CFNetwork.CFHTTPMessage	CFHTTPMessageCreateRequest	0x0	136	Private, Static, HideBySig, PinvokeImpl	0x1007e2adc	0x97fff8af	0x1007e0d98		absent	0x1007e0d98
Microsoft.iOS	1874	0x06000753	CFNetwork.CFHTTPMessage	CreateRequest	0x2050	NoInlining	Public, Static, HideBySig	0x1007e2ae0	0x949937bd	0x102e309d4	0x102e309d4	mapped	0x102e309d4
Microsoft.iOS	1875	0x06000754	CFNetwork.CFHTTPMessage	CreateRequest	0x2050	NoInlining	Public, Static, HideBySig	0x1007e2ae4	0x97ff897b	0x1007c50d0	0x1007c50d0	mapped	0x1007c50d0
Microsoft.iOS	1876	0x06000755	CFNetwork.CFHTTPMessage	CFHTTPMessageIsRequest	0x0	136	Private, Static, HideBySig, PinvokeImpl	0x1007e2ae8	0x97fff8ac	0x1007e0d98		absent	0x1007e0d98
Microsoft.iOS	1877	0x06000756	CFNetwork.CFHTTPMessage	get_IsRequest	0x2050	NoInlining	Public, HideBySig, SpecialName	0x1007e2aec	0x949937f4	0x102e30abc	0x102e30abc	mapped	0x102e30abc
Microsoft.iOS	1878	0x06000757	CFNetwork.CFHTTPMessage	CFHTTPMessageGetResponseStatusCode	0x0	136	Private, Static, HideBySig, PinvokeImpl	0x1007e2af0	0x97fff8aa	0x1007e0d98		absent	0x1007e0d98
Microsoft.iOS	1879	0x06000758	CFNetwork.CFHTTPMessage	get_ResponseStatusCode	0x2050	NoInlining	Public, HideBySig, SpecialName	0x1007e2af4	0x94993803	0x102e30b00	0x102e30b00	mapped	0x102e30b00
Microsoft.iOS	1880	0x06000759	CFNetwork.CFHTTPMessage	CFHTTPMessageCopyResponseStatusLine	0x0	136	Private, Static, HideBySig, PinvokeImpl	0x1007e2af8	0x97fff8a8	0x1007e0d98		absent	0x1007e0d98
Microsoft.iOS	1881	0x0600075a	CFNetwork.CFHTTPMessage	get_ResponseStatusLine	0x2050	NoInlining	Public, HideBySig, SpecialName	0x1007e2afc	0x9499381e	0x102e30b74	0x102e30b74	mapped	0x102e30b74
Microsoft.iOS	1882	0x0600075b	CFNetwork.CFHTTPMessage	CFHTTPMessageIsHeaderComplete	0x0	136	Private, Static, HideBySig, PinvokeImpl	0x1007e2b00	0x97fff8a6	0x1007e0d98		absent	0x1007e0d98
Microsoft.iOS	1883	0x0600075c	CFNetwork.CFHTTPMessage	get_IsHeaderComplete	0x2050	NoInlining	Public, HideBySig, SpecialName	0x1007e2b04	0x94993842	0x102e30c0c	0x102e30c0c	mapped	0x102e30c0c
Microsoft.iOS	1884	0x0600075d	CFNetwork.CFHTTPMessage	CFHTTPMessageCopyAllHeaderFields	0x0	136	Private, Static, HideBySig, PinvokeImpl	0x1007e2b08	0x97fff8a4	0x1007e0d98		absent	0x1007e0d98
Microsoft.iOS	1885	0x0600075e	CFNetwork.CFHTTPMessage	GetAllHeaderFields	0x2050	NoInlining	Public, HideBySig	0x1007e2b0c	0x94993851	0x102e30c50	0x102e30c50	mapped	0x102e30c50
Microsoft.iOS	1886	0x0600075f	CFNetwork.CFHTTPMessage	CFHTTPMessageSetHeaderFieldValue	0x0	136	Private, Static, HideBySig, PinvokeImpl	0x1007e2b10	0x97fff8a2	0x1007e0d98		absent	0x1007e0d98
Microsoft.iOS	1887	0x06000760	CFNetwork.CFHTTPMessage	SetHeaderFieldValue	0x2050	NoInlining	Public, HideBySig	0x1007e2b14	0x9499386c	0x102e30cc4	0x102e30cc4	mapped	0x102e30cc4
Microsoft.iOS	1888	0x06000761	CFNetwork.CFHTTPMessage	CFHTTPMessageSetBody	0x0	136	Private, Static, HideBySig, PinvokeImpl	0x1007e2b18	0x97fff8a0	0x1007e0d98		absent	0x1007e0d98
Microsoft.iOS	1889	0x06000762	CFNetwork.CFHTTPMessage	SetBody	0x2050	NoInlining	Public, HideBySig	0x1007e2b1c	0x949938ad	0x102e30dd0	0x102e30dd0	mapped	0x102e30dd0
Microsoft.iOS	1890	0x06000763	CFNetwork.CFHTTPMessage	get__HTTPVersion1_0	0x2050	NoInlining	Assembly, Static, HideBySig, SpecialName	0x1007e2b20	0x949938fd	0x102e30f14	0x102e30f14	mapped	0x102e30f14
Microsoft.iOS	1891	0x06000764	CFNetwork.CFHTTPMessage	get__HTTPVersion1_1	0x2050	NoInlining	Assembly, Static, HideBySig, SpecialName	0x1007e2b24	0x94993918	0x102e30f84	0x102e30f84	mapped	0x102e30f84
Microsoft.iOS	1892	0x06000765	CFNetwork.CFHTTPMessage	get__HTTPVersion2_0	0x2050	NoInlining	Assembly, Static, HideBySig, SpecialName	0x1007e2b28	0x94993933	0x102e30ff4	0x102e30ff4	mapped	0x102e30ff4
Microsoft.iOS	1893	0x06000766	CFNetwork.CFHTTPMessage	get__HTTPVersion3_0	0x2050	NoInlining	Assembly, Static, HideBySig, SpecialName	0x1007e2b2c	0x9499394e	0x102e31064	0x102e31064	mapped	0x102e31064
Microsoft.iOS	1894	0x06000767	CFNetwork.CFHTTPStream	.ctor	0x2050	NoInlining	Assembly, HideBySig, SpecialName, RTSpecialName	0x1007e2b30	0x94993969	0x102e310d4	0x102e310d4	mapped	0x102e310d4
Microsoft.iOS	1895	0x06000768	CFNetwork.CFHTTPStream	GetResponseHeader	0x2050	NoInlining	Public, HideBySig	0x1007e2b34	0x9499397d	0x102e31128	0x102e31128	mapped	0x102e31128
Microsoft.iOS	1896	0x06000769	CFNetwork.CFHTTPStream	set_ShouldAutoredirect	0x2050	NoInlining	Public, HideBySig, SpecialName	0x1007e2b38	0x949939b0	0x102e311f8	0x102e311f8	mapped	0x102e311f8
Microsoft.iOS	1897	0x0600076a	CFNetwork.CFHTTPStream	SetProxy	0x2050	NoInlining	Public, HideBySig	0x1007e2b3c	0x949939c6	0x102e31254	0x102e31254	mapped	0x102e31254
Microsoft.iOS	1898	0x0600076b	CFNetwork.CFHTTPStream	get__Proxy	0x2050	NoInlining	Assembly, Static, HideBySig, SpecialName	0x1007e2b40	0x949939ea	0x102e312e8	0x102e312e8	mapped	0x102e312e8
Microsoft.iOS	1899	0x0600076c	CFNetwork.CFHTTPStream	get__ResponseHeader	0x2050	NoInlining	Assembly, Static, HideBySig, SpecialName	0x1007e2b44	0x94993a0a	0x102e3136c	0x102e3136c	mapped	0x102e3136c
Microsoft.iOS	1900	0x0600076d	CFNetwork.CFHTTPStream	get__ShouldAutoredirect	0x2050	NoInlining	Assembly, Static, HideBySig, SpecialName	0x1007e2b48	0x94993a2a	0x102e313f0	0x102e313f0	mapped	0x102e313f0
Microsoft.iOS	1901	0x0600076e	AuthenticationServices.ASAuthorization	GetCredential	0x2050	NoInlining	Public, HideBySig	0x1007e2b4c	0x94993a4a	0x102e31474	0x102e31474	mapped	0x102e31474
Microsoft.iOS	1902	0x0600076f	AuthenticationServices.ASAuthorization	get_ClassHandle	0x2050	NoInlining	Public, Final, Virtual, HideBySig, SpecialName	0x1007e2b50	0x94993a7a	0x102e31538	0x102e31538	mapped	0x102e31538
Microsoft.iOS	1903	0x06000770	AuthenticationServices.ASAuthorization	.ctor	0x2050	NoInlining	FamORAssem, HideBySig, SpecialName, RTSpecialName	0x1007e2b54	0x94993a8a	0x102e3157c	0x102e3157c	mapped	0x102e3157c
Microsoft.iOS	1904	0x06000771	AuthenticationServices.ASAuthorization	get__Credential	0x2050	NoInlining	Assembly, HideBySig, CheckAccessOnOverride, SpecialName	0x1007e2b58	0x94993aa4	0x102e315e8	0x102e315e8	mapped	0x102e315e8
Microsoft.iOS	1905	0x06000772	AuthenticationServices.ASAuthorization	.cctor	0x2050	NoInlining	Private, Static, HideBySig, SpecialName, RTSpecialName	0x1007e2b5c	0x94993ab9	0x102e31640	0x102e31640	mapped	0x102e31640
Microsoft.iOS	1906	0x06000773	AuthenticationServices.ASAuthorizationAppleIdCredential	get_ClassHandle	0x2050	NoInlining	Public, Final, Virtual, HideBySig, SpecialName	0x1007e2b60	0x94993ad2	0x102e316a8	0x102e316a8	mapped	0x102e316a8
Microsoft.iOS	1907	0x06000774	AuthenticationServices.ASAuthorizationAppleIdCredential	.ctor	0x2050	NoInlining	FamORAssem, HideBySig, SpecialName, RTSpecialName	0x1007e2b64	0x94993ae2	0x102e316ec	0x102e316ec	mapped	0x102e316ec
Microsoft.iOS	1908	0x06000775	AuthenticationServices.ASAuthorizationAppleIdCredential	.cctor	0x2050	NoInlining	Private, Static, HideBySig, SpecialName, RTSpecialName	0x1007e2b68	0x94993afc	0x102e31758	0x102e31758	mapped	0x102e31758
Microsoft.iOS	1909	0x06000776	AuthenticationServices.ASAuthorizationController	get_ClassHandle	0x2050	NoInlining	Public, Final, Virtual, HideBySig, SpecialName	0x1007e2b6c	0x94993b15	0x102e317c0	0x102e317c0	mapped	0x102e317c0
Microsoft.iOS	1910	0x06000777	AuthenticationServices.ASAuthorizationController	.ctor	0x2050	NoInlining	FamORAssem, HideBySig, SpecialName, RTSpecialName	0x1007e2b70	0x94993b25	0x102e31804	0x102e31804	mapped	0x102e31804
Microsoft.iOS	1911	0x06000778	AuthenticationServices.ASAuthorizationController	Dispose	0x2050	NoInlining	Family, Final, Virtual, HideBySig	0x1007e2b74	0x94993b3f	0x102e31870	0x102e31870	mapped	0x102e31870
Microsoft.iOS	1912	0x06000779	AuthenticationServices.ASAuthorizationController	.cctor	0x2050	NoInlining	Private, Static, HideBySig, SpecialName, RTSpecialName	0x1007e2b78	0x94993b54	0x102e318c8	0x102e318c8	mapped	0x102e318c8
Microsoft.iOS	1913	0x0600077a	AuthenticationServices.ASAuthorizationControllerDelegateWrapper	.ctor	0x2050	NoInlining	Public, HideBySig, SpecialName, RTSpecialName	0x1007e2b7c	0x94993b6d	0x102e31930	0x102e31930	mapped	0x102e31930
Microsoft.iOS	1914	0x0600077b	AuthenticationServices.ASAuthorizationControllerPresentationContextProvidingWrapper	.ctor	0x2050	NoInlining	Public, HideBySig, SpecialName, RTSpecialName	0x1007e2b80	0x94993b81	0x102e31984	0x102e31984	mapped	0x102e31984
Microsoft.iOS	1915	0x0600077c	AuthenticationServices.ASAuthorizationCredentialWrapper	.ctor	0x2050	NoInlining	Public, HideBySig, SpecialName, RTSpecialName	0x1007e2b84	0x94993b95	0x102e319d8	0x102e319d8	mapped	0x102e319d8
Microsoft.iOS	1916	0x0600077d	AuthenticationServices.ASWebAuthenticationPresentationContextProvidingWrapper	.ctor	0x2050	NoInlining	Public, HideBySig, SpecialName, RTSpecialName	0x1007e2b88	0x94993ba9	0x102e31a2c	0x102e31a2c	mapped	0x102e31a2c
Microsoft.iOS	1917	0x0600077e	AuthenticationServices.ASWebAuthenticationSession	get_ClassHandle	0x2050	NoInlining	Public, Final, Virtual, HideBySig, SpecialName	0x1007e2b8c	0x94993bbd	0x102e31a80	0x102e31a80	mapped	0x102e31a80
Microsoft.iOS	1918	0x0600077f	AuthenticationServices.ASWebAuthenticationSession	.ctor	0x2050	NoInlining	FamORAssem, HideBySig, SpecialName, RTSpecialName	0x1007e2b90	0x94993bcd	0x102e31ac4	0x102e31ac4	mapped	0x102e31ac4
Microsoft.iOS	1919	0x06000780	AuthenticationServices.ASWebAuthenticationSession	Dispose	0x2050	NoInlining	Family, Final, Virtual, HideBySig	0x1007e2b94	0x94993be7	0x102e31b30	0x102e31b30	mapped	0x102e31b30
Microsoft.iOS	1920	0x06000781	AuthenticationServices.ASWebAuthenticationSession	.cctor	0x2050	NoInlining	Private, Static, HideBySig, SpecialName, RTSpecialName	0x1007e2b98	0x94993bfc	0x102e31b88	0x102e31b88	mapped	0x102e31b88
Microsoft.iOS	1921	0x06000782	AudioToolbox.SystemSound	.ctor	0x2050	NoInlining	Assembly, HideBySig, SpecialName, RTSpecialName	0x1007e2b9c	0x94993c15	0x102e31bf0	0x102e31bf0	mapped	0x102e31bf0
Microsoft.iOS	1922	0x06000783	AudioToolbox.SystemSound	Finalize	0x2050	NoInlining	Family, Final, Virtual, HideBySig	0x1007e2ba0	0x94993c2f	0x102e31c5c	0x102e31c5c	mapped	0x102e31c5c
Microsoft.iOS	1923	0x06000784	AudioToolbox.SystemSound	AssertNotDisposed	0x2050	NoInlining	Private, HideBySig	0x1007e2ba4	0x94993c4e	0x102e31cdc	0x102e31cdc	mapped	0x102e31cdc
Microsoft.iOS	1924	0x06000785	AudioToolbox.SystemSound	Dispose	0x2050	NoInlining	Public, Final, Virtual, HideBySig, VtableLayoutMask	0x1007e2ba8	0x94993c6b	0x102e31d54	0x102e31d54	mapped	0x102e31d54
Microsoft.iOS	1925	0x06000786	AudioToolbox.SystemSound	Dispose	0x2050	NoInlining	Family, HideBySig	0x1007e2bac	0x94993c81	0x102e31db0	0x102e31db0	mapped	0x102e31db0
Microsoft.iOS	1926	0x06000787	AudioToolbox.SystemSound	AudioServicesDisposeSystemSoundID	0x0	136	Private, Static, HideBySig, PinvokeImpl	0x1007e2bb0	0x97fff87a	0x1007e0d98		absent	0x1007e0d98
Microsoft.iOS	1927	0x06000788	AudioToolbox.SystemSound	Cleanup	0x2050	NoInlining	Private, HideBySig	0x1007e2bb4	0x94993c8e	0x102e31dec	0x102e31dec	mapped	0x102e31dec
Microsoft.iOS	1928	0x06000789	AudioToolbox.SystemSound	AudioServicesPlaySystemSound	0x0	136	Private, Static, HideBySig, PinvokeImpl	0x1007e2bb8	0x97fff878	0x1007e0d98		absent	0x1007e0d98
Microsoft.iOS	1929	0x0600078a	AudioToolbox.SystemSound	PlaySystemSound	0x2050	NoInlining	Public, HideBySig	0x1007e2bbc	0x94993cde	0x102e31f34	0x102e31f34	mapped	0x102e31f34
Microsoft.iOS	1930	0x0600078b	AudioToolbox.SystemSound	AudioServicesRemoveSystemSoundCompletion	0x0	136	Private, Static, HideBySig, PinvokeImpl	0x1007e2bc0	0x97fff876	0x1007e0d98		absent	0x1007e0d98
Microsoft.iOS	1931	0x0600078c	AudioToolbox.SystemSound	RemoveSystemSoundCompletion	0x2050	NoInlining	Public, HideBySig	0x1007e2bc4	0x94993cf1	0x102e31f88	0x102e31f88	mapped	0x102e31f88
Microsoft.iOS	1932	0x0600078d	AudioToolbox.SystemSound	.cctor	0x2050	NoInlining	Private, Static, HideBySig, SpecialName, RTSpecialName	0x1007e2bc8	0x94993d05	0x102e31fdc	0x102e31fdc	mapped	0x102e31fdc
Microsoft.iOS	1933	0x0600078e	UIKit.UIAlertView	get_ClassHandle	0x2050	NoInlining	Public, Final, Virtual, HideBySig, SpecialName	0x1007e2bcc	0x94993d22	0x102e32054	0x102e32054	mapped	0x102e32054
Microsoft.iOS	1934	0x0600078f	UIKit.UIAlertView	.ctor	0x2050	NoInlining	Public, HideBySig, SpecialName, RTSpecialName	0x1007e2bd0	0x94993d32	0x102e32098	0x102e32098	mapped	0x102e32098
Microsoft.iOS	1935	0x06000790	UIKit.UIAlertView	.ctor	0x2050	NoInlining	FamORAssem, HideBySig, SpecialName, RTSpecialName	0x1007e2bd4	0x94993d5a	0x102e3213c	0x102e3213c	mapped	0x102e3213c
Microsoft.iOS	1936	0x06000791	UIKit.UIAlertView	AddButton	0x2050	NoInlining	Public, HideBySig	0x1007e2bd8	0x94993d74	0x102e321a8	0x102e321a8	mapped	0x102e321a8
Microsoft.iOS	1937	0x06000792	UIKit.UIAlertView	DismissWithClickedButtonIndex	0x2050	NoInlining	Public, HideBySig	0x1007e2bdc	0x94993d92	0x102e32224	0x102e32224	mapped	0x102e32224
Microsoft.iOS	1938	0x06000793	UIKit.UIAlertView	GetTextField	0x2050	NoInlining	Public, HideBySig	0x1007e2be0	0x94993dae	0x102e32298	0x102e32298	mapped	0x102e32298
Microsoft.iOS	1939	0x06000794	UIKit.UIAlertView	Show	0x2050	NoInlining	Public, HideBySig	0x1007e2be4	0x94993dd3	0x102e32330	0x102e32330	mapped	0x102e32330
Microsoft.iOS	1940	0x06000795	UIKit.UIAlertView	set_AlertViewStyle	0x2050	NoInlining	Public, HideBySig, SpecialName	0x1007e2be8	0x94993de8	0x102e32388	0x102e32388	mapped	0x102e32388
Microsoft.iOS	1941	0x06000796	UIKit.UIAlertView	get_Delegate	0x2050	NoInlining	Public, HideBySig, SpecialName	0x1007e2bec	0x94993dff	0x102e323e8	0x102e323e8	mapped	0x102e323e8
Microsoft.iOS	1942	0x06000797	UIKit.UIAlertView	set_Delegate	0x2050	NoInlining	Public, HideBySig, SpecialName	0x1007e2bf0	0x94993e48	0x102e32510	0x102e32510	mapped	0x102e32510
Microsoft.iOS	1943	0x06000798	UIKit.UIAlertView	set_Message	0x2050	NoInlining	Public, HideBySig, SpecialName	0x1007e2bf4	0x94993ea5	0x102e32688	0x102e32688	mapped	0x102e32688
Microsoft.iOS	1944	0x06000799	UIKit.UIAlertView	set_Title	0x2050	NoInlining	Public, HideBySig, SpecialName	0x1007e2bf8	0x94993ec1	0x102e326fc	0x102e326fc	mapped	0x102e326fc
Microsoft.iOS	1945	0x0600079a	UIKit.UIAlertView	get_WeakDelegate	0x2050	NoInlining	Public, HideBySig, SpecialName	0x1007e2bfc	0x94993edd	0x102e32770	0x102e32770	mapped	0x102e32770
Microsoft.iOS	1946	0x0600079b	UIKit.UIAlertView	set_WeakDelegate	0x2050	NoInlining	Public, HideBySig, SpecialName	0x1007e2c00	0x94993eff	0x102e327fc	0x102e327fc	mapped	0x102e327fc
Microsoft.iOS	1947	0x0600079c	UIKit.UIAlertView	get_GetInternalEventDelegateType	0x2050	NoInlining	Assembly, HideBySig, CheckAccessOnOverride, SpecialName	0x1007e2c04	0x94993f22	0x102e3288c	0x102e3288c	mapped	0x102e3288c
Microsoft.iOS	1948	0x0600079d	UIKit.UIAlertView	CreateInternalEventDelegateType	0x2050	NoInlining	Assembly, HideBySig, CheckAccessOnOverride	0x1007e2c08	0x94993f31	0x102e328cc	0x102e328cc	mapped	0x102e328cc
Microsoft.iOS	1949	0x0600079e	UIKit.UIAlertView	EnsureUIAlertViewDelegate	0x2050	NoInlining	Assembly, HideBySig	0x1007e2c0c	0x94993f4e	0x102e32944	0x102e32944	mapped	0x102e32944
Microsoft.iOS	1950	0x0600079f	UIKit.UIAlertView	add_Dismissed	0x2050	NoInlining	Public, HideBySig, SpecialName	0x1007e2c10	0x94993fed	0x102e32bc4	0x102e32bc4	mapped	0x102e32bc4
Microsoft.iOS	1951	0x060007a0	UIKit.UIAlertView	remove_Dismissed	0x2050	NoInlining	Public, HideBySig, SpecialName	0x1007e2c14	0x94994022	0x102e32c9c	0x102e32c9c	mapped	0x102e32c9c
Microsoft.iOS	1952	0x060007a1	UIKit.UIAlertView	add_Presented	0x2050	NoInlining	Public, HideBySig, SpecialName	0x1007e2c18	0x94994057	0x102e32d74	0x102e32d74	mapped	0x102e32d74
Microsoft.iOS	1953	0x060007a2	UIKit.UIAlertView	remove_Presented	0x2050	NoInlining	Public, HideBySig, SpecialName	0x1007e2c1c	0x9499408c	0x102e32e4c	0x102e32e4c	mapped	0x102e32e4c
Microsoft.iOS	1954	0x060007a3	UIKit.UIAlertView	Dispose	0x2050	NoInlining	Family, Final, Virtual, HideBySig	0x1007e2c20	0x949940c1	0x102e32f24	0x102e32f24	mapped	0x102e32f24
Microsoft.iOS	1955	0x060007a4	UIKit.UIAlertView	.cctor	0x2050	NoInlining	Private, Static, HideBySig, SpecialName, RTSpecialName	0x1007e2c24	0x949940d8	0x102e32f84	0x102e32f84	mapped	0x102e32f84
Microsoft.iOS	1956	0x060007a5	UIKit.UIAlertView+_UIAlertViewDelegate	.ctor	0x2050	NoInlining	Public, HideBySig, SpecialName, RTSpecialName	0x1007e2c28	0x949940f1	0x102e32fec	0x102e32fec	mapped	0x102e32fec
Microsoft.iOS	1957	0x060007a6	UIKit.UIAlertView+_UIAlertViewDelegate	Canceled	0x2050	NoInlining	Public, Final, Virtual, HideBySig, VtableLayoutMask	0x1007e2c2c	0x94994112	0x102e33074	0x102e33074	mapped	0x102e33074
Microsoft.iOS	1958	0x060007a7	UIKit.UIAlertView+_UIAlertViewDelegate	Clicked	0x2050	NoInlining	Public, Final, Virtual, HideBySig, VtableLayoutMask	0x1007e2c30	0x94994137	0x102e3310c	0x102e3310c	mapped	0x102e3310c
Microsoft.iOS	1959	0x060007a8	UIKit.UIAlertView+_UIAlertViewDelegate	Dismissed	0x2050	NoInlining	Public, Final, Virtual, HideBySig, VtableLayoutMask	0x1007e2c34	0x94994163	0x102e331c0	0x102e331c0	mapped	0x102e331c0
Microsoft.iOS	1960	0x060007a9	UIKit.UIAlertView+_UIAlertViewDelegate	Presented	0x2050	NoInlining	Public, Final, Virtual, HideBySig, VtableLayoutMask	0x1007e2c38	0x9499419c	0x102e332a8	0x102e332a8	mapped	0x102e332a8
Microsoft.iOS	1961	0x060007aa	UIKit.UIAlertView+_UIAlertViewDelegate	ShouldEnableFirstOtherButton	0x2050	NoInlining	Public, Final, Virtual, HideBySig, VtableLayoutMask	0x1007e2c3c	0x949941c1	0x102e33340	0x102e33340	mapped	0x102e33340
Microsoft.iOS	1962	0x060007ab	UIKit.UIAlertView+_UIAlertViewDelegate	WillDismiss	0x2050	NoInlining	Public, Final, Virtual, HideBySig, VtableLayoutMask	0x1007e2c40	0x949941da	0x102e333a8	0x102e333a8	mapped	0x102e333a8
Microsoft.iOS	1963	0x060007ac	UIKit.UIAlertView+_UIAlertViewDelegate	WillPresent	0x2050	NoInlining	Public, Final, Virtual, HideBySig, VtableLayoutMask	0x1007e2c44	0x94994206	0x102e3345c	0x102e3345c	mapped	0x102e3345c
Microsoft.iOS	1964	0x060007ad	UIKit.UIApplication	xamarin_UIApplicationMain	0x0	136	Private, Static, HideBySig, PinvokeImpl	0x1007e2c48	0x97fff854	0x1007e0d98		absent	0x1007e0d98
Microsoft.iOS	1965	0x060007ae	UIKit.UIApplication	UIApplicationMain	0x2050	NoInlining	Private, Static, HideBySig	0x1007e2c4c	0x9499422a	0x102e334f4	0x102e334f4	mapped	0x102e334f4
Microsoft.iOS	1966	0x060007af	UIKit.UIApplication	Initialize	0x2050	NoInlining	Assembly, Static, HideBySig	0x1007e2c50	0x94994290	0x102e33690	0x102e33690	mapped	0x102e33690
Microsoft.iOS	1967	0x060007b0	UIKit.UIApplication	Main	0x2050	NoInlining	Public, Static, HideBySig	0x1007e2c54	0x97ff8993	0x1007c52a0	0x1007c52a0	mapped	0x1007c52a0
Microsoft.iOS	1968	0x060007b1	UIKit.UIApplication	EnsureEventAndDelegateAreNotMismatched	0x2050	NoInlining	Assembly, Static, HideBySig	0x1007e2c58	0x949942af	0x102e33714	0x102e33714	mapped	0x102e33714
Microsoft.iOS	1969	0x060007b2	UIKit.UIApplication	EnsureDelegateAssignIsNotOverwritingInternalDelegate	0x2050	NoInlining	Assembly, Static, HideBySig	0x1007e2c5c	0x949942bc	0x102e3374c	0x102e3374c	mapped	0x102e3374c
Microsoft.iOS	1970	0x060007b3	UIKit.UIApplication	get_ClassHandle	0x2050	NoInlining	Public, Final, Virtual, HideBySig, SpecialName	0x1007e2c60	0x949942c9	0x102e33784	0x102e33784	mapped	0x102e33784
Microsoft.iOS	1971	0x060007b4	UIKit.UIApplication	.ctor	0x2050	NoInlining	FamORAssem, HideBySig, SpecialName, RTSpecialName	0x1007e2c64	0x949942d9	0x102e337c8	0x102e337c8	mapped	0x102e337c8
Microsoft.iOS	1972	0x060007b5	UIKit.UIApplication	BeginBackgroundTask	0x2050	NoInlining	Public, HideBySig	0x1007e2c68	0x949942f3	0x102e33834	0x102e33834	mapped	0x102e33834
Microsoft.iOS	1973	0x060007b6	UIKit.UIApplication	EndBackgroundTask	0x2050	NoInlining	Public, HideBySig	0x1007e2c6c	0x9499432e	0x102e33924	0x102e33924	mapped	0x102e33924
Microsoft.iOS	1974	0x060007b7	UIKit.UIApplication	OpenUrl	0x2050	NoInlining	Public, HideBySig	0x1007e2c70	0x94994345	0x102e33984	0x102e33984	mapped	0x102e33984
Microsoft.iOS	1975	0x060007b8	UIKit.UIApplication	SetStatusBarHidden	0x2050	NoInlining	Public, HideBySig	0x1007e2c74	0x94994398	0x102e33ad4	0x102e33ad4	mapped	0x102e33ad4
Microsoft.iOS	1976	0x060007b9	UIKit.UIApplication	set_IdleTimerDisabled	0x2050	NoInlining	Public, HideBySig, SpecialName	0x1007e2c78	0x949943b4	0x102e33b48	0x102e33b48	mapped	0x102e33b48
Microsoft.iOS	1977	0x060007ba	UIKit.UIApplication	get_KeyWindow	0x2050	NoInlining	Public, HideBySig, SpecialName	0x1007e2c7c	0x949943cc	0x102e33bac	0x102e33bac	mapped	0x102e33bac
Microsoft.iOS	1978	0x060007bb	UIKit.UIApplication	get_SharedApplication	0x2050	NoInlining	Public, Static, HideBySig, SpecialName	0x1007e2c80	0x949943ef	0x102e33c3c	0x102e33c3c	mapped	0x102e33c3c
Microsoft.iOS	1979	0x060007bc	UIKit.UIApplication	get_StatusBarHidden	0x2050	NoInlining	Public, HideBySig, SpecialName	0x1007e2c84	0x9499440b	0x102e33cb0	0x102e33cb0	mapped	0x102e33cb0
Microsoft.iOS	1980	0x060007bd	UIKit.UIApplication	set_StatusBarHidden	0x2050	NoInlining	Public, HideBySig, SpecialName	0x1007e2c88	0x94994422	0x102e33d10	0x102e33d10	mapped	0x102e33d10
Microsoft.iOS	1981	0x060007be	UIKit.UIApplication	get_DidBecomeActiveNotification	0x2050	NoInlining	Public, Static, HideBySig, SpecialName	0x1007e2c8c	0x9499443a	0x102e33d74	0x102e33d74	mapped	0x102e33d74
Microsoft.iOS	1982	0x060007bf	UIKit.UIApplication	get_WillResignActiveNotification	0x2050	NoInlining	Public, Static, HideBySig, SpecialName	0x1007e2c90	0x9499445a	0x102e33df8	0x102e33df8	mapped	0x102e33df8
Microsoft.iOS	1983	0x060007c0	UIKit.UIApplication	get_WillTerminateNotification	0x2050	NoInlining	Public, Static, HideBySig, SpecialName	0x1007e2c94	0x9499447a	0x102e33e7c	0x102e33e7c	mapped	0x102e33e7c
Microsoft.iOS	1984	0x060007c1	UIKit.UIApplication	Dispose	0x2050	NoInlining	Family, Final, Virtual, HideBySig	0x1007e2c98	0x9499449a	0x102e33f00	0x102e33f00	mapped	0x102e33f00
Microsoft.iOS	1985	0x060007c2	UIKit.UIApplication	.cctor	0x2050	NoInlining	Private, Static, HideBySig, SpecialName, RTSpecialName	0x1007e2c9c	0x949944af	0x102e33f58	0x102e33f58	mapped	0x102e33f58
Microsoft.iOS	1986	0x060007c3	UIKit.UIBezierPath	get_ClassHandle	0x2050	NoInlining	Public, Final, Virtual, HideBySig, SpecialName	0x1007e2ca0	0x949944cf	0x102e33fdc	0x102e33fdc	mapped	0x102e33fdc
Microsoft.iOS	1987	0x060007c4	UIKit.UIBezierPath	.ctor	0x2050	NoInlining	FamORAssem, HideBySig, SpecialName, RTSpecialName	0x1007e2ca4	0x949944df	0x102e34020	0x102e34020	mapped	0x102e34020
Microsoft.iOS	1988	0x060007c5	UIKit.UIBezierPath	FromPath	0x2050	NoInlining	Public, Static, HideBySig	0x1007e2ca8	0x949944f9	0x102e3408c	0x102e3408c	mapped	0x102e3408c
Microsoft.iOS	1989	0x060007c6	UIKit.UIBezierPath	.cctor	0x2050	NoInlining	Private, Static, HideBySig, SpecialName, RTSpecialName	0x1007e2cac	0x94994523	0x102e34138	0x102e34138	mapped	0x102e34138
Microsoft.iOS	1990	0x060007c7	UIKit.UIColor	GetRGBA	0x2050	NoInlining	Public, HideBySig	0x1007e2cb0	0x9499453c	0x102e341a0	0x102e341a0	mapped	0x102e341a0
Microsoft.iOS	1991	0x060007c8	UIKit.UIColor	ToString	0x2050	NoInlining	Public, Final, Virtual, HideBySig	0x1007e2cb4	0x949945e6	0x102e3444c	0x102e3444c	mapped	0x102e3444c
Microsoft.iOS	1992	0x060007c9	UIKit.UIColor	get_ClassHandle	0x2050	NoInlining	Public, Final, Virtual, HideBySig, SpecialName	0x1007e2cb8	0x94994667	0x102e34654	0x102e34654	mapped	0x102e34654
Microsoft.iOS	1993	0x060007ca	UIKit.UIColor	.ctor	0x2050	NoInlining	FamORAssem, HideBySig, SpecialName, RTSpecialName	0x1007e2cbc	0x94994677	0x102e34698	0x102e34698	mapped	0x102e34698
Microsoft.iOS	1994	0x060007cb	UIKit.UIColor	FromRGBA	0x2050	NoInlining	Public, Static, HideBySig	0x1007e2cc0	0x94994691	0x102e34704	0x102e34704	mapped	0x102e34704
Microsoft.iOS	1995	0x060007cc	UIKit.UIColor	get_CGColor	0x2050	NoInlining	Public, HideBySig, SpecialName	0x1007e2cc4	0x949946b9	0x102e347a8	0x102e347a8	mapped	0x102e347a8
Microsoft.iOS	1996	0x060007cd	UIKit.UIColor	get_White	0x2050	NoInlining	Public, Static, HideBySig, SpecialName	0x1007e2cc8	0x949946dd	0x102e3483c	0x102e3483c	mapped	0x102e3483c
Microsoft.iOS	1997	0x060007ce	UIKit.UIColor	.cctor	0x2050	NoInlining	Private, Static, HideBySig, SpecialName, RTSpecialName	0x1007e2ccc	0x949946f9	0x102e348b0	0x102e348b0	mapped	0x102e348b0
Microsoft.iOS	1998	0x060007cf	UIKit.UIControl	get_ClassHandle	0x2050	NoInlining	Public, Virtual, HideBySig, SpecialName	0x1007e2cd0	0x94994712	0x102e34918	0x102e34918	mapped	0x102e34918
Microsoft.iOS	1999	0x060007d0	UIKit.UIControl	.ctor	0x2050	NoInlining	FamORAssem, HideBySig, SpecialName, RTSpecialName	0x1007e2cd4	0x94994722	0x102e3495c	0x102e3495c	mapped	0x102e3495c
Microsoft.iOS	2000	0x060007d1	UIKit.UIControl	.cctor	0x2050	NoInlining	Private, Static, HideBySig, SpecialName, RTSpecialName	0x1007e2cd8	0x9499473c	0x102e349c8	0x102e349c8	mapped	0x102e349c8
Microsoft.iOS	2001	0x060007d2	UIKit.UIDevice	CheckSystemVersion	0x2050	NoInlining	Public, HideBySig	0x1007e2cdc	0x94994755	0x102e34a30	0x102e34a30	mapped	0x102e34a30
Microsoft.iOS	2002	0x060007d3	UIKit.UIDevice	get_ClassHandle	0x2050	NoInlining	Public, Final, Virtual, HideBySig, SpecialName	0x1007e2ce0	0x94994773	0x102e34aac	0x102e34aac	mapped	0x102e34aac
Microsoft.iOS	2003	0x060007d4	UIKit.UIDevice	.ctor	0x2050	NoInlining	FamORAssem, HideBySig, SpecialName, RTSpecialName	0x1007e2ce4	0x94994783	0x102e34af0	0x102e34af0	mapped	0x102e34af0
Microsoft.iOS	2004	0x060007d5	UIKit.UIDevice	get_CurrentDevice	0x2050	NoInlining	Public, Static, HideBySig, SpecialName	0x1007e2ce8	0x9499479d	0x102e34b5c	0x102e34b5c	mapped	0x102e34b5c
Microsoft.iOS	2005	0x060007d6	UIKit.UIDevice	get_Model	0x2050	NoInlining	Public, HideBySig, SpecialName	0x1007e2cec	0x949947b9	0x102e34bd0	0x102e34bd0	mapped	0x102e34bd0
Microsoft.iOS	2006	0x060007d7	UIKit.UIDevice	get_SystemName	0x2050	NoInlining	Public, HideBySig, SpecialName	0x1007e2cf0	0x949947cf	0x102e34c2c	0x102e34c2c	mapped	0x102e34c2c
Microsoft.iOS	2007	0x060007d8	UIKit.UIDevice	get_SystemVersion	0x2050	NoInlining	Public, HideBySig, SpecialName	0x1007e2cf4	0x949947e5	0x102e34c88	0x102e34c88	mapped	0x102e34c88
Microsoft.iOS	2008	0x060007d9	UIKit.UIDevice	get_UserInterfaceIdiom	0x2050	NoInlining	Public, HideBySig, SpecialName	0x1007e2cf8	0x949947fb	0x102e34ce4	0x102e34ce4	mapped	0x102e34ce4
Microsoft.iOS	2009	0x060007da	UIKit.UIDevice	.cctor	0x2050	NoInlining	Private, Static, HideBySig, SpecialName, RTSpecialName	0x1007e2cfc	0x94994810	0x102e34d3c	0x102e34d3c	mapped	0x102e34d3c
Microsoft.iOS	2010	0x060007db	UIKit.UIEvent	ToString	0x2050	NoInlining	Public, Final, Virtual, HideBySig	0x1007e2d00	0x94994829	0x102e34da4	0x102e34da4	mapped	0x102e34da4
Microsoft.iOS	2011	0x060007dc	UIKit.UIEvent	get_ClassHandle	0x2050	NoInlining	Public, Final, Virtual, HideBySig, SpecialName	0x1007e2d04	0x9499487d	0x102e34ef8	0x102e34ef8	mapped	0x102e34ef8
Microsoft.iOS	2012	0x060007dd	UIKit.UIEvent	.ctor	0x2050	NoInlining	FamORAssem, HideBySig, SpecialName, RTSpecialName	0x1007e2d08	0x9499488d	0x102e34f3c	0x102e34f3c	mapped	0x102e34f3c
Microsoft.iOS	2013	0x060007de	UIKit.UIEvent	TouchesForView	0x2050	NoInlining	Public, HideBySig	0x1007e2d0c	0x949948a7	0x102e34fa8	0x102e34fa8	mapped	0x102e34fa8
Microsoft.iOS	2014	0x060007df	UIKit.UIEvent	get_Subtype	0x2050	NoInlining	Public, HideBySig, SpecialName	0x1007e2d10	0x949948d0	0x102e35050	0x102e35050	mapped	0x102e35050
Microsoft.iOS	2015	0x060007e0	UIKit.UIEvent	get_Timestamp	0x2050	NoInlining	Public, HideBySig, SpecialName	0x1007e2d14	0x949948e5	0x102e350a8	0x102e350a8	mapped	0x102e350a8
Microsoft.iOS	2016	0x060007e1	UIKit.UIEvent	get_Type	0x2050	NoInlining	Public, HideBySig, SpecialName	0x1007e2d18	0x949948fa	0x102e35100	0x102e35100	mapped	0x102e35100
Microsoft.iOS	2017	0x060007e2	UIKit.UIEvent	.cctor	0x2050	NoInlining	Private, Static, HideBySig, SpecialName, RTSpecialName	0x1007e2d1c	0x9499490f	0x102e35158	0x102e35158	mapped	0x102e35158
Microsoft.iOS	2018	0x060007e3	UIKit.UIFont	ToString	0x2050	NoInlining	Public, Final, Virtual, HideBySig	0x1007e2d20	0x94994928	0x102e351c0	0x102e351c0	mapped	0x102e351c0
Microsoft.iOS	2019	0x060007e4	UIKit.UIFont	FromName	0x2050	NoInlining	Public, Static, HideBySig	0x1007e2d24	0x9499495c	0x102e35294	0x102e35294	mapped	0x102e35294
Microsoft.iOS	2020	0x060007e5	UIKit.UIFont	SystemFontOfSize	0x2050	NoInlining	Public, Static, HideBySig	0x1007e2d28	0x94994983	0x102e35334	0x102e35334	mapped	0x102e35334
Microsoft.iOS	2021	0x060007e6	UIKit.UIFont	op_Equality	0x2050	NoInlining	Public, Static, HideBySig, SpecialName	0x1007e2d2c	0x949949a6	0x102e353c4	0x102e353c4	mapped	0x102e353c4
Microsoft.iOS	2022	0x060007e7	UIKit.UIFont	op_Inequality	0x2050	NoInlining	Public, Static, HideBySig, SpecialName	0x1007e2d30	0x949949c0	0x102e35430	0x102e35430	mapped	0x102e35430
Microsoft.iOS	2023	0x060007e8	UIKit.UIFont	Equals	0x2050	NoInlining	Public, Final, Virtual, HideBySig	0x1007e2d34	0x949949dc	0x102e354a4	0x102e354a4	mapped	0x102e354a4
Microsoft.iOS	2024	0x060007e9	UIKit.UIFont	GetHashCode	0x2050	NoInlining	Public, Final, Virtual, HideBySig	0x1007e2d38	0x949949fd	0x102e3552c	0x102e3552c	mapped	0x102e3552c
Microsoft.iOS	2025	0x060007ea	UIKit.UIFont	get_ClassHandle	0x2050	NoInlining	Public, Final, Virtual, HideBySig, SpecialName	0x1007e2d3c	0x94994a1d	0x102e355b0	0x102e355b0	mapped	0x102e355b0
Microsoft.iOS	2026	0x060007eb	UIKit.UIFont	.ctor	0x2050	NoInlining	FamORAssem, HideBySig, SpecialName, RTSpecialName	0x1007e2d40	0x94994a2d	0x102e355f4	0x102e355f4	mapped	0x102e355f4
Microsoft.iOS	2027	0x060007ec	UIKit.UIFont	_FromName	0x2050	NoInlining	Assembly, Static, HideBySig	0x1007e2d44	0x94994a47	0x102e35660	0x102e35660	mapped	0x102e35660
Microsoft.iOS	2028	0x060007ed	UIKit.UIFont	_SystemFontOfSize	0x2050	NoInlining	Assembly, Static, HideBySig	0x1007e2d48	0x94994a77	0x102e35724	0x102e35724	mapped	0x102e35724
Microsoft.iOS	2029	0x060007ee	UIKit.UIFont	get_Name	0x2050	NoInlining	Public, HideBySig, SpecialName	0x1007e2d4c	0x94994a94	0x102e3579c	0x102e3579c	mapped	0x102e3579c
Microsoft.iOS	2030	0x060007ef	UIKit.UIFont	get_PointSize	0x2050	NoInlining	Public, HideBySig, SpecialName	0x1007e2d50	0x94994aaa	0x102e357f8	0x102e357f8	mapped	0x102e357f8
Microsoft.iOS	2031	0x060007f0	UIKit.UIFont	get_SystemFontSize	0x2050	NoInlining	Public, Static, HideBySig, SpecialName	0x1007e2d54	0x94994abf	0x102e35850	0x102e35850	mapped	0x102e35850
Microsoft.iOS	2032	0x060007f1	UIKit.UIFont	.cctor	0x2050	NoInlining	Private, Static, HideBySig, SpecialName, RTSpecialName	0x1007e2d58	0x94994ad8	0x102e358b8	0x102e358b8	mapped	0x102e358b8
Microsoft.iOS	2033	0x060007f2	UIKit.UIGraphics	UIGraphicsGetCurrentContext	0x0	136	Private, Static, HideBySig, PinvokeImpl	0x1007e2d5c	0x97fff80f	0x1007e0d98		absent	0x1007e0d98
Microsoft.iOS	2034	0x060007f3	UIKit.UIGraphics	BeginImageContext	0x0	136	Public, Static, HideBySig, PinvokeImpl	0x1007e2d60	0x97fff80e	0x1007e0d98		absent	0x1007e0d98
Microsoft.iOS	2035	0x060007f4	UIKit.UIGraphics	BeginImageContextWithOptions	0x0	136	Private, Static, HideBySig, PinvokeImpl	0x1007e2d64	0x97fff80d	0x1007e0d98		absent	0x1007e0d98
Microsoft.iOS	2036	0x060007f5	UIKit.UIGraphics	BeginImageContextWithOptions	0x2050	NoInlining	Public, Static, HideBySig	0x1007e2d68	0x94994aee	0x102e35920	0x102e35920	mapped	0x102e35920
Microsoft.iOS	2037	0x060007f6	UIKit.UIGraphics	UIGraphicsGetImageFromCurrentImageContext	0x0	136	Private, Static, HideBySig, PinvokeImpl	0x1007e2d6c	0x97fff80b	0x1007e0d98		absent	0x1007e0d98
Microsoft.iOS	2038	0x060007f7	UIKit.UIGraphics	EndImageContext	0x0	136	Public, Static, HideBySig, PinvokeImpl	0x1007e2d70	0x97fff80a	0x1007e0d98		absent	0x1007e0d98
Microsoft.iOS	2039	0x060007f8	UIKit.UIGraphics	UIGraphicsBeginPDFContextToFile	0x0	136	Private, Static, HideBySig, PinvokeImpl	0x1007e2d74	0x97fff809	0x1007e0d98		absent	0x1007e0d98
Microsoft.iOS	2040	0x060007f9	UIKit.UIGraphics	BeginPDFContext	0x2050	NoInlining	Public, Static, HideBySig	0x1007e2d78	0x94994b03	0x102e35984	0x102e35984	mapped	0x102e35984
Microsoft.iOS	2041	0x060007fa	UIKit.UIGraphics	UIGraphicsBeginPDFPageWithInfo	0x0	136	Private, Static, HideBySig, PinvokeImpl	0x1007e2d7c	0x97fff807	0x1007e0d98		absent	0x1007e0d98
Microsoft.iOS	2042	0x060007fb	UIKit.UIGraphics	BeginPDFPage	0x2050	NoInlining	Public, Static, HideBySig	0x1007e2d80	0x94994b55	0x102e35ad4	0x102e35ad4	mapped	0x102e35ad4
Microsoft.iOS	2043	0x060007fc	UIKit.UIGraphics	UIGraphicsEndPDFContext	0x0	136	Private, Static, HideBySig, PinvokeImpl	0x1007e2d84	0x97fff805	0x1007e0d98		absent	0x1007e0d98
Microsoft.iOS	2044	0x060007fd	UIKit.UIGraphics	EndPDFContext	0x2050	NoInlining	Public, Static, HideBySig	0x1007e2d88	0x94994b73	0x102e35b54	0x102e35b54	mapped	0x102e35b54
Microsoft.iOS	2045	0x060007fe	UIKit.UIGraphics	EndPDFContent	0x2050	NoInlining	Public, Static, HideBySig	0x1007e2d8c	0x94994b7c	0x102e35b7c	0x102e35b7c	mapped	0x102e35b7c
Microsoft.iOS	2046	0x060007ff	UIKit.UIGraphics	GetImageFromCurrentImageContext	0x2050	NoInlining	Public, Static, HideBySig	0x1007e2d90	0x94994b85	0x102e35ba4	0x102e35ba4	mapped	0x102e35ba4
Microsoft.iOS	2047	0x06000800	UIKit.UIGraphics	GetCurrentContext	0x2050	NoInlining	Public, Static, HideBySig	0x1007e2d94	0x94994bcb	0x102e35cc0	0x102e35cc0	mapped	0x102e35cc0
Microsoft.iOS	2048	0x06000801	UIKit.UIImage	UIImagePNGRepresentation	0x0	136	Private, Static, HideBySig, PinvokeImpl	0x1007e2d98	0x97fff800	0x1007e0d98		absent	0x1007e0d98
Microsoft.iOS	2049	0x06000802	UIKit.UIImage	AsPNG	0x2050	NoInlining	Public, HideBySig	0x1007e2d9c	0x94994bec	0x102e35d4c	0x102e35d4c	mapped	0x102e35d4c
Microsoft.iOS	2050	0x06000803	UIKit.UIImage	UIImageJPEGRepresentation	0x0	136	Private, Static, HideBySig, PinvokeImpl	0x1007e2da0	0x97fff7fe	0x1007e0d98		absent	0x1007e0d98
Microsoft.iOS	2051	0x06000804	UIKit.UIImage	AsJPEG	0x2050	NoInlining	Public, HideBySig	0x1007e2da4	0x94994c32	0x102e35e6c	0x102e35e6c	mapped	0x102e35e6c
Microsoft.iOS	2052	0x06000805	UIKit.UIImage	get_ClassHandle	0x2050	NoInlining	Public, Final, Virtual, HideBySig, SpecialName	0x1007e2da8	0x94994c7d	0x102e35f9c	0x102e35f9c	mapped	0x102e35f9c
Microsoft.iOS	2053	0x06000806	UIKit.UIImage	.ctor	0x2050	NoInlining	FamORAssem, HideBySig, SpecialName, RTSpecialName	0x1007e2dac	0x94994c8d	0x102e35fe0	0x102e35fe0	mapped	0x102e35fe0
Microsoft.iOS	2054	0x06000807	UIKit.UIImage	Draw	0x2050	NoInlining	Public, HideBySig	0x1007e2db0	0x94994ca7	0x102e3604c	0x102e3604c	mapped	0x102e3604c
Microsoft.iOS	2055	0x06000808	UIKit.UIImage	Draw	0x2050	NoInlining	Public, HideBySig	0x1007e2db4	0x94994cc2	0x102e360bc	0x102e360bc	mapped	0x102e360bc
Microsoft.iOS	2056	0x06000809	UIKit.UIImage	FromImage	0x2050	NoInlining	Public, Static, HideBySig	0x1007e2db8	0x94994ce3	0x102e36144	0x102e36144	mapped	0x102e36144
Microsoft.iOS	2057	0x0600080a	UIKit.UIImage	LoadFromData	0x2050	NoInlining	Public, Static, HideBySig	0x1007e2dbc	0x94994d33	0x102e36288	0x102e36288	mapped	0x102e36288
Microsoft.iOS	2058	0x0600080b	UIKit.UIImage	get_CGImage	0x2050	NoInlining	Public, HideBySig, SpecialName	0x1007e2dc0	0x94994d7d	0x102e363b4	0x102e363b4	mapped	0x102e363b4
Microsoft.iOS	2059	0x0600080c	UIKit.UIImage	get_CurrentScale	0x2050	NoInlining	Public, HideBySig, SpecialName	0x1007e2dc4	0x94994da1	0x102e36448	0x102e36448	mapped	0x102e36448
Microsoft.iOS	2060	0x0600080d	UIKit.UIImage	get_Orientation	0x2050	NoInlining	Public, HideBySig, SpecialName	0x1007e2dc8	0x94994db6	0x102e364a0	0x102e364a0	mapped	0x102e364a0
Microsoft.iOS	2061	0x0600080e	UIKit.UIImage	get_Size	0x2050	NoInlining	Public, HideBySig, SpecialName	0x1007e2dcc	0x94994dcb	0x102e364f8	0x102e364f8	mapped	0x102e364f8
Microsoft.iOS	2062	0x0600080f	UIKit.UIImage	.cctor	0x2050	NoInlining	Private, Static, HideBySig, SpecialName, RTSpecialName	0x1007e2dd0	0x94994e1a	0x102e36638	0x102e36638	mapped	0x102e36638
Microsoft.iOS	2063	0x06000810	UIKit.UIImagePickerController	get_ClassHandle	0x2050	NoInlining	Public, Final, Virtual, HideBySig, SpecialName	0x1007e2dd4	0x94994e33	0x102e366a0	0x102e366a0	mapped	0x102e366a0
Microsoft.iOS	2064	0x06000811	UIKit.UIImagePickerController	.ctor	0x2050	NoInlining	FamORAssem, HideBySig, SpecialName, RTSpecialName	0x1007e2dd8	0x94994e43	0x102e366e4	0x102e366e4	mapped	0x102e366e4
Microsoft.iOS	2065	0x06000812	UIKit.UIImagePickerController	Dispose	0x2050	NoInlining	Family, Final, Virtual, HideBySig	0x1007e2ddc	0x94994e5d	0x102e36750	0x102e36750	mapped	0x102e36750
Microsoft.iOS	2066	0x06000813	UIKit.UIImagePickerController	.cctor	0x2050	NoInlining	Private, Static, HideBySig, SpecialName, RTSpecialName	0x1007e2de0	0x94994e72	0x102e367a8	0x102e367a8	mapped	0x102e367a8
Microsoft.iOS	2067	0x06000814	UIKit.UIKitSynchronizationContext	Post	0x2050	NoInlining	Public, Final, Virtual, HideBySig	0x1007e2de4	0x94994e8b	0x102e36810	0x102e36810	mapped	0x102e36810
Microsoft.iOS	2068	0x06000815	UIKit.UIKitSynchronizationContext	Send	0x2050	NoInlining	Public, Final, Virtual, HideBySig	0x1007e2de8	0x94994ea2	0x102e36870	0x102e36870	mapped	0x102e36870
Microsoft.iOS	2069	0x06000816	UIKit.UIKitSynchronizationContext	.ctor	0x2050	NoInlining	Public, HideBySig, SpecialName, RTSpecialName	0x1007e2dec	0x94994eb9	0x102e368d0	0x102e368d0	mapped	0x102e368d0
Microsoft.iOS	2070	0x06000817	UIKit.UINavigationController	get_ClassHandle	0x2050	NoInlining	Public, Virtual, HideBySig, SpecialName	0x1007e2df0	0x94994eb9	0x102e368d4	0x102e368d4	mapped	0x102e368d4
Microsoft.iOS	2071	0x06000818	UIKit.UINavigationController	.ctor	0x2050	NoInlining	FamORAssem, HideBySig, SpecialName, RTSpecialName	0x1007e2df4	0x94994ec9	0x102e36918	0x102e36918	mapped	0x102e36918
Microsoft.iOS	2072	0x06000819	UIKit.UINavigationController	Dispose	0x2050	NoInlining	Family, Virtual, HideBySig	0x1007e2df8	0x94994ee3	0x102e36984	0x102e36984	mapped	0x102e36984
Microsoft.iOS	2073	0x0600081a	UIKit.UINavigationController	.cctor	0x2050	NoInlining	Private, Static, HideBySig, SpecialName, RTSpecialName	0x1007e2dfc	0x94994ef8	0x102e369dc	0x102e369dc	mapped	0x102e369dc
Microsoft.iOS	2074	0x0600081b	UIKit.UIScreen	get_ClassHandle	0x2050	NoInlining	Public, Final, Virtual, HideBySig, SpecialName	0x1007e2e00	0x94994f11	0x102e36a44	0x102e36a44	mapped	0x102e36a44
Microsoft.iOS	2075	0x0600081c	UIKit.UIScreen	.ctor	0x2050	NoInlining	FamORAssem, HideBySig, SpecialName, RTSpecialName	0x1007e2e04	0x94994f21	0x102e36a88	0x102e36a88	mapped	0x102e36a88
Microsoft.iOS	2076	0x0600081d	UIKit.UIScreen	CreateDisplayLink	0x2050	NoInlining	Public, HideBySig	0x1007e2e08	0x94994f3b	0x102e36af4	0x102e36af4	mapped	0x102e36af4
Microsoft.iOS	2077	0x0600081e	UIKit.UIScreen	get_Bounds	0x2050	NoInlining	Public, HideBySig, SpecialName	0x1007e2e0c	0x94994f71	0x102e36bd0	0x102e36bd0	mapped	0x102e36bd0
Microsoft.iOS	2078	0x0600081f	UIKit.UIScreen	get_MainScreen	0x2050	NoInlining	Public, Static, HideBySig, SpecialName	0x1007e2e10	0x94994f86	0x102e36c28	0x102e36c28	mapped	0x102e36c28
Microsoft.iOS	2079	0x06000820	UIKit.UIScreen	get_NativeBounds	0x2050	NoInlining	Public, HideBySig, SpecialName	0x1007e2e14	0x94994fa2	0x102e36c9c	0x102e36c9c	mapped	0x102e36c9c
Microsoft.iOS	2080	0x06000821	UIKit.UIScreen	get_Scale	0x2050	NoInlining	Public, HideBySig, SpecialName	0x1007e2e18	0x94994fb7	0x102e36cf4	0x102e36cf4	mapped	0x102e36cf4
Microsoft.iOS	2081	0x06000822	UIKit.UIScreen	Dispose	0x2050	NoInlining	Family, Final, Virtual, HideBySig	0x1007e2e1c	0x94994fcc	0x102e36d4c	0x102e36d4c	mapped	0x102e36d4c
Microsoft.iOS	2082	0x06000823	UIKit.UIScreen	.cctor	0x2050	NoInlining	Private, Static, HideBySig, SpecialName, RTSpecialName	0x1007e2e20	0x94994fe1	0x102e36da4	0x102e36da4	mapped	0x102e36da4
Microsoft.iOS	2083	0x06000824	UIKit.UIStringAttributes	.ctor	0x2050	NoInlining	Public, HideBySig, SpecialName, RTSpecialName	0x1007e2e24	0x94994ffa	0x102e36e0c	0x102e36e0c	mapped	0x102e36e0c
Microsoft.iOS	2084	0x06000825	UIKit.UIStringAttributes	set_Font	0x2050	NoInlining	Public, HideBySig, SpecialName	0x1007e2e28	0x94995018	0x102e36e88	0x102e36e88	mapped	0x102e36e88
Microsoft.iOS	2085	0x06000826	UIKit.UITextField	get_ClassHandle	0x2050	NoInlining	Public, Final, Virtual, HideBySig, SpecialName	0x1007e2e2c	0x9499502a	0x102e36ed4	0x102e36ed4	mapped	0x102e36ed4
Microsoft.iOS	2086	0x06000827	UIKit.UITextField	.ctor	0x2050	NoInlining	FamORAssem, HideBySig, SpecialName, RTSpecialName	0x1007e2e30	0x9499503a	0x102e36f18	0x102e36f18	mapped	0x102e36f18
Microsoft.iOS	2087	0x06000828	UIKit.UITextField	set_AutocapitalizationType	0x2050	NoInlining	Public, HideBySig, SpecialName	0x1007e2e34	0x94995054	0x102e36f84	0x102e36f84	mapped	0x102e36f84
Microsoft.iOS	2088	0x06000829	UIKit.UITextField	set_AutocorrectionType	0x2050	NoInlining	Public, HideBySig, SpecialName	0x1007e2e38	0x9499506b	0x102e36fe4	0x102e36fe4	mapped	0x102e36fe4
Microsoft.iOS	2089	0x0600082a	UIKit.UITextField	set_KeyboardType	0x2050	NoInlining	Public, HideBySig, SpecialName	0x1007e2e3c	0x94995082	0x102e37044	0x102e37044	mapped	0x102e37044
Microsoft.iOS	2090	0x0600082b	UIKit.UITextField	get_Text	0x2050	NoInlining	Public, HideBySig, SpecialName	0x1007e2e40	0x94995099	0x102e370a4	0x102e370a4	mapped	0x102e370a4
Microsoft.iOS	2091	0x0600082c	UIKit.UITextField	set_Text	0x2050	NoInlining	Public, HideBySig, SpecialName	0x1007e2e44	0x949950af	0x102e37100	0x102e37100	mapped	0x102e37100
Microsoft.iOS	2092	0x0600082d	UIKit.UITextField	Dispose	0x2050	NoInlining	Family, Final, Virtual, HideBySig	0x1007e2e48	0x949950cb	0x102e37174	0x102e37174	mapped	0x102e37174
Microsoft.iOS	2093	0x0600082e	UIKit.UITextField	.cctor	0x2050	NoInlining	Private, Static, HideBySig, SpecialName, RTSpecialName	0x1007e2e4c	0x949950e0	0x102e371cc	0x102e371cc	mapped	0x102e371cc
Microsoft.iOS	2094	0x0600082f	UIKit.UIPresentationController	get_ClassHandle	0x2050	NoInlining	Public, Final, Virtual, HideBySig, SpecialName	0x1007e2e50	0x949950f9	0x102e37234	0x102e37234	mapped	0x102e37234
Microsoft.iOS	2095	0x06000830	UIKit.UIPresentationController	.ctor	0x2050	NoInlining	FamORAssem, HideBySig, SpecialName, RTSpecialName	0x1007e2e54	0x94995109	0x102e37278	0x102e37278	mapped	0x102e37278
Microsoft.iOS	2096	0x06000831	UIKit.UIPresentationController	Dispose	0x2050	NoInlining	Family, Final, Virtual, HideBySig	0x1007e2e58	0x94995123	0x102e372e4	0x102e372e4	mapped	0x102e372e4
Microsoft.iOS	2097	0x06000832	UIKit.UIPresentationController	.cctor	0x2050	NoInlining	Private, Static, HideBySig, SpecialName, RTSpecialName	0x1007e2e5c	0x94995138	0x102e3733c	0x102e3733c	mapped	0x102e3733c
Microsoft.iOS	2098	0x06000833	UIKit.UIView	Add	0x2050	NoInlining	Public, HideBySig	0x1007e2e60	0x94995151	0x102e373a4	0x102e373a4	mapped	0x102e373a4
Microsoft.iOS	2099	0x06000834	UIKit.UIView	GetEnumerator	0x2050	NoInlining	Public, Final, Virtual, HideBySig, VtableLayoutMask	0x1007e2e64	0x94995166	0x102e373fc	0x102e373fc	mapped	0x102e373fc
Microsoft.iOS	2100	0x06000835	UIKit.UIView	get_ClassHandle	0x2050	NoInlining	Public, Virtual, HideBySig, SpecialName	0x1007e2e68	0x94995189	0x102e3748c	0x102e3748c	mapped	0x102e3748c
Microsoft.iOS	2101	0x06000836	UIKit.UIView	.ctor	0x2050	NoInlining	Public, HideBySig, SpecialName, RTSpecialName	0x1007e2e6c	0x94995199	0x102e374d0	0x102e374d0	mapped	0x102e374d0
Microsoft.iOS	2102	0x06000837	UIKit.UIView	.ctor	0x2050	NoInlining	Family, HideBySig, SpecialName, RTSpecialName	0x1007e2e70	0x949951c9	0x102e37594	0x102e37594	mapped	0x102e37594
Microsoft.iOS	2103	0x06000838	UIKit.UIView	.ctor	0x2050	NoInlining	FamORAssem, HideBySig, SpecialName, RTSpecialName	0x1007e2e74	0x949951e1	0x102e375f8	0x102e375f8	mapped	0x102e375f8
Microsoft.iOS	2104	0x06000839	UIKit.UIView	.ctor	0x2050	NoInlining	Public, HideBySig, SpecialName, RTSpecialName	0x1007e2e78	0x949951fb	0x102e37664	0x102e37664	mapped	0x102e37664
Microsoft.iOS	2105	0x0600083a	UIKit.UIView	AddSubview	0x2050	NoInlining	Public, Final, Virtual, HideBySig, VtableLayoutMask	0x1007e2e7c	0x9499523b	0x102e37768	0x102e37768	mapped	0x102e37768
Microsoft.iOS	2106	0x0600083b	UIKit.UIView	Draw	0x2050	NoInlining	Public, Virtual, HideBySig, VtableLayoutMask	0x1007e2e80	0x9499526c	0x102e37830	0x102e37830	mapped	0x102e37830
Microsoft.iOS	2107	0x0600083c	UIKit.UIView	LayoutSubviews	0x2050	NoInlining	Public, Virtual, HideBySig, VtableLayoutMask	0x1007e2e84	0x9499529a	0x102e378ec	0x102e378ec	mapped	0x102e378ec
Microsoft.iOS	2108	0x0600083d	UIKit.UIView	RemoveFromSuperview	0x2050	NoInlining	Public, Final, Virtual, HideBySig, VtableLayoutMask	0x1007e2e88	0x949952b8	0x102e37968	0x102e37968	mapped	0x102e37968
Microsoft.iOS	2109	0x0600083e	UIKit.UIView	SetNeedsDisplay	0x2050	NoInlining	Public, Final, Virtual, HideBySig, VtableLayoutMask	0x1007e2e8c	0x949952d6	0x102e379e4	0x102e379e4	mapped	0x102e379e4
Microsoft.iOS	2110	0x0600083f	UIKit.UIView	SetNeedsDisplayInRect	0x2050	NoInlining	Public, Final, Virtual, HideBySig, VtableLayoutMask	0x1007e2e90	0x949952f4	0x102e37a60	0x102e37a60	mapped	0x102e37a60
Microsoft.iOS	2111	0x06000840	UIKit.UIView	WillMoveToSuperview	0x2050	NoInlining	Public, Virtual, HideBySig, VtableLayoutMask	0x1007e2e94	0x94995322	0x102e37b1c	0x102e37b1c	mapped	0x102e37b1c
Microsoft.iOS	2112	0x06000841	UIKit.UIView	set_AutoresizingMask	0x2050	NoInlining	Public, Final, Virtual, HideBySig, VtableLayoutMask, SpecialName	0x1007e2e98	0x94995346	0x102e37bb0	0x102e37bb0	mapped	0x102e37bb0
Microsoft.iOS	2113	0x06000842	UIKit.UIView	set_BackgroundColor	0x2050	NoInlining	Public, Final, Virtual, HideBySig, VtableLayoutMask, SpecialName	0x1007e2e9c	0x94995367	0x102e37c38	0x102e37c38	mapped	0x102e37c38
Microsoft.iOS	2114	0x06000843	UIKit.UIView	get_Bounds	0x2050	NoInlining	Public, Virtual, HideBySig, VtableLayoutMask, SpecialName	0x1007e2ea0	0x9499538b	0x102e37ccc	0x102e37ccc	mapped	0x102e37ccc
Microsoft.iOS	2115	0x06000844	UIKit.UIView	set_Bounds	0x2050	NoInlining	Public, Virtual, HideBySig, VtableLayoutMask, SpecialName	0x1007e2ea4	0x949953a9	0x102e37d48	0x102e37d48	mapped	0x102e37d48
Microsoft.iOS	2116	0x06000845	UIKit.UIView	get_ContentScaleFactor	0x2050	NoInlining	Public, Final, Virtual, HideBySig, VtableLayoutMask, SpecialName	0x1007e2ea8	0x949953d7	0x102e37e04	0x102e37e04	mapped	0x102e37e04
Microsoft.iOS	2117	0x06000846	UIKit.UIView	get_Frame	0x2050	NoInlining	Public, Final, Virtual, HideBySig, VtableLayoutMask, SpecialName	0x1007e2eac	0x949953f5	0x102e37e80	0x102e37e80	mapped	0x102e37e80
Microsoft.iOS	2118	0x06000847	UIKit.UIView	get_Layer	0x2050	NoInlining	Public, Final, Virtual, HideBySig, VtableLayoutMask, SpecialName	0x1007e2eb0	0x94995413	0x102e37efc	0x102e37efc	mapped	0x102e37efc
Microsoft.iOS	2119	0x06000848	UIKit.UIView	set_MultipleTouchEnabled	0x2050	NoInlining	Public, Final, Virtual, HideBySig, VtableLayoutMask, SpecialName	0x1007e2eb4	0x9499543f	0x102e37fb0	0x102e37fb0	mapped	0x102e37fb0
Microsoft.iOS	2120	0x06000849	UIKit.UIView	set_Opaque	0x2050	NoInlining	Public, Final, Virtual, HideBySig, VtableLayoutMask, SpecialName	0x1007e2eb8	0x94995462	0x102e38040	0x102e38040	mapped	0x102e38040
Microsoft.iOS	2121	0x0600084a	UIKit.UIView	get_Subviews	0x2050	NoInlining	Public, Final, Virtual, HideBySig, VtableLayoutMask, SpecialName	0x1007e2ebc	0x94995485	0x102e380d0	0x102e380d0	mapped	0x102e380d0
Microsoft.iOS	2122	0x0600084b	UIKit.UIView	get_Window	0x2050	NoInlining	Public, Final, Virtual, HideBySig, VtableLayoutMask, SpecialName	0x1007e2ec0	0x949954b1	0x102e38184	0x102e38184	mapped	0x102e38184
Microsoft.iOS	2123	0x0600084c	UIKit.UIView	Dispose	0x2050	NoInlining	Family, Virtual, HideBySig	0x1007e2ec4	0x949954dd	0x102e38238	0x102e38238	mapped	0x102e38238
Microsoft.iOS	2124	0x0600084d	UIKit.UIView	.cctor	0x2050	NoInlining	Private, Static, HideBySig, SpecialName, RTSpecialName	0x1007e2ec8	0x949954f2	0x102e38290	0x102e38290	mapped	0x102e38290
Microsoft.iOS	2125	0x0600084e	UIKit.UIView+<GetEnumerator>d__5	.ctor	0x2050	NoInlining	Public, HideBySig, SpecialName, RTSpecialName	0x1007e2ecc	0x9499550b	0x102e382f8	0x102e382f8	mapped	0x102e382f8
Microsoft.iOS	2126	0x0600084f	UIKit.UIView+<GetEnumerator>d__5	System.IDisposable.Dispose	0x2050	NoInlining	Private, Final, Virtual, HideBySig, VtableLayoutMask	0x1007e2ed0	0x94995513	0x102e3831c	0x102e3831c	mapped	0x102e3831c
Microsoft.iOS	2127	0x06000850	UIKit.UIView+<GetEnumerator>d__5	MoveNext	0x2050	NoInlining	Private, Final, Virtual, HideBySig, VtableLayoutMask	0x1007e2ed4	0x94995513	0x102e38320	0x102e38320	mapped	0x102e38320
Microsoft.iOS	2128	0x06000851	UIKit.UIView+<GetEnumerator>d__5	System.Collections.Generic.IEnumerator<System.Object>.get_Current	0x2050	NoInlining	Private, Final, Virtual, HideBySig, VtableLayoutMask, SpecialName	0x1007e2ed8	0x9499555d	0x102e3844c	0x102e3844c	mapped	0x102e3844c
Microsoft.iOS	2129	0x06000852	UIKit.UIView+<GetEnumerator>d__5	System.Collections.IEnumerator.Reset	0x2050	NoInlining	Private, Final, Virtual, HideBySig, VtableLayoutMask	0x1007e2edc	0x94995565	0x102e38470	0x102e38470	mapped	0x102e38470
Microsoft.iOS	2130	0x06000853	UIKit.UIView+<GetEnumerator>d__5	System.Collections.IEnumerator.get_Current	0x2050	NoInlining	Private, Final, Virtual, HideBySig, VtableLayoutMask, SpecialName	0x1007e2ee0	0x9499556f	0x102e3849c	0x102e3849c	mapped	0x102e3849c
Microsoft.iOS	2131	0x06000854	UIKit.UIViewController	GetEnumerator	0x2050	NoInlining	Public, Final, Virtual, HideBySig, VtableLayoutMask	0x1007e2ee4	0x94995577	0x102e384c0	0x102e384c0	mapped	0x102e384c0
Microsoft.iOS	2132	0x06000855	UIKit.UIViewController	get_ClassHandle	0x2050	NoInlining	Public, Virtual, HideBySig, SpecialName	0x1007e2ee8	0x9499559a	0x102e38550	0x102e38550	mapped	0x102e38550
Microsoft.iOS	2133	0x06000856	UIKit.UIViewController	.ctor	0x2050	NoInlining	Public, HideBySig, SpecialName, RTSpecialName	0x1007e2eec	0x949955aa	0x102e38594	0x102e38594	mapped	0x102e38594
Microsoft.iOS	2134	0x06000857	UIKit.UIViewController	.ctor	0x2050	NoInlining	Family, HideBySig, SpecialName, RTSpecialName	0x1007e2ef0	0x949955da	0x102e38658	0x102e38658	mapped	0x102e38658
Microsoft.iOS	2135	0x06000858	UIKit.UIViewController	.ctor	0x2050	NoInlining	FamORAssem, HideBySig, SpecialName, RTSpecialName	0x1007e2ef4	0x949955f2	0x102e386bc	0x102e386bc	mapped	0x102e386bc
Microsoft.iOS	2136	0x06000859	UIKit.UIViewController	DidRotate	0x2050	NoInlining	Public, Virtual, HideBySig, VtableLayoutMask	0x1007e2ef8	0x9499560c	0x102e38728	0x102e38728	mapped	0x102e38728
Microsoft.iOS	2137	0x0600085a	UIKit.UIViewController	DismissModalViewController	0x2050	NoInlining	Public, Final, Virtual, HideBySig, VtableLayoutMask	0x1007e2efc	0x9499562d	0x102e387b0	0x102e387b0	mapped	0x102e387b0
Microsoft.iOS	2138	0x0600085b	UIKit.UIViewController	DismissViewController	0x2050	NoInlining	Public, Final, Virtual, HideBySig, VtableLayoutMask	0x1007e2f00	0x94995650	0x102e38840	0x102e38840	mapped	0x102e38840
Microsoft.iOS	2139	0x0600085c	UIKit.UIViewController	GetSupportedInterfaceOrientations	0x2050	NoInlining	Public, Virtual, HideBySig, VtableLayoutMask	0x1007e2f04	0x9499569f	0x102e38980	0x102e38980	mapped	0x102e38980
Microsoft.iOS	2140	0x0600085d	UIKit.UIViewController	LoadView	0x2050	NoInlining	Public, Virtual, HideBySig, VtableLayoutMask	0x1007e2f08	0x949956bd	0x102e389fc	0x102e389fc	mapped	0x102e389fc
Microsoft.iOS	2141	0x0600085e	UIKit.UIViewController	PrefersStatusBarHidden	0x2050	NoInlining	Public, Virtual, HideBySig, VtableLayoutMask	0x1007e2f0c	0x949956db	0x102e38a78	0x102e38a78	mapped	0x102e38a78
Microsoft.iOS	2142	0x0600085f	UIKit.UIViewController	PresentViewController	0x2050	NoInlining	Public, Final, Virtual, HideBySig, VtableLayoutMask	0x1007e2f10	0x949956fb	0x102e38afc	0x102e38afc	mapped	0x102e38afc
Microsoft.iOS	2143	0x06000860	UIKit.UIViewController	RemoveFromParentViewController	0x2050	NoInlining	Public, Final, Virtual, HideBySig, VtableLayoutMask	0x1007e2f14	0x9499575d	0x102e38c88	0x102e38c88	mapped	0x102e38c88
Microsoft.iOS	2144	0x06000861	UIKit.UIViewController	ShouldAutorotate	0x2050	NoInlining	Public, Virtual, HideBySig, VtableLayoutMask	0x1007e2f18	0x9499577b	0x102e38d04	0x102e38d04	mapped	0x102e38d04
Microsoft.iOS	2145	0x06000862	UIKit.UIViewController	ShouldAutorotateToInterfaceOrientation	0x2050	NoInlining	Public, Virtual, HideBySig, VtableLayoutMask	0x1007e2f1c	0x9499579b	0x102e38d88	0x102e38d88	mapped	0x102e38d88
Microsoft.iOS	2146	0x06000863	UIKit.UIViewController	ViewWillTransitionToSize	0x2050	NoInlining	Public, Virtual, HideBySig, VtableLayoutMask	0x1007e2f20	0x949957be	0x102e38e18	0x102e38e18	mapped	0x102e38e18
Microsoft.iOS	2147	0x06000864	UIKit.UIViewController	get_InterfaceOrientation	0x2050	NoInlining	Public, Final, Virtual, HideBySig, VtableLayoutMask, SpecialName	0x1007e2f24	0x949957f7	0x102e38f00	0x102e38f00	mapped	0x102e38f00
Microsoft.iOS	2148	0x06000865	UIKit.UIViewController	get_ParentViewController	0x2050	NoInlining	Public, Final, Virtual, HideBySig, VtableLayoutMask, SpecialName	0x1007e2f28	0x94995815	0x102e38f7c	0x102e38f7c	mapped	0x102e38f7c
Microsoft.iOS	2149	0x06000866	UIKit.UIViewController	get_PreferredScreenEdgesDeferringSystemGestures	0x2050	NoInlining	Public, Virtual, HideBySig, VtableLayoutMask, SpecialName	0x1007e2f2c	0x94995841	0x102e39030	0x102e39030	mapped	0x102e39030
Microsoft.iOS	2150	0x06000867	UIKit.UIViewController	set_Title	0x2050	NoInlining	Public, Virtual, HideBySig, VtableLayoutMask, SpecialName	0x1007e2f30	0x9499585f	0x102e390ac	0x102e390ac	mapped	0x102e390ac
Microsoft.iOS	2151	0x06000868	UIKit.UIViewController	get_View	0x2050	NoInlining	Public, Final, Virtual, HideBySig, VtableLayoutMask, SpecialName	0x1007e2f34	0x94995885	0x102e39148	0x102e39148	mapped	0x102e39148
Microsoft.iOS	2152	0x06000869	UIKit.UIViewController	set_View	0x2050	NoInlining	Public, Final, Virtual, HideBySig, VtableLayoutMask, SpecialName	0x1007e2f38	0x949958b1	0x102e391fc	0x102e391fc	mapped	0x102e391fc
Microsoft.iOS	2153	0x0600086a	UIKit.UIViewController	Dispose	0x2050	NoInlining	Family, Virtual, HideBySig	0x1007e2f3c	0x949958d5	0x102e39290	0x102e39290	mapped	0x102e39290
Microsoft.iOS	2154	0x0600086b	UIKit.UIViewController	.cctor	0x2050	NoInlining	Private, Static, HideBySig, SpecialName, RTSpecialName	0x1007e2f40	0x949958ea	0x102e392e8	0x102e392e8	mapped	0x102e392e8
Microsoft.iOS	2155	0x0600086c	UIKit.UIViewController+<GetEnumerator>d__7	.ctor	0x2050	NoInlining	Public, HideBySig, SpecialName, RTSpecialName	0x1007e2f44	0x94995903	0x102e39350	0x102e39350	mapped	0x102e39350
Microsoft.iOS	2156	0x0600086d	UIKit.UIViewController+<GetEnumerator>d__7	System.IDisposable.Dispose	0x2050	NoInlining	Private, Final, Virtual, HideBySig, VtableLayoutMask	0x1007e2f48	0x9499590b	0x102e39374	0x102e39374	mapped	0x102e39374
Microsoft.iOS	2157	0x0600086e	UIKit.UIViewController+<GetEnumerator>d__7	MoveNext	0x2050	NoInlining	Private, Final, Virtual, HideBySig, VtableLayoutMask	0x1007e2f4c	0x9499590b	0x102e39378	0x102e39378	mapped	0x102e39378
Microsoft.iOS	2158	0x0600086f	UIKit.UIViewController+<GetEnumerator>d__7	System.Collections.Generic.IEnumerator<System.Object>.get_Current	0x2050	NoInlining	Private, Final, Virtual, HideBySig, VtableLayoutMask, SpecialName	0x1007e2f50	0x9499595a	0x102e394b8	0x102e394b8	mapped	0x102e394b8
Microsoft.iOS	2159	0x06000870	UIKit.UIViewController+<GetEnumerator>d__7	System.Collections.IEnumerator.Reset	0x2050	NoInlining	Private, Final, Virtual, HideBySig, VtableLayoutMask	0x1007e2f54	0x94995962	0x102e394dc	0x102e394dc	mapped	0x102e394dc
Microsoft.iOS	2160	0x06000871	UIKit.UIViewController+<GetEnumerator>d__7	System.Collections.IEnumerator.get_Current	0x2050	NoInlining	Private, Final, Virtual, HideBySig, VtableLayoutMask, SpecialName	0x1007e2f58	0x9499596c	0x102e39508	0x102e39508	mapped	0x102e39508
Microsoft.iOS	2161	0x06000872	UIKit.UIWindow	get_ClassHandle	0x2050	NoInlining	Public, Final, Virtual, HideBySig, SpecialName	0x1007e2f5c	0x94995974	0x102e3952c	0x102e3952c	mapped	0x102e3952c
Microsoft.iOS	2162	0x06000873	UIKit.UIWindow	.ctor	0x2050	NoInlining	FamORAssem, HideBySig, SpecialName, RTSpecialName	0x1007e2f60	0x94995984	0x102e39570	0x102e39570	mapped	0x102e39570
Microsoft.iOS	2163	0x06000874	UIKit.UIWindow	.ctor	0x2050	NoInlining	Public, HideBySig, SpecialName, RTSpecialName	0x1007e2f64	0x9499599e	0x102e395dc	0x102e395dc	mapped	0x102e395dc
Microsoft.iOS	2164	0x06000875	UIKit.UIWindow	MakeKeyAndVisible	0x2050	NoInlining	Public, HideBySig	0x1007e2f68	0x949959d2	0x102e396b0	0x102e396b0	mapped	0x102e396b0
Microsoft.iOS	2165	0x06000876	UIKit.UIWindow	get_RootViewController	0x2050	NoInlining	Public, HideBySig, SpecialName	0x1007e2f6c	0x949959e7	0x102e39708	0x102e39708	mapped	0x102e39708
Microsoft.iOS	2166	0x06000877	UIKit.UIWindow	set_RootViewController	0x2050	NoInlining	Public, HideBySig, SpecialName	0x1007e2f70	0x94995a0a	0x102e39798	0x102e39798	mapped	0x102e39798
Microsoft.iOS	2167	0x06000878	UIKit.UIWindow	get_Screen	0x2050	NoInlining	Public, HideBySig, SpecialName	0x1007e2f74	0x94995a23	0x102e39800	0x102e39800	mapped	0x102e39800
Microsoft.iOS	2168	0x06000879	UIKit.UIWindow	Dispose	0x2050	NoInlining	Family, Final, Virtual, HideBySig	0x1007e2f78	0x94995a46	0x102e39890	0x102e39890	mapped	0x102e39890
Microsoft.iOS	2169	0x0600087a	UIKit.UIWindow	.cctor	0x2050	NoInlining	Private, Static, HideBySig, SpecialName, RTSpecialName	0x1007e2f7c	0x94995a5b	0x102e398e8	0x102e398e8	mapped	0x102e398e8
Microsoft.iOS	2170	0x0600087b	UIKit.UIAlertViewPredicate	.ctor	0x0	11	Public, HideBySig, SpecialName, RTSpecialName	0x1007e2f80	0x97fff786	0x1007e0d98		absent	0x1007e0d98
Microsoft.iOS	2171	0x0600087c	UIKit.UIAlertViewPredicate	Invoke	0x0	11	Public, Virtual, HideBySig, VtableLayoutMask	0x1007e2f84	0x97fff785	0x1007e0d98		absent	0x1007e0d98
Microsoft.iOS	2172	0x0600087d	UIKit.UIApplicationRestorationHandler	.ctor	0x0	11	Public, HideBySig, SpecialName, RTSpecialName	0x1007e2f88	0x97fff784	0x1007e0d98		absent	0x1007e0d98
Microsoft.iOS	2173	0x0600087e	UIKit.UIApplicationRestorationHandler	Invoke	0x0	11	Public, Virtual, HideBySig, VtableLayoutMask	0x1007e2f8c	0x97fff783	0x1007e0d98		absent	0x1007e0d98
Microsoft.iOS	2174	0x0600087f	UIKit.NSExtendedStringDrawing	GetBoundingRect	0x2050	NoInlining	Public, Static, HideBySig	0x1007e2f90	0x94995a70	0x102e39950	0x102e39950	mapped	0x102e39950
Microsoft.iOS	2175	0x06000880	UIKit.NSExtendedStringDrawing	WeakGetBoundingRect	0x2050	NoInlining	Public, Static, HideBySig	0x1007e2f94	0x94995a8e	0x102e399cc	0x102e399cc	mapped	0x102e399cc
Microsoft.iOS	2176	0x06000881	UIKit.UIButtonEventArgs	.ctor	0x2050	NoInlining	Public, HideBySig, SpecialName, RTSpecialName	0x1007e2f98	0x94995ab6	0x102e39a70	0x102e39a70	mapped	0x102e39a70
Microsoft.iOS	2177	0x06000882	UIKit.UIButtonEventArgs	get_ButtonIndex	0x2050	NoInlining	Public, HideBySig, SpecialName	0x1007e2f9c	0x94995abe	0x102e39a94	0x102e39a94	mapped	0x102e39a94
Microsoft.iOS	2178	0x06000883	UIKit.UIButtonEventArgs	set_ButtonIndex	0x2050	NoInlining	Public, HideBySig, SpecialName	0x1007e2fa0	0x94995ac6	0x102e39ab8	0x102e39ab8	mapped	0x102e39ab8
Microsoft.iOS	2179	0x06000884	UIKit.UIActivityItemSource	.ctor	0x2050	NoInlining	Family, HideBySig, SpecialName, RTSpecialName	0x1007e2fa4	0x94995ace	0x102e39adc	0x102e39adc	mapped	0x102e39adc
Microsoft.iOS	2180	0x06000885	UIKit.UIActivityItemSource	.ctor	0x2050	NoInlining	FamORAssem, HideBySig, SpecialName, RTSpecialName	0x1007e2fa8	0x94995af5	0x102e39b7c	0x102e39b7c	mapped	0x102e39b7c
Microsoft.iOS	2181	0x06000886	UIKit.UIActivityItemSource	GetItemForActivity	0x2050	NoInlining	Public, Virtual, HideBySig, VtableLayoutMask	0x1007e2fac	0x94995b09	0x102e39bd0	0x102e39bd0	mapped	0x102e39bd0
Microsoft.iOS	2182	0x06000887	UIKit.UIActivityItemSource	GetLinkMetadata	0x2050	NoInlining	Public, Virtual, HideBySig, VtableLayoutMask	0x1007e2fb0	0x94995b20	0x102e39c30	0x102e39c30	mapped	0x102e39c30
Microsoft.iOS	2183	0x06000888	UIKit.UIActivityItemSource	GetPlaceholderData	0x2050	NoInlining	Public, Virtual, HideBySig, VtableLayoutMask	0x1007e2fb4	0x94995b37	0x102e39c90	0x102e39c90	mapped	0x102e39c90
Microsoft.iOS	2184	0x06000889	UIKit.UIActivityViewController	get_ClassHandle	0x2050	NoInlining	Public, Final, Virtual, HideBySig, SpecialName	0x1007e2fb8	0x94995b4e	0x102e39cf0	0x102e39cf0	mapped	0x102e39cf0
Microsoft.iOS	2185	0x0600088a	UIKit.UIActivityViewController	.ctor	0x2050	NoInlining	FamORAssem, HideBySig, SpecialName, RTSpecialName	0x1007e2fbc	0x94995b5e	0x102e39d34	0x102e39d34	mapped	0x102e39d34
Microsoft.iOS	2186	0x0600088b	UIKit.UIActivityViewController	.cctor	0x2050	NoInlining	Private, Static, HideBySig, SpecialName, RTSpecialName	0x1007e2fc0	0x94995b78	0x102e39da0	0x102e39da0	mapped	0x102e39da0
Microsoft.iOS	2187	0x0600088c	UIKit.UIAdaptivePresentationControllerDelegate	.ctor	0x2050	NoInlining	Public, HideBySig, SpecialName, RTSpecialName	0x1007e2fc4	0x94995b91	0x102e39e08	0x102e39e08	mapped	0x102e39e08
Microsoft.iOS	2188	0x0600088d	UIKit.UIAdaptivePresentationControllerDelegate	.ctor	0x2050	NoInlining	FamORAssem, HideBySig, SpecialName, RTSpecialName	0x1007e2fc8	0x94995bb8	0x102e39ea8	0x102e39ea8	mapped	0x102e39ea8
Microsoft.iOS	2189	0x0600088e	UIKit.UIAdaptivePresentationControllerDelegate	DidDismiss	0x2050	NoInlining	Public, Virtual, HideBySig, VtableLayoutMask	0x1007e2fcc	0x94995bcc	0x102e39efc	0x102e39efc	mapped	0x102e39efc
Microsoft.iOS	2190	0x0600088f	UIKit.UIAlertAction	get_ClassHandle	0x2050	NoInlining	Public, Final, Virtual, HideBySig, SpecialName	0x1007e2fd0	0x94995be3	0x102e39f5c	0x102e39f5c	mapped	0x102e39f5c
Microsoft.iOS	2191	0x06000890	UIKit.UIAlertAction	.ctor	0x2050	NoInlining	FamORAssem, HideBySig, SpecialName, RTSpecialName	0x1007e2fd4	0x94995bf3	0x102e39fa0	0x102e39fa0	mapped	0x102e39fa0
Microsoft.iOS	2192	0x06000891	UIKit.UIAlertAction	Create	0x2050	NoInlining	Public, Static, HideBySig	0x1007e2fd8	0x94995c0d	0x102e3a00c	0x102e3a00c	mapped	0x102e3a00c
Microsoft.iOS	2193	0x06000892	UIKit.UIAlertAction	.cctor	0x2050	NoInlining	Private, Static, HideBySig, SpecialName, RTSpecialName	0x1007e2fdc	0x94995c66	0x102e3a174	0x102e3a174	mapped	0x102e3a174
Microsoft.iOS	2194	0x06000893	UIKit.UIAlertController	get_ClassHandle	0x2050	NoInlining	Public, Final, Virtual, HideBySig, SpecialName	0x1007e2fe0	0x94995c7f	0x102e3a1dc	0x102e3a1dc	mapped	0x102e3a1dc
Microsoft.iOS	2195	0x06000894	UIKit.UIAlertController	.ctor	0x2050	NoInlining	FamORAssem, HideBySig, SpecialName, RTSpecialName	0x1007e2fe4	0x94995c8f	0x102e3a220	0x102e3a220	mapped	0x102e3a220
Microsoft.iOS	2196	0x06000895	UIKit.UIAlertController	AddAction	0x2050	NoInlining	Public, HideBySig	0x1007e2fe8	0x94995ca9	0x102e3a28c	0x102e3a28c	mapped	0x102e3a28c
Microsoft.iOS	2197	0x06000896	UIKit.UIAlertController	Create	0x2050	NoInlining	Public, Static, HideBySig	0x1007e2fec	0x94995ccf	0x102e3a328	0x102e3a328	mapped	0x102e3a328
Microsoft.iOS	2198	0x06000897	UIKit.UIAlertController	set_Title	0x2050	NoInlining	Public, Final, Virtual, HideBySig, VtableLayoutMask, SpecialName	0x1007e2ff0	0x94995d01	0x102e3a3f4	0x102e3a3f4	mapped	0x102e3a3f4
Microsoft.iOS	2199	0x06000898	UIKit.UIAlertController	.cctor	0x2050	NoInlining	Private, Static, HideBySig, SpecialName, RTSpecialName	0x1007e2ff4	0x94995d1d	0x102e3a468	0x102e3a468	mapped	0x102e3a468
Microsoft.iOS	2200	0x06000899	UIKit.UIAlertViewDelegateWrapper	.ctor	0x2050	NoInlining	Public, HideBySig, SpecialName, RTSpecialName	0x1007e2ff8	0x94995d36	0x102e3a4d0	0x102e3a4d0	mapped	0x102e3a4d0
Microsoft.iOS	2201	0x0600089a	UIKit.UIApplicationDelegate	.ctor	0x2050	NoInlining	Public, HideBySig, SpecialName, RTSpecialName	0x1007e2ffc	0x94995d4a	0x102e3a524	0x102e3a524	mapped	0x102e3a524
Microsoft.iOS	2202	0x0600089b	UIKit.UIApplicationDelegate	.ctor	0x2050	NoInlining	FamORAssem, HideBySig, SpecialName, RTSpecialName	0x1007e3000	0x94995d71	0x102e3a5c4	0x102e3a5c4	mapped	0x102e3a5c4
Microsoft.iOS	2203	0x0600089c	UIKit.UIApplicationDelegate	ContinueUserActivity	0x2050	NoInlining	Public, Virtual, HideBySig, VtableLayoutMask	0x1007e3004	0x94995d85	0x102e3a618	0x102e3a618	mapped	0x102e3a618
Microsoft.iOS	2204	0x0600089d	UIKit.UIApplicationDelegate	DidEnterBackground	0x2050	NoInlining	Public, Virtual, HideBySig, VtableLayoutMask	0x1007e3008	0x94995d9c	0x102e3a678	0x102e3a678	mapped	0x102e3a678
Microsoft.iOS	2205	0x0600089e	UIKit.UIApplicationDelegate	FinishedLaunching	0x2050	NoInlining	Public, Virtual, HideBySig, VtableLayoutMask	0x1007e300c	0x94995db3	0x102e3a6d8	0x102e3a6d8	mapped	0x102e3a6d8
Microsoft.iOS	2206	0x0600089f	UIKit.UIApplicationDelegate	OnActivated	0x2050	NoInlining	Public, Virtual, HideBySig, VtableLayoutMask	0x1007e3010	0x94995dca	0x102e3a738	0x102e3a738	mapped	0x102e3a738
Microsoft.iOS	2207	0x060008a0	UIKit.UIApplicationDelegate	OnResignActivation	0x2050	NoInlining	Public, Virtual, HideBySig, VtableLayoutMask	0x1007e3014	0x94995de1	0x102e3a798	0x102e3a798	mapped	0x102e3a798
Microsoft.iOS	2208	0x060008a1	UIKit.UIApplicationDelegate	OpenUrl	0x2050	NoInlining	Public, Virtual, HideBySig, VtableLayoutMask	0x1007e3018	0x94995df8	0x102e3a7f8	0x102e3a7f8	mapped	0x102e3a7f8
Microsoft.iOS	2209	0x060008a2	UIKit.UIApplicationDelegate	WillEnterForeground	0x2050	NoInlining	Public, Virtual, HideBySig, VtableLayoutMask	0x1007e301c	0x94995e0f	0x102e3a858	0x102e3a858	mapped	0x102e3a858
Microsoft.iOS	2210	0x060008a3	UIKit.UIApplicationDelegate	WillTerminate	0x2050	NoInlining	Public, Virtual, HideBySig, VtableLayoutMask	0x1007e3020	0x94995e26	0x102e3a8b8	0x102e3a8b8	mapped	0x102e3a8b8
Microsoft.iOS	2211	0x060008a4	UIKit.UIDocumentPickerDelegate	.ctor	0x2050	NoInlining	Public, HideBySig, SpecialName, RTSpecialName	0x1007e3024	0x94995e3d	0x102e3a918	0x102e3a918	mapped	0x102e3a918
Microsoft.iOS	2212	0x060008a5	UIKit.UIDocumentPickerDelegate	.ctor	0x2050	NoInlining	FamORAssem, HideBySig, SpecialName, RTSpecialName	0x1007e3028	0x94995e64	0x102e3a9b8	0x102e3a9b8	mapped	0x102e3a9b8
Microsoft.iOS	2213	0x060008a6	UIKit.UIDocumentPickerDelegate	DidPickDocument	0x2050	NoInlining	Public, Virtual, HideBySig, VtableLayoutMask	0x1007e302c	0x94995e78	0x102e3aa0c	0x102e3aa0c	mapped	0x102e3aa0c
Microsoft.iOS	2214	0x060008a7	UIKit.UIDocumentPickerDelegate	DidPickDocument	0x2050	NoInlining	Public, Virtual, HideBySig, VtableLayoutMask	0x1007e3030	0x94995e8f	0x102e3aa6c	0x102e3aa6c	mapped	0x102e3aa6c
Microsoft.iOS	2215	0x060008a8	UIKit.UIDocumentPickerDelegate	WasCancelled	0x2050	NoInlining	Public, Virtual, HideBySig, VtableLayoutMask	0x1007e3034	0x94995ea6	0x102e3aacc	0x102e3aacc	mapped	0x102e3aacc
Microsoft.iOS	2216	0x060008a9	UIKit.UIDocumentPickerViewController	get_ClassHandle	0x2050	NoInlining	Public, Final, Virtual, HideBySig, SpecialName	0x1007e3038	0x94995ebd	0x102e3ab2c	0x102e3ab2c	mapped	0x102e3ab2c
Microsoft.iOS	2217	0x060008aa	UIKit.UIDocumentPickerViewController	.ctor	0x2050	NoInlining	FamORAssem, HideBySig, SpecialName, RTSpecialName	0x1007e303c	0x94995ecd	0x102e3ab70	0x102e3ab70	mapped	0x102e3ab70
Microsoft.iOS	2218	0x060008ab	UIKit.UIDocumentPickerViewController	Dispose	0x2050	NoInlining	Family, Final, Virtual, HideBySig	0x1007e3040	0x94995ee7	0x102e3abdc	0x102e3abdc	mapped	0x102e3abdc
Microsoft.iOS	2219	0x060008ac	UIKit.UIDocumentPickerViewController	.cctor	0x2050	NoInlining	Private, Static, HideBySig, SpecialName, RTSpecialName	0x1007e3044	0x94995efc	0x102e3ac34	0x102e3ac34	mapped	0x102e3ac34
Microsoft.iOS	2220	0x060008ad	UIKit.UIImagePickerControllerDelegate	.ctor	0x2050	NoInlining	Public, HideBySig, SpecialName, RTSpecialName	0x1007e3048	0x94995f15	0x102e3ac9c	0x102e3ac9c	mapped	0x102e3ac9c
Microsoft.iOS	2221	0x060008ae	UIKit.UIImagePickerControllerDelegate	.ctor	0x2050	NoInlining	FamORAssem, HideBySig, SpecialName, RTSpecialName	0x1007e304c	0x94995f41	0x102e3ad50	0x102e3ad50	mapped	0x102e3ad50
Microsoft.iOS	2222	0x060008af	UIKit.UIImagePickerControllerDelegate	Canceled	0x2050	NoInlining	Public, Virtual, HideBySig, VtableLayoutMask	0x1007e3050	0x94995f5a	0x102e3adb8	0x102e3adb8	mapped	0x102e3adb8
Microsoft.iOS	2223	0x060008b0	UIKit.UIImagePickerControllerDelegate	FinishedPickingMedia	0x2050	NoInlining	Public, Virtual, HideBySig, VtableLayoutMask	0x1007e3054	0x94995f71	0x102e3ae18	0x102e3ae18	mapped	0x102e3ae18
Microsoft.iOS	2224	0x060008b1	UIKit.UINavigationControllerDelegate	.ctor	0x2050	NoInlining	Family, HideBySig, SpecialName, RTSpecialName	0x1007e3058	0x94995f88	0x102e3ae78	0x102e3ae78	mapped	0x102e3ae78
Microsoft.iOS	2225	0x060008b2	UIKit.UINavigationControllerDelegate	.ctor	0x2050	NoInlining	FamORAssem, HideBySig, SpecialName, RTSpecialName	0x1007e305c	0x94995f9a	0x102e3aec4	0x102e3aec4	mapped	0x102e3aec4
Microsoft.iOS	2226	0x060008b3	UIKit.UIResponder	get_ClassHandle	0x2050	NoInlining	Public, Virtual, HideBySig, SpecialName	0x1007e3060	0x94995fae	0x102e3af18	0x102e3af18	mapped	0x102e3af18
Microsoft.iOS	2227	0x060008b4	UIKit.UIResponder	.ctor	0x2050	NoInlining	Family, HideBySig, SpecialName, RTSpecialName	0x1007e3064	0x94995fbe	0x102e3af5c	0x102e3af5c	mapped	0x102e3af5c
Microsoft.iOS	2228	0x060008b5	UIKit.UIResponder	.ctor	0x2050	NoInlining	FamORAssem, HideBySig, SpecialName, RTSpecialName	0x1007e3068	0x94995fd6	0x102e3afc0	0x102e3afc0	mapped	0x102e3afc0
Microsoft.iOS	2229	0x060008b6	UIKit.UIResponder	BecomeFirstResponder	0x2050	NoInlining	Public, Final, Virtual, HideBySig, VtableLayoutMask	0x1007e306c	0x94995ff0	0x102e3b02c	0x102e3b02c	mapped	0x102e3b02c
Microsoft.iOS	2230	0x060008b7	UIKit.UIResponder	SelectAll	0x2050	NoInlining	Public, Final, Virtual, HideBySig, VtableLayoutMask	0x1007e3070	0x94996010	0x102e3b0b0	0x102e3b0b0	mapped	0x102e3b0b0
Microsoft.iOS	2231	0x060008b8	UIKit.UIResponder	TouchesBegan	0x2050	NoInlining	Public, Virtual, HideBySig, VtableLayoutMask	0x1007e3074	0x94996034	0x102e3b144	0x102e3b144	mapped	0x102e3b144
Microsoft.iOS	2232	0x060008b9	UIKit.UIResponder	TouchesCancelled	0x2050	NoInlining	Public, Virtual, HideBySig, VtableLayoutMask	0x1007e3078	0x9499606d	0x102e3b22c	0x102e3b22c	mapped	0x102e3b22c
Microsoft.iOS	2233	0x060008ba	UIKit.UIResponder	TouchesEnded	0x2050	NoInlining	Public, Virtual, HideBySig, VtableLayoutMask	0x1007e307c	0x949960a6	0x102e3b314	0x102e3b314	mapped	0x102e3b314
Microsoft.iOS	2234	0x060008bb	UIKit.UIResponder	TouchesMoved	0x2050	NoInlining	Public, Virtual, HideBySig, VtableLayoutMask	0x1007e3080	0x949960df	0x102e3b3fc	0x102e3b3fc	mapped	0x102e3b3fc
Microsoft.iOS	2235	0x060008bc	UIKit.UIResponder	get_CanBecomeFirstResponder	0x2050	NoInlining	Public, Virtual, HideBySig, VtableLayoutMask, SpecialName	0x1007e3084	0x94996118	0x102e3b4e4	0x102e3b4e4	mapped	0x102e3b4e4
Microsoft.iOS	2236	0x060008bd	UIKit.UIResponder	get_NextResponder	0x2050	NoInlining	Public, Final, Virtual, HideBySig, VtableLayoutMask, SpecialName	0x1007e3088	0x94996138	0x102e3b568	0x102e3b568	mapped	0x102e3b568
Microsoft.iOS	2237	0x060008be	UIKit.UIResponder	.cctor	0x2050	NoInlining	Private, Static, HideBySig, SpecialName, RTSpecialName	0x1007e308c	0x94996164	0x102e3b61c	0x102e3b61c	mapped	0x102e3b61c
Microsoft.iOS	2238	0x060008bf	UIKit.UIStringAttributeKey	get_BackgroundColor	0x2050	NoInlining	Public, Static, HideBySig, SpecialName	0x1007e3090	0x9499617d	0x102e3b684	0x102e3b684	mapped	0x102e3b684
Microsoft.iOS	2239	0x060008c0	UIKit.UIStringAttributeKey	get_BaselineOffset	0x2050	NoInlining	Public, Static, HideBySig, SpecialName	0x1007e3094	0x9499619d	0x102e3b708	0x102e3b708	mapped	0x102e3b708
Microsoft.iOS	2240	0x060008c1	UIKit.UIStringAttributeKey	get_Font	0x2050	NoInlining	Public, Static, HideBySig, SpecialName	0x1007e3098	0x949961bd	0x102e3b78c	0x102e3b78c	mapped	0x102e3b78c
Microsoft.iOS	2241	0x060008c2	UIKit.UIStringAttributeKey	get_ForegroundColor	0x2050	NoInlining	Public, Static, HideBySig, SpecialName	0x1007e309c	0x949961dd	0x102e3b810	0x102e3b810	mapped	0x102e3b810
Microsoft.iOS	2242	0x060008c3	UIKit.UIStringAttributeKey	get_StrikethroughStyle	0x2050	NoInlining	Public, Static, HideBySig, SpecialName	0x1007e30a0	0x949961fd	0x102e3b894	0x102e3b894	mapped	0x102e3b894
Microsoft.iOS	2243	0x060008c4	UIKit.UIStringAttributeKey	get_UnderlineStyle	0x2050	NoInlining	Public, Static, HideBySig, SpecialName	0x1007e30a4	0x9499621d	0x102e3b918	0x102e3b918	mapped	0x102e3b918
Microsoft.iOS	2244	0x060008c5	UIKit.UITouch	get_ClassHandle	0x2050	NoInlining	Public, Final, Virtual, HideBySig, SpecialName	0x1007e30a8	0x9499623d	0x102e3b99c	0x102e3b99c	mapped	0x102e3b99c
Microsoft.iOS	2245	0x060008c6	UIKit.UITouch	.ctor	0x2050	NoInlining	FamORAssem, HideBySig, SpecialName, RTSpecialName	0x1007e30ac	0x9499624d	0x102e3b9e0	0x102e3b9e0	mapped	0x102e3b9e0
Microsoft.iOS	2246	0x060008c7	UIKit.UITouch	LocationInView	0x2050	NoInlining	Public, HideBySig	0x1007e30b0	0x94996267	0x102e3ba4c	0x102e3ba4c	mapped	0x102e3ba4c
Microsoft.iOS	2247	0x060008c8	UIKit.UITouch	get_Phase	0x2050	NoInlining	Public, HideBySig, SpecialName	0x1007e30b4	0x94996280	0x102e3bab4	0x102e3bab4	mapped	0x102e3bab4
Microsoft.iOS	2248	0x060008c9	UIKit.UITouch	get_View	0x2050	NoInlining	Public, HideBySig, SpecialName	0x1007e30b8	0x94996295	0x102e3bb0c	0x102e3bb0c	mapped	0x102e3bb0c
Microsoft.iOS	2249	0x060008ca	UIKit.UITouch	.cctor	0x2050	NoInlining	Private, Static, HideBySig, SpecialName, RTSpecialName	0x1007e30bc	0x949962b8	0x102e3bb9c	0x102e3bb9c	mapped	0x102e3bb9c
Microsoft.iOS	2250	0x060008cb	UIKit.IUIViewControllerTransitionCoordinator	AnimateAlongsideTransition	0x2050	NoInlining	Public, Virtual, HideBySig, VtableLayoutMask	0x1007e30c0	0x949962d1	0x102e3bc04	0x102e3bc04	mapped	0x102e3bc04
Microsoft.iOS	2251	0x060008cc	UIKit.UIViewControllerTransitionCoordinatorWrapper	.ctor	0x2050	NoInlining	Public, HideBySig, SpecialName, RTSpecialName	0x1007e30c4	0x949962e8	0x102e3bc64	0x102e3bc64	mapped	0x102e3bc64
Microsoft.iOS	2252	0x060008cd	UIKit.UIViewControllerTransitionCoordinatorWrapper	AnimateAlongsideTransition	0x2050	NoInlining	Public, Final, Virtual, HideBySig, VtableLayoutMask	0x1007e30c8	0x97ff88c6	0x1007c53e0	0x1007c53e0	mapped	0x1007c53e0
Microsoft.iOS	2253	0x060008ce	UIKit.UIViewControllerTransitionCoordinatorContextWrapper	.ctor	0x2050	NoInlining	Public, HideBySig, SpecialName, RTSpecialName	0x1007e30cc	0x949962fb	0x102e3bcb8	0x102e3bcb8	mapped	0x102e3bcb8
Microsoft.iOS	2254	0x060008cf	AVKit.AVPlayerViewController	get_ClassHandle	0x2050	NoInlining	Public, Final, Virtual, HideBySig, SpecialName	0x1007e30d0	0x9499630f	0x102e3bd0c	0x102e3bd0c	mapped	0x102e3bd0c
Microsoft.iOS	2255	0x060008d0	AVKit.AVPlayerViewController	.ctor	0x2050	NoInlining	FamORAssem, HideBySig, SpecialName, RTSpecialName	0x1007e30d4	0x9499631f	0x102e3bd50	0x102e3bd50	mapped	0x102e3bd50
Microsoft.iOS	2256	0x060008d1	AVKit.AVPlayerViewController	Dispose	0x2050	NoInlining	Family, Final, Virtual, HideBySig	0x1007e30d8	0x94996339	0x102e3bdbc	0x102e3bdbc	mapped	0x102e3bdbc
Microsoft.iOS	2257	0x060008d2	AVKit.AVPlayerViewController	.cctor	0x2050	NoInlining	Private, Static, HideBySig, SpecialName, RTSpecialName	0x1007e30dc	0x9499634e	0x102e3be14	0x102e3be14	mapped	0x102e3be14
Microsoft.iOS	2258	0x060008d3	AVFoundation.AVPlayer	get_ClassHandle	0x2050	NoInlining	Public, Final, Virtual, HideBySig, SpecialName	0x1007e30e0	0x94996367	0x102e3be7c	0x102e3be7c	mapped	0x102e3be7c
Microsoft.iOS	2259	0x060008d4	AVFoundation.AVPlayer	.ctor	0x2050	NoInlining	FamORAssem, HideBySig, SpecialName, RTSpecialName	0x1007e30e4	0x94996377	0x102e3bec0	0x102e3bec0	mapped	0x102e3bec0
Microsoft.iOS	2260	0x060008d5	AVFoundation.AVPlayer	FromPlayerItem	0x2050	NoInlining	Public, Static, HideBySig	0x1007e30e8	0x94996391	0x102e3bf2c	0x102e3bf2c	mapped	0x102e3bf2c
Microsoft.iOS	2261	0x060008d6	AVFoundation.AVPlayer	Pause	0x2050	NoInlining	Public, HideBySig	0x1007e30ec	0x949963b3	0x102e3bfb8	0x102e3bfb8	mapped	0x102e3bfb8
Microsoft.iOS	2262	0x060008d7	AVFoundation.AVPlayer	Play	0x2050	NoInlining	Public, HideBySig	0x1007e30f0	0x949963c8	0x102e3c010	0x102e3c010	mapped	0x102e3c010
Microsoft.iOS	2263	0x060008d8	AVFoundation.AVPlayer	Seek	0x2050	NoInlining	Public, HideBySig	0x1007e30f4	0x949963dd	0x102e3c068	0x102e3c068	mapped	0x102e3c068
Microsoft.iOS	2264	0x060008d9	AVFoundation.AVPlayer	get_CurrentTime	0x2050	NoInlining	Public, HideBySig, SpecialName	0x1007e30f8	0x949963fa	0x102e3c0e0	0x102e3c0e0	mapped	0x102e3c0e0
Microsoft.iOS	2265	0x060008da	AVFoundation.AVPlayer	get_Volume	0x2050	NoInlining	Public, HideBySig, SpecialName	0x1007e30fc	0x94996418	0x102e3c15c	0x102e3c15c	mapped	0x102e3c15c
Microsoft.iOS	2266	0x060008db	AVFoundation.AVPlayer	set_Volume	0x2050	NoInlining	Public, HideBySig, SpecialName	0x1007e3100	0x9499642d	0x102e3c1b4	0x102e3c1b4	mapped	0x102e3c1b4
Microsoft.iOS	2267	0x060008dc	AVFoundation.AVPlayer	.cctor	0x2050	NoInlining	Private, Static, HideBySig, SpecialName, RTSpecialName	0x1007e3104	0x94996446	0x102e3c21c	0x102e3c21c	mapped	0x102e3c21c
Microsoft.iOS	2268	0x060008dd	AVFoundation.AVPlayerItem	get_ClassHandle	0x2050	NoInlining	Public, Final, Virtual, HideBySig, SpecialName	0x1007e3108	0x9499645f	0x102e3c284	0x102e3c284	mapped	0x102e3c284
Microsoft.iOS	2269	0x060008de	AVFoundation.AVPlayerItem	.ctor	0x2050	NoInlining	FamORAssem, HideBySig, SpecialName, RTSpecialName	0x1007e310c	0x9499646f	0x102e3c2c8	0x102e3c2c8	mapped	0x102e3c2c8
Microsoft.iOS	2270	0x060008df	AVFoundation.AVPlayerItem	FromUrl	0x2050	NoInlining	Public, Static, HideBySig	0x1007e3110	0x94996489	0x102e3c334	0x102e3c334	mapped	0x102e3c334
Microsoft.iOS	2271	0x060008e0	AVFoundation.AVPlayerItem	get_DidPlayToEndTimeNotification	0x2050	NoInlining	Public, Static, HideBySig, SpecialName	0x1007e3114	0x949964ad	0x102e3c3c8	0x102e3c3c8	mapped	0x102e3c3c8
Microsoft.iOS	2272	0x060008e1	AVFoundation.AVPlayerItem	.cctor	0x2050	NoInlining	Private, Static, HideBySig, SpecialName, RTSpecialName	0x1007e3118	0x949964cd	0x102e3c44c	0x102e3c44c	mapped	0x102e3c44c
Microsoft.iOS	2273	0x060008e2	AVFoundation.AVPlayerItem+Notifications	ObserveDidPlayToEndTime	0x2050	NoInlining	Public, Static, HideBySig	0x1007e311c	0x949964e6	0x102e3c4b4	0x102e3c4b4	mapped	0x102e3c4b4
Microsoft.iOS	2274	0x060008e3	AVFoundation.AVPlayerItem+Notifications+<>c__DisplayClass0_0	.ctor	0x2050	NoInlining	Public, HideBySig, SpecialName, RTSpecialName	0x1007e3120	0x9499652d	0x102e3c5d4	0x102e3c5d4	mapped	0x102e3c5d4
Microsoft.iOS	2275	0x060008e4	AVFoundation.AVPlayerItem+Notifications+<>c__DisplayClass0_0	<ObserveDidPlayToEndTime>b__0	0x2050	NoInlining	Assembly, HideBySig	0x1007e3124	0x9499652d	0x102e3c5d8	0x102e3c5d8	mapped	0x102e3c5d8
Microsoft.iOS	2276	0x060008e5	AVFoundation.AVAudioSession	get_ClassHandle	0x2050	NoInlining	Public, Final, Virtual, HideBySig, SpecialName	0x1007e3128	0x94996560	0x102e3c6a8	0x102e3c6a8	mapped	0x102e3c6a8
Microsoft.iOS	2277	0x060008e6	AVFoundation.AVAudioSession	.ctor	0x2050	NoInlining	FamORAssem, HideBySig, SpecialName, RTSpecialName	0x1007e312c	0x94996570	0x102e3c6ec	0x102e3c6ec	mapped	0x102e3c6ec
Microsoft.iOS	2278	0x060008e7	AVFoundation.AVAudioSession	SetActive	0x2050	NoInlining	Public, HideBySig	0x1007e3130	0x9499658a	0x102e3c758	0x102e3c758	mapped	0x102e3c758
Microsoft.iOS	2279	0x060008e8	AVFoundation.AVAudioSession	SetActive	0x2050	NoInlining	Public, HideBySig	0x1007e3134	0x949965c8	0x102e3c854	0x102e3c854	mapped	0x102e3c854
Microsoft.iOS	2280	0x060008e9	AVFoundation.AVAudioSession	SetCategory	0x2050	NoInlining	Public, HideBySig	0x1007e3138	0x949965e4	0x102e3c8c8	0x102e3c8c8	mapped	0x102e3c8c8
Microsoft.iOS	2281	0x060008ea	AVFoundation.AVAudioSession	SetCategory	0x2050	NoInlining	Public, HideBySig	0x1007e313c	0x94996624	0x102e3c9cc	0x102e3c9cc	mapped	0x102e3c9cc
Microsoft.iOS	2282	0x060008eb	AVFoundation.AVAudioSession	SharedInstance	0x2050	NoInlining	Public, Static, HideBySig	0x1007e3140	0x94996642	0x102e3ca48	0x102e3ca48	mapped	0x102e3ca48
Microsoft.iOS	2283	0x060008ec	AVFoundation.AVAudioSession	get_OtherAudioPlaying	0x2050	NoInlining	Public, HideBySig, SpecialName	0x1007e3144	0x9499665e	0x102e3cabc	0x102e3cabc	mapped	0x102e3cabc
Microsoft.iOS	2284	0x060008ed	AVFoundation.AVAudioSession	get_InterruptionNotification	0x2050	NoInlining	Public, Static, HideBySig, SpecialName	0x1007e3148	0x94996675	0x102e3cb1c	0x102e3cb1c	mapped	0x102e3cb1c
Microsoft.iOS	2285	0x060008ee	AVFoundation.AVAudioSession	Dispose	0x2050	NoInlining	Family, Final, Virtual, HideBySig	0x1007e314c	0x94996695	0x102e3cba0	0x102e3cba0	mapped	0x102e3cba0
Microsoft.iOS	2286	0x060008ef	AVFoundation.AVAudioSession	.cctor	0x2050	NoInlining	Private, Static, HideBySig, SpecialName, RTSpecialName	0x1007e3150	0x949966aa	0x102e3cbf8	0x102e3cbf8	mapped	0x102e3cbf8
Microsoft.iOS	2287	0x060008f0	AVFoundation.AVAudioSession+Notifications	ObserveInterruption	0x2050	NoInlining	Public, Static, HideBySig	0x1007e3154	0x949966c3	0x102e3cc60	0x102e3cc60	mapped	0x102e3cc60
Microsoft.iOS	2288	0x060008f1	AVFoundation.AVAudioSession+Notifications+<>c__DisplayClass0_0	.ctor	0x2050	NoInlining	Public, HideBySig, SpecialName, RTSpecialName	0x1007e3158	0x9499670a	0x102e3cd80	0x102e3cd80	mapped	0x102e3cd80
Microsoft.iOS	2289	0x060008f2	AVFoundation.AVAudioSession+Notifications+<>c__DisplayClass0_0	<ObserveInterruption>b__0	0x2050	NoInlining	Assembly, HideBySig	0x1007e315c	0x9499670a	0x102e3cd84	0x102e3cd84	mapped	0x102e3cd84
Microsoft.iOS	2290	0x060008f3	AVFoundation.AVAudioSessionCategoryExtensions	get_AVAudioSessionCategoryAmbient	0x2050	NoInlining	Assembly, Static, HideBySig, SpecialName	0x1007e3160	0x9499673d	0x102e3ce54	0x102e3ce54	mapped	0x102e3ce54
Microsoft.iOS	2291	0x060008f4	AVFoundation.AVAudioSessionCategoryExtensions	get_AVAudioSessionCategorySoloAmbient	0x2050	NoInlining	Assembly, Static, HideBySig, SpecialName	0x1007e3164	0x94996766	0x102e3cefc	0x102e3cefc	mapped	0x102e3cefc
Microsoft.iOS	2292	0x060008f5	AVFoundation.AVAudioSessionCategoryExtensions	get_AVAudioSessionCategoryPlayback	0x2050	NoInlining	Assembly, Static, HideBySig, SpecialName	0x1007e3168	0x94996790	0x102e3cfa8	0x102e3cfa8	mapped	0x102e3cfa8
Microsoft.iOS	2293	0x060008f6	AVFoundation.AVAudioSessionCategoryExtensions	get_AVAudioSessionCategoryRecord	0x2050	NoInlining	Assembly, Static, HideBySig, SpecialName	0x1007e316c	0x949967ba	0x102e3d054	0x102e3d054	mapped	0x102e3d054
Microsoft.iOS	2294	0x060008f7	AVFoundation.AVAudioSessionCategoryExtensions	get_AVAudioSessionCategoryPlayAndRecord	0x2050	NoInlining	Assembly, Static, HideBySig, SpecialName	0x1007e3170	0x949967e4	0x102e3d100	0x102e3d100	mapped	0x102e3d100
Microsoft.iOS	2295	0x060008f8	AVFoundation.AVAudioSessionCategoryExtensions	get_AVAudioSessionCategoryAudioProcessing	0x2050	NoInlining	Assembly, Static, HideBySig, SpecialName	0x1007e3174	0x9499680e	0x102e3d1ac	0x102e3d1ac	mapped	0x102e3d1ac
Microsoft.iOS	2296	0x060008f9	AVFoundation.AVAudioSessionCategoryExtensions	get_AVAudioSessionCategoryMultiRoute	0x2050	NoInlining	Assembly, Static, HideBySig, SpecialName	0x1007e3178	0x94996838	0x102e3d258	0x102e3d258	mapped	0x102e3d258
Microsoft.iOS	2297	0x060008fa	AVFoundation.AVAudioSessionCategoryExtensions	GetConstant	0x2050	NoInlining	Public, Static, HideBySig	0x1007e317c	0x94996862	0x102e3d304	0x102e3d304	mapped	0x102e3d304
Microsoft.iOS	2298	0x060008fb	AVFoundation.AVAudioSessionCategoryExtensions	.cctor	0x2050	NoInlining	Private, Static, HideBySig, SpecialName, RTSpecialName	0x1007e3180	0x9499689d	0x102e3d3f4	0x102e3d3f4	mapped	0x102e3d3f4
Microsoft.iOS	2299	0x060008fc	AVFoundation.AVAudioSessionInterruptionEventArgs	.ctor	0x2050	NoInlining	Public, HideBySig, SpecialName, RTSpecialName	0x1007e3184	0x949968b8	0x102e3d464	0x102e3d464	mapped	0x102e3d464
Microsoft.iOS	2300	0x060008fd	AVFoundation.AVAudioSessionInterruptionEventArgs	get_InterruptionType	0x2050	NoInlining	Public, HideBySig, SpecialName	0x1007e3188	0x949968c7	0x102e3d4a4	0x102e3d4a4	mapped	0x102e3d4a4
Microsoft.iOS	2301	0x060008fe	ObjCRuntime.Runtime	gc_collect	0x2050	NoInlining	Private, Static, HideBySig	0x1007e318c	0x9499692d	0x102e3d640	0x102e3d640	mapped	0x102e3d640
Microsoft.iOS	2302	0x060008ff	ObjCRuntime.Runtime	throw_ns_exception	0x2050	NoInlining	Private, Static, HideBySig	0x1007e3190	0x9499695e	0x102e3d708	0x102e3d708	mapped	0x102e3d708
Microsoft.iOS	2303	0x06000900	ObjCRuntime.Runtime	rethrow_managed_exception	0x2050	NoInlining	Private, Static, HideBySig	0x1007e3194	0x94996973	0x102e3d760	0x102e3d760	mapped	0x102e3d760
Microsoft.iOS	2304	0x06000901	ObjCRuntime.Runtime	create_ns_exception	0x2050	NoInlining	Private, Static, HideBySig	0x1007e3198	0x949969a8	0x102e3d838	0x102e3d838	mapped	0x102e3d838
Microsoft.iOS	2305	0x06000902	ObjCRuntime.Runtime	unwrap_ns_exception	0x2050	NoInlining	Private, Static, HideBySig	0x1007e319c	0x949969e2	0x102e3d924	0x102e3d924	mapped	0x102e3d924
Microsoft.iOS	2306	0x06000903	ObjCRuntime.Runtime	get_exception_message	0x2050	NoInlining	Private, Static, HideBySig	0x1007e31a0	0x94996a1c	0x102e3da10	0x102e3da10	mapped	0x102e3da10
Microsoft.iOS	2307	0x06000904	ObjCRuntime.Runtime	print_all_exceptions_wrapper	0x2050	NoInlining	Private, Static, HideBySig	0x1007e31a4	0x94996a56	0x102e3dafc	0x102e3dafc	mapped	0x102e3dafc
Microsoft.iOS	2308	0x06000905	ObjCRuntime.Runtime	get_object_type_fullname	0x2050	NoInlining	Private, Static, HideBySig	0x1007e31a8	0x94996a90	0x102e3dbe8	0x102e3dbe8	mapped	0x102e3dbe8
Microsoft.iOS	2309	0x06000906	ObjCRuntime.Runtime	create_block_proxy	0x2050	NoInlining	Private, Static, HideBySig	0x1007e31ac	0x94996aca	0x102e3dcd4	0x102e3dcd4	mapped	0x102e3dcd4
Microsoft.iOS	2310	0x06000907	ObjCRuntime.Runtime	create_delegate_proxy	0x2050	NoInlining	Private, Static, HideBySig	0x1007e31b0	0x94996b06	0x102e3ddc8	0x102e3ddc8	mapped	0x102e3ddc8
Microsoft.iOS	2311	0x06000908	ObjCRuntime.Runtime	get_class	0x2050	NoInlining	Private, Static, HideBySig	0x1007e31b4	0x94996b48	0x102e3ded4	0x102e3ded4	mapped	0x102e3ded4
Microsoft.iOS	2312	0x06000909	ObjCRuntime.Runtime	get_selector	0x2050	NoInlining	Private, Static, HideBySig	0x1007e31b8	0x94996b82	0x102e3dfc0	0x102e3dfc0	mapped	0x102e3dfc0
Microsoft.iOS	2313	0x0600090a	ObjCRuntime.Runtime	has_nsobject	0x2050	NoInlining	Private, Static, HideBySig	0x1007e31bc	0x94996bbc	0x102e3e0ac	0x102e3e0ac	mapped	0x102e3e0ac
Microsoft.iOS	2314	0x0600090b	ObjCRuntime.Runtime	get_handle_for_inativeobject	0x2050	NoInlining	Private, Static, HideBySig	0x1007e31c0	0x94996bf6	0x102e3e198	0x102e3e198	mapped	0x102e3e198
Microsoft.iOS	2315	0x0600090c	ObjCRuntime.Runtime	unregister_nsobject	0x2050	NoInlining	Private, Static, HideBySig	0x1007e31c4	0x94996c30	0x102e3e284	0x102e3e284	mapped	0x102e3e284
Microsoft.iOS	2316	0x0600090d	ObjCRuntime.Runtime	try_get_or_construct_nsobject	0x2050	NoInlining	Private, Static, HideBySig	0x1007e31c8	0x94996c67	0x102e3e364	0x102e3e364	mapped	0x102e3e364
Microsoft.iOS	2317	0x0600090e	ObjCRuntime.Runtime	get_inative_object_dynamic	0x2050	NoInlining	Private, Static, HideBySig	0x1007e31cc	0x94996ca1	0x102e3e450	0x102e3e450	mapped	0x102e3e450
Microsoft.iOS	2318	0x0600090f	ObjCRuntime.Runtime	get_method_from_token	0x2050	NoInlining	Private, Static, HideBySig	0x1007e31d0	0x94996ce1	0x102e3e554	0x102e3e554	mapped	0x102e3e554
Microsoft.iOS	2319	0x06000910	ObjCRuntime.Runtime	get_generic_method_from_token	0x2050	NoInlining	Private, Static, HideBySig	0x1007e31d4	0x94996d1b	0x102e3e640	0x102e3e640	mapped	0x102e3e640
Microsoft.iOS	2320	0x06000911	ObjCRuntime.Runtime	get_inative_object_static	0x2050	NoInlining	Private, Static, HideBySig	0x1007e31d8	0x94996d57	0x102e3e734	0x102e3e734	mapped	0x102e3e734
Microsoft.iOS	2321	0x06000912	ObjCRuntime.Runtime	get_nsobject_with_type	0x2050	NoInlining	Private, Static, HideBySig	0x1007e31dc	0x94996d99	0x102e3e840	0x102e3e840	mapped	0x102e3e840
Microsoft.iOS	2322	0x06000913	ObjCRuntime.Runtime	dispose	0x2050	NoInlining	Private, Static, HideBySig	0x1007e31e0	0x94996ddc	0x102e3e950	0x102e3e950	mapped	0x102e3e950
Microsoft.iOS	2323	0x06000914	ObjCRuntime.Runtime	create_product_exception_for_error	0x2050	NoInlining	Private, Static, HideBySig	0x1007e31e4	0x94996e11	0x102e3ea28	0x102e3ea28	mapped	0x102e3ea28
Microsoft.iOS	2324	0x06000915	ObjCRuntime.Runtime	reflection_type_get_full_name	0x2050	NoInlining	Private, Static, HideBySig	0x1007e31e8	0x94996e51	0x102e3eb2c	0x102e3eb2c	mapped	0x102e3eb2c
Microsoft.iOS	2325	0x06000916	ObjCRuntime.Runtime	lookup_managed_type_name	0x2050	NoInlining	Private, Static, HideBySig	0x1007e31ec	0x94996e8b	0x102e3ec18	0x102e3ec18	mapped	0x102e3ec18
Microsoft.iOS	2326	0x06000917	ObjCRuntime.Runtime	on_marshal_managed_exception	0x2050	NoInlining	Private, Static, HideBySig	0x1007e31f0	0x94996ec5	0x102e3ed04	0x102e3ed04	mapped	0x102e3ed04
Microsoft.iOS	2327	0x06000918	ObjCRuntime.Runtime	on_marshal_objectivec_exception	0x2050	NoInlining	Private, Static, HideBySig	0x1007e31f4	0x94996eff	0x102e3edf0	0x102e3edf0	mapped	0x102e3edf0
Microsoft.iOS	2328	0x06000919	ObjCRuntime.Runtime	create_runtime_exception	0x2050	NoInlining	Private, Static, HideBySig	0x1007e31f8	0x94996f3b	0x102e3eee4	0x102e3eee4	mapped	0x102e3eee4
Microsoft.iOS	2329	0x0600091a	ObjCRuntime.Runtime	create_nsobject	0x2050	NoInlining	Private, Static, HideBySig	0x1007e31fc	0x94996f77	0x102e3efd8	0x102e3efd8	mapped	0x102e3efd8
Microsoft.iOS	2330	0x0600091b	ObjCRuntime.Runtime	retain_nativeobject	0x2050	NoInlining	Private, Static, HideBySig	0x1007e3200	0x94996fb7	0x102e3f0dc	0x102e3f0dc	mapped	0x102e3f0dc
Microsoft.iOS	2331	0x0600091c	ObjCRuntime.Runtime	attempt_retain_nsobject	0x2050	NoInlining	Private, Static, HideBySig	0x1007e3204	0x94996fec	0x102e3f1b4	0x102e3f1b4	mapped	0x102e3f1b4
Microsoft.iOS	2332	0x0600091d	ObjCRuntime.Runtime	invoke_conforms_to_protocol	0x2050	NoInlining	Private, Static, HideBySig	0x1007e3208	0x94997026	0x102e3f2a0	0x102e3f2a0	mapped	0x102e3f2a0
Microsoft.iOS	2333	0x0600091e	ObjCRuntime.Runtime	lookup_unmanaged_function	0x2050	NoInlining	Private, Static, HideBySig	0x1007e320c	0x94997062	0x102e3f394	0x102e3f394	mapped	0x102e3f394
Microsoft.iOS	2334	0x0600091f	ObjCRuntime.Runtime	RegisterDelegates	0x2050	NoInlining	Private, Static, HideBySig	0x1007e3210	0x949970a2	0x102e3f498	0x102e3f498	mapped	0x102e3f498
Microsoft.iOS	2335	0x06000920	ObjCRuntime.Runtime	SafeInitialize	0x2050	NoInlining	Private, Static, HideBySig	0x1007e3214	0x949971e6	0x102e3f9ac	0x102e3f9ac	mapped	0x102e3f9ac
Microsoft.iOS	2336	0x06000921	ObjCRuntime.Runtime	Initialize	0x2050	NoInlining	Private, Static, HideBySig	0x1007e3218	0x9499721a	0x102e3fa80	0x102e3fa80	mapped	0x102e3fa80
Microsoft.iOS	2337	0x06000922	ObjCRuntime.Runtime	OnMarshalObjectiveCException	0x2050	NoInlining	Private, Static, HideBySig	0x1007e321c	0x949972f3	0x102e3fde8	0x102e3fde8	mapped	0x102e3fde8
Microsoft.iOS	2338	0x06000923	ObjCRuntime.Runtime	OnMarshalManagedException	0x2050	NoInlining	Private, Static, HideBySig	0x1007e3220	0x9499733d	0x102e3ff14	0x102e3ff14	mapped	0x102e3ff14
Microsoft.iOS	2339	0x06000924	ObjCRuntime.Runtime	ThrowNSException	0x2050	NoInlining	Private, Static, HideBySig	0x1007e3224	0x94997389	0x102e40048	0x102e40048	mapped	0x102e40048
Microsoft.iOS	2340	0x06000925	ObjCRuntime.Runtime	RethrowManagedException	0x2050	NoInlining	Private, Static, HideBySig	0x1007e3228	0x949973a9	0x102e400cc	0x102e400cc	mapped	0x102e400cc
Microsoft.iOS	2341	0x06000926	ObjCRuntime.Runtime	CreateNSException	0x2050	NoInlining	Private, Static, HideBySig	0x1007e322c	0x949973dd	0x102e401a0	0x102e401a0	mapped	0x102e401a0
Microsoft.iOS	2342	0x06000927	ObjCRuntime.Runtime	CreateRuntimeException	0x2050	NoInlining	Private, Static, HideBySig	0x1007e3230	0x94997408	0x102e40250	0x102e40250	mapped	0x102e40250
Microsoft.iOS	2343	0x06000928	ObjCRuntime.Runtime	UnwrapNSException	0x2050	NoInlining	Private, Static, HideBySig	0x1007e3234	0x94997430	0x102e402f4	0x102e402f4	mapped	0x102e402f4
Microsoft.iOS	2344	0x06000929	ObjCRuntime.Runtime	CreateBlockProxy	0x2050	NoInlining	Private, Static, HideBySig	0x1007e3238	0x9499745f	0x102e403b4	0x102e403b4	mapped	0x102e403b4
Microsoft.iOS	2345	0x0600092a	ObjCRuntime.Runtime	CreateDelegateProxy	0x2050	NoInlining	Private, Static, HideBySig	0x1007e323c	0x94997489	0x102e40460	0x102e40460	mapped	0x102e40460
Microsoft.iOS	2346	0x0600092b	ObjCRuntime.Runtime	GetExceptionMessage	0x2050	NoInlining	Private, Static, HideBySig	0x1007e3240	0x949974bf	0x102e4053c	0x102e4053c	mapped	0x102e4053c
Microsoft.iOS	2347	0x0600092c	ObjCRuntime.Runtime	PrintException	0x2050	NoInlining	Private, Static, HideBySig	0x1007e3244	0x949974ed	0x102e405f8	0x102e405f8	mapped	0x102e405f8
Microsoft.iOS	2348	0x0600092d	ObjCRuntime.Runtime	PrintAllExceptions	0x2050	NoInlining	Private, Static, HideBySig	0x1007e3248	0x9499754b	0x102e40774	0x102e40774	mapped	0x102e40774
Microsoft.iOS	2349	0x0600092e	ObjCRuntime.Runtime	GetClass	0x2050	NoInlining	Private, Static, HideBySig	0x1007e324c	0x949975d4	0x102e4099c	0x102e4099c	mapped	0x102e4099c
Microsoft.iOS	2350	0x0600092f	ObjCRuntime.Runtime	GetSelector	0x2050	NoInlining	Private, Static, HideBySig	0x1007e3250	0x949975f0	0x102e40a10	0x102e40a10	mapped	0x102e40a10
Microsoft.iOS	2351	0x06000930	ObjCRuntime.Runtime	HasNSObject	0x2050	NoInlining	Assembly, Static, HideBySig	0x1007e3254	0x9499760f	0x102e40a90	0x102e40a90	mapped	0x102e40a90
Microsoft.iOS	2352	0x06000931	ObjCRuntime.Runtime	GetHandleForINativeObject	0x2050	NoInlining	Private, Static, HideBySig	0x1007e3258	0x9499762a	0x102e40b00	0x102e40b00	mapped	0x102e40b00
Microsoft.iOS	2353	0x06000932	ObjCRuntime.Runtime	UnregisterNSObject	0x2050	NoInlining	Private, Static, HideBySig	0x1007e325c	0x94997660	0x102e40bdc	0x102e40bdc	mapped	0x102e40bdc
Microsoft.iOS	2354	0x06000933	ObjCRuntime.Runtime	GetMethodFromToken	0x2050	NoInlining	Private, Static, HideBySig	0x1007e3260	0x94997686	0x102e40c78	0x102e40c78	mapped	0x102e40c78
Microsoft.iOS	2355	0x06000934	ObjCRuntime.Runtime	GetGenericMethodFromToken	0x2050	NoInlining	Private, Static, HideBySig	0x1007e3264	0x949976a0	0x102e40ce4	0x102e40ce4	mapped	0x102e40ce4
Microsoft.iOS	2356	0x06000935	ObjCRuntime.Runtime	FindClosedMethodForObject	0x2050	NoInlining	Private, Static, HideBySig	0x1007e3268	0x949976c9	0x102e40d8c	0x102e40d8c	mapped	0x102e40d8c
Microsoft.iOS	2357	0x06000936	ObjCRuntime.Runtime	TryGetOrConstructNSObjectWrapped	0x2050	NoInlining	Private, Static, HideBySig	0x1007e326c	0x94997788	0x102e4108c	0x102e4108c	mapped	0x102e4108c
Microsoft.iOS	2358	0x06000937	ObjCRuntime.Runtime	GetINativeObject_Dynamic	0x2050	NoInlining	Private, Static, HideBySig	0x1007e3270	0x949977a3	0x102e410fc	0x102e410fc	mapped	0x102e410fc
Microsoft.iOS	2359	0x06000938	ObjCRuntime.Runtime	GetINativeObject_Static	0x2050	NoInlining	Private, Static, HideBySig	0x1007e3274	0x949977d4	0x102e411c4	0x102e411c4	mapped	0x102e411c4
Microsoft.iOS	2360	0x06000939	ObjCRuntime.Runtime	GetNSObjectWithType	0x2050	NoInlining	Private, Static, HideBySig	0x1007e3278	0x949977fb	0x102e41264	0x102e41264	mapped	0x102e41264
Microsoft.iOS	2361	0x0600093a	ObjCRuntime.Runtime	Dispose	0x2050	NoInlining	Private, Static, HideBySig	0x1007e327c	0x94997839	0x102e41360	0x102e41360	mapped	0x102e41360
Microsoft.iOS	2362	0x0600093b	ObjCRuntime.Runtime	CreateProductException	0x2050	NoInlining	Private, Static, HideBySig	0x1007e3280	0x9499786a	0x102e41428	0x102e41428	mapped	0x102e41428
Microsoft.iOS	2363	0x0600093c	ObjCRuntime.Runtime	TypeGetFullName	0x2050	NoInlining	Private, Static, HideBySig	0x1007e3284	0x949978b0	0x102e41544	0x102e41544	mapped	0x102e41544
Microsoft.iOS	2364	0x0600093d	ObjCRuntime.Runtime	GetObjectTypeFullName	0x2050	NoInlining	Private, Static, HideBySig	0x1007e3288	0x949978de	0x102e41600	0x102e41600	mapped	0x102e41600
Microsoft.iOS	2365	0x0600093e	ObjCRuntime.Runtime	LookupManagedTypeName	0x2050	NoInlining	Private, Static, HideBySig	0x1007e328c	0x94997902	0x102e41694	0x102e41694	mapped	0x102e41694
Microsoft.iOS	2366	0x0600093f	ObjCRuntime.Runtime	GetProtocolMemberAttribute	0x2050	NoInlining	Assembly, Static, HideBySig	0x1007e3290	0x9499791f	0x102e4170c	0x102e4170c	mapped	0x102e4170c
Microsoft.iOS	2367	0x06000940	ObjCRuntime.Runtime	CreateBlockProxy	0x2050	NoInlining	Private, Static, HideBySig	0x1007e3294	0x949979e9	0x102e41a38	0x102e41a38	mapped	0x102e41a38
Microsoft.iOS	2368	0x06000941	ObjCRuntime.Runtime	GetDelegateForBlock	0x2050	NoInlining	Assembly, Static, HideBySig	0x1007e3298	0x94997a30	0x102e41b58	0x102e41b58	mapped	0x102e41b58
Microsoft.iOS	2369	0x06000942	ObjCRuntime.Runtime	UnregisterNSObject	0x2050	NoInlining	Assembly, Static, HideBySig	0x1007e329c	0x94997ada	0x102e41e04	0x102e41e04	mapped	0x102e41e04
Microsoft.iOS	2370	0x06000943	ObjCRuntime.Runtime	NativeObjectHasDied	0x2050	NoInlining	Assembly, Static, HideBySig	0x1007e32a0	0x94997b22	0x102e41f28	0x102e41f28	mapped	0x102e41f28
Microsoft.iOS	2371	0x06000944	ObjCRuntime.Runtime	RegisterNSObject	0x2050	NoInlining	Assembly, Static, HideBySig	0x1007e32a4	0x94997b8a	0x102e420cc	0x102e420cc	mapped	0x102e420cc
Microsoft.iOS	2372	0x06000945	ObjCRuntime.Runtime	FindPropertyInfo	0x2050	NoInlining	Assembly, Static, HideBySig	0x1007e32a8	0x94997be3	0x102e42234	0x102e42234	mapped	0x102e42234
Microsoft.iOS	2373	0x06000946	ObjCRuntime.Runtime	GetExportAttribute	0x2050	NoInlining	Assembly, Static, HideBySig	0x1007e32ac	0x94997c3a	0x102e42394	0x102e42394	mapped	0x102e42394
Microsoft.iOS	2374	0x06000947	ObjCRuntime.Runtime	MissingCtor	0x2050	NoInlining	Private, Static, HideBySig	0x1007e32b0	0x94997c5a	0x102e42418	0x102e42418	mapped	0x102e42418
Microsoft.iOS	2375	0x06000948	ObjCRuntime.Runtime	AppendAdditionalInformation	0x2050	NoInlining	Private, Static, HideBySig	0x1007e32b4	0x94997cdf	0x102e42630	0x102e42630	mapped	0x102e42630
Microsoft.iOS	2376	0x06000949	ObjCRuntime.Runtime	ConstructNSObject	0x2050	NoInlining	Private, Static, HideBySig	0x1007e32b8	0x94997e16	0x102e42b10	0x102e42b10	mapped	0x102e42b10
Microsoft.iOS	2377	0x0600094a	ObjCRuntime.Runtime	ConstructNSObject	0x2050	NoInlining	Private, Static, HideBySig	0x1007e32bc	0x94997e42	0x102e42bc4	0x102e42bc4	mapped	0x102e42bc4
Microsoft.iOS	2378	0x0600094b	ObjCRuntime.Runtime	ConstructNSObject	0x2050	NoInlining	Private, Static, HideBySig	0x1007e32c0	0x94997e70	0x102e42c80	0x102e42c80	mapped	0x102e42c80
Microsoft.iOS	2379	0x0600094c	ObjCRuntime.Runtime	ConstructINativeObject	0x2050	NoInlining	Private, Static, HideBySig	0x1007e32c4	0x94997f85	0x102e430d8	0x102e430d8	mapped	0x102e430d8
Microsoft.iOS	2380	0x0600094d	ObjCRuntime.Runtime	CreateNSObject	0x2050	NoInlining	Private, Static, HideBySig	0x1007e32c8	0x94998010	0x102e43308	0x102e43308	mapped	0x102e43308
Microsoft.iOS	2381	0x0600094e	ObjCRuntime.Runtime	GetIntPtrConstructor	0x2050	NoInlining	Private, Static, HideBySig	0x1007e32cc	0x9499802e	0x102e43384	0x102e43384	mapped	0x102e43384
Microsoft.iOS	2382	0x0600094f	ObjCRuntime.Runtime	GetIntPtr_BoolConstructor	0x2050	NoInlining	Private, Static, HideBySig	0x1007e32d0	0x9499850b	0x102e446fc	0x102e446fc	mapped	0x102e446fc
Microsoft.iOS	2383	0x06000950	ObjCRuntime.Runtime	TryGetNSObject	0x2050	NoInlining	Assembly, Static, HideBySig	0x1007e32d4	0x949989f5	0x102e45aa8	0x102e45aa8	mapped	0x102e45aa8
Microsoft.iOS	2384	0x06000951	ObjCRuntime.Runtime	GetNSObject	0x2050	NoInlining	Public, Static, HideBySig	0x1007e32d8	0x94998a70	0x102e45c98	0x102e45c98	mapped	0x102e45c98
Microsoft.iOS	2385	0x06000952	ObjCRuntime.Runtime	GetNSObject	0x2050	NoInlining	Public, Static, HideBySig	0x1007e32dc	0x94998a8a	0x102e45d04	0x102e45d04	mapped	0x102e45d04
Microsoft.iOS	2386	0x06000953	ObjCRuntime.Runtime	GetNSObject	0x2050	NoInlining	Assembly, Static, HideBySig	0x1007e32e0	0x94998aa4	0x102e45d70	0x102e45d70	mapped	0x102e45d70
Microsoft.iOS	2387	0x06000954	ObjCRuntime.Runtime	GetNSObject	0x2050	NoInlining	Public, Static, HideBySig	0x1007e32e4	0x94998acb	0x102e45e10	0x102e45e10	mapped	0x102e45e10
Microsoft.iOS	2388	0x06000955	ObjCRuntime.Runtime	GetNSObject	0x2050	NoInlining	Private, Static, HideBySig	0x1007e32e8	0x94998af3	0x102e45eb4	0x102e45eb4	mapped	0x102e45eb4
Microsoft.iOS	2389	0x06000956	ObjCRuntime.Runtime	GetNSObject	0x2050	NoInlining	Private, Static, HideBySig	0x1007e32ec	0x94998b20	0x102e45f6c	0x102e45f6c	mapped	0x102e45f6c
Microsoft.iOS	2390	0x06000957	ObjCRuntime.Runtime	GetNSObject	0x2050	NoInlining	Private, Static, HideBySig	0x1007e32f0	0x94998b9a	0x102e46158	0x102e46158	mapped	0x102e46158
Microsoft.iOS	2391	0x06000958	ObjCRuntime.Runtime	LookupINativeObjectImplementation	0x2050	NoInlining	Private, Static, HideBySig	0x1007e32f4	0x94998c13	0x102e46340	0x102e46340	mapped	0x102e46340
Microsoft.iOS	2392	0x06000959	ObjCRuntime.Runtime	GetINativeObject	0x2050	NoInlining	Private, Static, HideBySig	0x1007e32f8	0x94998c72	0x102e464c0	0x102e464c0	mapped	0x102e464c0
Microsoft.iOS	2393	0x0600095a	ObjCRuntime.Runtime	GetINativeObject	0x2050	NoInlining	Private, Static, HideBySig	0x1007e32fc	0x94998c94	0x102e4654c	0x102e4654c	mapped	0x102e4654c
Microsoft.iOS	2394	0x0600095b	ObjCRuntime.Runtime	GetINativeObject	0x2050	NoInlining	Public, Static, HideBySig	0x1007e3300	0x94998e72	0x102e46cc8	0x102e46cc8	mapped	0x102e46cc8
Microsoft.iOS	2395	0x0600095c	ObjCRuntime.Runtime	GetINativeObject	0x2050	NoInlining	Public, Static, HideBySig	0x1007e3304	0x94998e9d	0x102e46d78	0x102e46d78	mapped	0x102e46d78
Microsoft.iOS	2396	0x0600095d	ObjCRuntime.Runtime	GetINativeObject	0x2050	NoInlining	Assembly, Static, HideBySig	0x1007e3308	0x94998eca	0x102e46e30	0x102e46e30	mapped	0x102e46e30
Microsoft.iOS	2397	0x0600095e	ObjCRuntime.Runtime	GetINativeObject	0x2050	NoInlining	Private, Static, HideBySig	0x1007e330c	0x94998efc	0x102e46efc	0x102e46efc	mapped	0x102e46efc
Microsoft.iOS	2398	0x0600095f	ObjCRuntime.Runtime	TryReleaseINativeObject	0x2050	NoInlining	Private, Static, HideBySig	0x1007e3310	0x949990f3	0x102e476dc	0x102e476dc	mapped	0x102e476dc
Microsoft.iOS	2399	0x06000960	ObjCRuntime.Runtime	FindProtocolWrapperType	0x2050	NoInlining	Private, Static, HideBySig	0x1007e3314	0x94999140	0x102e47814	0x102e47814	mapped	0x102e47814
Microsoft.iOS	2400	0x06000961	ObjCRuntime.Runtime	xamarin_find_protocol_wrapper_type	0x0	136	Private, Static, HideBySig, PinvokeImpl	0x1007e3318	0x97fff6a0	0x1007e0d98		absent	0x1007e0d98
Microsoft.iOS	2401	0x06000962	ObjCRuntime.Runtime	TryGetIsUserType	0x2050	NoInlining	Assembly, Static, HideBySig	0x1007e331c	0x949991b7	0x102e479f8	0x102e479f8	mapped	0x102e479f8
Microsoft.iOS	2402	0x06000963	ObjCRuntime.Runtime	xamarin_is_user_type	0x0	136	Private, Static, HideBySig, PinvokeImpl	0x1007e3320	0x97fff69e	0x1007e0d98		absent	0x1007e0d98
Microsoft.iOS	2403	0x06000964	ObjCRuntime.Runtime	SlowIsUserType	0x2050	NoInlining	Private, Static, HideBySig	0x1007e3324	0x94999216	0x102e47b7c	0x102e47b7c	mapped	0x102e47b7c
Microsoft.iOS	2404	0x06000965	ObjCRuntime.Runtime	xamarin_log	0x0	136	Private, Static, HideBySig, PinvokeImpl	0x1007e3328	0x97fff69c	0x1007e0d98		absent	0x1007e0d98
Microsoft.iOS	2405	0x06000966	ObjCRuntime.Runtime	write	0x0	136	Private, Static, HideBySig, PinvokeImpl	0x1007e332c	0x97fff69b	0x1007e0d98		absent	0x1007e0d98
Microsoft.iOS	2406	0x06000967	ObjCRuntime.Runtime	NSLog	0x2050	NoInlining	Assembly, Static, HideBySig	0x1007e3330	0x97ff8898	0x1007c5590	0x1007c5590	mapped	0x1007c5590
Microsoft.iOS	2407	0x06000968	ObjCRuntime.Runtime	RetainNativeObject	0x2050	NoInlining	Private, Static, HideBySig	0x1007e3334	0x94999251	0x102e47c78	0x102e47c78	mapped	0x102e47c78
Microsoft.iOS	2408	0x06000969	ObjCRuntime.Runtime	RetainNativeObject	0x2050	NoInlining	Private, Static, HideBySig	0x1007e3338	0x9499927f	0x102e47d34	0x102e47d34	mapped	0x102e47d34
Microsoft.iOS	2409	0x0600096a	ObjCRuntime.Runtime	RetainNSObject	0x2050	NoInlining	Assembly, Static, HideBySig	0x1007e333c	0x949992af	0x102e47df8	0x102e47df8	mapped	0x102e47df8
Microsoft.iOS	2410	0x0600096b	ObjCRuntime.Runtime	AttemptRetainNSObject	0x2050	NoInlining	Private, Static, HideBySig	0x1007e3340	0x949992d0	0x102e47e80	0x102e47e80	mapped	0x102e47e80
Microsoft.iOS	2411	0x0600096c	ObjCRuntime.Runtime	CheckSystemVersion	0x2050	NoInlining	Assembly, Static, HideBySig	0x1007e3344	0x949992f8	0x102e47f24	0x102e47f24	mapped	0x102e47f24
Microsoft.iOS	2412	0x0600096d	ObjCRuntime.Runtime	CheckSystemVersion	0x2050	NoInlining	Assembly, Static, HideBySig	0x1007e3348	0x94999317	0x102e47fa4	0x102e47fa4	mapped	0x102e47fa4
Microsoft.iOS	2413	0x0600096e	ObjCRuntime.Runtime	StringEquals	0x2050	NoInlining	Assembly, Static, HideBySig	0x1007e334c	0x9499935f	0x102e480c8	0x102e480c8	mapped	0x102e480c8
Microsoft.iOS	2414	0x0600096f	ObjCRuntime.Runtime	FindClosedMethod	0x2050	NoInlining	Assembly, Static, HideBySig	0x1007e3350	0x949993a8	0x102e481f0	0x102e481f0	mapped	0x102e481f0
Microsoft.iOS	2415	0x06000970	ObjCRuntime.Runtime	GCCollect	0x2050	NoInlining	Private, Static, HideBySig	0x1007e3354	0x949994bc	0x102e48644	0x102e48644	mapped	0x102e48644
Microsoft.iOS	2416	0x06000971	ObjCRuntime.Runtime	ReleaseBlockOnMainThread	0x0	136	Public, Static, HideBySig, PinvokeImpl	0x1007e3358	0x97fff690	0x1007e0d98		absent	0x1007e0d98
Microsoft.iOS	2417	0x06000972	ObjCRuntime.Runtime	ReleaseBlockWhenDelegateIsCollected	0x2050	NoInlining	Private, Static, HideBySig	0x1007e335c	0x949994cf	0x102e48698	0x102e48698	mapped	0x102e48698
Microsoft.iOS	2418	0x06000973	ObjCRuntime.Runtime	ThrowOnNull	0x2050	NoInlining	Assembly, Static, HideBySig	0x1007e3360	0x9499951f	0x102e487dc	0x102e487dc	mapped	0x102e487dc
Microsoft.iOS	2419	0x06000974	ObjCRuntime.Runtime	GetIsARM64CallingConvention	0x2050	NoInlining	Private, Static, HideBySig	0x1007e3364	0x94999546	0x102e4887c	0x102e4887c	mapped	0x102e4887c
Microsoft.iOS	2420	0x06000975	ObjCRuntime.Runtime	GetGCHandleTarget	0x2050	NoInlining	Assembly, Static, HideBySig	0x1007e3368	0x94999554	0x102e488b8	0x102e488b8	mapped	0x102e488b8
Microsoft.iOS	2421	0x06000976	ObjCRuntime.Runtime	AllocGCHandle	0x2050	NoInlining	Assembly, Static, HideBySig	0x1007e336c	0x94999572	0x102e48934	0x102e48934	mapped	0x102e48934
Microsoft.iOS	2422	0x06000977	ObjCRuntime.Runtime	AllocGCHandle	0x2050	NoInlining	Assembly, Static, HideBySig	0x1007e3370	0x9499958b	0x102e4899c	0x102e4899c	mapped	0x102e4899c
Microsoft.iOS	2423	0x06000978	ObjCRuntime.Runtime	ThrowException	0x2050	NoInlining	Public, Static, HideBySig	0x1007e3374	0x949995a5	0x102e48a08	0x102e48a08	mapped	0x102e48a08
Microsoft.iOS	2424	0x06000979	ObjCRuntime.Runtime	InvokeConformsToProtocol	0x2050	NoInlining	Private, Static, HideBySig	0x1007e3378	0x949995d3	0x102e48ac4	0x102e48ac4	mapped	0x102e48ac4
Microsoft.iOS	2425	0x0600097a	ObjCRuntime.Runtime	LookupUnmanagedFunction	0x2050	NoInlining	Private, Static, HideBySig	0x1007e337c	0x949995f1	0x102e48b40	0x102e48b40	mapped	0x102e48b40
Microsoft.iOS	2426	0x0600097b	ObjCRuntime.Runtime	InitializePlatform	0x2050	NoInlining	Private, Static, HideBySig	0x1007e3380	0x94999611	0x102e48bc4	0x102e48bc4	mapped	0x102e48bc4
Microsoft.iOS	2427	0x0600097c	ObjCRuntime.Runtime	.cctor	0x2050	NoInlining	Private, Static, HideBySig, SpecialName, RTSpecialName	0x1007e3384	0x94999625	0x102e48c18	0x102e48c18	mapped	0x102e48c18
Microsoft.iOS	2428	0x0600097d	ObjCRuntime.Runtime+ClassHandles	InitializeClassHandles	0x2050	NoInlining	Assembly, Static, HideBySig	0x1007e3388	0x94999635	0x102e48c5c	0x102e48c5c	mapped	0x102e48c5c
Microsoft.iOS	2429	0x0600097e	ObjCRuntime.Runtime+ClassHandles	SetHandle	0x2050	NoInlining	Assembly, Static, HideBySig	0x1007e338c	0x94999648	0x102e48cac	0x102e48cac	mapped	0x102e48cac
Microsoft.iOS	2430	0x0600097f	ObjCRuntime.ObjCException	.ctor	0x2050	NoInlining	Public, HideBySig, SpecialName, RTSpecialName	0x1007e3390	0x94999659	0x102e48cf4	0x102e48cf4	mapped	0x102e48cf4
Microsoft.iOS	2431	0x06000980	ObjCRuntime.ObjCException	get_NSException	0x2050	NoInlining	Public, HideBySig, SpecialName	0x1007e3394	0x9499966b	0x102e48d40	0x102e48d40	mapped	0x102e48d40
Microsoft.iOS	2432	0x06000981	ObjCRuntime.ObjCException	get_Reason	0x2050	NoInlining	Public, HideBySig, SpecialName	0x1007e3398	0x94999673	0x102e48d64	0x102e48d64	mapped	0x102e48d64
Microsoft.iOS	2433	0x06000982	ObjCRuntime.ObjCException	get_Name	0x2050	NoInlining	Public, HideBySig, SpecialName	0x1007e339c	0x9499968d	0x102e48dd0	0x102e48dd0	mapped	0x102e48dd0
Microsoft.iOS	2434	0x06000983	ObjCRuntime.ObjCException	get_Message	0x2050	NoInlining	Public, Final, Virtual, HideBySig, SpecialName	0x1007e33a0	0x949996a7	0x102e48e3c	0x102e48e3c	mapped	0x102e48e3c
Microsoft.iOS	2435	0x06000984	ObjCRuntime.ObjCException	AppendNativeStackTrace	0x2050	NoInlining	Private, HideBySig	0x1007e33a4	0x949996e6	0x102e48f3c	0x102e48f3c	mapped	0x102e48f3c
Microsoft.iOS	2436	0x06000985	ObjCRuntime.ObjCException	ToString	0x2050	NoInlining	Public, Final, Virtual, HideBySig	0x1007e33a8	0x94999739	0x102e4908c	0x102e4908c	mapped	0x102e4908c
Microsoft.iOS	2437	0x06000986	ObjCRuntime.MonoNativeFunctionWrapperAttribute	.ctor	0x2050	NoInlining	Public, HideBySig, SpecialName, RTSpecialName	0x1007e33ac	0x9499976c	0x102e4915c	0x102e4915c	mapped	0x102e4915c
Microsoft.iOS	2438	0x06000987	ObjCRuntime.BaseWrapper	.ctor	0x2050	NoInlining	Family, HideBySig, SpecialName, RTSpecialName	0x1007e33b0	0x9499976c	0x102e49160	0x102e49160	mapped	0x102e49160
Microsoft.iOS	2439	0x06000988	ObjCRuntime.BaseWrapper	Retain	0x2050	NoInlining	FamORAssem, Final, Virtual, HideBySig	0x1007e33b4	0x94999780	0x102e491b4	0x102e491b4	mapped	0x102e491b4
Microsoft.iOS	2440	0x06000989	ObjCRuntime.BaseWrapper	Release	0x2050	NoInlining	FamORAssem, Final, Virtual, HideBySig	0x1007e33b8	0x94999796	0x102e49210	0x102e49210	mapped	0x102e49210
Microsoft.iOS	2441	0x0600098a	ObjCRuntime.BlockProxyAttribute	.ctor	0x2050	NoInlining	Public, HideBySig, SpecialName, RTSpecialName	0x1007e33bc	0x949997ac	0x102e4926c	0x102e4926c	mapped	0x102e4926c
Microsoft.iOS	2442	0x0600098b	ObjCRuntime.BlockProxyAttribute	set_Type	0x2050	NoInlining	Public, HideBySig, SpecialName	0x1007e33c0	0x949997bb	0x102e492ac	0x102e492ac	mapped	0x102e492ac
Microsoft.iOS	2443	0x0600098c	ObjCRuntime.DelegateProxyAttribute	get_DelegateType	0x2050	NoInlining	Public, HideBySig, SpecialName	0x1007e33c4	0x949997ca	0x102e492ec	0x102e492ec	mapped	0x102e492ec
Microsoft.iOS	2444	0x0600098d	ObjCRuntime.BlockLiteral	get_NSConcreteStackBlock	0x2050	NoInlining	Private, Static, HideBySig, SpecialName	0x1007e33c8	0x949997db	0x102e49334	0x102e49334	mapped	0x102e49334
Microsoft.iOS	2445	0x0600098e	ObjCRuntime.BlockLiteral	xamarin_get_block_descriptor	0x0	136	Private, Static, HideBySig, PinvokeImpl	0x1007e33cc	0x97fff673	0x1007e0d98		absent	0x1007e0d98
Microsoft.iOS	2446	0x0600098f	ObjCRuntime.BlockLiteral	.ctor	0x2050	NoInlining	Public, HideBySig, SpecialName, RTSpecialName	0x1007e33d0	0x949997f9	0x102e493b4	0x102e493b4	mapped	0x102e493b4
Microsoft.iOS	2447	0x06000990	ObjCRuntime.BlockLiteral	SetupBlockImpl	0x2050	NoInlining	Private, HideBySig	0x1007e33d4	0x94999832	0x102e4949c	0x102e4949c	mapped	0x102e4949c
Microsoft.iOS	2448	0x06000991	ObjCRuntime.BlockLiteral	SetupBlockImpl	0x2050	NoInlining	Private, HideBySig	0x1007e33d8	0x94999868	0x102e49578	0x102e49578	mapped	0x102e49578
Microsoft.iOS	2449	0x06000992	ObjCRuntime.BlockLiteral	GetContext	0x2050	NoInlining	Private, Static, HideBySig	0x1007e33dc	0x949998a2	0x102e49664	0x102e49664	mapped	0x102e49664
Microsoft.iOS	2450	0x06000993	ObjCRuntime.BlockLiteral	SetupFunctionPointerBlock	0x2050	NoInlining	Private, HideBySig	0x1007e33e0	0x949998d3	0x102e4972c	0x102e4972c	mapped	0x102e4972c
Microsoft.iOS	2451	0x06000994	ObjCRuntime.BlockLiteral	Dispose	0x2050	NoInlining	Public, Final, Virtual, HideBySig, VtableLayoutMask	0x1007e33e4	0x94999939	0x102e498c8	0x102e498c8	mapped	0x102e498c8
Microsoft.iOS	2452	0x06000995	ObjCRuntime.BlockLiteral	get_Context	0x2050	NoInlining	Public, HideBySig, SpecialName	0x1007e33e8	0x94999964	0x102e49978	0x102e49978	mapped	0x102e49978
Microsoft.iOS	2453	0x06000996	ObjCRuntime.BlockLiteral	get_Target	0x2050	NoInlining	Public, HideBySig, SpecialName	0x1007e33ec	0x94999980	0x102e499ec	0x102e499ec	mapped	0x102e499ec
Microsoft.iOS	2454	0x06000997	ObjCRuntime.BlockLiteral	GetDelegateForBlock	0x2050	NoInlining	Public, HideBySig	0x1007e33f0	0x9499999f	0x102e49a6c	0x102e49a6c	mapped	0x102e49a6c
Microsoft.iOS	2455	0x06000998	ObjCRuntime.BlockLiteral	GetTarget	0x2050	NoInlining	Public, Static, HideBySig	0x1007e33f4	0x949999cb	0x102e49b20	0x102e49b20	mapped	0x102e49b20
Microsoft.iOS	2456	0x06000999	ObjCRuntime.BlockLiteral	IsManagedBlock	0x2050	NoInlining	Public, Static, HideBySig	0x1007e33f8	0x949999f2	0x102e49bc0	0x102e49bc0	mapped	0x102e49bc0
Microsoft.iOS	2457	0x0600099a	ObjCRuntime.BlockLiteral	GetDelegateProxyType	0x2050	NoInlining	Private, Static, HideBySig	0x1007e33fc	0x94999a20	0x102e49c7c	0x102e49c7c	mapped	0x102e49c7c
Microsoft.iOS	2458	0x0600099b	ObjCRuntime.BlockLiteral	GetBlockForFunctionPointer	0x2050	NoInlining	Private, Static, HideBySig	0x1007e3400	0x94999bc6	0x102e4a318	0x102e4a318	mapped	0x102e4a318
Microsoft.iOS	2459	0x0600099c	ObjCRuntime.BlockLiteral	GetBlockForDelegate	0x2050	NoInlining	Assembly, Static, HideBySig	0x1007e3404	0x94999c31	0x102e4a4c8	0x102e4a4c8	mapped	0x102e4a4c8
Microsoft.iOS	2460	0x0600099d	ObjCRuntime.BlockLiteral	_Block_copy	0x0	136	Assembly, Static, HideBySig, PinvokeImpl	0x1007e3408	0x97fff664	0x1007e0d98		absent	0x1007e0d98
Microsoft.iOS	2461	0x0600099e	ObjCRuntime.BlockLiteral	_Block_copy	0x0	136	Assembly, Static, HideBySig, PinvokeImpl	0x1007e340c	0x97fff663	0x1007e0d98		absent	0x1007e0d98
Microsoft.iOS	2462	0x0600099f	ObjCRuntime.BlockLiteral	Copy	0x2050	NoInlining	Assembly, Static, HideBySig	0x1007e3410	0x9499a0a3	0x102e4b69c	0x102e4b69c	mapped	0x102e4b69c
Microsoft.iOS	2463	0x060009a0	ObjCRuntime.BlockCollector	.ctor	0x2050	NoInlining	Public, HideBySig, SpecialName, RTSpecialName	0x1007e3414	0x9499a0b0	0x102e4b6d4	0x102e4b6d4	mapped	0x102e4b6d4
Microsoft.iOS	2464	0x060009a1	ObjCRuntime.BlockCollector	Add	0x2050	NoInlining	Public, HideBySig	0x1007e3418	0x9499a0bb	0x102e4b704	0x102e4b704	mapped	0x102e4b704
Microsoft.iOS	2465	0x060009a2	ObjCRuntime.BlockCollector	Finalize	0x2050	NoInlining	Family, Final, Virtual, HideBySig	0x1007e341c	0x9499a0fe	0x102e4b814	0x102e4b814	mapped	0x102e4b814
Microsoft.iOS	2466	0x060009a3	ObjCRuntime.Class	Initialize	0x2050	NoInlining	Assembly, Static, HideBySig	0x1007e3420	0x9499a130	0x102e4b8e0	0x102e4b8e0	mapped	0x102e4b8e0
Microsoft.iOS	2467	0x060009a4	ObjCRuntime.Class	.ctor	0x2050	NoInlining	Public, HideBySig, SpecialName, RTSpecialName	0x1007e3424	0x9499a181	0x102e4ba28	0x102e4ba28	mapped	0x102e4ba28
Microsoft.iOS	2468	0x060009a5	ObjCRuntime.Class	.ctor	0x2050	NoInlining	Public, HideBySig, SpecialName, RTSpecialName	0x1007e3428	0x9499a1a0	0x102e4baa8	0x102e4baa8	mapped	0x102e4baa8
Microsoft.iOS	2469	0x060009a6	ObjCRuntime.Class	.ctor	0x2050	NoInlining	Assembly, HideBySig, SpecialName, RTSpecialName	0x1007e342c	0x9499a1b8	0x102e4bb0c	0x102e4bb0c	mapped	0x102e4bb0c
Microsoft.iOS	2470	0x060009a7	ObjCRuntime.Class	get_Handle	0x2050	NoInlining	Public, Final, Virtual, HideBySig, VtableLayoutMask, SpecialName	0x1007e3430	0x9499a1d0	0x102e4bb70	0x102e4bb70	mapped	0x102e4bb70
Microsoft.iOS	2471	0x060009a8	ObjCRuntime.Class	get_Name	0x2050	NoInlining	Public, HideBySig, SpecialName	0x1007e3434	0x9499a1d8	0x102e4bb94	0x102e4bb94	mapped	0x102e4bb94
Microsoft.iOS	2472	0x060009a9	ObjCRuntime.Class	GetHandle	0x2050	NoInlining	Public, Static, HideBySig	0x1007e3438	0x9499a1ec	0x102e4bbe8	0x102e4bbe8	mapped	0x102e4bbe8
Microsoft.iOS	2473	0x060009aa	ObjCRuntime.Class	Equals	0x2050	NoInlining	Public, Final, Virtual, HideBySig	0x1007e343c	0x9499a204	0x102e4bc4c	0x102e4bc4c	mapped	0x102e4bc4c
Microsoft.iOS	2474	0x060009ab	ObjCRuntime.Class	Equals	0x2050	NoInlining	Public, Final, Virtual, HideBySig, VtableLayoutMask	0x1007e3440	0x9499a227	0x102e4bcdc	0x102e4bcdc	mapped	0x102e4bcdc
Microsoft.iOS	2475	0x060009ac	ObjCRuntime.Class	GetHashCode	0x2050	NoInlining	Public, Final, Virtual, HideBySig	0x1007e3444	0x9499a236	0x102e4bd1c	0x102e4bd1c	mapped	0x102e4bd1c
Microsoft.iOS	2476	0x060009ad	ObjCRuntime.Class	GetHandle	0x2050	NoInlining	Public, Static, HideBySig	0x1007e3448	0x9499a240	0x102e4bd48	0x102e4bd48	mapped	0x102e4bd48
Microsoft.iOS	2477	0x060009ae	ObjCRuntime.Class	GetClassHandle	0x2050	NoInlining	Private, Static, HideBySig	0x1007e344c	0x9499a25d	0x102e4bdc0	0x102e4bdc0	mapped	0x102e4bdc0
Microsoft.iOS	2478	0x060009af	ObjCRuntime.Class	GetClassForObject	0x2050	NoInlining	Assembly, Static, HideBySig	0x1007e3450	0x9499a348	0x102e4c170	0x102e4c170	mapped	0x102e4c170
Microsoft.iOS	2479	0x060009b0	ObjCRuntime.Class	Lookup	0x2050	NoInlining	Assembly, Static, HideBySig	0x1007e3454	0x9499a362	0x102e4c1dc	0x102e4c1dc	mapped	0x102e4c1dc
Microsoft.iOS	2480	0x060009b1	ObjCRuntime.Class	Lookup	0x2050	NoInlining	Assembly, Static, HideBySig	0x1007e3458	0x9499a37b	0x102e4c244	0x102e4c244	mapped	0x102e4c244
Microsoft.iOS	2481	0x060009b2	ObjCRuntime.Class	GetAssemblyName	0x2050	NoInlining	Private, Static, HideBySig	0x1007e345c	0x9499a43c	0x102e4c54c	0x102e4c54c	mapped	0x102e4c54c
Microsoft.iOS	2482	0x060009b3	ObjCRuntime.Class	FindClass	0x2050	NoInlining	Private, Static, HideBySig	0x1007e3460	0x9499a47b	0x102e4c64c	0x102e4c64c	mapped	0x102e4c64c
Microsoft.iOS	2483	0x060009b4	ObjCRuntime.Class	CompareTokenReference	0x2050	NoInlining	Private, Static, HideBySig	0x1007e3464	0x9499a515	0x102e4c8b8	0x102e4c8b8	mapped	0x102e4c8b8
Microsoft.iOS	2484	0x060009b5	ObjCRuntime.Class	FindMapIndex	0x2050	NoInlining	Assembly, Static, HideBySig	0x1007e3468	0x9499a562	0x102e4c9f0	0x102e4c9f0	mapped	0x102e4c9f0
Microsoft.iOS	2485	0x060009b6	ObjCRuntime.Class	FindType	0x2050	NoInlining	Assembly, Static, HideBySig	0x1007e346c	0x9499a597	0x102e4cac8	0x102e4cac8	mapped	0x102e4cac8
Microsoft.iOS	2486	0x060009b7	ObjCRuntime.Class	ResolveFullTokenReference	0x2050	NoInlining	Assembly, Static, HideBySig	0x1007e3470	0x9499a5fa	0x102e4cc58	0x102e4cc58	mapped	0x102e4cc58
Microsoft.iOS	2487	0x060009b8	ObjCRuntime.Class	ResolveTypeTokenReference	0x2050	NoInlining	Assembly, Static, HideBySig	0x1007e3474	0x9499a631	0x102e4cd38	0x102e4cd38	mapped	0x102e4cd38
Microsoft.iOS	2488	0x060009b9	ObjCRuntime.Class	ResolveMethodTokenReference	0x2050	NoInlining	Assembly, Static, HideBySig	0x1007e3478	0x9499a6f3	0x102e4d044	0x102e4d044	mapped	0x102e4d044
Microsoft.iOS	2489	0x060009ba	ObjCRuntime.Class	ResolveTokenReference	0x2050	NoInlining	Private, Static, HideBySig	0x1007e347c	0x9499a7b5	0x102e4d350	0x102e4d350	mapped	0x102e4d350
Microsoft.iOS	2490	0x060009bb	ObjCRuntime.Class	ResolveToken	0x2050	NoInlining	Private, Static, HideBySig	0x1007e3480	0x9499a891	0x102e4d6c4	0x102e4d6c4	mapped	0x102e4d6c4
Microsoft.iOS	2491	0x060009bc	ObjCRuntime.Class	ResolveTokenNonManagedStatic	0x2050	NoInlining	Private, Static, HideBySig	0x1007e3484	0x9499a8af	0x102e4d740	0x102e4d740	mapped	0x102e4d740
Microsoft.iOS	2492	0x060009bd	ObjCRuntime.Class	ResolveModule	0x2050	NoInlining	Private, Static, HideBySig	0x1007e3488	0x9499a973	0x102e4da54	0x102e4da54	mapped	0x102e4da54
Microsoft.iOS	2493	0x060009be	ObjCRuntime.Class	ResolveAssembly	0x2050	NoInlining	Private, Static, HideBySig	0x1007e348c	0x9499aa47	0x102e4dda8	0x102e4dda8	mapped	0x102e4dda8
Microsoft.iOS	2494	0x060009bf	ObjCRuntime.Class	TryResolveAssembly	0x2050	NoInlining	Private, Static, HideBySig	0x1007e3490	0x9499aa85	0x102e4dea4	0x102e4dea4	mapped	0x102e4dea4
Microsoft.iOS	2495	0x060009c0	ObjCRuntime.Class	GetTokenReference	0x2050	NoInlining	Assembly, Static, HideBySig	0x1007e3494	0x9499aad8	0x102e4dff4	0x102e4dff4	mapped	0x102e4dff4
Microsoft.iOS	2496	0x060009c1	ObjCRuntime.Class	GetFullTokenReference	0x2050	NoInlining	Private, Static, HideBySig	0x1007e3498	0x9499ac8b	0x102e4e6c4	0x102e4e6c4	mapped	0x102e4e6c4
Microsoft.iOS	2497	0x060009c2	ObjCRuntime.Class	IsCustomType	0x2050	NoInlining	Assembly, Static, HideBySig	0x1007e349c	0x9499acdd	0x102e4e810	0x102e4e810	mapped	0x102e4e810
Microsoft.iOS	2498	0x060009c3	ObjCRuntime.Class	objc_getClass	0x0	136	Private, Static, HideBySig, PinvokeImpl	0x1007e34a0	0x97fff63e	0x1007e0d98		absent	0x1007e0d98
Microsoft.iOS	2499	0x060009c4	ObjCRuntime.Class	objc_getClass	0x2050	NoInlining	Assembly, Static, HideBySig	0x1007e34a4	0x9499ad22	0x102e4e92c	0x102e4e92c	mapped	0x102e4e92c
Microsoft.iOS	2500	0x060009c5	ObjCRuntime.Class	class_getName	0x0	136	Assembly, Static, HideBySig, PinvokeImpl	0x1007e34a8	0x97fff63c	0x1007e0d98		absent	0x1007e0d98
Microsoft.iOS	2501	0x060009c6	ObjCRuntime.Class	class_getSuperclass	0x0	136	Assembly, Static, HideBySig, PinvokeImpl	0x1007e34ac	0x97fff63b	0x1007e0d98		absent	0x1007e0d98
Microsoft.iOS	2502	0x060009c7	ObjCRuntime.Class	object_getClass	0x0	136	Assembly, Static, HideBySig, PinvokeImpl	0x1007e34b0	0x97fff63a	0x1007e0d98		absent	0x1007e0d98
Microsoft.iOS	2503	0x060009c8	ObjCRuntime.Class	TryGetClass	0x2050	NoInlining	Assembly, Static, HideBySig	0x1007e34b4	0x9499ad4e	0x102e4e9ec	0x102e4e9ec	mapped	0x102e4e9ec
Microsoft.iOS	2504	0x060009c9	ObjCRuntime.Class	.cctor	0x2050	NoInlining	Private, Static, HideBySig, SpecialName, RTSpecialName	0x1007e34b8	0x9499ad78	0x102e4ea98	0x102e4ea98	mapped	0x102e4ea98
Microsoft.iOS	2505	0x060009ca	ObjCRuntime.DisposableObject	get_Handle	0x2050	NoInlining	Public, Final, Virtual, HideBySig, VtableLayoutMask, SpecialName	0x1007e34bc	0x9499ad89	0x102e4eae0	0x102e4eae0	mapped	0x102e4eae0
Microsoft.iOS	2506	0x060009cb	ObjCRuntime.DisposableObject	set_Handle	0x2050	NoInlining	Family, HideBySig, SpecialName	0x1007e34c0	0x9499ad91	0x102e4eb04	0x102e4eb04	mapped	0x102e4eb04
Microsoft.iOS	2507	0x060009cc	ObjCRuntime.DisposableObject	.ctor	0x2050	NoInlining	Family, HideBySig, SpecialName, RTSpecialName	0x1007e34c4	0x9499ada7	0x102e4eb60	0x102e4eb60	mapped	0x102e4eb60
Microsoft.iOS	2508	0x060009cd	ObjCRuntime.DisposableObject	.ctor	0x2050	NoInlining	Family, HideBySig, SpecialName, RTSpecialName	0x1007e34c8	0x9499ada7	0x102e4eb64	0x102e4eb64	mapped	0x102e4eb64
Microsoft.iOS	2509	0x060009ce	ObjCRuntime.DisposableObject	Finalize	0x2050	NoInlining	Family, Final, Virtual, HideBySig	0x1007e34cc	0x9499adc1	0x102e4ebd0	0x102e4ebd0	mapped	0x102e4ebd0
Microsoft.iOS	2510	0x060009cf	ObjCRuntime.DisposableObject	Dispose	0x2050	NoInlining	Public, Final, Virtual, HideBySig, VtableLayoutMask	0x1007e34d0	0x9499ade2	0x102e4ec58	0x102e4ec58	mapped	0x102e4ec58
Microsoft.iOS	2511	0x060009d0	ObjCRuntime.DisposableObject	Dispose	0x2050	NoInlining	Family, Virtual, HideBySig, VtableLayoutMask	0x1007e34d4	0x9499adfa	0x102e4ecbc	0x102e4ecbc	mapped	0x102e4ecbc
Microsoft.iOS	2512	0x060009d1	ObjCRuntime.DisposableObject	InitializeHandle	0x2050	NoInlining	Private, HideBySig	0x1007e34d8	0x9499ae12	0x102e4ed20	0x102e4ed20	mapped	0x102e4ed20
Microsoft.iOS	2513	0x060009d2	ObjCRuntime.DisposableObject	InitializeHandle	0x2050	NoInlining	Family, Final, Virtual, HideBySig, VtableLayoutMask	0x1007e34dc	0x9499aed1	0x102e4f020	0x102e4f020	mapped	0x102e4f020
Microsoft.iOS	2514	0x060009d3	ObjCRuntime.DisposableObject	GetCheckedHandle	0x2050	NoInlining	Public, HideBySig	0x1007e34e0	0x9499aee1	0x102e4f064	0x102e4f064	mapped	0x102e4f064
Microsoft.iOS	2515	0x060009d4	ObjCRuntime.DisposableObject	GetHashCode	0x2050	NoInlining	Public, Virtual, HideBySig	0x1007e34e4	0x9499af05	0x102e4f0f8	0x102e4f0f8	mapped	0x102e4f0f8
Microsoft.iOS	2516	0x060009d5	ObjCRuntime.DisposableObject	Equals	0x2050	NoInlining	Public, Virtual, HideBySig	0x1007e34e8	0x9499af14	0x102e4f138	0x102e4f138	mapped	0x102e4f138
Microsoft.iOS	2517	0x060009d6	ObjCRuntime.DisposableObject	op_Equality	0x2050	NoInlining	Public, Static, HideBySig, SpecialName	0x1007e34ec	0x9499af40	0x102e4f1ec	0x102e4f1ec	mapped	0x102e4f1ec
Microsoft.iOS	2518	0x060009d7	ObjCRuntime.DisposableObject	op_Inequality	0x2050	NoInlining	Public, Static, HideBySig, SpecialName	0x1007e34f0	0x9499af4a	0x102e4f218	0x102e4f218	mapped	0x102e4f218
Microsoft.iOS	2519	0x060009d8	ObjCRuntime.Libraries+System	.cctor	0x2050	NoInlining	Private, Static, HideBySig, SpecialName, RTSpecialName	0x1007e34f4	0x9499af55	0x102e4f248	0x102e4f248	mapped	0x102e4f248
Microsoft.iOS	2520	0x060009d9	ObjCRuntime.Libraries+OpenGLES	.cctor	0x2050	NoInlining	Private, Static, HideBySig, SpecialName, RTSpecialName	0x1007e34f8	0x9499af6f	0x102e4f2b4	0x102e4f2b4	mapped	0x102e4f2b4
Microsoft.iOS	2521	0x060009da	ObjCRuntime.Libraries+AVFoundation	.cctor	0x2050	NoInlining	Private, Static, HideBySig, SpecialName, RTSpecialName	0x1007e34fc	0x9499af89	0x102e4f320	0x102e4f320	mapped	0x102e4f320
Microsoft.iOS	2522	0x060009db	ObjCRuntime.Libraries+CFNetwork	.cctor	0x2050	NoInlining	Private, Static, HideBySig, SpecialName, RTSpecialName	0x1007e3500	0x9499afa3	0x102e4f38c	0x102e4f38c	mapped	0x102e4f38c
Microsoft.iOS	2523	0x060009dc	ObjCRuntime.Libraries+CoreFoundation	.cctor	0x2050	NoInlining	Private, Static, HideBySig, SpecialName, RTSpecialName	0x1007e3504	0x9499afbd	0x102e4f3f8	0x102e4f3f8	mapped	0x102e4f3f8
Microsoft.iOS	2524	0x060009dd	ObjCRuntime.Libraries+CoreMedia	.cctor	0x2050	NoInlining	Private, Static, HideBySig, SpecialName, RTSpecialName	0x1007e3508	0x9499afd7	0x102e4f464	0x102e4f464	mapped	0x102e4f464
Microsoft.iOS	2525	0x060009de	ObjCRuntime.Libraries+CoreText	.cctor	0x2050	NoInlining	Private, Static, HideBySig, SpecialName, RTSpecialName	0x1007e350c	0x9499aff1	0x102e4f4d0	0x102e4f4d0	mapped	0x102e4f4d0
Microsoft.iOS	2526	0x060009df	ObjCRuntime.Libraries+Foundation	.cctor	0x2050	NoInlining	Private, Static, HideBySig, SpecialName, RTSpecialName	0x1007e3510	0x9499b00b	0x102e4f53c	0x102e4f53c	mapped	0x102e4f53c
Microsoft.iOS	2527	0x060009e0	ObjCRuntime.Libraries+MediaPlayer	.cctor	0x2050	NoInlining	Private, Static, HideBySig, SpecialName, RTSpecialName	0x1007e3514	0x9499b025	0x102e4f5a8	0x102e4f5a8	mapped	0x102e4f5a8
Microsoft.iOS	2528	0x060009e1	ObjCRuntime.Libraries+UIKit	.cctor	0x2050	NoInlining	Private, Static, HideBySig, SpecialName, RTSpecialName	0x1007e3518	0x9499b03f	0x102e4f614	0x102e4f614	mapped	0x102e4f614
Microsoft.iOS	2529	0x060009e2	ObjCRuntime.Dlfcn	_dlopen	0x0	136	Private, Static, HideBySig, PinvokeImpl	0x1007e351c	0x97fff61f	0x1007e0d98		absent	0x1007e0d98
Microsoft.iOS	2530	0x060009e3	ObjCRuntime.Dlfcn	_dlopen	0x2050	NoInlining	Assembly, Static, HideBySig	0x1007e3520	0x9499b058	0x102e4f680	0x102e4f680	mapped	0x102e4f680
Microsoft.iOS	2531	0x060009e4	ObjCRuntime.Dlfcn	dlopen	0x2050	NoInlining	Public, Static, HideBySig	0x1007e3524	0x9499b07b	0x102e4f710	0x102e4f710	mapped	0x102e4f710
Microsoft.iOS	2532	0x060009e5	ObjCRuntime.Dlfcn	WarnOnce	0x2050	NoInlining	Private, Static, HideBySig	0x1007e3528	0x9499b08a	0x102e4f750	0x102e4f750	mapped	0x102e4f750
Microsoft.iOS	2533	0x060009e6	ObjCRuntime.Dlfcn	dlopen	0x2050	NoInlining	Assembly, Static, HideBySig	0x1007e352c	0x9499b08a	0x102e4f754	0x102e4f754	mapped	0x102e4f754
Microsoft.iOS	2534	0x060009e7	ObjCRuntime.Dlfcn	dlsym	0x0	136	Private, Static, HideBySig, PinvokeImpl	0x1007e3530	0x97fff61a	0x1007e0d98		absent	0x1007e0d98
Microsoft.iOS	2535	0x060009e8	ObjCRuntime.Dlfcn	dlsym	0x2050	NoInlining	Public, Static, HideBySig	0x1007e3534	0x9499b0b5	0x102e4f808	0x102e4f808	mapped	0x102e4f808
Microsoft.iOS	2536	0x060009e9	ObjCRuntime.Dlfcn	GetStringConstant	0x2050	NoInlining	Public, Static, HideBySig	0x1007e3538	0x9499b0d9	0x102e4f89c	0x102e4f89c	mapped	0x102e4f89c
Microsoft.iOS	2537	0x060009ea	ObjCRuntime.Dlfcn	GetIndirect	0x2050	NoInlining	Public, Static, HideBySig	0x1007e353c	0x9499b0f9	0x102e4f920	0x102e4f920	mapped	0x102e4f920
Microsoft.iOS	2538	0x060009eb	ObjCRuntime.Dlfcn	GetIntPtr	0x2050	NoInlining	Public, Static, HideBySig	0x1007e3540	0x9499b108	0x102e4f960	0x102e4f960	mapped	0x102e4f960
Microsoft.iOS	2539	0x060009ec	ObjCRuntime.Dlfcn	CachePointer	0x2050	NoInlining	Public, Static, HideBySig	0x1007e3544	0x9499b119	0x102e4f9a8	0x102e4f9a8	mapped	0x102e4f9a8
Microsoft.iOS	2540	0x060009ed	ObjCRuntime.ErrorHelper	CreateError	0x2050	NoInlining	Public, Static, HideBySig	0x1007e3548	0x9499b136	0x102e4fa20	0x102e4fa20	mapped	0x102e4fa20
Microsoft.iOS	2541	0x060009ee	ObjCRuntime.ErrorHelper	CreateError	0x2050	NoInlining	Public, Static, HideBySig	0x1007e354c	0x9499b16b	0x102e4faf8	0x102e4faf8	mapped	0x102e4faf8
Microsoft.iOS	2542	0x060009ef	ObjCRuntime.MarshalObjectiveCExceptionHandler	.ctor	0x0	11	Public, HideBySig, SpecialName, RTSpecialName	0x1007e3550	0x97fff612	0x1007e0d98		absent	0x1007e0d98
Microsoft.iOS	2543	0x060009f0	ObjCRuntime.MarshalObjectiveCExceptionHandler	Invoke	0x0	11	Public, Virtual, HideBySig, VtableLayoutMask	0x1007e3554	0x97fff611	0x1007e0d98		absent	0x1007e0d98
Microsoft.iOS	2544	0x060009f1	ObjCRuntime.MarshalObjectiveCExceptionEventArgs	set_Exception	0x2050	NoInlining	Public, HideBySig, SpecialName	0x1007e3558	0x9499b19f	0x102e4fbd4	0x102e4fbd4	mapped	0x102e4fbd4
Microsoft.iOS	2545	0x060009f2	ObjCRuntime.MarshalObjectiveCExceptionEventArgs	get_ExceptionMode	0x2050	NoInlining	Public, HideBySig, SpecialName	0x1007e355c	0x9499b1ae	0x102e4fc14	0x102e4fc14	mapped	0x102e4fc14
Microsoft.iOS	2546	0x060009f3	ObjCRuntime.MarshalObjectiveCExceptionEventArgs	set_ExceptionMode	0x2050	NoInlining	Public, HideBySig, SpecialName	0x1007e3560	0x9499b1b6	0x102e4fc38	0x102e4fc38	mapped	0x102e4fc38
Microsoft.iOS	2547	0x060009f4	ObjCRuntime.MarshalObjectiveCExceptionEventArgs	.ctor	0x2050	NoInlining	Public, HideBySig, SpecialName, RTSpecialName	0x1007e3564	0x9499b1be	0x102e4fc5c	0x102e4fc5c	mapped	0x102e4fc5c
Microsoft.iOS	2548	0x060009f5	ObjCRuntime.MarshalManagedExceptionHandler	.ctor	0x0	11	Public, HideBySig, SpecialName, RTSpecialName	0x1007e3568	0x97fff60c	0x1007e0d98		absent	0x1007e0d98
Microsoft.iOS	2549	0x060009f6	ObjCRuntime.MarshalManagedExceptionHandler	Invoke	0x0	11	Public, Virtual, HideBySig, VtableLayoutMask	0x1007e356c	0x97fff60b	0x1007e0d98		absent	0x1007e0d98
Microsoft.iOS	2550	0x060009f7	ObjCRuntime.MarshalManagedExceptionEventArgs	set_Exception	0x2050	NoInlining	Public, HideBySig, SpecialName	0x1007e3570	0x9499b1bc	0x102e4fc60	0x102e4fc60	mapped	0x102e4fc60
Microsoft.iOS	2551	0x060009f8	ObjCRuntime.MarshalManagedExceptionEventArgs	get_ExceptionMode	0x2050	NoInlining	Public, HideBySig, SpecialName	0x1007e3574	0x9499b1cb	0x102e4fca0	0x102e4fca0	mapped	0x102e4fca0
Microsoft.iOS	2552	0x060009f9	ObjCRuntime.MarshalManagedExceptionEventArgs	set_ExceptionMode	0x2050	NoInlining	Public, HideBySig, SpecialName	0x1007e3578	0x9499b1d3	0x102e4fcc4	0x102e4fcc4	mapped	0x102e4fcc4
Microsoft.iOS	2553	0x060009fa	ObjCRuntime.MarshalManagedExceptionEventArgs	.ctor	0x2050	NoInlining	Public, HideBySig, SpecialName, RTSpecialName	0x1007e357c	0x9499b1db	0x102e4fce8	0x102e4fce8	mapped	0x102e4fce8
Microsoft.iOS	2554	0x060009fb	ObjCRuntime.Extensions	AsByte	0x2050	NoInlining	Public, Static, HideBySig	0x1007e3580	0x9499b1db	0x102e4fcec	0x102e4fcec	mapped	0x102e4fcec
Microsoft.iOS	2555	0x060009fc	ObjCRuntime.IManagedRegistrar	LookupUnmanagedFunction	0x0	NoInlining	Public, Virtual, HideBySig, VtableLayoutMask, Abstract	0x1007e3584	0x97fff605	0x1007e0d98		absent	0x1007e0d98
Microsoft.iOS	2556	0x060009fd	ObjCRuntime.INativeObject	get_Handle	0x0	NoInlining	Public, Virtual, HideBySig, VtableLayoutMask, Abstract, SpecialName	0x1007e3588	0x97fff604	0x1007e0d98		absent	0x1007e0d98
Microsoft.iOS	2557	0x060009fe	ObjCRuntime.NativeObjectExtensions	GetHandle	0x2050	NoInlining	Public, Static, HideBySig	0x1007e358c	0x9499b1db	0x102e4fcf8	0x102e4fcf8	mapped	0x102e4fcf8
Microsoft.iOS	2558	0x060009ff	ObjCRuntime.NativeObjectExtensions	GetNonNullHandle	0x2050	NoInlining	Public, Static, HideBySig	0x1007e3590	0x9499b1fc	0x102e4fd80	0x102e4fd80	mapped	0x102e4fd80
Microsoft.iOS	2559	0x06000a00	ObjCRuntime.Messaging	NativeHandle_objc_msgSend	0x0	136	Public, Static, HideBySig, PinvokeImpl	0x1007e3594	0x97fff601	0x1007e0d98		absent	0x1007e0d98
Microsoft.iOS	2560	0x06000a01	ObjCRuntime.Messaging	NativeHandle_objc_msgSendSuper	0x0	136	Public, Static, HideBySig, PinvokeImpl	0x1007e3598	0x97fff600	0x1007e0d98		absent	0x1007e0d98
Microsoft.iOS	2561	0x06000a02	ObjCRuntime.Messaging	NativeHandle_objc_msgSend_NativeHandle	0x0	136	Public, Static, HideBySig, PinvokeImpl	0x1007e359c	0x97fff5ff	0x1007e0d98		absent	0x1007e0d98
Microsoft.iOS	2562	0x06000a03	ObjCRuntime.Messaging	NativeHandle_objc_msgSendSuper_NativeHandle	0x0	136	Public, Static, HideBySig, PinvokeImpl	0x1007e35a0	0x97fff5fe	0x1007e0d98		absent	0x1007e0d98
Microsoft.iOS	2563	0x06000a04	ObjCRuntime.Messaging	void_objc_msgSend_NativeHandle	0x0	136	Public, Static, HideBySig, PinvokeImpl	0x1007e35a4	0x97fff5fd	0x1007e0d98		absent	0x1007e0d98
Microsoft.iOS	2564	0x06000a05	ObjCRuntime.Messaging	void_objc_msgSendSuper_NativeHandle	0x0	136	Public, Static, HideBySig, PinvokeImpl	0x1007e35a8	0x97fff5fc	0x1007e0d98		absent	0x1007e0d98
Microsoft.iOS	2565	0x06000a06	ObjCRuntime.Messaging	IntPtr_objc_msgSend	0x0	136	Public, Static, HideBySig, PinvokeImpl	0x1007e35ac	0x97fff5fb	0x1007e0d98		absent	0x1007e0d98
Microsoft.iOS	2566	0x06000a07	ObjCRuntime.Messaging	IntPtr_objc_msgSendSuper	0x0	136	Public, Static, HideBySig, PinvokeImpl	0x1007e35b0	0x97fff5fa	0x1007e0d98		absent	0x1007e0d98
Microsoft.iOS	2567	0x06000a08	ObjCRuntime.Messaging	float_objc_msgSend	0x0	136	Public, Static, HideBySig, PinvokeImpl	0x1007e35b4	0x97fff5f9	0x1007e0d98		absent	0x1007e0d98
Microsoft.iOS	2568	0x06000a09	ObjCRuntime.Messaging	bool_objc_msgSend	0x0	136	Public, Static, HideBySig, PinvokeImpl	0x1007e35b8	0x97fff5f8	0x1007e0d98		absent	0x1007e0d98
Microsoft.iOS	2569	0x06000a0a	ObjCRuntime.Messaging	bool_objc_msgSendSuper	0x0	136	Public, Static, HideBySig, PinvokeImpl	0x1007e35bc	0x97fff5f7	0x1007e0d98		absent	0x1007e0d98
Microsoft.iOS	2570	0x06000a0b	ObjCRuntime.Messaging	nfloat_objc_msgSend	0x0	136	Public, Static, HideBySig, PinvokeImpl	0x1007e35c0	0x97fff5f6	0x1007e0d98		absent	0x1007e0d98
Microsoft.iOS	2571	0x06000a0c	ObjCRuntime.Messaging	nfloat_objc_msgSendSuper	0x0	136	Public, Static, HideBySig, PinvokeImpl	0x1007e35c4	0x97fff5f5	0x1007e0d98		absent	0x1007e0d98
Microsoft.iOS	2572	0x06000a0d	ObjCRuntime.Messaging	void_objc_msgSend_bool	0x0	136	Public, Static, HideBySig, PinvokeImpl	0x1007e35c8	0x97fff5f4	0x1007e0d98		absent	0x1007e0d98
Microsoft.iOS	2573	0x06000a0e	ObjCRuntime.Messaging	void_objc_msgSendSuper_bool	0x0	136	Public, Static, HideBySig, PinvokeImpl	0x1007e35cc	0x97fff5f3	0x1007e0d98		absent	0x1007e0d98
Microsoft.iOS	2574	0x06000a0f	ObjCRuntime.Messaging	void_objc_msgSend_IntPtr	0x0	136	Public, Static, HideBySig, PinvokeImpl	0x1007e35d0	0x97fff5f2	0x1007e0d98		absent	0x1007e0d98
Microsoft.iOS	2575	0x06000a10	ObjCRuntime.Messaging	void_objc_msgSendSuper_IntPtr	0x0	136	Public, Static, HideBySig, PinvokeImpl	0x1007e35d4	0x97fff5f1	0x1007e0d98		absent	0x1007e0d98
Microsoft.iOS	2576	0x06000a11	ObjCRuntime.Messaging	UIntPtr_objc_msgSend	0x0	136	Public, Static, HideBySig, PinvokeImpl	0x1007e35d8	0x97fff5f0	0x1007e0d98		absent	0x1007e0d98
Microsoft.iOS	2577	0x06000a12	ObjCRuntime.Messaging	UIntPtr_objc_msgSendSuper	0x0	136	Public, Static, HideBySig, PinvokeImpl	0x1007e35dc	0x97fff5ef	0x1007e0d98		absent	0x1007e0d98
Microsoft.iOS	2578	0x06000a13	ObjCRuntime.Messaging	void_objc_msgSend_UIntPtr	0x0	136	Public, Static, HideBySig, PinvokeImpl	0x1007e35e0	0x97fff5ee	0x1007e0d98		absent	0x1007e0d98
Microsoft.iOS	2579	0x06000a14	ObjCRuntime.Messaging	void_objc_msgSendSuper_UIntPtr	0x0	136	Public, Static, HideBySig, PinvokeImpl	0x1007e35e4	0x97fff5ed	0x1007e0d98		absent	0x1007e0d98
Microsoft.iOS	2580	0x06000a15	ObjCRuntime.Messaging	bool_objc_msgSend_IntPtr	0x0	136	Public, Static, HideBySig, PinvokeImpl	0x1007e35e8	0x97fff5ec	0x1007e0d98		absent	0x1007e0d98
Microsoft.iOS	2581	0x06000a16	ObjCRuntime.Messaging	bool_objc_msgSendSuper_IntPtr	0x0	136	Public, Static, HideBySig, PinvokeImpl	0x1007e35ec	0x97fff5eb	0x1007e0d98		absent	0x1007e0d98
Microsoft.iOS	2582	0x06000a17	ObjCRuntime.Messaging	CGSize_objc_msgSend	0x0	136	Public, Static, HideBySig, PinvokeImpl	0x1007e35f0	0x97fff5ea	0x1007e0d98		absent	0x1007e0d98
Microsoft.iOS	2583	0x06000a18	ObjCRuntime.Messaging	Double_objc_msgSend	0x0	136	Public, Static, HideBySig, PinvokeImpl	0x1007e35f4	0x97fff5e9	0x1007e0d98		absent	0x1007e0d98
Microsoft.iOS	2584	0x06000a19	ObjCRuntime.Messaging	NativeHandle_objc_msgSend_CGRect	0x0	136	Public, Static, HideBySig, PinvokeImpl	0x1007e35f8	0x97fff5e8	0x1007e0d98		absent	0x1007e0d98
Microsoft.iOS	2585	0x06000a1a	ObjCRuntime.Messaging	NativeHandle_objc_msgSendSuper_CGRect	0x0	136	Public, Static, HideBySig, PinvokeImpl	0x1007e35fc	0x97fff5e7	0x1007e0d98		absent	0x1007e0d98
Microsoft.iOS	2586	0x06000a1b	ObjCRuntime.Messaging	NativeHandle_objc_msgSend_NativeHandle_NativeHandle	0x0	136	Public, Static, HideBySig, PinvokeImpl	0x1007e3600	0x97fff5e6	0x1007e0d98		absent	0x1007e0d98
Microsoft.iOS	2587	0x06000a1c	ObjCRuntime.Messaging	NativeHandle_objc_msgSend_NativeHandle_ref_NativeHandle	0x0	136	Public, Static, HideBySig, PinvokeImpl	0x1007e3604	0x97fff5e5	0x1007e0d98		absent	0x1007e0d98
Microsoft.iOS	2588	0x06000a1d	ObjCRuntime.Messaging	NativeHandle_objc_msgSend_NativeHandle_bool	0x0	136	Public, Static, HideBySig, PinvokeImpl	0x1007e3608	0x97fff5e4	0x1007e0d98		absent	0x1007e0d98
Microsoft.iOS	2589	0x06000a1e	ObjCRuntime.Messaging	void_objc_msgSend_NativeHandle_NativeHandle_NativeHandle	0x0	136	Public, Static, HideBySig, PinvokeImpl	0x1007e360c	0x97fff5e3	0x1007e0d98		absent	0x1007e0d98
Microsoft.iOS	2590	0x06000a1f	ObjCRuntime.Messaging	void_objc_msgSend_NativeHandle_NativeHandle	0x0	136	Public, Static, HideBySig, PinvokeImpl	0x1007e3610	0x97fff5e2	0x1007e0d98		absent	0x1007e0d98
Microsoft.iOS	2591	0x06000a20	ObjCRuntime.Messaging	void_objc_msgSendSuper_NativeHandle_NativeHandle	0x0	136	Public, Static, HideBySig, PinvokeImpl	0x1007e3614	0x97fff5e1	0x1007e0d98		absent	0x1007e0d98
Microsoft.iOS	2592	0x06000a21	ObjCRuntime.Messaging	bool_objc_msgSend_NativeHandle	0x0	136	Public, Static, HideBySig, PinvokeImpl	0x1007e3618	0x97fff5e0	0x1007e0d98		absent	0x1007e0d98
Microsoft.iOS	2593	0x06000a22	ObjCRuntime.Messaging	bool_objc_msgSendSuper_NativeHandle	0x0	136	Public, Static, HideBySig, PinvokeImpl	0x1007e361c	0x97fff5df	0x1007e0d98		absent	0x1007e0d98
Microsoft.iOS	2594	0x06000a23	ObjCRuntime.Messaging	void_objc_msgSend	0x0	136	Public, Static, HideBySig, PinvokeImpl	0x1007e3620	0x97fff5de	0x1007e0d98		absent	0x1007e0d98
Microsoft.iOS	2595	0x06000a24	ObjCRuntime.Messaging	void_objc_msgSendSuper	0x0	136	Public, Static, HideBySig, PinvokeImpl	0x1007e3624	0x97fff5dd	0x1007e0d98		absent	0x1007e0d98
Microsoft.iOS	2596	0x06000a25	ObjCRuntime.Messaging	bool_objc_msgSend_UIntPtr	0x0	136	Public, Static, HideBySig, PinvokeImpl	0x1007e3628	0x97fff5dc	0x1007e0d98		absent	0x1007e0d98
Microsoft.iOS	2597	0x06000a26	ObjCRuntime.Messaging	CMTime_objc_msgSend	0x0	136	Public, Static, HideBySig, PinvokeImpl	0x1007e362c	0x97fff5db	0x1007e0d98		absent	0x1007e0d98
Microsoft.iOS	2598	0x06000a27	ObjCRuntime.Messaging	int_objc_msgSend	0x0	136	Public, Static, HideBySig, PinvokeImpl	0x1007e3630	0x97fff5da	0x1007e0d98		absent	0x1007e0d98
Microsoft.iOS	2599	0x06000a28	ObjCRuntime.Messaging	NativeHandle_objc_msgSend_int	0x0	136	Public, Static, HideBySig, PinvokeImpl	0x1007e3634	0x97fff5d9	0x1007e0d98		absent	0x1007e0d98
Microsoft.iOS	2600	0x06000a29	ObjCRuntime.Messaging	void_objc_msgSend_NativeHandle_NativeHandle_NativeHandle_NativeHandle	0x0	136	Public, Static, HideBySig, PinvokeImpl	0x1007e3638	0x97fff5d8	0x1007e0d98		absent	0x1007e0d98
Microsoft.iOS	2601	0x06000a2a	ObjCRuntime.Messaging	NativeHandle_objc_msgSend_NativeHandle_NativeHandle_NativeHandle	0x0	136	Public, Static, HideBySig, PinvokeImpl	0x1007e363c	0x97fff5d7	0x1007e0d98		absent	0x1007e0d98
Microsoft.iOS	2602	0x06000a2b	ObjCRuntime.Messaging	Int64_objc_msgSend	0x0	136	Public, Static, HideBySig, PinvokeImpl	0x1007e3640	0x97fff5d6	0x1007e0d98		absent	0x1007e0d98
Microsoft.iOS	2603	0x06000a2c	ObjCRuntime.Messaging	void_objc_msgSend_CMTime	0x0	136	Public, Static, HideBySig, PinvokeImpl	0x1007e3644	0x97fff5d5	0x1007e0d98		absent	0x1007e0d98
Microsoft.iOS	2604	0x06000a2d	ObjCRuntime.Messaging	bool_objc_msgSend_NativeHandle_NativeHandle	0x0	136	Public, Static, HideBySig, PinvokeImpl	0x1007e3648	0x97fff5d4	0x1007e0d98		absent	0x1007e0d98
Microsoft.iOS	2605	0x06000a2e	ObjCRuntime.Messaging	bool_objc_msgSendSuper_NativeHandle_NativeHandle	0x0	136	Public, Static, HideBySig, PinvokeImpl	0x1007e364c	0x97fff5d3	0x1007e0d98		absent	0x1007e0d98
Microsoft.iOS	2606	0x06000a2f	ObjCRuntime.Messaging	void_objc_msgSend_int	0x0	136	Public, Static, HideBySig, PinvokeImpl	0x1007e3650	0x97fff5d2	0x1007e0d98		absent	0x1007e0d98
Microsoft.iOS	2607	0x06000a30	ObjCRuntime.Messaging	void_objc_msgSend_float	0x0	136	Public, Static, HideBySig, PinvokeImpl	0x1007e3654	0x97fff5d1	0x1007e0d98		absent	0x1007e0d98
Microsoft.iOS	2608	0x06000a31	ObjCRuntime.Messaging	UInt32_objc_msgSend	0x0	136	Public, Static, HideBySig, PinvokeImpl	0x1007e3658	0x97fff5d0	0x1007e0d98		absent	0x1007e0d98
Microsoft.iOS	2609	0x06000a32	ObjCRuntime.Messaging	NativeHandle_objc_msgSend_UInt32	0x0	136	Public, Static, HideBySig, PinvokeImpl	0x1007e365c	0x97fff5cf	0x1007e0d98		absent	0x1007e0d98
Microsoft.iOS	2610	0x06000a33	ObjCRuntime.Messaging	NativeHandle_objc_msgSend_IntPtr	0x0	136	Public, Static, HideBySig, PinvokeImpl	0x1007e3660	0x97fff5ce	0x1007e0d98		absent	0x1007e0d98
Microsoft.iOS	2611	0x06000a34	ObjCRuntime.Messaging	NativeHandle_objc_msgSend_NativeHandle_UIntPtr	0x0	136	Public, Static, HideBySig, PinvokeImpl	0x1007e3664	0x97fff5cd	0x1007e0d98		absent	0x1007e0d98
Microsoft.iOS	2612	0x06000a35	ObjCRuntime.Messaging	bool_objc_msgSend_NativeHandle_ref_NativeHandle	0x0	136	Public, Static, HideBySig, PinvokeImpl	0x1007e3668	0x97fff5cc	0x1007e0d98		absent	0x1007e0d98
Microsoft.iOS	2613	0x06000a36	ObjCRuntime.Messaging	bool_objc_msgSend_bool_ref_NativeHandle	0x0	136	Public, Static, HideBySig, PinvokeImpl	0x1007e366c	0x97fff5cb	0x1007e0d98		absent	0x1007e0d98
Microsoft.iOS	2614	0x06000a37	ObjCRuntime.Messaging	NativeHandle_objc_msgSend_UIntPtr	0x0	136	Public, Static, HideBySig, PinvokeImpl	0x1007e3670	0x97fff5ca	0x1007e0d98		absent	0x1007e0d98
Microsoft.iOS	2615	0x06000a38	ObjCRuntime.Messaging	void_objc_msgSend_Double	0x0	136	Public, Static, HideBySig, PinvokeImpl	0x1007e3674	0x97fff5c9	0x1007e0d98		absent	0x1007e0d98
Microsoft.iOS	2616	0x06000a39	ObjCRuntime.Messaging	UInt64_objc_msgSend	0x0	136	Public, Static, HideBySig, PinvokeImpl	0x1007e3678	0x97fff5c8	0x1007e0d98		absent	0x1007e0d98
Microsoft.iOS	2617	0x06000a3a	ObjCRuntime.Messaging	NativeHandle_objc_msgSend_UInt64	0x0	136	Public, Static, HideBySig, PinvokeImpl	0x1007e367c	0x97fff5c7	0x1007e0d98		absent	0x1007e0d98
Microsoft.iOS	2618	0x06000a3b	ObjCRuntime.Messaging	NativeHandle_objc_msgSend_float	0x0	136	Public, Static, HideBySig, PinvokeImpl	0x1007e3680	0x97fff5c6	0x1007e0d98		absent	0x1007e0d98
Microsoft.iOS	2619	0x06000a3c	ObjCRuntime.Messaging	void_objc_msgSend_nfloat	0x0	136	Public, Static, HideBySig, PinvokeImpl	0x1007e3684	0x97fff5c5	0x1007e0d98		absent	0x1007e0d98
Microsoft.iOS	2620	0x06000a3d	ObjCRuntime.Messaging	void_objc_msgSend_CGPoint	0x0	136	Public, Static, HideBySig, PinvokeImpl	0x1007e3688	0x97fff5c4	0x1007e0d98		absent	0x1007e0d98
Microsoft.iOS	2621	0x06000a3e	ObjCRuntime.Messaging	IntPtr_objc_msgSend_NativeHandle	0x0	136	Public, Static, HideBySig, PinvokeImpl	0x1007e368c	0x97fff5c3	0x1007e0d98		absent	0x1007e0d98
Microsoft.iOS	2622	0x06000a3f	ObjCRuntime.Messaging	NativeHandle_objc_msgSend_NativeHandle_NativeHandle_IntPtr	0x0	136	Public, Static, HideBySig, PinvokeImpl	0x1007e3690	0x97fff5c2	0x1007e0d98		absent	0x1007e0d98
Microsoft.iOS	2623	0x06000a40	ObjCRuntime.Messaging	void_objc_msgSend_float_NativeHandle	0x0	136	Public, Static, HideBySig, PinvokeImpl	0x1007e3694	0x97fff5c1	0x1007e0d98		absent	0x1007e0d98
Microsoft.iOS	2624	0x06000a41	ObjCRuntime.Messaging	void_objc_msgSend_IntPtr_UIntPtr	0x0	136	Public, Static, HideBySig, PinvokeImpl	0x1007e3698	0x97fff5c0	0x1007e0d98		absent	0x1007e0d98
Microsoft.iOS	2625	0x06000a42	ObjCRuntime.Messaging	CGRect_objc_msgSend	0x0	136	Public, Static, HideBySig, PinvokeImpl	0x1007e369c	0x97fff5bf	0x1007e0d98		absent	0x1007e0d98
Microsoft.iOS	2626	0x06000a43	ObjCRuntime.Messaging	CGRect_objc_msgSendSuper	0x0	136	Public, Static, HideBySig, PinvokeImpl	0x1007e36a0	0x97fff5be	0x1007e0d98		absent	0x1007e0d98
Microsoft.iOS	2627	0x06000a44	ObjCRuntime.Messaging	void_objc_msgSend_CGRect	0x0	136	Public, Static, HideBySig, PinvokeImpl	0x1007e36a4	0x97fff5bd	0x1007e0d98		absent	0x1007e0d98
Microsoft.iOS	2628	0x06000a45	ObjCRuntime.Messaging	void_objc_msgSendSuper_CGRect	0x0	136	Public, Static, HideBySig, PinvokeImpl	0x1007e36a8	0x97fff5bc	0x1007e0d98		absent	0x1007e0d98
Microsoft.iOS	2629	0x06000a46	ObjCRuntime.Messaging	void_objc_msgSend_bool_NativeHandle	0x0	136	Public, Static, HideBySig, PinvokeImpl	0x1007e36ac	0x97fff5bb	0x1007e0d98		absent	0x1007e0d98
Microsoft.iOS	2630	0x06000a47	ObjCRuntime.Messaging	void_objc_msgSendSuper_bool_NativeHandle	0x0	136	Public, Static, HideBySig, PinvokeImpl	0x1007e36b0	0x97fff5ba	0x1007e0d98		absent	0x1007e0d98
Microsoft.iOS	2631	0x06000a48	ObjCRuntime.Messaging	void_objc_msgSend_IntPtr_NativeHandle	0x0	136	Public, Static, HideBySig, PinvokeImpl	0x1007e36b4	0x97fff5b9	0x1007e0d98		absent	0x1007e0d98
Microsoft.iOS	2632	0x06000a49	ObjCRuntime.Messaging	NativeHandle_objc_msgSend_Double	0x0	136	Public, Static, HideBySig, PinvokeImpl	0x1007e36b8	0x97fff5b8	0x1007e0d98		absent	0x1007e0d98
Microsoft.iOS	2633	0x06000a4a	ObjCRuntime.Messaging	UInt16_objc_msgSend	0x0	136	Public, Static, HideBySig, PinvokeImpl	0x1007e36bc	0x97fff5b7	0x1007e0d98		absent	0x1007e0d98
Microsoft.iOS	2634	0x06000a4b	ObjCRuntime.Messaging	NativeHandle_objc_msgSend_NativeHandle_IntPtr_NativeHandle	0x0	136	Public, Static, HideBySig, PinvokeImpl	0x1007e36c0	0x97fff5b6	0x1007e0d98		absent	0x1007e0d98
Microsoft.iOS	2635	0x06000a4c	ObjCRuntime.Messaging	NativeHandle_objc_msgSendSuper_NativeHandle_IntPtr_NativeHandle	0x0	136	Public, Static, HideBySig, PinvokeImpl	0x1007e36c4	0x97fff5b5	0x1007e0d98		absent	0x1007e0d98
Microsoft.iOS	2636	0x06000a4d	ObjCRuntime.Messaging	float_objc_msgSend_NativeHandle	0x0	136	Public, Static, HideBySig, PinvokeImpl	0x1007e36c8	0x97fff5b4	0x1007e0d98		absent	0x1007e0d98
Microsoft.iOS	2637	0x06000a4e	ObjCRuntime.Messaging	CGPoint_objc_msgSend_NativeHandle	0x0	136	Public, Static, HideBySig, PinvokeImpl	0x1007e36cc	0x97fff5b3	0x1007e0d98		absent	0x1007e0d98
Microsoft.iOS	2638	0x06000a4f	ObjCRuntime.Messaging	void_objc_msgSend_IntPtr_IntPtr	0x0	136	Public, Static, HideBySig, PinvokeImpl	0x1007e36d0	0x97fff5b2	0x1007e0d98		absent	0x1007e0d98
Microsoft.iOS	2639	0x06000a50	ObjCRuntime.Messaging	void_objc_msgSend_NativeHandle_NSRange	0x0	136	Public, Static, HideBySig, PinvokeImpl	0x1007e36d4	0x97fff5b1	0x1007e0d98		absent	0x1007e0d98
Microsoft.iOS	2640	0x06000a51	ObjCRuntime.Messaging	void_objc_msgSend_CGSize_NativeHandle	0x0	136	Public, Static, HideBySig, PinvokeImpl	0x1007e36d8	0x97fff5b0	0x1007e0d98		absent	0x1007e0d98
Microsoft.iOS	2641	0x06000a52	ObjCRuntime.Messaging	void_objc_msgSendSuper_CGSize_NativeHandle	0x0	136	Public, Static, HideBySig, PinvokeImpl	0x1007e36dc	0x97fff5af	0x1007e0d98		absent	0x1007e0d98
Microsoft.iOS	2642	0x06000a53	ObjCRuntime.Messaging	void_objc_msgSend_NativeHandle_bool_NativeHandle	0x0	136	Public, Static, HideBySig, PinvokeImpl	0x1007e36e0	0x97fff5ae	0x1007e0d98		absent	0x1007e0d98
Microsoft.iOS	2643	0x06000a54	ObjCRuntime.Messaging	void_objc_msgSendSuper_NativeHandle_bool_NativeHandle	0x0	136	Public, Static, HideBySig, PinvokeImpl	0x1007e36e4	0x97fff5ad	0x1007e0d98		absent	0x1007e0d98
Microsoft.iOS	2644	0x06000a55	ObjCRuntime.Messaging	NativeHandle_objc_msgSend_NSRange	0x0	136	Public, Static, HideBySig, PinvokeImpl	0x1007e36e8	0x97fff5ac	0x1007e0d98		absent	0x1007e0d98
Microsoft.iOS	2645	0x06000a56	ObjCRuntime.Messaging	NativeHandle_objc_msgSend_UIntPtr_NativeHandle	0x0	136	Public, Static, HideBySig, PinvokeImpl	0x1007e36ec	0x97fff5ab	0x1007e0d98		absent	0x1007e0d98
Microsoft.iOS	2646	0x06000a57	ObjCRuntime.Messaging	void_objc_msgSend_UIntPtr_NativeHandle_NativeHandle	0x0	136	Public, Static, HideBySig, PinvokeImpl	0x1007e36f0	0x97fff5aa	0x1007e0d98		absent	0x1007e0d98
Microsoft.iOS	2647	0x06000a58	ObjCRuntime.Messaging	NativeHandle_objc_msgSend_Int64	0x0	136	Public, Static, HideBySig, PinvokeImpl	0x1007e36f4	0x97fff5a9	0x1007e0d98		absent	0x1007e0d98
Microsoft.iOS	2648	0x06000a59	ObjCRuntime.Messaging	NativeHandle_objc_msgSend_NativeHandle_NativeHandle_UIntPtr	0x0	136	Public, Static, HideBySig, PinvokeImpl	0x1007e36f8	0x97fff5a8	0x1007e0d98		absent	0x1007e0d98
Microsoft.iOS	2649	0x06000a5a	ObjCRuntime.Messaging	IntPtr_objc_msgSend_IntPtr	0x0	136	Public, Static, HideBySig, PinvokeImpl	0x1007e36fc	0x97fff5a7	0x1007e0d98		absent	0x1007e0d98
Microsoft.iOS	2650	0x06000a5b	ObjCRuntime.Messaging	NativeHandle_objc_msgSend_nfloat_nfloat_nfloat_nfloat	0x0	136	Public, Static, HideBySig, PinvokeImpl	0x1007e3700	0x97fff5a6	0x1007e0d98		absent	0x1007e0d98
Microsoft.iOS	2651	0x06000a5c	ObjCRuntime.Messaging	NativeHandle_objc_msgSend_bool	0x0	136	Public, Static, HideBySig, PinvokeImpl	0x1007e3704	0x97fff5a5	0x1007e0d98		absent	0x1007e0d98
Microsoft.iOS	2652	0x06000a5d	ObjCRuntime.Messaging	byte_objc_msgSend	0x0	136	Public, Static, HideBySig, PinvokeImpl	0x1007e3708	0x97fff5a4	0x1007e0d98		absent	0x1007e0d98
Microsoft.iOS	2653	0x06000a5e	ObjCRuntime.Messaging	Double_objc_msgSend_NativeHandle	0x0	136	Public, Static, HideBySig, PinvokeImpl	0x1007e370c	0x97fff5a3	0x1007e0d98		absent	0x1007e0d98
Microsoft.iOS	2654	0x06000a5f	ObjCRuntime.Messaging	NativeHandle_objc_msgSend_byte	0x0	136	Public, Static, HideBySig, PinvokeImpl	0x1007e3710	0x97fff5a2	0x1007e0d98		absent	0x1007e0d98
Microsoft.iOS	2655	0x06000a60	ObjCRuntime.Messaging	CMAcceleration_objc_msgSend	0x0	136	Public, Static, HideBySig, PinvokeImpl	0x1007e3714	0x97fff5a1	0x1007e0d98		absent	0x1007e0d98
Microsoft.iOS	2656	0x06000a61	ObjCRuntime.Messaging	CMCalibratedMagneticField_objc_msgSend	0x0	136	Public, Static, HideBySig, PinvokeImpl	0x1007e3718	0x97fff5a0	0x1007e0d98		absent	0x1007e0d98
Microsoft.iOS	2657	0x06000a62	ObjCRuntime.Messaging	IntPtr_objc_msgSend_IntPtr_IntPtr	0x0	136	Public, Static, HideBySig, PinvokeImpl	0x1007e371c	0x97fff59f	0x1007e0d98		absent	0x1007e0d98
Microsoft.iOS	2658	0x06000a63	ObjCRuntime.Messaging	void_objc_msgSend_NSRange_UIntPtr_NativeHandle	0x0	136	Public, Static, HideBySig, PinvokeImpl	0x1007e3720	0x97fff59e	0x1007e0d98		absent	0x1007e0d98
Microsoft.iOS	2659	0x06000a64	ObjCRuntime.Messaging	void_objc_msgSend_Double_NativeHandle	0x0	136	Public, Static, HideBySig, PinvokeImpl	0x1007e3724	0x97fff59d	0x1007e0d98		absent	0x1007e0d98
Microsoft.iOS	2660	0x06000a65	ObjCRuntime.Messaging	void_objc_msgSend_IntPtr_NSRange	0x0	136	Public, Static, HideBySig, PinvokeImpl	0x1007e3728	0x97fff59c	0x1007e0d98		absent	0x1007e0d98
Microsoft.iOS	2661	0x06000a66	ObjCRuntime.Messaging	NativeHandle_objc_msgSend_short	0x0	136	Public, Static, HideBySig, PinvokeImpl	0x1007e372c	0x97fff59b	0x1007e0d98		absent	0x1007e0d98
Microsoft.iOS	2662	0x06000a67	ObjCRuntime.Messaging	void_objc_msgSend_NativeHandle_NativeHandle_bool	0x0	136	Public, Static, HideBySig, PinvokeImpl	0x1007e3730	0x97fff59a	0x1007e0d98		absent	0x1007e0d98
Microsoft.iOS	2663	0x06000a68	ObjCRuntime.Messaging	SByte_objc_msgSend	0x0	136	Public, Static, HideBySig, PinvokeImpl	0x1007e3734	0x97fff599	0x1007e0d98		absent	0x1007e0d98
Microsoft.iOS	2664	0x06000a69	ObjCRuntime.Messaging	short_objc_msgSend	0x0	136	Public, Static, HideBySig, PinvokeImpl	0x1007e3738	0x97fff598	0x1007e0d98		absent	0x1007e0d98
Microsoft.iOS	2665	0x06000a6a	ObjCRuntime.Messaging	NativeHandle_objc_msgSend_SByte	0x0	136	Public, Static, HideBySig, PinvokeImpl	0x1007e373c	0x97fff597	0x1007e0d98		absent	0x1007e0d98
Microsoft.iOS	2666	0x06000a6b	ObjCRuntime.Messaging	NativeHandle_objc_msgSend_UInt16	0x0	136	Public, Static, HideBySig, PinvokeImpl	0x1007e3740	0x97fff596	0x1007e0d98		absent	0x1007e0d98
Microsoft.iOS	2667	0x06000a6c	ObjCRuntime.Messaging	NativeHandle_objc_msgSend_CGSize	0x0	136	Public, Static, HideBySig, PinvokeImpl	0x1007e3744	0x97fff595	0x1007e0d98		absent	0x1007e0d98
Microsoft.iOS	2668	0x06000a6d	ObjCRuntime.Messaging	bool_objc_msgSend_UIntPtr_NativeHandle	0x0	136	Public, Static, HideBySig, PinvokeImpl	0x1007e3748	0x97fff594	0x1007e0d98		absent	0x1007e0d98
Microsoft.iOS	2669	0x06000a6e	ObjCRuntime.Messaging	CGRect_objc_msgSend_CGSize_UIntPtr_NativeHandle_NativeHandle	0x0	136	Public, Static, HideBySig, PinvokeImpl	0x1007e374c	0x97fff593	0x1007e0d98		absent	0x1007e0d98
Microsoft.iOS	2670	0x06000a6f	ObjCRuntime.Messaging	void_objc_msgSend_IntPtr_bool	0x0	136	Public, Static, HideBySig, PinvokeImpl	0x1007e3750	0x97fff592	0x1007e0d98		absent	0x1007e0d98
Microsoft.iOS	2671	0x06000a70	ObjCRuntime.Messaging	void_objc_msgSend_bool_IntPtr	0x0	136	Public, Static, HideBySig, PinvokeImpl	0x1007e3754	0x97fff591	0x1007e0d98		absent	0x1007e0d98
Microsoft.iOS	2672	0x06000a71	ObjCRuntime.Messaging	IntPtr_objc_msgSend_nfloat	0x0	136	Public, Static, HideBySig, PinvokeImpl	0x1007e3758	0x97fff590	0x1007e0d98		absent	0x1007e0d98
Microsoft.iOS	2673	0x06000a72	ObjCRuntime.Messaging	IntPtr_objc_msgSend_NativeHandle_nfloat	0x0	136	Public, Static, HideBySig, PinvokeImpl	0x1007e375c	0x97fff58f	0x1007e0d98		absent	0x1007e0d98
Microsoft.iOS	2674	0x06000a73	ObjCRuntime.NativeAttribute	.ctor	0x2050	NoInlining	Public, HideBySig, SpecialName, RTSpecialName	0x1007e3760	0x9499b1b9	0x102e4fe44	0x102e4fe44	mapped	0x102e4fe44
Microsoft.iOS	2675	0x06000a74	ObjCRuntime.NativeAttribute	.ctor	0x2050	NoInlining	Public, HideBySig, SpecialName, RTSpecialName	0x1007e3764	0x9499b1b9	0x102e4fe48	0x102e4fe48	mapped	0x102e4fe48
Microsoft.iOS	2676	0x06000a75	ObjCRuntime.NativeAttribute	set_NativeName	0x2050	NoInlining	Public, HideBySig, SpecialName	0x1007e3768	0x9499b1c8	0x102e4fe88	0x102e4fe88	mapped	0x102e4fe88
Microsoft.iOS	2677	0x06000a76	ObjCRuntime.NativeHandle	get_Handle	0x2050	NoInlining	Public, HideBySig, SpecialName	0x1007e376c	0x9499b1d7	0x102e4fec8	0x102e4fec8	mapped	0x102e4fec8
Microsoft.iOS	2678	0x06000a77	ObjCRuntime.NativeHandle	.ctor	0x2050	NoInlining	Public, HideBySig, SpecialName, RTSpecialName	0x1007e3770	0x9499b1df	0x102e4feec	0x102e4feec	mapped	0x102e4feec
Microsoft.iOS	2679	0x06000a78	ObjCRuntime.NativeHandle	op_Equality	0x2050	NoInlining	Public, Static, HideBySig, SpecialName	0x1007e3774	0x9499b1e7	0x102e4ff10	0x102e4ff10	mapped	0x102e4ff10
Microsoft.iOS	2680	0x06000a79	ObjCRuntime.NativeHandle	op_Equality	0x2050	NoInlining	Public, Static, HideBySig, SpecialName	0x1007e3778	0x9499b1e9	0x102e4ff1c	0x102e4ff1c	mapped	0x102e4ff1c
Microsoft.iOS	2681	0x06000a7a	ObjCRuntime.NativeHandle	op_Equality	0x2050	NoInlining	Public, Static, HideBySig, SpecialName	0x1007e377c	0x9499b1eb	0x102e4ff28	0x102e4ff28	mapped	0x102e4ff28
Microsoft.iOS	2682	0x06000a7b	ObjCRuntime.NativeHandle	op_Inequality	0x2050	NoInlining	Public, Static, HideBySig, SpecialName	0x1007e3780	0x9499b1ed	0x102e4ff34	0x102e4ff34	mapped	0x102e4ff34
Microsoft.iOS	2683	0x06000a7c	ObjCRuntime.NativeHandle	op_Inequality	0x2050	NoInlining	Public, Static, HideBySig, SpecialName	0x1007e3784	0x9499b1ef	0x102e4ff40	0x102e4ff40	mapped	0x102e4ff40
Microsoft.iOS	2684	0x06000a7d	ObjCRuntime.NativeHandle	op_Inequality	0x2050	NoInlining	Public, Static, HideBySig, SpecialName	0x1007e3788	0x9499b1f1	0x102e4ff4c	0x102e4ff4c	mapped	0x102e4ff4c
Microsoft.iOS	2685	0x06000a7e	ObjCRuntime.NativeHandle	op_Implicit	0x2050	NoInlining	Public, Static, HideBySig, SpecialName	0x1007e378c	0x9499b1f3	0x102e4ff58	0x102e4ff58	mapped	0x102e4ff58
Microsoft.iOS	2686	0x06000a7f	ObjCRuntime.NativeHandle	op_Implicit	0x2050	NoInlining	Public, Static, HideBySig, SpecialName	0x1007e3790	0x9499b1f3	0x102e4ff5c	0x102e4ff5c	mapped	0x102e4ff5c
Microsoft.iOS	2687	0x06000a80	ObjCRuntime.NativeHandle	op_Explicit	0x2050	NoInlining	Public, Static, HideBySig, SpecialName	0x1007e3794	0x9499b1f3	0x102e4ff60	0x102e4ff60	mapped	0x102e4ff60
Microsoft.iOS	2688	0x06000a81	ObjCRuntime.NativeHandle	op_Explicit	0x2050	NoInlining	Public, Static, HideBySig, SpecialName	0x1007e3798	0x9499b1f3	0x102e4ff64	0x102e4ff64	mapped	0x102e4ff64
Microsoft.iOS	2689	0x06000a82	ObjCRuntime.NativeHandle	Equals	0x2050	NoInlining	Public, Final, Virtual, HideBySig	0x1007e379c	0x9499b1f3	0x102e4ff68	0x102e4ff68	mapped	0x102e4ff68
Microsoft.iOS	2690	0x06000a83	ObjCRuntime.NativeHandle	GetHashCode	0x2050	NoInlining	Public, Final, Virtual, HideBySig	0x1007e37a0	0x9499b227	0x102e5003c	0x102e5003c	mapped	0x102e5003c
Microsoft.iOS	2691	0x06000a84	ObjCRuntime.NativeHandle	Equals	0x2050	NoInlining	Public, Final, Virtual, HideBySig, VtableLayoutMask	0x1007e37a4	0x9499b231	0x102e50068	0x102e50068	mapped	0x102e50068
Microsoft.iOS	2692	0x06000a85	ObjCRuntime.NativeHandle	ToString	0x2050	NoInlining	Public, Final, Virtual, HideBySig	0x1007e37a8	0x9499b23b	0x102e50094	0x102e50094	mapped	0x102e50094
Microsoft.iOS	2693	0x06000a86	ObjCRuntime.RegistrarHelper	Initialize	0x2050	NoInlining	Assembly, Static, HideBySig	0x1007e37ac	0x9499b260	0x102e5012c	0x102e5012c	mapped	0x102e5012c
Microsoft.iOS	2694	0x06000a87	ObjCRuntime.RegistrarHelper	GetMapEntry	0x2050	NoInlining	Private, Static, HideBySig	0x1007e37b0	0x9499b2a3	0x102e5023c	0x102e5023c	mapped	0x102e5023c
Microsoft.iOS	2695	0x06000a88	ObjCRuntime.RegistrarHelper	GetMapEntry	0x2050	NoInlining	Private, Static, HideBySig	0x1007e37b4	0x9499b2b1	0x102e50278	0x102e50278	mapped	0x102e50278
Microsoft.iOS	2696	0x06000a89	ObjCRuntime.RegistrarHelper	TryGetMapEntry	0x2050	NoInlining	Private, Static, HideBySig	0x1007e37b8	0x9499b2e5	0x102e5034c	0x102e5034c	mapped	0x102e5034c
Microsoft.iOS	2697	0x06000a8a	ObjCRuntime.RegistrarHelper	LookupUnmanagedFunction	0x2050	NoInlining	Assembly, Static, HideBySig	0x1007e37bc	0x9499b336	0x102e50494	0x102e50494	mapped	0x102e50494
Microsoft.iOS	2698	0x06000a8b	ObjCRuntime.RegistrarHelper	LookupUnmanagedFunctionInAssembly	0x2050	NoInlining	Private, Static, HideBySig	0x1007e37c0	0x9499b377	0x102e5059c	0x102e5059c	mapped	0x102e5059c
Microsoft.iOS	2699	0x06000a8c	ObjCRuntime.IntPtrEqualityComparer	Equals	0x2050	NoInlining	Public, Final, Virtual, HideBySig, VtableLayoutMask	0x1007e37c4	0x9499b3a5	0x102e50658	0x102e50658	mapped	0x102e50658
Microsoft.iOS	2700	0x06000a8d	ObjCRuntime.IntPtrEqualityComparer	GetHashCode	0x2050	NoInlining	Public, Final, Virtual, HideBySig, VtableLayoutMask	0x1007e37c8	0x9499b3a7	0x102e50664	0x102e50664	mapped	0x102e50664
Microsoft.iOS	2701	0x06000a8e	ObjCRuntime.IntPtrEqualityComparer	.ctor	0x2050	NoInlining	Public, HideBySig, SpecialName, RTSpecialName	0x1007e37cc	0x9499b3a9	0x102e50670	0x102e50670	mapped	0x102e50670
Microsoft.iOS	2702	0x06000a8f	ObjCRuntime.UInt64EqualityComparer	Equals	0x2050	NoInlining	Public, Final, Virtual, HideBySig, VtableLayoutMask	0x1007e37d0	0x9499b3a9	0x102e50674	0x102e50674	mapped	0x102e50674
Microsoft.iOS	2703	0x06000a90	ObjCRuntime.UInt64EqualityComparer	GetHashCode	0x2050	NoInlining	Public, Final, Virtual, HideBySig, VtableLayoutMask	0x1007e37d4	0x9499b3ab	0x102e50680	0x102e50680	mapped	0x102e50680
Microsoft.iOS	2704	0x06000a91	ObjCRuntime.UInt64EqualityComparer	.ctor	0x2050	NoInlining	Public, HideBySig, SpecialName, RTSpecialName	0x1007e37d8	0x9499b3ad	0x102e5068c	0x102e5068c	mapped	0x102e5068c
Microsoft.iOS	2705	0x06000a92	ObjCRuntime.TypeEqualityComparer	Equals	0x2050	NoInlining	Public, Final, Virtual, HideBySig, VtableLayoutMask	0x1007e37dc	0x9499b3ad	0x102e50690	0x102e50690	mapped	0x102e50690
Microsoft.iOS	2706	0x06000a93	ObjCRuntime.TypeEqualityComparer	GetHashCode	0x2050	NoInlining	Public, Final, Virtual, HideBySig, VtableLayoutMask	0x1007e37e0	0x9499b3af	0x102e5069c	0x102e5069c	mapped	0x102e5069c
Microsoft.iOS	2707	0x06000a94	ObjCRuntime.TypeEqualityComparer	.ctor	0x2050	NoInlining	Public, HideBySig, SpecialName, RTSpecialName	0x1007e37e4	0x9499b3c1	0x102e506e8	0x102e506e8	mapped	0x102e506e8
Microsoft.iOS	2708	0x06000a95	ObjCRuntime.StringEqualityComparer	Equals	0x2050	NoInlining	Public, Final, Virtual, HideBySig, VtableLayoutMask	0x1007e37e8	0x9499b3c1	0x102e506ec	0x102e506ec	mapped	0x102e506ec
Microsoft.iOS	2709	0x06000a96	ObjCRuntime.StringEqualityComparer	GetHashCode	0x2050	NoInlining	Public, Final, Virtual, HideBySig, VtableLayoutMask	0x1007e37ec	0x9499b3d1	0x102e50730	0x102e50730	mapped	0x102e50730
Microsoft.iOS	2710	0x06000a97	ObjCRuntime.StringEqualityComparer	.ctor	0x2050	NoInlining	Public, HideBySig, SpecialName, RTSpecialName	0x1007e37f0	0x9499b3e3	0x102e5077c	0x102e5077c	mapped	0x102e5077c
Microsoft.iOS	2711	0x06000a98	ObjCRuntime.RuntimeTypeHandleEqualityComparer	Equals	0x2050	NoInlining	Public, Final, Virtual, HideBySig, VtableLayoutMask	0x1007e37f4	0x9499b3e3	0x102e50780	0x102e50780	mapped	0x102e50780
Microsoft.iOS	2712	0x06000a99	ObjCRuntime.RuntimeTypeHandleEqualityComparer	GetHashCode	0x2050	NoInlining	Public, Final, Virtual, HideBySig, VtableLayoutMask	0x1007e37f8	0x9499b3e5	0x102e5078c	0x102e5078c	mapped	0x102e5078c
Microsoft.iOS	2713	0x06000a9a	ObjCRuntime.RuntimeTypeHandleEqualityComparer	.ctor	0x2050	NoInlining	Public, HideBySig, SpecialName, RTSpecialName	0x1007e37fc	0x9499b3e7	0x102e50798	0x102e50798	mapped	0x102e50798
Microsoft.iOS	2714	0x06000a9b	ObjCRuntime.IntPtrTypeValueTuple	.ctor	0x2050	NoInlining	Public, HideBySig, SpecialName, RTSpecialName	0x1007e3800	0x9499b3e7	0x102e5079c	0x102e5079c	mapped	0x102e5079c
Microsoft.iOS	2715	0x06000a9c	ObjCRuntime.IntPtrTypeValueTuple	Equals	0x2050	NoInlining	Public, Final, Virtual, HideBySig, VtableLayoutMask	0x1007e3804	0x9499b407	0x102e50820	0x102e50820	mapped	0x102e50820
Microsoft.iOS	2716	0x06000a9d	ObjCRuntime.IntPtrTypeValueTuple	Equals	0x2050	NoInlining	Public, Final, Virtual, HideBySig	0x1007e3808	0x9499b447	0x102e50924	0x102e50924	mapped	0x102e50924
Microsoft.iOS	2717	0x06000a9e	ObjCRuntime.IntPtrTypeValueTuple	GetHashCode	0x2050	NoInlining	Public, Final, Virtual, HideBySig	0x1007e380c	0x9499b47a	0x102e509f4	0x102e509f4	mapped	0x102e509f4
Microsoft.iOS	2718	0x06000a9f	ObjCRuntime.IntPtrTypeValueTuple	op_Equality	0x2050	NoInlining	Public, Static, HideBySig, SpecialName	0x1007e3810	0x9499b496	0x102e50a68	0x102e50a68	mapped	0x102e50a68
Microsoft.iOS	2719	0x06000aa0	ObjCRuntime.IntPtrTypeValueTuple	op_Inequality	0x2050	NoInlining	Public, Static, HideBySig, SpecialName	0x1007e3814	0x9499b4b4	0x102e50ae4	0x102e50ae4	mapped	0x102e50ae4
Microsoft.iOS	2720	0x06000aa1	ObjCRuntime.IntPtrTypeValueTuple	.cctor	0x2050	NoInlining	Private, Static, HideBySig, SpecialName, RTSpecialName	0x1007e3818	0x9499b4d4	0x102e50b68	0x102e50b68	mapped	0x102e50b68
Microsoft.iOS	2721	0x06000aa2	ObjCRuntime.RuntimeException	.ctor	0x2050	NoInlining	Public, HideBySig, SpecialName, RTSpecialName	0x1007e381c	0x9499b4ef	0x102e50bd8	0x102e50bd8	mapped	0x102e50bd8
Microsoft.iOS	2722	0x06000aa3	ObjCRuntime.RuntimeException	set_Code	0x2050	NoInlining	Private, HideBySig, SpecialName	0x1007e3820	0x9499b51d	0x102e50c94	0x102e50c94	mapped	0x102e50c94
Microsoft.iOS	2723	0x06000aa4	ObjCRuntime.RuntimeException	set_Error	0x2050	NoInlining	Private, HideBySig, SpecialName	0x1007e3824	0x9499b525	0x102e50cb8	0x102e50cb8	mapped	0x102e50cb8
Microsoft.iOS	2724	0x06000aa5	ObjCRuntime.RuntimeOptions	Read	0x2050	NoInlining	Assembly, Static, HideBySig	0x1007e3828	0x9499b52d	0x102e50cdc	0x102e50cdc	mapped	0x102e50cdc
Microsoft.iOS	2725	0x06000aa6	ObjCRuntime.RuntimeOptions	GetHttpMessageHandler	0x2050	NoInlining	Assembly, Static, HideBySig	0x1007e382c	0x9499b5a0	0x102e50eac	0x102e50eac	mapped	0x102e50eac
Microsoft.iOS	2726	0x06000aa7	ObjCRuntime.RuntimeOptions	.ctor	0x2050	NoInlining	Private, HideBySig, SpecialName, RTSpecialName	0x1007e3830	0x9499b5e7	0x102e50fcc	0x102e50fcc	mapped	0x102e50fcc
Microsoft.iOS	2727	0x06000aa8	ObjCRuntime.RuntimeOptions	GetFileName	0x2050	NoInlining	Private, Static, HideBySig	0x1007e3834	0x9499b5e7	0x102e50fd0	0x102e50fd0	mapped	0x102e50fd0
Microsoft.iOS	2728	0x06000aa9	ObjCRuntime.Selector	.ctor	0x2050	NoInlining	Public, HideBySig, SpecialName, RTSpecialName	0x1007e3838	0x9499b601	0x102e5103c	0x102e5103c	mapped	0x102e5103c
Microsoft.iOS	2729	0x06000aaa	ObjCRuntime.Selector	.ctor	0x2050	NoInlining	Assembly, HideBySig, SpecialName, RTSpecialName	0x1007e383c	0x9499b62b	0x102e510e8	0x102e510e8	mapped	0x102e510e8
Microsoft.iOS	2730	0x06000aab	ObjCRuntime.Selector	.ctor	0x2050	NoInlining	Public, HideBySig, SpecialName, RTSpecialName	0x1007e3840	0x9499b633	0x102e5110c	0x102e5110c	mapped	0x102e5110c
Microsoft.iOS	2731	0x06000aac	ObjCRuntime.Selector	get_Handle	0x2050	NoInlining	Public, Final, Virtual, HideBySig, VtableLayoutMask, SpecialName	0x1007e3844	0x9499b64f	0x102e51180	0x102e51180	mapped	0x102e51180
Microsoft.iOS	2732	0x06000aad	ObjCRuntime.Selector	op_Inequality	0x2050	NoInlining	Public, Static, HideBySig, SpecialName	0x1007e3848	0x9499b657	0x102e511a4	0x102e511a4	mapped	0x102e511a4
Microsoft.iOS	2733	0x06000aae	ObjCRuntime.Selector	op_Equality	0x2050	NoInlining	Public, Static, HideBySig, SpecialName	0x1007e384c	0x9499b672	0x102e51214	0x102e51214	mapped	0x102e51214
Microsoft.iOS	2734	0x06000aaf	ObjCRuntime.Selector	Equals	0x2050	NoInlining	Public, Final, Virtual, HideBySig	0x1007e3850	0x9499b67c	0x102e51240	0x102e51240	mapped	0x102e51240
Microsoft.iOS	2735	0x06000ab0	ObjCRuntime.Selector	Equals	0x2050	NoInlining	Public, Final, Virtual, HideBySig, VtableLayoutMask	0x1007e3854	0x9499b69f	0x102e512d0	0x102e512d0	mapped	0x102e512d0
Microsoft.iOS	2736	0x06000ab1	ObjCRuntime.Selector	GetHashCode	0x2050	NoInlining	Public, Final, Virtual, HideBySig	0x1007e3858	0x9499b6ae	0x102e51310	0x102e51310	mapped	0x102e51310
Microsoft.iOS	2737	0x06000ab2	ObjCRuntime.Selector	GetName	0x2050	NoInlining	Assembly, Static, HideBySig	0x1007e385c	0x9499b6bd	0x102e51350	0x102e51350	mapped	0x102e51350
Microsoft.iOS	2738	0x06000ab3	ObjCRuntime.Selector	sel_getName	0x0	136	Private, Static, HideBySig, PinvokeImpl	0x1007e3860	0x97fff54e	0x1007e0d98		absent	0x1007e0d98
Microsoft.iOS	2739	0x06000ab4	ObjCRuntime.Selector	sel_registerName	0x0	136	Private, Static, HideBySig, PinvokeImpl	0x1007e3864	0x97fff54d	0x1007e0d98		absent	0x1007e0d98
Microsoft.iOS	2740	0x06000ab5	ObjCRuntime.Selector	GetHandle	0x2050	NoInlining	Public, Static, HideBySig	0x1007e3868	0x9499b6c9	0x102e5138c	0x102e5138c	mapped	0x102e5138c
Microsoft.iOS	2741	0x06000ab6	ObjCRuntime.Selector	sel_isMapped	0x0	136	Private, Static, HideBySig, PinvokeImpl	0x1007e386c	0x97fff54b	0x1007e0d98		absent	0x1007e0d98
Microsoft.iOS	2742	0x06000ab7	ObjCRuntime.ThrowHelper	ThrowArgumentException	0x2050	NoInlining	Public, Static, HideBySig	0x1007e3870	0x9499b6e7	0x102e5140c	0x102e5140c	mapped	0x102e5140c
Microsoft.iOS	2743	0x06000ab8	ObjCRuntime.ThrowHelper	ThrowArgumentNullException	0x2050	NoInlining	Public, Static, HideBySig	0x1007e3874	0x9499b6f6	0x102e5144c	0x102e5144c	mapped	0x102e5144c
Microsoft.iOS	2744	0x06000ab9	ObjCRuntime.ThrowHelper	ThrowArgumentOutOfRangeException	0x2050	NoInlining	Public, Static, HideBySig	0x1007e3878	0x9499b703	0x102e51484	0x102e51484	mapped	0x102e51484
Microsoft.iOS	2745	0x06000aba	ObjCRuntime.ThrowHelper	ThrowObjectDisposedException	0x2050	NoInlining	Public, Static, HideBySig	0x1007e387c	0x9499b717	0x102e514d8	0x102e514d8	mapped	0x102e514d8
Microsoft.iOS	2746	0x06000abb	ObjCRuntime.TrampolineBlockBase	.ctor	0x2050	NoInlining	Assembly, HideBySig, SpecialName, RTSpecialName	0x1007e3880	0x9499b731	0x102e51544	0x102e51544	mapped	0x102e51544
Microsoft.iOS	2747	0x06000abc	ObjCRuntime.TrampolineBlockBase	.ctor	0x2050	NoInlining	Family, HideBySig, SpecialName, RTSpecialName	0x1007e3884	0x9499b751	0x102e515c8	0x102e515c8	mapped	0x102e515c8
Microsoft.iOS	2748	0x06000abd	ObjCRuntime.TrampolineBlockBase	Finalize	0x2050	NoInlining	Family, Final, Virtual, HideBySig	0x1007e3888	0x9499b761	0x102e5160c	0x102e5160c	mapped	0x102e5160c
Microsoft.iOS	2749	0x06000abe	ObjCRuntime.TrampolineBlockBase	get_BlockPointer	0x2050	NoInlining	Family, HideBySig, SpecialName	0x1007e388c	0x9499b77f	0x102e51688	0x102e51688	mapped	0x102e51688
Microsoft.iOS	2750	0x06000abf	ObjCRuntime.TrampolineBlockBase	GetExistingManagedDelegate	0x2050	NoInlining	Family, Static, HideBySig	0x1007e3890	0x9499b787	0x102e516ac	0x102e516ac	mapped	0x102e516ac
Microsoft.iOS	2751	0x06000ac0	ObjCRuntime.TransientCFString	.ctor	0x2050	NoInlining	Public, HideBySig, SpecialName, RTSpecialName	0x1007e3894	0x9499b79a	0x102e516fc	0x102e516fc	mapped	0x102e516fc
Microsoft.iOS	2752	0x06000ac1	ObjCRuntime.TransientCFString	Dispose	0x2050	NoInlining	Public, HideBySig	0x1007e3898	0x9499b7ae	0x102e51750	0x102e51750	mapped	0x102e51750
Microsoft.iOS	2753	0x06000ac2	ObjCRuntime.TransientCFString	op_Implicit	0x2050	NoInlining	Public, Static, HideBySig, SpecialName	0x1007e389c	0x9499b7c3	0x102e517a8	0x102e517a8	mapped	0x102e517a8
Microsoft.iOS	2754	0x06000ac3	ObjCRuntime.TransientCFString	op_Explicit	0x2050	NoInlining	Public, Static, HideBySig, SpecialName	0x1007e38a0	0x9499b7c3	0x102e517ac	0x102e517ac	mapped	0x102e517ac
Microsoft.iOS	2755	0x06000ac4	ObjCRuntime.TransientString	.ctor	0x2050	NoInlining	Public, HideBySig, SpecialName, RTSpecialName	0x1007e38a4	0x9499b7d0	0x102e517e4	0x102e517e4	mapped	0x102e517e4
Microsoft.iOS	2756	0x06000ac5	ObjCRuntime.TransientString	Dispose	0x2050	NoInlining	Public, Final, Virtual, HideBySig, VtableLayoutMask	0x1007e38a8	0x9499b80e	0x102e518e0	0x102e518e0	mapped	0x102e518e0
Microsoft.iOS	2757	0x06000ac6	ObjCRuntime.TransientString	op_Implicit	0x2050	NoInlining	Public, Static, HideBySig, SpecialName	0x1007e38ac	0x9499b823	0x102e51938	0x102e51938	mapped	0x102e51938
Microsoft.iOS	2758	0x06000ac7	ObjCRuntime.TransientString	op_Explicit	0x2050	NoInlining	Public, Static, HideBySig, SpecialName	0x1007e38b0	0x9499b823	0x102e5193c	0x102e5193c	mapped	0x102e5193c
Microsoft.iOS	2759	0x06000ac8	ObjCRuntime.TransientString	AllocStringArray	0x2050	NoInlining	Public, Static, HideBySig	0x1007e38b4	0x9499b830	0x102e51974	0x102e51974	mapped	0x102e51974
Microsoft.iOS	2760	0x06000ac9	ObjCRuntime.TransientString	FreeStringArray	0x2050	NoInlining	Public, Static, HideBySig	0x1007e38b8	0x9499b860	0x102e51a38	0x102e51a38	mapped	0x102e51a38
Microsoft.iOS	2761	0x06000aca	ObjCRuntime.UserDelegateTypeAttribute	.ctor	0x2050	NoInlining	Public, HideBySig, SpecialName, RTSpecialName	0x1007e38bc	0x9499b886	0x102e51ad4	0x102e51ad4	mapped	0x102e51ad4
Microsoft.iOS	2762	0x06000acb	ObjCRuntime.UserDelegateTypeAttribute	set_UserDelegateType	0x2050	NoInlining	Private, HideBySig, SpecialName	0x1007e38c0	0x9499b895	0x102e51b14	0x102e51b14	mapped	0x102e51b14
Microsoft.iOS	2763	0x06000acc	ObjCRuntime.Trampolines+DCKModifyRecordsOperationHandler	.ctor	0x0	11	Public, HideBySig, SpecialName, RTSpecialName	0x1007e38c4	0x97fff535	0x1007e0d98		absent	0x1007e0d98
Microsoft.iOS	2764	0x06000acd	ObjCRuntime.Trampolines+DCKModifyRecordsOperationHandler	Invoke	0x0	11	Public, Virtual, HideBySig, VtableLayoutMask	0x1007e38c8	0x97fff534	0x1007e0d98		absent	0x1007e0d98
Microsoft.iOS	2765	0x06000ace	ObjCRuntime.Trampolines+SDCKModifyRecordsOperationHandler	Invoke	0x2050	NoInlining	Assembly, Static, HideBySig	0x1007e38cc	0x9499b8a2	0x102e51b54	0x102e51b54	mapped	0x102e51b54
Microsoft.iOS	2766	0x06000acf	ObjCRuntime.Trampolines+SDCKModifyRecordsOperationHandler	CreateNullableBlock	0x2050	NoInlining	Assembly, Static, HideBySig	0x1007e38d0	0x9499b8d7	0x102e51c2c	0x102e51c2c	mapped	0x102e51c2c
Microsoft.iOS	2767	0x06000ad0	ObjCRuntime.Trampolines+SDCKModifyRecordsOperationHandler	CreateBlock	0x2050	NoInlining	Assembly, Static, HideBySig	0x1007e38d4	0x9499b8f3	0x102e51ca0	0x102e51ca0	mapped	0x102e51ca0
Microsoft.iOS	2768	0x06000ad1	ObjCRuntime.Trampolines+NIDCKModifyRecordsOperationHandler	.ctor	0x2050	NoInlining	Public, HideBySig, SpecialName, RTSpecialName	0x1007e38d8	0x9499b91d	0x102e51d4c	0x102e51d4c	mapped	0x102e51d4c
Microsoft.iOS	2769	0x06000ad2	ObjCRuntime.Trampolines+NIDCKModifyRecordsOperationHandler	Create	0x2050	NoInlining	Public, Static, HideBySig	0x1007e38dc	0x9499b949	0x102e51e00	0x102e51e00	mapped	0x102e51e00
Microsoft.iOS	2770	0x06000ad3	ObjCRuntime.Trampolines+NIDCKModifyRecordsOperationHandler	Invoke	0x2050	NoInlining	Private, HideBySig	0x1007e38e0	0x9499b98f	0x102e51f1c	0x102e51f1c	mapped	0x102e51f1c
Microsoft.iOS	2771	0x06000ad4	ObjCRuntime.Trampolines+DCMAccelerometerHandler	.ctor	0x0	11	Public, HideBySig, SpecialName, RTSpecialName	0x1007e38e4	0x97fff52d	0x1007e0d98		absent	0x1007e0d98
Microsoft.iOS	2772	0x06000ad5	ObjCRuntime.Trampolines+DCMAccelerometerHandler	Invoke	0x0	11	Public, Virtual, HideBySig, VtableLayoutMask	0x1007e38e8	0x97fff52c	0x1007e0d98		absent	0x1007e0d98
Microsoft.iOS	2773	0x06000ad6	ObjCRuntime.Trampolines+SDCMAccelerometerHandler	Invoke	0x2050	NoInlining	Assembly, Static, HideBySig	0x1007e38ec	0x9499b9e8	0x102e5208c	0x102e5208c	mapped	0x102e5208c
Microsoft.iOS	2774	0x06000ad7	ObjCRuntime.Trampolines+SDCMAccelerometerHandler	CreateBlock	0x2050	NoInlining	Assembly, Static, HideBySig	0x1007e38f0	0x9499ba16	0x102e52148	0x102e52148	mapped	0x102e52148
Microsoft.iOS	2775	0x06000ad8	ObjCRuntime.Trampolines+NIDCMAccelerometerHandler	.ctor	0x2050	NoInlining	Public, HideBySig, SpecialName, RTSpecialName	0x1007e38f4	0x9499ba40	0x102e521f4	0x102e521f4	mapped	0x102e521f4
Microsoft.iOS	2776	0x06000ad9	ObjCRuntime.Trampolines+NIDCMAccelerometerHandler	Create	0x2050	NoInlining	Public, Static, HideBySig	0x1007e38f8	0x9499ba6c	0x102e522a8	0x102e522a8	mapped	0x102e522a8
Microsoft.iOS	2777	0x06000ada	ObjCRuntime.Trampolines+NIDCMAccelerometerHandler	Invoke	0x2050	NoInlining	Private, HideBySig	0x1007e38fc	0x9499bab2	0x102e523c4	0x102e523c4	mapped	0x102e523c4
Microsoft.iOS	2778	0x06000adb	ObjCRuntime.Trampolines+DCMDeviceMotionHandler	.ctor	0x0	11	Public, HideBySig, SpecialName, RTSpecialName	0x1007e3900	0x97fff526	0x1007e0d98		absent	0x1007e0d98
Microsoft.iOS	2779	0x06000adc	ObjCRuntime.Trampolines+DCMDeviceMotionHandler	Invoke	0x0	11	Public, Virtual, HideBySig, VtableLayoutMask	0x1007e3904	0x97fff525	0x1007e0d98		absent	0x1007e0d98
Microsoft.iOS	2780	0x06000add	ObjCRuntime.Trampolines+SDCMDeviceMotionHandler	Invoke	0x2050	NoInlining	Assembly, Static, HideBySig	0x1007e3908	0x9499bad4	0x102e52458	0x102e52458	mapped	0x102e52458
Microsoft.iOS	2781	0x06000ade	ObjCRuntime.Trampolines+SDCMDeviceMotionHandler	CreateBlock	0x2050	NoInlining	Assembly, Static, HideBySig	0x1007e390c	0x9499bb02	0x102e52514	0x102e52514	mapped	0x102e52514
Microsoft.iOS	2782	0x06000adf	ObjCRuntime.Trampolines+NIDCMDeviceMotionHandler	.ctor	0x2050	NoInlining	Public, HideBySig, SpecialName, RTSpecialName	0x1007e3910	0x9499bb2c	0x102e525c0	0x102e525c0	mapped	0x102e525c0
Microsoft.iOS	2783	0x06000ae0	ObjCRuntime.Trampolines+NIDCMDeviceMotionHandler	Create	0x2050	NoInlining	Public, Static, HideBySig	0x1007e3914	0x9499bb58	0x102e52674	0x102e52674	mapped	0x102e52674
Microsoft.iOS	2784	0x06000ae1	ObjCRuntime.Trampolines+NIDCMDeviceMotionHandler	Invoke	0x2050	NoInlining	Private, HideBySig	0x1007e3918	0x9499bb9e	0x102e52790	0x102e52790	mapped	0x102e52790
Microsoft.iOS	2785	0x06000ae2	ObjCRuntime.Trampolines+DNSAttributedRangeCallback	.ctor	0x0	11	Public, HideBySig, SpecialName, RTSpecialName	0x1007e391c	0x97fff51f	0x1007e0d98		absent	0x1007e0d98
Microsoft.iOS	2786	0x06000ae3	ObjCRuntime.Trampolines+DNSAttributedRangeCallback	Invoke	0x0	11	Public, Virtual, HideBySig, VtableLayoutMask	0x1007e3920	0x97fff51e	0x1007e0d98		absent	0x1007e0d98
Microsoft.iOS	2787	0x06000ae4	ObjCRuntime.Trampolines+SDNSAttributedRangeCallback	Invoke	0x2050	NoInlining	Assembly, Static, HideBySig	0x1007e3924	0x9499bbc0	0x102e52824	0x102e52824	mapped	0x102e52824
Microsoft.iOS	2788	0x06000ae5	ObjCRuntime.Trampolines+SDNSAttributedRangeCallback	CreateBlock	0x2050	NoInlining	Assembly, Static, HideBySig	0x1007e3928	0x9499bbff	0x102e52924	0x102e52924	mapped	0x102e52924
Microsoft.iOS	2789	0x06000ae6	ObjCRuntime.Trampolines+NIDNSAttributedRangeCallback	.ctor	0x2050	NoInlining	Public, HideBySig, SpecialName, RTSpecialName	0x1007e392c	0x9499bc29	0x102e529d0	0x102e529d0	mapped	0x102e529d0
Microsoft.iOS	2790	0x06000ae7	ObjCRuntime.Trampolines+NIDNSAttributedRangeCallback	Create	0x2050	NoInlining	Public, Static, HideBySig	0x1007e3930	0x9499bc55	0x102e52a84	0x102e52a84	mapped	0x102e52a84
Microsoft.iOS	2791	0x06000ae8	ObjCRuntime.Trampolines+NIDNSAttributedRangeCallback	Invoke	0x2050	NoInlining	Private, HideBySig	0x1007e3934	0x9499bc9b	0x102e52ba0	0x102e52ba0	mapped	0x102e52ba0
Microsoft.iOS	2792	0x06000ae9	ObjCRuntime.Trampolines+DAction	.ctor	0x0	11	Public, HideBySig, SpecialName, RTSpecialName	0x1007e3938	0x97fff518	0x1007e0d98		absent	0x1007e0d98
Microsoft.iOS	2793	0x06000aea	ObjCRuntime.Trampolines+DAction	Invoke	0x0	11	Public, Virtual, HideBySig, VtableLayoutMask	0x1007e393c	0x97fff517	0x1007e0d98		absent	0x1007e0d98
Microsoft.iOS	2794	0x06000aeb	ObjCRuntime.Trampolines+SDAction	Invoke	0x2050	NoInlining	Assembly, Static, HideBySig	0x1007e3940	0x9499bcc0	0x102e52c40	0x102e52c40	mapped	0x102e52c40
Microsoft.iOS	2795	0x06000aec	ObjCRuntime.Trampolines+SDAction	CreateNullableBlock	0x2050	NoInlining	Assembly, Static, HideBySig	0x1007e3944	0x9499bcdd	0x102e52cb8	0x102e52cb8	mapped	0x102e52cb8
Microsoft.iOS	2796	0x06000aed	ObjCRuntime.Trampolines+SDAction	CreateBlock	0x2050	NoInlining	Assembly, Static, HideBySig	0x1007e3948	0x9499bcf9	0x102e52d2c	0x102e52d2c	mapped	0x102e52d2c
Microsoft.iOS	2797	0x06000aee	ObjCRuntime.Trampolines+NIDAction	.ctor	0x2050	NoInlining	Public, HideBySig, SpecialName, RTSpecialName	0x1007e394c	0x9499bd23	0x102e52dd8	0x102e52dd8	mapped	0x102e52dd8
Microsoft.iOS	2798	0x06000aef	ObjCRuntime.Trampolines+NIDAction	Create	0x2050	NoInlining	Public, Static, HideBySig	0x1007e3950	0x9499bd4f	0x102e52e8c	0x102e52e8c	mapped	0x102e52e8c
Microsoft.iOS	2799	0x06000af0	ObjCRuntime.Trampolines+NIDAction	Invoke	0x2050	NoInlining	Private, HideBySig	0x1007e3954	0x9499bd95	0x102e52fa8	0x102e52fa8	mapped	0x102e52fa8
Microsoft.iOS	2800	0x06000af1	ObjCRuntime.Trampolines+DActionArity1V39	.ctor	0x0	11	Public, HideBySig, SpecialName, RTSpecialName	0x1007e3958	0x97fff510	0x1007e0d98		absent	0x1007e0d98
Microsoft.iOS	2801	0x06000af2	ObjCRuntime.Trampolines+DActionArity1V39	Invoke	0x0	11	Public, Virtual, HideBySig, VtableLayoutMask	0x1007e395c	0x97fff50f	0x1007e0d98		absent	0x1007e0d98
Microsoft.iOS	2802	0x06000af3	ObjCRuntime.Trampolines+SDActionArity1V39	Invoke	0x2050	NoInlining	Assembly, Static, HideBySig	0x1007e3960	0x9499bdac	0x102e53010	0x102e53010	mapped	0x102e53010
Microsoft.iOS	2803	0x06000af4	ObjCRuntime.Trampolines+SDActionArity1V39	CreateNullableBlock	0x2050	NoInlining	Assembly, Static, HideBySig	0x1007e3964	0x9499bdd1	0x102e530a8	0x102e530a8	mapped	0x102e530a8
Microsoft.iOS	2804	0x06000af5	ObjCRuntime.Trampolines+SDActionArity1V39	CreateBlock	0x2050	NoInlining	Assembly, Static, HideBySig	0x1007e3968	0x9499bded	0x102e5311c	0x102e5311c	mapped	0x102e5311c
Microsoft.iOS	2805	0x06000af6	ObjCRuntime.Trampolines+NIDActionArity1V39	.ctor	0x2050	NoInlining	Public, HideBySig, SpecialName, RTSpecialName	0x1007e396c	0x9499be17	0x102e531c8	0x102e531c8	mapped	0x102e531c8
Microsoft.iOS	2806	0x06000af7	ObjCRuntime.Trampolines+NIDActionArity1V39	Create	0x2050	NoInlining	Public, Static, HideBySig	0x1007e3970	0x9499be43	0x102e5327c	0x102e5327c	mapped	0x102e5327c
Microsoft.iOS	2807	0x06000af8	ObjCRuntime.Trampolines+NIDActionArity1V39	Invoke	0x2050	NoInlining	Private, HideBySig	0x1007e3974	0x9499be86	0x102e5338c	0x102e5338c	mapped	0x102e5338c
Microsoft.iOS	2808	0x06000af9	ObjCRuntime.Trampolines+DActionArity1V65	.ctor	0x0	11	Public, HideBySig, SpecialName, RTSpecialName	0x1007e3978	0x97fff508	0x1007e0d98		absent	0x1007e0d98
Microsoft.iOS	2809	0x06000afa	ObjCRuntime.Trampolines+DActionArity1V65	Invoke	0x0	11	Public, Virtual, HideBySig, VtableLayoutMask	0x1007e397c	0x97fff507	0x1007e0d98		absent	0x1007e0d98
Microsoft.iOS	2810	0x06000afb	ObjCRuntime.Trampolines+NIDActionArity1V65	.ctor	0x2050	NoInlining	Public, HideBySig, SpecialName, RTSpecialName	0x1007e3980	0x9499bea1	0x102e53404	0x102e53404	mapped	0x102e53404
Microsoft.iOS	2811	0x06000afc	ObjCRuntime.Trampolines+NIDActionArity1V65	Create	0x2050	NoInlining	Public, Static, HideBySig	0x1007e3984	0x9499becd	0x102e534b8	0x102e534b8	mapped	0x102e534b8
Microsoft.iOS	2812	0x06000afd	ObjCRuntime.Trampolines+NIDActionArity1V65	Invoke	0x2050	NoInlining	Private, HideBySig	0x1007e3988	0x9499bf10	0x102e535c8	0x102e535c8	mapped	0x102e535c8
Microsoft.iOS	2813	0x06000afe	ObjCRuntime.Trampolines+DActionArity1V3	.ctor	0x0	11	Public, HideBySig, SpecialName, RTSpecialName	0x1007e398c	0x97fff503	0x1007e0d98		absent	0x1007e0d98
Microsoft.iOS	2814	0x06000aff	ObjCRuntime.Trampolines+DActionArity1V3	Invoke	0x0	11	Public, Virtual, HideBySig, VtableLayoutMask	0x1007e3990	0x97fff502	0x1007e0d98		absent	0x1007e0d98
Microsoft.iOS	2815	0x06000b00	ObjCRuntime.Trampolines+NIDActionArity1V3	.ctor	0x2050	NoInlining	Public, HideBySig, SpecialName, RTSpecialName	0x1007e3994	0x9499bf2b	0x102e53640	0x102e53640	mapped	0x102e53640
Microsoft.iOS	2816	0x06000b01	ObjCRuntime.Trampolines+NIDActionArity1V3	Create	0x2050	NoInlining	Public, Static, HideBySig	0x1007e3998	0x9499bf57	0x102e536f4	0x102e536f4	mapped	0x102e536f4
Microsoft.iOS	2817	0x06000b02	ObjCRuntime.Trampolines+NIDActionArity1V3	Invoke	0x2050	NoInlining	Private, HideBySig	0x1007e399c	0x9499bf9a	0x102e53804	0x102e53804	mapped	0x102e53804
Microsoft.iOS	2818	0x06000b03	ObjCRuntime.Trampolines+DActionArity1V67	.ctor	0x0	11	Public, HideBySig, SpecialName, RTSpecialName	0x1007e39a0	0x97fff4fe	0x1007e0d98		absent	0x1007e0d98
Microsoft.iOS	2819	0x06000b04	ObjCRuntime.Trampolines+DActionArity1V67	Invoke	0x0	11	Public, Virtual, HideBySig, VtableLayoutMask	0x1007e39a4	0x97fff4fd	0x1007e0d98		absent	0x1007e0d98
Microsoft.iOS	2820	0x06000b05	ObjCRuntime.Trampolines+NIDActionArity1V67	.ctor	0x2050	NoInlining	Public, HideBySig, SpecialName, RTSpecialName	0x1007e39a8	0x9499bfb5	0x102e5387c	0x102e5387c	mapped	0x102e5387c
Microsoft.iOS	2821	0x06000b06	ObjCRuntime.Trampolines+NIDActionArity1V67	Create	0x2050	NoInlining	Public, Static, HideBySig	0x1007e39ac	0x9499bfe1	0x102e53930	0x102e53930	mapped	0x102e53930
Microsoft.iOS	2822	0x06000b07	ObjCRuntime.Trampolines+NIDActionArity1V67	Invoke	0x2050	NoInlining	Private, HideBySig	0x1007e39b0	0x9499c027	0x102e53a4c	0x102e53a4c	mapped	0x102e53a4c
Microsoft.iOS	2823	0x06000b08	ObjCRuntime.Trampolines+DActionArity1V4	.ctor	0x0	11	Public, HideBySig, SpecialName, RTSpecialName	0x1007e39b4	0x97fff4f9	0x1007e0d98		absent	0x1007e0d98
Microsoft.iOS	2824	0x06000b09	ObjCRuntime.Trampolines+DActionArity1V4	Invoke	0x0	11	Public, Virtual, HideBySig, VtableLayoutMask	0x1007e39b8	0x97fff4f8	0x1007e0d98		absent	0x1007e0d98
Microsoft.iOS	2825	0x06000b0a	ObjCRuntime.Trampolines+SDActionArity1V4	Invoke	0x2050	NoInlining	Assembly, Static, HideBySig	0x1007e39bc	0x9499c040	0x102e53abc	0x102e53abc	mapped	0x102e53abc
Microsoft.iOS	2826	0x06000b0b	ObjCRuntime.Trampolines+SDActionArity1V4	CreateNullableBlock	0x2050	NoInlining	Assembly, Static, HideBySig	0x1007e39c0	0x9499c060	0x102e53b40	0x102e53b40	mapped	0x102e53b40
Microsoft.iOS	2827	0x06000b0c	ObjCRuntime.Trampolines+SDActionArity1V4	CreateBlock	0x2050	NoInlining	Assembly, Static, HideBySig	0x1007e39c4	0x9499c07c	0x102e53bb4	0x102e53bb4	mapped	0x102e53bb4
Microsoft.iOS	2828	0x06000b0d	ObjCRuntime.Trampolines+NIDActionArity1V4	.ctor	0x2050	NoInlining	Public, HideBySig, SpecialName, RTSpecialName	0x1007e39c8	0x9499c0a6	0x102e53c60	0x102e53c60	mapped	0x102e53c60
Microsoft.iOS	2829	0x06000b0e	ObjCRuntime.Trampolines+NIDActionArity1V4	Create	0x2050	NoInlining	Public, Static, HideBySig	0x1007e39cc	0x9499c0d2	0x102e53d14	0x102e53d14	mapped	0x102e53d14
Microsoft.iOS	2830	0x06000b0f	ObjCRuntime.Trampolines+NIDActionArity1V4	Invoke	0x2050	NoInlining	Private, HideBySig	0x1007e39d0	0x9499c118	0x102e53e30	0x102e53e30	mapped	0x102e53e30
Microsoft.iOS	2831	0x06000b10	ObjCRuntime.Trampolines+DActionArity1V269	.ctor	0x0	11	Public, HideBySig, SpecialName, RTSpecialName	0x1007e39d4	0x97fff4f1	0x1007e0d98		absent	0x1007e0d98
Microsoft.iOS	2832	0x06000b11	ObjCRuntime.Trampolines+DActionArity1V269	Invoke	0x0	11	Public, Virtual, HideBySig, VtableLayoutMask	0x1007e39d8	0x97fff4f0	0x1007e0d98		absent	0x1007e0d98
Microsoft.iOS	2833	0x06000b12	ObjCRuntime.Trampolines+SDActionArity1V269	Invoke	0x2050	NoInlining	Assembly, Static, HideBySig	0x1007e39dc	0x9499c132	0x102e53ea4	0x102e53ea4	mapped	0x102e53ea4
Microsoft.iOS	2834	0x06000b13	ObjCRuntime.Trampolines+SDActionArity1V269	CreateNullableBlock	0x2050	NoInlining	Assembly, Static, HideBySig	0x1007e39e0	0x9499c158	0x102e53f40	0x102e53f40	mapped	0x102e53f40
Microsoft.iOS	2835	0x06000b14	ObjCRuntime.Trampolines+SDActionArity1V269	CreateBlock	0x2050	NoInlining	Assembly, Static, HideBySig	0x1007e39e4	0x9499c174	0x102e53fb4	0x102e53fb4	mapped	0x102e53fb4
Microsoft.iOS	2836	0x06000b15	ObjCRuntime.Trampolines+NIDActionArity1V269	.ctor	0x2050	NoInlining	Public, HideBySig, SpecialName, RTSpecialName	0x1007e39e8	0x9499c19e	0x102e54060	0x102e54060	mapped	0x102e54060
Microsoft.iOS	2837	0x06000b16	ObjCRuntime.Trampolines+NIDActionArity1V269	Create	0x2050	NoInlining	Public, Static, HideBySig	0x1007e39ec	0x9499c1ca	0x102e54114	0x102e54114	mapped	0x102e54114
Microsoft.iOS	2838	0x06000b17	ObjCRuntime.Trampolines+NIDActionArity1V269	Invoke	0x2050	NoInlining	Private, HideBySig	0x1007e39f0	0x9499c20d	0x102e54224	0x102e54224	mapped	0x102e54224
Microsoft.iOS	2839	0x06000b18	ObjCRuntime.Trampolines+DActionArity1V251	.ctor	0x0	11	Public, HideBySig, SpecialName, RTSpecialName	0x1007e39f4	0x97fff4e9	0x1007e0d98		absent	0x1007e0d98
Microsoft.iOS	2840	0x06000b19	ObjCRuntime.Trampolines+DActionArity1V251	Invoke	0x0	11	Public, Virtual, HideBySig, VtableLayoutMask	0x1007e39f8	0x97fff4e8	0x1007e0d98		absent	0x1007e0d98
Microsoft.iOS	2841	0x06000b1a	ObjCRuntime.Trampolines+SDActionArity1V251	Invoke	0x2050	NoInlining	Assembly, Static, HideBySig	0x1007e39fc	0x9499c228	0x102e5429c	0x102e5429c	mapped	0x102e5429c
Microsoft.iOS	2842	0x06000b1b	ObjCRuntime.Trampolines+SDActionArity1V251	CreateNullableBlock	0x2050	NoInlining	Assembly, Static, HideBySig	0x1007e3a00	0x9499c24d	0x102e54334	0x102e54334	mapped	0x102e54334
Microsoft.iOS	2843	0x06000b1c	ObjCRuntime.Trampolines+SDActionArity1V251	CreateBlock	0x2050	NoInlining	Assembly, Static, HideBySig	0x1007e3a04	0x9499c269	0x102e543a8	0x102e543a8	mapped	0x102e543a8
Microsoft.iOS	2844	0x06000b1d	ObjCRuntime.Trampolines+NIDActionArity1V251	.ctor	0x2050	NoInlining	Public, HideBySig, SpecialName, RTSpecialName	0x1007e3a08	0x9499c293	0x102e54454	0x102e54454	mapped	0x102e54454
Microsoft.iOS	2845	0x06000b1e	ObjCRuntime.Trampolines+NIDActionArity1V251	Create	0x2050	NoInlining	Public, Static, HideBySig	0x1007e3a0c	0x9499c2bf	0x102e54508	0x102e54508	mapped	0x102e54508
Microsoft.iOS	2846	0x06000b1f	ObjCRuntime.Trampolines+NIDActionArity1V251	Invoke	0x2050	NoInlining	Private, HideBySig	0x1007e3a10	0x9499c302	0x102e54618	0x102e54618	mapped	0x102e54618
Microsoft.iOS	2847	0x06000b20	ObjCRuntime.Trampolines+DActionArity2V57	.ctor	0x0	11	Public, HideBySig, SpecialName, RTSpecialName	0x1007e3a14	0x97fff4e1	0x1007e0d98		absent	0x1007e0d98
Microsoft.iOS	2848	0x06000b21	ObjCRuntime.Trampolines+DActionArity2V57	Invoke	0x0	11	Public, Virtual, HideBySig, VtableLayoutMask	0x1007e3a18	0x97fff4e0	0x1007e0d98		absent	0x1007e0d98
Microsoft.iOS	2849	0x06000b22	ObjCRuntime.Trampolines+SDActionArity2V57	Invoke	0x2050	NoInlining	Assembly, Static, HideBySig	0x1007e3a1c	0x9499c31d	0x102e54690	0x102e54690	mapped	0x102e54690
Microsoft.iOS	2850	0x06000b23	ObjCRuntime.Trampolines+SDActionArity2V57	CreateNullableBlock	0x2050	NoInlining	Assembly, Static, HideBySig	0x1007e3a20	0x9499c34b	0x102e5474c	0x102e5474c	mapped	0x102e5474c
Microsoft.iOS	2851	0x06000b24	ObjCRuntime.Trampolines+SDActionArity2V57	CreateBlock	0x2050	NoInlining	Assembly, Static, HideBySig	0x1007e3a24	0x9499c367	0x102e547c0	0x102e547c0	mapped	0x102e547c0
Microsoft.iOS	2852	0x06000b25	ObjCRuntime.Trampolines+NIDActionArity2V57	.ctor	0x2050	NoInlining	Public, HideBySig, SpecialName, RTSpecialName	0x1007e3a28	0x9499c391	0x102e5486c	0x102e5486c	mapped	0x102e5486c
Microsoft.iOS	2853	0x06000b26	ObjCRuntime.Trampolines+NIDActionArity2V57	Create	0x2050	NoInlining	Public, Static, HideBySig	0x1007e3a2c	0x9499c3bd	0x102e54920	0x102e54920	mapped	0x102e54920
Microsoft.iOS	2854	0x06000b27	ObjCRuntime.Trampolines+NIDActionArity2V57	Invoke	0x2050	NoInlining	Private, HideBySig	0x1007e3a30	0x9499c400	0x102e54a30	0x102e54a30	mapped	0x102e54a30
Microsoft.iOS	2855	0x06000b28	ObjCRuntime.Trampolines+DActionArity2V11	.ctor	0x0	11	Public, HideBySig, SpecialName, RTSpecialName	0x1007e3a34	0x97fff4d9	0x1007e0d98		absent	0x1007e0d98
Microsoft.iOS	2856	0x06000b29	ObjCRuntime.Trampolines+DActionArity2V11	Invoke	0x0	11	Public, Virtual, HideBySig, VtableLayoutMask	0x1007e3a38	0x97fff4d8	0x1007e0d98		absent	0x1007e0d98
Microsoft.iOS	2857	0x06000b2a	ObjCRuntime.Trampolines+NIDActionArity2V11	.ctor	0x2050	NoInlining	Public, HideBySig, SpecialName, RTSpecialName	0x1007e3a3c	0x9499c422	0x102e54ac4	0x102e54ac4	mapped	0x102e54ac4
Microsoft.iOS	2858	0x06000b2b	ObjCRuntime.Trampolines+NIDActionArity2V11	Create	0x2050	NoInlining	Public, Static, HideBySig	0x1007e3a40	0x9499c44e	0x102e54b78	0x102e54b78	mapped	0x102e54b78
Microsoft.iOS	2859	0x06000b2c	ObjCRuntime.Trampolines+NIDActionArity2V11	Invoke	0x2050	NoInlining	Private, HideBySig	0x1007e3a44	0x9499c491	0x102e54c88	0x102e54c88	mapped	0x102e54c88
Microsoft.iOS	2860	0x06000b2d	ObjCRuntime.Trampolines+DUIApplicationRestorationHandler	.ctor	0x0	11	Public, HideBySig, SpecialName, RTSpecialName	0x1007e3a48	0x97fff4d4	0x1007e0d98		absent	0x1007e0d98
Microsoft.iOS	2861	0x06000b2e	ObjCRuntime.Trampolines+DUIApplicationRestorationHandler	Invoke	0x0	11	Public, Virtual, HideBySig, VtableLayoutMask	0x1007e3a4c	0x97fff4d3	0x1007e0d98		absent	0x1007e0d98
Microsoft.iOS	2862	0x06000b2f	ObjCRuntime.Trampolines+NIDUIApplicationRestorationHandler	.ctor	0x2050	NoInlining	Public, HideBySig, SpecialName, RTSpecialName	0x1007e3a50	0x9499c4b0	0x102e54d10	0x102e54d10	mapped	0x102e54d10
Microsoft.iOS	2863	0x06000b30	ObjCRuntime.Trampolines+NIDUIApplicationRestorationHandler	Create	0x2050	NoInlining	Public, Static, HideBySig	0x1007e3a54	0x9499c4dc	0x102e54dc4	0x102e54dc4	mapped	0x102e54dc4
Microsoft.iOS	2864	0x06000b31	ObjCRuntime.Trampolines+NIDUIApplicationRestorationHandler	Invoke	0x2050	NoInlining	Private, HideBySig	0x1007e3a58	0x9499c522	0x102e54ee0	0x102e54ee0	mapped	0x102e54ee0
