assembly	index	token	type	method	rva	impl_attrs	attrs	call_entry	call_insn	initial_target	native_address	status	resolve_chain
StardewValley.GameData	0	0x06000001	StardewValley.GameData.AudioCueData	.ctor	0x2050	NoInlining	Public, HideBySig, SpecialName, RTSpecialName	0x10040b228	0x94826b38	0x1024a5f08	0x1024a5f08	mapped	0x1024a5f08
StardewValley.GameData	1	0x06000002	StardewValley.GameData.GenericSpawnItemData	get_Id	0x2050	NoInlining	Public, HideBySig, SpecialName	0x10040b22c	0x94826b38	0x1024a5f0c	0x1024a5f0c	mapped	0x1024a5f0c
StardewValley.GameData	2	0x06000003	StardewValley.GameData.GenericSpawnItemData	set_Id	0x2050	NoInlining	Public, HideBySig, SpecialName	0x10040b230	0x94826b6b	0x1024a5fdc	0x1024a5fdc	mapped	0x1024a5fdc
StardewValley.GameData	3	0x06000004	StardewValley.GameData.GenericSpawnItemData	get_ItemId	0x2050	NoInlining	Public, Final, Virtual, HideBySig, VtableLayoutMask, SpecialName	0x10040b234	0x94826b7a	0x1024a601c	0x1024a601c	mapped	0x1024a601c
StardewValley.GameData	4	0x06000005	StardewValley.GameData.GenericSpawnItemData	set_ItemId	0x2050	NoInlining	Public, Final, Virtual, HideBySig, VtableLayoutMask, SpecialName	0x10040b238	0x94826b82	0x1024a6040	0x1024a6040	mapped	0x1024a6040
StardewValley.GameData	5	0x06000006	StardewValley.GameData.GenericSpawnItemData	get_RandomItemId	0x2050	NoInlining	Public, Final, Virtual, HideBySig, VtableLayoutMask, SpecialName	0x10040b23c	0x94826b91	0x1024a6080	0x1024a6080	mapped	0x1024a6080
StardewValley.GameData	6	0x06000007	StardewValley.GameData.GenericSpawnItemData	set_RandomItemId	0x2050	NoInlining	Public, Final, Virtual, HideBySig, VtableLayoutMask, SpecialName	0x10040b240	0x94826b99	0x1024a60a4	0x1024a60a4	mapped	0x1024a60a4
StardewValley.GameData	7	0x06000008	StardewValley.GameData.GenericSpawnItemData	get_MaxItems	0x2050	NoInlining	Public, Final, Virtual, HideBySig, VtableLayoutMask, SpecialName	0x10040b244	0x94826ba8	0x1024a60e4	0x1024a60e4	mapped	0x1024a60e4
StardewValley.GameData	8	0x06000009	StardewValley.GameData.GenericSpawnItemData	set_MaxItems	0x2050	NoInlining	Public, Final, Virtual, HideBySig, VtableLayoutMask, SpecialName	0x10040b248	0x94826bb0	0x1024a6108	0x1024a6108	mapped	0x1024a6108
StardewValley.GameData	9	0x0600000a	StardewValley.GameData.GenericSpawnItemData	get_MinStack	0x2050	NoInlining	Public, Final, Virtual, HideBySig, VtableLayoutMask, SpecialName	0x10040b24c	0x94826bb8	0x1024a612c	0x1024a612c	mapped	0x1024a612c
StardewValley.GameData	10	0x0600000b	StardewValley.GameData.GenericSpawnItemData	set_MinStack	0x2050	NoInlining	Public, Final, Virtual, HideBySig, VtableLayoutMask, SpecialName	0x10040b250	0x94826bc0	0x1024a6150	0x1024a6150	mapped	0x1024a6150
StardewValley.GameData	11	0x0600000c	StardewValley.GameData.GenericSpawnItemData	get_MaxStack	0x2050	NoInlining	Public, Final, Virtual, HideBySig, VtableLayoutMask, SpecialName	0x10040b254	0x94826bc8	0x1024a6174	0x1024a6174	mapped	0x1024a6174
StardewValley.GameData	12	0x0600000d	StardewValley.GameData.GenericSpawnItemData	set_MaxStack	0x2050	NoInlining	Public, Final, Virtual, HideBySig, VtableLayoutMask, SpecialName	0x10040b258	0x94826bd0	0x1024a6198	0x1024a6198	mapped	0x1024a6198
StardewValley.GameData	13	0x0600000e	StardewValley.GameData.GenericSpawnItemData	get_Quality	0x2050	NoInlining	Public, Final, Virtual, HideBySig, VtableLayoutMask, SpecialName	0x10040b25c	0x94826bd8	0x1024a61bc	0x1024a61bc	mapped	0x1024a61bc
StardewValley.GameData	14	0x0600000f	StardewValley.GameData.GenericSpawnItemData	set_Quality	0x2050	NoInlining	Public, Final, Virtual, HideBySig, VtableLayoutMask, SpecialName	0x10040b260	0x94826be0	0x1024a61e0	0x1024a61e0	mapped	0x1024a61e0
StardewValley.GameData	15	0x06000010	StardewValley.GameData.GenericSpawnItemData	get_ObjectInternalName	0x2050	NoInlining	Public, Final, Virtual, HideBySig, VtableLayoutMask, SpecialName	0x10040b264	0x94826be8	0x1024a6204	0x1024a6204	mapped	0x1024a6204
StardewValley.GameData	16	0x06000011	StardewValley.GameData.GenericSpawnItemData	set_ObjectInternalName	0x2050	NoInlining	Public, Final, Virtual, HideBySig, VtableLayoutMask, SpecialName	0x10040b268	0x94826bf0	0x1024a6228	0x1024a6228	mapped	0x1024a6228
StardewValley.GameData	17	0x06000012	StardewValley.GameData.GenericSpawnItemData	get_ObjectDisplayName	0x2050	NoInlining	Public, Final, Virtual, HideBySig, VtableLayoutMask, SpecialName	0x10040b26c	0x94826bff	0x1024a6268	0x1024a6268	mapped	0x1024a6268
StardewValley.GameData	18	0x06000013	StardewValley.GameData.GenericSpawnItemData	set_ObjectDisplayName	0x2050	NoInlining	Public, Final, Virtual, HideBySig, VtableLayoutMask, SpecialName	0x10040b270	0x94826c07	0x1024a628c	0x1024a628c	mapped	0x1024a628c
StardewValley.GameData	19	0x06000014	StardewValley.GameData.GenericSpawnItemData	get_ObjectColor	0x2050	NoInlining	Public, Final, Virtual, HideBySig, VtableLayoutMask, SpecialName	0x10040b274	0x94826c16	0x1024a62cc	0x1024a62cc	mapped	0x1024a62cc
StardewValley.GameData	20	0x06000015	StardewValley.GameData.GenericSpawnItemData	set_ObjectColor	0x2050	NoInlining	Public, Final, Virtual, HideBySig, VtableLayoutMask, SpecialName	0x10040b278	0x94826c1e	0x1024a62f0	0x1024a62f0	mapped	0x1024a62f0
StardewValley.GameData	21	0x06000016	StardewValley.GameData.GenericSpawnItemData	get_ToolUpgradeLevel	0x2050	NoInlining	Public, Final, Virtual, HideBySig, VtableLayoutMask, SpecialName	0x10040b27c	0x94826c2d	0x1024a6330	0x1024a6330	mapped	0x1024a6330
StardewValley.GameData	22	0x06000017	StardewValley.GameData.GenericSpawnItemData	set_ToolUpgradeLevel	0x2050	NoInlining	Public, Final, Virtual, HideBySig, VtableLayoutMask, SpecialName	0x10040b280	0x94826c35	0x1024a6354	0x1024a6354	mapped	0x1024a6354
StardewValley.GameData	23	0x06000018	StardewValley.GameData.GenericSpawnItemData	get_IsRecipe	0x2050	NoInlining	Public, Final, Virtual, HideBySig, VtableLayoutMask, SpecialName	0x10040b284	0x94826c3d	0x1024a6378	0x1024a6378	mapped	0x1024a6378
StardewValley.GameData	24	0x06000019	StardewValley.GameData.GenericSpawnItemData	set_IsRecipe	0x2050	NoInlining	Public, Final, Virtual, HideBySig, VtableLayoutMask, SpecialName	0x10040b288	0x94826c45	0x1024a639c	0x1024a639c	mapped	0x1024a639c
StardewValley.GameData	25	0x0600001a	StardewValley.GameData.GenericSpawnItemData	get_StackModifiers	0x2050	NoInlining	Public, Final, Virtual, HideBySig, VtableLayoutMask, SpecialName	0x10040b28c	0x94826c4d	0x1024a63c0	0x1024a63c0	mapped	0x1024a63c0
StardewValley.GameData	26	0x0600001b	StardewValley.GameData.GenericSpawnItemData	set_StackModifiers	0x2050	NoInlining	Public, Final, Virtual, HideBySig, VtableLayoutMask, SpecialName	0x10040b290	0x94826c55	0x1024a63e4	0x1024a63e4	mapped	0x1024a63e4
StardewValley.GameData	27	0x0600001c	StardewValley.GameData.GenericSpawnItemData	get_StackModifierMode	0x2050	NoInlining	Public, Final, Virtual, HideBySig, VtableLayoutMask, SpecialName	0x10040b294	0x94826c64	0x1024a6424	0x1024a6424	mapped	0x1024a6424
StardewValley.GameData	28	0x0600001d	StardewValley.GameData.GenericSpawnItemData	set_StackModifierMode	0x2050	NoInlining	Public, Final, Virtual, HideBySig, VtableLayoutMask, SpecialName	0x10040b298	0x94826c6c	0x1024a6448	0x1024a6448	mapped	0x1024a6448
StardewValley.GameData	29	0x0600001e	StardewValley.GameData.GenericSpawnItemData	get_QualityModifiers	0x2050	NoInlining	Public, Final, Virtual, HideBySig, VtableLayoutMask, SpecialName	0x10040b29c	0x94826c74	0x1024a646c	0x1024a646c	mapped	0x1024a646c
StardewValley.GameData	30	0x0600001f	StardewValley.GameData.GenericSpawnItemData	set_QualityModifiers	0x2050	NoInlining	Public, Final, Virtual, HideBySig, VtableLayoutMask, SpecialName	0x10040b2a0	0x94826c7c	0x1024a6490	0x1024a6490	mapped	0x1024a6490
StardewValley.GameData	31	0x06000020	StardewValley.GameData.GenericSpawnItemData	get_QualityModifierMode	0x2050	NoInlining	Public, Final, Virtual, HideBySig, VtableLayoutMask, SpecialName	0x10040b2a4	0x94826c8b	0x1024a64d0	0x1024a64d0	mapped	0x1024a64d0
StardewValley.GameData	32	0x06000021	StardewValley.GameData.GenericSpawnItemData	set_QualityModifierMode	0x2050	NoInlining	Public, Final, Virtual, HideBySig, VtableLayoutMask, SpecialName	0x10040b2a8	0x94826c93	0x1024a64f4	0x1024a64f4	mapped	0x1024a64f4
StardewValley.GameData	33	0x06000022	StardewValley.GameData.GenericSpawnItemData	get_ModData	0x2050	NoInlining	Public, Final, Virtual, HideBySig, VtableLayoutMask, SpecialName	0x10040b2ac	0x94826c9b	0x1024a6518	0x1024a6518	mapped	0x1024a6518
StardewValley.GameData	34	0x06000023	StardewValley.GameData.GenericSpawnItemData	set_ModData	0x2050	NoInlining	Public, Final, Virtual, HideBySig, VtableLayoutMask, SpecialName	0x10040b2b0	0x94826ca3	0x1024a653c	0x1024a653c	mapped	0x1024a653c
StardewValley.GameData	35	0x06000024	StardewValley.GameData.GenericSpawnItemData	get_PerItemCondition	0x2050	NoInlining	Public, Final, Virtual, HideBySig, VtableLayoutMask, SpecialName	0x10040b2b4	0x94826cb2	0x1024a657c	0x1024a657c	mapped	0x1024a657c
StardewValley.GameData	36	0x06000025	StardewValley.GameData.GenericSpawnItemData	set_PerItemCondition	0x2050	NoInlining	Public, Final, Virtual, HideBySig, VtableLayoutMask, SpecialName	0x10040b2b8	0x94826cba	0x1024a65a0	0x1024a65a0	mapped	0x1024a65a0
StardewValley.GameData	37	0x06000026	StardewValley.GameData.GenericSpawnItemData	.ctor	0x2050	NoInlining	Public, HideBySig, SpecialName, RTSpecialName	0x10040b2bc	0x94826cc9	0x1024a65e0	0x1024a65e0	mapped	0x1024a65e0
StardewValley.GameData	38	0x06000027	StardewValley.GameData.GenericSpawnItemDataWithCondition	get_Condition	0x2050	NoInlining	Public, HideBySig, SpecialName	0x10040b2c0	0x94826cd3	0x1024a660c	0x1024a660c	mapped	0x1024a660c
StardewValley.GameData	39	0x06000028	StardewValley.GameData.GenericSpawnItemDataWithCondition	set_Condition	0x2050	NoInlining	Public, HideBySig, SpecialName	0x10040b2c4	0x94826cdb	0x1024a6630	0x1024a6630	mapped	0x1024a6630
StardewValley.GameData	40	0x06000029	StardewValley.GameData.GenericSpawnItemDataWithCondition	.ctor	0x2050	NoInlining	Public, HideBySig, SpecialName, RTSpecialName	0x10040b2c8	0x94826cea	0x1024a6670	0x1024a6670	mapped	0x1024a6670
StardewValley.GameData	41	0x0600002a	StardewValley.GameData.IncomingPhoneCallData	.ctor	0x2050	NoInlining	Public, HideBySig, SpecialName, RTSpecialName	0x10040b2cc	0x94826cf7	0x1024a66a8	0x1024a66a8	mapped	0x1024a66a8
StardewValley.GameData	42	0x0600002b	StardewValley.GameData.ISpawnItemData	get_ItemId	0x0	NoInlining	Public, Virtual, HideBySig, VtableLayoutMask, Abstract, SpecialName	0x10040b2d0	0x97ffffd6	0x10040b228		absent	0x10040b228
StardewValley.GameData	43	0x0600002c	StardewValley.GameData.ISpawnItemData	set_ItemId	0x0	NoInlining	Public, Virtual, HideBySig, VtableLayoutMask, Abstract, SpecialName	0x10040b2d4	0x97ffffd5	0x10040b228		absent	0x10040b228
StardewValley.GameData	44	0x0600002d	StardewValley.GameData.ISpawnItemData	get_RandomItemId	0x0	NoInlining	Public, Virtual, HideBySig, VtableLayoutMask, Abstract, SpecialName	0x10040b2d8	0x97ffffd4	0x10040b228		absent	0x10040b228
StardewValley.GameData	45	0x0600002e	StardewValley.GameData.ISpawnItemData	set_RandomItemId	0x0	NoInlining	Public, Virtual, HideBySig, VtableLayoutMask, Abstract, SpecialName	0x10040b2dc	0x97ffffd3	0x10040b228		absent	0x10040b228
StardewValley.GameData	46	0x0600002f	StardewValley.GameData.ISpawnItemData	get_MaxItems	0x0	NoInlining	Public, Virtual, HideBySig, VtableLayoutMask, Abstract, SpecialName	0x10040b2e0	0x97ffffd2	0x10040b228		absent	0x10040b228
StardewValley.GameData	47	0x06000030	StardewValley.GameData.ISpawnItemData	set_MaxItems	0x0	NoInlining	Public, Virtual, HideBySig, VtableLayoutMask, Abstract, SpecialName	0x10040b2e4	0x97ffffd1	0x10040b228		absent	0x10040b228
StardewValley.GameData	48	0x06000031	StardewValley.GameData.ISpawnItemData	get_MinStack	0x0	NoInlining	Public, Virtual, HideBySig, VtableLayoutMask, Abstract, SpecialName	0x10040b2e8	0x97ffffd0	0x10040b228		absent	0x10040b228
StardewValley.GameData	49	0x06000032	StardewValley.GameData.ISpawnItemData	set_MinStack	0x0	NoInlining	Public, Virtual, HideBySig, VtableLayoutMask, Abstract, SpecialName	0x10040b2ec	0x97ffffcf	0x10040b228		absent	0x10040b228
StardewValley.GameData	50	0x06000033	StardewValley.GameData.ISpawnItemData	get_MaxStack	0x0	NoInlining	Public, Virtual, HideBySig, VtableLayoutMask, Abstract, SpecialName	0x10040b2f0	0x97ffffce	0x10040b228		absent	0x10040b228
StardewValley.GameData	51	0x06000034	StardewValley.GameData.ISpawnItemData	set_MaxStack	0x0	NoInlining	Public, Virtual, HideBySig, VtableLayoutMask, Abstract, SpecialName	0x10040b2f4	0x97ffffcd	0x10040b228		absent	0x10040b228
StardewValley.GameData	52	0x06000035	StardewValley.GameData.ISpawnItemData	get_Quality	0x0	NoInlining	Public, Virtual, HideBySig, VtableLayoutMask, Abstract, SpecialName	0x10040b2f8	0x97ffffcc	0x10040b228		absent	0x10040b228
StardewValley.GameData	53	0x06000036	StardewValley.GameData.ISpawnItemData	set_Quality	0x0	NoInlining	Public, Virtual, HideBySig, VtableLayoutMask, Abstract, SpecialName	0x10040b2fc	0x97ffffcb	0x10040b228		absent	0x10040b228
StardewValley.GameData	54	0x06000037	StardewValley.GameData.ISpawnItemData	get_ObjectInternalName	0x0	NoInlining	Public, Virtual, HideBySig, VtableLayoutMask, Abstract, SpecialName	0x10040b300	0x97ffffca	0x10040b228		absent	0x10040b228
StardewValley.GameData	55	0x06000038	StardewValley.GameData.ISpawnItemData	set_ObjectInternalName	0x0	NoInlining	Public, Virtual, HideBySig, VtableLayoutMask, Abstract, SpecialName	0x10040b304	0x97ffffc9	0x10040b228		absent	0x10040b228
StardewValley.GameData	56	0x06000039	StardewValley.GameData.ISpawnItemData	get_ObjectDisplayName	0x0	NoInlining	Public, Virtual, HideBySig, VtableLayoutMask, Abstract, SpecialName	0x10040b308	0x97ffffc8	0x10040b228		absent	0x10040b228
StardewValley.GameData	57	0x0600003a	StardewValley.GameData.ISpawnItemData	set_ObjectDisplayName	0x0	NoInlining	Public, Virtual, HideBySig, VtableLayoutMask, Abstract, SpecialName	0x10040b30c	0x97ffffc7	0x10040b228		absent	0x10040b228
StardewValley.GameData	58	0x0600003b	StardewValley.GameData.ISpawnItemData	get_ObjectColor	0x0	NoInlining	Public, Virtual, HideBySig, VtableLayoutMask, Abstract, SpecialName	0x10040b310	0x97ffffc6	0x10040b228		absent	0x10040b228
StardewValley.GameData	59	0x0600003c	StardewValley.GameData.ISpawnItemData	set_ObjectColor	0x0	NoInlining	Public, Virtual, HideBySig, VtableLayoutMask, Abstract, SpecialName	0x10040b314	0x97ffffc5	0x10040b228		absent	0x10040b228
StardewValley.GameData	60	0x0600003d	StardewValley.GameData.ISpawnItemData	get_ToolUpgradeLevel	0x0	NoInlining	Public, Virtual, HideBySig, VtableLayoutMask, Abstract, SpecialName	0x10040b318	0x97ffffc4	0x10040b228		absent	0x10040b228
StardewValley.GameData	61	0x0600003e	StardewValley.GameData.ISpawnItemData	set_ToolUpgradeLevel	0x0	NoInlining	Public, Virtual, HideBySig, VtableLayoutMask, Abstract, SpecialName	0x10040b31c	0x97ffffc3	0x10040b228		absent	0x10040b228
StardewValley.GameData	62	0x0600003f	StardewValley.GameData.ISpawnItemData	get_IsRecipe	0x0	NoInlining	Public, Virtual, HideBySig, VtableLayoutMask, Abstract, SpecialName	0x10040b320	0x97ffffc2	0x10040b228		absent	0x10040b228
StardewValley.GameData	63	0x06000040	StardewValley.GameData.ISpawnItemData	set_IsRecipe	0x0	NoInlining	Public, Virtual, HideBySig, VtableLayoutMask, Abstract, SpecialName	0x10040b324	0x97ffffc1	0x10040b228		absent	0x10040b228
StardewValley.GameData	64	0x06000041	StardewValley.GameData.ISpawnItemData	get_StackModifiers	0x0	NoInlining	Public, Virtual, HideBySig, VtableLayoutMask, Abstract, SpecialName	0x10040b328	0x97ffffc0	0x10040b228		absent	0x10040b228
StardewValley.GameData	65	0x06000042	StardewValley.GameData.ISpawnItemData	set_StackModifiers	0x0	NoInlining	Public, Virtual, HideBySig, VtableLayoutMask, Abstract, SpecialName	0x10040b32c	0x97ffffbf	0x10040b228		absent	0x10040b228
StardewValley.GameData	66	0x06000043	StardewValley.GameData.ISpawnItemData	get_StackModifierMode	0x0	NoInlining	Public, Virtual, HideBySig, VtableLayoutMask, Abstract, SpecialName	0x10040b330	0x97ffffbe	0x10040b228		absent	0x10040b228
StardewValley.GameData	67	0x06000044	StardewValley.GameData.ISpawnItemData	set_StackModifierMode	0x0	NoInlining	Public, Virtual, HideBySig, VtableLayoutMask, Abstract, SpecialName	0x10040b334	0x97ffffbd	0x10040b228		absent	0x10040b228
StardewValley.GameData	68	0x06000045	StardewValley.GameData.ISpawnItemData	get_QualityModifiers	0x0	NoInlining	Public, Virtual, HideBySig, VtableLayoutMask, Abstract, SpecialName	0x10040b338	0x97ffffbc	0x10040b228		absent	0x10040b228
StardewValley.GameData	69	0x06000046	StardewValley.GameData.ISpawnItemData	set_QualityModifiers	0x0	NoInlining	Public, Virtual, HideBySig, VtableLayoutMask, Abstract, SpecialName	0x10040b33c	0x97ffffbb	0x10040b228		absent	0x10040b228
StardewValley.GameData	70	0x06000047	StardewValley.GameData.ISpawnItemData	get_QualityModifierMode	0x0	NoInlining	Public, Virtual, HideBySig, VtableLayoutMask, Abstract, SpecialName	0x10040b340	0x97ffffba	0x10040b228		absent	0x10040b228
StardewValley.GameData	71	0x06000048	StardewValley.GameData.ISpawnItemData	set_QualityModifierMode	0x0	NoInlining	Public, Virtual, HideBySig, VtableLayoutMask, Abstract, SpecialName	0x10040b344	0x97ffffb9	0x10040b228		absent	0x10040b228
StardewValley.GameData	72	0x06000049	StardewValley.GameData.ISpawnItemData	get_ModData	0x0	NoInlining	Public, Virtual, HideBySig, VtableLayoutMask, Abstract, SpecialName	0x10040b348	0x97ffffb8	0x10040b228		absent	0x10040b228
StardewValley.GameData	73	0x0600004a	StardewValley.GameData.ISpawnItemData	set_ModData	0x0	NoInlining	Public, Virtual, HideBySig, VtableLayoutMask, Abstract, SpecialName	0x10040b34c	0x97ffffb7	0x10040b228		absent	0x10040b228
StardewValley.GameData	74	0x0600004b	StardewValley.GameData.ISpawnItemData	get_PerItemCondition	0x0	NoInlining	Public, Virtual, HideBySig, VtableLayoutMask, Abstract, SpecialName	0x10040b350	0x97ffffb6	0x10040b228		absent	0x10040b228
StardewValley.GameData	75	0x0600004c	StardewValley.GameData.ISpawnItemData	set_PerItemCondition	0x0	NoInlining	Public, Virtual, HideBySig, VtableLayoutMask, Abstract, SpecialName	0x10040b354	0x97ffffb5	0x10040b228		absent	0x10040b228
StardewValley.GameData	76	0x0600004d	StardewValley.GameData.JukeboxTrackData	.ctor	0x2050	NoInlining	Public, HideBySig, SpecialName, RTSpecialName	0x10040b358	0x94826cdf	0x1024a66d4	0x1024a66d4	mapped	0x1024a66d4
StardewValley.GameData	77	0x0600004e	StardewValley.GameData.LostItem	.ctor	0x2050	NoInlining	Public, HideBySig, SpecialName, RTSpecialName	0x10040b35c	0x94826cdf	0x1024a66d8	0x1024a66d8	mapped	0x1024a66d8
StardewValley.GameData	78	0x0600004f	StardewValley.GameData.MannequinData	.ctor	0x2050	NoInlining	Public, HideBySig, SpecialName, RTSpecialName	0x10040b360	0x94826cdf	0x1024a66dc	0x1024a66dc	mapped	0x1024a66dc
StardewValley.GameData	79	0x06000050	StardewValley.GameData.ModFarmType	.ctor	0x2050	NoInlining	Public, HideBySig, SpecialName, RTSpecialName	0x10040b364	0x94826ce9	0x1024a6708	0x1024a6708	mapped	0x1024a6708
StardewValley.GameData	80	0x06000051	StardewValley.GameData.ModLanguage	.ctor	0x2050	NoInlining	Public, HideBySig, SpecialName, RTSpecialName	0x10040b368	0x94826ce9	0x1024a670c	0x1024a670c	mapped	0x1024a670c
StardewValley.GameData	81	0x06000052	StardewValley.GameData.ModWallpaperOrFlooring	.ctor	0x2050	NoInlining	Public, HideBySig, SpecialName, RTSpecialName	0x10040b36c	0x94826d08	0x1024a678c	0x1024a678c	mapped	0x1024a678c
StardewValley.GameData	82	0x06000053	StardewValley.GameData.MonsterSlayerQuestData	.ctor	0x2050	NoInlining	Public, HideBySig, SpecialName, RTSpecialName	0x10040b370	0x94826d08	0x1024a6790	0x1024a6790	mapped	0x1024a6790
StardewValley.GameData	83	0x06000054	StardewValley.GameData.PassiveFestivalData	.ctor	0x2050	NoInlining	Public, HideBySig, SpecialName, RTSpecialName	0x10040b374	0x94826d12	0x1024a67bc	0x1024a67bc	mapped	0x1024a67bc
StardewValley.GameData	84	0x06000055	StardewValley.GameData.PlantableRule	ShouldApplyWhen	0x2050	NoInlining	Public, HideBySig	0x10040b378	0x94826d1c	0x1024a67e8	0x1024a67e8	mapped	0x1024a67e8
StardewValley.GameData	85	0x06000056	StardewValley.GameData.PlantableRule	.ctor	0x2050	NoInlining	Public, HideBySig, SpecialName, RTSpecialName	0x10040b37c	0x94826d4a	0x1024a68a4	0x1024a68a4	mapped	0x1024a68a4
StardewValley.GameData	86	0x06000057	StardewValley.GameData.QuantityModifier	Apply	0x2050	NoInlining	Public, Static, HideBySig	0x10040b380	0x94826d54	0x1024a68d0	0x1024a68d0	mapped	0x1024a68d0
StardewValley.GameData	87	0x06000058	StardewValley.GameData.QuantityModifier	.ctor	0x2050	NoInlining	Public, HideBySig, SpecialName, RTSpecialName	0x10040b384	0x94826d66	0x1024a691c	0x1024a691c	mapped	0x1024a691c
StardewValley.GameData	88	0x06000059	StardewValley.GameData.StatIncrement	get_Id	0x2050	NoInlining	Public, HideBySig, SpecialName	0x10040b388	0x94826d66	0x1024a6920	0x1024a6920	mapped	0x1024a6920
StardewValley.GameData	89	0x0600005a	StardewValley.GameData.StatIncrement	set_Id	0x2050	NoInlining	Public, HideBySig, SpecialName	0x10040b38c	0x94826d71	0x1024a6950	0x1024a6950	mapped	0x1024a6950
StardewValley.GameData	90	0x0600005b	StardewValley.GameData.StatIncrement	get_RequiredItemId	0x2050	NoInlining	Public, HideBySig, SpecialName	0x10040b390	0x94826d80	0x1024a6990	0x1024a6990	mapped	0x1024a6990
StardewValley.GameData	91	0x0600005c	StardewValley.GameData.StatIncrement	set_RequiredItemId	0x2050	NoInlining	Public, HideBySig, SpecialName	0x10040b394	0x94826d88	0x1024a69b4	0x1024a69b4	mapped	0x1024a69b4
StardewValley.GameData	92	0x0600005d	StardewValley.GameData.StatIncrement	get_RequiredTags	0x2050	NoInlining	Public, HideBySig, SpecialName	0x10040b398	0x94826d97	0x1024a69f4	0x1024a69f4	mapped	0x1024a69f4
StardewValley.GameData	93	0x0600005e	StardewValley.GameData.StatIncrement	set_RequiredTags	0x2050	NoInlining	Public, HideBySig, SpecialName	0x10040b39c	0x94826d9f	0x1024a6a18	0x1024a6a18	mapped	0x1024a6a18
StardewValley.GameData	94	0x0600005f	StardewValley.GameData.StatIncrement	get_StatName	0x2050	NoInlining	Public, HideBySig, SpecialName	0x10040b3a0	0x94826dae	0x1024a6a58	0x1024a6a58	mapped	0x1024a6a58
StardewValley.GameData	95	0x06000060	StardewValley.GameData.StatIncrement	set_StatName	0x2050	NoInlining	Public, HideBySig, SpecialName	0x10040b3a4	0x94826db6	0x1024a6a7c	0x1024a6a7c	mapped	0x1024a6a7c
StardewValley.GameData	96	0x06000061	StardewValley.GameData.StatIncrement	.ctor	0x2050	NoInlining	Public, HideBySig, SpecialName, RTSpecialName	0x10040b3a8	0x94826dc5	0x1024a6abc	0x1024a6abc	mapped	0x1024a6abc
StardewValley.GameData	97	0x06000062	StardewValley.GameData.TemporaryAnimatedSpriteDefinition	.ctor	0x2050	NoInlining	Public, HideBySig, SpecialName, RTSpecialName	0x10040b3ac	0x94826dc5	0x1024a6ac0	0x1024a6ac0	mapped	0x1024a6ac0
StardewValley.GameData	98	0x06000063	StardewValley.GameData.TriggerActionData	.ctor	0x2050	NoInlining	Public, HideBySig, SpecialName, RTSpecialName	0x10040b3b0	0x94826df0	0x1024a6b70	0x1024a6b70	mapped	0x1024a6b70
StardewValley.GameData	99	0x06000064	StardewValley.GameData.TrinketData	.ctor	0x2050	NoInlining	Public, HideBySig, SpecialName, RTSpecialName	0x10040b3b4	0x94826dfa	0x1024a6b9c	0x1024a6b9c	mapped	0x1024a6b9c
StardewValley.GameData	100	0x06000065	StardewValley.GameData.WorldMaps.WorldMapAreaData	.ctor	0x2050	NoInlining	Public, HideBySig, SpecialName, RTSpecialName	0x10040b3b8	0x94826e04	0x1024a6bc8	0x1024a6bc8	mapped	0x1024a6bc8
StardewValley.GameData	101	0x06000066	StardewValley.GameData.WorldMaps.WorldMapAreaPositionData	get_Id	0x2050	NoInlining	Public, HideBySig, SpecialName	0x10040b3bc	0x94826e55	0x1024a6d10	0x1024a6d10	mapped	0x1024a6d10
StardewValley.GameData	102	0x06000067	StardewValley.GameData.WorldMaps.WorldMapAreaPositionData	set_Id	0x2050	NoInlining	Public, HideBySig, SpecialName	0x10040b3c0	0x94826e7c	0x1024a6db0	0x1024a6db0	mapped	0x1024a6db0
StardewValley.GameData	103	0x06000068	StardewValley.GameData.WorldMaps.WorldMapAreaPositionData	get_Condition	0x2050	NoInlining	Public, HideBySig, SpecialName	0x10040b3c4	0x94826e8b	0x1024a6df0	0x1024a6df0	mapped	0x1024a6df0
StardewValley.GameData	104	0x06000069	StardewValley.GameData.WorldMaps.WorldMapAreaPositionData	set_Condition	0x2050	NoInlining	Public, HideBySig, SpecialName	0x10040b3c8	0x94826e93	0x1024a6e14	0x1024a6e14	mapped	0x1024a6e14
StardewValley.GameData	105	0x0600006a	StardewValley.GameData.WorldMaps.WorldMapAreaPositionData	get_LocationContext	0x2050	NoInlining	Public, HideBySig, SpecialName	0x10040b3cc	0x94826ea2	0x1024a6e54	0x1024a6e54	mapped	0x1024a6e54
StardewValley.GameData	106	0x0600006b	StardewValley.GameData.WorldMaps.WorldMapAreaPositionData	set_LocationContext	0x2050	NoInlining	Public, HideBySig, SpecialName	0x10040b3d0	0x94826eaa	0x1024a6e78	0x1024a6e78	mapped	0x1024a6e78
StardewValley.GameData	107	0x0600006c	StardewValley.GameData.WorldMaps.WorldMapAreaPositionData	get_LocationName	0x2050	NoInlining	Public, HideBySig, SpecialName	0x10040b3d4	0x94826eb9	0x1024a6eb8	0x1024a6eb8	mapped	0x1024a6eb8
StardewValley.GameData	108	0x0600006d	StardewValley.GameData.WorldMaps.WorldMapAreaPositionData	set_LocationName	0x2050	NoInlining	Public, HideBySig, SpecialName	0x10040b3d8	0x94826ec1	0x1024a6edc	0x1024a6edc	mapped	0x1024a6edc
StardewValley.GameData	109	0x0600006e	StardewValley.GameData.WorldMaps.WorldMapAreaPositionData	get_LocationNames	0x2050	NoInlining	Public, HideBySig, SpecialName	0x10040b3dc	0x94826ed0	0x1024a6f1c	0x1024a6f1c	mapped	0x1024a6f1c
StardewValley.GameData	110	0x0600006f	StardewValley.GameData.WorldMaps.WorldMapAreaPositionData	set_LocationNames	0x2050	NoInlining	Public, HideBySig, SpecialName	0x10040b3e0	0x94826ed8	0x1024a6f40	0x1024a6f40	mapped	0x1024a6f40
StardewValley.GameData	111	0x06000070	StardewValley.GameData.WorldMaps.WorldMapAreaPositionData	get_TileArea	0x2050	NoInlining	Public, HideBySig, SpecialName	0x10040b3e4	0x94826ee7	0x1024a6f80	0x1024a6f80	mapped	0x1024a6f80
StardewValley.GameData	112	0x06000071	StardewValley.GameData.WorldMaps.WorldMapAreaPositionData	set_TileArea	0x2050	NoInlining	Public, HideBySig, SpecialName	0x10040b3e8	0x94826ef1	0x1024a6fac	0x1024a6fac	mapped	0x1024a6fac
StardewValley.GameData	113	0x06000072	StardewValley.GameData.WorldMaps.WorldMapAreaPositionData	get_ExtendedTileArea	0x2050	NoInlining	Public, HideBySig, SpecialName	0x10040b3ec	0x94826ef9	0x1024a6fd0	0x1024a6fd0	mapped	0x1024a6fd0
StardewValley.GameData	114	0x06000073	StardewValley.GameData.WorldMaps.WorldMapAreaPositionData	set_ExtendedTileArea	0x2050	NoInlining	Public, HideBySig, SpecialName	0x10040b3f0	0x94826f09	0x1024a7014	0x1024a7014	mapped	0x1024a7014
StardewValley.GameData	115	0x06000074	StardewValley.GameData.WorldMaps.WorldMapAreaPositionData	get_MapPixelArea	0x2050	NoInlining	Public, HideBySig, SpecialName	0x10040b3f4	0x94826f15	0x1024a7048	0x1024a7048	mapped	0x1024a7048
StardewValley.GameData	116	0x06000075	StardewValley.GameData.WorldMaps.WorldMapAreaPositionData	set_MapPixelArea	0x2050	NoInlining	Public, HideBySig, SpecialName	0x10040b3f8	0x94826f1f	0x1024a7074	0x1024a7074	mapped	0x1024a7074
StardewValley.GameData	117	0x06000076	StardewValley.GameData.WorldMaps.WorldMapAreaPositionData	get_ScrollText	0x2050	NoInlining	Public, HideBySig, SpecialName	0x10040b3fc	0x94826f28	0x1024a709c	0x1024a709c	mapped	0x1024a709c
StardewValley.GameData	118	0x06000077	StardewValley.GameData.WorldMaps.WorldMapAreaPositionData	set_ScrollText	0x2050	NoInlining	Public, HideBySig, SpecialName	0x10040b400	0x94826f30	0x1024a70c0	0x1024a70c0	mapped	0x1024a70c0
StardewValley.GameData	119	0x06000078	StardewValley.GameData.WorldMaps.WorldMapAreaPositionData	.ctor	0x2050	NoInlining	Public, HideBySig, SpecialName, RTSpecialName	0x10040b404	0x94826f3f	0x1024a7100	0x1024a7100	mapped	0x1024a7100
StardewValley.GameData	120	0x06000079	StardewValley.GameData.WorldMaps.WorldMapAreaPositionScrollTextZoneData	.ctor	0x2050	NoInlining	Public, HideBySig, SpecialName, RTSpecialName	0x10040b408	0x94826f7f	0x1024a7204	0x1024a7204	mapped	0x1024a7204
StardewValley.GameData	121	0x0600007a	StardewValley.GameData.WorldMaps.WorldMapRegionData	.ctor	0x2050	NoInlining	Public, HideBySig, SpecialName, RTSpecialName	0x10040b40c	0x94826f7f	0x1024a7208	0x1024a7208	mapped	0x1024a7208
StardewValley.GameData	122	0x0600007b	StardewValley.GameData.WorldMaps.WorldMapTextureData	.ctor	0x2050	NoInlining	Public, HideBySig, SpecialName, RTSpecialName	0x10040b410	0x94826fd7	0x1024a736c	0x1024a736c	mapped	0x1024a736c
StardewValley.GameData	123	0x0600007c	StardewValley.GameData.WorldMaps.WorldMapTooltipData	.ctor	0x2050	NoInlining	Public, HideBySig, SpecialName, RTSpecialName	0x10040b414	0x94826fd7	0x1024a7370	0x1024a7370	mapped	0x1024a7370
StardewValley.GameData	124	0x0600007d	StardewValley.GameData.WildTrees.WildTreeChopItemData	get_MinSize	0x2050	NoInlining	Public, HideBySig, SpecialName	0x10040b418	0x94826fd7	0x1024a7374	0x1024a7374	mapped	0x1024a7374
StardewValley.GameData	125	0x0600007e	StardewValley.GameData.WildTrees.WildTreeChopItemData	set_MinSize	0x2050	NoInlining	Public, HideBySig, SpecialName	0x10040b41c	0x94826fdf	0x1024a7398	0x1024a7398	mapped	0x1024a7398
StardewValley.GameData	126	0x0600007f	StardewValley.GameData.WildTrees.WildTreeChopItemData	get_MaxSize	0x2050	NoInlining	Public, HideBySig, SpecialName	0x10040b420	0x94826fe7	0x1024a73bc	0x1024a73bc	mapped	0x1024a73bc
StardewValley.GameData	127	0x06000080	StardewValley.GameData.WildTrees.WildTreeChopItemData	set_MaxSize	0x2050	NoInlining	Public, HideBySig, SpecialName	0x10040b424	0x94826fef	0x1024a73e0	0x1024a73e0	mapped	0x1024a73e0
StardewValley.GameData	128	0x06000081	StardewValley.GameData.WildTrees.WildTreeChopItemData	get_ForStump	0x2050	NoInlining	Public, HideBySig, SpecialName	0x10040b428	0x94826ff7	0x1024a7404	0x1024a7404	mapped	0x1024a7404
StardewValley.GameData	129	0x06000082	StardewValley.GameData.WildTrees.WildTreeChopItemData	set_ForStump	0x2050	NoInlining	Public, HideBySig, SpecialName	0x10040b42c	0x94826fff	0x1024a7428	0x1024a7428	mapped	0x1024a7428
StardewValley.GameData	130	0x06000083	StardewValley.GameData.WildTrees.WildTreeChopItemData	IsValidForGrowthStage	0x2050	NoInlining	Public, HideBySig	0x10040b430	0x94827007	0x1024a744c	0x1024a744c	mapped	0x1024a744c
StardewValley.GameData	131	0x06000084	StardewValley.GameData.WildTrees.WildTreeChopItemData	.ctor	0x2050	NoInlining	Public, HideBySig, SpecialName, RTSpecialName	0x10040b434	0x94827027	0x1024a74d0	0x1024a74d0	mapped	0x1024a74d0
StardewValley.GameData	132	0x06000085	StardewValley.GameData.WildTrees.WildTreeData	CanBeTapped	0x2050	NoInlining	Public, HideBySig	0x10040b438	0x9482703e	0x1024a7530	0x1024a7530	mapped	0x1024a7530
StardewValley.GameData	133	0x06000086	StardewValley.GameData.WildTrees.WildTreeData	.ctor	0x2050	NoInlining	Public, HideBySig, SpecialName, RTSpecialName	0x10040b43c	0x9482704d	0x1024a7570	0x1024a7570	mapped	0x1024a7570
StardewValley.GameData	134	0x06000087	StardewValley.GameData.WildTrees.WildTreeItemData	get_Season	0x2050	NoInlining	Public, HideBySig, SpecialName	0x10040b440	0x94827067	0x1024a75dc	0x1024a75dc	mapped	0x1024a75dc
StardewValley.GameData	135	0x06000088	StardewValley.GameData.WildTrees.WildTreeItemData	set_Season	0x2050	NoInlining	Public, HideBySig, SpecialName	0x10040b444	0x9482706f	0x1024a7600	0x1024a7600	mapped	0x1024a7600
StardewValley.GameData	136	0x06000089	StardewValley.GameData.WildTrees.WildTreeItemData	get_Chance	0x2050	NoInlining	Public, HideBySig, SpecialName	0x10040b448	0x94827077	0x1024a7624	0x1024a7624	mapped	0x1024a7624
StardewValley.GameData	137	0x0600008a	StardewValley.GameData.WildTrees.WildTreeItemData	set_Chance	0x2050	NoInlining	Public, HideBySig, SpecialName	0x10040b44c	0x9482707f	0x1024a7648	0x1024a7648	mapped	0x1024a7648
StardewValley.GameData	138	0x0600008b	StardewValley.GameData.WildTrees.WildTreeItemData	.ctor	0x2050	NoInlining	Public, HideBySig, SpecialName, RTSpecialName	0x10040b450	0x94827087	0x1024a766c	0x1024a766c	mapped	0x1024a766c
StardewValley.GameData	139	0x0600008c	StardewValley.GameData.WildTrees.WildTreeSeedDropItemData	get_ContinueOnDrop	0x2050	NoInlining	Public, HideBySig, SpecialName	0x10040b454	0x9482709c	0x1024a76c4	0x1024a76c4	mapped	0x1024a76c4
StardewValley.GameData	140	0x0600008d	StardewValley.GameData.WildTrees.WildTreeSeedDropItemData	set_ContinueOnDrop	0x2050	NoInlining	Public, HideBySig, SpecialName	0x10040b458	0x948270a4	0x1024a76e8	0x1024a76e8	mapped	0x1024a76e8
StardewValley.GameData	141	0x0600008e	StardewValley.GameData.WildTrees.WildTreeSeedDropItemData	.ctor	0x2050	NoInlining	Public, HideBySig, SpecialName, RTSpecialName	0x10040b45c	0x948270ac	0x1024a770c	0x1024a770c	mapped	0x1024a770c
StardewValley.GameData	142	0x0600008f	StardewValley.GameData.WildTrees.WildTreeTapItemData	get_PreviousItemId	0x2050	NoInlining	Public, HideBySig, SpecialName	0x10040b460	0x948270b9	0x1024a7744	0x1024a7744	mapped	0x1024a7744
StardewValley.GameData	143	0x06000090	StardewValley.GameData.WildTrees.WildTreeTapItemData	set_PreviousItemId	0x2050	NoInlining	Public, HideBySig, SpecialName	0x10040b464	0x948270c1	0x1024a7768	0x1024a7768	mapped	0x1024a7768
StardewValley.GameData	144	0x06000091	StardewValley.GameData.WildTrees.WildTreeTapItemData	get_DaysUntilReady	0x2050	NoInlining	Public, HideBySig, SpecialName	0x10040b468	0x948270d0	0x1024a77a8	0x1024a77a8	mapped	0x1024a77a8
StardewValley.GameData	145	0x06000092	StardewValley.GameData.WildTrees.WildTreeTapItemData	set_DaysUntilReady	0x2050	NoInlining	Public, HideBySig, SpecialName	0x10040b46c	0x948270d8	0x1024a77cc	0x1024a77cc	mapped	0x1024a77cc
StardewValley.GameData	146	0x06000093	StardewValley.GameData.WildTrees.WildTreeTapItemData	get_DaysUntilReadyModifiers	0x2050	NoInlining	Public, HideBySig, SpecialName	0x10040b470	0x948270e0	0x1024a77f0	0x1024a77f0	mapped	0x1024a77f0
StardewValley.GameData	147	0x06000094	StardewValley.GameData.WildTrees.WildTreeTapItemData	set_DaysUntilReadyModifiers	0x2050	NoInlining	Public, HideBySig, SpecialName	0x10040b474	0x948270e8	0x1024a7814	0x1024a7814	mapped	0x1024a7814
StardewValley.GameData	148	0x06000095	StardewValley.GameData.WildTrees.WildTreeTapItemData	get_DaysUntilReadyModifierMode	0x2050	NoInlining	Public, HideBySig, SpecialName	0x10040b478	0x948270f7	0x1024a7854	0x1024a7854	mapped	0x1024a7854
StardewValley.GameData	149	0x06000096	StardewValley.GameData.WildTrees.WildTreeTapItemData	set_DaysUntilReadyModifierMode	0x2050	NoInlining	Public, HideBySig, SpecialName	0x10040b47c	0x948270ff	0x1024a7878	0x1024a7878	mapped	0x1024a7878
StardewValley.GameData	150	0x06000097	StardewValley.GameData.WildTrees.WildTreeTapItemData	.ctor	0x2050	NoInlining	Public, HideBySig, SpecialName, RTSpecialName	0x10040b480	0x94827107	0x1024a789c	0x1024a789c	mapped	0x1024a789c
StardewValley.GameData	151	0x06000098	StardewValley.GameData.WildTrees.WildTreeTextureData	.ctor	0x2050	NoInlining	Public, HideBySig, SpecialName, RTSpecialName	0x10040b484	0x94827114	0x1024a78d4	0x1024a78d4	mapped	0x1024a78d4
StardewValley.GameData	152	0x06000099	StardewValley.GameData.Weddings.WeddingAttendeeData	.ctor	0x2050	NoInlining	Public, HideBySig, SpecialName, RTSpecialName	0x10040b488	0x94827114	0x1024a78d8	0x1024a78d8	mapped	0x1024a78d8
StardewValley.GameData	153	0x0600009a	StardewValley.GameData.Weddings.WeddingData	.ctor	0x2050	NoInlining	Public, HideBySig, SpecialName, RTSpecialName	0x10040b48c	0x94827114	0x1024a78dc	0x1024a78dc	mapped	0x1024a78dc
StardewValley.GameData	154	0x0600009b	StardewValley.GameData.Weapons.WeaponData	.ctor	0x2050	NoInlining	Public, HideBySig, SpecialName, RTSpecialName	0x10040b490	0x94827114	0x1024a78e0	0x1024a78e0	mapped	0x1024a78e0
StardewValley.GameData	155	0x0600009c	StardewValley.GameData.Weapons.WeaponProjectile	.ctor	0x2050	NoInlining	Public, HideBySig, SpecialName, RTSpecialName	0x10040b494	0x94827126	0x1024a792c	0x1024a792c	mapped	0x1024a792c
StardewValley.GameData	156	0x0600009d	StardewValley.GameData.Tools.ToolData	.ctor	0x2050	NoInlining	Public, HideBySig, SpecialName, RTSpecialName	0x10040b498	0x94827159	0x1024a79fc	0x1024a79fc	mapped	0x1024a79fc
StardewValley.GameData	157	0x0600009e	StardewValley.GameData.Tools.ToolUpgradeData	.ctor	0x2050	NoInlining	Public, HideBySig, SpecialName, RTSpecialName	0x10040b49c	0x94827164	0x1024a7a2c	0x1024a7a2c	mapped	0x1024a7a2c
StardewValley.GameData	158	0x0600009f	StardewValley.GameData.Crafting.TailorItemRecipe	get_Id	0x2050	NoInlining	Public, HideBySig, SpecialName	0x10040b4a0	0x9482716e	0x1024a7a58	0x1024a7a58	mapped	0x1024a7a58
StardewValley.GameData	159	0x060000a0	StardewValley.GameData.Crafting.TailorItemRecipe	set_Id	0x2050	NoInlining	Public, HideBySig, SpecialName	0x10040b4a4	0x94827199	0x1024a7b08	0x1024a7b08	mapped	0x1024a7b08
StardewValley.GameData	160	0x060000a1	StardewValley.GameData.Crafting.TailorItemRecipe	.ctor	0x2050	NoInlining	Public, HideBySig, SpecialName, RTSpecialName	0x10040b4a8	0x948271a8	0x1024a7b48	0x1024a7b48	mapped	0x1024a7b48
StardewValley.GameData	161	0x060000a2	StardewValley.GameData.SpecialOrders.RandomizedElement	.ctor	0x2050	NoInlining	Public, HideBySig, SpecialName, RTSpecialName	0x10040b4ac	0x948271b2	0x1024a7b74	0x1024a7b74	mapped	0x1024a7b74
StardewValley.GameData	162	0x060000a3	StardewValley.GameData.SpecialOrders.RandomizedElementItem	.ctor	0x2050	NoInlining	Public, HideBySig, SpecialName, RTSpecialName	0x10040b4b0	0x948271b2	0x1024a7b78	0x1024a7b78	mapped	0x1024a7b78
StardewValley.GameData	163	0x060000a4	StardewValley.GameData.SpecialOrders.SpecialOrderData	.ctor	0x2050	NoInlining	Public, HideBySig, SpecialName, RTSpecialName	0x10040b4b4	0x948271d5	0x1024a7c08	0x1024a7c08	mapped	0x1024a7c08
StardewValley.GameData	164	0x060000a5	StardewValley.GameData.SpecialOrders.SpecialOrderObjectiveData	.ctor	0x2050	NoInlining	Public, HideBySig, SpecialName, RTSpecialName	0x10040b4b8	0x94827204	0x1024a7cc8	0x1024a7cc8	mapped	0x1024a7cc8
StardewValley.GameData	165	0x060000a6	StardewValley.GameData.SpecialOrders.SpecialOrderRewardData	.ctor	0x2050	NoInlining	Public, HideBySig, SpecialName, RTSpecialName	0x10040b4bc	0x94827204	0x1024a7ccc	0x1024a7ccc	mapped	0x1024a7ccc
StardewValley.GameData	166	0x060000a7	StardewValley.GameData.Shops.ShopData	.ctor	0x2050	NoInlining	Public, HideBySig, SpecialName, RTSpecialName	0x10040b4c0	0x94827204	0x1024a7cd0	0x1024a7cd0	mapped	0x1024a7cd0
StardewValley.GameData	167	0x060000a8	StardewValley.GameData.Shops.ShopDialogueData	.ctor	0x2050	NoInlining	Public, HideBySig, SpecialName, RTSpecialName	0x10040b4c4	0x94827233	0x1024a7d90	0x1024a7d90	mapped	0x1024a7d90
StardewValley.GameData	168	0x060000a9	StardewValley.GameData.Shops.ShopItemData	get_TradeItemId	0x2050	NoInlining	Public, HideBySig, SpecialName	0x10040b4c8	0x94827233	0x1024a7d94	0x1024a7d94	mapped	0x1024a7d94
StardewValley.GameData	169	0x060000aa	StardewValley.GameData.Shops.ShopItemData	set_TradeItemId	0x2050	NoInlining	Public, HideBySig, SpecialName	0x10040b4cc	0x9482723b	0x1024a7db8	0x1024a7db8	mapped	0x1024a7db8
StardewValley.GameData	170	0x060000ab	StardewValley.GameData.Shops.ShopItemData	get_TradeItemAmount	0x2050	NoInlining	Public, HideBySig, SpecialName	0x10040b4d0	0x9482724a	0x1024a7df8	0x1024a7df8	mapped	0x1024a7df8
StardewValley.GameData	171	0x060000ac	StardewValley.GameData.Shops.ShopItemData	set_TradeItemAmount	0x2050	NoInlining	Public, HideBySig, SpecialName	0x10040b4d4	0x94827252	0x1024a7e1c	0x1024a7e1c	mapped	0x1024a7e1c
StardewValley.GameData	172	0x060000ad	StardewValley.GameData.Shops.ShopItemData	get_Price	0x2050	NoInlining	Public, HideBySig, SpecialName	0x10040b4d8	0x9482725a	0x1024a7e40	0x1024a7e40	mapped	0x1024a7e40
StardewValley.GameData	173	0x060000ae	StardewValley.GameData.Shops.ShopItemData	set_Price	0x2050	NoInlining	Public, HideBySig, SpecialName	0x10040b4dc	0x94827262	0x1024a7e64	0x1024a7e64	mapped	0x1024a7e64
StardewValley.GameData	174	0x060000af	StardewValley.GameData.Shops.ShopItemData	get_ApplyProfitMargins	0x2050	NoInlining	Public, HideBySig, SpecialName	0x10040b4e0	0x9482726a	0x1024a7e88	0x1024a7e88	mapped	0x1024a7e88
StardewValley.GameData	175	0x060000b0	StardewValley.GameData.Shops.ShopItemData	set_ApplyProfitMargins	0x2050	NoInlining	Public, HideBySig, SpecialName	0x10040b4e4	0x94827272	0x1024a7eac	0x1024a7eac	mapped	0x1024a7eac
StardewValley.GameData	176	0x060000b1	StardewValley.GameData.Shops.ShopItemData	get_AvailableStock	0x2050	NoInlining	Public, HideBySig, SpecialName	0x10040b4e8	0x9482727a	0x1024a7ed0	0x1024a7ed0	mapped	0x1024a7ed0
StardewValley.GameData	177	0x060000b2	StardewValley.GameData.Shops.ShopItemData	set_AvailableStock	0x2050	NoInlining	Public, HideBySig, SpecialName	0x10040b4ec	0x94827282	0x1024a7ef4	0x1024a7ef4	mapped	0x1024a7ef4
StardewValley.GameData	178	0x060000b3	StardewValley.GameData.Shops.ShopItemData	get_AvailableStockLimit	0x2050	NoInlining	Public, HideBySig, SpecialName	0x10040b4f0	0x9482728a	0x1024a7f18	0x1024a7f18	mapped	0x1024a7f18
StardewValley.GameData	179	0x060000b4	StardewValley.GameData.Shops.ShopItemData	set_AvailableStockLimit	0x2050	NoInlining	Public, HideBySig, SpecialName	0x10040b4f4	0x94827292	0x1024a7f3c	0x1024a7f3c	mapped	0x1024a7f3c
StardewValley.GameData	180	0x060000b5	StardewValley.GameData.Shops.ShopItemData	get_AvoidRepeat	0x2050	NoInlining	Public, HideBySig, SpecialName	0x10040b4f8	0x9482729a	0x1024a7f60	0x1024a7f60	mapped	0x1024a7f60
StardewValley.GameData	181	0x060000b6	StardewValley.GameData.Shops.ShopItemData	set_AvoidRepeat	0x2050	NoInlining	Public, HideBySig, SpecialName	0x10040b4fc	0x948272a2	0x1024a7f84	0x1024a7f84	mapped	0x1024a7f84
StardewValley.GameData	182	0x060000b7	StardewValley.GameData.Shops.ShopItemData	get_UseObjectDataPrice	0x2050	NoInlining	Public, HideBySig, SpecialName	0x10040b500	0x948272aa	0x1024a7fa8	0x1024a7fa8	mapped	0x1024a7fa8
StardewValley.GameData	183	0x060000b8	StardewValley.GameData.Shops.ShopItemData	set_UseObjectDataPrice	0x2050	NoInlining	Public, HideBySig, SpecialName	0x10040b504	0x948272b2	0x1024a7fcc	0x1024a7fcc	mapped	0x1024a7fcc
StardewValley.GameData	184	0x060000b9	StardewValley.GameData.Shops.ShopItemData	get_IgnoreShopPriceModifiers	0x2050	NoInlining	Public, HideBySig, SpecialName	0x10040b508	0x948272ba	0x1024a7ff0	0x1024a7ff0	mapped	0x1024a7ff0
StardewValley.GameData	185	0x060000ba	StardewValley.GameData.Shops.ShopItemData	set_IgnoreShopPriceModifiers	0x2050	NoInlining	Public, HideBySig, SpecialName	0x10040b50c	0x948272c2	0x1024a8014	0x1024a8014	mapped	0x1024a8014
StardewValley.GameData	186	0x060000bb	StardewValley.GameData.Shops.ShopItemData	get_PriceModifiers	0x2050	NoInlining	Public, HideBySig, SpecialName	0x10040b510	0x948272ca	0x1024a8038	0x1024a8038	mapped	0x1024a8038
StardewValley.GameData	187	0x060000bc	StardewValley.GameData.Shops.ShopItemData	set_PriceModifiers	0x2050	NoInlining	Public, HideBySig, SpecialName	0x10040b514	0x948272d2	0x1024a805c	0x1024a805c	mapped	0x1024a805c
StardewValley.GameData	188	0x060000bd	StardewValley.GameData.Shops.ShopItemData	get_PriceModifierMode	0x2050	NoInlining	Public, HideBySig, SpecialName	0x10040b518	0x948272e1	0x1024a809c	0x1024a809c	mapped	0x1024a809c
StardewValley.GameData	189	0x060000be	StardewValley.GameData.Shops.ShopItemData	set_PriceModifierMode	0x2050	NoInlining	Public, HideBySig, SpecialName	0x10040b51c	0x948272e9	0x1024a80c0	0x1024a80c0	mapped	0x1024a80c0
StardewValley.GameData	190	0x060000bf	StardewValley.GameData.Shops.ShopItemData	get_AvailableStockModifiers	0x2050	NoInlining	Public, HideBySig, SpecialName	0x10040b520	0x948272f1	0x1024a80e4	0x1024a80e4	mapped	0x1024a80e4
StardewValley.GameData	191	0x060000c0	StardewValley.GameData.Shops.ShopItemData	set_AvailableStockModifiers	0x2050	NoInlining	Public, HideBySig, SpecialName	0x10040b524	0x948272f9	0x1024a8108	0x1024a8108	mapped	0x1024a8108
StardewValley.GameData	192	0x060000c1	StardewValley.GameData.Shops.ShopItemData	get_AvailableStockModifierMode	0x2050	NoInlining	Public, HideBySig, SpecialName	0x10040b528	0x94827308	0x1024a8148	0x1024a8148	mapped	0x1024a8148
StardewValley.GameData	193	0x060000c2	StardewValley.GameData.Shops.ShopItemData	set_AvailableStockModifierMode	0x2050	NoInlining	Public, HideBySig, SpecialName	0x10040b52c	0x94827310	0x1024a816c	0x1024a816c	mapped	0x1024a816c
StardewValley.GameData	194	0x060000c3	StardewValley.GameData.Shops.ShopItemData	.ctor	0x2050	NoInlining	Public, HideBySig, SpecialName, RTSpecialName	0x10040b530	0x94827318	0x1024a8190	0x1024a8190	mapped	0x1024a8190
StardewValley.GameData	195	0x060000c4	StardewValley.GameData.Shops.ShopOwnerData	get_Id	0x2050	NoInlining	Public, HideBySig, SpecialName	0x10040b534	0x9482732f	0x1024a81f0	0x1024a81f0	mapped	0x1024a81f0
StardewValley.GameData	196	0x060000c5	StardewValley.GameData.Shops.ShopOwnerData	set_Id	0x2050	NoInlining	Public, HideBySig, SpecialName	0x10040b538	0x9482733a	0x1024a8220	0x1024a8220	mapped	0x1024a8220
StardewValley.GameData	197	0x060000c6	StardewValley.GameData.Shops.ShopOwnerData	get_Name	0x2050	NoInlining	Public, HideBySig, SpecialName	0x10040b53c	0x94827349	0x1024a8260	0x1024a8260	mapped	0x1024a8260
StardewValley.GameData	198	0x060000c7	StardewValley.GameData.Shops.ShopOwnerData	set_Name	0x2050	NoInlining	Public, HideBySig, SpecialName	0x10040b540	0x94827351	0x1024a8284	0x1024a8284	mapped	0x1024a8284
StardewValley.GameData	199	0x060000c8	StardewValley.GameData.Shops.ShopOwnerData	get_Type	0x2050	NoInlining	Public, HideBySig, SpecialName	0x10040b544	0x948273aa	0x1024a83ec	0x1024a83ec	mapped	0x1024a83ec
StardewValley.GameData	200	0x060000c9	StardewValley.GameData.Shops.ShopOwnerData	set_Type	0x2050	NoInlining	Private, HideBySig, SpecialName	0x10040b548	0x948273b2	0x1024a8410	0x1024a8410	mapped	0x1024a8410
StardewValley.GameData	201	0x060000ca	StardewValley.GameData.Shops.ShopOwnerData	IsValid	0x2050	NoInlining	Public, HideBySig	0x10040b54c	0x948273ba	0x1024a8434	0x1024a8434	mapped	0x1024a8434
StardewValley.GameData	202	0x060000cb	StardewValley.GameData.Shops.ShopOwnerData	.ctor	0x2050	NoInlining	Public, HideBySig, SpecialName, RTSpecialName	0x10040b550	0x948273e1	0x1024a84d4	0x1024a84d4	mapped	0x1024a84d4
StardewValley.GameData	203	0x060000cc	StardewValley.GameData.Shops.ShopThemeData	.ctor	0x2050	NoInlining	Public, HideBySig, SpecialName, RTSpecialName	0x10040b554	0x948273eb	0x1024a8500	0x1024a8500	mapped	0x1024a8500
StardewValley.GameData	204	0x060000cd	StardewValley.GameData.Shirts.ShirtData	.ctor	0x2050	NoInlining	Public, HideBySig, SpecialName, RTSpecialName	0x10040b558	0x948273eb	0x1024a8504	0x1024a8504	mapped	0x1024a8504
StardewValley.GameData	205	0x060000ce	StardewValley.GameData.Powers.PowersData	.ctor	0x2050	NoInlining	Public, HideBySig, SpecialName, RTSpecialName	0x10040b55c	0x94827419	0x1024a85c0	0x1024a85c0	mapped	0x1024a85c0
StardewValley.GameData	206	0x060000cf	StardewValley.GameData.Pets.PetAnimationFrame	.ctor	0x2050	NoInlining	Public, HideBySig, SpecialName, RTSpecialName	0x10040b560	0x94827436	0x1024a8638	0x1024a8638	mapped	0x1024a8638
StardewValley.GameData	207	0x060000d0	StardewValley.GameData.Pets.PetBehavior	.ctor	0x2050	NoInlining	Public, HideBySig, SpecialName, RTSpecialName	0x10040b564	0x94827440	0x1024a8664	0x1024a8664	mapped	0x1024a8664
StardewValley.GameData	208	0x060000d1	StardewValley.GameData.Pets.PetBehaviorChanges	.ctor	0x2050	NoInlining	Public, HideBySig, SpecialName, RTSpecialName	0x10040b568	0x9482744f	0x1024a86a4	0x1024a86a4	mapped	0x1024a86a4
StardewValley.GameData	209	0x060000d2	StardewValley.GameData.Pets.PetBreed	.ctor	0x2050	NoInlining	Public, HideBySig, SpecialName, RTSpecialName	0x10040b56c	0x94827459	0x1024a86d0	0x1024a86d0	mapped	0x1024a86d0
StardewValley.GameData	210	0x060000d3	StardewValley.GameData.Pets.PetData	GetBreedById	0x2050	NoInlining	Public, HideBySig	0x10040b570	0x94827484	0x1024a8780	0x1024a8780	mapped	0x1024a8780
StardewValley.GameData	211	0x060000d4	StardewValley.GameData.Pets.PetData	.ctor	0x2050	NoInlining	Public, HideBySig, SpecialName, RTSpecialName	0x10040b574	0x9482751c	0x1024a89e4	0x1024a89e4	mapped	0x1024a89e4
StardewValley.GameData	212	0x060000d5	StardewValley.GameData.Pets.PetGift	get_MinimumFriendshipThreshold	0x2050	NoInlining	Public, HideBySig, SpecialName	0x10040b578	0x9482755e	0x1024a8af0	0x1024a8af0	mapped	0x1024a8af0
StardewValley.GameData	213	0x060000d6	StardewValley.GameData.Pets.PetGift	set_MinimumFriendshipThreshold	0x2050	NoInlining	Public, HideBySig, SpecialName	0x10040b57c	0x94827566	0x1024a8b14	0x1024a8b14	mapped	0x1024a8b14
StardewValley.GameData	214	0x060000d7	StardewValley.GameData.Pets.PetGift	get_Weight	0x2050	NoInlining	Public, HideBySig, SpecialName	0x10040b580	0x9482756e	0x1024a8b38	0x1024a8b38	mapped	0x1024a8b38
StardewValley.GameData	215	0x060000d8	StardewValley.GameData.Pets.PetGift	set_Weight	0x2050	NoInlining	Public, HideBySig, SpecialName	0x10040b584	0x94827576	0x1024a8b5c	0x1024a8b5c	mapped	0x1024a8b5c
StardewValley.GameData	216	0x060000d9	StardewValley.GameData.Pets.PetGift	get_QualifiedItemID	0x2050	NoInlining	Public, HideBySig, SpecialName	0x10040b588	0x9482757e	0x1024a8b80	0x1024a8b80	mapped	0x1024a8b80
StardewValley.GameData	217	0x060000da	StardewValley.GameData.Pets.PetGift	set_QualifiedItemID	0x2050	NoInlining	Public, HideBySig, SpecialName	0x10040b58c	0x9482757f	0x1024a8b88	0x1024a8b88	mapped	0x1024a8b88
StardewValley.GameData	218	0x060000db	StardewValley.GameData.Pets.PetGift	get_Stack	0x2050	NoInlining	Public, HideBySig, SpecialName	0x10040b590	0x94827593	0x1024a8bdc	0x1024a8bdc	mapped	0x1024a8bdc
StardewValley.GameData	219	0x060000dc	StardewValley.GameData.Pets.PetGift	set_Stack	0x2050	NoInlining	Public, HideBySig, SpecialName	0x10040b594	0x94827594	0x1024a8be4	0x1024a8be4	mapped	0x1024a8be4
StardewValley.GameData	220	0x060000dd	StardewValley.GameData.Pets.PetGift	.ctor	0x2050	NoInlining	Public, HideBySig, SpecialName, RTSpecialName	0x10040b598	0x948275a5	0x1024a8c2c	0x1024a8c2c	mapped	0x1024a8c2c
StardewValley.GameData	221	0x060000de	StardewValley.GameData.Pets.PetSummitPerfectionEventData	.ctor	0x2050	NoInlining	Public, HideBySig, SpecialName, RTSpecialName	0x10040b59c	0x948275bb	0x1024a8c88	0x1024a8c88	mapped	0x1024a8c88
StardewValley.GameData	222	0x060000df	StardewValley.GameData.Pants.PantsData	.ctor	0x2050	NoInlining	Public, HideBySig, SpecialName, RTSpecialName	0x10040b5a0	0x948275bb	0x1024a8c8c	0x1024a8c8c	mapped	0x1024a8c8c
StardewValley.GameData	223	0x060000e0	StardewValley.GameData.Objects.ObjectBuffData	get_Id	0x2050	NoInlining	Public, HideBySig, SpecialName	0x10040b5a4	0x948275ef	0x1024a8d60	0x1024a8d60	mapped	0x1024a8d60
StardewValley.GameData	224	0x060000e1	StardewValley.GameData.Objects.ObjectBuffData	set_Id	0x2050	NoInlining	Public, HideBySig, SpecialName	0x10040b5a8	0x948275fa	0x1024a8d90	0x1024a8d90	mapped	0x1024a8d90
StardewValley.GameData	225	0x060000e2	StardewValley.GameData.Objects.ObjectBuffData	get_BuffId	0x2050	NoInlining	Public, HideBySig, SpecialName	0x10040b5ac	0x94827609	0x1024a8dd0	0x1024a8dd0	mapped	0x1024a8dd0
StardewValley.GameData	226	0x060000e3	StardewValley.GameData.Objects.ObjectBuffData	set_BuffId	0x2050	NoInlining	Public, HideBySig, SpecialName	0x10040b5b0	0x94827611	0x1024a8df4	0x1024a8df4	mapped	0x1024a8df4
StardewValley.GameData	227	0x060000e4	StardewValley.GameData.Objects.ObjectBuffData	get_IconTexture	0x2050	NoInlining	Public, HideBySig, SpecialName	0x10040b5b4	0x94827620	0x1024a8e34	0x1024a8e34	mapped	0x1024a8e34
StardewValley.GameData	228	0x060000e5	StardewValley.GameData.Objects.ObjectBuffData	set_IconTexture	0x2050	NoInlining	Public, HideBySig, SpecialName	0x10040b5b8	0x94827628	0x1024a8e58	0x1024a8e58	mapped	0x1024a8e58
StardewValley.GameData	229	0x060000e6	StardewValley.GameData.Objects.ObjectBuffData	get_IconSpriteIndex	0x2050	NoInlining	Public, HideBySig, SpecialName	0x10040b5bc	0x94827637	0x1024a8e98	0x1024a8e98	mapped	0x1024a8e98
StardewValley.GameData	230	0x060000e7	StardewValley.GameData.Objects.ObjectBuffData	set_IconSpriteIndex	0x2050	NoInlining	Public, HideBySig, SpecialName	0x10040b5c0	0x9482763f	0x1024a8ebc	0x1024a8ebc	mapped	0x1024a8ebc
StardewValley.GameData	231	0x060000e8	StardewValley.GameData.Objects.ObjectBuffData	get_Duration	0x2050	NoInlining	Public, HideBySig, SpecialName	0x10040b5c4	0x94827647	0x1024a8ee0	0x1024a8ee0	mapped	0x1024a8ee0
StardewValley.GameData	232	0x060000e9	StardewValley.GameData.Objects.ObjectBuffData	set_Duration	0x2050	NoInlining	Public, HideBySig, SpecialName	0x10040b5c8	0x9482764f	0x1024a8f04	0x1024a8f04	mapped	0x1024a8f04
StardewValley.GameData	233	0x060000ea	StardewValley.GameData.Objects.ObjectBuffData	get_IsDebuff	0x2050	NoInlining	Public, HideBySig, SpecialName	0x10040b5cc	0x94827657	0x1024a8f28	0x1024a8f28	mapped	0x1024a8f28
StardewValley.GameData	234	0x060000eb	StardewValley.GameData.Objects.ObjectBuffData	set_IsDebuff	0x2050	NoInlining	Public, HideBySig, SpecialName	0x10040b5d0	0x9482765f	0x1024a8f4c	0x1024a8f4c	mapped	0x1024a8f4c
StardewValley.GameData	235	0x060000ec	StardewValley.GameData.Objects.ObjectBuffData	get_GlowColor	0x2050	NoInlining	Public, HideBySig, SpecialName	0x10040b5d4	0x94827667	0x1024a8f70	0x1024a8f70	mapped	0x1024a8f70
StardewValley.GameData	236	0x060000ed	StardewValley.GameData.Objects.ObjectBuffData	set_GlowColor	0x2050	NoInlining	Public, HideBySig, SpecialName	0x10040b5d8	0x9482766f	0x1024a8f94	0x1024a8f94	mapped	0x1024a8f94
StardewValley.GameData	237	0x060000ee	StardewValley.GameData.Objects.ObjectBuffData	get_CustomAttributes	0x2050	NoInlining	Public, HideBySig, SpecialName	0x10040b5dc	0x9482767e	0x1024a8fd4	0x1024a8fd4	mapped	0x1024a8fd4
StardewValley.GameData	238	0x060000ef	StardewValley.GameData.Objects.ObjectBuffData	set_CustomAttributes	0x2050	NoInlining	Public, HideBySig, SpecialName	0x10040b5e0	0x94827686	0x1024a8ff8	0x1024a8ff8	mapped	0x1024a8ff8
StardewValley.GameData	239	0x060000f0	StardewValley.GameData.Objects.ObjectBuffData	get_CustomFields	0x2050	NoInlining	Public, HideBySig, SpecialName	0x10040b5e4	0x94827695	0x1024a9038	0x1024a9038	mapped	0x1024a9038
StardewValley.GameData	240	0x060000f1	StardewValley.GameData.Objects.ObjectBuffData	set_CustomFields	0x2050	NoInlining	Public, HideBySig, SpecialName	0x10040b5e8	0x9482769d	0x1024a905c	0x1024a905c	mapped	0x1024a905c
StardewValley.GameData	241	0x060000f2	StardewValley.GameData.Objects.ObjectBuffData	.ctor	0x2050	NoInlining	Public, HideBySig, SpecialName, RTSpecialName	0x10040b5ec	0x948276ac	0x1024a909c	0x1024a909c	mapped	0x1024a909c
StardewValley.GameData	242	0x060000f3	StardewValley.GameData.Objects.ObjectData	.ctor	0x2050	NoInlining	Public, HideBySig, SpecialName, RTSpecialName	0x10040b5f0	0x948276ac	0x1024a90a0	0x1024a90a0	mapped	0x1024a90a0
StardewValley.GameData	243	0x060000f4	StardewValley.GameData.Objects.ObjectGeodeDropData	get_Chance	0x2050	NoInlining	Public, HideBySig, SpecialName	0x10040b5f4	0x948276b8	0x1024a90d4	0x1024a90d4	mapped	0x1024a90d4
StardewValley.GameData	244	0x060000f5	StardewValley.GameData.Objects.ObjectGeodeDropData	set_Chance	0x2050	NoInlining	Public, HideBySig, SpecialName	0x10040b5f8	0x948276c0	0x1024a90f8	0x1024a90f8	mapped	0x1024a90f8
StardewValley.GameData	245	0x060000f6	StardewValley.GameData.Objects.ObjectGeodeDropData	get_SetFlagOnPickup	0x2050	NoInlining	Public, HideBySig, SpecialName	0x10040b5fc	0x948276c8	0x1024a911c	0x1024a911c	mapped	0x1024a911c
StardewValley.GameData	246	0x060000f7	StardewValley.GameData.Objects.ObjectGeodeDropData	set_SetFlagOnPickup	0x2050	NoInlining	Public, HideBySig, SpecialName	0x10040b600	0x948276d0	0x1024a9140	0x1024a9140	mapped	0x1024a9140
StardewValley.GameData	247	0x060000f8	StardewValley.GameData.Objects.ObjectGeodeDropData	get_Precedence	0x2050	NoInlining	Public, HideBySig, SpecialName	0x10040b604	0x948276df	0x1024a9180	0x1024a9180	mapped	0x1024a9180
StardewValley.GameData	248	0x060000f9	StardewValley.GameData.Objects.ObjectGeodeDropData	set_Precedence	0x2050	NoInlining	Public, HideBySig, SpecialName	0x10040b608	0x948276e7	0x1024a91a4	0x1024a91a4	mapped	0x1024a91a4
StardewValley.GameData	249	0x060000fa	StardewValley.GameData.Objects.ObjectGeodeDropData	.ctor	0x2050	NoInlining	Public, HideBySig, SpecialName, RTSpecialName	0x10040b60c	0x948276ef	0x1024a91c8	0x1024a91c8	mapped	0x1024a91c8
StardewValley.GameData	250	0x060000fb	StardewValley.GameData.Museum.MuseumDonationRequirement	.ctor	0x2050	NoInlining	Public, HideBySig, SpecialName, RTSpecialName	0x10040b610	0x94827704	0x1024a9220	0x1024a9220	mapped	0x1024a9220
StardewValley.GameData	251	0x060000fc	StardewValley.GameData.Museum.MuseumRewards	.ctor	0x2050	NoInlining	Public, HideBySig, SpecialName, RTSpecialName	0x10040b614	0x94827704	0x1024a9224	0x1024a9224	mapped	0x1024a9224
StardewValley.GameData	252	0x060000fd	StardewValley.GameData.Movies.CharacterResponse	.ctor	0x2050	NoInlining	Public, HideBySig, SpecialName, RTSpecialName	0x10040b618	0x9482770e	0x1024a9250	0x1024a9250	mapped	0x1024a9250
StardewValley.GameData	253	0x060000fe	StardewValley.GameData.Movies.ConcessionItemData	.ctor	0x2050	NoInlining	Public, HideBySig, SpecialName, RTSpecialName	0x10040b61c	0x9482770e	0x1024a9254	0x1024a9254	mapped	0x1024a9254
StardewValley.GameData	254	0x060000ff	StardewValley.GameData.Movies.ConcessionTaste	get_Id	0x2050	NoInlining	Public, HideBySig, SpecialName	0x10040b620	0x9482770e	0x1024a9258	0x1024a9258	mapped	0x1024a9258
StardewValley.GameData	255	0x06000100	StardewValley.GameData.Movies.ConcessionTaste	get_Name	0x2050	NoInlining	Public, HideBySig, SpecialName	0x10040b624	0x94827716	0x1024a927c	0x1024a927c	mapped	0x1024a927c
StardewValley.GameData	256	0x06000101	StardewValley.GameData.Movies.ConcessionTaste	set_Name	0x2050	NoInlining	Public, HideBySig, SpecialName	0x10040b628	0x9482771e	0x1024a92a0	0x1024a92a0	mapped	0x1024a92a0
StardewValley.GameData	257	0x06000102	StardewValley.GameData.Movies.ConcessionTaste	get_LovedTags	0x2050	NoInlining	Public, HideBySig, SpecialName	0x10040b62c	0x9482772d	0x1024a92e0	0x1024a92e0	mapped	0x1024a92e0
StardewValley.GameData	258	0x06000103	StardewValley.GameData.Movies.ConcessionTaste	set_LovedTags	0x2050	NoInlining	Public, HideBySig, SpecialName	0x10040b630	0x94827735	0x1024a9304	0x1024a9304	mapped	0x1024a9304
StardewValley.GameData	259	0x06000104	StardewValley.GameData.Movies.ConcessionTaste	get_LikedTags	0x2050	NoInlining	Public, HideBySig, SpecialName	0x10040b634	0x94827744	0x1024a9344	0x1024a9344	mapped	0x1024a9344
StardewValley.GameData	260	0x06000105	StardewValley.GameData.Movies.ConcessionTaste	set_LikedTags	0x2050	NoInlining	Public, HideBySig, SpecialName	0x10040b638	0x9482774c	0x1024a9368	0x1024a9368	mapped	0x1024a9368
StardewValley.GameData	261	0x06000106	StardewValley.GameData.Movies.ConcessionTaste	get_DislikedTags	0x2050	NoInlining	Public, HideBySig, SpecialName	0x10040b63c	0x9482775b	0x1024a93a8	0x1024a93a8	mapped	0x1024a93a8
StardewValley.GameData	262	0x06000107	StardewValley.GameData.Movies.ConcessionTaste	set_DislikedTags	0x2050	NoInlining	Public, HideBySig, SpecialName	0x10040b640	0x94827763	0x1024a93cc	0x1024a93cc	mapped	0x1024a93cc
StardewValley.GameData	263	0x06000108	StardewValley.GameData.Movies.ConcessionTaste	.ctor	0x2050	NoInlining	Public, HideBySig, SpecialName, RTSpecialName	0x10040b644	0x94827772	0x1024a940c	0x1024a940c	mapped	0x1024a940c
StardewValley.GameData	264	0x06000109	StardewValley.GameData.Movies.MovieCharacterReaction	get_Id	0x2050	NoInlining	Public, HideBySig, SpecialName	0x10040b648	0x94827772	0x1024a9410	0x1024a9410	mapped	0x1024a9410
StardewValley.GameData	265	0x0600010a	StardewValley.GameData.Movies.MovieCharacterReaction	get_NPCName	0x2050	NoInlining	Public, HideBySig, SpecialName	0x10040b64c	0x9482777a	0x1024a9434	0x1024a9434	mapped	0x1024a9434
StardewValley.GameData	266	0x0600010b	StardewValley.GameData.Movies.MovieCharacterReaction	set_NPCName	0x2050	NoInlining	Public, HideBySig, SpecialName	0x10040b650	0x94827782	0x1024a9458	0x1024a9458	mapped	0x1024a9458
StardewValley.GameData	267	0x0600010c	StardewValley.GameData.Movies.MovieCharacterReaction	get_Reactions	0x2050	NoInlining	Public, HideBySig, SpecialName	0x10040b654	0x94827791	0x1024a9498	0x1024a9498	mapped	0x1024a9498
StardewValley.GameData	268	0x0600010d	StardewValley.GameData.Movies.MovieCharacterReaction	set_Reactions	0x2050	NoInlining	Public, HideBySig, SpecialName	0x10040b658	0x94827799	0x1024a94bc	0x1024a94bc	mapped	0x1024a94bc
StardewValley.GameData	269	0x0600010e	StardewValley.GameData.Movies.MovieCharacterReaction	.ctor	0x2050	NoInlining	Public, HideBySig, SpecialName, RTSpecialName	0x10040b65c	0x948277a8	0x1024a94fc	0x1024a94fc	mapped	0x1024a94fc
StardewValley.GameData	270	0x0600010f	StardewValley.GameData.Movies.MovieCranePrizeData	get_Rarity	0x2050	NoInlining	Public, HideBySig, SpecialName	0x10040b660	0x948277a8	0x1024a9500	0x1024a9500	mapped	0x1024a9500
StardewValley.GameData	271	0x06000110	StardewValley.GameData.Movies.MovieCranePrizeData	set_Rarity	0x2050	NoInlining	Public, HideBySig, SpecialName	0x10040b664	0x948277b0	0x1024a9524	0x1024a9524	mapped	0x1024a9524
StardewValley.GameData	272	0x06000111	StardewValley.GameData.Movies.MovieCranePrizeData	.ctor	0x2050	NoInlining	Public, HideBySig, SpecialName, RTSpecialName	0x10040b668	0x948277b8	0x1024a9548	0x1024a9548	mapped	0x1024a9548
StardewValley.GameData	273	0x06000112	StardewValley.GameData.Movies.MovieData	.ctor	0x2050	NoInlining	Public, HideBySig, SpecialName, RTSpecialName	0x10040b66c	0x948277cd	0x1024a95a0	0x1024a95a0	mapped	0x1024a95a0
StardewValley.GameData	274	0x06000113	StardewValley.GameData.Movies.MovieReaction	ShouldApplyToMovie	0x2050	NoInlining	Public, HideBySig	0x10040b670	0x9482780d	0x1024a96a4	0x1024a96a4	mapped	0x1024a96a4
StardewValley.GameData	275	0x06000114	StardewValley.GameData.Movies.MovieReaction	.ctor	0x2050	NoInlining	Public, HideBySig, SpecialName, RTSpecialName	0x10040b674	0x948278b0	0x1024a9934	0x1024a9934	mapped	0x1024a9934
StardewValley.GameData	276	0x06000115	StardewValley.GameData.Movies.MovieScene	.ctor	0x2050	NoInlining	Public, HideBySig, SpecialName, RTSpecialName	0x10040b678	0x948278ed	0x1024a9a2c	0x1024a9a2c	mapped	0x1024a9a2c
StardewValley.GameData	277	0x06000116	StardewValley.GameData.Movies.SpecialResponses	.ctor	0x2050	NoInlining	Public, HideBySig, SpecialName, RTSpecialName	0x10040b67c	0x948278f8	0x1024a9a5c	0x1024a9a5c	mapped	0x1024a9a5c
StardewValley.GameData	278	0x06000117	StardewValley.GameData.Minecarts.MinecartDestinationData	.ctor	0x2050	NoInlining	Public, HideBySig, SpecialName, RTSpecialName	0x10040b680	0x948278f8	0x1024a9a60	0x1024a9a60	mapped	0x1024a9a60
StardewValley.GameData	279	0x06000118	StardewValley.GameData.Minecarts.MinecartNetworkData	.ctor	0x2050	NoInlining	Public, HideBySig, SpecialName, RTSpecialName	0x10040b684	0x948278f8	0x1024a9a64	0x1024a9a64	mapped	0x1024a9a64
StardewValley.GameData	280	0x06000119	StardewValley.GameData.MakeoverOutfits.MakeoverItem	MatchesGender	0x2050	NoInlining	Public, HideBySig	0x10040b688	0x948278f8	0x1024a9a68	0x1024a9a68	mapped	0x1024a9a68
StardewValley.GameData	281	0x0600011a	StardewValley.GameData.MakeoverOutfits.MakeoverItem	.ctor	0x2050	NoInlining	Public, HideBySig, SpecialName, RTSpecialName	0x10040b68c	0x94827908	0x1024a9aac	0x1024a9aac	mapped	0x1024a9aac
StardewValley.GameData	282	0x0600011b	StardewValley.GameData.MakeoverOutfits.MakeoverOutfit	.ctor	0x2050	NoInlining	Public, HideBySig, SpecialName, RTSpecialName	0x10040b690	0x94827908	0x1024a9ab0	0x1024a9ab0	mapped	0x1024a9ab0
StardewValley.GameData	283	0x0600011c	StardewValley.GameData.Machines.MachineData	.ctor	0x2050	NoInlining	Public, HideBySig, SpecialName, RTSpecialName	0x10040b694	0x94827908	0x1024a9ab4	0x1024a9ab4	mapped	0x1024a9ab4
StardewValley.GameData	284	0x0600011d	StardewValley.GameData.Machines.MachineEffects	.ctor	0x2050	NoInlining	Public, HideBySig, SpecialName, RTSpecialName	0x10040b698	0x94827916	0x1024a9af0	0x1024a9af0	mapped	0x1024a9af0
StardewValley.GameData	285	0x0600011e	StardewValley.GameData.Machines.MachineItemAdditionalConsumedItems	.ctor	0x2050	NoInlining	Public, HideBySig, SpecialName, RTSpecialName	0x10040b69c	0x94827921	0x1024a9b20	0x1024a9b20	mapped	0x1024a9b20
StardewValley.GameData	286	0x0600011f	StardewValley.GameData.Machines.MachineItemOutput	get_OutputMethod	0x2050	NoInlining	Public, HideBySig, SpecialName	0x10040b6a0	0x9482792b	0x1024a9b4c	0x1024a9b4c	mapped	0x1024a9b4c
StardewValley.GameData	287	0x06000120	StardewValley.GameData.Machines.MachineItemOutput	set_OutputMethod	0x2050	NoInlining	Public, HideBySig, SpecialName	0x10040b6a4	0x94827933	0x1024a9b70	0x1024a9b70	mapped	0x1024a9b70
StardewValley.GameData	288	0x06000121	StardewValley.GameData.Machines.MachineItemOutput	get_CopyColor	0x2050	NoInlining	Public, HideBySig, SpecialName	0x10040b6a8	0x94827942	0x1024a9bb0	0x1024a9bb0	mapped	0x1024a9bb0
StardewValley.GameData	289	0x06000122	StardewValley.GameData.Machines.MachineItemOutput	set_CopyColor	0x2050	NoInlining	Public, HideBySig, SpecialName	0x10040b6ac	0x9482794a	0x1024a9bd4	0x1024a9bd4	mapped	0x1024a9bd4
StardewValley.GameData	290	0x06000123	StardewValley.GameData.Machines.MachineItemOutput	get_CopyPrice	0x2050	NoInlining	Public, HideBySig, SpecialName	0x10040b6b0	0x94827952	0x1024a9bf8	0x1024a9bf8	mapped	0x1024a9bf8
StardewValley.GameData	291	0x06000124	StardewValley.GameData.Machines.MachineItemOutput	set_CopyPrice	0x2050	NoInlining	Public, HideBySig, SpecialName	0x10040b6b4	0x9482795a	0x1024a9c1c	0x1024a9c1c	mapped	0x1024a9c1c
StardewValley.GameData	292	0x06000125	StardewValley.GameData.Machines.MachineItemOutput	get_CopyQuality	0x2050	NoInlining	Public, HideBySig, SpecialName	0x10040b6b8	0x94827962	0x1024a9c40	0x1024a9c40	mapped	0x1024a9c40
StardewValley.GameData	293	0x06000126	StardewValley.GameData.Machines.MachineItemOutput	set_CopyQuality	0x2050	NoInlining	Public, HideBySig, SpecialName	0x10040b6bc	0x9482796a	0x1024a9c64	0x1024a9c64	mapped	0x1024a9c64
StardewValley.GameData	294	0x06000127	StardewValley.GameData.Machines.MachineItemOutput	get_PreserveType	0x2050	NoInlining	Public, HideBySig, SpecialName	0x10040b6c0	0x94827972	0x1024a9c88	0x1024a9c88	mapped	0x1024a9c88
StardewValley.GameData	295	0x06000128	StardewValley.GameData.Machines.MachineItemOutput	set_PreserveType	0x2050	NoInlining	Public, HideBySig, SpecialName	0x10040b6c4	0x9482797a	0x1024a9cac	0x1024a9cac	mapped	0x1024a9cac
StardewValley.GameData	296	0x06000129	StardewValley.GameData.Machines.MachineItemOutput	get_PreserveId	0x2050	NoInlining	Public, HideBySig, SpecialName	0x10040b6c8	0x94827989	0x1024a9cec	0x1024a9cec	mapped	0x1024a9cec
StardewValley.GameData	297	0x0600012a	StardewValley.GameData.Machines.MachineItemOutput	set_PreserveId	0x2050	NoInlining	Public, HideBySig, SpecialName	0x10040b6cc	0x94827991	0x1024a9d10	0x1024a9d10	mapped	0x1024a9d10
StardewValley.GameData	298	0x0600012b	StardewValley.GameData.Machines.MachineItemOutput	get_IncrementMachineParentSheetIndex	0x2050	NoInlining	Public, HideBySig, SpecialName	0x10040b6d0	0x948279a0	0x1024a9d50	0x1024a9d50	mapped	0x1024a9d50
StardewValley.GameData	299	0x0600012c	StardewValley.GameData.Machines.MachineItemOutput	set_IncrementMachineParentSheetIndex	0x2050	NoInlining	Public, HideBySig, SpecialName	0x10040b6d4	0x948279a8	0x1024a9d74	0x1024a9d74	mapped	0x1024a9d74
StardewValley.GameData	300	0x0600012d	StardewValley.GameData.Machines.MachineItemOutput	get_PriceModifiers	0x2050	NoInlining	Public, HideBySig, SpecialName	0x10040b6d8	0x948279b0	0x1024a9d98	0x1024a9d98	mapped	0x1024a9d98
StardewValley.GameData	301	0x0600012e	StardewValley.GameData.Machines.MachineItemOutput	set_PriceModifiers	0x2050	NoInlining	Public, HideBySig, SpecialName	0x10040b6dc	0x948279b8	0x1024a9dbc	0x1024a9dbc	mapped	0x1024a9dbc
StardewValley.GameData	302	0x0600012f	StardewValley.GameData.Machines.MachineItemOutput	get_PriceModifierMode	0x2050	NoInlining	Public, HideBySig, SpecialName	0x10040b6e0	0x948279c7	0x1024a9dfc	0x1024a9dfc	mapped	0x1024a9dfc
StardewValley.GameData	303	0x06000130	StardewValley.GameData.Machines.MachineItemOutput	set_PriceModifierMode	0x2050	NoInlining	Public, HideBySig, SpecialName	0x10040b6e4	0x948279cf	0x1024a9e20	0x1024a9e20	mapped	0x1024a9e20
StardewValley.GameData	304	0x06000131	StardewValley.GameData.Machines.MachineItemOutput	.ctor	0x2050	NoInlining	Public, HideBySig, SpecialName, RTSpecialName	0x10040b6e8	0x948279d7	0x1024a9e44	0x1024a9e44	mapped	0x1024a9e44
StardewValley.GameData	305	0x06000132	StardewValley.GameData.Machines.MachineLight	.ctor	0x2050	NoInlining	Public, HideBySig, SpecialName, RTSpecialName	0x10040b6ec	0x948279e4	0x1024a9e7c	0x1024a9e7c	mapped	0x1024a9e7c
StardewValley.GameData	306	0x06000133	StardewValley.GameData.Machines.MachineOutputRule	.ctor	0x2050	NoInlining	Public, HideBySig, SpecialName, RTSpecialName	0x10040b6f0	0x948279ee	0x1024a9ea8	0x1024a9ea8	mapped	0x1024a9ea8
StardewValley.GameData	307	0x06000134	StardewValley.GameData.Machines.MachineOutputTriggerRule	get_Id	0x2050	NoInlining	Public, HideBySig, SpecialName	0x10040b6f4	0x948279f8	0x1024a9ed4	0x1024a9ed4	mapped	0x1024a9ed4
StardewValley.GameData	308	0x06000135	StardewValley.GameData.Machines.MachineOutputTriggerRule	set_Id	0x2050	NoInlining	Public, HideBySig, SpecialName	0x10040b6f8	0x94827a1d	0x1024a9f6c	0x1024a9f6c	mapped	0x1024a9f6c
StardewValley.GameData	309	0x06000136	StardewValley.GameData.Machines.MachineOutputTriggerRule	get_Trigger	0x2050	NoInlining	Public, HideBySig, SpecialName	0x10040b6fc	0x94827a2c	0x1024a9fac	0x1024a9fac	mapped	0x1024a9fac
StardewValley.GameData	310	0x06000137	StardewValley.GameData.Machines.MachineOutputTriggerRule	set_Trigger	0x2050	NoInlining	Public, HideBySig, SpecialName	0x10040b700	0x94827a34	0x1024a9fd0	0x1024a9fd0	mapped	0x1024a9fd0
StardewValley.GameData	311	0x06000138	StardewValley.GameData.Machines.MachineOutputTriggerRule	get_RequiredItemId	0x2050	NoInlining	Public, HideBySig, SpecialName	0x10040b704	0x94827a3c	0x1024a9ff4	0x1024a9ff4	mapped	0x1024a9ff4
StardewValley.GameData	312	0x06000139	StardewValley.GameData.Machines.MachineOutputTriggerRule	set_RequiredItemId	0x2050	NoInlining	Public, HideBySig, SpecialName	0x10040b708	0x94827a44	0x1024aa018	0x1024aa018	mapped	0x1024aa018
StardewValley.GameData	313	0x0600013a	StardewValley.GameData.Machines.MachineOutputTriggerRule	get_RequiredTags	0x2050	NoInlining	Public, HideBySig, SpecialName	0x10040b70c	0x94827a53	0x1024aa058	0x1024aa058	mapped	0x1024aa058
StardewValley.GameData	314	0x0600013b	StardewValley.GameData.Machines.MachineOutputTriggerRule	set_RequiredTags	0x2050	NoInlining	Public, HideBySig, SpecialName	0x10040b710	0x94827a5b	0x1024aa07c	0x1024aa07c	mapped	0x1024aa07c
StardewValley.GameData	315	0x0600013c	StardewValley.GameData.Machines.MachineOutputTriggerRule	get_RequiredCount	0x2050	NoInlining	Public, HideBySig, SpecialName	0x10040b714	0x94827a6a	0x1024aa0bc	0x1024aa0bc	mapped	0x1024aa0bc
StardewValley.GameData	316	0x0600013d	StardewValley.GameData.Machines.MachineOutputTriggerRule	set_RequiredCount	0x2050	NoInlining	Public, HideBySig, SpecialName	0x10040b718	0x94827a72	0x1024aa0e0	0x1024aa0e0	mapped	0x1024aa0e0
StardewValley.GameData	317	0x0600013e	StardewValley.GameData.Machines.MachineOutputTriggerRule	get_Condition	0x2050	NoInlining	Public, HideBySig, SpecialName	0x10040b71c	0x94827a7a	0x1024aa104	0x1024aa104	mapped	0x1024aa104
StardewValley.GameData	318	0x0600013f	StardewValley.GameData.Machines.MachineOutputTriggerRule	set_Condition	0x2050	NoInlining	Public, HideBySig, SpecialName	0x10040b720	0x94827a82	0x1024aa128	0x1024aa128	mapped	0x1024aa128
StardewValley.GameData	319	0x06000140	StardewValley.GameData.Machines.MachineOutputTriggerRule	.ctor	0x2050	NoInlining	Public, HideBySig, SpecialName, RTSpecialName	0x10040b724	0x94827a91	0x1024aa168	0x1024aa168	mapped	0x1024aa168
StardewValley.GameData	320	0x06000141	StardewValley.GameData.Machines.MachineSoundData	.ctor	0x2050	NoInlining	Public, HideBySig, SpecialName, RTSpecialName	0x10040b728	0x94827a9b	0x1024aa194	0x1024aa194	mapped	0x1024aa194
StardewValley.GameData	321	0x06000142	StardewValley.GameData.Locations.ArtifactSpotDropData	get_Chance	0x2050	NoInlining	Public, HideBySig, SpecialName	0x10040b72c	0x94827a9b	0x1024aa198	0x1024aa198	mapped	0x1024aa198
StardewValley.GameData	322	0x06000143	StardewValley.GameData.Locations.ArtifactSpotDropData	set_Chance	0x2050	NoInlining	Public, HideBySig, SpecialName	0x10040b730	0x94827aa3	0x1024aa1bc	0x1024aa1bc	mapped	0x1024aa1bc
StardewValley.GameData	323	0x06000144	StardewValley.GameData.Locations.ArtifactSpotDropData	get_ApplyGenerousEnchantment	0x2050	NoInlining	Public, HideBySig, SpecialName	0x10040b734	0x94827aab	0x1024aa1e0	0x1024aa1e0	mapped	0x1024aa1e0
StardewValley.GameData	324	0x06000145	StardewValley.GameData.Locations.ArtifactSpotDropData	set_ApplyGenerousEnchantment	0x2050	NoInlining	Public, HideBySig, SpecialName	0x10040b738	0x94827ab3	0x1024aa204	0x1024aa204	mapped	0x1024aa204
StardewValley.GameData	325	0x06000146	StardewValley.GameData.Locations.ArtifactSpotDropData	get_OneDebrisPerDrop	0x2050	NoInlining	Public, HideBySig, SpecialName	0x10040b73c	0x94827abb	0x1024aa228	0x1024aa228	mapped	0x1024aa228
StardewValley.GameData	326	0x06000147	StardewValley.GameData.Locations.ArtifactSpotDropData	set_OneDebrisPerDrop	0x2050	NoInlining	Public, HideBySig, SpecialName	0x10040b740	0x94827ac3	0x1024aa24c	0x1024aa24c	mapped	0x1024aa24c
StardewValley.GameData	327	0x06000148	StardewValley.GameData.Locations.ArtifactSpotDropData	get_Precedence	0x2050	NoInlining	Public, HideBySig, SpecialName	0x10040b744	0x94827acb	0x1024aa270	0x1024aa270	mapped	0x1024aa270
StardewValley.GameData	328	0x06000149	StardewValley.GameData.Locations.ArtifactSpotDropData	set_Precedence	0x2050	NoInlining	Public, HideBySig, SpecialName	0x10040b748	0x94827ad3	0x1024aa294	0x1024aa294	mapped	0x1024aa294
StardewValley.GameData	329	0x0600014a	StardewValley.GameData.Locations.ArtifactSpotDropData	get_ContinueOnDrop	0x2050	NoInlining	Public, HideBySig, SpecialName	0x10040b74c	0x94827adb	0x1024aa2b8	0x1024aa2b8	mapped	0x1024aa2b8
StardewValley.GameData	330	0x0600014b	StardewValley.GameData.Locations.ArtifactSpotDropData	set_ContinueOnDrop	0x2050	NoInlining	Public, HideBySig, SpecialName	0x10040b750	0x94827ae3	0x1024aa2dc	0x1024aa2dc	mapped	0x1024aa2dc
StardewValley.GameData	331	0x0600014c	StardewValley.GameData.Locations.ArtifactSpotDropData	.ctor	0x2050	NoInlining	Public, HideBySig, SpecialName, RTSpecialName	0x10040b754	0x94827aeb	0x1024aa300	0x1024aa300	mapped	0x1024aa300
StardewValley.GameData	332	0x0600014d	StardewValley.GameData.Locations.CreateLocationData	.ctor	0x2050	NoInlining	Public, HideBySig, SpecialName, RTSpecialName	0x10040b758	0x94827b02	0x1024aa360	0x1024aa360	mapped	0x1024aa360
StardewValley.GameData	333	0x0600014e	StardewValley.GameData.Locations.FishAreaData	get_DisplayName	0x2050	NoInlining	Public, HideBySig, SpecialName	0x10040b75c	0x94827b02	0x1024aa364	0x1024aa364	mapped	0x1024aa364
StardewValley.GameData	334	0x0600014f	StardewValley.GameData.Locations.FishAreaData	set_DisplayName	0x2050	NoInlining	Public, HideBySig, SpecialName	0x10040b760	0x94827b0a	0x1024aa388	0x1024aa388	mapped	0x1024aa388
StardewValley.GameData	335	0x06000150	StardewValley.GameData.Locations.FishAreaData	get_Position	0x2050	NoInlining	Public, HideBySig, SpecialName	0x10040b764	0x94827b19	0x1024aa3c8	0x1024aa3c8	mapped	0x1024aa3c8
StardewValley.GameData	336	0x06000151	StardewValley.GameData.Locations.FishAreaData	set_Position	0x2050	NoInlining	Public, HideBySig, SpecialName	0x10040b768	0x94827b29	0x1024aa40c	0x1024aa40c	mapped	0x1024aa40c
StardewValley.GameData	337	0x06000152	StardewValley.GameData.Locations.FishAreaData	get_CrabPotFishTypes	0x2050	NoInlining	Public, HideBySig, SpecialName	0x10040b76c	0x94827b35	0x1024aa440	0x1024aa440	mapped	0x1024aa440
StardewValley.GameData	338	0x06000153	StardewValley.GameData.Locations.FishAreaData	set_CrabPotFishTypes	0x2050	NoInlining	Public, HideBySig, SpecialName	0x10040b770	0x94827b3d	0x1024aa464	0x1024aa464	mapped	0x1024aa464
StardewValley.GameData	339	0x06000154	StardewValley.GameData.Locations.FishAreaData	get_CrabPotJunkChance	0x2050	NoInlining	Public, HideBySig, SpecialName	0x10040b774	0x94827b4c	0x1024aa4a4	0x1024aa4a4	mapped	0x1024aa4a4
StardewValley.GameData	340	0x06000155	StardewValley.GameData.Locations.FishAreaData	set_CrabPotJunkChance	0x2050	NoInlining	Public, HideBySig, SpecialName	0x10040b778	0x94827b54	0x1024aa4c8	0x1024aa4c8	mapped	0x1024aa4c8
StardewValley.GameData	341	0x06000156	StardewValley.GameData.Locations.FishAreaData	.ctor	0x2050	NoInlining	Public, HideBySig, SpecialName, RTSpecialName	0x10040b77c	0x94827b5c	0x1024aa4ec	0x1024aa4ec	mapped	0x1024aa4ec
StardewValley.GameData	342	0x06000157	StardewValley.GameData.Locations.LocationData	.ctor	0x2050	NoInlining	Public, HideBySig, SpecialName, RTSpecialName	0x10040b780	0x94827b8e	0x1024aa5b8	0x1024aa5b8	mapped	0x1024aa5b8
StardewValley.GameData	343	0x06000158	StardewValley.GameData.Locations.LocationMusicData	get_Id	0x2050	NoInlining	Public, HideBySig, SpecialName	0x10040b784	0x94827c1b	0x1024aa7f0	0x1024aa7f0	mapped	0x1024aa7f0
StardewValley.GameData	344	0x06000159	StardewValley.GameData.Locations.LocationMusicData	set_Id	0x2050	NoInlining	Public, HideBySig, SpecialName	0x10040b788	0x94827c26	0x1024aa820	0x1024aa820	mapped	0x1024aa820
StardewValley.GameData	345	0x0600015a	StardewValley.GameData.Locations.LocationMusicData	get_Track	0x2050	NoInlining	Public, HideBySig, SpecialName	0x10040b78c	0x94827c35	0x1024aa860	0x1024aa860	mapped	0x1024aa860
StardewValley.GameData	346	0x0600015b	StardewValley.GameData.Locations.LocationMusicData	set_Track	0x2050	NoInlining	Public, HideBySig, SpecialName	0x10040b790	0x94827c3d	0x1024aa884	0x1024aa884	mapped	0x1024aa884
StardewValley.GameData	347	0x0600015c	StardewValley.GameData.Locations.LocationMusicData	get_Condition	0x2050	NoInlining	Public, HideBySig, SpecialName	0x10040b794	0x94827c4c	0x1024aa8c4	0x1024aa8c4	mapped	0x1024aa8c4
StardewValley.GameData	348	0x0600015d	StardewValley.GameData.Locations.LocationMusicData	set_Condition	0x2050	NoInlining	Public, HideBySig, SpecialName	0x10040b798	0x94827c54	0x1024aa8e8	0x1024aa8e8	mapped	0x1024aa8e8
StardewValley.GameData	349	0x0600015e	StardewValley.GameData.Locations.LocationMusicData	.ctor	0x2050	NoInlining	Public, HideBySig, SpecialName, RTSpecialName	0x10040b79c	0x94827c63	0x1024aa928	0x1024aa928	mapped	0x1024aa928
StardewValley.GameData	350	0x0600015f	StardewValley.GameData.Locations.SpawnFishData	get_Chance	0x2050	NoInlining	Public, HideBySig, SpecialName	0x10040b7a0	0x94827c63	0x1024aa92c	0x1024aa92c	mapped	0x1024aa92c
StardewValley.GameData	351	0x06000160	StardewValley.GameData.Locations.SpawnFishData	set_Chance	0x2050	NoInlining	Public, HideBySig, SpecialName	0x10040b7a4	0x94827c6b	0x1024aa950	0x1024aa950	mapped	0x1024aa950
StardewValley.GameData	352	0x06000161	StardewValley.GameData.Locations.SpawnFishData	get_Season	0x2050	NoInlining	Public, HideBySig, SpecialName	0x10040b7a8	0x94827c73	0x1024aa974	0x1024aa974	mapped	0x1024aa974
StardewValley.GameData	353	0x06000162	StardewValley.GameData.Locations.SpawnFishData	set_Season	0x2050	NoInlining	Public, HideBySig, SpecialName	0x10040b7ac	0x94827c7b	0x1024aa998	0x1024aa998	mapped	0x1024aa998
StardewValley.GameData	354	0x06000163	StardewValley.GameData.Locations.SpawnFishData	get_FishAreaId	0x2050	NoInlining	Public, HideBySig, SpecialName	0x10040b7b0	0x94827c83	0x1024aa9bc	0x1024aa9bc	mapped	0x1024aa9bc
StardewValley.GameData	355	0x06000164	StardewValley.GameData.Locations.SpawnFishData	set_FishAreaId	0x2050	NoInlining	Public, HideBySig, SpecialName	0x10040b7b4	0x94827c8b	0x1024aa9e0	0x1024aa9e0	mapped	0x1024aa9e0
StardewValley.GameData	356	0x06000165	StardewValley.GameData.Locations.SpawnFishData	get_BobberPosition	0x2050	NoInlining	Public, HideBySig, SpecialName	0x10040b7b8	0x94827c9a	0x1024aaa20	0x1024aaa20	mapped	0x1024aaa20
StardewValley.GameData	357	0x06000166	StardewValley.GameData.Locations.SpawnFishData	set_BobberPosition	0x2050	NoInlining	Public, HideBySig, SpecialName	0x10040b7bc	0x94827caa	0x1024aaa64	0x1024aaa64	mapped	0x1024aaa64
StardewValley.GameData	358	0x06000167	StardewValley.GameData.Locations.SpawnFishData	get_PlayerPosition	0x2050	NoInlining	Public, HideBySig, SpecialName	0x10040b7c0	0x94827cb6	0x1024aaa98	0x1024aaa98	mapped	0x1024aaa98
StardewValley.GameData	359	0x06000168	StardewValley.GameData.Locations.SpawnFishData	set_PlayerPosition	0x2050	NoInlining	Public, HideBySig, SpecialName	0x10040b7c4	0x94827cc6	0x1024aaadc	0x1024aaadc	mapped	0x1024aaadc
StardewValley.GameData	360	0x06000169	StardewValley.GameData.Locations.SpawnFishData	get_MinFishingLevel	0x2050	NoInlining	Public, HideBySig, SpecialName	0x10040b7c8	0x94827cd2	0x1024aab10	0x1024aab10	mapped	0x1024aab10
StardewValley.GameData	361	0x0600016a	StardewValley.GameData.Locations.SpawnFishData	set_MinFishingLevel	0x2050	NoInlining	Public, HideBySig, SpecialName	0x10040b7cc	0x94827cda	0x1024aab34	0x1024aab34	mapped	0x1024aab34
StardewValley.GameData	362	0x0600016b	StardewValley.GameData.Locations.SpawnFishData	get_MinDistanceFromShore	0x2050	NoInlining	Public, HideBySig, SpecialName	0x10040b7d0	0x94827ce2	0x1024aab58	0x1024aab58	mapped	0x1024aab58
StardewValley.GameData	363	0x0600016c	StardewValley.GameData.Locations.SpawnFishData	set_MinDistanceFromShore	0x2050	NoInlining	Public, HideBySig, SpecialName	0x10040b7d4	0x94827cea	0x1024aab7c	0x1024aab7c	mapped	0x1024aab7c
StardewValley.GameData	364	0x0600016d	StardewValley.GameData.Locations.SpawnFishData	get_MaxDistanceFromShore	0x2050	NoInlining	Public, HideBySig, SpecialName	0x10040b7d8	0x94827cf2	0x1024aaba0	0x1024aaba0	mapped	0x1024aaba0
StardewValley.GameData	365	0x0600016e	StardewValley.GameData.Locations.SpawnFishData	set_MaxDistanceFromShore	0x2050	NoInlining	Public, HideBySig, SpecialName	0x10040b7dc	0x94827cfa	0x1024aabc4	0x1024aabc4	mapped	0x1024aabc4
StardewValley.GameData	366	0x0600016f	StardewValley.GameData.Locations.SpawnFishData	get_ApplyDailyLuck	0x2050	NoInlining	Public, HideBySig, SpecialName	0x10040b7e0	0x94827d02	0x1024aabe8	0x1024aabe8	mapped	0x1024aabe8
StardewValley.GameData	367	0x06000170	StardewValley.GameData.Locations.SpawnFishData	set_ApplyDailyLuck	0x2050	NoInlining	Public, HideBySig, SpecialName	0x10040b7e4	0x94827d0a	0x1024aac0c	0x1024aac0c	mapped	0x1024aac0c
StardewValley.GameData	368	0x06000171	StardewValley.GameData.Locations.SpawnFishData	get_CuriosityLureBuff	0x2050	NoInlining	Public, HideBySig, SpecialName	0x10040b7e8	0x94827d12	0x1024aac30	0x1024aac30	mapped	0x1024aac30
StardewValley.GameData	369	0x06000172	StardewValley.GameData.Locations.SpawnFishData	set_CuriosityLureBuff	0x2050	NoInlining	Public, HideBySig, SpecialName	0x10040b7ec	0x94827d1a	0x1024aac54	0x1024aac54	mapped	0x1024aac54
StardewValley.GameData	370	0x06000173	StardewValley.GameData.Locations.SpawnFishData	get_SpecificBaitBuff	0x2050	NoInlining	Public, HideBySig, SpecialName	0x10040b7f0	0x94827d22	0x1024aac78	0x1024aac78	mapped	0x1024aac78
StardewValley.GameData	371	0x06000174	StardewValley.GameData.Locations.SpawnFishData	set_SpecificBaitBuff	0x2050	NoInlining	Public, HideBySig, SpecialName	0x10040b7f4	0x94827d2a	0x1024aac9c	0x1024aac9c	mapped	0x1024aac9c
StardewValley.GameData	372	0x06000175	StardewValley.GameData.Locations.SpawnFishData	get_SpecificBaitMultiplier	0x2050	NoInlining	Public, HideBySig, SpecialName	0x10040b7f8	0x94827d32	0x1024aacc0	0x1024aacc0	mapped	0x1024aacc0
StardewValley.GameData	373	0x06000176	StardewValley.GameData.Locations.SpawnFishData	set_SpecificBaitMultiplier	0x2050	NoInlining	Public, HideBySig, SpecialName	0x10040b7fc	0x94827d3a	0x1024aace4	0x1024aace4	mapped	0x1024aace4
StardewValley.GameData	374	0x06000177	StardewValley.GameData.Locations.SpawnFishData	get_CatchLimit	0x2050	NoInlining	Public, HideBySig, SpecialName	0x10040b800	0x94827d42	0x1024aad08	0x1024aad08	mapped	0x1024aad08
StardewValley.GameData	375	0x06000178	StardewValley.GameData.Locations.SpawnFishData	set_CatchLimit	0x2050	NoInlining	Public, HideBySig, SpecialName	0x10040b804	0x94827d4a	0x1024aad2c	0x1024aad2c	mapped	0x1024aad2c
StardewValley.GameData	376	0x06000179	StardewValley.GameData.Locations.SpawnFishData	get_CanUseTrainingRod	0x2050	NoInlining	Public, HideBySig, SpecialName	0x10040b808	0x94827d52	0x1024aad50	0x1024aad50	mapped	0x1024aad50
StardewValley.GameData	377	0x0600017a	StardewValley.GameData.Locations.SpawnFishData	set_CanUseTrainingRod	0x2050	NoInlining	Public, HideBySig, SpecialName	0x10040b80c	0x94827d5a	0x1024aad74	0x1024aad74	mapped	0x1024aad74
StardewValley.GameData	378	0x0600017b	StardewValley.GameData.Locations.SpawnFishData	get_IsBossFish	0x2050	NoInlining	Public, HideBySig, SpecialName	0x10040b810	0x94827d62	0x1024aad98	0x1024aad98	mapped	0x1024aad98
StardewValley.GameData	379	0x0600017c	StardewValley.GameData.Locations.SpawnFishData	set_IsBossFish	0x2050	NoInlining	Public, HideBySig, SpecialName	0x10040b814	0x94827d6a	0x1024aadbc	0x1024aadbc	mapped	0x1024aadbc
StardewValley.GameData	380	0x0600017d	StardewValley.GameData.Locations.SpawnFishData	get_SetFlagOnCatch	0x2050	NoInlining	Public, HideBySig, SpecialName	0x10040b818	0x94827d72	0x1024aade0	0x1024aade0	mapped	0x1024aade0
StardewValley.GameData	381	0x0600017e	StardewValley.GameData.Locations.SpawnFishData	set_SetFlagOnCatch	0x2050	NoInlining	Public, HideBySig, SpecialName	0x10040b81c	0x94827d7a	0x1024aae04	0x1024aae04	mapped	0x1024aae04
StardewValley.GameData	382	0x0600017f	StardewValley.GameData.Locations.SpawnFishData	get_RequireMagicBait	0x2050	NoInlining	Public, HideBySig, SpecialName	0x10040b820	0x94827d89	0x1024aae44	0x1024aae44	mapped	0x1024aae44
StardewValley.GameData	383	0x06000180	StardewValley.GameData.Locations.SpawnFishData	set_RequireMagicBait	0x2050	NoInlining	Public, HideBySig, SpecialName	0x10040b824	0x94827d91	0x1024aae68	0x1024aae68	mapped	0x1024aae68
StardewValley.GameData	384	0x06000181	StardewValley.GameData.Locations.SpawnFishData	get_Precedence	0x2050	NoInlining	Public, HideBySig, SpecialName	0x10040b828	0x94827d99	0x1024aae8c	0x1024aae8c	mapped	0x1024aae8c
StardewValley.GameData	385	0x06000182	StardewValley.GameData.Locations.SpawnFishData	set_Precedence	0x2050	NoInlining	Public, HideBySig, SpecialName	0x10040b82c	0x94827da1	0x1024aaeb0	0x1024aaeb0	mapped	0x1024aaeb0
StardewValley.GameData	386	0x06000183	StardewValley.GameData.Locations.SpawnFishData	get_IgnoreFishDataRequirements	0x2050	NoInlining	Public, HideBySig, SpecialName	0x10040b830	0x94827da9	0x1024aaed4	0x1024aaed4	mapped	0x1024aaed4
StardewValley.GameData	387	0x06000184	StardewValley.GameData.Locations.SpawnFishData	set_IgnoreFishDataRequirements	0x2050	NoInlining	Public, HideBySig, SpecialName	0x10040b834	0x94827db1	0x1024aaef8	0x1024aaef8	mapped	0x1024aaef8
StardewValley.GameData	388	0x06000185	StardewValley.GameData.Locations.SpawnFishData	get_CanBeInherited	0x2050	NoInlining	Public, HideBySig, SpecialName	0x10040b838	0x94827db9	0x1024aaf1c	0x1024aaf1c	mapped	0x1024aaf1c
StardewValley.GameData	389	0x06000186	StardewValley.GameData.Locations.SpawnFishData	set_CanBeInherited	0x2050	NoInlining	Public, HideBySig, SpecialName	0x10040b83c	0x94827dc1	0x1024aaf40	0x1024aaf40	mapped	0x1024aaf40
StardewValley.GameData	390	0x06000187	StardewValley.GameData.Locations.SpawnFishData	get_ChanceModifiers	0x2050	NoInlining	Public, HideBySig, SpecialName	0x10040b840	0x94827dc9	0x1024aaf64	0x1024aaf64	mapped	0x1024aaf64
StardewValley.GameData	391	0x06000188	StardewValley.GameData.Locations.SpawnFishData	set_ChanceModifiers	0x2050	NoInlining	Public, HideBySig, SpecialName	0x10040b844	0x94827dd1	0x1024aaf88	0x1024aaf88	mapped	0x1024aaf88
StardewValley.GameData	392	0x06000189	StardewValley.GameData.Locations.SpawnFishData	get_ChanceModifierMode	0x2050	NoInlining	Public, HideBySig, SpecialName	0x10040b848	0x94827de0	0x1024aafc8	0x1024aafc8	mapped	0x1024aafc8
StardewValley.GameData	393	0x0600018a	StardewValley.GameData.Locations.SpawnFishData	set_ChanceModifierMode	0x2050	NoInlining	Public, HideBySig, SpecialName	0x10040b84c	0x94827de8	0x1024aafec	0x1024aafec	mapped	0x1024aafec
StardewValley.GameData	394	0x0600018b	StardewValley.GameData.Locations.SpawnFishData	get_ChanceBoostPerLuckLevel	0x2050	NoInlining	Public, HideBySig, SpecialName	0x10040b850	0x94827df0	0x1024ab010	0x1024ab010	mapped	0x1024ab010
StardewValley.GameData	395	0x0600018c	StardewValley.GameData.Locations.SpawnFishData	set_ChanceBoostPerLuckLevel	0x2050	NoInlining	Public, HideBySig, SpecialName	0x10040b854	0x94827df8	0x1024ab034	0x1024ab034	mapped	0x1024ab034
StardewValley.GameData	396	0x0600018d	StardewValley.GameData.Locations.SpawnFishData	get_UseFishCaughtSeededRandom	0x2050	NoInlining	Public, HideBySig, SpecialName	0x10040b858	0x94827e00	0x1024ab058	0x1024ab058	mapped	0x1024ab058
StardewValley.GameData	397	0x0600018e	StardewValley.GameData.Locations.SpawnFishData	set_UseFishCaughtSeededRandom	0x2050	NoInlining	Public, HideBySig, SpecialName	0x10040b85c	0x94827e08	0x1024ab07c	0x1024ab07c	mapped	0x1024ab07c
StardewValley.GameData	398	0x0600018f	StardewValley.GameData.Locations.SpawnFishData	GetChance	0x2050	NoInlining	Public, HideBySig	0x10040b860	0x94827e10	0x1024ab0a0	0x1024ab0a0	mapped	0x1024ab0a0
StardewValley.GameData	399	0x06000190	StardewValley.GameData.Locations.SpawnFishData	.ctor	0x2050	NoInlining	Public, HideBySig, SpecialName, RTSpecialName	0x10040b864	0x94827e4f	0x1024ab1a0	0x1024ab1a0	mapped	0x1024ab1a0
StardewValley.GameData	400	0x06000191	StardewValley.GameData.Locations.SpawnForageData	get_Chance	0x2050	NoInlining	Public, HideBySig, SpecialName	0x10040b868	0x94827e6d	0x1024ab21c	0x1024ab21c	mapped	0x1024ab21c
StardewValley.GameData	401	0x06000192	StardewValley.GameData.Locations.SpawnForageData	set_Chance	0x2050	NoInlining	Public, HideBySig, SpecialName	0x10040b86c	0x94827e75	0x1024ab240	0x1024ab240	mapped	0x1024ab240
StardewValley.GameData	402	0x06000193	StardewValley.GameData.Locations.SpawnForageData	get_Season	0x2050	NoInlining	Public, HideBySig, SpecialName	0x10040b870	0x94827e7d	0x1024ab264	0x1024ab264	mapped	0x1024ab264
StardewValley.GameData	403	0x06000194	StardewValley.GameData.Locations.SpawnForageData	set_Season	0x2050	NoInlining	Public, HideBySig, SpecialName	0x10040b874	0x94827e85	0x1024ab288	0x1024ab288	mapped	0x1024ab288
StardewValley.GameData	404	0x06000195	StardewValley.GameData.Locations.SpawnForageData	.ctor	0x2050	NoInlining	Public, HideBySig, SpecialName, RTSpecialName	0x10040b878	0x94827e8d	0x1024ab2ac	0x1024ab2ac	mapped	0x1024ab2ac
StardewValley.GameData	405	0x06000196	StardewValley.GameData.LocationContexts.LocationContextData	.ctor	0x2050	NoInlining	Public, HideBySig, SpecialName, RTSpecialName	0x10040b87c	0x94827ea2	0x1024ab304	0x1024ab304	mapped	0x1024ab304
StardewValley.GameData	406	0x06000197	StardewValley.GameData.LocationContexts.PassOutMailData	.ctor	0x2050	NoInlining	Public, HideBySig, SpecialName, RTSpecialName	0x10040b880	0x94827ee7	0x1024ab41c	0x1024ab41c	mapped	0x1024ab41c
StardewValley.GameData	407	0x06000198	StardewValley.GameData.LocationContexts.ReviveLocation	.ctor	0x2050	NoInlining	Public, HideBySig, SpecialName, RTSpecialName	0x10040b884	0x94827ef1	0x1024ab448	0x1024ab448	mapped	0x1024ab448
StardewValley.GameData	408	0x06000199	StardewValley.GameData.LocationContexts.WeatherCondition	.ctor	0x2050	NoInlining	Public, HideBySig, SpecialName, RTSpecialName	0x10040b888	0x94827ef1	0x1024ab44c	0x1024ab44c	mapped	0x1024ab44c
StardewValley.GameData	409	0x0600019a	StardewValley.GameData.HomeRenovations.HomeRenovation	.ctor	0x2050	NoInlining	Public, HideBySig, SpecialName, RTSpecialName	0x10040b88c	0x94827ef1	0x1024ab450	0x1024ab450	mapped	0x1024ab450
StardewValley.GameData	410	0x0600019b	StardewValley.GameData.HomeRenovations.Rect	.ctor	0x2050	NoInlining	Public, HideBySig, SpecialName, RTSpecialName	0x10040b890	0x94827ef1	0x1024ab454	0x1024ab454	mapped	0x1024ab454
StardewValley.GameData	411	0x0600019c	StardewValley.GameData.HomeRenovations.RectGroup	.ctor	0x2050	NoInlining	Public, HideBySig, SpecialName, RTSpecialName	0x10040b894	0x94827ef1	0x1024ab458	0x1024ab458	mapped	0x1024ab458
StardewValley.GameData	412	0x0600019d	StardewValley.GameData.HomeRenovations.RenovationValue	.ctor	0x2050	NoInlining	Public, HideBySig, SpecialName, RTSpecialName	0x10040b898	0x94827ef1	0x1024ab45c	0x1024ab45c	mapped	0x1024ab45c
StardewValley.GameData	413	0x0600019e	StardewValley.GameData.GiantCrops.GiantCropData	.ctor	0x2050	NoInlining	Public, HideBySig, SpecialName, RTSpecialName	0x10040b89c	0x94827ef1	0x1024ab460	0x1024ab460	mapped	0x1024ab460
StardewValley.GameData	414	0x0600019f	StardewValley.GameData.GiantCrops.GiantCropHarvestItemData	get_Chance	0x2050	NoInlining	Public, HideBySig, SpecialName	0x10040b8a0	0x94827efe	0x1024ab498	0x1024ab498	mapped	0x1024ab498
StardewValley.GameData	415	0x060001a0	StardewValley.GameData.GiantCrops.GiantCropHarvestItemData	set_Chance	0x2050	NoInlining	Public, HideBySig, SpecialName	0x10040b8a4	0x94827f06	0x1024ab4bc	0x1024ab4bc	mapped	0x1024ab4bc
StardewValley.GameData	416	0x060001a1	StardewValley.GameData.GiantCrops.GiantCropHarvestItemData	get_ForShavingEnchantment	0x2050	NoInlining	Public, HideBySig, SpecialName	0x10040b8a8	0x94827f0e	0x1024ab4e0	0x1024ab4e0	mapped	0x1024ab4e0
StardewValley.GameData	417	0x060001a2	StardewValley.GameData.GiantCrops.GiantCropHarvestItemData	set_ForShavingEnchantment	0x2050	NoInlining	Public, HideBySig, SpecialName	0x10040b8ac	0x94827f16	0x1024ab504	0x1024ab504	mapped	0x1024ab504
StardewValley.GameData	418	0x060001a3	StardewValley.GameData.GiantCrops.GiantCropHarvestItemData	get_ScaledMinStackWhenShaving	0x2050	NoInlining	Public, HideBySig, SpecialName	0x10040b8b0	0x94827f1e	0x1024ab528	0x1024ab528	mapped	0x1024ab528
StardewValley.GameData	419	0x060001a4	StardewValley.GameData.GiantCrops.GiantCropHarvestItemData	set_ScaledMinStackWhenShaving	0x2050	NoInlining	Public, HideBySig, SpecialName	0x10040b8b4	0x94827f26	0x1024ab54c	0x1024ab54c	mapped	0x1024ab54c
StardewValley.GameData	420	0x060001a5	StardewValley.GameData.GiantCrops.GiantCropHarvestItemData	get_ScaledMaxStackWhenShaving	0x2050	NoInlining	Public, HideBySig, SpecialName	0x10040b8b8	0x94827f2e	0x1024ab570	0x1024ab570	mapped	0x1024ab570
StardewValley.GameData	421	0x060001a6	StardewValley.GameData.GiantCrops.GiantCropHarvestItemData	set_ScaledMaxStackWhenShaving	0x2050	NoInlining	Public, HideBySig, SpecialName	0x10040b8bc	0x94827f36	0x1024ab594	0x1024ab594	mapped	0x1024ab594
StardewValley.GameData	422	0x060001a7	StardewValley.GameData.GiantCrops.GiantCropHarvestItemData	.ctor	0x2050	NoInlining	Public, HideBySig, SpecialName, RTSpecialName	0x10040b8c0	0x94827f3e	0x1024ab5b8	0x1024ab5b8	mapped	0x1024ab5b8
StardewValley.GameData	423	0x060001a8	StardewValley.GameData.GarbageCans.GarbageCanData	.ctor	0x2050	NoInlining	Public, HideBySig, SpecialName, RTSpecialName	0x10040b8c4	0x94827f5d	0x1024ab638	0x1024ab638	mapped	0x1024ab638
StardewValley.GameData	424	0x060001a9	StardewValley.GameData.GarbageCans.GarbageCanEntryData	.ctor	0x2050	NoInlining	Public, HideBySig, SpecialName, RTSpecialName	0x10040b8c8	0x94827f68	0x1024ab668	0x1024ab668	mapped	0x1024ab668
StardewValley.GameData	425	0x060001aa	StardewValley.GameData.GarbageCans.GarbageCanItemData	get_IgnoreBaseChance	0x2050	NoInlining	Public, HideBySig, SpecialName	0x10040b8cc	0x94827f72	0x1024ab694	0x1024ab694	mapped	0x1024ab694
StardewValley.GameData	426	0x060001ab	StardewValley.GameData.GarbageCans.GarbageCanItemData	set_IgnoreBaseChance	0x2050	NoInlining	Public, HideBySig, SpecialName	0x10040b8d0	0x94827f7a	0x1024ab6b8	0x1024ab6b8	mapped	0x1024ab6b8
StardewValley.GameData	427	0x060001ac	StardewValley.GameData.GarbageCans.GarbageCanItemData	get_IsMegaSuccess	0x2050	NoInlining	Public, HideBySig, SpecialName	0x10040b8d4	0x94827f82	0x1024ab6dc	0x1024ab6dc	mapped	0x1024ab6dc
StardewValley.GameData	428	0x060001ad	StardewValley.GameData.GarbageCans.GarbageCanItemData	set_IsMegaSuccess	0x2050	NoInlining	Public, HideBySig, SpecialName	0x10040b8d8	0x94827f8a	0x1024ab700	0x1024ab700	mapped	0x1024ab700
StardewValley.GameData	429	0x060001ae	StardewValley.GameData.GarbageCans.GarbageCanItemData	get_IsDoubleMegaSuccess	0x2050	NoInlining	Public, HideBySig, SpecialName	0x10040b8dc	0x94827f92	0x1024ab724	0x1024ab724	mapped	0x1024ab724
StardewValley.GameData	430	0x060001af	StardewValley.GameData.GarbageCans.GarbageCanItemData	set_IsDoubleMegaSuccess	0x2050	NoInlining	Public, HideBySig, SpecialName	0x10040b8e0	0x94827f9a	0x1024ab748	0x1024ab748	mapped	0x1024ab748
StardewValley.GameData	431	0x060001b0	StardewValley.GameData.GarbageCans.GarbageCanItemData	get_AddToInventoryDirectly	0x2050	NoInlining	Public, HideBySig, SpecialName	0x10040b8e4	0x94827fa2	0x1024ab76c	0x1024ab76c	mapped	0x1024ab76c
StardewValley.GameData	432	0x060001b1	StardewValley.GameData.GarbageCans.GarbageCanItemData	set_AddToInventoryDirectly	0x2050	NoInlining	Public, HideBySig, SpecialName	0x10040b8e8	0x94827faa	0x1024ab790	0x1024ab790	mapped	0x1024ab790
StardewValley.GameData	433	0x060001b2	StardewValley.GameData.GarbageCans.GarbageCanItemData	get_CreateMultipleDebris	0x2050	NoInlining	Public, HideBySig, SpecialName	0x10040b8ec	0x94827fb2	0x1024ab7b4	0x1024ab7b4	mapped	0x1024ab7b4
StardewValley.GameData	434	0x060001b3	StardewValley.GameData.GarbageCans.GarbageCanItemData	set_CreateMultipleDebris	0x2050	NoInlining	Public, HideBySig, SpecialName	0x10040b8f0	0x94827fba	0x1024ab7d8	0x1024ab7d8	mapped	0x1024ab7d8
StardewValley.GameData	435	0x060001b4	StardewValley.GameData.GarbageCans.GarbageCanItemData	.ctor	0x2050	NoInlining	Public, HideBySig, SpecialName, RTSpecialName	0x10040b8f4	0x94827fc2	0x1024ab7fc	0x1024ab7fc	mapped	0x1024ab7fc
StardewValley.GameData	436	0x060001b5	StardewValley.GameData.FruitTrees.FruitTreeData	get_DisplayName	0x2050	NoInlining	Public, HideBySig, SpecialName	0x10040b8f8	0x94827fcf	0x1024ab834	0x1024ab834	mapped	0x1024ab834
StardewValley.GameData	437	0x060001b6	StardewValley.GameData.FruitTrees.FruitTreeData	set_DisplayName	0x2050	NoInlining	Public, HideBySig, SpecialName	0x10040b8fc	0x94827fd7	0x1024ab858	0x1024ab858	mapped	0x1024ab858
StardewValley.GameData	438	0x060001b7	StardewValley.GameData.FruitTrees.FruitTreeData	get_Seasons	0x2050	NoInlining	Public, HideBySig, SpecialName	0x10040b900	0x94827fe6	0x1024ab898	0x1024ab898	mapped	0x1024ab898
StardewValley.GameData	439	0x060001b8	StardewValley.GameData.FruitTrees.FruitTreeData	set_Seasons	0x2050	NoInlining	Public, HideBySig, SpecialName	0x10040b904	0x94827fee	0x1024ab8bc	0x1024ab8bc	mapped	0x1024ab8bc
StardewValley.GameData	440	0x060001b9	StardewValley.GameData.FruitTrees.FruitTreeData	get_Fruit	0x2050	NoInlining	Public, HideBySig, SpecialName	0x10040b908	0x94827ffd	0x1024ab8fc	0x1024ab8fc	mapped	0x1024ab8fc
StardewValley.GameData	441	0x060001ba	StardewValley.GameData.FruitTrees.FruitTreeData	set_Fruit	0x2050	NoInlining	Public, HideBySig, SpecialName	0x10040b90c	0x94828005	0x1024ab920	0x1024ab920	mapped	0x1024ab920
StardewValley.GameData	442	0x060001bb	StardewValley.GameData.FruitTrees.FruitTreeData	get_Texture	0x2050	NoInlining	Public, HideBySig, SpecialName	0x10040b910	0x94828014	0x1024ab960	0x1024ab960	mapped	0x1024ab960
StardewValley.GameData	443	0x060001bc	StardewValley.GameData.FruitTrees.FruitTreeData	set_Texture	0x2050	NoInlining	Public, HideBySig, SpecialName	0x10040b914	0x9482801c	0x1024ab984	0x1024ab984	mapped	0x1024ab984
StardewValley.GameData	444	0x060001bd	StardewValley.GameData.FruitTrees.FruitTreeData	get_TextureSpriteRow	0x2050	NoInlining	Public, HideBySig, SpecialName	0x10040b918	0x9482802b	0x1024ab9c4	0x1024ab9c4	mapped	0x1024ab9c4
StardewValley.GameData	445	0x060001be	StardewValley.GameData.FruitTrees.FruitTreeData	set_TextureSpriteRow	0x2050	NoInlining	Public, HideBySig, SpecialName	0x10040b91c	0x94828033	0x1024ab9e8	0x1024ab9e8	mapped	0x1024ab9e8
StardewValley.GameData	446	0x060001bf	StardewValley.GameData.FruitTrees.FruitTreeData	get_CustomFields	0x2050	NoInlining	Public, HideBySig, SpecialName	0x10040b920	0x9482803b	0x1024aba0c	0x1024aba0c	mapped	0x1024aba0c
StardewValley.GameData	447	0x060001c0	StardewValley.GameData.FruitTrees.FruitTreeData	set_CustomFields	0x2050	NoInlining	Public, HideBySig, SpecialName	0x10040b924	0x94828043	0x1024aba30	0x1024aba30	mapped	0x1024aba30
StardewValley.GameData	448	0x060001c1	StardewValley.GameData.FruitTrees.FruitTreeData	.ctor	0x2050	NoInlining	Public, HideBySig, SpecialName, RTSpecialName	0x10040b928	0x94828052	0x1024aba70	0x1024aba70	mapped	0x1024aba70
StardewValley.GameData	449	0x060001c2	StardewValley.GameData.FruitTrees.FruitTreeFruitData	get_Season	0x2050	NoInlining	Public, HideBySig, SpecialName	0x10040b92c	0x94828052	0x1024aba74	0x1024aba74	mapped	0x1024aba74
StardewValley.GameData	450	0x060001c3	StardewValley.GameData.FruitTrees.FruitTreeFruitData	set_Season	0x2050	NoInlining	Public, HideBySig, SpecialName	0x10040b930	0x9482805a	0x1024aba98	0x1024aba98	mapped	0x1024aba98
StardewValley.GameData	451	0x060001c4	StardewValley.GameData.FruitTrees.FruitTreeFruitData	get_Chance	0x2050	NoInlining	Public, HideBySig, SpecialName	0x10040b934	0x94828062	0x1024ababc	0x1024ababc	mapped	0x1024ababc
StardewValley.GameData	452	0x060001c5	StardewValley.GameData.FruitTrees.FruitTreeFruitData	set_Chance	0x2050	NoInlining	Public, HideBySig, SpecialName	0x10040b938	0x9482806a	0x1024abae0	0x1024abae0	mapped	0x1024abae0
StardewValley.GameData	453	0x060001c6	StardewValley.GameData.FruitTrees.FruitTreeFruitData	.ctor	0x2050	NoInlining	Public, HideBySig, SpecialName, RTSpecialName	0x10040b93c	0x94828072	0x1024abb04	0x1024abb04	mapped	0x1024abb04
StardewValley.GameData	454	0x060001c7	StardewValley.GameData.FloorsAndPaths.FloorPathData	.ctor	0x2050	NoInlining	Public, HideBySig, SpecialName, RTSpecialName	0x10040b940	0x94828087	0x1024abb5c	0x1024abb5c	mapped	0x1024abb5c
StardewValley.GameData	455	0x060001c8	StardewValley.GameData.FishPonds.FishPondData	.ctor	0x2050	NoInlining	Public, HideBySig, SpecialName, RTSpecialName	0x10040b944	0x94828094	0x1024abb94	0x1024abb94	mapped	0x1024abb94
StardewValley.GameData	456	0x060001c9	StardewValley.GameData.FishPonds.FishPondReward	get_MinQuantity	0x2050	NoInlining	Public, HideBySig, SpecialName	0x10040b948	0x948280a3	0x1024abbd4	0x1024abbd4	mapped	0x1024abbd4
StardewValley.GameData	457	0x060001ca	StardewValley.GameData.FishPonds.FishPondReward	set_MinQuantity	0x2050	NoInlining	Public, HideBySig, SpecialName	0x10040b94c	0x948280a4	0x1024abbdc	0x1024abbdc	mapped	0x1024abbdc
StardewValley.GameData	458	0x060001cb	StardewValley.GameData.FishPonds.FishPondReward	get_MaxQuantity	0x2050	NoInlining	Public, HideBySig, SpecialName	0x10040b950	0x948280b5	0x1024abc24	0x1024abc24	mapped	0x1024abc24
StardewValley.GameData	459	0x060001cc	StardewValley.GameData.FishPonds.FishPondReward	set_MaxQuantity	0x2050	NoInlining	Public, HideBySig, SpecialName	0x10040b954	0x948280b6	0x1024abc2c	0x1024abc2c	mapped	0x1024abc2c
StardewValley.GameData	460	0x060001cd	StardewValley.GameData.FishPonds.FishPondReward	.ctor	0x2050	NoInlining	Public, HideBySig, SpecialName, RTSpecialName	0x10040b958	0x948280c7	0x1024abc74	0x1024abc74	mapped	0x1024abc74
StardewValley.GameData	461	0x060001ce	StardewValley.GameData.FishPonds.FishPondWaterColor	.ctor	0x2050	NoInlining	Public, HideBySig, SpecialName, RTSpecialName	0x10040b95c	0x948280dc	0x1024abccc	0x1024abccc	mapped	0x1024abccc
StardewValley.GameData	462	0x060001cf	StardewValley.GameData.Fences.FenceData	.ctor	0x2050	NoInlining	Public, HideBySig, SpecialName, RTSpecialName	0x10040b960	0x948280e6	0x1024abcf8	0x1024abcf8	mapped	0x1024abcf8
StardewValley.GameData	463	0x060001d0	StardewValley.GameData.FarmAnimals.AlternatePurchaseAnimals	.ctor	0x2050	NoInlining	Public, HideBySig, SpecialName, RTSpecialName	0x10040b964	0x9482812c	0x1024abe14	0x1024abe14	mapped	0x1024abe14
StardewValley.GameData	464	0x060001d1	StardewValley.GameData.FarmAnimals.FarmAnimalData	GetShadow	0x2050	NoInlining	Public, HideBySig	0x10040b968	0x9482812c	0x1024abe18	0x1024abe18	mapped	0x1024abe18
StardewValley.GameData	465	0x060001d2	StardewValley.GameData.FarmAnimals.FarmAnimalData	.ctor	0x2050	NoInlining	Public, HideBySig, SpecialName, RTSpecialName	0x10040b96c	0x94828151	0x1024abeb0	0x1024abeb0	mapped	0x1024abeb0
StardewValley.GameData	466	0x060001d3	StardewValley.GameData.FarmAnimals.FarmAnimalProduce	get_Id	0x2050	NoInlining	Public, HideBySig, SpecialName	0x10040b970	0x948281b9	0x1024ac054	0x1024ac054	mapped	0x1024ac054
StardewValley.GameData	467	0x060001d4	StardewValley.GameData.FarmAnimals.FarmAnimalProduce	set_Id	0x2050	NoInlining	Public, HideBySig, SpecialName	0x10040b974	0x948281c1	0x1024ac078	0x1024ac078	mapped	0x1024ac078
StardewValley.GameData	468	0x060001d5	StardewValley.GameData.FarmAnimals.FarmAnimalProduce	get_Condition	0x2050	NoInlining	Public, HideBySig, SpecialName	0x10040b978	0x948281d0	0x1024ac0b8	0x1024ac0b8	mapped	0x1024ac0b8
StardewValley.GameData	469	0x060001d6	StardewValley.GameData.FarmAnimals.FarmAnimalProduce	set_Condition	0x2050	NoInlining	Public, HideBySig, SpecialName	0x10040b97c	0x948281d8	0x1024ac0dc	0x1024ac0dc	mapped	0x1024ac0dc
StardewValley.GameData	470	0x060001d7	StardewValley.GameData.FarmAnimals.FarmAnimalProduce	get_MinimumFriendship	0x2050	NoInlining	Public, HideBySig, SpecialName	0x10040b980	0x948281e7	0x1024ac11c	0x1024ac11c	mapped	0x1024ac11c
StardewValley.GameData	471	0x060001d8	StardewValley.GameData.FarmAnimals.FarmAnimalProduce	set_MinimumFriendship	0x2050	NoInlining	Public, HideBySig, SpecialName	0x10040b984	0x948281ef	0x1024ac140	0x1024ac140	mapped	0x1024ac140
StardewValley.GameData	472	0x060001d9	StardewValley.GameData.FarmAnimals.FarmAnimalProduce	get_ItemId	0x2050	NoInlining	Public, HideBySig, SpecialName	0x10040b988	0x948281f7	0x1024ac164	0x1024ac164	mapped	0x1024ac164
StardewValley.GameData	473	0x060001da	StardewValley.GameData.FarmAnimals.FarmAnimalProduce	set_ItemId	0x2050	NoInlining	Public, HideBySig, SpecialName	0x10040b98c	0x948281ff	0x1024ac188	0x1024ac188	mapped	0x1024ac188
StardewValley.GameData	474	0x060001db	StardewValley.GameData.FarmAnimals.FarmAnimalProduce	.ctor	0x2050	NoInlining	Public, HideBySig, SpecialName, RTSpecialName	0x10040b990	0x9482820e	0x1024ac1c8	0x1024ac1c8	mapped	0x1024ac1c8
StardewValley.GameData	475	0x060001dc	StardewValley.GameData.FarmAnimals.FarmAnimalShadowData	.ctor	0x2050	NoInlining	Public, HideBySig, SpecialName, RTSpecialName	0x10040b994	0x9482820e	0x1024ac1cc	0x1024ac1cc	mapped	0x1024ac1cc
StardewValley.GameData	476	0x060001dd	StardewValley.GameData.FarmAnimals.FarmAnimalSkin	.ctor	0x2050	NoInlining	Public, HideBySig, SpecialName, RTSpecialName	0x10040b998	0x94828218	0x1024ac1f8	0x1024ac1f8	mapped	0x1024ac1f8
StardewValley.GameData	477	0x060001de	StardewValley.GameData.Crops.CropData	GetCustomTextureName	0x2050	NoInlining	Public, HideBySig	0x10040b99c	0x94828222	0x1024ac224	0x1024ac224	mapped	0x1024ac224
StardewValley.GameData	478	0x060001df	StardewValley.GameData.Crops.CropData	.ctor	0x2050	NoInlining	Public, HideBySig, SpecialName, RTSpecialName	0x10040b9a0	0x94828240	0x1024ac2a0	0x1024ac2a0	mapped	0x1024ac2a0
StardewValley.GameData	479	0x060001e0	StardewValley.GameData.Characters.CharacterAppearanceData	.ctor	0x2050	NoInlining	Public, HideBySig, SpecialName, RTSpecialName	0x10040b9a4	0x94828296	0x1024ac3fc	0x1024ac3fc	mapped	0x1024ac3fc
StardewValley.GameData	480	0x060001e1	StardewValley.GameData.Characters.CharacterData	.ctor	0x2050	NoInlining	Public, HideBySig, SpecialName, RTSpecialName	0x10040b9a8	0x948282a2	0x1024ac430	0x1024ac430	mapped	0x1024ac430
StardewValley.GameData	481	0x060001e2	StardewValley.GameData.Characters.CharacterHomeData	.ctor	0x2050	NoInlining	Public, HideBySig, SpecialName, RTSpecialName	0x10040b9ac	0x9482835c	0x1024ac71c	0x1024ac71c	mapped	0x1024ac71c
StardewValley.GameData	482	0x060001e3	StardewValley.GameData.Characters.CharacterShadowData	.ctor	0x2050	NoInlining	Public, HideBySig, SpecialName, RTSpecialName	0x10040b9b0	0x9482838b	0x1024ac7dc	0x1024ac7dc	mapped	0x1024ac7dc
StardewValley.GameData	483	0x060001e4	StardewValley.GameData.Characters.CharacterSpousePatioData	.ctor	0x2050	NoInlining	Public, HideBySig, SpecialName, RTSpecialName	0x10040b9b4	0x948283b5	0x1024ac888	0x1024ac888	mapped	0x1024ac888
StardewValley.GameData	484	0x060001e5	StardewValley.GameData.Characters.CharacterSpousePatioData	.cctor	0x2050	NoInlining	Private, Static, HideBySig, SpecialName, RTSpecialName	0x10040b9b8	0x948283cd	0x1024ac8ec	0x1024ac8ec	mapped	0x1024ac8ec
StardewValley.GameData	485	0x060001e6	StardewValley.GameData.Characters.CharacterSpouseRoomData	.ctor	0x2050	NoInlining	Public, HideBySig, SpecialName, RTSpecialName	0x10040b9bc	0x948283ed	0x1024ac970	0x1024ac970	mapped	0x1024ac970
StardewValley.GameData	486	0x060001e7	StardewValley.GameData.Characters.CharacterSpouseRoomData	.cctor	0x2050	NoInlining	Private, Static, HideBySig, SpecialName, RTSpecialName	0x10040b9c0	0x94828405	0x1024ac9d4	0x1024ac9d4	mapped	0x1024ac9d4
StardewValley.GameData	487	0x060001e8	StardewValley.GameData.Bundles.BundleData	get_Id	0x2050	NoInlining	Public, HideBySig, SpecialName	0x10040b9c4	0x94828425	0x1024aca58	0x1024aca58	mapped	0x1024aca58
StardewValley.GameData	488	0x060001e9	StardewValley.GameData.Bundles.BundleData	get_Name	0x2050	NoInlining	Public, HideBySig, SpecialName	0x10040b9c8	0x9482842d	0x1024aca7c	0x1024aca7c	mapped	0x1024aca7c
StardewValley.GameData	489	0x060001ea	StardewValley.GameData.Bundles.BundleData	set_Name	0x2050	NoInlining	Public, HideBySig, SpecialName	0x10040b9cc	0x94828435	0x1024acaa0	0x1024acaa0	mapped	0x1024acaa0
StardewValley.GameData	490	0x060001eb	StardewValley.GameData.Bundles.BundleData	get_Index	0x2050	NoInlining	Public, HideBySig, SpecialName	0x10040b9d0	0x94828444	0x1024acae0	0x1024acae0	mapped	0x1024acae0
StardewValley.GameData	491	0x060001ec	StardewValley.GameData.Bundles.BundleData	set_Index	0x2050	NoInlining	Public, HideBySig, SpecialName	0x10040b9d4	0x9482844c	0x1024acb04	0x1024acb04	mapped	0x1024acb04
StardewValley.GameData	492	0x060001ed	StardewValley.GameData.Bundles.BundleData	get_Sprite	0x2050	NoInlining	Public, HideBySig, SpecialName	0x10040b9d8	0x94828454	0x1024acb28	0x1024acb28	mapped	0x1024acb28
StardewValley.GameData	493	0x060001ee	StardewValley.GameData.Bundles.BundleData	set_Sprite	0x2050	NoInlining	Public, HideBySig, SpecialName	0x10040b9dc	0x9482845c	0x1024acb4c	0x1024acb4c	mapped	0x1024acb4c
StardewValley.GameData	494	0x060001ef	StardewValley.GameData.Bundles.BundleData	get_Color	0x2050	NoInlining	Public, HideBySig, SpecialName	0x10040b9e0	0x9482846b	0x1024acb8c	0x1024acb8c	mapped	0x1024acb8c
StardewValley.GameData	495	0x060001f0	StardewValley.GameData.Bundles.BundleData	set_Color	0x2050	NoInlining	Public, HideBySig, SpecialName	0x10040b9e4	0x94828473	0x1024acbb0	0x1024acbb0	mapped	0x1024acbb0
StardewValley.GameData	496	0x060001f1	StardewValley.GameData.Bundles.BundleData	get_Items	0x2050	NoInlining	Public, HideBySig, SpecialName	0x10040b9e8	0x94828482	0x1024acbf0	0x1024acbf0	mapped	0x1024acbf0
StardewValley.GameData	497	0x060001f2	StardewValley.GameData.Bundles.BundleData	set_Items	0x2050	NoInlining	Public, HideBySig, SpecialName	0x10040b9ec	0x9482848a	0x1024acc14	0x1024acc14	mapped	0x1024acc14
StardewValley.GameData	498	0x060001f3	StardewValley.GameData.Bundles.BundleData	get_Pick	0x2050	NoInlining	Public, HideBySig, SpecialName	0x10040b9f0	0x94828499	0x1024acc54	0x1024acc54	mapped	0x1024acc54
StardewValley.GameData	499	0x060001f4	StardewValley.GameData.Bundles.BundleData	set_Pick	0x2050	NoInlining	Public, HideBySig, SpecialName	0x10040b9f4	0x948284a1	0x1024acc78	0x1024acc78	mapped	0x1024acc78
StardewValley.GameData	500	0x060001f5	StardewValley.GameData.Bundles.BundleData	get_RequiredItems	0x2050	NoInlining	Public, HideBySig, SpecialName	0x10040b9f8	0x948284a9	0x1024acc9c	0x1024acc9c	mapped	0x1024acc9c
StardewValley.GameData	501	0x060001f6	StardewValley.GameData.Bundles.BundleData	set_RequiredItems	0x2050	NoInlining	Public, HideBySig, SpecialName	0x10040b9fc	0x948284b1	0x1024accc0	0x1024accc0	mapped	0x1024accc0
StardewValley.GameData	502	0x060001f7	StardewValley.GameData.Bundles.BundleData	get_Reward	0x2050	NoInlining	Public, HideBySig, SpecialName	0x10040ba00	0x948284b9	0x1024acce4	0x1024acce4	mapped	0x1024acce4
StardewValley.GameData	503	0x060001f8	StardewValley.GameData.Bundles.BundleData	set_Reward	0x2050	NoInlining	Public, HideBySig, SpecialName	0x10040ba04	0x948284c1	0x1024acd08	0x1024acd08	mapped	0x1024acd08
StardewValley.GameData	504	0x060001f9	StardewValley.GameData.Bundles.BundleData	.ctor	0x2050	NoInlining	Public, HideBySig, SpecialName, RTSpecialName	0x10040ba08	0x948284d0	0x1024acd48	0x1024acd48	mapped	0x1024acd48
StardewValley.GameData	505	0x060001fa	StardewValley.GameData.Bundles.BundleSetData	.ctor	0x2050	NoInlining	Public, HideBySig, SpecialName, RTSpecialName	0x10040ba0c	0x948284da	0x1024acd74	0x1024acd74	mapped	0x1024acd74
StardewValley.GameData	506	0x060001fb	StardewValley.GameData.Bundles.RandomBundleData	get_Id	0x2050	NoInlining	Public, HideBySig, SpecialName	0x10040ba10	0x94828509	0x1024ace34	0x1024ace34	mapped	0x1024ace34
StardewValley.GameData	507	0x060001fc	StardewValley.GameData.Bundles.RandomBundleData	get_AreaName	0x2050	NoInlining	Public, HideBySig, SpecialName	0x10040ba14	0x94828511	0x1024ace58	0x1024ace58	mapped	0x1024ace58
StardewValley.GameData	508	0x060001fd	StardewValley.GameData.Bundles.RandomBundleData	set_AreaName	0x2050	NoInlining	Public, HideBySig, SpecialName	0x10040ba18	0x94828519	0x1024ace7c	0x1024ace7c	mapped	0x1024ace7c
StardewValley.GameData	509	0x060001fe	StardewValley.GameData.Bundles.RandomBundleData	get_Keys	0x2050	NoInlining	Public, HideBySig, SpecialName	0x10040ba1c	0x94828528	0x1024acebc	0x1024acebc	mapped	0x1024acebc
StardewValley.GameData	510	0x060001ff	StardewValley.GameData.Bundles.RandomBundleData	set_Keys	0x2050	NoInlining	Public, HideBySig, SpecialName	0x10040ba20	0x94828530	0x1024acee0	0x1024acee0	mapped	0x1024acee0
StardewValley.GameData	511	0x06000200	StardewValley.GameData.Bundles.RandomBundleData	get_BundleSets	0x2050	NoInlining	Public, HideBySig, SpecialName	0x10040ba24	0x9482853f	0x1024acf20	0x1024acf20	mapped	0x1024acf20
StardewValley.GameData	512	0x06000201	StardewValley.GameData.Bundles.RandomBundleData	set_BundleSets	0x2050	NoInlining	Public, HideBySig, SpecialName	0x10040ba28	0x94828547	0x1024acf44	0x1024acf44	mapped	0x1024acf44
StardewValley.GameData	513	0x06000202	StardewValley.GameData.Bundles.RandomBundleData	get_Bundles	0x2050	NoInlining	Public, HideBySig, SpecialName	0x10040ba2c	0x94828556	0x1024acf84	0x1024acf84	mapped	0x1024acf84
StardewValley.GameData	514	0x06000203	StardewValley.GameData.Bundles.RandomBundleData	set_Bundles	0x2050	NoInlining	Public, HideBySig, SpecialName	0x10040ba30	0x9482855e	0x1024acfa8	0x1024acfa8	mapped	0x1024acfa8
StardewValley.GameData	515	0x06000204	StardewValley.GameData.Bundles.RandomBundleData	.ctor	0x2050	NoInlining	Public, HideBySig, SpecialName, RTSpecialName	0x10040ba34	0x9482856d	0x1024acfe8	0x1024acfe8	mapped	0x1024acfe8
StardewValley.GameData	516	0x06000205	StardewValley.GameData.Buildings.BuildingActionTile	.ctor	0x2050	NoInlining	Public, HideBySig, SpecialName, RTSpecialName	0x10040ba38	0x948285ad	0x1024ad0ec	0x1024ad0ec	mapped	0x1024ad0ec
StardewValley.GameData	517	0x06000206	StardewValley.GameData.Buildings.BuildingChest	.ctor	0x2050	NoInlining	Public, HideBySig, SpecialName, RTSpecialName	0x10040ba3c	0x948285ad	0x1024ad0f0	0x1024ad0f0	mapped	0x1024ad0f0
StardewValley.GameData	518	0x06000207	StardewValley.GameData.Buildings.BuildingData	IsTilePassable	0x2050	NoInlining	Public, HideBySig	0x10040ba40	0x948285b8	0x1024ad120	0x1024ad120	mapped	0x1024ad120
StardewValley.GameData	519	0x06000208	StardewValley.GameData.Buildings.BuildingData	GetActionAtTile	0x2050	NoInlining	Public, HideBySig	0x10040ba44	0x94828669	0x1024ad3e8	0x1024ad3e8	mapped	0x1024ad3e8
StardewValley.GameData	520	0x06000209	StardewValley.GameData.Buildings.BuildingData	HasPropertyAtTile	0x2050	NoInlining	Public, HideBySig	0x10040ba48	0x94828726	0x1024ad6e0	0x1024ad6e0	mapped	0x1024ad6e0
StardewValley.GameData	521	0x0600020a	StardewValley.GameData.Buildings.BuildingData	.ctor	0x2050	NoInlining	Public, HideBySig, SpecialName, RTSpecialName	0x10040ba4c	0x94828851	0x1024adb90	0x1024adb90	mapped	0x1024adb90
StardewValley.GameData	522	0x0600020b	StardewValley.GameData.Buildings.BuildingDrawLayer	GetSourceRect	0x2050	NoInlining	Public, HideBySig	0x10040ba50	0x94828918	0x1024adeb0	0x1024adeb0	mapped	0x1024adeb0
StardewValley.GameData	523	0x0600020c	StardewValley.GameData.Buildings.BuildingDrawLayer	.ctor	0x2050	NoInlining	Public, HideBySig, SpecialName, RTSpecialName	0x10040ba54	0x9482894d	0x1024adf88	0x1024adf88	mapped	0x1024adf88
StardewValley.GameData	524	0x0600020d	StardewValley.GameData.Buildings.BuildingItemConversion	.ctor	0x2050	NoInlining	Public, HideBySig, SpecialName, RTSpecialName	0x10040ba58	0x94828982	0x1024ae060	0x1024ae060	mapped	0x1024ae060
StardewValley.GameData	525	0x0600020e	StardewValley.GameData.Buildings.BuildingMaterial	get_Id	0x2050	NoInlining	Public, HideBySig, SpecialName	0x10040ba5c	0x9482898c	0x1024ae08c	0x1024ae08c	mapped	0x1024ae08c
StardewValley.GameData	526	0x0600020f	StardewValley.GameData.Buildings.BuildingMaterial	get_ItemId	0x2050	NoInlining	Public, HideBySig, SpecialName	0x10040ba60	0x94828994	0x1024ae0b0	0x1024ae0b0	mapped	0x1024ae0b0
StardewValley.GameData	527	0x06000210	StardewValley.GameData.Buildings.BuildingMaterial	set_ItemId	0x2050	NoInlining	Public, HideBySig, SpecialName	0x10040ba64	0x9482899c	0x1024ae0d4	0x1024ae0d4	mapped	0x1024ae0d4
StardewValley.GameData	528	0x06000211	StardewValley.GameData.Buildings.BuildingMaterial	get_Amount	0x2050	NoInlining	Public, HideBySig, SpecialName	0x10040ba68	0x948289ab	0x1024ae114	0x1024ae114	mapped	0x1024ae114
StardewValley.GameData	529	0x06000212	StardewValley.GameData.Buildings.BuildingMaterial	set_Amount	0x2050	NoInlining	Public, HideBySig, SpecialName	0x10040ba6c	0x948289b3	0x1024ae138	0x1024ae138	mapped	0x1024ae138
StardewValley.GameData	530	0x06000213	StardewValley.GameData.Buildings.BuildingMaterial	.ctor	0x2050	NoInlining	Public, HideBySig, SpecialName, RTSpecialName	0x10040ba70	0x948289bb	0x1024ae15c	0x1024ae15c	mapped	0x1024ae15c
StardewValley.GameData	531	0x06000214	StardewValley.GameData.Buildings.BuildingPlacementTile	.ctor	0x2050	NoInlining	Public, HideBySig, SpecialName, RTSpecialName	0x10040ba74	0x948289bb	0x1024ae160	0x1024ae160	mapped	0x1024ae160
StardewValley.GameData	532	0x06000215	StardewValley.GameData.Buildings.BuildingSkin	.ctor	0x2050	NoInlining	Public, HideBySig, SpecialName, RTSpecialName	0x10040ba78	0x948289bb	0x1024ae164	0x1024ae164	mapped	0x1024ae164
StardewValley.GameData	533	0x06000216	StardewValley.GameData.Buildings.BuildingTileProperty	.ctor	0x2050	NoInlining	Public, HideBySig, SpecialName, RTSpecialName	0x10040ba7c	0x948289e6	0x1024ae214	0x1024ae214	mapped	0x1024ae214
StardewValley.GameData	534	0x06000217	StardewValley.GameData.Buildings.IndoorItemAdd	.ctor	0x2050	NoInlining	Public, HideBySig, SpecialName, RTSpecialName	0x10040ba80	0x948289e6	0x1024ae218	0x1024ae218	mapped	0x1024ae218
StardewValley.GameData	535	0x06000218	StardewValley.GameData.Buildings.IndoorItemMove	.ctor	0x2050	NoInlining	Public, HideBySig, SpecialName, RTSpecialName	0x10040ba84	0x948289f0	0x1024ae244	0x1024ae244	mapped	0x1024ae244
StardewValley.GameData	536	0x06000219	StardewValley.GameData.Buffs.BuffAttributesData	.ctor	0x2050	NoInlining	Public, HideBySig, SpecialName, RTSpecialName	0x10040ba88	0x948289fa	0x1024ae270	0x1024ae270	mapped	0x1024ae270
StardewValley.GameData	537	0x0600021a	StardewValley.GameData.Buffs.BuffData	.ctor	0x2050	NoInlining	Public, HideBySig, SpecialName, RTSpecialName	0x10040ba8c	0x948289fa	0x1024ae274	0x1024ae274	mapped	0x1024ae274
StardewValley.GameData	538	0x0600021b	StardewValley.GameData.BigCraftables.BigCraftableData	.ctor	0x2050	NoInlining	Public, HideBySig, SpecialName, RTSpecialName	0x10040ba90	0x94828a04	0x1024ae2a0	0x1024ae2a0	mapped	0x1024ae2a0
