assembly	index	token	type	method	rva	impl_attrs	attrs	call_entry	call_insn	initial_target	native_address	status	resolve_chain
System.Security.Cryptography	0	0x06000001	Interop+CoreFoundation	CFStringCreateWithBytes	0x2050	NoInlining	Private, Static, HideBySig	0x10057bd10	0x94915da2	0x1029d3398	0x1029d3398	mapped	0x1029d3398
System.Security.Cryptography	1	0x06000002	Interop+CoreFoundation	CFStringCreateWithCString	0x2050	NoInlining	Private, Static, HideBySig	0x10057bd14	0x94915df2	0x1029d34dc	0x1029d34dc	mapped	0x1029d34dc
System.Security.Cryptography	2	0x06000003	Interop+CoreFoundation	CFStringCreateWithCString	0x2050	NoInlining	Assembly, Static, HideBySig	0x10057bd18	0x94915e45	0x1029d362c	0x1029d362c	mapped	0x1029d362c
System.Security.Cryptography	3	0x06000004	Interop+CoreFoundation	CFStringCreateFromSpan	0x2050	NoInlining	Assembly, Static, HideBySig	0x10057bd1c	0x94915e60	0x1029d369c	0x1029d369c	mapped	0x1029d369c
System.Security.Cryptography	4	0x06000005	Interop+CoreFoundation	CFArrayCreate	0x2050	NoInlining	Private, Static, HideBySig	0x10057bd20	0x94915e7f	0x1029d371c	0x1029d371c	mapped	0x1029d371c
System.Security.Cryptography	5	0x06000006	Interop+CoreFoundation	CFArrayCreate	0x2050	NoInlining	Assembly, Static, HideBySig	0x10057bd24	0x94915eca	0x1029d384c	0x1029d384c	mapped	0x1029d384c
System.Security.Cryptography	6	0x06000007	Interop+CoreFoundation	CFArrayCreate	0x2050	NoInlining	Assembly, Static, HideBySig	0x10057bd28	0x94915eed	0x1029d38dc	0x1029d38dc	mapped	0x1029d38dc
System.Security.Cryptography	7	0x06000008	Interop+CoreFoundation	CFRelease	0x0	136	Assembly, Static, HideBySig, PinvokeImpl	0x10057bd2c	0x97fffff9	0x10057bd10		absent	0x10057bd10
System.Security.Cryptography	8	0x06000009	Interop+CoreFoundation	_CFArrayGetCount	0x2050	NoInlining	Private, Static, HideBySig	0x10057bd30	0x94915f08	0x1029d3950	0x1029d3950	mapped	0x1029d3950
System.Security.Cryptography	9	0x0600000a	Interop+CoreFoundation	CFArrayGetValueAtIndex	0x2050	NoInlining	Private, Static, HideBySig	0x10057bd34	0x94915f41	0x1029d3a38	0x1029d3a38	mapped	0x1029d3a38
System.Security.Cryptography	10	0x0600000b	Interop+CoreFoundation	CFArrayGetCount	0x2050	NoInlining	Assembly, Static, HideBySig	0x10057bd38	0x94915f7c	0x1029d3b28	0x1029d3b28	mapped	0x1029d3b28
System.Security.Cryptography	11	0x0600000c	Interop+CoreFoundation	CFArrayGetValueAtIndex	0x2050	NoInlining	Assembly, Static, HideBySig	0x10057bd3c	0x94915f94	0x1029d3b8c	0x1029d3b8c	mapped	0x1029d3b8c
System.Security.Cryptography	12	0x0600000d	Interop+CoreFoundation	CFDataGetBytePtr	0x2050	NoInlining	Private, Static, HideBySig	0x10057bd40	0x94915fae	0x1029d3bf8	0x1029d3bf8	mapped	0x1029d3bf8
System.Security.Cryptography	13	0x0600000e	Interop+CoreFoundation	CFDataGetLength	0x2050	NoInlining	Private, Static, HideBySig	0x10057bd44	0x94915fe7	0x1029d3ce0	0x1029d3ce0	mapped	0x1029d3ce0
System.Security.Cryptography	14	0x0600000f	Interop+CoreFoundation	CFDataDangerousGetSpan	0x2050	NoInlining	Assembly, Static, HideBySig	0x10057bd48	0x94916020	0x1029d3dc8	0x1029d3dc8	mapped	0x1029d3dc8
System.Security.Cryptography	15	0x06000010	Interop+CoreFoundation	CFGetData	0x2050	NoInlining	Assembly, Static, HideBySig	0x10057bd4c	0x9491604d	0x1029d3e80	0x1029d3e80	mapped	0x1029d3e80
System.Security.Cryptography	16	0x06000011	Interop+CoreFoundation	CFDateCreate	0x2050	NoInlining	Private, Static, HideBySig	0x10057bd50	0x949160a4	0x1029d3fe0	0x1029d3fe0	mapped	0x1029d3fe0
System.Security.Cryptography	17	0x06000012	Interop+CoreFoundation	CFDateCreate	0x2050	NoInlining	Assembly, Static, HideBySig	0x10057bd54	0x949160eb	0x1029d4100	0x1029d4100	mapped	0x1029d4100
System.Security.Cryptography	18	0x06000013	Interop+CoreFoundation	CFErrorGetCode	0x2050	NoInlining	Private, Static, HideBySig	0x10057bd58	0x94916124	0x1029d41e8	0x1029d41e8	mapped	0x1029d41e8
System.Security.Cryptography	19	0x06000014	Interop+CoreFoundation	CFErrorCopyDescription	0x2050	NoInlining	Private, Static, HideBySig	0x10057bd5c	0x9491615d	0x1029d42d0	0x1029d42d0	mapped	0x1029d42d0
System.Security.Cryptography	20	0x06000015	Interop+CoreFoundation	GetErrorCode	0x2050	NoInlining	Assembly, Static, HideBySig	0x10057bd60	0x949161ac	0x1029d4410	0x1029d4410	mapped	0x1029d4410
System.Security.Cryptography	21	0x06000016	Interop+CoreFoundation	GetErrorDescription	0x2050	NoInlining	Assembly, Static, HideBySig	0x10057bd64	0x949161c4	0x1029d4474	0x1029d4474	mapped	0x1029d4474
System.Security.Cryptography	22	0x06000017	Interop+CoreFoundation	CFStringGetCStringPtr	0x2050	NoInlining	Private, Static, HideBySig	0x10057bd68	0x9491620a	0x1029d4590	0x1029d4590	mapped	0x1029d4590
System.Security.Cryptography	23	0x06000018	Interop+CoreFoundation	CFStringCreateExternalRepresentation	0x2050	NoInlining	Private, Static, HideBySig	0x10057bd6c	0x94916245	0x1029d4680	0x1029d4680	mapped	0x1029d4680
System.Security.Cryptography	24	0x06000019	Interop+CoreFoundation	CFStringToString	0x2050	NoInlining	Assembly, Static, HideBySig	0x10057bd70	0x97ff96b8	0x100561850	0x100561850	mapped	0x100561850
System.Security.Cryptography	25	0x0600001a	Interop+CoreFoundation	.cctor	0x2050	NoInlining	Private, Static, HideBySig, SpecialName, RTSpecialName	0x10057bd74	0x9491629b	0x1029d47e0	0x1029d47e0	mapped	0x1029d47e0
System.Security.Cryptography	26	0x0600001b	Interop+CoreFoundation	<CFStringCreateWithBytes>g____PInvoke|1_0	0x0	136	Assembly, Static, HideBySig, PinvokeImpl	0x10057bd78	0x97ffffe6	0x10057bd10		absent	0x10057bd10
System.Security.Cryptography	27	0x0600001c	Interop+CoreFoundation	<CFStringCreateWithCString>g____PInvoke|2_0	0x0	136	Assembly, Static, HideBySig, PinvokeImpl	0x10057bd7c	0x97ffffe5	0x10057bd10		absent	0x10057bd10
System.Security.Cryptography	28	0x0600001d	Interop+CoreFoundation	<CFArrayCreate>g____PInvoke|7_0	0x0	136	Assembly, Static, HideBySig, PinvokeImpl	0x10057bd80	0x97ffffe4	0x10057bd10		absent	0x10057bd10
System.Security.Cryptography	29	0x0600001e	Interop+CoreFoundation	<_CFArrayGetCount>g____PInvoke|12_0	0x0	136	Assembly, Static, HideBySig, PinvokeImpl	0x10057bd84	0x97ffffe3	0x10057bd10		absent	0x10057bd10
System.Security.Cryptography	30	0x0600001f	Interop+CoreFoundation	<CFArrayGetValueAtIndex>g____PInvoke|13_0	0x0	136	Assembly, Static, HideBySig, PinvokeImpl	0x10057bd88	0x97ffffe2	0x10057bd10		absent	0x10057bd10
System.Security.Cryptography	31	0x06000020	Interop+CoreFoundation	<CFDataGetBytePtr>g____PInvoke|16_0	0x0	136	Assembly, Static, HideBySig, PinvokeImpl	0x10057bd8c	0x97ffffe1	0x10057bd10		absent	0x10057bd10
System.Security.Cryptography	32	0x06000021	Interop+CoreFoundation	<CFDataGetLength>g____PInvoke|17_0	0x0	136	Assembly, Static, HideBySig, PinvokeImpl	0x10057bd90	0x97ffffe0	0x10057bd10		absent	0x10057bd10
System.Security.Cryptography	33	0x06000022	Interop+CoreFoundation	<CFDateCreate>g____PInvoke|22_0	0x0	136	Assembly, Static, HideBySig, PinvokeImpl	0x10057bd94	0x97ffffdf	0x10057bd10		absent	0x10057bd10
System.Security.Cryptography	34	0x06000023	Interop+CoreFoundation	<CFErrorGetCode>g____PInvoke|24_0	0x0	136	Assembly, Static, HideBySig, PinvokeImpl	0x10057bd98	0x97ffffde	0x10057bd10		absent	0x10057bd10
System.Security.Cryptography	35	0x06000024	Interop+CoreFoundation	<CFErrorCopyDescription>g____PInvoke|25_0	0x0	136	Assembly, Static, HideBySig, PinvokeImpl	0x10057bd9c	0x97ffffdd	0x10057bd10		absent	0x10057bd10
System.Security.Cryptography	36	0x06000025	Interop+CoreFoundation	<CFStringGetCStringPtr>g____PInvoke|28_0	0x0	136	Assembly, Static, HideBySig, PinvokeImpl	0x10057bda0	0x97ffffdc	0x10057bd10		absent	0x10057bd10
System.Security.Cryptography	37	0x06000026	Interop+CoreFoundation	<CFStringCreateExternalRepresentation>g____PInvoke|29_0	0x0	136	Assembly, Static, HideBySig, PinvokeImpl	0x10057bda4	0x97ffffdb	0x10057bd10		absent	0x10057bd10
System.Security.Cryptography	38	0x06000027	Interop+AppleCrypto	DigestFree	0x0	136	Assembly, Static, HideBySig, PinvokeImpl	0x10057bda8	0x97ffffda	0x10057bd10		absent	0x10057bd10
System.Security.Cryptography	39	0x06000028	Interop+AppleCrypto	DigestCreate	0x2050	NoInlining	Assembly, Static, HideBySig	0x10057bdac	0x97ff9729	0x100561a50	0x100561a50	mapped	0x100561a50
System.Security.Cryptography	40	0x06000029	Interop+AppleCrypto	DigestUpdate	0x2050	NoInlining	Assembly, Static, HideBySig	0x10057bdb0	0x949162b0	0x1029d4870	0x1029d4870	mapped	0x1029d4870
System.Security.Cryptography	41	0x0600002a	Interop+AppleCrypto	DigestUpdate	0x2050	NoInlining	Private, Static, HideBySig	0x10057bdb4	0x97ff977b	0x100561ba0	0x100561ba0	mapped	0x100561ba0
System.Security.Cryptography	42	0x0600002b	Interop+AppleCrypto	DigestFinal	0x2050	NoInlining	Assembly, Static, HideBySig	0x10057bdb8	0x949162cd	0x1029d48ec	0x1029d48ec	mapped	0x1029d48ec
System.Security.Cryptography	43	0x0600002c	Interop+AppleCrypto	DigestFinal	0x2050	NoInlining	Private, Static, HideBySig	0x10057bdbc	0x97ff97cd	0x100561cf0	0x100561cf0	mapped	0x100561cf0
System.Security.Cryptography	44	0x0600002d	Interop+AppleCrypto	DigestOneShot	0x0	136	Assembly, Static, HideBySig, PinvokeImpl	0x10057bdc0	0x97ffffd4	0x10057bd10		absent	0x10057bd10
System.Security.Cryptography	45	0x0600002e	Interop+AppleCrypto	DigestReset	0x2050	NoInlining	Assembly, Static, HideBySig	0x10057bdc4	0x949162e9	0x1029d4968	0x1029d4968	mapped	0x1029d4968
System.Security.Cryptography	46	0x0600002f	Interop+AppleCrypto	AppleCryptoNative_EccGenerateKey	0x2050	NoInlining	Private, Static, HideBySig	0x10057bdc8	0x94916322	0x1029d4a50	0x1029d4a50	mapped	0x1029d4a50
System.Security.Cryptography	47	0x06000030	Interop+AppleCrypto	EccGetKeySizeInBits	0x2050	NoInlining	Assembly, Static, HideBySig	0x10057bdcc	0x9491639f	0x1029d4c48	0x1029d4c48	mapped	0x1029d4c48
System.Security.Cryptography	48	0x06000031	Interop+AppleCrypto	EccGenerateKey	0x2050	NoInlining	Assembly, Static, HideBySig	0x10057bdd0	0x97ff981c	0x100561e40	0x100561e40	mapped	0x100561e40
System.Security.Cryptography	49	0x06000032	Interop+AppleCrypto	CreateExceptionForCCError	0x2050	NoInlining	Assembly, Static, HideBySig	0x10057bdd4	0x949163d7	0x1029d4d30	0x1029d4d30	mapped	0x1029d4d30
System.Security.Cryptography	50	0x06000033	Interop+AppleCrypto	CreateExceptionForCFError	0x2050	NoInlining	Assembly, Static, HideBySig	0x10057bdd8	0x9491640a	0x1029d4e00	0x1029d4e00	mapped	0x1029d4e00
System.Security.Cryptography	51	0x06000034	Interop+AppleCrypto	HmacFree	0x0	136	Assembly, Static, HideBySig, PinvokeImpl	0x10057bddc	0x97ffffcd	0x10057bd10		absent	0x10057bd10
System.Security.Cryptography	52	0x06000035	Interop+AppleCrypto	HmacCreate	0x2050	NoInlining	Assembly, Static, HideBySig	0x10057bde0	0x97ff98ac	0x100562090	0x100562090	mapped	0x100562090
System.Security.Cryptography	53	0x06000036	Interop+AppleCrypto	HmacInit	0x2050	NoInlining	Private, Static, HideBySig	0x10057bde4	0x94916449	0x1029d4f08	0x1029d4f08	mapped	0x1029d4f08
System.Security.Cryptography	54	0x06000037	Interop+AppleCrypto	HmacInit	0x2050	NoInlining	Assembly, Static, HideBySig	0x10057bde8	0x94916488	0x1029d5008	0x1029d5008	mapped	0x1029d5008
System.Security.Cryptography	55	0x06000038	Interop+AppleCrypto	HmacUpdate	0x2050	NoInlining	Assembly, Static, HideBySig	0x10057bdec	0x949164a6	0x1029d5084	0x1029d5084	mapped	0x1029d5084
System.Security.Cryptography	56	0x06000039	Interop+AppleCrypto	HmacUpdate	0x2050	NoInlining	Private, Static, HideBySig	0x10057bdf0	0x97ff98fc	0x1005621e0	0x1005621e0	mapped	0x1005621e0
System.Security.Cryptography	57	0x0600003a	Interop+AppleCrypto	HmacFinal	0x2050	NoInlining	Assembly, Static, HideBySig	0x10057bdf4	0x949164c3	0x1029d5100	0x1029d5100	mapped	0x1029d5100
System.Security.Cryptography	58	0x0600003b	Interop+AppleCrypto	HmacFinal	0x2050	NoInlining	Private, Static, HideBySig	0x10057bdf8	0x97ff994e	0x100562330	0x100562330	mapped	0x100562330
System.Security.Cryptography	59	0x0600003c	Interop+AppleCrypto	HmacOneShot	0x0	136	Assembly, Static, HideBySig, PinvokeImpl	0x10057bdfc	0x97ffffc5	0x10057bd10		absent	0x10057bd10
System.Security.Cryptography	60	0x0600003d	Interop+AppleCrypto	GetRandomBytes	0x2050	NoInlining	Assembly, Static, HideBySig	0x10057be00	0x949164df	0x1029d517c	0x1029d517c	mapped	0x1029d517c
System.Security.Cryptography	61	0x0600003e	Interop+AppleCrypto	AppleCryptoNative_GetRandomBytes	0x0	136	Private, Static, HideBySig, PinvokeImpl	0x10057be04	0x97ffffc3	0x10057bd10		absent	0x10057bd10
System.Security.Cryptography	62	0x0600003f	Interop+AppleCrypto	AppleCryptoNative_RsaGenerateKey	0x2050	NoInlining	Private, Static, HideBySig	0x10057be08	0x9491650e	0x1029d5240	0x1029d5240	mapped	0x1029d5240
System.Security.Cryptography	63	0x06000040	Interop+AppleCrypto	RsaGenerateKey	0x2050	NoInlining	Assembly, Static, HideBySig	0x10057be0c	0x97ff999d	0x100562480	0x100562480	mapped	0x100562480
System.Security.Cryptography	64	0x06000041	Interop+AppleCrypto	CreateExceptionForOSStatus	0x2050	NoInlining	Assembly, Static, HideBySig	0x10057be10	0x9491658a	0x1029d5438	0x1029d5438	mapped	0x1029d5438
System.Security.Cryptography	65	0x06000042	Interop+AppleCrypto	AppleCryptoNative_SecCopyErrorMessageString	0x2050	NoInlining	Private, Static, HideBySig	0x10057be14	0x949165b9	0x1029d54f8	0x1029d54f8	mapped	0x1029d54f8
System.Security.Cryptography	66	0x06000043	Interop+AppleCrypto	GetSecErrorString	0x2050	NoInlining	Assembly, Static, HideBySig	0x10057be18	0x949165fc	0x1029d5608	0x1029d5608	mapped	0x1029d5608
System.Security.Cryptography	67	0x06000044	Interop+AppleCrypto	AppleCryptoNative_SecKeyGetSimpleKeySizeInBytes	0x2050	NoInlining	Private, Static, HideBySig	0x10057be1c	0x9491664a	0x1029d5744	0x1029d5744	mapped	0x1029d5744
System.Security.Cryptography	68	0x06000045	Interop+AppleCrypto	GetSimpleKeySizeInBits	0x2050	NoInlining	Assembly, Static, HideBySig	0x10057be20	0x94916683	0x1029d582c	0x1029d582c	mapped	0x1029d582c
System.Security.Cryptography	69	0x06000046	Interop+AppleCrypto	CreateDataKey	0x2050	NoInlining	Assembly, Static, HideBySig	0x10057be24	0x949166a4	0x1029d58b4	0x1029d58b4	mapped	0x1029d58b4
System.Security.Cryptography	70	0x06000047	Interop+AppleCrypto	TrySecKeyCopyExternalRepresentation	0x2050	NoInlining	Assembly, Static, HideBySig	0x10057be28	0x97ff9a2a	0x1005626d0	0x1005626d0	mapped	0x1005626d0
System.Security.Cryptography	71	0x06000048	Interop+AppleCrypto	AppleCryptoNative_SecKeyCreateWithData	0x2050	NoInlining	Private, Static, HideBySig	0x10057be2c	0x949166f7	0x1029d5a08	0x1029d5a08	mapped	0x1029d5a08
System.Security.Cryptography	72	0x06000049	Interop+AppleCrypto	AppleCryptoNative_SecKeyCopyExternalRepresentation	0x2050	NoInlining	Private, Static, HideBySig	0x10057be30	0x94916765	0x1029d5bc4	0x1029d5bc4	mapped	0x1029d5bc4
System.Security.Cryptography	73	0x0600004a	Interop+AppleCrypto	CopyPublicKey	0x2050	NoInlining	Assembly, Static, HideBySig	0x10057be34	0x949167d7	0x1029d5d90	0x1029d5d90	mapped	0x1029d5d90
System.Security.Cryptography	74	0x0600004b	Interop+AppleCrypto	CryptorFree	0x0	136	Assembly, Static, HideBySig, PinvokeImpl	0x10057be38	0x97ffffb6	0x10057bd10		absent	0x10057bd10
System.Security.Cryptography	75	0x0600004c	Interop+AppleCrypto	CryptorCreate	0x2050	NoInlining	Assembly, Static, HideBySig	0x10057be3c	0x97ff9acd	0x100562970	0x100562970	mapped	0x100562970
System.Security.Cryptography	76	0x0600004d	Interop+AppleCrypto	CryptorUpdate	0x2050	NoInlining	Assembly, Static, HideBySig	0x10057be40	0x97ff9b58	0x100562ba0	0x100562ba0	mapped	0x100562ba0
System.Security.Cryptography	77	0x0600004e	Interop+AppleCrypto	CryptorReset	0x2050	NoInlining	Assembly, Static, HideBySig	0x10057be44	0x97ff9bc7	0x100562d60	0x100562d60	mapped	0x100562d60
System.Security.Cryptography	78	0x0600004f	Interop+AppleCrypto	AppleCryptoNative_X509GetRawData	0x2050	NoInlining	Private, Static, HideBySig	0x10057be48	0x97ff9c1a	0x100562eb0	0x100562eb0	mapped	0x100562eb0
System.Security.Cryptography	79	0x06000050	Interop+AppleCrypto	AppleCryptoNative_X509GetSubjectSummary	0x2050	NoInlining	Private, Static, HideBySig	0x10057be4c	0x94916821	0x1029d5ed0	0x1029d5ed0	mapped	0x1029d5ed0
System.Security.Cryptography	80	0x06000051	Interop+AppleCrypto	AppleCryptoNative_X509GetPublicKey	0x2050	NoInlining	Private, Static, HideBySig	0x10057be50	0x9491687b	0x1029d603c	0x1029d603c	mapped	0x1029d603c
System.Security.Cryptography	81	0x06000052	Interop+AppleCrypto	X509GetContentType	0x2050	NoInlining	Assembly, Static, HideBySig	0x10057be54	0x949168d5	0x1029d61a8	0x1029d61a8	mapped	0x1029d61a8
System.Security.Cryptography	82	0x06000053	Interop+AppleCrypto	X509GetContentType	0x2050	NoInlining	Private, Static, HideBySig	0x10057be58	0x949168ef	0x1029d6214	0x1029d6214	mapped	0x1029d6214
System.Security.Cryptography	83	0x06000054	Interop+AppleCrypto	AppleCryptoNative_X509CopyCertFromIdentity	0x2050	NoInlining	Private, Static, HideBySig	0x10057be5c	0x94916909	0x1029d6280	0x1029d6280	mapped	0x1029d6280
System.Security.Cryptography	84	0x06000055	Interop+AppleCrypto	AppleCryptoNative_X509CopyPrivateKeyFromIdentity	0x2050	NoInlining	Private, Static, HideBySig	0x10057be60	0x94916963	0x1029d63ec	0x1029d63ec	mapped	0x1029d63ec
System.Security.Cryptography	85	0x06000056	Interop+AppleCrypto	AppleCryptoNative_X509DemuxAndRetainHandle	0x2050	NoInlining	Private, Static, HideBySig	0x10057be64	0x949169bd	0x1029d6558	0x1029d6558	mapped	0x1029d6558
System.Security.Cryptography	86	0x06000057	Interop+AppleCrypto	X509GetRawData	0x2050	NoInlining	Assembly, Static, HideBySig	0x10057be68	0x94916a23	0x1029d66f4	0x1029d66f4	mapped	0x1029d66f4
System.Security.Cryptography	87	0x06000058	Interop+AppleCrypto	X509GetSubjectSummary	0x2050	NoInlining	Assembly, Static, HideBySig	0x10057be6c	0x94916a6f	0x1029d6828	0x1029d6828	mapped	0x1029d6828
System.Security.Cryptography	88	0x06000059	Interop+AppleCrypto	X509GetPrivateKeyFromIdentity	0x2050	NoInlining	Assembly, Static, HideBySig	0x10057be70	0x94916ac3	0x1029d697c	0x1029d697c	mapped	0x1029d697c
System.Security.Cryptography	89	0x0600005a	Interop+AppleCrypto	X509GetPublicKey	0x2050	NoInlining	Assembly, Static, HideBySig	0x10057be74	0x94916b06	0x1029d6a8c	0x1029d6a8c	mapped	0x1029d6a8c
System.Security.Cryptography	90	0x0600005b	Interop+AppleCrypto	X509ChainCreateDefaultPolicy	0x2050	NoInlining	Assembly, Static, HideBySig	0x10057be78	0x94916b32	0x1029d6b40	0x1029d6b40	mapped	0x1029d6b40
System.Security.Cryptography	91	0x0600005c	Interop+AppleCrypto	X509ChainCreateRevocationPolicy	0x2050	NoInlining	Assembly, Static, HideBySig	0x10057be7c	0x94916b71	0x1029d6c40	0x1029d6c40	mapped	0x1029d6c40
System.Security.Cryptography	92	0x0600005d	Interop+AppleCrypto	AppleCryptoNative_X509ChainCreate	0x2050	NoInlining	Assembly, Static, HideBySig	0x10057be80	0x97ff9c8c	0x1005630b0	0x1005630b0	mapped	0x1005630b0
System.Security.Cryptography	93	0x0600005e	Interop+AppleCrypto	AppleCryptoNative_X509ChainEvaluate	0x2050	NoInlining	Assembly, Static, HideBySig	0x10057be84	0x97ff9d23	0x100563310	0x100563310	mapped	0x100563310
System.Security.Cryptography	94	0x0600005f	Interop+AppleCrypto	X509ChainGetChainSize	0x2050	NoInlining	Assembly, Static, HideBySig	0x10057be88	0x94916bae	0x1029d6d40	0x1029d6d40	mapped	0x1029d6d40
System.Security.Cryptography	95	0x06000060	Interop+AppleCrypto	X509ChainGetCertificateAtIndex	0x2050	NoInlining	Assembly, Static, HideBySig	0x10057be8c	0x94916be7	0x1029d6e28	0x1029d6e28	mapped	0x1029d6e28
System.Security.Cryptography	96	0x06000061	Interop+AppleCrypto	X509ChainGetTrustResults	0x2050	NoInlining	Assembly, Static, HideBySig	0x10057be90	0x94916c22	0x1029d6f18	0x1029d6f18	mapped	0x1029d6f18
System.Security.Cryptography	97	0x06000062	Interop+AppleCrypto	X509ChainGetStatusAtIndex	0x2050	NoInlining	Assembly, Static, HideBySig	0x10057be94	0x97ff9d8b	0x1005634c0	0x1005634c0	mapped	0x1005634c0
System.Security.Cryptography	98	0x06000063	Interop+AppleCrypto	GetOSStatusForChainStatus	0x0	136	Assembly, Static, HideBySig, PinvokeImpl	0x10057be98	0x97ffff9e	0x10057bd10		absent	0x10057bd10
System.Security.Cryptography	99	0x06000064	Interop+AppleCrypto	X509ChainSetTrustAnchorCertificates	0x2050	NoInlining	Assembly, Static, HideBySig	0x10057be9c	0x94916c6f	0x1029d7058	0x1029d7058	mapped	0x1029d7058
System.Security.Cryptography	100	0x06000065	Interop+AppleCrypto	AppleCryptoNative_SecKeychainEnumerateCerts	0x2050	NoInlining	Private, Static, HideBySig	0x10057bea0	0x94916cbb	0x1029d718c	0x1029d718c	mapped	0x1029d718c
System.Security.Cryptography	101	0x06000066	Interop+AppleCrypto	AppleCryptoNative_SecKeychainEnumerateIdentities	0x2050	NoInlining	Private, Static, HideBySig	0x10057bea4	0x94916d07	0x1029d72c0	0x1029d72c0	mapped	0x1029d72c0
System.Security.Cryptography	102	0x06000067	Interop+AppleCrypto	KeychainEnumerateCerts	0x2050	NoInlining	Assembly, Static, HideBySig	0x10057bea8	0x94916d53	0x1029d73f4	0x1029d73f4	mapped	0x1029d73f4
System.Security.Cryptography	103	0x06000068	Interop+AppleCrypto	KeychainEnumerateIdentities	0x2050	NoInlining	Assembly, Static, HideBySig	0x10057beac	0x94916d7a	0x1029d7494	0x1029d7494	mapped	0x1029d7494
System.Security.Cryptography	104	0x06000069	Interop+AppleCrypto	AppleCryptoNative_X509ImportCertificate	0x2050	NoInlining	Private, Static, HideBySig	0x10057beb0	0x94916da1	0x1029d7534	0x1029d7534	mapped	0x1029d7534
System.Security.Cryptography	105	0x0600006a	Interop+AppleCrypto	AppleCryptoNative_X509ImportCertificate	0x2050	NoInlining	Private, Static, HideBySig	0x10057beb4	0x97ff9dd7	0x100563610	0x100563610	mapped	0x100563610
System.Security.Cryptography	106	0x0600006b	Interop+AppleCrypto	X509ImportCertificate	0x2050	NoInlining	Assembly, Static, HideBySig	0x10057beb8	0x94916dc6	0x1029d75d0	0x1029d75d0	mapped	0x1029d75d0
System.Security.Cryptography	107	0x0600006c	Interop+AppleCrypto	X509ImportCertificate	0x2050	NoInlining	Private, Static, HideBySig	0x10057bebc	0x94916e20	0x1029d773c	0x1029d773c	mapped	0x1029d773c
System.Security.Cryptography	108	0x0600006d	Interop+AppleCrypto	X509GetCertFromIdentity	0x2050	NoInlining	Assembly, Static, HideBySig	0x10057bec0	0x94916e65	0x1029d7854	0x1029d7854	mapped	0x1029d7854
System.Security.Cryptography	109	0x0600006e	Interop+AppleCrypto	X509DemuxAndRetainHandle	0x2050	NoInlining	Assembly, Static, HideBySig	0x10057bec4	0x94916ea8	0x1029d7964	0x1029d7964	mapped	0x1029d7964
System.Security.Cryptography	110	0x0600006f	Interop+AppleCrypto	.cctor	0x2050	NoInlining	Private, Static, HideBySig, SpecialName, RTSpecialName	0x10057bec8	0x94916ecd	0x1029d79fc	0x1029d79fc	mapped	0x1029d79fc
System.Security.Cryptography	111	0x06000070	Interop+AppleCrypto	<DigestCreate>g____PInvoke|1_0	0x0	136	Assembly, Static, HideBySig, PinvokeImpl	0x10057becc	0x97ffff91	0x10057bd10		absent	0x10057bd10
System.Security.Cryptography	112	0x06000071	Interop+AppleCrypto	<DigestUpdate>g____PInvoke|3_0	0x0	136	Assembly, Static, HideBySig, PinvokeImpl	0x10057bed0	0x97ffff90	0x10057bd10		absent	0x10057bd10
System.Security.Cryptography	113	0x06000072	Interop+AppleCrypto	<DigestFinal>g____PInvoke|5_0	0x0	136	Assembly, Static, HideBySig, PinvokeImpl	0x10057bed4	0x97ffff8f	0x10057bd10		absent	0x10057bd10
System.Security.Cryptography	114	0x06000073	Interop+AppleCrypto	<DigestReset>g____PInvoke|9_0	0x0	136	Assembly, Static, HideBySig, PinvokeImpl	0x10057bed8	0x97ffff8e	0x10057bd10		absent	0x10057bd10
System.Security.Cryptography	115	0x06000074	Interop+AppleCrypto	<AppleCryptoNative_EccGenerateKey>g____PInvoke|10_0	0x0	136	Assembly, Static, HideBySig, PinvokeImpl	0x10057bedc	0x97ffff8d	0x10057bd10		absent	0x10057bd10
System.Security.Cryptography	116	0x06000075	Interop+AppleCrypto	<EccGetKeySizeInBits>g____PInvoke|11_0	0x0	136	Assembly, Static, HideBySig, PinvokeImpl	0x10057bee0	0x97ffff8c	0x10057bd10		absent	0x10057bd10
System.Security.Cryptography	117	0x06000076	Interop+AppleCrypto	<HmacCreate>g____PInvoke|20_0	0x0	136	Assembly, Static, HideBySig, PinvokeImpl	0x10057bee4	0x97ffff8b	0x10057bd10		absent	0x10057bd10
System.Security.Cryptography	118	0x06000077	Interop+AppleCrypto	<HmacInit>g____PInvoke|21_0	0x0	136	Assembly, Static, HideBySig, PinvokeImpl	0x10057bee8	0x97ffff8a	0x10057bd10		absent	0x10057bd10
System.Security.Cryptography	119	0x06000078	Interop+AppleCrypto	<HmacUpdate>g____PInvoke|24_0	0x0	136	Assembly, Static, HideBySig, PinvokeImpl	0x10057beec	0x97ffff89	0x10057bd10		absent	0x10057bd10
System.Security.Cryptography	120	0x06000079	Interop+AppleCrypto	<HmacFinal>g____PInvoke|26_0	0x0	136	Assembly, Static, HideBySig, PinvokeImpl	0x10057bef0	0x97ffff88	0x10057bd10		absent	0x10057bd10
System.Security.Cryptography	121	0x0600007a	Interop+AppleCrypto	<AppleCryptoNative_RsaGenerateKey>g____PInvoke|37_0	0x0	136	Assembly, Static, HideBySig, PinvokeImpl	0x10057bef4	0x97ffff87	0x10057bd10		absent	0x10057bd10
System.Security.Cryptography	122	0x0600007b	Interop+AppleCrypto	<AppleCryptoNative_SecCopyErrorMessageString>g____PInvoke|56_0	0x0	136	Assembly, Static, HideBySig, PinvokeImpl	0x10057bef8	0x97ffff86	0x10057bd10		absent	0x10057bd10
System.Security.Cryptography	123	0x0600007c	Interop+AppleCrypto	<AppleCryptoNative_SecKeyGetSimpleKeySizeInBytes>g____PInvoke|62_0	0x0	136	Assembly, Static, HideBySig, PinvokeImpl	0x10057befc	0x97ffff85	0x10057bd10		absent	0x10057bd10
System.Security.Cryptography	124	0x0600007d	Interop+AppleCrypto	<AppleCryptoNative_SecKeyCreateWithData>g____PInvoke|69_0	0x0	136	Assembly, Static, HideBySig, PinvokeImpl	0x10057bf00	0x97ffff84	0x10057bd10		absent	0x10057bd10
System.Security.Cryptography	125	0x0600007e	Interop+AppleCrypto	<AppleCryptoNative_SecKeyCopyExternalRepresentation>g____PInvoke|70_0	0x0	136	Assembly, Static, HideBySig, PinvokeImpl	0x10057bf04	0x97ffff83	0x10057bd10		absent	0x10057bd10
System.Security.Cryptography	126	0x0600007f	Interop+AppleCrypto	<CopyPublicKey>g____PInvoke|71_0	0x0	136	Assembly, Static, HideBySig, PinvokeImpl	0x10057bf08	0x97ffff82	0x10057bd10		absent	0x10057bd10
System.Security.Cryptography	127	0x06000080	Interop+AppleCrypto	<CryptorCreate>g____PInvoke|87_0	0x0	136	Assembly, Static, HideBySig, PinvokeImpl	0x10057bf0c	0x97ffff81	0x10057bd10		absent	0x10057bd10
System.Security.Cryptography	128	0x06000081	Interop+AppleCrypto	<CryptorUpdate>g____PInvoke|88_0	0x0	136	Assembly, Static, HideBySig, PinvokeImpl	0x10057bf10	0x97ffff80	0x10057bd10		absent	0x10057bd10
System.Security.Cryptography	129	0x06000082	Interop+AppleCrypto	<CryptorReset>g____PInvoke|89_0	0x0	136	Assembly, Static, HideBySig, PinvokeImpl	0x10057bf14	0x97ffff7f	0x10057bd10		absent	0x10057bd10
System.Security.Cryptography	130	0x06000083	Interop+AppleCrypto	<AppleCryptoNative_X509GetRawData>g____PInvoke|98_0	0x0	136	Assembly, Static, HideBySig, PinvokeImpl	0x10057bf18	0x97ffff7e	0x10057bd10		absent	0x10057bd10
System.Security.Cryptography	131	0x06000084	Interop+AppleCrypto	<AppleCryptoNative_X509GetSubjectSummary>g____PInvoke|99_0	0x0	136	Assembly, Static, HideBySig, PinvokeImpl	0x10057bf1c	0x97ffff7d	0x10057bd10		absent	0x10057bd10
System.Security.Cryptography	132	0x06000085	Interop+AppleCrypto	<AppleCryptoNative_X509GetPublicKey>g____PInvoke|100_0	0x0	136	Assembly, Static, HideBySig, PinvokeImpl	0x10057bf20	0x97ffff7c	0x10057bd10		absent	0x10057bd10
System.Security.Cryptography	133	0x06000086	Interop+AppleCrypto	<X509GetContentType>g____PInvoke|102_0	0x0	136	Assembly, Static, HideBySig, PinvokeImpl	0x10057bf24	0x97ffff7b	0x10057bd10		absent	0x10057bd10
System.Security.Cryptography	134	0x06000087	Interop+AppleCrypto	<AppleCryptoNative_X509CopyCertFromIdentity>g____PInvoke|103_0	0x0	136	Assembly, Static, HideBySig, PinvokeImpl	0x10057bf28	0x97ffff7a	0x10057bd10		absent	0x10057bd10
System.Security.Cryptography	135	0x06000088	Interop+AppleCrypto	<AppleCryptoNative_X509CopyPrivateKeyFromIdentity>g____PInvoke|104_0	0x0	136	Assembly, Static, HideBySig, PinvokeImpl	0x10057bf2c	0x97ffff79	0x10057bd10		absent	0x10057bd10
System.Security.Cryptography	136	0x06000089	Interop+AppleCrypto	<AppleCryptoNative_X509DemuxAndRetainHandle>g____PInvoke|105_0	0x0	136	Assembly, Static, HideBySig, PinvokeImpl	0x10057bf30	0x97ffff78	0x10057bd10		absent	0x10057bd10
System.Security.Cryptography	137	0x0600008a	Interop+AppleCrypto	<X509ChainCreateDefaultPolicy>g____PInvoke|110_0	0x0	136	Assembly, Static, HideBySig, PinvokeImpl	0x10057bf34	0x97ffff77	0x10057bd10		absent	0x10057bd10
System.Security.Cryptography	138	0x0600008b	Interop+AppleCrypto	<X509ChainCreateRevocationPolicy>g____PInvoke|111_0	0x0	136	Assembly, Static, HideBySig, PinvokeImpl	0x10057bf38	0x97ffff76	0x10057bd10		absent	0x10057bd10
System.Security.Cryptography	139	0x0600008c	Interop+AppleCrypto	<AppleCryptoNative_X509ChainCreate>g____PInvoke|112_0	0x0	136	Assembly, Static, HideBySig, PinvokeImpl	0x10057bf3c	0x97ffff75	0x10057bd10		absent	0x10057bd10
System.Security.Cryptography	140	0x0600008d	Interop+AppleCrypto	<AppleCryptoNative_X509ChainEvaluate>g____PInvoke|113_0	0x0	136	Assembly, Static, HideBySig, PinvokeImpl	0x10057bf40	0x97ffff74	0x10057bd10		absent	0x10057bd10
System.Security.Cryptography	141	0x0600008e	Interop+AppleCrypto	<X509ChainGetChainSize>g____PInvoke|114_0	0x0	136	Assembly, Static, HideBySig, PinvokeImpl	0x10057bf44	0x97ffff73	0x10057bd10		absent	0x10057bd10
System.Security.Cryptography	142	0x0600008f	Interop+AppleCrypto	<X509ChainGetCertificateAtIndex>g____PInvoke|115_0	0x0	136	Assembly, Static, HideBySig, PinvokeImpl	0x10057bf48	0x97ffff72	0x10057bd10		absent	0x10057bd10
System.Security.Cryptography	143	0x06000090	Interop+AppleCrypto	<X509ChainGetTrustResults>g____PInvoke|116_0	0x0	136	Assembly, Static, HideBySig, PinvokeImpl	0x10057bf4c	0x97ffff71	0x10057bd10		absent	0x10057bd10
System.Security.Cryptography	144	0x06000091	Interop+AppleCrypto	<X509ChainGetStatusAtIndex>g____PInvoke|117_0	0x0	136	Assembly, Static, HideBySig, PinvokeImpl	0x10057bf50	0x97ffff70	0x10057bd10		absent	0x10057bd10
System.Security.Cryptography	145	0x06000092	Interop+AppleCrypto	<X509ChainSetTrustAnchorCertificates>g____PInvoke|119_0	0x0	136	Assembly, Static, HideBySig, PinvokeImpl	0x10057bf54	0x97ffff6f	0x10057bd10		absent	0x10057bd10
System.Security.Cryptography	146	0x06000093	Interop+AppleCrypto	<AppleCryptoNative_SecKeychainEnumerateCerts>g____PInvoke|120_0	0x0	136	Assembly, Static, HideBySig, PinvokeImpl	0x10057bf58	0x97ffff6e	0x10057bd10		absent	0x10057bd10
System.Security.Cryptography	147	0x06000094	Interop+AppleCrypto	<AppleCryptoNative_SecKeychainEnumerateIdentities>g____PInvoke|121_0	0x0	136	Assembly, Static, HideBySig, PinvokeImpl	0x10057bf5c	0x97ffff6d	0x10057bd10		absent	0x10057bd10
System.Security.Cryptography	148	0x06000095	Interop+AppleCrypto	<AppleCryptoNative_X509ImportCertificate>g____PInvoke|130_0	0x0	136	Assembly, Static, HideBySig, PinvokeImpl	0x10057bf60	0x97ffff6c	0x10057bd10		absent	0x10057bd10
System.Security.Cryptography	149	0x06000096	Interop+AppleCrypto+AppleCFErrorCryptographicException	.ctor	0x2050	NoInlining	Assembly, HideBySig, SpecialName, RTSpecialName	0x10057bf64	0x94916ec1	0x1029d7a68	0x1029d7a68	mapped	0x1029d7a68
System.Security.Cryptography	150	0x06000097	Interop+AppleCrypto+AppleCommonCryptoCryptographicException	.ctor	0x2050	NoInlining	Assembly, HideBySig, SpecialName, RTSpecialName	0x10057bf68	0x94916ee5	0x1029d7afc	0x1029d7afc	mapped	0x1029d7afc
System.Security.Cryptography	151	0x06000098	Internal.Cryptography.Helpers	get_HasSymmetricEncryption	0x2050	NoInlining	Assembly, Static, HideBySig, SpecialName	0x10057bf6c	0x94916ef9	0x1029d7b50	0x1029d7b50	mapped	0x1029d7b50
System.Security.Cryptography	152	0x06000099	Internal.Cryptography.Helpers	get_HasMD5	0x2050	NoInlining	Assembly, Static, HideBySig, SpecialName	0x10057bf70	0x94916f09	0x1029d7b94	0x1029d7b94	mapped	0x1029d7b94
System.Security.Cryptography	153	0x0600009a	Internal.Cryptography.Helpers	CloneByteArray	0x2050	NoInlining	Public, Static, HideBySig	0x10057bf74	0x94916f19	0x1029d7bd8	0x1029d7bd8	mapped	0x1029d7bd8
System.Security.Cryptography	154	0x0600009b	Internal.Cryptography.Helpers	UsesIv	0x2050	NoInlining	Public, Static, HideBySig	0x10057bf78	0x94916f4d	0x1029d7cac	0x1029d7cac	mapped	0x1029d7cac
System.Security.Cryptography	155	0x0600009c	Internal.Cryptography.Helpers	GetCipherIv	0x2050	NoInlining	Public, Static, HideBySig	0x10057bf7c	0x94916f5d	0x1029d7cf0	0x1029d7cf0	mapped	0x1029d7cf0
System.Security.Cryptography	156	0x0600009d	Internal.Cryptography.Helpers	FixupKeyParity	0x2050	NoInlining	Public, Static, HideBySig	0x10057bf80	0x94916f85	0x1029d7d94	0x1029d7d94	mapped	0x1029d7d94
System.Security.Cryptography	157	0x0600009e	Internal.Cryptography.Helpers	ToHexArrayUpper	0x2050	NoInlining	Assembly, Static, HideBySig	0x10057bf84	0x94916fc7	0x1029d7ea0	0x1029d7ea0	mapped	0x1029d7ea0
System.Security.Cryptography	158	0x0600009f	Internal.Cryptography.Helpers	ToHexStringUpper	0x2050	NoInlining	Assembly, Static, HideBySig	0x10057bf88	0x94916ff1	0x1029d7f4c	0x1029d7f4c	mapped	0x1029d7f4c
System.Security.Cryptography	159	0x060000a0	Internal.Cryptography.Helpers	LaxDecodeHexString	0x2050	NoInlining	Assembly, Static, HideBySig	0x10057bf8c	0x94917009	0x1029d7fb0	0x1029d7fb0	mapped	0x1029d7fb0
System.Security.Cryptography	160	0x060000a1	Internal.Cryptography.Helpers	ContentsEqual	0x2050	NoInlining	Assembly, Static, HideBySig	0x10057bf90	0x9491708f	0x1029d81cc	0x1029d81cc	mapped	0x1029d81cc
System.Security.Cryptography	161	0x060000a2	Internal.Cryptography.Helpers	DecodeOctetStringAsMemory	0x2050	NoInlining	Assembly, Static, HideBySig	0x10057bf94	0x949170b4	0x1029d8264	0x1029d8264	mapped	0x1029d8264
System.Security.Cryptography	162	0x060000a3	Internal.Cryptography.Helpers	IsValidDay	0x2050	NoInlining	Assembly, Static, HideBySig	0x10057bf98	0x94917154	0x1029d84e8	0x1029d84e8	mapped	0x1029d84e8
System.Security.Cryptography	163	0x060000a4	Internal.Cryptography.Helpers	IsValidMonth	0x2050	NoInlining	Private, Static, HideBySig	0x10057bf9c	0x9491718b	0x1029d85c8	0x1029d85c8	mapped	0x1029d85c8
System.Security.Cryptography	164	0x060000a5	Internal.Cryptography.Helpers	IsValidYear	0x2050	NoInlining	Private, Static, HideBySig	0x10057bfa0	0x949171bc	0x1029d8690	0x1029d8690	mapped	0x1029d8690
System.Security.Cryptography	165	0x060000a6	Internal.Cryptography.Helpers	GetPaddingSize	0x2050	NoInlining	Public, Static, HideBySig	0x10057bfa4	0x949171f1	0x1029d8768	0x1029d8768	mapped	0x1029d8768
System.Security.Cryptography	166	0x060000a7	Internal.Cryptography.Helpers	.cctor	0x2050	NoInlining	Private, Static, HideBySig, SpecialName, RTSpecialName	0x10057bfa8	0x9491721d	0x1029d881c	0x1029d881c	mapped	0x1029d881c
System.Security.Cryptography	167	0x060000a8	Microsoft.Win32.SafeHandles.SafeHandleCache`1	GetInvalidHandle	0x2050	NoInlining	Assembly, Static, HideBySig	0x10057bfac	0x94917231	0x1029d8870	0x1029d8870	mapped	0x1029d8870
System.Security.Cryptography	168	0x060000a9	Microsoft.Win32.SafeHandles.SafeHandleCache`1	IsCachedInvalidHandle	0x2050	NoInlining	Assembly, Static, HideBySig	0x10057bfb0	0x94917284	0x1029d89c0	0x1029d89c0	mapped	0x1029d89c0
System.Security.Cryptography	169	0x060000aa	Microsoft.Win32.SafeHandles.SafeX509ChainHandle	.ctor	0x2050	NoInlining	Public, HideBySig, SpecialName, RTSpecialName	0x10057bfb4	0x949172a4	0x1029d8a44	0x1029d8a44	mapped	0x1029d8a44
System.Security.Cryptography	170	0x060000ab	Microsoft.Win32.SafeHandles.SafeX509ChainHandle	ReleaseHandle	0x2050	NoInlining	Family, Final, Virtual, HideBySig	0x10057bfb8	0x949172b2	0x1029d8a80	0x1029d8a80	mapped	0x1029d8a80
System.Security.Cryptography	171	0x060000ac	Microsoft.Win32.SafeHandles.SafeX509ChainHandle	Dispose	0x2050	NoInlining	Family, Final, Virtual, HideBySig	0x10057bfbc	0x949172c6	0x1029d8ad4	0x1029d8ad4	mapped	0x1029d8ad4
System.Security.Cryptography	172	0x060000ad	Microsoft.Win32.SafeHandles.SafePasswordHandle	get_Length	0x2050	NoInlining	Assembly, HideBySig, SpecialName	0x10057bfc0	0x949172e7	0x1029d8b5c	0x1029d8b5c	mapped	0x1029d8b5c
System.Security.Cryptography	173	0x060000ae	Microsoft.Win32.SafeHandles.SafePasswordHandle	set_Length	0x2050	NoInlining	Private, HideBySig, SpecialName	0x10057bfc4	0x949172ef	0x1029d8b80	0x1029d8b80	mapped	0x1029d8b80
System.Security.Cryptography	174	0x060000af	Microsoft.Win32.SafeHandles.SafePasswordHandle	get_PasswordProvided	0x2050	NoInlining	Assembly, HideBySig, SpecialName	0x10057bfc8	0x949172f7	0x1029d8ba4	0x1029d8ba4	mapped	0x1029d8ba4
System.Security.Cryptography	175	0x060000b0	Microsoft.Win32.SafeHandles.SafePasswordHandle	.ctor	0x2050	NoInlining	Public, HideBySig, SpecialName, RTSpecialName	0x10057bfcc	0x949172ff	0x1029d8bc8	0x1029d8bc8	mapped	0x1029d8bc8
System.Security.Cryptography	176	0x060000b1	Microsoft.Win32.SafeHandles.SafePasswordHandle	ReleaseHandle	0x2050	NoInlining	Family, Final, Virtual, HideBySig	0x10057bfd0	0x94917322	0x1029d8c58	0x1029d8c58	mapped	0x1029d8c58
System.Security.Cryptography	177	0x060000b2	Microsoft.Win32.SafeHandles.SafePasswordHandle	Dispose	0x2050	NoInlining	Family, Final, Virtual, HideBySig	0x10057bfd4	0x94917339	0x1029d8cb8	0x1029d8cb8	mapped	0x1029d8cb8
System.Security.Cryptography	178	0x060000b3	Microsoft.Win32.SafeHandles.SafePasswordHandle	DangerousGetSpan	0x2050	NoInlining	Assembly, HideBySig	0x10057bfd8	0x9491735e	0x1029d8d50	0x1029d8d50	mapped	0x1029d8d50
System.Security.Cryptography	179	0x060000b4	Microsoft.Win32.SafeHandles.SafePasswordHandle	get_InvalidHandle	0x2050	NoInlining	Public, Static, HideBySig, SpecialName	0x10057bfdc	0x9491738e	0x1029d8e14	0x1029d8e14	mapped	0x1029d8e14
System.Security.Cryptography	180	0x060000b5	Microsoft.Win32.SafeHandles.SafePasswordHandle+<>c	.cctor	0x2050	NoInlining	Private, Static, HideBySig, SpecialName, RTSpecialName	0x10057bfe0	0x949173ca	0x1029d8f08	0x1029d8f08	mapped	0x1029d8f08
System.Security.Cryptography	181	0x060000b6	Microsoft.Win32.SafeHandles.SafePasswordHandle+<>c	.ctor	0x2050	NoInlining	Public, HideBySig, SpecialName, RTSpecialName	0x10057bfe4	0x949173e5	0x1029d8f78	0x1029d8f78	mapped	0x1029d8f78
System.Security.Cryptography	182	0x060000b7	Microsoft.Win32.SafeHandles.SafePasswordHandle+<>c	<get_InvalidHandle>b__14_0	0x2050	NoInlining	Assembly, HideBySig	0x10057bfe8	0x949173f2	0x1029d8fb0	0x1029d8fb0	mapped	0x1029d8fb0
System.Security.Cryptography	183	0x060000b8	Microsoft.Win32.SafeHandles.SafeCFArrayHandle	.ctor	0x2050	NoInlining	Public, HideBySig, SpecialName, RTSpecialName	0x10057bfec	0x9491740f	0x1029d9028	0x1029d9028	mapped	0x1029d9028
System.Security.Cryptography	184	0x060000b9	Microsoft.Win32.SafeHandles.SafeCFArrayHandle	ReleaseHandle	0x2050	NoInlining	Family, Final, Virtual, HideBySig	0x10057bff0	0x9491741e	0x1029d9068	0x1029d9068	mapped	0x1029d9068
System.Security.Cryptography	185	0x060000ba	Microsoft.Win32.SafeHandles.SafeCFArrayHandle	get_IsInvalid	0x2050	NoInlining	Public, Final, Virtual, HideBySig, SpecialName	0x10057bff4	0x94917433	0x1029d90c0	0x1029d90c0	mapped	0x1029d90c0
System.Security.Cryptography	186	0x060000bb	Microsoft.Win32.SafeHandles.SafeCFDataHandle	.ctor	0x2050	NoInlining	Public, HideBySig, SpecialName, RTSpecialName	0x10057bff8	0x9491743d	0x1029d90ec	0x1029d90ec	mapped	0x1029d90ec
System.Security.Cryptography	187	0x060000bc	Microsoft.Win32.SafeHandles.SafeCFDataHandle	ReleaseHandle	0x2050	NoInlining	Family, Final, Virtual, HideBySig	0x10057bffc	0x9491744c	0x1029d912c	0x1029d912c	mapped	0x1029d912c
System.Security.Cryptography	188	0x060000bd	Microsoft.Win32.SafeHandles.SafeCFDataHandle	get_IsInvalid	0x2050	NoInlining	Public, Final, Virtual, HideBySig, SpecialName	0x10057c000	0x94917461	0x1029d9184	0x1029d9184	mapped	0x1029d9184
System.Security.Cryptography	189	0x060000be	Microsoft.Win32.SafeHandles.SafeCFDateHandle	.ctor	0x2050	NoInlining	Public, HideBySig, SpecialName, RTSpecialName	0x10057c004	0x9491746b	0x1029d91b0	0x1029d91b0	mapped	0x1029d91b0
System.Security.Cryptography	190	0x060000bf	Microsoft.Win32.SafeHandles.SafeCFDateHandle	ReleaseHandle	0x2050	NoInlining	Family, Final, Virtual, HideBySig	0x10057c008	0x9491747a	0x1029d91f0	0x1029d91f0	mapped	0x1029d91f0
System.Security.Cryptography	191	0x060000c0	Microsoft.Win32.SafeHandles.SafeCFDateHandle	get_IsInvalid	0x2050	NoInlining	Public, Final, Virtual, HideBySig, SpecialName	0x10057c00c	0x9491748f	0x1029d9248	0x1029d9248	mapped	0x1029d9248
System.Security.Cryptography	192	0x060000c1	Microsoft.Win32.SafeHandles.SafeCFErrorHandle	.ctor	0x2050	NoInlining	Public, HideBySig, SpecialName, RTSpecialName	0x10057c010	0x94917499	0x1029d9274	0x1029d9274	mapped	0x1029d9274
System.Security.Cryptography	193	0x060000c2	Microsoft.Win32.SafeHandles.SafeCFErrorHandle	ReleaseHandle	0x2050	NoInlining	Family, Final, Virtual, HideBySig	0x10057c014	0x949174a8	0x1029d92b4	0x1029d92b4	mapped	0x1029d92b4
System.Security.Cryptography	194	0x060000c3	Microsoft.Win32.SafeHandles.SafeCFErrorHandle	get_IsInvalid	0x2050	NoInlining	Public, Final, Virtual, HideBySig, SpecialName	0x10057c018	0x949174bd	0x1029d930c	0x1029d930c	mapped	0x1029d930c
System.Security.Cryptography	195	0x060000c4	Microsoft.Win32.SafeHandles.SafeCFStringHandle	.ctor	0x2050	NoInlining	Public, HideBySig, SpecialName, RTSpecialName	0x10057c01c	0x949174c7	0x1029d9338	0x1029d9338	mapped	0x1029d9338
System.Security.Cryptography	196	0x060000c5	Microsoft.Win32.SafeHandles.SafeCFStringHandle	ReleaseHandle	0x2050	NoInlining	Family, Final, Virtual, HideBySig	0x10057c020	0x949174d6	0x1029d9378	0x1029d9378	mapped	0x1029d9378
System.Security.Cryptography	197	0x060000c6	Microsoft.Win32.SafeHandles.SafeCFStringHandle	get_IsInvalid	0x2050	NoInlining	Public, Final, Virtual, HideBySig, SpecialName	0x10057c024	0x949174eb	0x1029d93d0	0x1029d93d0	mapped	0x1029d93d0
System.Security.Cryptography	198	0x060000c7	Microsoft.Win32.SafeHandles.SafeCreateHandle	.ctor	0x2050	NoInlining	Public, HideBySig, SpecialName, RTSpecialName	0x10057c028	0x949174f5	0x1029d93fc	0x1029d93fc	mapped	0x1029d93fc
System.Security.Cryptography	199	0x060000c8	Microsoft.Win32.SafeHandles.SafeCreateHandle	ReleaseHandle	0x2050	NoInlining	Family, Final, Virtual, HideBySig	0x10057c02c	0x94917504	0x1029d943c	0x1029d943c	mapped	0x1029d943c
System.Security.Cryptography	200	0x060000c9	Microsoft.Win32.SafeHandles.SafeCreateHandle	get_IsInvalid	0x2050	NoInlining	Public, Final, Virtual, HideBySig, SpecialName	0x10057c030	0x94917518	0x1029d9490	0x1029d9490	mapped	0x1029d9490
System.Security.Cryptography	201	0x060000ca	System.HexConverter	ToCharsBuffer	0x2050	264	Public, Static, HideBySig	0x10057c034	0x94917522	0x1029d94bc	0x1029d94bc	mapped	0x1029d94bc
System.Security.Cryptography	202	0x060000cb	System.HexConverter	EncodeToUtf16	0x2050	NoInlining	Public, Static, HideBySig	0x10057c038	0x9491754c	0x1029d9568	0x1029d9568	mapped	0x1029d9568
System.Security.Cryptography	203	0x060000cc	System.HexConverter	ToCharUpper	0x2050	264	Public, Static, HideBySig	0x10057c03c	0x94917597	0x1029d9698	0x1029d9698	mapped	0x1029d9698
System.Security.Cryptography	204	0x060000cd	System.HexConverter	FromChar	0x2050	264	Public, Static, HideBySig	0x10057c040	0x9491759d	0x1029d96b4	0x1029d96b4	mapped	0x1029d96b4
System.Security.Cryptography	205	0x060000ce	System.HexConverter	get_CharToHexLookup	0x2050	NoInlining	Public, Static, HideBySig, SpecialName	0x10057c044	0x949175c8	0x1029d9764	0x1029d9764	mapped	0x1029d9764
System.Security.Cryptography	206	0x060000cf	System.LocalAppContextSwitches	get_Pkcs12UnspecifiedPasswordIterationLimit	0x2050	NoInlining	Assembly, Static, HideBySig, SpecialName	0x10057c048	0x949175de	0x1029d97c0	0x1029d97c0	mapped	0x1029d97c0
System.Security.Cryptography	207	0x060000d0	System.LocalAppContextSwitches	get_X509ChainBuildThrowOnInternalError	0x2050	NoInlining	Assembly, Static, HideBySig, SpecialName	0x10057c04c	0x949175ee	0x1029d9804	0x1029d9804	mapped	0x1029d9804
System.Security.Cryptography	208	0x060000d1	System.LocalAppContextSwitches	InitializePkcs12UnspecifiedPasswordIterationLimit	0x2050	NoInlining	Private, Static, HideBySig	0x10057c050	0x949175fe	0x1029d9848	0x1029d9848	mapped	0x1029d9848
System.Security.Cryptography	209	0x060000d2	System.LocalAppContextSwitches	InitializeX509ChainBuildThrowOnInternalError	0x2050	NoInlining	Private, Static, HideBySig	0x10057c054	0x94917631	0x1029d9918	0x1029d9918	mapped	0x1029d9918
System.Security.Cryptography	210	0x060000d3	System.LocalAppContextSwitches	.cctor	0x2050	NoInlining	Private, Static, HideBySig, SpecialName, RTSpecialName	0x10057c058	0x9491764e	0x1029d9990	0x1029d9990	mapped	0x1029d9990
System.Security.Cryptography	211	0x060000d4	System.SR	Format	0x2050	NoInlining	Assembly, Static, HideBySig	0x10057c05c	0x94917669	0x1029d9a00	0x1029d9a00	mapped	0x1029d9a00
System.Security.Cryptography	212	0x060000d5	System.SR	Format	0x2050	NoInlining	Assembly, Static, HideBySig	0x10057c060	0x94917695	0x1029d9ab4	0x1029d9ab4	mapped	0x1029d9ab4
System.Security.Cryptography	213	0x060000d6	System.Text.ValueStringBuilder	.ctor	0x2050	NoInlining	Public, HideBySig, SpecialName, RTSpecialName	0x10057c064	0x949176ca	0x1029d9b8c	0x1029d9b8c	mapped	0x1029d9b8c
System.Security.Cryptography	214	0x060000d7	System.Text.ValueStringBuilder	get_Length	0x2050	NoInlining	Public, HideBySig, SpecialName	0x10057c068	0x949176d4	0x1029d9bb8	0x1029d9bb8	mapped	0x1029d9bb8
System.Security.Cryptography	215	0x060000d8	System.Text.ValueStringBuilder	ToString	0x2050	NoInlining	Public, Final, Virtual, HideBySig	0x10057c06c	0x949176dc	0x1029d9bdc	0x1029d9bdc	mapped	0x1029d9bdc
System.Security.Cryptography	216	0x060000d9	System.Text.ValueStringBuilder	Append	0x2050	264	Public, HideBySig	0x10057c070	0x94917726	0x1029d9d08	0x1029d9d08	mapped	0x1029d9d08
System.Security.Cryptography	217	0x060000da	System.Text.ValueStringBuilder	Append	0x2050	264	Public, HideBySig	0x10057c074	0x94917749	0x1029d9d98	0x1029d9d98	mapped	0x1029d9d98
System.Security.Cryptography	218	0x060000db	System.Text.ValueStringBuilder	AppendSlow	0x2050	NoInlining	Private, HideBySig	0x10057c078	0x94917777	0x1029d9e54	0x1029d9e54	mapped	0x1029d9e54
System.Security.Cryptography	219	0x060000dc	System.Text.ValueStringBuilder	GrowAndAppend	0x2050	NoInlining	Private, HideBySig	0x10057c07c	0x949177c1	0x1029d9f80	0x1029d9f80	mapped	0x1029d9f80
System.Security.Cryptography	220	0x060000dd	System.Text.ValueStringBuilder	Grow	0x2050	NoInlining	Private, HideBySig	0x10057c080	0x949177e6	0x1029da018	0x1029da018	mapped	0x1029da018
System.Security.Cryptography	221	0x060000de	System.Text.ValueStringBuilder	Dispose	0x2050	264	Public, HideBySig	0x10057c084	0x94917869	0x1029da228	0x1029da228	mapped	0x1029da228
System.Security.Cryptography	222	0x060000df	System.Security.Cryptography.CryptoPool	Rent	0x2050	NoInlining	Assembly, Static, HideBySig	0x10057c088	0x9491789d	0x1029da2fc	0x1029da2fc	mapped	0x1029da2fc
System.Security.Cryptography	223	0x060000e0	System.Security.Cryptography.CryptoPool	Return	0x2050	NoInlining	Assembly, Static, HideBySig	0x10057c08c	0x949178c8	0x1029da3ac	0x1029da3ac	mapped	0x1029da3ac
System.Security.Cryptography	224	0x060000e1	System.Security.Cryptography.CryptoPool	Return	0x2050	NoInlining	Assembly, Static, HideBySig	0x10057c090	0x949178d7	0x1029da3ec	0x1029da3ec	mapped	0x1029da3ec
System.Security.Cryptography	225	0x060000e2	System.Security.Cryptography.EccKeyFormatHelper	FromECPrivateKey	0x2050	NoInlining	Assembly, Static, HideBySig	0x10057c094	0x94917911	0x1029da4d8	0x1029da4d8	mapped	0x1029da4d8
System.Security.Cryptography	226	0x060000e3	System.Security.Cryptography.EccKeyFormatHelper	FromECPrivateKey	0x2050	NoInlining	Assembly, Static, HideBySig	0x10057c098	0x9491793c	0x1029da588	0x1029da588	mapped	0x1029da588
System.Security.Cryptography	227	0x060000e4	System.Security.Cryptography.EccKeyFormatHelper	ValidateParameters	0x2050	NoInlining	Private, Static, HideBySig	0x10057c09c	0x94917a49	0x1029da9c0	0x1029da9c0	mapped	0x1029da9c0
System.Security.Cryptography	228	0x060000e5	System.Security.Cryptography.EccKeyFormatHelper	GetCurve	0x2050	NoInlining	Private, Static, HideBySig	0x10057c0a0	0x94917ac5	0x1029dabb4	0x1029dabb4	mapped	0x1029dabb4
System.Security.Cryptography	229	0x060000e6	System.Security.Cryptography.EccKeyFormatHelper	GetSpecifiedECCurve	0x2050	NoInlining	Private, Static, HideBySig	0x10057c0a4	0x94917b4a	0x1029dadcc	0x1029dadcc	mapped	0x1029dadcc
System.Security.Cryptography	230	0x060000e7	System.Security.Cryptography.EccKeyFormatHelper	GetSpecifiedECCurveCore	0x2050	NoInlining	Private, Static, HideBySig	0x10057c0a8	0x94917b8b	0x1029daed4	0x1029daed4	mapped	0x1029daed4
System.Security.Cryptography	231	0x060000e8	System.Security.Cryptography.EccKeyFormatHelper	WriteSubjectPublicKeyInfo	0x2050	NoInlining	Assembly, Static, HideBySig	0x10057c0ac	0x94917dfa	0x1029db894	0x1029db894	mapped	0x1029db894
System.Security.Cryptography	232	0x060000e9	System.Security.Cryptography.EccKeyFormatHelper	WriteAlgorithmIdentifier	0x2050	NoInlining	Private, Static, HideBySig	0x10057c0b0	0x94917e2b	0x1029db95c	0x1029db95c	mapped	0x1029db95c
System.Security.Cryptography	233	0x060000ea	System.Security.Cryptography.EccKeyFormatHelper	WriteAlgorithmIdentifier	0x2050	NoInlining	Private, Static, HideBySig	0x10057c0b4	0x94917e4c	0x1029db9e4	0x1029db9e4	mapped	0x1029db9e4
System.Security.Cryptography	234	0x060000eb	System.Security.Cryptography.EccKeyFormatHelper	WritePkcs8PrivateKey	0x2050	NoInlining	Assembly, Static, HideBySig	0x10057c0b8	0x94917e89	0x1029dbadc	0x1029dbadc	mapped	0x1029dbadc
System.Security.Cryptography	235	0x060000ec	System.Security.Cryptography.EccKeyFormatHelper	WritePrivateKeyInfoAttributes	0x2050	NoInlining	Private, Static, HideBySig	0x10057c0bc	0x94917eb2	0x1029dbb84	0x1029dbb84	mapped	0x1029dbb84
System.Security.Cryptography	236	0x060000ed	System.Security.Cryptography.EccKeyFormatHelper	WriteEcParameters	0x2050	NoInlining	Private, Static, HideBySig	0x10057c0c0	0x94917f01	0x1029dbcc4	0x1029dbcc4	mapped	0x1029dbcc4
System.Security.Cryptography	237	0x060000ee	System.Security.Cryptography.EccKeyFormatHelper	WriteSpecifiedECDomain	0x2050	NoInlining	Private, Static, HideBySig	0x10057c0c4	0x94917f70	0x1029dbe84	0x1029dbe84	mapped	0x1029dbe84
System.Security.Cryptography	238	0x060000ef	System.Security.Cryptography.EccKeyFormatHelper	DetermineChar2Parameters	0x2050	NoInlining	Private, Static, HideBySig	0x10057c0c8	0x94918027	0x1029dc164	0x1029dc164	mapped	0x1029dc164
System.Security.Cryptography	239	0x060000f0	System.Security.Cryptography.EccKeyFormatHelper	WriteCurve	0x2050	NoInlining	Private, Static, HideBySig	0x10057c0cc	0x9491811d	0x1029dc540	0x1029dc540	mapped	0x1029dc540
System.Security.Cryptography	240	0x060000f1	System.Security.Cryptography.EccKeyFormatHelper	WriteFieldElement	0x2050	NoInlining	Private, Static, HideBySig	0x10057c0d0	0x9491814c	0x1029dc600	0x1029dc600	mapped	0x1029dc600
System.Security.Cryptography	241	0x060000f2	System.Security.Cryptography.EccKeyFormatHelper	WriteUncompressedBasePoint	0x2050	NoInlining	Private, Static, HideBySig	0x10057c0d4	0x9491818f	0x1029dc710	0x1029dc710	mapped	0x1029dc710
System.Security.Cryptography	242	0x060000f3	System.Security.Cryptography.EccKeyFormatHelper	WriteUncompressedPublicKey	0x2050	NoInlining	Private, Static, HideBySig	0x10057c0d8	0x94918215	0x1029dc92c	0x1029dc92c	mapped	0x1029dc92c
System.Security.Cryptography	243	0x060000f4	System.Security.Cryptography.EccKeyFormatHelper	WriteEcPrivateKey	0x2050	NoInlining	Private, Static, HideBySig	0x10057c0dc	0x94918297	0x1029dcb38	0x1029dcb38	mapped	0x1029dcb38
System.Security.Cryptography	244	0x060000f5	System.Security.Cryptography.KdfWorkLimiter	SetIterationLimit	0x2050	NoInlining	Assembly, Static, HideBySig	0x10057c0e0	0x9491831e	0x1029dcd58	0x1029dcd58	mapped	0x1029dcd58
System.Security.Cryptography	245	0x060000f6	System.Security.Cryptography.KdfWorkLimiter	WasWorkLimitExceeded	0x2050	NoInlining	Assembly, Static, HideBySig	0x10057c0e4	0x94918346	0x1029dcdfc	0x1029dcdfc	mapped	0x1029dcdfc
System.Security.Cryptography	246	0x060000f7	System.Security.Cryptography.KdfWorkLimiter	ResetIterationLimit	0x2050	NoInlining	Assembly, Static, HideBySig	0x10057c0e8	0x9491836a	0x1029dce90	0x1029dce90	mapped	0x1029dce90
System.Security.Cryptography	247	0x060000f8	System.Security.Cryptography.KdfWorkLimiter	RecordIterations	0x2050	NoInlining	Assembly, Static, HideBySig	0x10057c0ec	0x94918389	0x1029dcf10	0x1029dcf10	mapped	0x1029dcf10
System.Security.Cryptography	248	0x060000f9	System.Security.Cryptography.KdfWorkLimiter	RecordIterations	0x2050	NoInlining	Assembly, Static, HideBySig	0x10057c0f0	0x94918396	0x1029dcf48	0x1029dcf48	mapped	0x1029dcf48
System.Security.Cryptography	249	0x060000fa	System.Security.Cryptography.KdfWorkLimiter+State	.ctor	0x2050	NoInlining	Public, HideBySig, SpecialName, RTSpecialName	0x10057c0f4	0x949183f1	0x1029dd0b8	0x1029dd0b8	mapped	0x1029dd0b8
System.Security.Cryptography	250	0x060000fb	System.Security.Cryptography.KeyBlobHelpers	ToUnsignedIntegerBytes	0x2050	NoInlining	Assembly, Static, HideBySig	0x10057c0f8	0x949183f1	0x1029dd0bc	0x1029dd0bc	mapped	0x1029dd0bc
System.Security.Cryptography	251	0x060000fc	System.Security.Cryptography.KeyBlobHelpers	ToUnsignedIntegerBytes	0x2050	NoInlining	Assembly, Static, HideBySig	0x10057c0fc	0x94918473	0x1029dd2c8	0x1029dd2c8	mapped	0x1029dd2c8
System.Security.Cryptography	252	0x060000fd	System.Security.Cryptography.KeyBlobHelpers	ExportKeyParameter	0x2050	NoInlining	Assembly, Static, HideBySig	0x10057c100	0x949184b8	0x1029dd3e0	0x1029dd3e0	mapped	0x1029dd3e0
System.Security.Cryptography	253	0x060000fe	System.Security.Cryptography.KeyBlobHelpers	WriteKeyParameterInteger	0x2050	NoInlining	Assembly, Static, HideBySig	0x10057c104	0x949184fd	0x1029dd4f8	0x1029dd4f8	mapped	0x1029dd4f8
System.Security.Cryptography	254	0x060000ff	System.Security.Cryptography.HashOneShotHelpers	TryHashData	0x2050	NoInlining	Assembly, Static, HideBySig	0x10057c108	0x9491854e	0x1029dd640	0x1029dd640	mapped	0x1029dd640
System.Security.Cryptography	255	0x06000100	System.Security.Cryptography.KeyFormatHelper	ReadSubjectPublicKeyInfo	0x2050	NoInlining	Assembly, Static, HideBySig	0x10057c10c	0x9491860c	0x1029dd93c	0x1029dd93c	mapped	0x1029dd93c
System.Security.Cryptography	256	0x06000101	System.Security.Cryptography.KeyFormatHelper	ReadSubjectPublicKeyInfo	0x2050	NoInlining	Private, Static, HideBySig	0x10057c110	0x94918671	0x1029ddad4	0x1029ddad4	mapped	0x1029ddad4
System.Security.Cryptography	257	0x06000102	System.Security.Cryptography.KeyFormatHelper	ReadPkcs8	0x2050	NoInlining	Assembly, Static, HideBySig	0x10057c114	0x94918702	0x1029ddd1c	0x1029ddd1c	mapped	0x1029ddd1c
System.Security.Cryptography	258	0x06000103	System.Security.Cryptography.KeyFormatHelper	ReadPkcs8	0x2050	NoInlining	Assembly, Static, HideBySig	0x10057c118	0x94918767	0x1029ddeb4	0x1029ddeb4	mapped	0x1029ddeb4
System.Security.Cryptography	259	0x06000104	System.Security.Cryptography.KeyFormatHelper	ReadPkcs8	0x2050	NoInlining	Private, Static, HideBySig	0x10057c11c	0x949187e3	0x1029de0a8	0x1029de0a8	mapped	0x1029de0a8
System.Security.Cryptography	260	0x06000105	System.Security.Cryptography.KeyFormatHelper	WritePkcs8	0x2050	NoInlining	Assembly, Static, HideBySig	0x10057c120	0x94918873	0x1029de2ec	0x1029de2ec	mapped	0x1029de2ec
System.Security.Cryptography	261	0x06000106	System.Security.Cryptography.KeyFormatHelper	WriteEncryptedPkcs8	0x2050	NoInlining	Assembly, Static, HideBySig	0x10057c124	0x949188e0	0x1029de4a4	0x1029de4a4	mapped	0x1029de4a4
System.Security.Cryptography	262	0x06000107	System.Security.Cryptography.KeyFormatHelper	WriteEncryptedPkcs8	0x2050	NoInlining	Private, Static, HideBySig	0x10057c128	0x949188f7	0x1029de504	0x1029de504	mapped	0x1029de504
System.Security.Cryptography	263	0x06000108	System.Security.Cryptography.KeyFormatHelper	DecryptPkcs8	0x2050	NoInlining	Assembly, Static, HideBySig	0x10057c12c	0x949189ca	0x1029de854	0x1029de854	mapped	0x1029de854
System.Security.Cryptography	264	0x06000109	System.Security.Cryptography.KeyFormatHelper	DecryptPkcs8	0x2050	NoInlining	Private, Static, HideBySig	0x10057c130	0x949189e5	0x1029de8c4	0x1029de8c4	mapped	0x1029de8c4
System.Security.Cryptography	265	0x0600010a	System.Security.Cryptography.KeyFormatHelper+KeyReader`1	.ctor	0x0	11	Public, HideBySig, SpecialName, RTSpecialName	0x10057c134	0x97fffef7	0x10057bd10		absent	0x10057bd10
System.Security.Cryptography	266	0x0600010b	System.Security.Cryptography.KeyFormatHelper+KeyReader`1	Invoke	0x0	11	Public, Virtual, HideBySig, VtableLayoutMask	0x10057c138	0x97fffef6	0x10057bd10		absent	0x10057bd10
System.Security.Cryptography	267	0x0600010c	System.Security.Cryptography.KeySizeHelpers	CloneKeySizesArray	0x2050	NoInlining	Public, Static, HideBySig	0x10057c13c	0x94918a9c	0x1029debac	0x1029debac	mapped	0x1029debac
System.Security.Cryptography	268	0x0600010d	System.Security.Cryptography.KeySizeHelpers	IsLegalSize	0x2050	NoInlining	Public, Static, HideBySig	0x10057c140	0x94918ad4	0x1029dec90	0x1029dec90	mapped	0x1029dec90
System.Security.Cryptography	269	0x0600010e	System.Security.Cryptography.KeySizeHelpers	IsLegalSize	0x2050	NoInlining	Public, Static, HideBySig	0x10057c144	0x94918ae7	0x1029dece0	0x1029dece0	mapped	0x1029dece0
System.Security.Cryptography	270	0x0600010f	System.Security.Cryptography.KeySizeHelpers	IsLegalSize	0x2050	NoInlining	Public, Static, HideBySig	0x10057c148	0x94918b12	0x1029ded90	0x1029ded90	mapped	0x1029ded90
System.Security.Cryptography	271	0x06000110	System.Security.Cryptography.Oids	get_secp256r1Oid	0x2050	NoInlining	Assembly, Static, HideBySig, SpecialName	0x10057c14c	0x94918b43	0x1029dee58	0x1029dee58	mapped	0x1029dee58
System.Security.Cryptography	272	0x06000111	System.Security.Cryptography.Oids	get_secp384r1Oid	0x2050	NoInlining	Assembly, Static, HideBySig, SpecialName	0x10057c150	0x94918b76	0x1029def28	0x1029def28	mapped	0x1029def28
System.Security.Cryptography	273	0x06000112	System.Security.Cryptography.Oids	get_secp521r1Oid	0x2050	NoInlining	Assembly, Static, HideBySig, SpecialName	0x10057c154	0x94918ba9	0x1029deff8	0x1029deff8	mapped	0x1029deff8
System.Security.Cryptography	274	0x06000113	System.Security.Cryptography.Oids	get_BasicConstraints2Oid	0x2050	NoInlining	Assembly, Static, HideBySig, SpecialName	0x10057c158	0x94918bdc	0x1029df0c8	0x1029df0c8	mapped	0x1029df0c8
System.Security.Cryptography	275	0x06000114	System.Security.Cryptography.Oids	get_EnhancedKeyUsageOid	0x2050	NoInlining	Assembly, Static, HideBySig, SpecialName	0x10057c15c	0x94918bfa	0x1029df144	0x1029df144	mapped	0x1029df144
System.Security.Cryptography	276	0x06000115	System.Security.Cryptography.Oids	get_KeyUsageOid	0x2050	NoInlining	Assembly, Static, HideBySig, SpecialName	0x10057c160	0x94918c18	0x1029df1c0	0x1029df1c0	mapped	0x1029df1c0
System.Security.Cryptography	277	0x06000116	System.Security.Cryptography.Oids	get_AuthorityKeyIdentifierOid	0x2050	NoInlining	Assembly, Static, HideBySig, SpecialName	0x10057c164	0x94918c36	0x1029df23c	0x1029df23c	mapped	0x1029df23c
System.Security.Cryptography	278	0x06000117	System.Security.Cryptography.Oids	get_SubjectKeyIdentifierOid	0x2050	NoInlining	Assembly, Static, HideBySig, SpecialName	0x10057c168	0x94918c54	0x1029df2b8	0x1029df2b8	mapped	0x1029df2b8
System.Security.Cryptography	279	0x06000118	System.Security.Cryptography.Oids	get_SubjectAltNameOid	0x2050	NoInlining	Assembly, Static, HideBySig, SpecialName	0x10057c16c	0x94918c72	0x1029df334	0x1029df334	mapped	0x1029df334
System.Security.Cryptography	280	0x06000119	System.Security.Cryptography.Oids	get_AuthorityInformationAccessOid	0x2050	NoInlining	Assembly, Static, HideBySig, SpecialName	0x10057c170	0x94918c90	0x1029df3b0	0x1029df3b0	mapped	0x1029df3b0
System.Security.Cryptography	281	0x0600011a	System.Security.Cryptography.Oids	InitializeOid	0x2050	NoInlining	Private, Static, HideBySig	0x10057c174	0x94918cae	0x1029df42c	0x1029df42c	mapped	0x1029df42c
System.Security.Cryptography	282	0x0600011b	System.Security.Cryptography.Oids	.cctor	0x2050	NoInlining	Private, Static, HideBySig, SpecialName, RTSpecialName	0x10057c178	0x94918ce1	0x1029df4fc	0x1029df4fc	mapped	0x1029df4fc
System.Security.Cryptography	283	0x0600011c	System.Security.Cryptography.PasswordBasedEncryption	AlgorithmKdfRequiresChars	0x2050	NoInlining	Private, Static, HideBySig	0x10057c17c	0x94918d30	0x1029df63c	0x1029df63c	mapped	0x1029df63c
System.Security.Cryptography	284	0x0600011d	System.Security.Cryptography.PasswordBasedEncryption	ValidatePbeParameters	0x2050	NoInlining	Assembly, Static, HideBySig	0x10057c180	0x94918d51	0x1029df6c4	0x1029df6c4	mapped	0x1029df6c4
System.Security.Cryptography	285	0x0600011e	System.Security.Cryptography.PasswordBasedEncryption	Decrypt	0x2050	NoInlining	Assembly, Static, HideBySig	0x10057c184	0x97ff9ddf	0x100563900	0x100563900	mapped	0x100563900
System.Security.Cryptography	286	0x0600011f	System.Security.Cryptography.PasswordBasedEncryption	InitiateEncryption	0x2050	NoInlining	Assembly, Static, HideBySig	0x10057c188	0x94918db2	0x1029df850	0x1029df850	mapped	0x1029df850
System.Security.Cryptography	287	0x06000120	System.Security.Cryptography.PasswordBasedEncryption	Encrypt	0x2050	NoInlining	Assembly, Static, HideBySig	0x10057c18c	0x97ffa189	0x1005647b0	0x1005647b0	mapped	0x1005647b0
System.Security.Cryptography	288	0x06000121	System.Security.Cryptography.PasswordBasedEncryption	Pbes2Decrypt	0x2050	NoInlining	Private, Static, HideBySig	0x10057c190	0x94918ee8	0x1029dfd30	0x1029dfd30	mapped	0x1029dfd30
System.Security.Cryptography	289	0x06000122	System.Security.Cryptography.PasswordBasedEncryption	Pbes2Decrypt	0x2050	NoInlining	Private, Static, HideBySig	0x10057c194	0x97ffa493	0x1005653e0	0x1005653e0	mapped	0x1005653e0
System.Security.Cryptography	290	0x06000123	System.Security.Cryptography.PasswordBasedEncryption	OpenCipher	0x2050	NoInlining	Private, Static, HideBySig	0x10057c198	0x94918f66	0x1029dff30	0x1029dff30	mapped	0x1029dff30
System.Security.Cryptography	291	0x06000124	System.Security.Cryptography.PasswordBasedEncryption	ReadIvParameter	0x2050	NoInlining	Private, Static, HideBySig	0x10057c19c	0x94919079	0x1029e0380	0x1029e0380	mapped	0x1029e0380
System.Security.Cryptography	292	0x06000125	System.Security.Cryptography.PasswordBasedEncryption	OpenPbkdf2	0x2050	NoInlining	Private, Static, HideBySig	0x10057c1a0	0x97ffa66c	0x100565b50	0x100565b50	mapped	0x100565b50
System.Security.Cryptography	293	0x06000126	System.Security.Cryptography.PasswordBasedEncryption	Pbes1Decrypt	0x2050	NoInlining	Private, Static, HideBySig	0x10057c1a4	0x949190ee	0x1029e055c	0x1029e055c	mapped	0x1029e055c
System.Security.Cryptography	294	0x06000127	System.Security.Cryptography.PasswordBasedEncryption	Pkcs12PbeDecrypt	0x2050	NoInlining	Private, Static, HideBySig	0x10057c1a8	0x9491916a	0x1029e0750	0x1029e0750	mapped	0x1029e0750
System.Security.Cryptography	295	0x06000128	System.Security.Cryptography.PasswordBasedEncryption	Decrypt	0x2050	NoInlining	Private, Static, HideBySig	0x10057c1ac	0x97ffa8b1	0x100566470	0x100566470	mapped	0x100566470
System.Security.Cryptography	296	0x06000129	System.Security.Cryptography.PasswordBasedEncryption	Pbkdf1	0x2050	NoInlining	Private, Static, HideBySig	0x10057c1b0	0x94919241	0x1029e0ab4	0x1029e0ab4	mapped	0x1029e0ab4
System.Security.Cryptography	297	0x0600012a	System.Security.Cryptography.PasswordBasedEncryption	WritePbeAlgorithmIdentifier	0x2050	NoInlining	Assembly, Static, HideBySig	0x10057c1b4	0x949192b6	0x1029e0c8c	0x1029e0c8c	mapped	0x1029e0c8c
System.Security.Cryptography	298	0x0600012b	System.Security.Cryptography.PasswordBasedEncryption	NormalizeIterationCount	0x2050	NoInlining	Assembly, Static, HideBySig	0x10057c1b8	0x94919356	0x1029e0f10	0x1029e0f10	mapped	0x1029e0f10
System.Security.Cryptography	299	0x0600012c	System.Security.Cryptography.PasswordBasedEncryption	CreateRC2	0x2050	NoInlining	Private, Static, HideBySig	0x10057c1bc	0x94919375	0x1029e0f90	0x1029e0f90	mapped	0x1029e0f90
System.Security.Cryptography	300	0x0600012d	System.Security.Cryptography.RSAKeyFormatHelper	FromPkcs1PrivateKey	0x2050	NoInlining	Assembly, Static, HideBySig	0x10057c1c0	0x9491937e	0x1029e0fb8	0x1029e0fb8	mapped	0x1029e0fb8
System.Security.Cryptography	301	0x0600012e	System.Security.Cryptography.RSAKeyFormatHelper	ReadRsaPublicKey	0x2050	NoInlining	Assembly, Static, HideBySig	0x10057c1c4	0x9491942d	0x1029e1278	0x1029e1278	mapped	0x1029e1278
System.Security.Cryptography	302	0x0600012f	System.Security.Cryptography.RSAKeyFormatHelper	ReadRsaPublicKey	0x2050	NoInlining	Assembly, Static, HideBySig	0x10057c1c8	0x94919478	0x1029e13a8	0x1029e13a8	mapped	0x1029e13a8
System.Security.Cryptography	303	0x06000130	System.Security.Cryptography.RSAKeyFormatHelper	ReadSubjectPublicKeyInfo	0x2050	NoInlining	Assembly, Static, HideBySig	0x10057c1cc	0x949194d5	0x1029e1520	0x1029e1520	mapped	0x1029e1520
System.Security.Cryptography	304	0x06000131	System.Security.Cryptography.RSAKeyFormatHelper	ReadPkcs8	0x2050	NoInlining	Assembly, Static, HideBySig	0x10057c1d0	0x94919511	0x1029e1614	0x1029e1614	mapped	0x1029e1614
System.Security.Cryptography	305	0x06000132	System.Security.Cryptography.RSAKeyFormatHelper	WriteSubjectPublicKeyInfo	0x2050	NoInlining	Assembly, Static, HideBySig	0x10057c1d4	0x94919532	0x1029e169c	0x1029e169c	mapped	0x1029e169c
System.Security.Cryptography	306	0x06000133	System.Security.Cryptography.RSAKeyFormatHelper	WritePkcs8PrivateKey	0x2050	NoInlining	Assembly, Static, HideBySig	0x10057c1d8	0x97ffabbe	0x1005670d0	0x1005670d0	mapped	0x1005670d0
System.Security.Cryptography	307	0x06000134	System.Security.Cryptography.RSAKeyFormatHelper	WriteAlgorithmIdentifier	0x2050	NoInlining	Private, Static, HideBySig	0x10057c1dc	0x94919564	0x1029e176c	0x1029e176c	mapped	0x1029e176c
System.Security.Cryptography	308	0x06000135	System.Security.Cryptography.RSAKeyFormatHelper	WritePkcs1PublicKey	0x2050	NoInlining	Assembly, Static, HideBySig	0x10057c1e0	0x94919595	0x1029e1834	0x1029e1834	mapped	0x1029e1834
System.Security.Cryptography	309	0x06000136	System.Security.Cryptography.RSAKeyFormatHelper	WritePkcs1PrivateKey	0x2050	NoInlining	Assembly, Static, HideBySig	0x10057c1e4	0x949195e4	0x1029e1974	0x1029e1974	mapped	0x1029e1974
System.Security.Cryptography	310	0x06000137	System.Security.Cryptography.RSAKeyFormatHelper	.cctor	0x2050	NoInlining	Private, Static, HideBySig, SpecialName, RTSpecialName	0x10057c1e8	0x9491967d	0x1029e1bdc	0x1029e1bdc	mapped	0x1029e1bdc
System.Security.Cryptography	311	0x06000138	System.Security.Cryptography.Aes	.ctor	0x2050	NoInlining	Family, HideBySig, SpecialName, RTSpecialName	0x10057c1ec	0x9491969d	0x1029e1c60	0x1029e1c60	mapped	0x1029e1c60
System.Security.Cryptography	312	0x06000139	System.Security.Cryptography.Aes	Create	0x2050	NoInlining	Public, Static, HideBySig	0x10057c1f0	0x949196d7	0x1029e1d4c	0x1029e1d4c	mapped	0x1029e1d4c
System.Security.Cryptography	313	0x0600013a	System.Security.Cryptography.Aes	.cctor	0x2050	NoInlining	Private, Static, HideBySig, SpecialName, RTSpecialName	0x10057c1f4	0x949196f1	0x1029e1db8	0x1029e1db8	mapped	0x1029e1db8
System.Security.Cryptography	314	0x0600013b	System.Security.Cryptography.AesCryptoServiceProvider	.ctor	0x2050	NoInlining	Public, HideBySig, SpecialName, RTSpecialName	0x10057c1f8	0x9491972e	0x1029e1eb0	0x1029e1eb0	mapped	0x1029e1eb0
System.Security.Cryptography	315	0x0600013c	System.Security.Cryptography.AesCryptoServiceProvider	get_FeedbackSize	0x2050	NoInlining	Public, Final, Virtual, HideBySig, SpecialName	0x10057c1fc	0x94919751	0x1029e1f40	0x1029e1f40	mapped	0x1029e1f40
System.Security.Cryptography	316	0x0600013d	System.Security.Cryptography.AesCryptoServiceProvider	set_FeedbackSize	0x2050	NoInlining	Public, Final, Virtual, HideBySig, SpecialName	0x10057c200	0x94919769	0x1029e1fa4	0x1029e1fa4	mapped	0x1029e1fa4
System.Security.Cryptography	317	0x0600013e	System.Security.Cryptography.AesCryptoServiceProvider	get_BlockSize	0x2050	NoInlining	Public, Final, Virtual, HideBySig, SpecialName	0x10057c204	0x94919783	0x1029e2010	0x1029e2010	mapped	0x1029e2010
System.Security.Cryptography	318	0x0600013f	System.Security.Cryptography.AesCryptoServiceProvider	get_IV	0x2050	NoInlining	Public, Final, Virtual, HideBySig, SpecialName	0x10057c208	0x9491979b	0x1029e2074	0x1029e2074	mapped	0x1029e2074
System.Security.Cryptography	319	0x06000140	System.Security.Cryptography.AesCryptoServiceProvider	set_IV	0x2050	NoInlining	Public, Final, Virtual, HideBySig, SpecialName	0x10057c20c	0x949197b3	0x1029e20d8	0x1029e20d8	mapped	0x1029e20d8
System.Security.Cryptography	320	0x06000141	System.Security.Cryptography.AesCryptoServiceProvider	get_Key	0x2050	NoInlining	Public, Final, Virtual, HideBySig, SpecialName	0x10057c210	0x949197cd	0x1029e2144	0x1029e2144	mapped	0x1029e2144
System.Security.Cryptography	321	0x06000142	System.Security.Cryptography.AesCryptoServiceProvider	set_Key	0x2050	NoInlining	Public, Final, Virtual, HideBySig, SpecialName	0x10057c214	0x949197e5	0x1029e21a8	0x1029e21a8	mapped	0x1029e21a8
System.Security.Cryptography	322	0x06000143	System.Security.Cryptography.AesCryptoServiceProvider	get_KeySize	0x2050	NoInlining	Public, Final, Virtual, HideBySig, SpecialName	0x10057c218	0x949197ff	0x1029e2214	0x1029e2214	mapped	0x1029e2214
System.Security.Cryptography	323	0x06000144	System.Security.Cryptography.AesCryptoServiceProvider	set_KeySize	0x2050	NoInlining	Public, Final, Virtual, HideBySig, SpecialName	0x10057c21c	0x94919817	0x1029e2278	0x1029e2278	mapped	0x1029e2278
System.Security.Cryptography	324	0x06000145	System.Security.Cryptography.AesCryptoServiceProvider	get_Mode	0x2050	NoInlining	Public, Final, Virtual, HideBySig, SpecialName	0x10057c220	0x94919831	0x1029e22e4	0x1029e22e4	mapped	0x1029e22e4
System.Security.Cryptography	325	0x06000146	System.Security.Cryptography.AesCryptoServiceProvider	get_Padding	0x2050	NoInlining	Public, Final, Virtual, HideBySig, SpecialName	0x10057c224	0x94919849	0x1029e2348	0x1029e2348	mapped	0x1029e2348
System.Security.Cryptography	326	0x06000147	System.Security.Cryptography.AesCryptoServiceProvider	get_LegalKeySizes	0x2050	NoInlining	Public, Final, Virtual, HideBySig, SpecialName	0x10057c228	0x94919861	0x1029e23ac	0x1029e23ac	mapped	0x1029e23ac
System.Security.Cryptography	327	0x06000148	System.Security.Cryptography.AesCryptoServiceProvider	CreateEncryptor	0x2050	NoInlining	Public, Final, Virtual, HideBySig	0x10057c22c	0x94919879	0x1029e2410	0x1029e2410	mapped	0x1029e2410
System.Security.Cryptography	328	0x06000149	System.Security.Cryptography.AesCryptoServiceProvider	CreateEncryptor	0x2050	NoInlining	Public, Final, Virtual, HideBySig	0x10057c230	0x94919891	0x1029e2474	0x1029e2474	mapped	0x1029e2474
System.Security.Cryptography	329	0x0600014a	System.Security.Cryptography.AesCryptoServiceProvider	CreateDecryptor	0x2050	NoInlining	Public, Final, Virtual, HideBySig	0x10057c234	0x949198af	0x1029e24f0	0x1029e24f0	mapped	0x1029e24f0
System.Security.Cryptography	330	0x0600014b	System.Security.Cryptography.AesCryptoServiceProvider	CreateDecryptor	0x2050	NoInlining	Public, Final, Virtual, HideBySig	0x10057c238	0x949198c7	0x1029e2554	0x1029e2554	mapped	0x1029e2554
System.Security.Cryptography	331	0x0600014c	System.Security.Cryptography.AesCryptoServiceProvider	GenerateIV	0x2050	NoInlining	Public, Final, Virtual, HideBySig	0x10057c23c	0x949198e5	0x1029e25d0	0x1029e25d0	mapped	0x1029e25d0
System.Security.Cryptography	332	0x0600014d	System.Security.Cryptography.AesCryptoServiceProvider	GenerateKey	0x2050	NoInlining	Public, Final, Virtual, HideBySig	0x10057c240	0x949198fd	0x1029e2634	0x1029e2634	mapped	0x1029e2634
System.Security.Cryptography	333	0x0600014e	System.Security.Cryptography.AesCryptoServiceProvider	Dispose	0x2050	NoInlining	Family, Final, Virtual, HideBySig	0x10057c244	0x94919915	0x1029e2698	0x1029e2698	mapped	0x1029e2698
System.Security.Cryptography	334	0x0600014f	System.Security.Cryptography.AesImplementation	CreateDecryptor	0x2050	NoInlining	Public, Final, Virtual, HideBySig	0x10057c248	0x9491993d	0x1029e273c	0x1029e273c	mapped	0x1029e273c
System.Security.Cryptography	335	0x06000150	System.Security.Cryptography.AesImplementation	CreateDecryptor	0x2050	NoInlining	Public, Final, Virtual, HideBySig	0x10057c24c	0x9491995c	0x1029e27bc	0x1029e27bc	mapped	0x1029e27bc
System.Security.Cryptography	336	0x06000151	System.Security.Cryptography.AesImplementation	CreateEncryptor	0x2050	NoInlining	Public, Final, Virtual, HideBySig	0x10057c250	0x94919972	0x1029e2818	0x1029e2818	mapped	0x1029e2818
System.Security.Cryptography	337	0x06000152	System.Security.Cryptography.AesImplementation	CreateEncryptor	0x2050	NoInlining	Public, Final, Virtual, HideBySig	0x10057c254	0x94919991	0x1029e2898	0x1029e2898	mapped	0x1029e2898
System.Security.Cryptography	338	0x06000153	System.Security.Cryptography.AesImplementation	GenerateIV	0x2050	NoInlining	Public, Final, Virtual, HideBySig	0x10057c258	0x949199a7	0x1029e28f4	0x1029e28f4	mapped	0x1029e28f4
System.Security.Cryptography	339	0x06000154	System.Security.Cryptography.AesImplementation	GenerateKey	0x2050	NoInlining	Public, Final, Virtual, HideBySig	0x10057c25c	0x949199c6	0x1029e2974	0x1029e2974	mapped	0x1029e2974
System.Security.Cryptography	340	0x06000155	System.Security.Cryptography.AesImplementation	Dispose	0x2050	NoInlining	Family, Final, Virtual, HideBySig	0x10057c260	0x949199e5	0x1029e29f4	0x1029e29f4	mapped	0x1029e29f4
System.Security.Cryptography	341	0x06000156	System.Security.Cryptography.AesImplementation	CreateTransform	0x2050	NoInlining	Private, HideBySig	0x10057c264	0x949199f4	0x1029e2a34	0x1029e2a34	mapped	0x1029e2a34
System.Security.Cryptography	342	0x06000157	System.Security.Cryptography.AesImplementation	ValidateCFBFeedbackSize	0x2050	NoInlining	Private, Static, HideBySig	0x10057c268	0x94919a8c	0x1029e2c98	0x1029e2c98	mapped	0x1029e2c98
System.Security.Cryptography	343	0x06000158	System.Security.Cryptography.AesImplementation	CreateTransformCore	0x2050	NoInlining	Private, Static, HideBySig	0x10057c26c	0x94919ac1	0x1029e2d70	0x1029e2d70	mapped	0x1029e2d70
System.Security.Cryptography	344	0x06000159	System.Security.Cryptography.AesImplementation	.ctor	0x2050	NoInlining	Public, HideBySig, SpecialName, RTSpecialName	0x10057c270	0x94919b12	0x1029e2eb8	0x1029e2eb8	mapped	0x1029e2eb8
System.Security.Cryptography	345	0x0600015a	System.Security.Cryptography.AsnEncodedData	.ctor	0x2050	NoInlining	Family, HideBySig, SpecialName, RTSpecialName	0x10057c274	0x94919b1f	0x1029e2ef0	0x1029e2ef0	mapped	0x1029e2ef0
System.Security.Cryptography	346	0x0600015b	System.Security.Cryptography.AsnEncodedData	.ctor	0x2050	NoInlining	Public, HideBySig, SpecialName, RTSpecialName	0x10057c278	0x94919b4b	0x1029e2fa4	0x1029e2fa4	mapped	0x1029e2fa4
System.Security.Cryptography	347	0x0600015c	System.Security.Cryptography.AsnEncodedData	.ctor	0x2050	NoInlining	Public, HideBySig, SpecialName, RTSpecialName	0x10057c27c	0x94919b6f	0x1029e3038	0x1029e3038	mapped	0x1029e3038
System.Security.Cryptography	348	0x0600015d	System.Security.Cryptography.AsnEncodedData	.ctor	0x2050	NoInlining	Public, HideBySig, SpecialName, RTSpecialName	0x10057c280	0x94919b83	0x1029e308c	0x1029e308c	mapped	0x1029e308c
System.Security.Cryptography	349	0x0600015e	System.Security.Cryptography.AsnEncodedData	.ctor	0x2050	NoInlining	Assembly, HideBySig, SpecialName, RTSpecialName	0x10057c284	0x94919b98	0x1029e30e4	0x1029e30e4	mapped	0x1029e30e4
System.Security.Cryptography	350	0x0600015f	System.Security.Cryptography.AsnEncodedData	get_Oid	0x2050	NoInlining	Public, HideBySig, SpecialName	0x10057c288	0x94919bd1	0x1029e31cc	0x1029e31cc	mapped	0x1029e31cc
System.Security.Cryptography	351	0x06000160	System.Security.Cryptography.AsnEncodedData	set_Oid	0x2050	NoInlining	Public, HideBySig, SpecialName	0x10057c28c	0x94919bd9	0x1029e31f0	0x1029e31f0	mapped	0x1029e31f0
System.Security.Cryptography	352	0x06000161	System.Security.Cryptography.AsnEncodedData	get_RawData	0x2050	NoInlining	Public, HideBySig, SpecialName	0x10057c290	0x94919be8	0x1029e3230	0x1029e3230	mapped	0x1029e3230
System.Security.Cryptography	353	0x06000162	System.Security.Cryptography.AsnEncodedData	set_RawData	0x2050	NoInlining	Public, HideBySig, SpecialName	0x10057c294	0x94919bf0	0x1029e3254	0x1029e3254	mapped	0x1029e3254
System.Security.Cryptography	354	0x06000163	System.Security.Cryptography.AsnEncodedData	CopyFrom	0x2050	NoInlining	Public, Virtual, HideBySig, VtableLayoutMask	0x10057c298	0x94919c1a	0x1029e3300	0x1029e3300	mapped	0x1029e3300
System.Security.Cryptography	355	0x06000164	System.Security.Cryptography.AsnEncodedData	Format	0x2050	NoInlining	Public, Virtual, HideBySig, VtableLayoutMask	0x10057c29c	0x94919c3e	0x1029e3394	0x1029e3394	mapped	0x1029e3394
System.Security.Cryptography	356	0x06000165	System.Security.Cryptography.AsnEncodedData	Reset	0x2050	NoInlining	Private, HideBySig	0x10057c2a0	0x94919c78	0x1029e3480	0x1029e3480	mapped	0x1029e3480
System.Security.Cryptography	357	0x06000166	System.Security.Cryptography.AsnEncodedData	Reset	0x2050	NoInlining	Private, HideBySig	0x10057c2a4	0x94919c98	0x1029e3504	0x1029e3504	mapped	0x1029e3504
System.Security.Cryptography	358	0x06000167	System.Security.Cryptography.AsnFormatter	get_Instance	0x2050	NoInlining	Assembly, Static, HideBySig, SpecialName	0x10057c2a8	0x94919cc8	0x1029e35c8	0x1029e35c8	mapped	0x1029e35c8
System.Security.Cryptography	359	0x06000168	System.Security.Cryptography.AsnFormatter	Format	0x2050	NoInlining	Public, HideBySig	0x10057c2ac	0x94919cd8	0x1029e360c	0x1029e360c	mapped	0x1029e360c
System.Security.Cryptography	360	0x06000169	System.Security.Cryptography.AsnFormatter	FormatNative	0x0	NoInlining	Family, Virtual, HideBySig, VtableLayoutMask, Abstract	0x10057c2b0	0x97fffe98	0x10057bd10		absent	0x10057bd10
System.Security.Cryptography	361	0x0600016a	System.Security.Cryptography.AsnFormatter	EncodeSpaceSeparatedHexString	0x2050	NoInlining	Family, Static, HideBySig	0x10057c2b4	0x94919cf7	0x1029e3690	0x1029e3690	mapped	0x1029e3690
System.Security.Cryptography	362	0x0600016b	System.Security.Cryptography.AsnFormatter	.ctor	0x2050	NoInlining	Family, HideBySig, SpecialName, RTSpecialName	0x10057c2b8	0x94919d41	0x1029e37bc	0x1029e37bc	mapped	0x1029e37bc
System.Security.Cryptography	363	0x0600016c	System.Security.Cryptography.AsnFormatter	.cctor	0x2050	NoInlining	Private, Static, HideBySig, SpecialName, RTSpecialName	0x10057c2bc	0x94919d4e	0x1029e37f4	0x1029e37f4	mapped	0x1029e37f4
System.Security.Cryptography	364	0x0600016d	System.Security.Cryptography.AsnFormatter+<>c	.cctor	0x2050	NoInlining	Private, Static, HideBySig, SpecialName, RTSpecialName	0x10057c2c0	0x94919d69	0x1029e3864	0x1029e3864	mapped	0x1029e3864
System.Security.Cryptography	365	0x0600016e	System.Security.Cryptography.AsnFormatter+<>c	.ctor	0x2050	NoInlining	Public, HideBySig, SpecialName, RTSpecialName	0x10057c2c4	0x94919d84	0x1029e38d4	0x1029e38d4	mapped	0x1029e38d4
System.Security.Cryptography	366	0x0600016f	System.Security.Cryptography.AsnFormatter+<>c	<EncodeSpaceSeparatedHexString>b__4_0	0x2050	NoInlining	Assembly, HideBySig	0x10057c2c8	0x94919d91	0x1029e390c	0x1029e390c	mapped	0x1029e390c
System.Security.Cryptography	367	0x06000170	System.Security.Cryptography.AsymmetricAlgorithm	.ctor	0x2050	NoInlining	Family, HideBySig, SpecialName, RTSpecialName	0x10057c2cc	0x94919e03	0x1029e3ad8	0x1029e3ad8	mapped	0x1029e3ad8
System.Security.Cryptography	368	0x06000171	System.Security.Cryptography.AsymmetricAlgorithm	get_KeySize	0x2050	NoInlining	Public, Virtual, HideBySig, VtableLayoutMask, SpecialName	0x10057c2d0	0x94919e03	0x1029e3adc	0x1029e3adc	mapped	0x1029e3adc
System.Security.Cryptography	369	0x06000172	System.Security.Cryptography.AsymmetricAlgorithm	set_KeySize	0x2050	NoInlining	Public, Virtual, HideBySig, VtableLayoutMask, SpecialName	0x10057c2d4	0x94919e0b	0x1029e3b00	0x1029e3b00	mapped	0x1029e3b00
System.Security.Cryptography	370	0x06000173	System.Security.Cryptography.AsymmetricAlgorithm	get_LegalKeySizes	0x2050	NoInlining	Public, Virtual, HideBySig, VtableLayoutMask, SpecialName	0x10057c2d8	0x94919e35	0x1029e3bac	0x1029e3bac	mapped	0x1029e3bac
System.Security.Cryptography	371	0x06000174	System.Security.Cryptography.AsymmetricAlgorithm	Clear	0x2050	NoInlining	Public, HideBySig	0x10057c2dc	0x94919e71	0x1029e3ca0	0x1029e3ca0	mapped	0x1029e3ca0
System.Security.Cryptography	372	0x06000175	System.Security.Cryptography.AsymmetricAlgorithm	Dispose	0x2050	NoInlining	Public, Final, Virtual, HideBySig, VtableLayoutMask	0x10057c2e0	0x94919e89	0x1029e3d04	0x1029e3d04	mapped	0x1029e3d04
System.Security.Cryptography	373	0x06000176	System.Security.Cryptography.AsymmetricAlgorithm	Dispose	0x2050	NoInlining	Family, Virtual, HideBySig, VtableLayoutMask	0x10057c2e4	0x94919e96	0x1029e3d3c	0x1029e3d3c	mapped	0x1029e3d3c
System.Security.Cryptography	374	0x06000177	System.Security.Cryptography.AsymmetricAlgorithm	ImportPkcs8PrivateKey	0x2050	NoInlining	Public, Virtual, HideBySig, VtableLayoutMask	0x10057c2e8	0x94919e96	0x1029e3d40	0x1029e3d40	mapped	0x1029e3d40
System.Security.Cryptography	375	0x06000178	System.Security.Cryptography.AsymmetricAlgorithm	ExportEncryptedPkcs8PrivateKey	0x2050	NoInlining	Public, Final, Virtual, HideBySig, VtableLayoutMask	0x10057c2ec	0x94919ea7	0x1029e3d88	0x1029e3d88	mapped	0x1029e3d88
System.Security.Cryptography	376	0x06000179	System.Security.Cryptography.AsymmetricAlgorithm	TryExportEncryptedPkcs8PrivateKey	0x2050	NoInlining	Public, Virtual, HideBySig, VtableLayoutMask	0x10057c2f0	0x94919ee4	0x1029e3e80	0x1029e3e80	mapped	0x1029e3e80
System.Security.Cryptography	377	0x0600017a	System.Security.Cryptography.AsymmetricAlgorithm	TryExportSubjectPublicKeyInfo	0x2050	NoInlining	Public, Virtual, HideBySig, VtableLayoutMask	0x10057c2f4	0x94919ef5	0x1029e3ec8	0x1029e3ec8	mapped	0x1029e3ec8
System.Security.Cryptography	378	0x0600017b	System.Security.Cryptography.AsymmetricAlgorithm	ExportArray	0x2050	NoInlining	Private, Static, HideBySig	0x10057c2f8	0x94919f06	0x1029e3f10	0x1029e3f10	mapped	0x1029e3f10
System.Security.Cryptography	379	0x0600017c	System.Security.Cryptography.AsymmetricAlgorithm+TryExportPbe`1	.ctor	0x0	11	Public, HideBySig, SpecialName, RTSpecialName	0x10057c2fc	0x97fffe85	0x10057bd10		absent	0x10057bd10
System.Security.Cryptography	380	0x0600017d	System.Security.Cryptography.AsymmetricAlgorithm+TryExportPbe`1	Invoke	0x0	11	Public, Virtual, HideBySig, VtableLayoutMask	0x10057c300	0x97fffe84	0x10057bd10		absent	0x10057bd10
System.Security.Cryptography	381	0x0600017e	System.Security.Cryptography.AsymmetricAlgorithmHelpers	EncodeToUncompressedAnsiX963Key	0x2050	NoInlining	Public, Static, HideBySig	0x10057c304	0x9491a005	0x1029e4318	0x1029e4318	mapped	0x1029e4318
System.Security.Cryptography	382	0x0600017f	System.Security.Cryptography.AsymmetricAlgorithmHelpers	DecodeFromUncompressedAnsiX963Key	0x2050	NoInlining	Public, Static, HideBySig	0x10057c308	0x9491a089	0x1029e452c	0x1029e452c	mapped	0x1029e452c
System.Security.Cryptography	383	0x06000180	System.Security.Cryptography.BasicSymmetricCipher	.ctor	0x2050	NoInlining	Family, HideBySig, SpecialName, RTSpecialName	0x10057c30c	0x9491a10e	0x1029e4744	0x1029e4744	mapped	0x1029e4744
System.Security.Cryptography	384	0x06000181	System.Security.Cryptography.BasicSymmetricCipher	Transform	0x0	NoInlining	Public, Virtual, HideBySig, VtableLayoutMask, Abstract	0x10057c310	0x97fffe80	0x10057bd10		absent	0x10057bd10
System.Security.Cryptography	385	0x06000182	System.Security.Cryptography.BasicSymmetricCipher	TransformFinal	0x0	NoInlining	Public, Virtual, HideBySig, VtableLayoutMask, Abstract	0x10057c314	0x97fffe7f	0x10057bd10		absent	0x10057bd10
System.Security.Cryptography	386	0x06000183	System.Security.Cryptography.BasicSymmetricCipher	get_BlockSizeInBytes	0x2050	NoInlining	Public, HideBySig, SpecialName	0x10057c318	0x9491a11e	0x1029e4790	0x1029e4790	mapped	0x1029e4790
System.Security.Cryptography	387	0x06000184	System.Security.Cryptography.BasicSymmetricCipher	set_BlockSizeInBytes	0x2050	NoInlining	Private, HideBySig, SpecialName	0x10057c31c	0x9491a126	0x1029e47b4	0x1029e47b4	mapped	0x1029e47b4
System.Security.Cryptography	388	0x06000185	System.Security.Cryptography.BasicSymmetricCipher	get_PaddingSizeInBytes	0x2050	NoInlining	Public, HideBySig, SpecialName	0x10057c320	0x9491a12e	0x1029e47d8	0x1029e47d8	mapped	0x1029e47d8
System.Security.Cryptography	389	0x06000186	System.Security.Cryptography.BasicSymmetricCipher	set_PaddingSizeInBytes	0x2050	NoInlining	Private, HideBySig, SpecialName	0x10057c324	0x9491a136	0x1029e47fc	0x1029e47fc	mapped	0x1029e47fc
System.Security.Cryptography	390	0x06000187	System.Security.Cryptography.BasicSymmetricCipher	Dispose	0x2050	NoInlining	Public, Final, Virtual, HideBySig, VtableLayoutMask	0x10057c328	0x9491a13e	0x1029e4820	0x1029e4820	mapped	0x1029e4820
System.Security.Cryptography	391	0x06000188	System.Security.Cryptography.BasicSymmetricCipher	Dispose	0x2050	NoInlining	Family, Virtual, HideBySig, VtableLayoutMask	0x10057c32c	0x9491a156	0x1029e4884	0x1029e4884	mapped	0x1029e4884
System.Security.Cryptography	392	0x06000189	System.Security.Cryptography.BasicSymmetricCipher	get_IV	0x2050	NoInlining	Family, HideBySig, SpecialName	0x10057c330	0x9491a175	0x1029e4904	0x1029e4904	mapped	0x1029e4904
System.Security.Cryptography	393	0x0600018a	System.Security.Cryptography.BasicSymmetricCipher	set_IV	0x2050	NoInlining	Private, HideBySig, SpecialName	0x10057c334	0x9491a17d	0x1029e4928	0x1029e4928	mapped	0x1029e4928
System.Security.Cryptography	394	0x0600018b	System.Security.Cryptography.CryptographicOperations	FixedTimeEquals	0x2050	72	Public, Static, HideBySig	0x10057c338	0x9491a18c	0x1029e4968	0x1029e4968	mapped	0x1029e4968
System.Security.Cryptography	395	0x0600018c	System.Security.Cryptography.CryptographicOperations	ZeroMemory	0x2050	72	Public, Static, HideBySig	0x10057c33c	0x9491a1c7	0x1029e4a58	0x1029e4a58	mapped	0x1029e4a58
System.Security.Cryptography	396	0x0600018d	System.Security.Cryptography.CryptographicUnexpectedOperationException	.ctor	0x2050	NoInlining	Public, HideBySig, SpecialName, RTSpecialName	0x10057c340	0x9491a1e1	0x1029e4ac4	0x1029e4ac4	mapped	0x1029e4ac4
System.Security.Cryptography	397	0x0600018e	System.Security.Cryptography.CryptoStream	.ctor	0x2050	NoInlining	Public, HideBySig, SpecialName, RTSpecialName	0x10057c344	0x9491a1f6	0x1029e4b1c	0x1029e4b1c	mapped	0x1029e4b1c
System.Security.Cryptography	398	0x0600018f	System.Security.Cryptography.CryptoStream	.ctor	0x2050	NoInlining	Public, HideBySig, SpecialName, RTSpecialName	0x10057c348	0x9491a20c	0x1029e4b78	0x1029e4b78	mapped	0x1029e4b78
System.Security.Cryptography	399	0x06000190	System.Security.Cryptography.CryptoStream	get_CanRead	0x2050	NoInlining	Public, Final, Virtual, HideBySig, SpecialName	0x10057c34c	0x9491a29f	0x1029e4dc8	0x1029e4dc8	mapped	0x1029e4dc8
System.Security.Cryptography	400	0x06000191	System.Security.Cryptography.CryptoStream	get_CanSeek	0x2050	NoInlining	Public, Final, Virtual, HideBySig, SpecialName	0x10057c350	0x9491a2a7	0x1029e4dec	0x1029e4dec	mapped	0x1029e4dec
System.Security.Cryptography	401	0x06000192	System.Security.Cryptography.CryptoStream	get_CanWrite	0x2050	NoInlining	Public, Final, Virtual, HideBySig, SpecialName	0x10057c354	0x9491a2a8	0x1029e4df4	0x1029e4df4	mapped	0x1029e4df4
System.Security.Cryptography	402	0x06000193	System.Security.Cryptography.CryptoStream	get_Length	0x2050	NoInlining	Public, Final, Virtual, HideBySig, SpecialName	0x10057c358	0x9491a2b0	0x1029e4e18	0x1029e4e18	mapped	0x1029e4e18
System.Security.Cryptography	403	0x06000194	System.Security.Cryptography.CryptoStream	get_Position	0x2050	NoInlining	Public, Final, Virtual, HideBySig, SpecialName	0x10057c35c	0x9491a2c1	0x1029e4e60	0x1029e4e60	mapped	0x1029e4e60
System.Security.Cryptography	404	0x06000195	System.Security.Cryptography.CryptoStream	set_Position	0x2050	NoInlining	Public, Final, Virtual, HideBySig, SpecialName	0x10057c360	0x9491a2d2	0x1029e4ea8	0x1029e4ea8	mapped	0x1029e4ea8
System.Security.Cryptography	405	0x06000196	System.Security.Cryptography.CryptoStream	get_HasFlushedFinalBlock	0x2050	NoInlining	Public, HideBySig, SpecialName	0x10057c364	0x9491a2e3	0x1029e4ef0	0x1029e4ef0	mapped	0x1029e4ef0
System.Security.Cryptography	406	0x06000197	System.Security.Cryptography.CryptoStream	FlushFinalBlock	0x2050	NoInlining	Public, HideBySig	0x10057c368	0x9491a2eb	0x1029e4f14	0x1029e4f14	mapped	0x1029e4f14
System.Security.Cryptography	407	0x06000198	System.Security.Cryptography.CryptoStream	FlushFinalBlockAsync	0x2050	NoInlining	Private, HideBySig	0x10057c36c	0x9491a31c	0x1029e4fdc	0x1029e4fdc	mapped	0x1029e4fdc
System.Security.Cryptography	408	0x06000199	System.Security.Cryptography.CryptoStream	Flush	0x2050	NoInlining	Public, Final, Virtual, HideBySig	0x10057c370	0x9491a34f	0x1029e50ac	0x1029e50ac	mapped	0x1029e50ac
System.Security.Cryptography	409	0x0600019a	System.Security.Cryptography.CryptoStream	FlushAsync	0x2050	NoInlining	Public, Final, Virtual, HideBySig	0x10057c374	0x9491a369	0x1029e5118	0x1029e5118	mapped	0x1029e5118
System.Security.Cryptography	410	0x0600019b	System.Security.Cryptography.CryptoStream	Seek	0x2050	NoInlining	Public, Final, Virtual, HideBySig	0x10057c378	0x9491a3ab	0x1029e5224	0x1029e5224	mapped	0x1029e5224
System.Security.Cryptography	411	0x0600019c	System.Security.Cryptography.CryptoStream	SetLength	0x2050	NoInlining	Public, Final, Virtual, HideBySig	0x10057c37c	0x9491a3bc	0x1029e526c	0x1029e526c	mapped	0x1029e526c
System.Security.Cryptography	412	0x0600019d	System.Security.Cryptography.CryptoStream	ReadAsync	0x2050	NoInlining	Public, Final, Virtual, HideBySig	0x10057c380	0x9491a3cd	0x1029e52b4	0x1029e52b4	mapped	0x1029e52b4
System.Security.Cryptography	413	0x0600019e	System.Security.Cryptography.CryptoStream	ReadAsync	0x2050	NoInlining	Public, Final, Virtual, HideBySig	0x10057c384	0x9491a414	0x1029e53d4	0x1029e53d4	mapped	0x1029e53d4
System.Security.Cryptography	414	0x0600019f	System.Security.Cryptography.CryptoStream	ReadAsyncInternal	0x2050	NoInlining	Private, HideBySig	0x10057c388	0x9491a44e	0x1029e54c0	0x1029e54c0	mapped	0x1029e54c0
System.Security.Cryptography	415	0x060001a0	System.Security.Cryptography.CryptoStream	BeginRead	0x2050	NoInlining	Public, Final, Virtual, HideBySig	0x10057c38c	0x9491a487	0x1029e55a8	0x1029e55a8	mapped	0x1029e55a8
System.Security.Cryptography	416	0x060001a1	System.Security.Cryptography.CryptoStream	EndRead	0x2050	NoInlining	Public, Final, Virtual, HideBySig	0x10057c390	0x9491a4ac	0x1029e5640	0x1029e5640	mapped	0x1029e5640
System.Security.Cryptography	417	0x060001a2	System.Security.Cryptography.CryptoStream	ReadByte	0x2050	NoInlining	Public, Final, Virtual, HideBySig	0x10057c394	0x9491a4c6	0x1029e56ac	0x1029e56ac	mapped	0x1029e56ac
System.Security.Cryptography	418	0x060001a3	System.Security.Cryptography.CryptoStream	WriteByte	0x2050	NoInlining	Public, Final, Virtual, HideBySig	0x10057c398	0x9491a4f2	0x1029e5760	0x1029e5760	mapped	0x1029e5760
System.Security.Cryptography	419	0x060001a4	System.Security.Cryptography.CryptoStream	Read	0x2050	NoInlining	Public, Final, Virtual, HideBySig	0x10057c39c	0x9491a51c	0x1029e580c	0x1029e580c	mapped	0x1029e580c
System.Security.Cryptography	420	0x060001a5	System.Security.Cryptography.CryptoStream	CheckReadArguments	0x2050	NoInlining	Private, HideBySig	0x10057c3a0	0x9491a578	0x1029e5980	0x1029e5980	mapped	0x1029e5980
System.Security.Cryptography	421	0x060001a6	System.Security.Cryptography.CryptoStream	ReadAsyncCore	0x2050	NoInlining	Private, HideBySig	0x10057c3a4	0x9491a5af	0x1029e5a60	0x1029e5a60	mapped	0x1029e5a60
System.Security.Cryptography	422	0x060001a7	System.Security.Cryptography.CryptoStream	WriteAsync	0x2050	NoInlining	Public, Final, Virtual, HideBySig	0x10057c3a8	0x9491a5eb	0x1029e5b54	0x1029e5b54	mapped	0x1029e5b54
System.Security.Cryptography	423	0x060001a8	System.Security.Cryptography.CryptoStream	WriteAsync	0x2050	NoInlining	Public, Final, Virtual, HideBySig	0x10057c3ac	0x9491a630	0x1029e5c6c	0x1029e5c6c	mapped	0x1029e5c6c
System.Security.Cryptography	424	0x060001a9	System.Security.Cryptography.CryptoStream	WriteAsyncInternal	0x2050	NoInlining	Private, HideBySig	0x10057c3b0	0x9491a668	0x1029e5d50	0x1029e5d50	mapped	0x1029e5d50
System.Security.Cryptography	425	0x060001aa	System.Security.Cryptography.CryptoStream	BeginWrite	0x2050	NoInlining	Public, Final, Virtual, HideBySig	0x10057c3b4	0x9491a69c	0x1029e5e24	0x1029e5e24	mapped	0x1029e5e24
System.Security.Cryptography	426	0x060001ab	System.Security.Cryptography.CryptoStream	EndWrite	0x2050	NoInlining	Public, Final, Virtual, HideBySig	0x10057c3b8	0x9491a6c1	0x1029e5ebc	0x1029e5ebc	mapped	0x1029e5ebc
System.Security.Cryptography	427	0x060001ac	System.Security.Cryptography.CryptoStream	Write	0x2050	NoInlining	Public, Final, Virtual, HideBySig	0x10057c3bc	0x9491a6ce	0x1029e5ef4	0x1029e5ef4	mapped	0x1029e5ef4
System.Security.Cryptography	428	0x060001ad	System.Security.Cryptography.CryptoStream	Write	0x2050	NoInlining	Public, Final, Virtual, HideBySig	0x10057c3c0	0x9491a72d	0x1029e6074	0x1029e6074	mapped	0x1029e6074
System.Security.Cryptography	429	0x060001ae	System.Security.Cryptography.CryptoStream	CheckWriteArguments	0x2050	NoInlining	Private, HideBySig	0x10057c3c4	0x9491a7d5	0x1029e6318	0x1029e6318	mapped	0x1029e6318
System.Security.Cryptography	430	0x060001af	System.Security.Cryptography.CryptoStream	WriteAsyncCore	0x2050	NoInlining	Private, HideBySig	0x10057c3c8	0x9491a80c	0x1029e63f8	0x1029e63f8	mapped	0x1029e63f8
System.Security.Cryptography	431	0x060001b0	System.Security.Cryptography.CryptoStream	CopyTo	0x2050	NoInlining	Public, Final, Virtual, HideBySig	0x10057c3cc	0x9491a845	0x1029e64e0	0x1029e64e0	mapped	0x1029e64e0
System.Security.Cryptography	432	0x060001b1	System.Security.Cryptography.CryptoStream	CopyToAsync	0x2050	NoInlining	Public, Final, Virtual, HideBySig	0x10057c3d0	0x9491a904	0x1029e67e0	0x1029e67e0	mapped	0x1029e67e0
System.Security.Cryptography	433	0x060001b2	System.Security.Cryptography.CryptoStream	CopyToAsyncInternal	0x2050	NoInlining	Private, HideBySig	0x10057c3d4	0x9491a91d	0x1029e6848	0x1029e6848	mapped	0x1029e6848
System.Security.Cryptography	434	0x060001b3	System.Security.Cryptography.CryptoStream	CheckCopyToArguments	0x2050	NoInlining	Private, HideBySig	0x10057c3d8	0x9491a961	0x1029e695c	0x1029e695c	mapped	0x1029e695c
System.Security.Cryptography	435	0x060001b4	System.Security.Cryptography.CryptoStream	Dispose	0x2050	NoInlining	Family, Final, Virtual, HideBySig	0x10057c3dc	0x97ffabd1	0x100567320	0x100567320	mapped	0x100567320
System.Security.Cryptography	436	0x060001b5	System.Security.Cryptography.CryptoStream	DisposeAsync	0x2050	NoInlining	Public, Final, Virtual, HideBySig	0x10057c3e0	0x9491a9b4	0x1029e6ab0	0x1029e6ab0	mapped	0x1029e6ab0
System.Security.Cryptography	437	0x060001b6	System.Security.Cryptography.CryptoStream	DisposeAsyncCore	0x2050	NoInlining	Private, HideBySig	0x10057c3e4	0x9491a9da	0x1029e6b4c	0x1029e6b4c	mapped	0x1029e6b4c
System.Security.Cryptography	438	0x060001b7	System.Security.Cryptography.CryptoStream	get_AsyncActiveSemaphore	0x2050	NoInlining	Private, HideBySig, SpecialName	0x10057c3e8	0x9491aa06	0x1029e6c00	0x1029e6c00	mapped	0x1029e6c00
System.Security.Cryptography	439	0x060001b8	System.Security.Cryptography.CryptoStream	<WriteAsyncCore>g__TransformBlock|53_0	0x2050	NoInlining	Assembly, Static, HideBySig	0x10057c3ec	0x9491aa4d	0x1029e6d20	0x1029e6d20	mapped	0x1029e6d20
System.Security.Cryptography	440	0x060001b9	System.Security.Cryptography.CryptoStream+<>c	.cctor	0x2050	NoInlining	Private, Static, HideBySig, SpecialName, RTSpecialName	0x10057c3f0	0x9491ab40	0x1029e70f0	0x1029e70f0	mapped	0x1029e70f0
System.Security.Cryptography	441	0x060001ba	System.Security.Cryptography.CryptoStream+<>c	.ctor	0x2050	NoInlining	Public, HideBySig, SpecialName, RTSpecialName	0x10057c3f4	0x9491ab5b	0x1029e7160	0x1029e7160	mapped	0x1029e7160
System.Security.Cryptography	442	0x060001bb	System.Security.Cryptography.CryptoStream+<>c	<get_AsyncActiveSemaphore>b__63_0	0x2050	NoInlining	Assembly, HideBySig	0x10057c3f8	0x9491ab68	0x1029e7198	0x1029e7198	mapped	0x1029e7198
System.Security.Cryptography	443	0x060001bc	System.Security.Cryptography.CryptoStream+<CopyToAsyncInternal>d__56	MoveNext	0x2050	NoInlining	Private, Final, Virtual, HideBySig, VtableLayoutMask	0x10057c3fc	0x97ffac21	0x100567480	0x100567480	mapped	0x100567480
System.Security.Cryptography	444	0x060001bd	System.Security.Cryptography.CryptoStream+<CopyToAsyncInternal>d__56	SetStateMachine	0x2050	NoInlining	Private, Final, Virtual, HideBySig, VtableLayoutMask	0x10057c400	0x9491ab83	0x1029e720c	0x1029e720c	mapped	0x1029e720c
System.Security.Cryptography	445	0x060001be	System.Security.Cryptography.CryptoStream+<DisposeAsyncCore>d__61	MoveNext	0x2050	NoInlining	Private, Final, Virtual, HideBySig, VtableLayoutMask	0x10057c404	0x97ffaf7b	0x1005681f0	0x1005681f0	mapped	0x1005681f0
System.Security.Cryptography	446	0x060001bf	System.Security.Cryptography.CryptoStream+<DisposeAsyncCore>d__61	SetStateMachine	0x2050	NoInlining	Private, Final, Virtual, HideBySig, VtableLayoutMask	0x10057c408	0x9491ab97	0x1029e7264	0x1029e7264	mapped	0x1029e7264
System.Security.Cryptography	447	0x060001c0	System.Security.Cryptography.CryptoStream+<FlushFinalBlockAsync>d__30	MoveNext	0x2050	NoInlining	Private, Final, Virtual, HideBySig, VtableLayoutMask	0x10057c40c	0x9491abac	0x1029e72bc	0x1029e72bc	mapped	0x1029e72bc
System.Security.Cryptography	448	0x060001c1	System.Security.Cryptography.CryptoStream+<FlushFinalBlockAsync>d__30	SetStateMachine	0x2050	NoInlining	Private, Final, Virtual, HideBySig, VtableLayoutMask	0x10057c410	0x9491ad70	0x1029e79d0	0x1029e79d0	mapped	0x1029e79d0
System.Security.Cryptography	449	0x060001c2	System.Security.Cryptography.CryptoStream+<ReadAsyncCore>d__44	MoveNext	0x2050	NoInlining	Private, Final, Virtual, HideBySig, VtableLayoutMask	0x10057c414	0x97ffb1ff	0x100568c10	0x100568c10	mapped	0x100568c10
System.Security.Cryptography	450	0x060001c3	System.Security.Cryptography.CryptoStream+<ReadAsyncCore>d__44	SetStateMachine	0x2050	NoInlining	Private, Final, Virtual, HideBySig, VtableLayoutMask	0x10057c418	0x9491ad84	0x1029e7a28	0x1029e7a28	mapped	0x1029e7a28
System.Security.Cryptography	451	0x060001c4	System.Security.Cryptography.CryptoStream+<ReadAsyncInternal>d__37	MoveNext	0x2050	NoInlining	Private, Final, Virtual, HideBySig, VtableLayoutMask	0x10057c41c	0x97ffb9a9	0x10056aac0	0x10056aac0	mapped	0x10056aac0
System.Security.Cryptography	452	0x060001c5	System.Security.Cryptography.CryptoStream+<ReadAsyncInternal>d__37	SetStateMachine	0x2050	NoInlining	Private, Final, Virtual, HideBySig, VtableLayoutMask	0x10057c420	0x9491ada5	0x1029e7ab4	0x1029e7ab4	mapped	0x1029e7ab4
System.Security.Cryptography	453	0x060001c6	System.Security.Cryptography.CryptoStream+<WriteAsyncCore>d__53	MoveNext	0x2050	NoInlining	Private, Final, Virtual, HideBySig, VtableLayoutMask	0x10057c424	0x97ffbbdb	0x10056b390	0x10056b390	mapped	0x10056b390
System.Security.Cryptography	454	0x060001c7	System.Security.Cryptography.CryptoStream+<WriteAsyncCore>d__53	SetStateMachine	0x2050	NoInlining	Private, Final, Virtual, HideBySig, VtableLayoutMask	0x10057c428	0x9491adc6	0x1029e7b40	0x1029e7b40	mapped	0x1029e7b40
System.Security.Cryptography	455	0x060001c8	System.Security.Cryptography.CryptoStream+<WriteAsyncInternal>d__47	MoveNext	0x2050	NoInlining	Private, Final, Virtual, HideBySig, VtableLayoutMask	0x10057c42c	0x97ffc295	0x10056ce80	0x10056ce80	mapped	0x10056ce80
System.Security.Cryptography	456	0x060001c9	System.Security.Cryptography.CryptoStream+<WriteAsyncInternal>d__47	SetStateMachine	0x2050	NoInlining	Private, Final, Virtual, HideBySig, VtableLayoutMask	0x10057c430	0x9491adda	0x1029e7b98	0x1029e7b98	mapped	0x1029e7b98
System.Security.Cryptography	457	0x060001ca	System.Security.Cryptography.DeriveBytes	GetBytes	0x0	NoInlining	Public, Virtual, HideBySig, VtableLayoutMask, Abstract	0x10057c434	0x97fffe37	0x10057bd10		absent	0x10057bd10
System.Security.Cryptography	458	0x060001cb	System.Security.Cryptography.DeriveBytes	Dispose	0x2050	NoInlining	Public, Final, Virtual, HideBySig, VtableLayoutMask	0x10057c438	0x9491adee	0x1029e7bf0	0x1029e7bf0	mapped	0x1029e7bf0
System.Security.Cryptography	459	0x060001cc	System.Security.Cryptography.DeriveBytes	Dispose	0x2050	NoInlining	Family, Virtual, HideBySig, VtableLayoutMask	0x10057c43c	0x9491ae06	0x1029e7c54	0x1029e7c54	mapped	0x1029e7c54
System.Security.Cryptography	460	0x060001cd	System.Security.Cryptography.DeriveBytes	.ctor	0x2050	NoInlining	Family, HideBySig, SpecialName, RTSpecialName	0x10057c440	0x9491ae06	0x1029e7c58	0x1029e7c58	mapped	0x1029e7c58
System.Security.Cryptography	461	0x060001ce	System.Security.Cryptography.DES	.ctor	0x2050	NoInlining	Family, HideBySig, SpecialName, RTSpecialName	0x10057c444	0x9491ae06	0x1029e7c5c	0x1029e7c5c	mapped	0x1029e7c5c
System.Security.Cryptography	462	0x060001cf	System.Security.Cryptography.DES	Create	0x2050	NoInlining	Public, Static, HideBySig	0x10057c448	0x9491ae3d	0x1029e7d3c	0x1029e7d3c	mapped	0x1029e7d3c
System.Security.Cryptography	463	0x060001d0	System.Security.Cryptography.DES	get_Key	0x2050	NoInlining	Public, Virtual, HideBySig, SpecialName	0x10057c44c	0x9491ae59	0x1029e7db0	0x1029e7db0	mapped	0x1029e7db0
System.Security.Cryptography	464	0x060001d1	System.Security.Cryptography.DES	set_Key	0x2050	NoInlining	Public, Virtual, HideBySig, SpecialName	0x10057c450	0x9491ae8a	0x1029e7e78	0x1029e7e78	mapped	0x1029e7e78
System.Security.Cryptography	465	0x060001d2	System.Security.Cryptography.DES	IsWeakKey	0x2050	NoInlining	Public, Static, HideBySig	0x10057c454	0x9491aee0	0x1029e7fd4	0x1029e7fd4	mapped	0x1029e7fd4
System.Security.Cryptography	466	0x060001d3	System.Security.Cryptography.DES	IsSemiWeakKey	0x2050	NoInlining	Public, Static, HideBySig	0x10057c458	0x9491af25	0x1029e80ec	0x1029e80ec	mapped	0x1029e80ec
System.Security.Cryptography	467	0x060001d4	System.Security.Cryptography.DES	IsLegalKeySize	0x2050	NoInlining	Private, Static, HideBySig	0x10057c45c	0x9491afa4	0x1029e82ec	0x1029e82ec	mapped	0x1029e82ec
System.Security.Cryptography	468	0x060001d5	System.Security.Cryptography.DES	.cctor	0x2050	NoInlining	Private, Static, HideBySig, SpecialName, RTSpecialName	0x10057c460	0x9491afb8	0x1029e8340	0x1029e8340	mapped	0x1029e8340
System.Security.Cryptography	469	0x060001d6	System.Security.Cryptography.DesImplementation	.ctor	0x2050	NoInlining	Public, HideBySig, SpecialName, RTSpecialName	0x10057c464	0x9491aff2	0x1029e842c	0x1029e842c	mapped	0x1029e842c
System.Security.Cryptography	470	0x060001d7	System.Security.Cryptography.DesImplementation	CreateDecryptor	0x2050	NoInlining	Public, Final, Virtual, HideBySig	0x10057c468	0x9491b007	0x1029e8484	0x1029e8484	mapped	0x1029e8484
System.Security.Cryptography	471	0x060001d8	System.Security.Cryptography.DesImplementation	CreateDecryptor	0x2050	NoInlining	Public, Final, Virtual, HideBySig	0x10057c46c	0x9491b026	0x1029e8504	0x1029e8504	mapped	0x1029e8504
System.Security.Cryptography	472	0x060001d9	System.Security.Cryptography.DesImplementation	CreateEncryptor	0x2050	NoInlining	Public, Final, Virtual, HideBySig	0x10057c470	0x9491b03c	0x1029e8560	0x1029e8560	mapped	0x1029e8560
System.Security.Cryptography	473	0x060001da	System.Security.Cryptography.DesImplementation	CreateEncryptor	0x2050	NoInlining	Public, Final, Virtual, HideBySig	0x10057c474	0x9491b05b	0x1029e85e0	0x1029e85e0	mapped	0x1029e85e0
System.Security.Cryptography	474	0x060001db	System.Security.Cryptography.DesImplementation	GenerateIV	0x2050	NoInlining	Public, Final, Virtual, HideBySig	0x10057c478	0x9491b071	0x1029e863c	0x1029e863c	mapped	0x1029e863c
System.Security.Cryptography	475	0x060001dc	System.Security.Cryptography.DesImplementation	GenerateKey	0x2050	NoInlining	Public, Final, Virtual, HideBySig	0x10057c47c	0x9491b090	0x1029e86bc	0x1029e86bc	mapped	0x1029e86bc
System.Security.Cryptography	476	0x060001dd	System.Security.Cryptography.DesImplementation	CreateTransform	0x2050	NoInlining	Private, HideBySig	0x10057c480	0x9491b0d1	0x1029e87c4	0x1029e87c4	mapped	0x1029e87c4
System.Security.Cryptography	477	0x060001de	System.Security.Cryptography.DesImplementation	ValidateCFBFeedbackSize	0x2050	NoInlining	Private, Static, HideBySig	0x10057c484	0x9491b185	0x1029e8a98	0x1029e8a98	mapped	0x1029e8a98
System.Security.Cryptography	478	0x060001df	System.Security.Cryptography.DesImplementation	CreateTransformCore	0x2050	NoInlining	Private, Static, HideBySig	0x10057c488	0x9491b1b7	0x1029e8b64	0x1029e8b64	mapped	0x1029e8b64
System.Security.Cryptography	479	0x060001e0	System.Security.Cryptography.ECAlgorithm	ExportParameters	0x2050	NoInlining	Public, Virtual, HideBySig, VtableLayoutMask	0x10057c48c	0x9491b208	0x1029e8cac	0x1029e8cac	mapped	0x1029e8cac
System.Security.Cryptography	480	0x060001e1	System.Security.Cryptography.ECAlgorithm	ImportParameters	0x2050	NoInlining	Public, Virtual, HideBySig, VtableLayoutMask	0x10057c490	0x9491b219	0x1029e8cf4	0x1029e8cf4	mapped	0x1029e8cf4
System.Security.Cryptography	481	0x060001e2	System.Security.Cryptography.ECAlgorithm	TryExportEncryptedPkcs8PrivateKey	0x2050	NoInlining	Public, Final, Virtual, HideBySig	0x10057c494	0x9491b22a	0x1029e8d3c	0x1029e8d3c	mapped	0x1029e8d3c
System.Security.Cryptography	482	0x060001e3	System.Security.Cryptography.ECAlgorithm	TryExportSubjectPublicKeyInfo	0x2050	NoInlining	Public, Final, Virtual, HideBySig	0x10057c498	0x9491b2b7	0x1029e8f74	0x1029e8f74	mapped	0x1029e8f74
System.Security.Cryptography	483	0x060001e4	System.Security.Cryptography.ECAlgorithm	ImportPkcs8PrivateKey	0x2050	NoInlining	Public, Final, Virtual, HideBySig	0x10057c49c	0x9491b2e5	0x1029e9030	0x1029e9030	mapped	0x1029e9030
System.Security.Cryptography	484	0x060001e5	System.Security.Cryptography.ECAlgorithm	.ctor	0x2050	NoInlining	Family, HideBySig, SpecialName, RTSpecialName	0x10057c4a0	0x9491b386	0x1029e92b8	0x1029e92b8	mapped	0x1029e92b8
System.Security.Cryptography	485	0x060001e6	System.Security.Cryptography.ECAlgorithm	.cctor	0x2050	NoInlining	Private, Static, HideBySig, SpecialName, RTSpecialName	0x10057c4a4	0x9491b393	0x1029e92f0	0x1029e92f0	mapped	0x1029e92f0
System.Security.Cryptography	486	0x060001e7	System.Security.Cryptography.ECCurve	get_Oid	0x2050	NoInlining	Public, HideBySig, SpecialName	0x10057c4a8	0x9491b3d4	0x1029e93f8	0x1029e93f8	mapped	0x1029e93f8
System.Security.Cryptography	487	0x060001e8	System.Security.Cryptography.ECCurve	set_Oid	0x2050	NoInlining	Private, HideBySig, SpecialName	0x10057c4ac	0x9491b3dc	0x1029e941c	0x1029e941c	mapped	0x1029e941c
System.Security.Cryptography	488	0x060001e9	System.Security.Cryptography.ECCurve	CreateFromOid	0x2050	NoInlining	Public, Static, HideBySig	0x10057c4b0	0x9491b428	0x1029e9550	0x1029e9550	mapped	0x1029e9550
System.Security.Cryptography	489	0x060001ea	System.Security.Cryptography.ECCurve	CreateFromValueAndName	0x2050	NoInlining	Private, Static, HideBySig	0x10057c4b4	0x9491b44d	0x1029e95e8	0x1029e95e8	mapped	0x1029e95e8
System.Security.Cryptography	490	0x060001eb	System.Security.Cryptography.ECCurve	get_IsPrime	0x2050	NoInlining	Public, HideBySig, SpecialName	0x10057c4b8	0x9491b4b8	0x1029e9798	0x1029e9798	mapped	0x1029e9798
System.Security.Cryptography	491	0x060001ec	System.Security.Cryptography.ECCurve	get_IsCharacteristic2	0x2050	NoInlining	Public, HideBySig, SpecialName	0x10057c4bc	0x9491b4c8	0x1029e97dc	0x1029e97dc	mapped	0x1029e97dc
System.Security.Cryptography	492	0x060001ed	System.Security.Cryptography.ECCurve	get_IsExplicit	0x2050	NoInlining	Public, HideBySig, SpecialName	0x10057c4c0	0x9491b4d2	0x1029e9808	0x1029e9808	mapped	0x1029e9808
System.Security.Cryptography	493	0x060001ee	System.Security.Cryptography.ECCurve	get_IsNamed	0x2050	NoInlining	Public, HideBySig, SpecialName	0x10057c4c4	0x9491b4eb	0x1029e9870	0x1029e9870	mapped	0x1029e9870
System.Security.Cryptography	494	0x060001ef	System.Security.Cryptography.ECCurve	Validate	0x2050	NoInlining	Public, HideBySig	0x10057c4c8	0x9491b4f5	0x1029e989c	0x1029e989c	mapped	0x1029e989c
System.Security.Cryptography	495	0x060001f0	System.Security.Cryptography.ECCurve	HasAnyExplicitParameters	0x2050	NoInlining	Private, HideBySig	0x10057c4cc	0x9491b59f	0x1029e9b48	0x1029e9b48	mapped	0x1029e9b48
System.Security.Cryptography	496	0x060001f1	System.Security.Cryptography.ECCurve+NamedCurves	get_nistP256	0x2050	NoInlining	Public, Static, HideBySig, SpecialName	0x10057c4d0	0x9491b5c6	0x1029e9be8	0x1029e9be8	mapped	0x1029e9be8
System.Security.Cryptography	497	0x060001f2	System.Security.Cryptography.ECCurve+NamedCurves	get_nistP384	0x2050	NoInlining	Public, Static, HideBySig, SpecialName	0x10057c4d4	0x9491b5e6	0x1029e9c6c	0x1029e9c6c	mapped	0x1029e9c6c
System.Security.Cryptography	498	0x060001f3	System.Security.Cryptography.ECCurve+NamedCurves	get_nistP521	0x2050	NoInlining	Public, Static, HideBySig, SpecialName	0x10057c4d8	0x9491b606	0x1029e9cf0	0x1029e9cf0	mapped	0x1029e9cf0
System.Security.Cryptography	499	0x060001f4	System.Security.Cryptography.ECDiffieHellman	.ctor	0x2050	NoInlining	Family, HideBySig, SpecialName, RTSpecialName	0x10057c4dc	0x9491b626	0x1029e9d74	0x1029e9d74	mapped	0x1029e9d74
System.Security.Cryptography	500	0x060001f5	System.Security.Cryptography.ECDsa	.ctor	0x2050	NoInlining	Family, HideBySig, SpecialName, RTSpecialName	0x10057c4e0	0x9491b626	0x1029e9d78	0x1029e9d78	mapped	0x1029e9d78
System.Security.Cryptography	501	0x060001f6	System.Security.Cryptography.ECParameters	Validate	0x2050	NoInlining	Public, HideBySig	0x10057c4e4	0x9491b626	0x1029e9d7c	0x1029e9d7c	mapped	0x1029e9d7c
System.Security.Cryptography	502	0x060001f7	System.Security.Cryptography.HashAlgorithm	.ctor	0x2050	NoInlining	Family, HideBySig, SpecialName, RTSpecialName	0x10057c4e8	0x9491b671	0x1029e9eac	0x1029e9eac	mapped	0x1029e9eac
System.Security.Cryptography	503	0x060001f8	System.Security.Cryptography.HashAlgorithm	get_HashSize	0x2050	NoInlining	Public, Final, Virtual, HideBySig, VtableLayoutMask, SpecialName	0x10057c4ec	0x9491b671	0x1029e9eb0	0x1029e9eb0	mapped	0x1029e9eb0
System.Security.Cryptography	504	0x060001f9	System.Security.Cryptography.HashAlgorithm	ComputeHash	0x2050	NoInlining	Public, HideBySig	0x10057c4f0	0x9491b679	0x1029e9ed4	0x1029e9ed4	mapped	0x1029e9ed4
System.Security.Cryptography	505	0x060001fa	System.Security.Cryptography.HashAlgorithm	ComputeHash	0x2050	NoInlining	Public, HideBySig	0x10057c4f4	0x9491b6ac	0x1029e9fa4	0x1029e9fa4	mapped	0x1029e9fa4
System.Security.Cryptography	506	0x060001fb	System.Security.Cryptography.HashAlgorithm	ComputeHash	0x2050	NoInlining	Public, HideBySig	0x10057c4f8	0x9491b6fa	0x1029ea0e0	0x1029ea0e0	mapped	0x1029ea0e0
System.Security.Cryptography	507	0x060001fc	System.Security.Cryptography.HashAlgorithm	CaptureHashCodeAndReinitialize	0x2050	NoInlining	Private, HideBySig	0x10057c4fc	0x9491b781	0x1029ea300	0x1029ea300	mapped	0x1029ea300
System.Security.Cryptography	508	0x060001fd	System.Security.Cryptography.HashAlgorithm	Dispose	0x2050	NoInlining	Public, Final, Virtual, HideBySig, VtableLayoutMask	0x10057c500	0x9491b7cf	0x1029ea43c	0x1029ea43c	mapped	0x1029ea43c
System.Security.Cryptography	509	0x060001fe	System.Security.Cryptography.HashAlgorithm	Dispose	0x2050	NoInlining	Family, Virtual, HideBySig, VtableLayoutMask	0x10057c504	0x9491b7e7	0x1029ea4a0	0x1029ea4a0	mapped	0x1029ea4a0
System.Security.Cryptography	510	0x060001ff	System.Security.Cryptography.HashAlgorithm	get_InputBlockSize	0x2050	NoInlining	Public, Final, Virtual, HideBySig, VtableLayoutMask, SpecialName	0x10057c508	0x9491b7f3	0x1029ea4d4	0x1029ea4d4	mapped	0x1029ea4d4
System.Security.Cryptography	511	0x06000200	System.Security.Cryptography.HashAlgorithm	get_OutputBlockSize	0x2050	NoInlining	Public, Final, Virtual, HideBySig, VtableLayoutMask, SpecialName	0x10057c50c	0x9491b7f4	0x1029ea4dc	0x1029ea4dc	mapped	0x1029ea4dc
System.Security.Cryptography	512	0x06000201	System.Security.Cryptography.HashAlgorithm	get_CanTransformMultipleBlocks	0x2050	NoInlining	Public, Final, Virtual, HideBySig, VtableLayoutMask, SpecialName	0x10057c510	0x9491b7f5	0x1029ea4e4	0x1029ea4e4	mapped	0x1029ea4e4
System.Security.Cryptography	513	0x06000202	System.Security.Cryptography.HashAlgorithm	TransformBlock	0x2050	NoInlining	Public, Final, Virtual, HideBySig, VtableLayoutMask	0x10057c514	0x9491b7f6	0x1029ea4ec	0x1029ea4ec	mapped	0x1029ea4ec
System.Security.Cryptography	514	0x06000203	System.Security.Cryptography.HashAlgorithm	TransformFinalBlock	0x2050	NoInlining	Public, Final, Virtual, HideBySig, VtableLayoutMask	0x10057c518	0x9491b82a	0x1029ea5c0	0x1029ea5c0	mapped	0x1029ea5c0
System.Security.Cryptography	515	0x06000204	System.Security.Cryptography.HashAlgorithm	ValidateTransformBlock	0x2050	NoInlining	Private, HideBySig	0x10057c51c	0x9491b878	0x1029ea6fc	0x1029ea6fc	mapped	0x1029ea6fc
System.Security.Cryptography	516	0x06000205	System.Security.Cryptography.HashAlgorithm	HashCore	0x0	NoInlining	Family, Virtual, HideBySig, VtableLayoutMask, Abstract	0x10057c520	0x97fffdfc	0x10057bd10		absent	0x10057bd10
System.Security.Cryptography	517	0x06000206	System.Security.Cryptography.HashAlgorithm	HashFinal	0x0	NoInlining	Family, Virtual, HideBySig, VtableLayoutMask, Abstract	0x10057c524	0x97fffdfb	0x10057bd10		absent	0x10057bd10
System.Security.Cryptography	518	0x06000207	System.Security.Cryptography.HashAlgorithm	Initialize	0x0	NoInlining	Public, Virtual, HideBySig, VtableLayoutMask, Abstract	0x10057c528	0x97fffdfa	0x10057bd10		absent	0x10057bd10
System.Security.Cryptography	519	0x06000208	System.Security.Cryptography.HashAlgorithmName	get_MD5	0x2050	NoInlining	Public, Static, HideBySig, SpecialName	0x10057c52c	0x9491b8ba	0x1029ea814	0x1029ea814	mapped	0x1029ea814
System.Security.Cryptography	520	0x06000209	System.Security.Cryptography.HashAlgorithmName	get_SHA1	0x2050	NoInlining	Public, Static, HideBySig, SpecialName	0x10057c530	0x9491b8d5	0x1029ea884	0x1029ea884	mapped	0x1029ea884
System.Security.Cryptography	521	0x0600020a	System.Security.Cryptography.HashAlgorithmName	get_SHA256	0x2050	NoInlining	Public, Static, HideBySig, SpecialName	0x10057c534	0x9491b8f0	0x1029ea8f4	0x1029ea8f4	mapped	0x1029ea8f4
System.Security.Cryptography	522	0x0600020b	System.Security.Cryptography.HashAlgorithmName	get_SHA384	0x2050	NoInlining	Public, Static, HideBySig, SpecialName	0x10057c538	0x9491b90b	0x1029ea964	0x1029ea964	mapped	0x1029ea964
System.Security.Cryptography	523	0x0600020c	System.Security.Cryptography.HashAlgorithmName	get_SHA512	0x2050	NoInlining	Public, Static, HideBySig, SpecialName	0x10057c53c	0x9491b926	0x1029ea9d4	0x1029ea9d4	mapped	0x1029ea9d4
System.Security.Cryptography	524	0x0600020d	System.Security.Cryptography.HashAlgorithmName	get_SHA3_256	0x2050	NoInlining	Public, Static, HideBySig, SpecialName	0x10057c540	0x9491b941	0x1029eaa44	0x1029eaa44	mapped	0x1029eaa44
System.Security.Cryptography	525	0x0600020e	System.Security.Cryptography.HashAlgorithmName	get_SHA3_384	0x2050	NoInlining	Public, Static, HideBySig, SpecialName	0x10057c544	0x9491b95c	0x1029eaab4	0x1029eaab4	mapped	0x1029eaab4
System.Security.Cryptography	526	0x0600020f	System.Security.Cryptography.HashAlgorithmName	get_SHA3_512	0x2050	NoInlining	Public, Static, HideBySig, SpecialName	0x10057c548	0x9491b977	0x1029eab24	0x1029eab24	mapped	0x1029eab24
System.Security.Cryptography	527	0x06000210	System.Security.Cryptography.HashAlgorithmName	.ctor	0x2050	NoInlining	Public, HideBySig, SpecialName, RTSpecialName	0x10057c54c	0x9491b992	0x1029eab94	0x1029eab94	mapped	0x1029eab94
System.Security.Cryptography	528	0x06000211	System.Security.Cryptography.HashAlgorithmName	get_Name	0x2050	NoInlining	Public, HideBySig, SpecialName	0x10057c550	0x9491b9a1	0x1029eabd4	0x1029eabd4	mapped	0x1029eabd4
System.Security.Cryptography	529	0x06000212	System.Security.Cryptography.HashAlgorithmName	ToString	0x2050	NoInlining	Public, Final, Virtual, HideBySig	0x10057c554	0x9491b9a9	0x1029eabf8	0x1029eabf8	mapped	0x1029eabf8
System.Security.Cryptography	530	0x06000213	System.Security.Cryptography.HashAlgorithmName	Equals	0x2050	NoInlining	Public, Final, Virtual, HideBySig	0x10057c558	0x9491b9c2	0x1029eac60	0x1029eac60	mapped	0x1029eac60
System.Security.Cryptography	531	0x06000214	System.Security.Cryptography.HashAlgorithmName	Equals	0x2050	NoInlining	Public, Final, Virtual, HideBySig, VtableLayoutMask	0x10057c55c	0x9491b9f5	0x1029ead30	0x1029ead30	mapped	0x1029ead30
System.Security.Cryptography	532	0x06000215	System.Security.Cryptography.HashAlgorithmName	GetHashCode	0x2050	NoInlining	Public, Final, Virtual, HideBySig	0x10057c560	0x9491ba0a	0x1029ead88	0x1029ead88	mapped	0x1029ead88
System.Security.Cryptography	533	0x06000216	System.Security.Cryptography.HashAlgorithmName	op_Equality	0x2050	NoInlining	Public, Static, HideBySig, SpecialName	0x10057c564	0x9491ba20	0x1029eade4	0x1029eade4	mapped	0x1029eade4
System.Security.Cryptography	534	0x06000217	System.Security.Cryptography.HashAlgorithmName	op_Inequality	0x2050	NoInlining	Public, Static, HideBySig, SpecialName	0x10057c568	0x9491ba2f	0x1029eae24	0x1029eae24	mapped	0x1029eae24
System.Security.Cryptography	535	0x06000218	System.Security.Cryptography.HashAlgorithmNames	HashAlgorithmToPal	0x2050	NoInlining	Assembly, Static, HideBySig	0x10057c56c	0x9491ba40	0x1029eae6c	0x1029eae6c	mapped	0x1029eae6c
System.Security.Cryptography	536	0x06000219	System.Security.Cryptography.HashProvider	AppendHashData	0x2050	NoInlining	Public, HideBySig	0x10057c570	0x9491ba89	0x1029eaf94	0x1029eaf94	mapped	0x1029eaf94
System.Security.Cryptography	537	0x0600021a	System.Security.Cryptography.HashProvider	AppendHashData	0x0	NoInlining	Public, Virtual, HideBySig, VtableLayoutMask, Abstract	0x10057c574	0x97fffde7	0x10057bd10		absent	0x10057bd10
System.Security.Cryptography	538	0x0600021b	System.Security.Cryptography.HashProvider	FinalizeHashAndReset	0x0	NoInlining	Public, Virtual, HideBySig, VtableLayoutMask, Abstract	0x10057c578	0x97fffde6	0x10057bd10		absent	0x10057bd10
System.Security.Cryptography	539	0x0600021c	System.Security.Cryptography.HashProvider	FinalizeHashAndReset	0x2050	NoInlining	Public, HideBySig	0x10057c57c	0x9491bad4	0x1029eb0cc	0x1029eb0cc	mapped	0x1029eb0cc
System.Security.Cryptography	540	0x0600021d	System.Security.Cryptography.HashProvider	get_HashSizeInBytes	0x0	NoInlining	Public, Virtual, HideBySig, VtableLayoutMask, Abstract, SpecialName	0x10057c580	0x97fffde4	0x10057bd10		absent	0x10057bd10
System.Security.Cryptography	541	0x0600021e	System.Security.Cryptography.HashProvider	Dispose	0x2050	NoInlining	Public, Final, Virtual, HideBySig, VtableLayoutMask	0x10057c584	0x9491baff	0x1029eb180	0x1029eb180	mapped	0x1029eb180
System.Security.Cryptography	542	0x0600021f	System.Security.Cryptography.HashProvider	Dispose	0x0	NoInlining	Public, Virtual, HideBySig, VtableLayoutMask, Abstract	0x10057c588	0x97fffde2	0x10057bd10		absent	0x10057bd10
System.Security.Cryptography	543	0x06000220	System.Security.Cryptography.HashProvider	Reset	0x0	NoInlining	Public, Virtual, HideBySig, VtableLayoutMask, Abstract	0x10057c58c	0x97fffde1	0x10057bd10		absent	0x10057bd10
System.Security.Cryptography	544	0x06000221	System.Security.Cryptography.HashProvider	.ctor	0x2050	NoInlining	Family, HideBySig, SpecialName, RTSpecialName	0x10057c590	0x9491bb15	0x1029eb1e4	0x1029eb1e4	mapped	0x1029eb1e4
System.Security.Cryptography	545	0x06000222	System.Security.Cryptography.HMAC	HashCore	0x2050	NoInlining	Family, Final, Virtual, HideBySig	0x10057c594	0x9491bb15	0x1029eb1e8	0x1029eb1e8	mapped	0x1029eb1e8
System.Security.Cryptography	546	0x06000223	System.Security.Cryptography.HMAC	HashFinal	0x2050	NoInlining	Family, Final, Virtual, HideBySig	0x10057c598	0x9491bb26	0x1029eb230	0x1029eb230	mapped	0x1029eb230
System.Security.Cryptography	547	0x06000224	System.Security.Cryptography.HMAC	Initialize	0x2050	NoInlining	Public, Final, Virtual, HideBySig	0x10057c59c	0x9491bb37	0x1029eb278	0x1029eb278	mapped	0x1029eb278
System.Security.Cryptography	548	0x06000225	System.Security.Cryptography.HMACCommon	.ctor	0x2050	NoInlining	Assembly, HideBySig, SpecialName, RTSpecialName	0x10057c5a0	0x9491bb48	0x1029eb2c0	0x1029eb2c0	mapped	0x1029eb2c0
System.Security.Cryptography	549	0x06000226	System.Security.Cryptography.HMACCommon	get_HashSizeInBytes	0x2050	NoInlining	Public, HideBySig, SpecialName	0x10057c5a4	0x9491bb72	0x1029eb36c	0x1029eb36c	mapped	0x1029eb36c
System.Security.Cryptography	550	0x06000227	System.Security.Cryptography.HMACCommon	ChangeKeyImpl	0x2050	NoInlining	Private, HideBySig	0x10057c5a8	0x9491bb8a	0x1029eb3d0	0x1029eb3d0	mapped	0x1029eb3d0
System.Security.Cryptography	551	0x06000228	System.Security.Cryptography.HMACCommon	set_ActualKey	0x2050	NoInlining	Private, HideBySig, SpecialName	0x10057c5ac	0x9491bc44	0x1029eb6bc	0x1029eb6bc	mapped	0x1029eb6bc
System.Security.Cryptography	552	0x06000229	System.Security.Cryptography.HMACCommon	AppendHashData	0x2050	NoInlining	Public, HideBySig	0x10057c5b0	0x9491bc53	0x1029eb6fc	0x1029eb6fc	mapped	0x1029eb6fc
System.Security.Cryptography	553	0x0600022a	System.Security.Cryptography.HMACCommon	FinalizeHashAndReset	0x2050	NoInlining	Public, HideBySig	0x10057c5b4	0x9491bc71	0x1029eb778	0x1029eb778	mapped	0x1029eb778
System.Security.Cryptography	554	0x0600022b	System.Security.Cryptography.HMACCommon	Dispose	0x2050	NoInlining	Public, HideBySig	0x10057c5b8	0x9491bc8f	0x1029eb7f4	0x1029eb7f4	mapped	0x1029eb7f4
System.Security.Cryptography	555	0x0600022c	System.Security.Cryptography.HMACMD5	HashData	0x2050	NoInlining	Public, Static, HideBySig	0x10057c5bc	0x9491bcab	0x1029eb868	0x1029eb868	mapped	0x1029eb868
System.Security.Cryptography	556	0x0600022d	System.Security.Cryptography.HMACMD5	TryHashData	0x2050	NoInlining	Public, Static, HideBySig	0x10057c5c0	0x9491bcdd	0x1029eb934	0x1029eb934	mapped	0x1029eb934
System.Security.Cryptography	557	0x0600022e	System.Security.Cryptography.HMACSHA1	HashData	0x2050	NoInlining	Public, Static, HideBySig	0x10057c5c4	0x9491bd29	0x1029eba68	0x1029eba68	mapped	0x1029eba68
System.Security.Cryptography	558	0x0600022f	System.Security.Cryptography.HMACSHA1	TryHashData	0x2050	NoInlining	Public, Static, HideBySig	0x10057c5c8	0x9491bd5b	0x1029ebb34	0x1029ebb34	mapped	0x1029ebb34
System.Security.Cryptography	559	0x06000230	System.Security.Cryptography.ICryptoTransform	get_InputBlockSize	0x0	NoInlining	Public, Virtual, HideBySig, VtableLayoutMask, Abstract, SpecialName	0x10057c5cc	0x97fffdd1	0x10057bd10		absent	0x10057bd10
System.Security.Cryptography	560	0x06000231	System.Security.Cryptography.ICryptoTransform	get_OutputBlockSize	0x0	NoInlining	Public, Virtual, HideBySig, VtableLayoutMask, Abstract, SpecialName	0x10057c5d0	0x97fffdd0	0x10057bd10		absent	0x10057bd10
System.Security.Cryptography	561	0x06000232	System.Security.Cryptography.ICryptoTransform	get_CanTransformMultipleBlocks	0x0	NoInlining	Public, Virtual, HideBySig, VtableLayoutMask, Abstract, SpecialName	0x10057c5d4	0x97fffdcf	0x10057bd10		absent	0x10057bd10
System.Security.Cryptography	562	0x06000233	System.Security.Cryptography.ICryptoTransform	TransformBlock	0x0	NoInlining	Public, Virtual, HideBySig, VtableLayoutMask, Abstract	0x10057c5d8	0x97fffdce	0x10057bd10		absent	0x10057bd10
System.Security.Cryptography	563	0x06000234	System.Security.Cryptography.ICryptoTransform	TransformFinalBlock	0x0	NoInlining	Public, Virtual, HideBySig, VtableLayoutMask, Abstract	0x10057c5dc	0x97fffdcd	0x10057bd10		absent	0x10057bd10
System.Security.Cryptography	564	0x06000235	System.Security.Cryptography.IncrementalHash	get_HashLengthInBytes	0x2050	NoInlining	Public, HideBySig, SpecialName	0x10057c5e0	0x9491bda2	0x1029ebc68	0x1029ebc68	mapped	0x1029ebc68
System.Security.Cryptography	565	0x06000236	System.Security.Cryptography.IncrementalHash	.ctor	0x2050	NoInlining	Private, HideBySig, SpecialName, RTSpecialName	0x10057c5e4	0x9491bdaa	0x1029ebc8c	0x1029ebc8c	mapped	0x1029ebc8c
System.Security.Cryptography	566	0x06000237	System.Security.Cryptography.IncrementalHash	.ctor	0x2050	NoInlining	Private, HideBySig, SpecialName, RTSpecialName	0x10057c5e8	0x9491bdd4	0x1029ebd38	0x1029ebd38	mapped	0x1029ebd38
System.Security.Cryptography	567	0x06000238	System.Security.Cryptography.IncrementalHash	AppendData	0x2050	NoInlining	Public, HideBySig	0x10057c5ec	0x9491be15	0x1029ebe40	0x1029ebe40	mapped	0x1029ebe40
System.Security.Cryptography	568	0x06000239	System.Security.Cryptography.IncrementalHash	AppendData	0x2050	NoInlining	Public, HideBySig	0x10057c5f0	0x9491be38	0x1029ebed0	0x1029ebed0	mapped	0x1029ebed0
System.Security.Cryptography	569	0x0600023a	System.Security.Cryptography.IncrementalHash	GetHashAndReset	0x2050	NoInlining	Public, HideBySig	0x10057c5f4	0x9491be62	0x1029ebf7c	0x1029ebf7c	mapped	0x1029ebf7c
System.Security.Cryptography	570	0x0600023b	System.Security.Cryptography.IncrementalHash	GetHashAndReset	0x2050	NoInlining	Public, HideBySig	0x10057c5f8	0x9491be8d	0x1029ec02c	0x1029ec02c	mapped	0x1029ec02c
System.Security.Cryptography	571	0x0600023c	System.Security.Cryptography.IncrementalHash	TryGetHashAndReset	0x2050	NoInlining	Public, HideBySig	0x10057c5fc	0x9491bebe	0x1029ec0f4	0x1029ec0f4	mapped	0x1029ec0f4
System.Security.Cryptography	572	0x0600023d	System.Security.Cryptography.IncrementalHash	GetHashAndResetCore	0x2050	NoInlining	Private, HideBySig	0x10057c600	0x9491beee	0x1029ec1b8	0x1029ec1b8	mapped	0x1029ec1b8
System.Security.Cryptography	573	0x0600023e	System.Security.Cryptography.IncrementalHash	Dispose	0x2050	NoInlining	Public, Final, Virtual, HideBySig, VtableLayoutMask	0x10057c604	0x9491bf13	0x1029ec250	0x1029ec250	mapped	0x1029ec250
System.Security.Cryptography	574	0x0600023f	System.Security.Cryptography.IncrementalHash	CreateHash	0x2050	NoInlining	Public, Static, HideBySig	0x10057c608	0x9491bf3a	0x1029ec2f0	0x1029ec2f0	mapped	0x1029ec2f0
System.Security.Cryptography	575	0x06000240	System.Security.Cryptography.IncrementalHash	CreateHMAC	0x2050	NoInlining	Public, Static, HideBySig	0x10057c60c	0x9491bf62	0x1029ec394	0x1029ec394	mapped	0x1029ec394
System.Security.Cryptography	576	0x06000241	System.Security.Cryptography.IncrementalHash	CheckSha3Support	0x2050	NoInlining	Private, Static, HideBySig	0x10057c610	0x9491bfa2	0x1029ec498	0x1029ec498	mapped	0x1029ec498
System.Security.Cryptography	577	0x06000242	System.Security.Cryptography.KeySizes	.ctor	0x2050	NoInlining	Public, HideBySig, SpecialName, RTSpecialName	0x10057c614	0x9491bfef	0x1029ec5d0	0x1029ec5d0	mapped	0x1029ec5d0
System.Security.Cryptography	578	0x06000243	System.Security.Cryptography.KeySizes	get_MinSize	0x2050	NoInlining	Public, HideBySig, SpecialName	0x10057c618	0x9491bff8	0x1029ec5f8	0x1029ec5f8	mapped	0x1029ec5f8
System.Security.Cryptography	579	0x06000244	System.Security.Cryptography.KeySizes	set_MinSize	0x2050	NoInlining	Private, HideBySig, SpecialName	0x10057c61c	0x9491c000	0x1029ec61c	0x1029ec61c	mapped	0x1029ec61c
System.Security.Cryptography	580	0x06000245	System.Security.Cryptography.KeySizes	get_MaxSize	0x2050	NoInlining	Public, HideBySig, SpecialName	0x10057c620	0x9491c008	0x1029ec640	0x1029ec640	mapped	0x1029ec640
System.Security.Cryptography	581	0x06000246	System.Security.Cryptography.KeySizes	set_MaxSize	0x2050	NoInlining	Private, HideBySig, SpecialName	0x10057c624	0x9491c010	0x1029ec664	0x1029ec664	mapped	0x1029ec664
System.Security.Cryptography	582	0x06000247	System.Security.Cryptography.KeySizes	get_SkipSize	0x2050	NoInlining	Public, HideBySig, SpecialName	0x10057c628	0x9491c018	0x1029ec688	0x1029ec688	mapped	0x1029ec688
System.Security.Cryptography	583	0x06000248	System.Security.Cryptography.KeySizes	set_SkipSize	0x2050	NoInlining	Private, HideBySig, SpecialName	0x10057c62c	0x9491c020	0x1029ec6ac	0x1029ec6ac	mapped	0x1029ec6ac
System.Security.Cryptography	584	0x06000249	System.Security.Cryptography.LiteHashProvider	CreateHash	0x2050	NoInlining	Assembly, Static, HideBySig	0x10057c630	0x9491c028	0x1029ec6d0	0x1029ec6d0	mapped	0x1029ec6d0
System.Security.Cryptography	585	0x0600024a	System.Security.Cryptography.MD5	HashData	0x2050	NoInlining	Public, Static, HideBySig	0x10057c634	0x9491c03c	0x1029ec724	0x1029ec724	mapped	0x1029ec724
System.Security.Cryptography	586	0x0600024b	System.Security.Cryptography.MD5	HashData	0x2050	NoInlining	Public, Static, HideBySig	0x10057c638	0x9491c079	0x1029ec81c	0x1029ec81c	mapped	0x1029ec81c
System.Security.Cryptography	587	0x0600024c	System.Security.Cryptography.MD5	TryHashData	0x2050	NoInlining	Public, Static, HideBySig	0x10057c63c	0x9491c0a5	0x1029ec8d0	0x1029ec8d0	mapped	0x1029ec8d0
System.Security.Cryptography	588	0x0600024d	System.Security.Cryptography.Oid	.ctor	0x2050	NoInlining	Public, HideBySig, SpecialName, RTSpecialName	0x10057c640	0x9491c0ea	0x1029ec9e8	0x1029ec9e8	mapped	0x1029ec9e8
System.Security.Cryptography	589	0x0600024e	System.Security.Cryptography.Oid	.ctor	0x2050	NoInlining	Public, HideBySig, SpecialName, RTSpecialName	0x10057c644	0x9491c104	0x1029eca54	0x1029eca54	mapped	0x1029eca54
System.Security.Cryptography	590	0x0600024f	System.Security.Cryptography.Oid	FromFriendlyName	0x2050	NoInlining	Public, Static, HideBySig	0x10057c648	0x9491c11b	0x1029ecab4	0x1029ecab4	mapped	0x1029ecab4
System.Security.Cryptography	591	0x06000250	System.Security.Cryptography.Oid	get_Value	0x2050	NoInlining	Public, HideBySig, SpecialName	0x10057c64c	0x9491c159	0x1029ecbb0	0x1029ecbb0	mapped	0x1029ecbb0
System.Security.Cryptography	592	0x06000251	System.Security.Cryptography.Oid	set_Value	0x2050	NoInlining	Public, HideBySig, SpecialName	0x10057c650	0x9491c161	0x1029ecbd4	0x1029ecbd4	mapped	0x1029ecbd4
System.Security.Cryptography	593	0x06000252	System.Security.Cryptography.Oid	get_FriendlyName	0x2050	NoInlining	Public, HideBySig, SpecialName	0x10057c654	0x9491c18b	0x1029ecc80	0x1029ecc80	mapped	0x1029ecc80
System.Security.Cryptography	594	0x06000253	System.Security.Cryptography.Oid	.ctor	0x2050	NoInlining	Private, HideBySig, SpecialName, RTSpecialName	0x10057c658	0x9491c1ad	0x1029ecd0c	0x1029ecd0c	mapped	0x1029ecd0c
System.Security.Cryptography	595	0x06000254	System.Security.Cryptography.OidCollection	.ctor	0x2050	NoInlining	Public, HideBySig, SpecialName, RTSpecialName	0x10057c65c	0x9491c1c3	0x1029ecd68	0x1029ecd68	mapped	0x1029ecd68
System.Security.Cryptography	596	0x06000255	System.Security.Cryptography.OidCollection	Add	0x2050	NoInlining	Public, HideBySig	0x10057c660	0x9491c1ef	0x1029ece1c	0x1029ece1c	mapped	0x1029ece1c
System.Security.Cryptography	597	0x06000256	System.Security.Cryptography.OidCollection	get_Item	0x2050	NoInlining	Public, HideBySig, SpecialName	0x10057c664	0x9491c22a	0x1029ecf0c	0x1029ecf0c	mapped	0x1029ecf0c
System.Security.Cryptography	598	0x06000257	System.Security.Cryptography.OidCollection	get_Count	0x2050	NoInlining	Public, Final, Virtual, HideBySig, VtableLayoutMask, SpecialName	0x10057c668	0x9491c25c	0x1029ecfd8	0x1029ecfd8	mapped	0x1029ecfd8
System.Security.Cryptography	599	0x06000258	System.Security.Cryptography.OidCollection	GetEnumerator	0x2050	NoInlining	Public, HideBySig	0x10057c66c	0x9491c264	0x1029ecffc	0x1029ecffc	mapped	0x1029ecffc
System.Security.Cryptography	600	0x06000259	System.Security.Cryptography.OidCollection	System.Collections.IEnumerable.GetEnumerator	0x2050	NoInlining	Private, Final, Virtual, HideBySig, VtableLayoutMask	0x10057c670	0x9491c288	0x1029ed090	0x1029ed090	mapped	0x1029ed090
System.Security.Cryptography	601	0x0600025a	System.Security.Cryptography.OidCollection	System.Collections.ICollection.CopyTo	0x2050	NoInlining	Private, Final, Virtual, HideBySig, VtableLayoutMask	0x10057c674	0x9491c2ac	0x1029ed124	0x1029ed124	mapped	0x1029ed124
System.Security.Cryptography	602	0x0600025b	System.Security.Cryptography.OidCollection	get_IsSynchronized	0x2050	NoInlining	Public, Final, Virtual, HideBySig, VtableLayoutMask, SpecialName	0x10057c678	0x9491c310	0x1029ed2b8	0x1029ed2b8	mapped	0x1029ed2b8
System.Security.Cryptography	603	0x0600025c	System.Security.Cryptography.OidCollection	get_SyncRoot	0x2050	NoInlining	Public, Final, Virtual, HideBySig, VtableLayoutMask, SpecialName	0x10057c67c	0x9491c311	0x1029ed2c0	0x1029ed2c0	mapped	0x1029ed2c0
System.Security.Cryptography	604	0x0600025d	System.Security.Cryptography.OidEnumerator	.ctor	0x2050	NoInlining	Assembly, HideBySig, SpecialName, RTSpecialName	0x10057c680	0x9491c311	0x1029ed2c4	0x1029ed2c4	mapped	0x1029ed2c4
System.Security.Cryptography	605	0x0600025e	System.Security.Cryptography.OidEnumerator	get_Current	0x2050	NoInlining	Public, HideBySig, SpecialName	0x10057c684	0x9491c322	0x1029ed30c	0x1029ed30c	mapped	0x1029ed30c
System.Security.Cryptography	606	0x0600025f	System.Security.Cryptography.OidEnumerator	System.Collections.IEnumerator.get_Current	0x2050	NoInlining	Private, Final, Virtual, HideBySig, VtableLayoutMask, SpecialName	0x10057c688	0x9491c33a	0x1029ed370	0x1029ed370	mapped	0x1029ed370
System.Security.Cryptography	607	0x06000260	System.Security.Cryptography.OidEnumerator	MoveNext	0x2050	NoInlining	Public, Final, Virtual, HideBySig, VtableLayoutMask	0x10057c68c	0x9491c347	0x1029ed3a8	0x1029ed3a8	mapped	0x1029ed3a8
System.Security.Cryptography	608	0x06000261	System.Security.Cryptography.OidEnumerator	Reset	0x2050	NoInlining	Public, Final, Virtual, HideBySig, VtableLayoutMask	0x10057c690	0x9491c35d	0x1029ed404	0x1029ed404	mapped	0x1029ed404
System.Security.Cryptography	609	0x06000262	System.Security.Cryptography.OidLookup	ToFriendlyName	0x2050	NoInlining	Public, Static, HideBySig	0x10057c694	0x9491c367	0x1029ed430	0x1029ed430	mapped	0x1029ed430
System.Security.Cryptography	610	0x06000263	System.Security.Cryptography.OidLookup	ToOid	0x2050	NoInlining	Public, Static, HideBySig	0x10057c698	0x9491c3d5	0x1029ed5ec	0x1029ed5ec	mapped	0x1029ed5ec
System.Security.Cryptography	611	0x06000264	System.Security.Cryptography.OidLookup	.cctor	0x2050	NoInlining	Private, Static, HideBySig, SpecialName, RTSpecialName	0x10057c69c	0x9491c438	0x1029ed77c	0x1029ed77c	mapped	0x1029ed77c
System.Security.Cryptography	612	0x06000265	System.Security.Cryptography.OidLookup	InitializeLookupDictionaries	0x2050	NoInlining	Private, Static, HideBySig	0x10057c6a0	0x9491c569	0x1029edc44	0x1029edc44	mapped	0x1029edc44
System.Security.Cryptography	613	0x06000266	System.Security.Cryptography.OidLookup	ShouldUseCache	0x2050	NoInlining	Private, Static, HideBySig	0x10057c6a4	0x9491c834	0x1029ee774	0x1029ee774	mapped	0x1029ee774
System.Security.Cryptography	614	0x06000267	System.Security.Cryptography.OidLookup	NativeOidToFriendlyName	0x2050	NoInlining	Private, Static, HideBySig	0x10057c6a8	0x9491c842	0x1029ee7b0	0x1029ee7b0	mapped	0x1029ee7b0
System.Security.Cryptography	615	0x06000268	System.Security.Cryptography.OidLookup	NativeFriendlyNameToOid	0x2050	NoInlining	Private, Static, HideBySig	0x10057c6ac	0x9491c872	0x1029ee874	0x1029ee874	mapped	0x1029ee874
System.Security.Cryptography	616	0x06000269	System.Security.Cryptography.OidLookup	InvertWithDefaultComparer	0x2050	NoInlining	Private, Static, HideBySig	0x10057c6b0	0x9491c8a2	0x1029ee938	0x1029ee938	mapped	0x1029ee938
System.Security.Cryptography	617	0x0600026a	System.Security.Cryptography.OidLookup	<InitializeLookupDictionaries>g__AddEntry|10_0	0x2050	NoInlining	Assembly, Static, HideBySig	0x10057c6b4	0x9491c909	0x1029eead8	0x1029eead8	mapped	0x1029eead8
System.Security.Cryptography	618	0x0600026b	System.Security.Cryptography.PbeParameters	get_EncryptionAlgorithm	0x2050	NoInlining	Public, HideBySig, SpecialName	0x10057c6b8	0x9491c961	0x1029eec3c	0x1029eec3c	mapped	0x1029eec3c
System.Security.Cryptography	619	0x0600026c	System.Security.Cryptography.PbeParameters	get_HashAlgorithm	0x2050	NoInlining	Public, HideBySig, SpecialName	0x10057c6bc	0x9491c969	0x1029eec60	0x1029eec60	mapped	0x1029eec60
System.Security.Cryptography	620	0x0600026d	System.Security.Cryptography.PbeParameters	get_IterationCount	0x2050	NoInlining	Public, HideBySig, SpecialName	0x10057c6c0	0x9491c971	0x1029eec84	0x1029eec84	mapped	0x1029eec84
System.Security.Cryptography	621	0x0600026e	System.Security.Cryptography.PbeParameters	.ctor	0x2050	NoInlining	Public, HideBySig, SpecialName, RTSpecialName	0x10057c6c4	0x9491c979	0x1029eeca8	0x1029eeca8	mapped	0x1029eeca8
System.Security.Cryptography	622	0x0600026f	System.Security.Cryptography.PemEncoding	TryFind	0x2050	NoInlining	Public, Static, HideBySig	0x10057c6c8	0x9491c9a8	0x1029eed68	0x1029eed68	mapped	0x1029eed68
System.Security.Cryptography	623	0x06000270	System.Security.Cryptography.PemEncoding	IndexOfByOffset	0x2050	NoInlining	Private, Static, HideBySig	0x10057c6cc	0x9491cad4	0x1029ef21c	0x1029ef21c	mapped	0x1029ef21c
System.Security.Cryptography	624	0x06000271	System.Security.Cryptography.PemEncoding	IsValidLabel	0x2050	NoInlining	Private, Static, HideBySig	0x10057c6d0	0x9491cafe	0x1029ef2c8	0x1029ef2c8	mapped	0x1029ef2c8
System.Security.Cryptography	625	0x06000272	System.Security.Cryptography.PemEncoding	TryCountBase64	0x2050	NoInlining	Private, Static, HideBySig	0x10057c6d4	0x9491cb32	0x1029ef39c	0x1029ef39c	mapped	0x1029ef39c
System.Security.Cryptography	626	0x06000273	System.Security.Cryptography.PemEncoding	IsWhiteSpaceCharacter	0x2050	264	Private, Static, HideBySig	0x10057c6d8	0x9491cbae	0x1029ef590	0x1029ef590	mapped	0x1029ef590
System.Security.Cryptography	627	0x06000274	System.Security.Cryptography.PemEncoding	<TryFind>g__WritePostEB|5_0	0x2050	NoInlining	Assembly, Static, HideBySig	0x10057c6dc	0x9491cbbc	0x1029ef5cc	0x1029ef5cc	mapped	0x1029ef5cc
System.Security.Cryptography	628	0x06000275	System.Security.Cryptography.PemEncoding	<IsValidLabel>g__IsLabelChar|7_0	0x2050	NoInlining	Assembly, Static, HideBySig	0x10057c6e0	0x9491cc26	0x1029ef778	0x1029ef778	mapped	0x1029ef778
System.Security.Cryptography	629	0x06000276	System.Security.Cryptography.PemEnumerator	.ctor	0x2050	NoInlining	Public, HideBySig, SpecialName, RTSpecialName	0x10057c6e4	0x9491cc2c	0x1029ef794	0x1029ef794	mapped	0x1029ef794
System.Security.Cryptography	630	0x06000277	System.Security.Cryptography.PemEnumerator	GetEnumerator	0x2050	NoInlining	Public, HideBySig	0x10057c6e8	0x9491cc34	0x1029ef7b8	0x1029ef7b8	mapped	0x1029ef7b8
System.Security.Cryptography	631	0x06000278	System.Security.Cryptography.PemEnumerator+Enumerator	.ctor	0x2050	NoInlining	Public, HideBySig, SpecialName, RTSpecialName	0x10057c6ec	0x9491cc49	0x1029ef810	0x1029ef810	mapped	0x1029ef810
System.Security.Cryptography	632	0x06000279	System.Security.Cryptography.PemEnumerator+Enumerator	get_Current	0x2050	NoInlining	Public, HideBySig, SpecialName	0x10057c6f0	0x9491cc55	0x1029ef844	0x1029ef844	mapped	0x1029ef844
System.Security.Cryptography	633	0x0600027a	System.Security.Cryptography.PemEnumerator+Enumerator	MoveNext	0x2050	NoInlining	Public, HideBySig	0x10057c6f4	0x9491cc6d	0x1029ef8a8	0x1029ef8a8	mapped	0x1029ef8a8
System.Security.Cryptography	634	0x0600027b	System.Security.Cryptography.PemEnumerator+Enumerator+PemFieldItem	.ctor	0x2050	NoInlining	Public, HideBySig, SpecialName, RTSpecialName	0x10057c6f8	0x9491cc97	0x1029ef954	0x1029ef954	mapped	0x1029ef954
System.Security.Cryptography	635	0x0600027c	System.Security.Cryptography.PemEnumerator+Enumerator+PemFieldItem	Deconstruct	0x2050	NoInlining	Public, HideBySig	0x10057c6fc	0x9491cca3	0x1029ef988	0x1029ef988	mapped	0x1029ef988
System.Security.Cryptography	636	0x0600027d	System.Security.Cryptography.PemFields	.ctor	0x2050	NoInlining	Assembly, HideBySig, SpecialName, RTSpecialName	0x10057c700	0x9491ccbb	0x1029ef9ec	0x1029ef9ec	mapped	0x1029ef9ec
System.Security.Cryptography	637	0x0600027e	System.Security.Cryptography.PemFields	get_Location	0x2050	NoInlining	Public, HideBySig, SpecialName	0x10057c704	0x9491ccc5	0x1029efa18	0x1029efa18	mapped	0x1029efa18
System.Security.Cryptography	638	0x0600027f	System.Security.Cryptography.PemFields	get_Label	0x2050	NoInlining	Public, HideBySig, SpecialName	0x10057c708	0x9491cccd	0x1029efa3c	0x1029efa3c	mapped	0x1029efa3c
System.Security.Cryptography	639	0x06000280	System.Security.Cryptography.PemFields	get_Base64Data	0x2050	NoInlining	Public, HideBySig, SpecialName	0x10057c70c	0x9491ccd5	0x1029efa60	0x1029efa60	mapped	0x1029efa60
System.Security.Cryptography	640	0x06000281	System.Security.Cryptography.PemFields	get_DecodedDataLength	0x2050	NoInlining	Public, HideBySig, SpecialName	0x10057c710	0x9491ccdd	0x1029efa84	0x1029efa84	mapped	0x1029efa84
System.Security.Cryptography	641	0x06000282	System.Security.Cryptography.RandomNumberGenerator	.ctor	0x2050	NoInlining	Family, HideBySig, SpecialName, RTSpecialName	0x10057c714	0x9491cce5	0x1029efaa8	0x1029efaa8	mapped	0x1029efaa8
System.Security.Cryptography	642	0x06000283	System.Security.Cryptography.RandomNumberGenerator	Create	0x2050	NoInlining	Public, Static, HideBySig	0x10057c718	0x9491cce5	0x1029efaac	0x1029efaac	mapped	0x1029efaac
System.Security.Cryptography	643	0x06000284	System.Security.Cryptography.RandomNumberGenerator	Dispose	0x2050	NoInlining	Public, Final, Virtual, HideBySig, VtableLayoutMask	0x10057c71c	0x9491ccf5	0x1029efaf0	0x1029efaf0	mapped	0x1029efaf0
System.Security.Cryptography	644	0x06000285	System.Security.Cryptography.RandomNumberGenerator	Dispose	0x2050	NoInlining	Family, Virtual, HideBySig, VtableLayoutMask	0x10057c720	0x9491cd0d	0x1029efb54	0x1029efb54	mapped	0x1029efb54
System.Security.Cryptography	645	0x06000286	System.Security.Cryptography.RandomNumberGenerator	GetBytes	0x0	NoInlining	Public, Virtual, HideBySig, VtableLayoutMask, Abstract	0x10057c724	0x97fffd7b	0x10057bd10		absent	0x10057bd10
System.Security.Cryptography	646	0x06000287	System.Security.Cryptography.RandomNumberGenerator	GetBytes	0x2050	NoInlining	Public, Virtual, HideBySig, VtableLayoutMask	0x10057c728	0x9491cd0c	0x1029efb58	0x1029efb58	mapped	0x1029efb58
System.Security.Cryptography	647	0x06000288	System.Security.Cryptography.RandomNumberGenerator	GetBytes	0x2050	NoInlining	Public, Virtual, HideBySig, VtableLayoutMask	0x10057c72c	0x9491cd53	0x1029efc78	0x1029efc78	mapped	0x1029efc78
System.Security.Cryptography	648	0x06000289	System.Security.Cryptography.RandomNumberGenerator	Fill	0x2050	NoInlining	Public, Static, HideBySig	0x10057c730	0x9491cdc7	0x1029efe4c	0x1029efe4c	mapped	0x1029efe4c
System.Security.Cryptography	649	0x0600028a	System.Security.Cryptography.RandomNumberGenerator	GetInt32	0x2050	NoInlining	Public, Static, HideBySig	0x10057c734	0x9491cdd6	0x1029efe8c	0x1029efe8c	mapped	0x1029efe8c
System.Security.Cryptography	650	0x0600028b	System.Security.Cryptography.RandomNumberGenerator	GetInt32	0x2050	NoInlining	Public, Static, HideBySig	0x10057c738	0x9491ce19	0x1029eff9c	0x1029eff9c	mapped	0x1029eff9c
System.Security.Cryptography	651	0x0600028c	System.Security.Cryptography.RandomNumberGenerator	GetBytes	0x2050	NoInlining	Public, Static, HideBySig	0x10057c73c	0x9491ce38	0x1029f001c	0x1029f001c	mapped	0x1029f001c
System.Security.Cryptography	652	0x0600028d	System.Security.Cryptography.RandomNumberGenerator	GetString	0x2050	NoInlining	Public, Static, HideBySig	0x10057c740	0x9491ce5d	0x1029f00b4	0x1029f00b4	mapped	0x1029f00b4
System.Security.Cryptography	653	0x0600028e	System.Security.Cryptography.RandomNumberGenerator	GetItemsCore	0x2050	NoInlining	Private, Static, HideBySig	0x10057c744	0x9491ceba	0x1029f022c	0x1029f022c	mapped	0x1029f022c
System.Security.Cryptography	654	0x0600028f	System.Security.Cryptography.RandomNumberGenerator	VerifyGetBytes	0x2050	NoInlining	Assembly, Static, HideBySig	0x10057c748	0x9491ceee	0x1029f0300	0x1029f0300	mapped	0x1029f0300
System.Security.Cryptography	655	0x06000290	System.Security.Cryptography.RandomNumberGenerator+<>c	.cctor	0x2050	NoInlining	Private, Static, HideBySig, SpecialName, RTSpecialName	0x10057c74c	0x9491cf2a	0x1029f03f4	0x1029f03f4	mapped	0x1029f03f4
System.Security.Cryptography	656	0x06000291	System.Security.Cryptography.RandomNumberGenerator+<>c	.ctor	0x2050	NoInlining	Public, HideBySig, SpecialName, RTSpecialName	0x10057c750	0x9491cf45	0x1029f0464	0x1029f0464	mapped	0x1029f0464
System.Security.Cryptography	657	0x06000292	System.Security.Cryptography.RandomNumberGenerator+<>c	<GetString>b__16_0	0x2050	NoInlining	Assembly, HideBySig	0x10057c754	0x9491cf52	0x1029f049c	0x1029f049c	mapped	0x1029f049c
System.Security.Cryptography	658	0x06000293	System.Security.Cryptography.RandomNumberGeneratorImplementation	.ctor	0x2050	NoInlining	Private, HideBySig, SpecialName, RTSpecialName	0x10057c758	0x9491cf78	0x1029f0538	0x1029f0538	mapped	0x1029f0538
System.Security.Cryptography	659	0x06000294	System.Security.Cryptography.RandomNumberGeneratorImplementation	FillSpan	0x2050	NoInlining	Assembly, Static, HideBySig	0x10057c75c	0x9491cf85	0x1029f0570	0x1029f0570	mapped	0x1029f0570
System.Security.Cryptography	660	0x06000295	System.Security.Cryptography.RandomNumberGeneratorImplementation	GetBytes	0x2050	NoInlining	Public, Final, Virtual, HideBySig	0x10057c760	0x9491cfa3	0x1029f05ec	0x1029f05ec	mapped	0x1029f05ec
System.Security.Cryptography	661	0x06000296	System.Security.Cryptography.RandomNumberGeneratorImplementation	GetBytes	0x2050	NoInlining	Public, Final, Virtual, HideBySig	0x10057c764	0x9491cfce	0x1029f069c	0x1029f069c	mapped	0x1029f069c
System.Security.Cryptography	662	0x06000297	System.Security.Cryptography.RandomNumberGeneratorImplementation	GetBytes	0x2050	NoInlining	Public, Final, Virtual, HideBySig	0x10057c768	0x9491d007	0x1029f0784	0x1029f0784	mapped	0x1029f0784
System.Security.Cryptography	663	0x06000298	System.Security.Cryptography.RandomNumberGeneratorImplementation	GetBytes	0x2050	NoInlining	Private, Static, HideBySig	0x10057c76c	0x9491d01a	0x1029f07d4	0x1029f07d4	mapped	0x1029f07d4
System.Security.Cryptography	664	0x06000299	System.Security.Cryptography.RandomNumberGeneratorImplementation	.cctor	0x2050	NoInlining	Private, Static, HideBySig, SpecialName, RTSpecialName	0x10057c770	0x9491d034	0x1029f0840	0x1029f0840	mapped	0x1029f0840
System.Security.Cryptography	665	0x0600029a	System.Security.Cryptography.RC2	.ctor	0x2050	NoInlining	Family, HideBySig, SpecialName, RTSpecialName	0x10057c774	0x9491d04f	0x1029f08b0	0x1029f08b0	mapped	0x1029f08b0
System.Security.Cryptography	666	0x0600029b	System.Security.Cryptography.RC2	Create	0x2050	NoInlining	Public, Static, HideBySig	0x10057c778	0x9491d086	0x1029f0990	0x1029f0990	mapped	0x1029f0990
System.Security.Cryptography	667	0x0600029c	System.Security.Cryptography.RC2	get_KeySize	0x2050	NoInlining	Public, Virtual, HideBySig, SpecialName	0x10057c77c	0x9491d0a0	0x1029f09fc	0x1029f09fc	mapped	0x1029f09fc
System.Security.Cryptography	668	0x0600029d	System.Security.Cryptography.RC2	set_KeySize	0x2050	NoInlining	Public, Virtual, HideBySig, SpecialName	0x10057c780	0x9491d0a8	0x1029f0a20	0x1029f0a20	mapped	0x1029f0a20
System.Security.Cryptography	669	0x0600029e	System.Security.Cryptography.RC2	set_EffectiveKeySize	0x2050	NoInlining	Public, Virtual, HideBySig, VtableLayoutMask, SpecialName	0x10057c784	0x9491d0d1	0x1029f0ac8	0x1029f0ac8	mapped	0x1029f0ac8
System.Security.Cryptography	670	0x0600029f	System.Security.Cryptography.RC2	.cctor	0x2050	NoInlining	Private, Static, HideBySig, SpecialName, RTSpecialName	0x10057c788	0x9491d110	0x1029f0bc8	0x1029f0bc8	mapped	0x1029f0bc8
System.Security.Cryptography	671	0x060002a0	System.Security.Cryptography.RC2Implementation	set_EffectiveKeySize	0x2050	NoInlining	Public, Final, Virtual, HideBySig, SpecialName	0x10057c78c	0x9491d14d	0x1029f0cc0	0x1029f0cc0	mapped	0x1029f0cc0
System.Security.Cryptography	672	0x060002a1	System.Security.Cryptography.RC2Implementation	CreateDecryptor	0x2050	NoInlining	Public, Final, Virtual, HideBySig	0x10057c790	0x9491d17c	0x1029f0d80	0x1029f0d80	mapped	0x1029f0d80
System.Security.Cryptography	673	0x060002a2	System.Security.Cryptography.RC2Implementation	CreateDecryptor	0x2050	NoInlining	Public, Final, Virtual, HideBySig	0x10057c794	0x9491d19b	0x1029f0e00	0x1029f0e00	mapped	0x1029f0e00
System.Security.Cryptography	674	0x060002a3	System.Security.Cryptography.RC2Implementation	CreateEncryptor	0x2050	NoInlining	Public, Final, Virtual, HideBySig	0x10057c798	0x9491d1b1	0x1029f0e5c	0x1029f0e5c	mapped	0x1029f0e5c
System.Security.Cryptography	675	0x060002a4	System.Security.Cryptography.RC2Implementation	CreateEncryptor	0x2050	NoInlining	Public, Final, Virtual, HideBySig	0x10057c79c	0x9491d1d0	0x1029f0edc	0x1029f0edc	mapped	0x1029f0edc
System.Security.Cryptography	676	0x060002a5	System.Security.Cryptography.RC2Implementation	GenerateIV	0x2050	NoInlining	Public, Final, Virtual, HideBySig	0x10057c7a0	0x9491d1e6	0x1029f0f38	0x1029f0f38	mapped	0x1029f0f38
System.Security.Cryptography	677	0x060002a6	System.Security.Cryptography.RC2Implementation	GenerateKey	0x2050	NoInlining	Public, Final, Virtual, HideBySig	0x10057c7a4	0x9491d205	0x1029f0fb8	0x1029f0fb8	mapped	0x1029f0fb8
System.Security.Cryptography	678	0x060002a7	System.Security.Cryptography.RC2Implementation	CreateTransform	0x2050	NoInlining	Private, HideBySig	0x10057c7a8	0x9491d224	0x1029f1038	0x1029f1038	mapped	0x1029f1038
System.Security.Cryptography	679	0x060002a8	System.Security.Cryptography.RC2Implementation	ValidateCFBFeedbackSize	0x2050	NoInlining	Private, Static, HideBySig	0x10057c7ac	0x9491d2ad	0x1029f1260	0x1029f1260	mapped	0x1029f1260
System.Security.Cryptography	680	0x060002a9	System.Security.Cryptography.RC2Implementation	GetPaddingSize	0x2050	NoInlining	Private, HideBySig	0x10057c7b0	0x9491d2d6	0x1029f1308	0x1029f1308	mapped	0x1029f1308
System.Security.Cryptography	681	0x060002aa	System.Security.Cryptography.RC2Implementation	ValidKeySize	0x2050	NoInlining	Private, HideBySig	0x10057c7b4	0x9491d2ef	0x1029f1370	0x1029f1370	mapped	0x1029f1370
System.Security.Cryptography	682	0x060002ab	System.Security.Cryptography.RC2Implementation	CreateTransformCore	0x2050	NoInlining	Private, Static, HideBySig	0x10057c7b8	0x9491d311	0x1029f13fc	0x1029f13fc	mapped	0x1029f13fc
System.Security.Cryptography	683	0x060002ac	System.Security.Cryptography.RC2Implementation	.ctor	0x2050	NoInlining	Public, HideBySig, SpecialName, RTSpecialName	0x10057c7bc	0x9491d363	0x1029f1548	0x1029f1548	mapped	0x1029f1548
System.Security.Cryptography	684	0x060002ad	System.Security.Cryptography.Rfc2898DeriveBytes	get_HashAlgorithm	0x2050	NoInlining	Public, HideBySig, SpecialName	0x10057c7c0	0x9491d370	0x1029f1580	0x1029f1580	mapped	0x1029f1580
System.Security.Cryptography	685	0x060002ae	System.Security.Cryptography.Rfc2898DeriveBytes	.ctor	0x2050	NoInlining	Public, HideBySig, SpecialName, RTSpecialName	0x10057c7c4	0x9491d378	0x1029f15a4	0x1029f15a4	mapped	0x1029f15a4
System.Security.Cryptography	686	0x060002af	System.Security.Cryptography.Rfc2898DeriveBytes	.ctor	0x2050	NoInlining	Assembly, HideBySig, SpecialName, RTSpecialName	0x10057c7c8	0x9491d39d	0x1029f163c	0x1029f163c	mapped	0x1029f163c
System.Security.Cryptography	687	0x060002b0	System.Security.Cryptography.Rfc2898DeriveBytes	.ctor	0x2050	NoInlining	Assembly, HideBySig, SpecialName, RTSpecialName	0x10057c7cc	0x9491d3d9	0x1029f1730	0x1029f1730	mapped	0x1029f1730
System.Security.Cryptography	688	0x060002b1	System.Security.Cryptography.Rfc2898DeriveBytes	Dispose	0x2050	NoInlining	Family, Final, Virtual, HideBySig	0x10057c7d0	0x9491d443	0x1029f18dc	0x1029f18dc	mapped	0x1029f18dc
System.Security.Cryptography	689	0x060002b2	System.Security.Cryptography.Rfc2898DeriveBytes	GetBytes	0x2050	NoInlining	Public, Final, Virtual, HideBySig	0x10057c7d4	0x9491d479	0x1029f19b8	0x1029f19b8	mapped	0x1029f19b8
System.Security.Cryptography	690	0x060002b3	System.Security.Cryptography.Rfc2898DeriveBytes	GetBytes	0x2050	NoInlining	Assembly, HideBySig	0x10057c7d8	0x9491d4a0	0x1029f1a58	0x1029f1a58	mapped	0x1029f1a58
System.Security.Cryptography	691	0x060002b4	System.Security.Cryptography.Rfc2898DeriveBytes	OpenHmac	0x2050	NoInlining	Private, HideBySig	0x10057c7dc	0x9491d53d	0x1029f1cd0	0x1029f1cd0	mapped	0x1029f1cd0
System.Security.Cryptography	692	0x060002b5	System.Security.Cryptography.Rfc2898DeriveBytes	Initialize	0x2050	NoInlining	Private, HideBySig	0x10057c7e0	0x9491d5d9	0x1029f1f44	0x1029f1f44	mapped	0x1029f1f44
System.Security.Cryptography	693	0x060002b6	System.Security.Cryptography.Rfc2898DeriveBytes	Func	0x2050	NoInlining	Private, HideBySig	0x10057c7e4	0x9491d605	0x1029f1ff8	0x1029f1ff8	mapped	0x1029f1ff8
System.Security.Cryptography	694	0x060002b7	System.Security.Cryptography.Rfc2898DeriveBytes	.cctor	0x2050	NoInlining	Private, Static, HideBySig, SpecialName, RTSpecialName	0x10057c7e8	0x9491d6bc	0x1029f22d8	0x1029f22d8	mapped	0x1029f22d8
System.Security.Cryptography	695	0x060002b8	System.Security.Cryptography.RNGCryptoServiceProvider	.ctor	0x2050	NoInlining	Public, HideBySig, SpecialName, RTSpecialName	0x10057c7ec	0x9491d6db	0x1029f2358	0x1029f2358	mapped	0x1029f2358
System.Security.Cryptography	696	0x060002b9	System.Security.Cryptography.RNGCryptoServiceProvider	.ctor	0x2050	NoInlining	Public, HideBySig, SpecialName, RTSpecialName	0x10057c7f0	0x9491d6e9	0x1029f2394	0x1029f2394	mapped	0x1029f2394
System.Security.Cryptography	697	0x060002ba	System.Security.Cryptography.RNGCryptoServiceProvider	GetBytes	0x2050	NoInlining	Public, Final, Virtual, HideBySig	0x10057c7f4	0x9491d71c	0x1029f2464	0x1029f2464	mapped	0x1029f2464
System.Security.Cryptography	698	0x060002bb	System.Security.Cryptography.RNGCryptoServiceProvider	GetBytes	0x2050	NoInlining	Public, Final, Virtual, HideBySig	0x10057c7f8	0x9491d736	0x1029f24d0	0x1029f24d0	mapped	0x1029f24d0
System.Security.Cryptography	699	0x060002bc	System.Security.Cryptography.RNGCryptoServiceProvider	GetBytes	0x2050	NoInlining	Public, Final, Virtual, HideBySig	0x10057c7fc	0x9491d756	0x1029f2554	0x1029f2554	mapped	0x1029f2554
System.Security.Cryptography	700	0x060002bd	System.Security.Cryptography.RNGCryptoServiceProvider	Dispose	0x2050	NoInlining	Family, Final, Virtual, HideBySig	0x10057c800	0x9491d774	0x1029f25d0	0x1029f25d0	mapped	0x1029f25d0
System.Security.Cryptography	701	0x060002be	System.Security.Cryptography.RSA	Create	0x2050	NoInlining	Public, Static, HideBySig	0x10057c804	0x9491d794	0x1029f2654	0x1029f2654	mapped	0x1029f2654
System.Security.Cryptography	702	0x060002bf	System.Security.Cryptography.RSA	ExportParameters	0x0	NoInlining	Public, Virtual, HideBySig, VtableLayoutMask, Abstract	0x10057c808	0x97fffd42	0x10057bd10		absent	0x10057bd10
System.Security.Cryptography	703	0x060002c0	System.Security.Cryptography.RSA	ImportParameters	0x0	NoInlining	Public, Virtual, HideBySig, VtableLayoutMask, Abstract	0x10057c80c	0x97fffd41	0x10057bd10		absent	0x10057bd10
System.Security.Cryptography	704	0x060002c1	System.Security.Cryptography.RSA	TryExportRSAPrivateKey	0x2050	NoInlining	Public, Final, Virtual, HideBySig, VtableLayoutMask	0x10057c810	0x9491d7ad	0x1029f26c4	0x1029f26c4	mapped	0x1029f26c4
System.Security.Cryptography	705	0x060002c2	System.Security.Cryptography.RSA	TryExportRSAPublicKey	0x2050	NoInlining	Public, Final, Virtual, HideBySig, VtableLayoutMask	0x10057c814	0x9491d7c9	0x1029f2738	0x1029f2738	mapped	0x1029f2738
System.Security.Cryptography	706	0x060002c3	System.Security.Cryptography.RSA	TryExportSubjectPublicKeyInfo	0x2050	NoInlining	Public, Final, Virtual, HideBySig	0x10057c818	0x97ffc402	0x10056d820	0x10056d820	mapped	0x10056d820
System.Security.Cryptography	707	0x060002c4	System.Security.Cryptography.RSA	WritePkcs8PrivateKey	0x2050	NoInlining	Private, HideBySig	0x10057c81c	0x97ffc4ed	0x10056dbd0	0x10056dbd0	mapped	0x10056dbd0
System.Security.Cryptography	708	0x060002c5	System.Security.Cryptography.RSA	TryExportEncryptedPkcs8PrivateKey	0x2050	NoInlining	Public, Final, Virtual, HideBySig	0x10057c820	0x9491d7e3	0x1029f27ac	0x1029f27ac	mapped	0x1029f27ac
System.Security.Cryptography	709	0x060002c6	System.Security.Cryptography.RSA	WritePkcs1PublicKey	0x2050	NoInlining	Private, HideBySig	0x10057c824	0x9491d822	0x1029f28ac	0x1029f28ac	mapped	0x1029f28ac
System.Security.Cryptography	710	0x060002c7	System.Security.Cryptography.RSA	WritePkcs1PrivateKey	0x2050	NoInlining	Private, HideBySig	0x10057c828	0x9491d840	0x1029f2928	0x1029f2928	mapped	0x1029f2928
System.Security.Cryptography	711	0x060002c8	System.Security.Cryptography.RSA	ImportRSAPublicKey	0x2050	NoInlining	Public, Virtual, HideBySig, VtableLayoutMask	0x10057c82c	0x97ffc5b1	0x10056def0	0x10056def0	mapped	0x10056def0
System.Security.Cryptography	712	0x060002c9	System.Security.Cryptography.RSA	ImportRSAPrivateKey	0x2050	NoInlining	Public, Final, Virtual, HideBySig, VtableLayoutMask	0x10057c830	0x97ffc684	0x10056e240	0x10056e240	mapped	0x10056e240
System.Security.Cryptography	713	0x060002ca	System.Security.Cryptography.RSA	ImportPkcs8PrivateKey	0x2050	NoInlining	Public, Final, Virtual, HideBySig	0x10057c834	0x9491d869	0x1029f29d8	0x1029f29d8	mapped	0x1029f29d8
System.Security.Cryptography	714	0x060002cb	System.Security.Cryptography.RSA	ClearPrivateParameters	0x2050	NoInlining	Private, Static, HideBySig	0x10057c838	0x9491d8d7	0x1029f2b94	0x1029f2b94	mapped	0x1029f2b94
System.Security.Cryptography	715	0x060002cc	System.Security.Cryptography.RSA	.ctor	0x2050	NoInlining	Family, HideBySig, SpecialName, RTSpecialName	0x10057c83c	0x9491d923	0x1029f2cc8	0x1029f2cc8	mapped	0x1029f2cc8
System.Security.Cryptography	716	0x060002cd	System.Security.Cryptography.SHA1	HashData	0x2050	NoInlining	Public, Static, HideBySig	0x10057c840	0x9491d923	0x1029f2ccc	0x1029f2ccc	mapped	0x1029f2ccc
System.Security.Cryptography	717	0x060002ce	System.Security.Cryptography.SHA1	HashData	0x2050	NoInlining	Public, Static, HideBySig	0x10057c844	0x9491d944	0x1029f2d54	0x1029f2d54	mapped	0x1029f2d54
System.Security.Cryptography	718	0x060002cf	System.Security.Cryptography.SHA1	HashData	0x2050	NoInlining	Public, Static, HideBySig	0x10057c848	0x9491d981	0x1029f2e4c	0x1029f2e4c	mapped	0x1029f2e4c
System.Security.Cryptography	719	0x060002d0	System.Security.Cryptography.SHA1	TryHashData	0x2050	NoInlining	Public, Static, HideBySig	0x10057c84c	0x9491d9ad	0x1029f2f00	0x1029f2f00	mapped	0x1029f2f00
System.Security.Cryptography	720	0x060002d1	System.Security.Cryptography.SHA256	.ctor	0x2050	NoInlining	Family, HideBySig, SpecialName, RTSpecialName	0x10057c850	0x9491d9f2	0x1029f3018	0x1029f3018	mapped	0x1029f3018
System.Security.Cryptography	721	0x060002d2	System.Security.Cryptography.SHA256	Create	0x2050	NoInlining	Public, Static, HideBySig	0x10057c854	0x9491d9fc	0x1029f3044	0x1029f3044	mapped	0x1029f3044
System.Security.Cryptography	722	0x060002d3	System.Security.Cryptography.SHA256	HashData	0x2050	NoInlining	Public, Static, HideBySig	0x10057c858	0x9491da16	0x1029f30b0	0x1029f30b0	mapped	0x1029f30b0
System.Security.Cryptography	723	0x060002d4	System.Security.Cryptography.SHA256	HashData	0x2050	NoInlining	Public, Static, HideBySig	0x10057c85c	0x9491da53	0x1029f31a8	0x1029f31a8	mapped	0x1029f31a8
System.Security.Cryptography	724	0x060002d5	System.Security.Cryptography.SHA256	TryHashData	0x2050	NoInlining	Public, Static, HideBySig	0x10057c860	0x9491da7f	0x1029f325c	0x1029f325c	mapped	0x1029f325c
System.Security.Cryptography	725	0x060002d6	System.Security.Cryptography.SHA256+Implementation	.ctor	0x2050	NoInlining	Public, HideBySig, SpecialName, RTSpecialName	0x10057c864	0x9491dac4	0x1029f3374	0x1029f3374	mapped	0x1029f3374
System.Security.Cryptography	726	0x060002d7	System.Security.Cryptography.SHA256+Implementation	HashCore	0x2050	NoInlining	Family, Final, Virtual, HideBySig	0x10057c868	0x9491daf6	0x1029f3440	0x1029f3440	mapped	0x1029f3440
System.Security.Cryptography	727	0x060002d8	System.Security.Cryptography.SHA256+Implementation	HashFinal	0x2050	NoInlining	Family, Final, Virtual, HideBySig	0x10057c86c	0x9491db15	0x1029f34c0	0x1029f34c0	mapped	0x1029f34c0
System.Security.Cryptography	728	0x060002d9	System.Security.Cryptography.SHA256+Implementation	Initialize	0x2050	NoInlining	Public, Final, Virtual, HideBySig	0x10057c870	0x9491db2c	0x1029f3520	0x1029f3520	mapped	0x1029f3520
System.Security.Cryptography	729	0x060002da	System.Security.Cryptography.SHA256+Implementation	Dispose	0x2050	NoInlining	Family, Final, Virtual, HideBySig	0x10057c874	0x9491db44	0x1029f3584	0x1029f3584	mapped	0x1029f3584
System.Security.Cryptography	730	0x060002db	System.Security.Cryptography.SHA384	HashData	0x2050	NoInlining	Public, Static, HideBySig	0x10057c878	0x9491db62	0x1029f3600	0x1029f3600	mapped	0x1029f3600
System.Security.Cryptography	731	0x060002dc	System.Security.Cryptography.SHA384	HashData	0x2050	NoInlining	Public, Static, HideBySig	0x10057c87c	0x9491db9f	0x1029f36f8	0x1029f36f8	mapped	0x1029f36f8
System.Security.Cryptography	732	0x060002dd	System.Security.Cryptography.SHA384	TryHashData	0x2050	NoInlining	Public, Static, HideBySig	0x10057c880	0x9491dbcb	0x1029f37ac	0x1029f37ac	mapped	0x1029f37ac
System.Security.Cryptography	733	0x060002de	System.Security.Cryptography.SHA512	HashData	0x2050	NoInlining	Public, Static, HideBySig	0x10057c884	0x9491dc10	0x1029f38c4	0x1029f38c4	mapped	0x1029f38c4
System.Security.Cryptography	734	0x060002df	System.Security.Cryptography.SHA512	HashData	0x2050	NoInlining	Public, Static, HideBySig	0x10057c888	0x9491dc4d	0x1029f39bc	0x1029f39bc	mapped	0x1029f39bc
System.Security.Cryptography	735	0x060002e0	System.Security.Cryptography.SHA512	TryHashData	0x2050	NoInlining	Public, Static, HideBySig	0x10057c88c	0x9491dc79	0x1029f3a70	0x1029f3a70	mapped	0x1029f3a70
System.Security.Cryptography	736	0x060002e1	System.Security.Cryptography.SHA3_256	get_IsSupported	0x2050	NoInlining	Public, Static, HideBySig, SpecialName	0x10057c890	0x9491dcbe	0x1029f3b88	0x1029f3b88	mapped	0x1029f3b88
System.Security.Cryptography	737	0x060002e2	System.Security.Cryptography.SHA3_256	HashData	0x2050	NoInlining	Public, Static, HideBySig	0x10057c894	0x9491dcce	0x1029f3bcc	0x1029f3bcc	mapped	0x1029f3bcc
System.Security.Cryptography	738	0x060002e3	System.Security.Cryptography.SHA3_256	HashData	0x2050	NoInlining	Public, Static, HideBySig	0x10057c898	0x9491dcf0	0x1029f3c58	0x1029f3c58	mapped	0x1029f3c58
System.Security.Cryptography	739	0x060002e4	System.Security.Cryptography.SHA3_256	TryHashData	0x2050	NoInlining	Public, Static, HideBySig	0x10057c89c	0x9491dd27	0x1029f3d38	0x1029f3d38	mapped	0x1029f3d38
System.Security.Cryptography	740	0x060002e5	System.Security.Cryptography.SHA3_256	CheckSha3Support	0x2050	NoInlining	Private, Static, HideBySig	0x10057c8a0	0x9491dd6c	0x1029f3e50	0x1029f3e50	mapped	0x1029f3e50
System.Security.Cryptography	741	0x060002e6	System.Security.Cryptography.SHA3_256	.cctor	0x2050	NoInlining	Private, Static, HideBySig, SpecialName, RTSpecialName	0x10057c8a4	0x9491dd8e	0x1029f3edc	0x1029f3edc	mapped	0x1029f3edc
System.Security.Cryptography	742	0x060002e7	System.Security.Cryptography.SHA3_384	get_IsSupported	0x2050	NoInlining	Public, Static, HideBySig, SpecialName	0x10057c8a8	0x9491dd9e	0x1029f3f20	0x1029f3f20	mapped	0x1029f3f20
System.Security.Cryptography	743	0x060002e8	System.Security.Cryptography.SHA3_384	HashData	0x2050	NoInlining	Public, Static, HideBySig	0x10057c8ac	0x9491ddae	0x1029f3f64	0x1029f3f64	mapped	0x1029f3f64
System.Security.Cryptography	744	0x060002e9	System.Security.Cryptography.SHA3_384	HashData	0x2050	NoInlining	Public, Static, HideBySig	0x10057c8b0	0x9491ddd0	0x1029f3ff0	0x1029f3ff0	mapped	0x1029f3ff0
System.Security.Cryptography	745	0x060002ea	System.Security.Cryptography.SHA3_384	TryHashData	0x2050	NoInlining	Public, Static, HideBySig	0x10057c8b4	0x9491de07	0x1029f40d0	0x1029f40d0	mapped	0x1029f40d0
System.Security.Cryptography	746	0x060002eb	System.Security.Cryptography.SHA3_384	CheckSha3Support	0x2050	NoInlining	Private, Static, HideBySig	0x10057c8b8	0x9491de4c	0x1029f41e8	0x1029f41e8	mapped	0x1029f41e8
System.Security.Cryptography	747	0x060002ec	System.Security.Cryptography.SHA3_384	.cctor	0x2050	NoInlining	Private, Static, HideBySig, SpecialName, RTSpecialName	0x10057c8bc	0x9491de6e	0x1029f4274	0x1029f4274	mapped	0x1029f4274
System.Security.Cryptography	748	0x060002ed	System.Security.Cryptography.SHA3_512	get_IsSupported	0x2050	NoInlining	Public, Static, HideBySig, SpecialName	0x10057c8c0	0x9491de7e	0x1029f42b8	0x1029f42b8	mapped	0x1029f42b8
System.Security.Cryptography	749	0x060002ee	System.Security.Cryptography.SHA3_512	HashData	0x2050	NoInlining	Public, Static, HideBySig	0x10057c8c4	0x9491de8e	0x1029f42fc	0x1029f42fc	mapped	0x1029f42fc
System.Security.Cryptography	750	0x060002ef	System.Security.Cryptography.SHA3_512	HashData	0x2050	NoInlining	Public, Static, HideBySig	0x10057c8c8	0x9491deb0	0x1029f4388	0x1029f4388	mapped	0x1029f4388
System.Security.Cryptography	751	0x060002f0	System.Security.Cryptography.SHA3_512	TryHashData	0x2050	NoInlining	Public, Static, HideBySig	0x10057c8cc	0x9491dee7	0x1029f4468	0x1029f4468	mapped	0x1029f4468
System.Security.Cryptography	752	0x060002f1	System.Security.Cryptography.SHA3_512	CheckSha3Support	0x2050	NoInlining	Private, Static, HideBySig	0x10057c8d0	0x9491df2c	0x1029f4580	0x1029f4580	mapped	0x1029f4580
System.Security.Cryptography	753	0x060002f2	System.Security.Cryptography.SHA3_512	.cctor	0x2050	NoInlining	Private, Static, HideBySig, SpecialName, RTSpecialName	0x10057c8d4	0x9491df4e	0x1029f460c	0x1029f460c	mapped	0x1029f460c
System.Security.Cryptography	754	0x060002f3	System.Security.Cryptography.SymmetricAlgorithm	.ctor	0x2050	NoInlining	Family, HideBySig, SpecialName, RTSpecialName	0x10057c8d8	0x9491df5e	0x1029f4650	0x1029f4650	mapped	0x1029f4650
System.Security.Cryptography	755	0x060002f4	System.Security.Cryptography.SymmetricAlgorithm	get_FeedbackSize	0x2050	NoInlining	Public, Virtual, HideBySig, VtableLayoutMask, SpecialName	0x10057c8dc	0x9491df69	0x1029f4680	0x1029f4680	mapped	0x1029f4680
System.Security.Cryptography	756	0x060002f5	System.Security.Cryptography.SymmetricAlgorithm	set_FeedbackSize	0x2050	NoInlining	Public, Virtual, HideBySig, VtableLayoutMask, SpecialName	0x10057c8e0	0x9491df71	0x1029f46a4	0x1029f46a4	mapped	0x1029f46a4
System.Security.Cryptography	757	0x060002f6	System.Security.Cryptography.SymmetricAlgorithm	get_BlockSize	0x2050	NoInlining	Public, Virtual, HideBySig, VtableLayoutMask, SpecialName	0x10057c8e4	0x9491df96	0x1029f473c	0x1029f473c	mapped	0x1029f473c
System.Security.Cryptography	758	0x060002f7	System.Security.Cryptography.SymmetricAlgorithm	get_IV	0x2050	NoInlining	Public, Virtual, HideBySig, VtableLayoutMask, SpecialName	0x10057c8e8	0x9491df9e	0x1029f4760	0x1029f4760	mapped	0x1029f4760
System.Security.Cryptography	759	0x060002f8	System.Security.Cryptography.SymmetricAlgorithm	set_IV	0x2050	NoInlining	Public, Virtual, HideBySig, VtableLayoutMask, SpecialName	0x10057c8ec	0x9491dfb7	0x1029f47c8	0x1029f47c8	mapped	0x1029f47c8
System.Security.Cryptography	760	0x060002f9	System.Security.Cryptography.SymmetricAlgorithm	get_Key	0x2050	NoInlining	Public, Virtual, HideBySig, VtableLayoutMask, SpecialName	0x10057c8f0	0x9491dff8	0x1029f48d0	0x1029f48d0	mapped	0x1029f48d0
System.Security.Cryptography	761	0x060002fa	System.Security.Cryptography.SymmetricAlgorithm	set_Key	0x2050	NoInlining	Public, Virtual, HideBySig, VtableLayoutMask, SpecialName	0x10057c8f4	0x9491e011	0x1029f4938	0x1029f4938	mapped	0x1029f4938
System.Security.Cryptography	762	0x060002fb	System.Security.Cryptography.SymmetricAlgorithm	get_KeySize	0x2050	NoInlining	Public, Virtual, HideBySig, VtableLayoutMask, SpecialName	0x10057c8f8	0x9491e056	0x1029f4a50	0x1029f4a50	mapped	0x1029f4a50
System.Security.Cryptography	763	0x060002fc	System.Security.Cryptography.SymmetricAlgorithm	set_KeySize	0x2050	NoInlining	Public, Virtual, HideBySig, VtableLayoutMask, SpecialName	0x10057c8fc	0x9491e05e	0x1029f4a74	0x1029f4a74	mapped	0x1029f4a74
System.Security.Cryptography	764	0x060002fd	System.Security.Cryptography.SymmetricAlgorithm	get_LegalKeySizes	0x2050	NoInlining	Public, Virtual, HideBySig, VtableLayoutMask, SpecialName	0x10057c900	0x9491e080	0x1029f4b00	0x1029f4b00	mapped	0x1029f4b00
System.Security.Cryptography	765	0x060002fe	System.Security.Cryptography.SymmetricAlgorithm	get_Mode	0x2050	NoInlining	Public, Virtual, HideBySig, VtableLayoutMask, SpecialName	0x10057c904	0x9491e0bc	0x1029f4bf4	0x1029f4bf4	mapped	0x1029f4bf4
System.Security.Cryptography	766	0x060002ff	System.Security.Cryptography.SymmetricAlgorithm	get_Padding	0x2050	NoInlining	Public, Virtual, HideBySig, VtableLayoutMask, SpecialName	0x10057c908	0x9491e0c4	0x1029f4c18	0x1029f4c18	mapped	0x1029f4c18
System.Security.Cryptography	767	0x06000300	System.Security.Cryptography.SymmetricAlgorithm	CreateDecryptor	0x2050	NoInlining	Public, Virtual, HideBySig, VtableLayoutMask	0x10057c90c	0x9491e0cc	0x1029f4c3c	0x1029f4c3c	mapped	0x1029f4c3c
System.Security.Cryptography	768	0x06000301	System.Security.Cryptography.SymmetricAlgorithm	CreateDecryptor	0x0	NoInlining	Public, Virtual, HideBySig, VtableLayoutMask, Abstract	0x10057c910	0x97fffd00	0x10057bd10		absent	0x10057bd10
System.Security.Cryptography	769	0x06000302	System.Security.Cryptography.SymmetricAlgorithm	CreateEncryptor	0x2050	NoInlining	Public, Virtual, HideBySig, VtableLayoutMask	0x10057c914	0x9491e0eb	0x1029f4cc0	0x1029f4cc0	mapped	0x1029f4cc0
System.Security.Cryptography	770	0x06000303	System.Security.Cryptography.SymmetricAlgorithm	CreateEncryptor	0x0	NoInlining	Public, Virtual, HideBySig, VtableLayoutMask, Abstract	0x10057c918	0x97fffcfe	0x10057bd10		absent	0x10057bd10
System.Security.Cryptography	771	0x06000304	System.Security.Cryptography.SymmetricAlgorithm	Dispose	0x2050	NoInlining	Public, Final, Virtual, HideBySig, VtableLayoutMask	0x10057c91c	0x9491e10a	0x1029f4d44	0x1029f4d44	mapped	0x1029f4d44
System.Security.Cryptography	772	0x06000305	System.Security.Cryptography.SymmetricAlgorithm	Dispose	0x2050	NoInlining	Family, Virtual, HideBySig, VtableLayoutMask	0x10057c920	0x9491e122	0x1029f4da8	0x1029f4da8	mapped	0x1029f4da8
System.Security.Cryptography	773	0x06000306	System.Security.Cryptography.SymmetricAlgorithm	GenerateIV	0x0	NoInlining	Public, Virtual, HideBySig, VtableLayoutMask, Abstract	0x10057c924	0x97fffcfb	0x10057bd10		absent	0x10057bd10
System.Security.Cryptography	774	0x06000307	System.Security.Cryptography.SymmetricAlgorithm	GenerateKey	0x0	NoInlining	Public, Virtual, HideBySig, VtableLayoutMask, Abstract	0x10057c928	0x97fffcfa	0x10057bd10		absent	0x10057bd10
System.Security.Cryptography	775	0x06000308	System.Security.Cryptography.SymmetricAlgorithm	ValidKeySize	0x2050	NoInlining	Public, HideBySig	0x10057c92c	0x9491e13d	0x1029f4e20	0x1029f4e20	mapped	0x1029f4e20
System.Security.Cryptography	776	0x06000309	System.Security.Cryptography.SymmetricPadding	GetCiphertextLength	0x2050	NoInlining	Public, Static, HideBySig	0x10057c930	0x9491e15b	0x1029f4e9c	0x1029f4e9c	mapped	0x1029f4e9c
System.Security.Cryptography	777	0x0600030a	System.Security.Cryptography.SymmetricPadding	PadBlock	0x2050	NoInlining	Public, Static, HideBySig	0x10057c934	0x9491e19d	0x1029f4fa8	0x1029f4fa8	mapped	0x1029f4fa8
System.Security.Cryptography	778	0x0600030b	System.Security.Cryptography.SymmetricPadding	DepaddingRequired	0x2050	NoInlining	Public, Static, HideBySig	0x10057c938	0x9491e294	0x1029f5388	0x1029f5388	mapped	0x1029f5388
System.Security.Cryptography	779	0x0600030c	System.Security.Cryptography.SymmetricPadding	GetPaddingLength	0x2050	NoInlining	Public, Static, HideBySig	0x10057c93c	0x9491e2b3	0x1029f5408	0x1029f5408	mapped	0x1029f5408
System.Security.Cryptography	780	0x0600030d	System.Security.Cryptography.TripleDES	.ctor	0x2050	NoInlining	Family, HideBySig, SpecialName, RTSpecialName	0x10057c940	0x9491e33e	0x1029f5638	0x1029f5638	mapped	0x1029f5638
System.Security.Cryptography	781	0x0600030e	System.Security.Cryptography.TripleDES	Create	0x2050	NoInlining	Public, Static, HideBySig	0x10057c944	0x9491e374	0x1029f5714	0x1029f5714	mapped	0x1029f5714
System.Security.Cryptography	782	0x0600030f	System.Security.Cryptography.TripleDES	get_Key	0x2050	NoInlining	Public, Virtual, HideBySig, SpecialName	0x10057c948	0x9491e390	0x1029f5788	0x1029f5788	mapped	0x1029f5788
System.Security.Cryptography	783	0x06000310	System.Security.Cryptography.TripleDES	set_Key	0x2050	NoInlining	Public, Virtual, HideBySig, SpecialName	0x10057c94c	0x9491e3c1	0x1029f5850	0x1029f5850	mapped	0x1029f5850
System.Security.Cryptography	784	0x06000311	System.Security.Cryptography.TripleDES	IsWeakKey	0x2050	NoInlining	Public, Static, HideBySig	0x10057c950	0x9491e410	0x1029f5990	0x1029f5990	mapped	0x1029f5990
System.Security.Cryptography	785	0x06000312	System.Security.Cryptography.TripleDES	EqualBytes	0x2050	NoInlining	Private, Static, HideBySig	0x10057c954	0x9491e49e	0x1029f5bcc	0x1029f5bcc	mapped	0x1029f5bcc
System.Security.Cryptography	786	0x06000313	System.Security.Cryptography.TripleDES	.cctor	0x2050	NoInlining	Private, Static, HideBySig, SpecialName, RTSpecialName	0x10057c958	0x9491e4e6	0x1029f5cf0	0x1029f5cf0	mapped	0x1029f5cf0
System.Security.Cryptography	787	0x06000314	System.Security.Cryptography.TripleDesImplementation	.ctor	0x2050	NoInlining	Public, HideBySig, SpecialName, RTSpecialName	0x10057c95c	0x9491e523	0x1029f5de8	0x1029f5de8	mapped	0x1029f5de8
System.Security.Cryptography	788	0x06000315	System.Security.Cryptography.TripleDesImplementation	CreateDecryptor	0x2050	NoInlining	Public, Final, Virtual, HideBySig	0x10057c960	0x9491e538	0x1029f5e40	0x1029f5e40	mapped	0x1029f5e40
System.Security.Cryptography	789	0x06000316	System.Security.Cryptography.TripleDesImplementation	CreateDecryptor	0x2050	NoInlining	Public, Final, Virtual, HideBySig	0x10057c964	0x9491e557	0x1029f5ec0	0x1029f5ec0	mapped	0x1029f5ec0
System.Security.Cryptography	790	0x06000317	System.Security.Cryptography.TripleDesImplementation	CreateEncryptor	0x2050	NoInlining	Public, Final, Virtual, HideBySig	0x10057c968	0x9491e56d	0x1029f5f1c	0x1029f5f1c	mapped	0x1029f5f1c
System.Security.Cryptography	791	0x06000318	System.Security.Cryptography.TripleDesImplementation	CreateEncryptor	0x2050	NoInlining	Public, Final, Virtual, HideBySig	0x10057c96c	0x9491e58c	0x1029f5f9c	0x1029f5f9c	mapped	0x1029f5f9c
System.Security.Cryptography	792	0x06000319	System.Security.Cryptography.TripleDesImplementation	GenerateIV	0x2050	NoInlining	Public, Final, Virtual, HideBySig	0x10057c970	0x9491e5a2	0x1029f5ff8	0x1029f5ff8	mapped	0x1029f5ff8
System.Security.Cryptography	793	0x0600031a	System.Security.Cryptography.TripleDesImplementation	GenerateKey	0x2050	NoInlining	Public, Final, Virtual, HideBySig	0x10057c974	0x9491e5c1	0x1029f6078	0x1029f6078	mapped	0x1029f6078
System.Security.Cryptography	794	0x0600031b	System.Security.Cryptography.TripleDesImplementation	CreateTransform	0x2050	NoInlining	Private, HideBySig	0x10057c978	0x9491e5e0	0x1029f60f8	0x1029f60f8	mapped	0x1029f60f8
System.Security.Cryptography	795	0x0600031c	System.Security.Cryptography.TripleDesImplementation	ValidateCFBFeedbackSize	0x2050	NoInlining	Private, Static, HideBySig	0x10057c97c	0x9491e68b	0x1029f63a8	0x1029f63a8	mapped	0x1029f63a8
System.Security.Cryptography	796	0x0600031d	System.Security.Cryptography.TripleDesImplementation	CreateTransformCore	0x2050	NoInlining	Private, Static, HideBySig	0x10057c980	0x9491e6c0	0x1029f6480	0x1029f6480	mapped	0x1029f6480
System.Security.Cryptography	797	0x0600031e	System.Security.Cryptography.UniversalCryptoTransform	Create	0x2050	NoInlining	Public, Static, HideBySig	0x10057c984	0x9491e712	0x1029f65cc	0x1029f65cc	mapped	0x1029f65cc
System.Security.Cryptography	798	0x0600031f	System.Security.Cryptography.UniversalCryptoTransform	.ctor	0x2050	NoInlining	Family, HideBySig, SpecialName, RTSpecialName	0x10057c988	0x9491e740	0x1029f6688	0x1029f6688	mapped	0x1029f6688
System.Security.Cryptography	799	0x06000320	System.Security.Cryptography.UniversalCryptoTransform	get_CanTransformMultipleBlocks	0x2050	NoInlining	Public, Final, Virtual, HideBySig, VtableLayoutMask, SpecialName	0x10057c98c	0x9491e74f	0x1029f66c8	0x1029f66c8	mapped	0x1029f66c8
System.Security.Cryptography	800	0x06000321	System.Security.Cryptography.UniversalCryptoTransform	get_PaddingSizeBytes	0x2050	NoInlining	Family, HideBySig, SpecialName	0x10057c990	0x9491e750	0x1029f66d0	0x1029f66d0	mapped	0x1029f66d0
System.Security.Cryptography	801	0x06000322	System.Security.Cryptography.UniversalCryptoTransform	get_InputBlockSize	0x2050	NoInlining	Public, Final, Virtual, HideBySig, VtableLayoutMask, SpecialName	0x10057c994	0x9491e75c	0x1029f6704	0x1029f6704	mapped	0x1029f6704
System.Security.Cryptography	802	0x06000323	System.Security.Cryptography.UniversalCryptoTransform	get_OutputBlockSize	0x2050	NoInlining	Public, Final, Virtual, HideBySig, VtableLayoutMask, SpecialName	0x10057c998	0x9491e768	0x1029f6738	0x1029f6738	mapped	0x1029f6738
System.Security.Cryptography	803	0x06000324	System.Security.Cryptography.UniversalCryptoTransform	Dispose	0x2050	NoInlining	Public, Final, Virtual, HideBySig, VtableLayoutMask	0x10057c99c	0x9491e774	0x1029f676c	0x1029f676c	mapped	0x1029f676c
System.Security.Cryptography	804	0x06000325	System.Security.Cryptography.UniversalCryptoTransform	TransformBlock	0x2050	NoInlining	Public, Final, Virtual, HideBySig, VtableLayoutMask	0x10057c9a0	0x9491e78c	0x1029f67d0	0x1029f67d0	mapped	0x1029f67d0
System.Security.Cryptography	805	0x06000326	System.Security.Cryptography.UniversalCryptoTransform	TransformFinalBlock	0x2050	NoInlining	Public, Final, Virtual, HideBySig, VtableLayoutMask	0x10057c9a4	0x9491e81b	0x1029f6a10	0x1029f6a10	mapped	0x1029f6a10
System.Security.Cryptography	806	0x06000327	System.Security.Cryptography.UniversalCryptoTransform	Dispose	0x2050	NoInlining	Family, Virtual, HideBySig, VtableLayoutMask	0x10057c9a8	0x9491e86f	0x1029f6b64	0x1029f6b64	mapped	0x1029f6b64
System.Security.Cryptography	807	0x06000328	System.Security.Cryptography.UniversalCryptoTransform	UncheckedTransformBlock	0x2050	NoInlining	Family, HideBySig	0x10057c9ac	0x9491e88f	0x1029f6be8	0x1029f6be8	mapped	0x1029f6be8
System.Security.Cryptography	808	0x06000329	System.Security.Cryptography.UniversalCryptoTransform	UncheckedTransformBlock	0x0	NoInlining	Family, Virtual, HideBySig, VtableLayoutMask, Abstract	0x10057c9b0	0x97fffcd8	0x10057bd10		absent	0x10057bd10
System.Security.Cryptography	809	0x0600032a	System.Security.Cryptography.UniversalCryptoTransform	UncheckedTransformFinalBlock	0x0	NoInlining	Family, Virtual, HideBySig, VtableLayoutMask, Abstract	0x10057c9b4	0x97fffcd7	0x10057bd10		absent	0x10057bd10
System.Security.Cryptography	810	0x0600032b	System.Security.Cryptography.UniversalCryptoTransform	UncheckedTransformFinalBlock	0x0	NoInlining	Family, Virtual, HideBySig, VtableLayoutMask, Abstract	0x10057c9b8	0x97fffcd6	0x10057bd10		absent	0x10057bd10
System.Security.Cryptography	811	0x0600032c	System.Security.Cryptography.UniversalCryptoTransform	get_PaddingMode	0x2050	NoInlining	Family, HideBySig, SpecialName	0x10057c9bc	0x9491e8d5	0x1029f6d10	0x1029f6d10	mapped	0x1029f6d10
System.Security.Cryptography	812	0x0600032d	System.Security.Cryptography.UniversalCryptoTransform	set_PaddingMode	0x2050	NoInlining	Private, HideBySig, SpecialName	0x10057c9c0	0x9491e8dd	0x1029f6d34	0x1029f6d34	mapped	0x1029f6d34
System.Security.Cryptography	813	0x0600032e	System.Security.Cryptography.UniversalCryptoTransform	get_BasicSymmetricCipher	0x2050	NoInlining	Family, HideBySig, SpecialName	0x10057c9c4	0x9491e8e5	0x1029f6d58	0x1029f6d58	mapped	0x1029f6d58
System.Security.Cryptography	814	0x0600032f	System.Security.Cryptography.UniversalCryptoTransform	set_BasicSymmetricCipher	0x2050	NoInlining	Private, HideBySig, SpecialName	0x10057c9c8	0x9491e8ed	0x1029f6d7c	0x1029f6d7c	mapped	0x1029f6d7c
System.Security.Cryptography	815	0x06000330	System.Security.Cryptography.UniversalCryptoEncryptor	.ctor	0x2050	NoInlining	Public, HideBySig, SpecialName, RTSpecialName	0x10057c9cc	0x9491e8fc	0x1029f6dbc	0x1029f6dbc	mapped	0x1029f6dbc
System.Security.Cryptography	816	0x06000331	System.Security.Cryptography.UniversalCryptoEncryptor	UncheckedTransformBlock	0x2050	NoInlining	Family, Final, Virtual, HideBySig	0x10057c9d0	0x9491e90b	0x1029f6dfc	0x1029f6dfc	mapped	0x1029f6dfc
System.Security.Cryptography	817	0x06000332	System.Security.Cryptography.UniversalCryptoEncryptor	UncheckedTransformFinalBlock	0x2050	NoInlining	Family, Final, Virtual, HideBySig	0x10057c9d4	0x9491e92f	0x1029f6e90	0x1029f6e90	mapped	0x1029f6e90
System.Security.Cryptography	818	0x06000333	System.Security.Cryptography.UniversalCryptoEncryptor	UncheckedTransformFinalBlock	0x2050	NoInlining	Family, Final, Virtual, HideBySig	0x10057c9d8	0x9491e963	0x1029f6f64	0x1029f6f64	mapped	0x1029f6f64
System.Security.Cryptography	819	0x06000334	System.Security.Cryptography.UniversalCryptoDecryptor	.ctor	0x2050	NoInlining	Public, HideBySig, SpecialName, RTSpecialName	0x10057c9dc	0x9491e9ac	0x1029f708c	0x1029f708c	mapped	0x1029f708c
System.Security.Cryptography	820	0x06000335	System.Security.Cryptography.UniversalCryptoDecryptor	UncheckedTransformBlock	0x2050	NoInlining	Family, Final, Virtual, HideBySig	0x10057c9e0	0x9491e9bb	0x1029f70cc	0x1029f70cc	mapped	0x1029f70cc
System.Security.Cryptography	821	0x06000336	System.Security.Cryptography.UniversalCryptoDecryptor	UncheckedTransformFinalBlock	0x2050	NoInlining	Family, Final, Virtual, HideBySig	0x10057c9e4	0x97ffc7d3	0x10056e930	0x10056e930	mapped	0x10056e930
System.Security.Cryptography	822	0x06000337	System.Security.Cryptography.UniversalCryptoDecryptor	UncheckedTransformFinalBlock	0x2050	NoInlining	Family, Final, Virtual, HideBySig	0x10057c9e8	0x9491ea4e	0x1029f7320	0x1029f7320	mapped	0x1029f7320
System.Security.Cryptography	823	0x06000338	System.Security.Cryptography.UniversalCryptoDecryptor	Dispose	0x2050	NoInlining	Family, Final, Virtual, HideBySig	0x10057c9ec	0x9491eaff	0x1029f75e8	0x1029f75e8	mapped	0x1029f75e8
System.Security.Cryptography	824	0x06000339	System.Security.Cryptography.UniversalCryptoDecryptor	Reset	0x2050	NoInlining	Private, HideBySig	0x10057c9f0	0x9491eb1b	0x1029f765c	0x1029f765c	mapped	0x1029f765c
System.Security.Cryptography	825	0x0600033a	System.Security.Cryptography.SafeAppleCryptorHandle	.ctor	0x2050	NoInlining	Public, HideBySig, SpecialName, RTSpecialName	0x10057c9f4	0x9491eb30	0x1029f76b4	0x1029f76b4	mapped	0x1029f76b4
System.Security.Cryptography	826	0x0600033b	System.Security.Cryptography.SafeAppleCryptorHandle	ReleaseHandle	0x2050	NoInlining	Family, Final, Virtual, HideBySig	0x10057c9f8	0x9491eb3f	0x1029f76f4	0x1029f76f4	mapped	0x1029f76f4
System.Security.Cryptography	827	0x0600033c	System.Security.Cryptography.SafeAppleCryptorHandle	get_IsInvalid	0x2050	NoInlining	Public, Final, Virtual, HideBySig, SpecialName	0x10057c9fc	0x9491eb54	0x1029f774c	0x1029f774c	mapped	0x1029f774c
System.Security.Cryptography	828	0x0600033d	System.Security.Cryptography.EccSecurityTransforms	.ctor	0x2050	NoInlining	Assembly, HideBySig, SpecialName, RTSpecialName	0x10057ca00	0x9491eb5e	0x1029f7778	0x1029f7778	mapped	0x1029f7778
System.Security.Cryptography	829	0x0600033e	System.Security.Cryptography.EccSecurityTransforms	DisposeKey	0x2050	NoInlining	Assembly, HideBySig	0x10057ca04	0x9491eb6d	0x1029f77b8	0x1029f77b8	mapped	0x1029f77b8
System.Security.Cryptography	830	0x0600033f	System.Security.Cryptography.EccSecurityTransforms	Dispose	0x2050	NoInlining	Public, Final, Virtual, HideBySig, VtableLayoutMask	0x10057ca08	0x9491eb95	0x1029f785c	0x1029f785c	mapped	0x1029f785c
System.Security.Cryptography	831	0x06000340	System.Security.Cryptography.EccSecurityTransforms	GenerateKey	0x2050	NoInlining	Private, HideBySig	0x10057ca0c	0x9491ebaa	0x1029f78b4	0x1029f78b4	mapped	0x1029f78b4
System.Security.Cryptography	832	0x06000341	System.Security.Cryptography.EccSecurityTransforms	ThrowIfDisposed	0x2050	NoInlining	Assembly, HideBySig	0x10057ca10	0x9491ebc4	0x1029f7920	0x1029f7920	mapped	0x1029f7920
System.Security.Cryptography	833	0x06000342	System.Security.Cryptography.EccSecurityTransforms	GetOrGenerateKeys	0x2050	NoInlining	Assembly, HideBySig	0x10057ca14	0x9491ebda	0x1029f797c	0x1029f797c	mapped	0x1029f797c
System.Security.Cryptography	834	0x06000343	System.Security.Cryptography.EccSecurityTransforms	SetKeyAndGetSize	0x2050	NoInlining	Assembly, HideBySig	0x10057ca18	0x9491ec03	0x1029f7a24	0x1029f7a24	mapped	0x1029f7a24
System.Security.Cryptography	835	0x06000344	System.Security.Cryptography.EccSecurityTransforms	SetKey	0x2050	NoInlining	Private, HideBySig	0x10057ca1c	0x9491ec18	0x1029f7a7c	0x1029f7a7c	mapped	0x1029f7a7c
System.Security.Cryptography	836	0x06000345	System.Security.Cryptography.EccSecurityTransforms	ExportParameters	0x2050	NoInlining	Assembly, HideBySig	0x10057ca20	0x9491ec4a	0x1029f7b48	0x1029f7b48	mapped	0x1029f7b48
System.Security.Cryptography	837	0x06000346	System.Security.Cryptography.EccSecurityTransforms	TryExportDataKeyParameters	0x2050	NoInlining	Private, Static, HideBySig	0x10057ca24	0x9491ec7a	0x1029f7c0c	0x1029f7c0c	mapped	0x1029f7c0c
System.Security.Cryptography	838	0x06000347	System.Security.Cryptography.EccSecurityTransforms	ImportParameters	0x2050	NoInlining	Assembly, HideBySig	0x10057ca28	0x9491ed14	0x1029f7e78	0x1029f7e78	mapped	0x1029f7e78
System.Security.Cryptography	839	0x06000348	System.Security.Cryptography.EccSecurityTransforms	GetKeySize	0x2050	NoInlining	Private, Static, HideBySig	0x10057ca2c	0x9491ed9d	0x1029f80a0	0x1029f80a0	mapped	0x1029f80a0
System.Security.Cryptography	840	0x06000349	System.Security.Cryptography.EccSecurityTransforms	ImportKey	0x2050	NoInlining	Private, Static, HideBySig	0x10057ca30	0x9491edb0	0x1029f80f0	0x1029f80f0	mapped	0x1029f80f0
System.Security.Cryptography	841	0x0600034a	System.Security.Cryptography.EccSecurityTransforms	ExportParametersFromLegacyKey	0x2050	NoInlining	Private, Static, HideBySig	0x10057ca34	0x9491ee19	0x1029f8298	0x1029f8298	mapped	0x1029f8298
System.Security.Cryptography	842	0x0600034b	System.Security.Cryptography.EccSecurityTransforms	ExtractPublicKeyFromPrivateKey	0x2050	NoInlining	Private, Static, HideBySig	0x10057ca38	0x9491ee23	0x1029f82c4	0x1029f82c4	mapped	0x1029f82c4
System.Security.Cryptography	843	0x0600034c	System.Security.Cryptography.ECDiffieHellmanImplementation+ECDiffieHellmanSecurityTransforms	.ctor	0x2050	NoInlining	Assembly, HideBySig, SpecialName, RTSpecialName	0x10057ca3c	0x9491ee34	0x1029f830c	0x1029f830c	mapped	0x1029f830c
System.Security.Cryptography	844	0x0600034d	System.Security.Cryptography.ECDiffieHellmanImplementation+ECDiffieHellmanSecurityTransforms	get_LegalKeySizes	0x2050	NoInlining	Public, Final, Virtual, HideBySig, SpecialName	0x10057ca40	0x9491ee72	0x1029f8408	0x1029f8408	mapped	0x1029f8408
System.Security.Cryptography	845	0x0600034e	System.Security.Cryptography.ECDiffieHellmanImplementation+ECDiffieHellmanSecurityTransforms	get_KeySize	0x2050	NoInlining	Public, Final, Virtual, HideBySig, SpecialName	0x10057ca44	0x9491ee89	0x1029f8468	0x1029f8468	mapped	0x1029f8468
System.Security.Cryptography	846	0x0600034f	System.Security.Cryptography.ECDiffieHellmanImplementation+ECDiffieHellmanSecurityTransforms	set_KeySize	0x2050	NoInlining	Public, Final, Virtual, HideBySig, SpecialName	0x10057ca48	0x9491ee91	0x1029f848c	0x1029f848c	mapped	0x1029f848c
System.Security.Cryptography	847	0x06000350	System.Security.Cryptography.ECDiffieHellmanImplementation+ECDiffieHellmanSecurityTransforms	Dispose	0x2050	NoInlining	Family, Final, Virtual, HideBySig	0x10057ca4c	0x9491eedc	0x1029f85bc	0x1029f85bc	mapped	0x1029f85bc
System.Security.Cryptography	848	0x06000351	System.Security.Cryptography.ECDiffieHellmanImplementation+ECDiffieHellmanSecurityTransforms	ExportParameters	0x2050	NoInlining	Public, Final, Virtual, HideBySig	0x10057ca50	0x9491eefa	0x1029f8638	0x1029f8638	mapped	0x1029f8638
System.Security.Cryptography	849	0x06000352	System.Security.Cryptography.ECDiffieHellmanImplementation+ECDiffieHellmanSecurityTransforms	ImportParameters	0x2050	NoInlining	Public, Final, Virtual, HideBySig	0x10057ca54	0x9491ef3f	0x1029f8750	0x1029f8750	mapped	0x1029f8750
System.Security.Cryptography	850	0x06000353	System.Security.Cryptography.ECDsaImplementation+ECDsaSecurityTransforms	.ctor	0x2050	NoInlining	Public, HideBySig, SpecialName, RTSpecialName	0x10057ca58	0x9491ef65	0x1029f87ec	0x1029f87ec	mapped	0x1029f87ec
System.Security.Cryptography	851	0x06000354	System.Security.Cryptography.ECDsaImplementation+ECDsaSecurityTransforms	.ctor	0x2050	NoInlining	Assembly, HideBySig, SpecialName, RTSpecialName	0x10057ca5c	0x9491efad	0x1029f8910	0x1029f8910	mapped	0x1029f8910
System.Security.Cryptography	852	0x06000355	System.Security.Cryptography.ECDsaImplementation+ECDsaSecurityTransforms	.ctor	0x2050	NoInlining	Assembly, HideBySig, SpecialName, RTSpecialName	0x10057ca60	0x9491efeb	0x1029f8a0c	0x1029f8a0c	mapped	0x1029f8a0c
System.Security.Cryptography	853	0x06000356	System.Security.Cryptography.ECDsaImplementation+ECDsaSecurityTransforms	get_LegalKeySizes	0x2050	NoInlining	Public, Final, Virtual, HideBySig, SpecialName	0x10057ca64	0x9491f02d	0x1029f8b18	0x1029f8b18	mapped	0x1029f8b18
System.Security.Cryptography	854	0x06000357	System.Security.Cryptography.ECDsaImplementation+ECDsaSecurityTransforms	get_KeySize	0x2050	NoInlining	Public, Final, Virtual, HideBySig, SpecialName	0x10057ca68	0x9491f044	0x1029f8b78	0x1029f8b78	mapped	0x1029f8b78
System.Security.Cryptography	855	0x06000358	System.Security.Cryptography.ECDsaImplementation+ECDsaSecurityTransforms	set_KeySize	0x2050	NoInlining	Public, Final, Virtual, HideBySig, SpecialName	0x10057ca6c	0x9491f04c	0x1029f8b9c	0x1029f8b9c	mapped	0x1029f8b9c
System.Security.Cryptography	856	0x06000359	System.Security.Cryptography.ECDsaImplementation+ECDsaSecurityTransforms	Dispose	0x2050	NoInlining	Family, Final, Virtual, HideBySig	0x10057ca70	0x9491f097	0x1029f8ccc	0x1029f8ccc	mapped	0x1029f8ccc
System.Security.Cryptography	857	0x0600035a	System.Security.Cryptography.ECDsaImplementation+ECDsaSecurityTransforms	ExportParameters	0x2050	NoInlining	Public, Final, Virtual, HideBySig	0x10057ca74	0x9491f0b5	0x1029f8d48	0x1029f8d48	mapped	0x1029f8d48
System.Security.Cryptography	858	0x0600035b	System.Security.Cryptography.ECDsaImplementation+ECDsaSecurityTransforms	ImportParameters	0x2050	NoInlining	Public, Final, Virtual, HideBySig	0x10057ca78	0x9491f0fa	0x1029f8e60	0x1029f8e60	mapped	0x1029f8e60
System.Security.Cryptography	859	0x0600035c	System.Security.Cryptography.RSAImplementation+RSASecurityTransforms	.ctor	0x2050	NoInlining	Public, HideBySig, SpecialName, RTSpecialName	0x10057ca7c	0x9491f120	0x1029f8efc	0x1029f8efc	mapped	0x1029f8efc
System.Security.Cryptography	860	0x0600035d	System.Security.Cryptography.RSAImplementation+RSASecurityTransforms	.ctor	0x2050	NoInlining	Public, HideBySig, SpecialName, RTSpecialName	0x10057ca80	0x9491f12e	0x1029f8f38	0x1029f8f38	mapped	0x1029f8f38
System.Security.Cryptography	861	0x0600035e	System.Security.Cryptography.RSAImplementation+RSASecurityTransforms	.ctor	0x2050	NoInlining	Assembly, HideBySig, SpecialName, RTSpecialName	0x10057ca84	0x9491f13d	0x1029f8f78	0x1029f8f78	mapped	0x1029f8f78
System.Security.Cryptography	862	0x0600035f	System.Security.Cryptography.RSAImplementation+RSASecurityTransforms	.ctor	0x2050	NoInlining	Assembly, HideBySig, SpecialName, RTSpecialName	0x10057ca88	0x9491f14e	0x1029f8fc0	0x1029f8fc0	mapped	0x1029f8fc0
System.Security.Cryptography	863	0x06000360	System.Security.Cryptography.RSAImplementation+RSASecurityTransforms	get_LegalKeySizes	0x2050	NoInlining	Public, Final, Virtual, HideBySig, SpecialName	0x10057ca8c	0x9491f163	0x1029f9018	0x1029f9018	mapped	0x1029f9018
System.Security.Cryptography	864	0x06000361	System.Security.Cryptography.RSAImplementation+RSASecurityTransforms	get_KeySize	0x2050	NoInlining	Public, Final, Virtual, HideBySig, SpecialName	0x10057ca90	0x9491f189	0x1029f90b4	0x1029f90b4	mapped	0x1029f90b4
System.Security.Cryptography	865	0x06000362	System.Security.Cryptography.RSAImplementation+RSASecurityTransforms	set_KeySize	0x2050	NoInlining	Public, Final, Virtual, HideBySig, SpecialName	0x10057ca94	0x9491f191	0x1029f90d8	0x1029f90d8	mapped	0x1029f90d8
System.Security.Cryptography	866	0x06000363	System.Security.Cryptography.RSAImplementation+RSASecurityTransforms	ExportParameters	0x2050	NoInlining	Public, Final, Virtual, HideBySig	0x10057ca98	0x9491f1dd	0x1029f920c	0x1029f920c	mapped	0x1029f920c
System.Security.Cryptography	867	0x06000364	System.Security.Cryptography.RSAImplementation+RSASecurityTransforms	ImportParameters	0x2050	NoInlining	Public, Final, Virtual, HideBySig	0x10057ca9c	0x9491f2dd	0x1029f9610	0x1029f9610	mapped	0x1029f9610
System.Security.Cryptography	868	0x06000365	System.Security.Cryptography.RSAImplementation+RSASecurityTransforms	ImportRSAPublicKey	0x2050	NoInlining	Public, Final, Virtual, HideBySig	0x10057caa0	0x9491f310	0x1029f96e0	0x1029f96e0	mapped	0x1029f96e0
System.Security.Cryptography	869	0x06000366	System.Security.Cryptography.RSAImplementation+RSASecurityTransforms	Dispose	0x2050	NoInlining	Family, Final, Virtual, HideBySig	0x10057caa4	0x9491f377	0x1029f9880	0x1029f9880	mapped	0x1029f9880
System.Security.Cryptography	870	0x06000367	System.Security.Cryptography.RSAImplementation+RSASecurityTransforms	ThrowIfDisposed	0x2050	NoInlining	Private, HideBySig	0x10057caa8	0x9491f3a2	0x1029f9930	0x1029f9930	mapped	0x1029f9930
System.Security.Cryptography	871	0x06000368	System.Security.Cryptography.RSAImplementation+RSASecurityTransforms	GetKeys	0x2050	NoInlining	Assembly, HideBySig	0x10057caac	0x9491f3ba	0x1029f9994	0x1029f9994	mapped	0x1029f9994
System.Security.Cryptography	872	0x06000369	System.Security.Cryptography.RSAImplementation+RSASecurityTransforms	SetKey	0x2050	NoInlining	Private, HideBySig	0x10057cab0	0x9491f3e2	0x1029f9a38	0x1029f9a38	mapped	0x1029f9a38
System.Security.Cryptography	873	0x0600036a	System.Security.Cryptography.RSAImplementation+RSASecurityTransforms	ImportKey	0x2050	NoInlining	Private, Static, HideBySig	0x10057cab4	0x9491f41c	0x1029f9b24	0x1029f9b24	mapped	0x1029f9b24
System.Security.Cryptography	874	0x0600036b	System.Security.Cryptography.RSAImplementation+RSASecurityTransforms	ValidateParameters	0x2050	NoInlining	Private, Static, HideBySig	0x10057cab8	0x9491f474	0x1029f9c88	0x1029f9c88	mapped	0x1029f9c88
System.Security.Cryptography	875	0x0600036c	System.Security.Cryptography.RSAImplementation+RSASecurityTransforms	HasConsistentPrivateKey	0x2050	NoInlining	Private, Static, HideBySig	0x10057cabc	0x9491f4a9	0x1029f9d60	0x1029f9d60	mapped	0x1029f9d60
System.Security.Cryptography	876	0x0600036d	System.Security.Cryptography.RSAImplementation+RSASecurityTransforms	ExportParametersFromLegacyKey	0x2050	NoInlining	Private, Static, HideBySig	0x10057cac0	0x9491f4c9	0x1029f9de4	0x1029f9de4	mapped	0x1029f9de4
System.Security.Cryptography	877	0x0600036e	System.Security.Cryptography.SecKeyPair	get_PublicKey	0x2050	NoInlining	Assembly, HideBySig, SpecialName	0x10057cac4	0x9491f4d3	0x1029f9e10	0x1029f9e10	mapped	0x1029f9e10
System.Security.Cryptography	878	0x0600036f	System.Security.Cryptography.SecKeyPair	set_PublicKey	0x2050	NoInlining	Private, HideBySig, SpecialName	0x10057cac8	0x9491f4db	0x1029f9e34	0x1029f9e34	mapped	0x1029f9e34
System.Security.Cryptography	879	0x06000370	System.Security.Cryptography.SecKeyPair	get_PrivateKey	0x2050	NoInlining	Assembly, HideBySig, SpecialName	0x10057cacc	0x9491f4ea	0x1029f9e74	0x1029f9e74	mapped	0x1029f9e74
System.Security.Cryptography	880	0x06000371	System.Security.Cryptography.SecKeyPair	set_PrivateKey	0x2050	NoInlining	Private, HideBySig, SpecialName	0x10057cad0	0x9491f4f2	0x1029f9e98	0x1029f9e98	mapped	0x1029f9e98
System.Security.Cryptography	881	0x06000372	System.Security.Cryptography.SecKeyPair	.ctor	0x2050	NoInlining	Private, HideBySig, SpecialName, RTSpecialName	0x10057cad4	0x9491f501	0x1029f9ed8	0x1029f9ed8	mapped	0x1029f9ed8
System.Security.Cryptography	882	0x06000373	System.Security.Cryptography.SecKeyPair	Dispose	0x2050	NoInlining	Public, Final, Virtual, HideBySig, VtableLayoutMask	0x10057cad8	0x9491f515	0x1029f9f2c	0x1029f9f2c	mapped	0x1029f9f2c
System.Security.Cryptography	883	0x06000374	System.Security.Cryptography.SecKeyPair	PublicPrivatePair	0x2050	NoInlining	Assembly, Static, HideBySig	0x10057cadc	0x9491f53a	0x1029f9fc4	0x1029f9fc4	mapped	0x1029f9fc4
System.Security.Cryptography	884	0x06000375	System.Security.Cryptography.SecKeyPair	PublicOnly	0x2050	NoInlining	Assembly, Static, HideBySig	0x10057cae0	0x9491f589	0x1029fa104	0x1029fa104	mapped	0x1029fa104
System.Security.Cryptography	885	0x06000376	System.Security.Cryptography.AppleCCCryptor	.ctor	0x2050	NoInlining	Public, HideBySig, SpecialName, RTSpecialName	0x10057cae4	0x9491f5c7	0x1029fa200	0x1029fa200	mapped	0x1029fa200
System.Security.Cryptography	886	0x06000377	System.Security.Cryptography.AppleCCCryptor	Dispose	0x2050	NoInlining	Family, Final, Virtual, HideBySig	0x10057cae8	0x9491f600	0x1029fa2e8	0x1029fa2e8	mapped	0x1029fa2e8
System.Security.Cryptography	887	0x06000378	System.Security.Cryptography.AppleCCCryptor	Transform	0x2050	NoInlining	Public, Final, Virtual, HideBySig	0x10057caec	0x9491f61c	0x1029fa35c	0x1029fa35c	mapped	0x1029fa35c
System.Security.Cryptography	888	0x06000379	System.Security.Cryptography.AppleCCCryptor	TransformFinal	0x2050	NoInlining	Public, Final, Virtual, HideBySig	0x10057caf0	0x9491f63f	0x1029fa3ec	0x1029fa3ec	mapped	0x1029fa3ec
System.Security.Cryptography	889	0x0600037a	System.Security.Cryptography.AppleCCCryptor	OpenCryptor	0x2050	NoInlining	Private, HideBySig	0x10057caf4	0x9491f666	0x1029fa48c	0x1029fa48c	mapped	0x1029fa48c
System.Security.Cryptography	890	0x0600037b	System.Security.Cryptography.AppleCCCryptor	Reset	0x2050	NoInlining	Private, HideBySig	0x10057caf8	0x9491f6b3	0x1029fa5c4	0x1029fa5c4	mapped	0x1029fa5c4
System.Security.Cryptography	891	0x0600037c	System.Security.Cryptography.AppleCCCryptorLite	.ctor	0x2050	NoInlining	Public, HideBySig, SpecialName, RTSpecialName	0x10057cafc	0x9491f6d8	0x1029fa65c	0x1029fa65c	mapped	0x1029fa65c
System.Security.Cryptography	892	0x0600037d	System.Security.Cryptography.AppleCCCryptorLite	TransformFinal	0x2050	NoInlining	Public, Final, Virtual, HideBySig, VtableLayoutMask	0x10057cb00	0x9491f726	0x1029fa798	0x1029fa798	mapped	0x1029fa798
System.Security.Cryptography	893	0x0600037e	System.Security.Cryptography.AppleCCCryptorLite	Transform	0x2050	NoInlining	Public, Final, Virtual, HideBySig, VtableLayoutMask	0x10057cb04	0x9491f792	0x1029fa94c	0x1029fa94c	mapped	0x1029fa94c
System.Security.Cryptography	894	0x0600037f	System.Security.Cryptography.AppleCCCryptorLite	Dispose	0x2050	NoInlining	Public, Final, Virtual, HideBySig, VtableLayoutMask	0x10057cb08	0x9491f7ab	0x1029fa9b4	0x1029fa9b4	mapped	0x1029fa9b4
System.Security.Cryptography	895	0x06000380	System.Security.Cryptography.AppleCCCryptorLite	Reset	0x2050	NoInlining	Public, Final, Virtual, HideBySig, VtableLayoutMask	0x10057cb0c	0x9491f7c2	0x1029faa14	0x1029faa14	mapped	0x1029faa14
System.Security.Cryptography	896	0x06000381	System.Security.Cryptography.AppleCCCryptorLite	CipherUpdate	0x2050	NoInlining	Private, HideBySig	0x10057cb10	0x9491f7f3	0x1029faadc	0x1029faadc	mapped	0x1029faadc
System.Security.Cryptography	897	0x06000382	System.Security.Cryptography.AppleCCCryptorLite	GetPalChainMode	0x2050	NoInlining	Private, Static, HideBySig	0x10057cb14	0x9491f82e	0x1029fabcc	0x1029fabcc	mapped	0x1029fabcc
System.Security.Cryptography	898	0x06000383	System.Security.Cryptography.AppleCCCryptorLite	ProcessInteropError	0x2050	NoInlining	Private, Static, HideBySig	0x10057cb18	0x9491f869	0x1029facbc	0x1029facbc	mapped	0x1029facbc
System.Security.Cryptography	899	0x06000384	System.Security.Cryptography.ManagedAsnFormatter	FormatNative	0x2050	NoInlining	Family, Final, Virtual, HideBySig	0x10057cb1c	0x9491f887	0x1029fad38	0x1029fad38	mapped	0x1029fad38
System.Security.Cryptography	900	0x06000385	System.Security.Cryptography.ManagedAsnFormatter	FormatSubjectAlternativeName	0x2050	NoInlining	Private, Static, HideBySig	0x10057cb20	0x9491f8af	0x1029faddc	0x1029faddc	mapped	0x1029faddc
System.Security.Cryptography	901	0x06000386	System.Security.Cryptography.ManagedAsnFormatter	.ctor	0x2050	NoInlining	Public, HideBySig, SpecialName, RTSpecialName	0x10057cb24	0x9491fa0b	0x1029fb350	0x1029fb350	mapped	0x1029fb350
System.Security.Cryptography	902	0x06000387	System.Security.Cryptography.CapiHelper	TrimLargeIV	0x2050	NoInlining	Assembly, Static, HideBySig	0x10057cb28	0x9491fa0b	0x1029fb354	0x1029fb354	mapped	0x1029fb354
System.Security.Cryptography	903	0x06000388	System.Security.Cryptography.DESCryptoServiceProvider	.ctor	0x2050	NoInlining	Public, HideBySig, SpecialName, RTSpecialName	0x10057cb2c	0x9491fa3f	0x1029fb428	0x1029fb428	mapped	0x1029fb428
System.Security.Cryptography	904	0x06000389	System.Security.Cryptography.DESCryptoServiceProvider	get_BlockSize	0x2050	NoInlining	Public, Final, Virtual, HideBySig, SpecialName	0x10057cb30	0x9491fa5a	0x1029fb498	0x1029fb498	mapped	0x1029fb498
System.Security.Cryptography	905	0x0600038a	System.Security.Cryptography.DESCryptoServiceProvider	CreateDecryptor	0x2050	NoInlining	Public, Final, Virtual, HideBySig	0x10057cb34	0x9491fa72	0x1029fb4fc	0x1029fb4fc	mapped	0x1029fb4fc
System.Security.Cryptography	906	0x0600038b	System.Security.Cryptography.DESCryptoServiceProvider	CreateEncryptor	0x2050	NoInlining	Public, Final, Virtual, HideBySig	0x10057cb38	0x9491fa8a	0x1029fb560	0x1029fb560	mapped	0x1029fb560
System.Security.Cryptography	907	0x0600038c	System.Security.Cryptography.DESCryptoServiceProvider	CreateEncryptor	0x2050	NoInlining	Public, Final, Virtual, HideBySig	0x10057cb3c	0x9491faa2	0x1029fb5c4	0x1029fb5c4	mapped	0x1029fb5c4
System.Security.Cryptography	908	0x0600038d	System.Security.Cryptography.DESCryptoServiceProvider	CreateDecryptor	0x2050	NoInlining	Public, Final, Virtual, HideBySig	0x10057cb40	0x9491fac9	0x1029fb664	0x1029fb664	mapped	0x1029fb664
System.Security.Cryptography	909	0x0600038e	System.Security.Cryptography.DESCryptoServiceProvider	Dispose	0x2050	NoInlining	Family, Final, Virtual, HideBySig	0x10057cb44	0x9491faf0	0x1029fb704	0x1029fb704	mapped	0x1029fb704
System.Security.Cryptography	910	0x0600038f	System.Security.Cryptography.DESCryptoServiceProvider	get_FeedbackSize	0x2050	NoInlining	Public, Final, Virtual, HideBySig, SpecialName	0x10057cb48	0x9491fb18	0x1029fb7a8	0x1029fb7a8	mapped	0x1029fb7a8
System.Security.Cryptography	911	0x06000390	System.Security.Cryptography.DESCryptoServiceProvider	set_FeedbackSize	0x2050	NoInlining	Public, Final, Virtual, HideBySig, SpecialName	0x10057cb4c	0x9491fb30	0x1029fb80c	0x1029fb80c	mapped	0x1029fb80c
System.Security.Cryptography	912	0x06000391	System.Security.Cryptography.DESCryptoServiceProvider	GenerateIV	0x2050	NoInlining	Public, Final, Virtual, HideBySig	0x10057cb50	0x9491fb4a	0x1029fb878	0x1029fb878	mapped	0x1029fb878
System.Security.Cryptography	913	0x06000392	System.Security.Cryptography.DESCryptoServiceProvider	GenerateKey	0x2050	NoInlining	Public, Final, Virtual, HideBySig	0x10057cb54	0x9491fb62	0x1029fb8dc	0x1029fb8dc	mapped	0x1029fb8dc
System.Security.Cryptography	914	0x06000393	System.Security.Cryptography.DESCryptoServiceProvider	get_IV	0x2050	NoInlining	Public, Final, Virtual, HideBySig, SpecialName	0x10057cb58	0x9491fb7a	0x1029fb940	0x1029fb940	mapped	0x1029fb940
System.Security.Cryptography	915	0x06000394	System.Security.Cryptography.DESCryptoServiceProvider	set_IV	0x2050	NoInlining	Public, Final, Virtual, HideBySig, SpecialName	0x10057cb5c	0x9491fb92	0x1029fb9a4	0x1029fb9a4	mapped	0x1029fb9a4
System.Security.Cryptography	916	0x06000395	System.Security.Cryptography.DESCryptoServiceProvider	get_Key	0x2050	NoInlining	Public, Final, Virtual, HideBySig, SpecialName	0x10057cb60	0x9491fbac	0x1029fba10	0x1029fba10	mapped	0x1029fba10
System.Security.Cryptography	917	0x06000396	System.Security.Cryptography.DESCryptoServiceProvider	set_Key	0x2050	NoInlining	Public, Final, Virtual, HideBySig, SpecialName	0x10057cb64	0x9491fbc4	0x1029fba74	0x1029fba74	mapped	0x1029fba74
System.Security.Cryptography	918	0x06000397	System.Security.Cryptography.DESCryptoServiceProvider	get_KeySize	0x2050	NoInlining	Public, Final, Virtual, HideBySig, SpecialName	0x10057cb68	0x9491fbde	0x1029fbae0	0x1029fbae0	mapped	0x1029fbae0
System.Security.Cryptography	919	0x06000398	System.Security.Cryptography.DESCryptoServiceProvider	set_KeySize	0x2050	NoInlining	Public, Final, Virtual, HideBySig, SpecialName	0x10057cb6c	0x9491fbf6	0x1029fbb44	0x1029fbb44	mapped	0x1029fbb44
System.Security.Cryptography	920	0x06000399	System.Security.Cryptography.DESCryptoServiceProvider	get_LegalKeySizes	0x2050	NoInlining	Public, Final, Virtual, HideBySig, SpecialName	0x10057cb70	0x9491fc10	0x1029fbbb0	0x1029fbbb0	mapped	0x1029fbbb0
System.Security.Cryptography	921	0x0600039a	System.Security.Cryptography.DESCryptoServiceProvider	get_Mode	0x2050	NoInlining	Public, Final, Virtual, HideBySig, SpecialName	0x10057cb74	0x9491fc28	0x1029fbc14	0x1029fbc14	mapped	0x1029fbc14
System.Security.Cryptography	922	0x0600039b	System.Security.Cryptography.DESCryptoServiceProvider	get_Padding	0x2050	NoInlining	Public, Final, Virtual, HideBySig, SpecialName	0x10057cb78	0x9491fc40	0x1029fbc78	0x1029fbc78	mapped	0x1029fbc78
System.Security.Cryptography	923	0x0600039c	System.Security.Cryptography.HashProviderDispenser	CreateHashProvider	0x2050	NoInlining	Public, Static, HideBySig	0x10057cb7c	0x9491fc58	0x1029fbcdc	0x1029fbcdc	mapped	0x1029fbcdc
System.Security.Cryptography	924	0x0600039d	System.Security.Cryptography.HashProviderDispenser	CreateMacProvider	0x2050	NoInlining	Public, Static, HideBySig	0x10057cb80	0x9491fc86	0x1029fbd98	0x1029fbd98	mapped	0x1029fbd98
System.Security.Cryptography	925	0x0600039e	System.Security.Cryptography.HashProviderDispenser+OneShotHashProvider	MacData	0x2050	NoInlining	Public, Static, HideBySig	0x10057cb84	0x9491fcaa	0x1029fbe2c	0x1029fbe2c	mapped	0x1029fbe2c
System.Security.Cryptography	926	0x0600039f	System.Security.Cryptography.HashProviderDispenser+OneShotHashProvider	HashData	0x2050	NoInlining	Public, Static, HideBySig	0x10057cb88	0x9491fcd9	0x1029fbeec	0x1029fbeec	mapped	0x1029fbeec
System.Security.Cryptography	927	0x060003a0	System.Security.Cryptography.HashProviderDispenser+AppleDigestProvider	.ctor	0x2050	NoInlining	Public, HideBySig, SpecialName, RTSpecialName	0x10057cb8c	0x9491fd01	0x1029fbf90	0x1029fbf90	mapped	0x1029fbf90
System.Security.Cryptography	928	0x060003a1	System.Security.Cryptography.HashProviderDispenser+AppleDigestProvider	AppendHashData	0x2050	NoInlining	Public, Final, Virtual, HideBySig	0x10057cb90	0x9491fd24	0x1029fc020	0x1029fc020	mapped	0x1029fc020
System.Security.Cryptography	929	0x060003a2	System.Security.Cryptography.HashProviderDispenser+AppleDigestProvider	FinalizeHashAndReset	0x2050	NoInlining	Public, Final, Virtual, HideBySig	0x10057cb94	0x9491fd3f	0x1029fc090	0x1029fc090	mapped	0x1029fc090
System.Security.Cryptography	930	0x060003a3	System.Security.Cryptography.HashProviderDispenser+AppleDigestProvider	get_HashSizeInBytes	0x2050	NoInlining	Public, Final, Virtual, HideBySig, SpecialName	0x10057cb98	0x9491fd59	0x1029fc0fc	0x1029fc0fc	mapped	0x1029fc0fc
System.Security.Cryptography	931	0x060003a4	System.Security.Cryptography.HashProviderDispenser+AppleDigestProvider	Dispose	0x2050	NoInlining	Public, Final, Virtual, HideBySig	0x10057cb9c	0x9491fd67	0x1029fc138	0x1029fc138	mapped	0x1029fc138
System.Security.Cryptography	932	0x060003a5	System.Security.Cryptography.HashProviderDispenser+AppleDigestProvider	Reset	0x2050	NoInlining	Public, Final, Virtual, HideBySig	0x10057cba0	0x9491fd7f	0x1029fc19c	0x1029fc19c	mapped	0x1029fc19c
System.Security.Cryptography	933	0x060003a6	System.Security.Cryptography.HashProviderDispenser+AppleHmacProvider	.ctor	0x2050	NoInlining	Public, HideBySig, SpecialName, RTSpecialName	0x10057cba4	0x9491fd95	0x1029fc1f8	0x1029fc1f8	mapped	0x1029fc1f8
System.Security.Cryptography	934	0x060003a7	System.Security.Cryptography.HashProviderDispenser+AppleHmacProvider	AppendHashData	0x2050	NoInlining	Public, Final, Virtual, HideBySig	0x10057cba8	0x9491fdd4	0x1029fc2f8	0x1029fc2f8	mapped	0x1029fc2f8
System.Security.Cryptography	935	0x060003a8	System.Security.Cryptography.HashProviderDispenser+AppleHmacProvider	FinalizeHashAndReset	0x2050	NoInlining	Public, Final, Virtual, HideBySig	0x10057cbac	0x9491fdfb	0x1029fc398	0x1029fc398	mapped	0x1029fc398
System.Security.Cryptography	936	0x060003a9	System.Security.Cryptography.HashProviderDispenser+AppleHmacProvider	get_HashSizeInBytes	0x2050	NoInlining	Public, Final, Virtual, HideBySig, SpecialName	0x10057cbb0	0x9491fe2c	0x1029fc460	0x1029fc460	mapped	0x1029fc460
System.Security.Cryptography	937	0x060003aa	System.Security.Cryptography.HashProviderDispenser+AppleHmacProvider	Dispose	0x2050	NoInlining	Public, Final, Virtual, HideBySig	0x10057cbb4	0x9491fe3a	0x1029fc49c	0x1029fc49c	mapped	0x1029fc49c
System.Security.Cryptography	938	0x060003ab	System.Security.Cryptography.HashProviderDispenser+AppleHmacProvider	Reset	0x2050	NoInlining	Public, Final, Virtual, HideBySig	0x10057cbb8	0x9491fe54	0x1029fc508	0x1029fc508	mapped	0x1029fc508
System.Security.Cryptography	939	0x060003ac	System.Security.Cryptography.LiteHash	get_HashSizeInBytes	0x2050	NoInlining	Public, Final, Virtual, HideBySig, VtableLayoutMask, SpecialName	0x10057cbbc	0x9491fe5c	0x1029fc52c	0x1029fc52c	mapped	0x1029fc52c
System.Security.Cryptography	940	0x060003ad	System.Security.Cryptography.LiteHash	.ctor	0x2050	NoInlining	Assembly, HideBySig, SpecialName, RTSpecialName	0x10057cbc0	0x9491fe64	0x1029fc550	0x1029fc550	mapped	0x1029fc550
System.Security.Cryptography	941	0x060003ae	System.Security.Cryptography.LiteHash	Append	0x2050	NoInlining	Public, Final, Virtual, HideBySig, VtableLayoutMask	0x10057cbc4	0x9491fec4	0x1029fc6d4	0x1029fc6d4	mapped	0x1029fc6d4
System.Security.Cryptography	942	0x060003af	System.Security.Cryptography.LiteHash	Finalize	0x2050	NoInlining	Public, Final, Virtual, HideBySig, VtableLayoutMask	0x10057cbc8	0x9491fee6	0x1029fc760	0x1029fc760	mapped	0x1029fc760
System.Security.Cryptography	943	0x060003b0	System.Security.Cryptography.LiteHash	Reset	0x2050	NoInlining	Public, HideBySig	0x10057cbcc	0x9491ff07	0x1029fc7e8	0x1029fc7e8	mapped	0x1029fc7e8
System.Security.Cryptography	944	0x060003b1	System.Security.Cryptography.LiteHash	Dispose	0x2050	NoInlining	Public, Final, Virtual, HideBySig, VtableLayoutMask	0x10057cbd0	0x9491ff21	0x1029fc854	0x1029fc854	mapped	0x1029fc854
System.Security.Cryptography	945	0x060003b2	System.Security.Cryptography.LiteHmac	get_HashSizeInBytes	0x2050	NoInlining	Public, Final, Virtual, HideBySig, VtableLayoutMask, SpecialName	0x10057cbd4	0x9491ff38	0x1029fc8b4	0x1029fc8b4	mapped	0x1029fc8b4
System.Security.Cryptography	946	0x060003b3	System.Security.Cryptography.LiteHmac	.ctor	0x2050	NoInlining	Assembly, HideBySig, SpecialName, RTSpecialName	0x10057cbd8	0x9491ff40	0x1029fc8d8	0x1029fc8d8	mapped	0x1029fc8d8
System.Security.Cryptography	947	0x060003b4	System.Security.Cryptography.LiteHmac	Append	0x2050	NoInlining	Public, Final, Virtual, HideBySig, VtableLayoutMask	0x10057cbdc	0x9491ffb4	0x1029fcaac	0x1029fcaac	mapped	0x1029fcaac
System.Security.Cryptography	948	0x060003b5	System.Security.Cryptography.LiteHmac	Finalize	0x2050	NoInlining	Public, Final, Virtual, HideBySig, VtableLayoutMask	0x10057cbe0	0x9491ffd6	0x1029fcb38	0x1029fcb38	mapped	0x1029fcb38
System.Security.Cryptography	949	0x060003b6	System.Security.Cryptography.LiteHmac	Reset	0x2050	NoInlining	Public, HideBySig	0x10057cbe4	0x9491fff7	0x1029fcbc0	0x1029fcbc0	mapped	0x1029fcbc0
System.Security.Cryptography	950	0x060003b7	System.Security.Cryptography.LiteHmac	Dispose	0x2050	NoInlining	Public, Final, Virtual, HideBySig, VtableLayoutMask	0x10057cbe8	0x94920010	0x1029fcc28	0x1029fcc28	mapped	0x1029fcc28
System.Security.Cryptography	951	0x060003b8	System.Security.Cryptography.RC2CryptoServiceProvider	.ctor	0x2050	NoInlining	Public, HideBySig, SpecialName, RTSpecialName	0x10057cbec	0x94920027	0x1029fcc88	0x1029fcc88	mapped	0x1029fcc88
System.Security.Cryptography	952	0x060003b9	System.Security.Cryptography.RC2CryptoServiceProvider	get_BlockSize	0x2050	NoInlining	Public, Final, Virtual, HideBySig, SpecialName	0x10057cbf0	0x94920055	0x1029fcd44	0x1029fcd44	mapped	0x1029fcd44
System.Security.Cryptography	953	0x060003ba	System.Security.Cryptography.RC2CryptoServiceProvider	CreateDecryptor	0x2050	NoInlining	Public, Final, Virtual, HideBySig	0x10057cbf4	0x9492006d	0x1029fcda8	0x1029fcda8	mapped	0x1029fcda8
System.Security.Cryptography	954	0x060003bb	System.Security.Cryptography.RC2CryptoServiceProvider	CreateEncryptor	0x2050	NoInlining	Public, Final, Virtual, HideBySig	0x10057cbf8	0x94920085	0x1029fce0c	0x1029fce0c	mapped	0x1029fce0c
System.Security.Cryptography	955	0x060003bc	System.Security.Cryptography.RC2CryptoServiceProvider	CreateEncryptor	0x2050	NoInlining	Public, Final, Virtual, HideBySig	0x10057cbfc	0x9492009d	0x1029fce70	0x1029fce70	mapped	0x1029fce70
System.Security.Cryptography	956	0x060003bd	System.Security.Cryptography.RC2CryptoServiceProvider	CreateDecryptor	0x2050	NoInlining	Public, Final, Virtual, HideBySig	0x10057cc00	0x949200c4	0x1029fcf10	0x1029fcf10	mapped	0x1029fcf10
System.Security.Cryptography	957	0x060003be	System.Security.Cryptography.RC2CryptoServiceProvider	Dispose	0x2050	NoInlining	Family, Final, Virtual, HideBySig	0x10057cc04	0x949200eb	0x1029fcfb0	0x1029fcfb0	mapped	0x1029fcfb0
System.Security.Cryptography	958	0x060003bf	System.Security.Cryptography.RC2CryptoServiceProvider	set_EffectiveKeySize	0x2050	NoInlining	Public, Final, Virtual, HideBySig, SpecialName	0x10057cc08	0x94920113	0x1029fd054	0x1029fd054	mapped	0x1029fd054
System.Security.Cryptography	959	0x060003c0	System.Security.Cryptography.RC2CryptoServiceProvider	get_FeedbackSize	0x2050	NoInlining	Public, Final, Virtual, HideBySig, SpecialName	0x10057cc0c	0x9492012d	0x1029fd0c0	0x1029fd0c0	mapped	0x1029fd0c0
System.Security.Cryptography	960	0x060003c1	System.Security.Cryptography.RC2CryptoServiceProvider	set_FeedbackSize	0x2050	NoInlining	Public, Final, Virtual, HideBySig, SpecialName	0x10057cc10	0x94920145	0x1029fd124	0x1029fd124	mapped	0x1029fd124
System.Security.Cryptography	961	0x060003c2	System.Security.Cryptography.RC2CryptoServiceProvider	GenerateIV	0x2050	NoInlining	Public, Final, Virtual, HideBySig	0x10057cc14	0x9492015f	0x1029fd190	0x1029fd190	mapped	0x1029fd190
System.Security.Cryptography	962	0x060003c3	System.Security.Cryptography.RC2CryptoServiceProvider	GenerateKey	0x2050	NoInlining	Public, Final, Virtual, HideBySig	0x10057cc18	0x94920177	0x1029fd1f4	0x1029fd1f4	mapped	0x1029fd1f4
System.Security.Cryptography	963	0x060003c4	System.Security.Cryptography.RC2CryptoServiceProvider	get_IV	0x2050	NoInlining	Public, Final, Virtual, HideBySig, SpecialName	0x10057cc1c	0x9492018f	0x1029fd258	0x1029fd258	mapped	0x1029fd258
System.Security.Cryptography	964	0x060003c5	System.Security.Cryptography.RC2CryptoServiceProvider	set_IV	0x2050	NoInlining	Public, Final, Virtual, HideBySig, SpecialName	0x10057cc20	0x949201a7	0x1029fd2bc	0x1029fd2bc	mapped	0x1029fd2bc
System.Security.Cryptography	965	0x060003c6	System.Security.Cryptography.RC2CryptoServiceProvider	get_Key	0x2050	NoInlining	Public, Final, Virtual, HideBySig, SpecialName	0x10057cc24	0x949201c1	0x1029fd328	0x1029fd328	mapped	0x1029fd328
System.Security.Cryptography	966	0x060003c7	System.Security.Cryptography.RC2CryptoServiceProvider	set_Key	0x2050	NoInlining	Public, Final, Virtual, HideBySig, SpecialName	0x10057cc28	0x949201d9	0x1029fd38c	0x1029fd38c	mapped	0x1029fd38c
System.Security.Cryptography	967	0x060003c8	System.Security.Cryptography.RC2CryptoServiceProvider	get_KeySize	0x2050	NoInlining	Public, Final, Virtual, HideBySig, SpecialName	0x10057cc2c	0x949201f3	0x1029fd3f8	0x1029fd3f8	mapped	0x1029fd3f8
System.Security.Cryptography	968	0x060003c9	System.Security.Cryptography.RC2CryptoServiceProvider	set_KeySize	0x2050	NoInlining	Public, Final, Virtual, HideBySig, SpecialName	0x10057cc30	0x9492020b	0x1029fd45c	0x1029fd45c	mapped	0x1029fd45c
System.Security.Cryptography	969	0x060003ca	System.Security.Cryptography.RC2CryptoServiceProvider	get_LegalKeySizes	0x2050	NoInlining	Public, Final, Virtual, HideBySig, SpecialName	0x10057cc34	0x94920244	0x1029fd544	0x1029fd544	mapped	0x1029fd544
System.Security.Cryptography	970	0x060003cb	System.Security.Cryptography.RC2CryptoServiceProvider	get_Mode	0x2050	NoInlining	Public, Final, Virtual, HideBySig, SpecialName	0x10057cc38	0x9492025b	0x1029fd5a4	0x1029fd5a4	mapped	0x1029fd5a4
System.Security.Cryptography	971	0x060003cc	System.Security.Cryptography.RC2CryptoServiceProvider	get_Padding	0x2050	NoInlining	Public, Final, Virtual, HideBySig, SpecialName	0x10057cc3c	0x94920273	0x1029fd608	0x1029fd608	mapped	0x1029fd608
System.Security.Cryptography	972	0x060003cd	System.Security.Cryptography.RC2CryptoServiceProvider	.cctor	0x2050	NoInlining	Private, Static, HideBySig, SpecialName, RTSpecialName	0x10057cc40	0x9492028b	0x1029fd66c	0x1029fd66c	mapped	0x1029fd66c
System.Security.Cryptography	973	0x060003ce	System.Security.Cryptography.TripleDESCryptoServiceProvider	.ctor	0x2050	NoInlining	Public, HideBySig, SpecialName, RTSpecialName	0x10057cc44	0x949202b4	0x1029fd714	0x1029fd714	mapped	0x1029fd714
System.Security.Cryptography	974	0x060003cf	System.Security.Cryptography.TripleDESCryptoServiceProvider	get_FeedbackSize	0x2050	NoInlining	Public, Final, Virtual, HideBySig, SpecialName	0x10057cc48	0x949202cf	0x1029fd784	0x1029fd784	mapped	0x1029fd784
System.Security.Cryptography	975	0x060003d0	System.Security.Cryptography.TripleDESCryptoServiceProvider	set_FeedbackSize	0x2050	NoInlining	Public, Final, Virtual, HideBySig, SpecialName	0x10057cc4c	0x949202e7	0x1029fd7e8	0x1029fd7e8	mapped	0x1029fd7e8
System.Security.Cryptography	976	0x060003d1	System.Security.Cryptography.TripleDESCryptoServiceProvider	get_BlockSize	0x2050	NoInlining	Public, Final, Virtual, HideBySig, SpecialName	0x10057cc50	0x94920301	0x1029fd854	0x1029fd854	mapped	0x1029fd854
System.Security.Cryptography	977	0x060003d2	System.Security.Cryptography.TripleDESCryptoServiceProvider	get_IV	0x2050	NoInlining	Public, Final, Virtual, HideBySig, SpecialName	0x10057cc54	0x94920319	0x1029fd8b8	0x1029fd8b8	mapped	0x1029fd8b8
System.Security.Cryptography	978	0x060003d3	System.Security.Cryptography.TripleDESCryptoServiceProvider	set_IV	0x2050	NoInlining	Public, Final, Virtual, HideBySig, SpecialName	0x10057cc58	0x94920331	0x1029fd91c	0x1029fd91c	mapped	0x1029fd91c
System.Security.Cryptography	979	0x060003d4	System.Security.Cryptography.TripleDESCryptoServiceProvider	get_Key	0x2050	NoInlining	Public, Final, Virtual, HideBySig, SpecialName	0x10057cc5c	0x9492034b	0x1029fd988	0x1029fd988	mapped	0x1029fd988
System.Security.Cryptography	980	0x060003d5	System.Security.Cryptography.TripleDESCryptoServiceProvider	set_Key	0x2050	NoInlining	Public, Final, Virtual, HideBySig, SpecialName	0x10057cc60	0x94920363	0x1029fd9ec	0x1029fd9ec	mapped	0x1029fd9ec
System.Security.Cryptography	981	0x060003d6	System.Security.Cryptography.TripleDESCryptoServiceProvider	get_KeySize	0x2050	NoInlining	Public, Final, Virtual, HideBySig, SpecialName	0x10057cc64	0x9492037d	0x1029fda58	0x1029fda58	mapped	0x1029fda58
System.Security.Cryptography	982	0x060003d7	System.Security.Cryptography.TripleDESCryptoServiceProvider	set_KeySize	0x2050	NoInlining	Public, Final, Virtual, HideBySig, SpecialName	0x10057cc68	0x94920395	0x1029fdabc	0x1029fdabc	mapped	0x1029fdabc
System.Security.Cryptography	983	0x060003d8	System.Security.Cryptography.TripleDESCryptoServiceProvider	get_Mode	0x2050	NoInlining	Public, Final, Virtual, HideBySig, SpecialName	0x10057cc6c	0x949203af	0x1029fdb28	0x1029fdb28	mapped	0x1029fdb28
System.Security.Cryptography	984	0x060003d9	System.Security.Cryptography.TripleDESCryptoServiceProvider	get_Padding	0x2050	NoInlining	Public, Final, Virtual, HideBySig, SpecialName	0x10057cc70	0x949203c7	0x1029fdb8c	0x1029fdb8c	mapped	0x1029fdb8c
System.Security.Cryptography	985	0x060003da	System.Security.Cryptography.TripleDESCryptoServiceProvider	get_LegalKeySizes	0x2050	NoInlining	Public, Final, Virtual, HideBySig, SpecialName	0x10057cc74	0x949203df	0x1029fdbf0	0x1029fdbf0	mapped	0x1029fdbf0
System.Security.Cryptography	986	0x060003db	System.Security.Cryptography.TripleDESCryptoServiceProvider	CreateEncryptor	0x2050	NoInlining	Public, Final, Virtual, HideBySig	0x10057cc78	0x949203f7	0x1029fdc54	0x1029fdc54	mapped	0x1029fdc54
System.Security.Cryptography	987	0x060003dc	System.Security.Cryptography.TripleDESCryptoServiceProvider	CreateDecryptor	0x2050	NoInlining	Public, Final, Virtual, HideBySig	0x10057cc7c	0x9492040f	0x1029fdcb8	0x1029fdcb8	mapped	0x1029fdcb8
System.Security.Cryptography	988	0x060003dd	System.Security.Cryptography.TripleDESCryptoServiceProvider	GenerateIV	0x2050	NoInlining	Public, Final, Virtual, HideBySig	0x10057cc80	0x94920427	0x1029fdd1c	0x1029fdd1c	mapped	0x1029fdd1c
System.Security.Cryptography	989	0x060003de	System.Security.Cryptography.TripleDESCryptoServiceProvider	GenerateKey	0x2050	NoInlining	Public, Final, Virtual, HideBySig	0x10057cc84	0x9492043f	0x1029fdd80	0x1029fdd80	mapped	0x1029fdd80
System.Security.Cryptography	990	0x060003df	System.Security.Cryptography.TripleDESCryptoServiceProvider	CreateEncryptor	0x2050	NoInlining	Public, Final, Virtual, HideBySig	0x10057cc88	0x94920457	0x1029fdde4	0x1029fdde4	mapped	0x1029fdde4
System.Security.Cryptography	991	0x060003e0	System.Security.Cryptography.TripleDESCryptoServiceProvider	CreateDecryptor	0x2050	NoInlining	Public, Final, Virtual, HideBySig	0x10057cc8c	0x9492047e	0x1029fde84	0x1029fde84	mapped	0x1029fde84
System.Security.Cryptography	992	0x060003e1	System.Security.Cryptography.TripleDESCryptoServiceProvider	Dispose	0x2050	NoInlining	Family, Final, Virtual, HideBySig	0x10057cc90	0x949204a5	0x1029fdf24	0x1029fdf24	mapped	0x1029fdf24
System.Security.Cryptography	993	0x060003e2	System.Security.Cryptography.Apple.SafeDigestCtxHandle	.ctor	0x2050	NoInlining	Public, HideBySig, SpecialName, RTSpecialName	0x10057cc94	0x949204cd	0x1029fdfc8	0x1029fdfc8	mapped	0x1029fdfc8
System.Security.Cryptography	994	0x060003e3	System.Security.Cryptography.Apple.SafeDigestCtxHandle	ReleaseHandle	0x2050	NoInlining	Family, Final, Virtual, HideBySig	0x10057cc98	0x949204dc	0x1029fe008	0x1029fe008	mapped	0x1029fe008
System.Security.Cryptography	995	0x060003e4	System.Security.Cryptography.Apple.SafeDigestCtxHandle	get_IsInvalid	0x2050	NoInlining	Public, Final, Virtual, HideBySig, SpecialName	0x10057cc9c	0x949204f1	0x1029fe060	0x1029fe060	mapped	0x1029fe060
System.Security.Cryptography	996	0x060003e5	System.Security.Cryptography.Apple.SafeHmacHandle	.ctor	0x2050	NoInlining	Public, HideBySig, SpecialName, RTSpecialName	0x10057cca0	0x949204fb	0x1029fe08c	0x1029fe08c	mapped	0x1029fe08c
System.Security.Cryptography	997	0x060003e6	System.Security.Cryptography.Apple.SafeHmacHandle	ReleaseHandle	0x2050	NoInlining	Family, Final, Virtual, HideBySig	0x10057cca4	0x9492050a	0x1029fe0cc	0x1029fe0cc	mapped	0x1029fe0cc
System.Security.Cryptography	998	0x060003e7	System.Security.Cryptography.Apple.SafeHmacHandle	get_IsInvalid	0x2050	NoInlining	Public, Final, Virtual, HideBySig, SpecialName	0x10057cca8	0x9492051f	0x1029fe124	0x1029fe124	mapped	0x1029fe124
System.Security.Cryptography	999	0x060003e8	System.Security.Cryptography.Apple.SafeSecKeyRefHandle	.ctor	0x2050	NoInlining	Public, HideBySig, SpecialName, RTSpecialName	0x10057ccac	0x94920529	0x1029fe150	0x1029fe150	mapped	0x1029fe150
System.Security.Cryptography	1000	0x060003e9	System.Security.Cryptography.Apple.SafeSecKeyRefHandle	SetParentHandle	0x2050	NoInlining	Assembly, HideBySig	0x10057ccb0	0x94920538	0x1029fe190	0x1029fe190	mapped	0x1029fe190
System.Security.Cryptography	1001	0x060003ea	System.Security.Cryptography.Apple.SafeSecKeyRefHandle	ReleaseHandle	0x2050	NoInlining	Family, Final, Virtual, HideBySig	0x10057ccb4	0x94920569	0x1029fe258	0x1029fe258	mapped	0x1029fe258
System.Security.Cryptography	1002	0x060003eb	System.Security.Cryptography.Apple.SafeSecKeyRefHandle	get_IsInvalid	0x2050	NoInlining	Public, Final, Virtual, HideBySig, SpecialName	0x10057ccb8	0x94920582	0x1029fe2c0	0x1029fe2c0	mapped	0x1029fe2c0
System.Security.Cryptography	1003	0x060003ec	System.Security.Cryptography.Apple.SafeSecKeyRefHandle	Dispose	0x2050	NoInlining	Family, Final, Virtual, HideBySig	0x10057ccbc	0x9492058c	0x1029fe2ec	0x1029fe2ec	mapped	0x1029fe2ec
System.Security.Cryptography	1004	0x060003ed	System.Security.Cryptography.X509Certificates.X509IterationCountExceededException	.ctor	0x2050	NoInlining	Public, HideBySig, SpecialName, RTSpecialName	0x10057ccc0	0x949205b1	0x1029fe384	0x1029fe384	mapped	0x1029fe384
System.Security.Cryptography	1005	0x060003ee	System.Security.Cryptography.X509Certificates.CertificateExtensionsCommon	GetPublicKey	0x2050	NoInlining	Public, Static, HideBySig	0x10057ccc4	0x949205bc	0x1029fe3b4	0x1029fe3b4	mapped	0x1029fe3b4
System.Security.Cryptography	1006	0x060003ef	System.Security.Cryptography.X509Certificates.CertificateExtensionsCommon	GetExpectedOidValue	0x2050	NoInlining	Private, Static, HideBySig	0x10057ccc8	0x949206b3	0x1029fe794	0x1029fe794	mapped	0x1029fe794
System.Security.Cryptography	1007	0x060003f0	System.Security.Cryptography.X509Certificates.CertificatePal	FromHandle	0x2050	NoInlining	Assembly, Static, HideBySig	0x10057cccc	0x949206fc	0x1029fe8bc	0x1029fe8bc	mapped	0x1029fe8bc
System.Security.Cryptography	1008	0x060003f1	System.Security.Cryptography.X509Certificates.CertificatePal	FromOtherCert	0x2050	NoInlining	Assembly, Static, HideBySig	0x10057ccd0	0x9492070a	0x1029fe8f8	0x1029fe8f8	mapped	0x1029fe8f8
System.Security.Cryptography	1009	0x060003f2	System.Security.Cryptography.X509Certificates.CertificatePal	FromBlob	0x2050	NoInlining	Assembly, Static, HideBySig	0x10057ccd4	0x94920717	0x1029fe930	0x1029fe930	mapped	0x1029fe930
System.Security.Cryptography	1010	0x060003f3	System.Security.Cryptography.X509Certificates.ChainPal	ReleaseSafeX509ChainHandle	0x2050	NoInlining	Assembly, Static, HideBySig	0x10057ccd8	0x9492072c	0x1029fe988	0x1029fe988	mapped	0x1029fe988
System.Security.Cryptography	1011	0x060003f4	System.Security.Cryptography.X509Certificates.ChainPal	BuildChain	0x2050	NoInlining	Assembly, Static, HideBySig	0x10057ccdc	0x9492073a	0x1029fe9c4	0x1029fe9c4	mapped	0x1029fe9c4
System.Security.Cryptography	1012	0x060003f5	System.Security.Cryptography.X509Certificates.FindPal	OpenPal	0x2050	NoInlining	Private, Static, HideBySig	0x10057cce0	0x949207ae	0x1029feb98	0x1029feb98	mapped	0x1029feb98
System.Security.Cryptography	1013	0x060003f6	System.Security.Cryptography.X509Certificates.FindPal	FindFromCollection	0x2050	NoInlining	Public, Static, HideBySig	0x10057cce4	0x949207da	0x1029fec4c	0x1029fec4c	mapped	0x1029fec4c
System.Security.Cryptography	1014	0x060003f7	System.Security.Cryptography.X509Certificates.FindPal	ConfirmedCast	0x2050	NoInlining	Private, Static, HideBySig	0x10057cce8	0x94920947	0x1029ff204	0x1029ff204	mapped	0x1029ff204
System.Security.Cryptography	1015	0x060003f8	System.Security.Cryptography.X509Certificates.FindPal	ConfirmedOidValue	0x2050	NoInlining	Private, Static, HideBySig	0x10057ccec	0x94920983	0x1029ff2f8	0x1029ff2f8	mapped	0x1029ff2f8
System.Security.Cryptography	1016	0x060003f9	System.Security.Cryptography.X509Certificates.FindPal	ConfirmedX509KeyUsage	0x2050	NoInlining	Private, Static, HideBySig	0x10057ccf0	0x949209bf	0x1029ff3ec	0x1029ff3ec	mapped	0x1029ff3ec
System.Security.Cryptography	1017	0x060003fa	System.Security.Cryptography.X509Certificates.FindPal	ValidateOidValue	0x2050	NoInlining	Assembly, Static, HideBySig	0x10057ccf4	0x94920a35	0x1029ff5c8	0x1029ff5c8	mapped	0x1029ff5c8
System.Security.Cryptography	1018	0x060003fb	System.Security.Cryptography.X509Certificates.FindPal	LaxParseDecimalBigInteger	0x2050	NoInlining	Private, Static, HideBySig	0x10057ccf8	0x94920a9a	0x1029ff760	0x1029ff760	mapped	0x1029ff760
System.Security.Cryptography	1019	0x060003fc	System.Security.Cryptography.X509Certificates.FindPal	.cctor	0x2050	NoInlining	Private, Static, HideBySig, SpecialName, RTSpecialName	0x10057ccfc	0x94920af5	0x1029ff8d0	0x1029ff8d0	mapped	0x1029ff8d0
System.Security.Cryptography	1020	0x060003fd	System.Security.Cryptography.X509Certificates.FindPal+AppleCertificateFinder	.ctor	0x2050	NoInlining	Public, HideBySig, SpecialName, RTSpecialName	0x10057cd00	0x94920b56	0x1029ffa58	0x1029ffa58	mapped	0x1029ffa58
System.Security.Cryptography	1021	0x060003fe	System.Security.Cryptography.X509Certificates.FindPal+AppleCertificateFinder	GetSubjectPublicKeyInfo	0x2050	NoInlining	Family, Final, Virtual, HideBySig	0x10057cd04	0x94920b6b	0x1029ffab0	0x1029ffab0	mapped	0x1029ffab0
System.Security.Cryptography	1022	0x060003ff	System.Security.Cryptography.X509Certificates.FindPal+AppleCertificateFinder	CloneCertificate	0x2050	NoInlining	Family, Final, Virtual, HideBySig	0x10057cd08	0x94920ba8	0x1029ffba8	0x1029ffba8	mapped	0x1029ffba8
System.Security.Cryptography	1023	0x06000400	System.Security.Cryptography.X509Certificates.ICertificatePal	get_Version	0x0	NoInlining	Public, Virtual, HideBySig, VtableLayoutMask, Abstract, SpecialName	0x10057cd0c	0x97fffc01	0x10057bd10		absent	0x10057bd10
System.Security.Cryptography	1024	0x06000401	System.Security.Cryptography.X509Certificates.ICertificatePal	get_SubjectName	0x0	NoInlining	Public, Virtual, HideBySig, VtableLayoutMask, Abstract, SpecialName	0x10057cd10	0x97fffc00	0x10057bd10		absent	0x10057bd10
System.Security.Cryptography	1025	0x06000402	System.Security.Cryptography.X509Certificates.ICertificatePal	get_IssuerName	0x0	NoInlining	Public, Virtual, HideBySig, VtableLayoutMask, Abstract, SpecialName	0x10057cd14	0x97fffbff	0x10057bd10		absent	0x10057bd10
System.Security.Cryptography	1026	0x06000403	System.Security.Cryptography.X509Certificates.ICertificatePal	get_Extensions	0x0	NoInlining	Public, Virtual, HideBySig, VtableLayoutMask, Abstract, SpecialName	0x10057cd18	0x97fffbfe	0x10057bd10		absent	0x10057bd10
System.Security.Cryptography	1027	0x06000404	System.Security.Cryptography.X509Certificates.ICertificatePal	GetRSAPrivateKey	0x0	NoInlining	Public, Virtual, HideBySig, VtableLayoutMask, Abstract	0x10057cd1c	0x97fffbfd	0x10057bd10		absent	0x10057bd10
System.Security.Cryptography	1028	0x06000405	System.Security.Cryptography.X509Certificates.ICertificatePal	GetECDsaPrivateKey	0x0	NoInlining	Public, Virtual, HideBySig, VtableLayoutMask, Abstract	0x10057cd20	0x97fffbfc	0x10057bd10		absent	0x10057bd10
System.Security.Cryptography	1029	0x06000406	System.Security.Cryptography.X509Certificates.ICertificatePal	GetNameInfo	0x0	NoInlining	Public, Virtual, HideBySig, VtableLayoutMask, Abstract	0x10057cd24	0x97fffbfb	0x10057bd10		absent	0x10057bd10
System.Security.Cryptography	1030	0x06000407	System.Security.Cryptography.X509Certificates.ICertificatePal	AppendPrivateKeyInfo	0x0	NoInlining	Public, Virtual, HideBySig, VtableLayoutMask, Abstract	0x10057cd28	0x97fffbfa	0x10057bd10		absent	0x10057bd10
System.Security.Cryptography	1031	0x06000408	System.Security.Cryptography.X509Certificates.ICertificatePal	GetPolicyData	0x0	NoInlining	Public, Virtual, HideBySig, VtableLayoutMask, Abstract	0x10057cd2c	0x97fffbf9	0x10057bd10		absent	0x10057bd10
System.Security.Cryptography	1032	0x06000409	System.Security.Cryptography.X509Certificates.ICertificatePalCore	get_HasPrivateKey	0x0	NoInlining	Public, Virtual, HideBySig, VtableLayoutMask, Abstract, SpecialName	0x10057cd30	0x97fffbf8	0x10057bd10		absent	0x10057bd10
System.Security.Cryptography	1033	0x0600040a	System.Security.Cryptography.X509Certificates.ICertificatePalCore	get_Handle	0x0	NoInlining	Public, Virtual, HideBySig, VtableLayoutMask, Abstract, SpecialName	0x10057cd34	0x97fffbf7	0x10057bd10		absent	0x10057bd10
System.Security.Cryptography	1034	0x0600040b	System.Security.Cryptography.X509Certificates.ICertificatePalCore	get_Issuer	0x0	NoInlining	Public, Virtual, HideBySig, VtableLayoutMask, Abstract, SpecialName	0x10057cd38	0x97fffbf6	0x10057bd10		absent	0x10057bd10
System.Security.Cryptography	1035	0x0600040c	System.Security.Cryptography.X509Certificates.ICertificatePalCore	get_Subject	0x0	NoInlining	Public, Virtual, HideBySig, VtableLayoutMask, Abstract, SpecialName	0x10057cd3c	0x97fffbf5	0x10057bd10		absent	0x10057bd10
System.Security.Cryptography	1036	0x0600040d	System.Security.Cryptography.X509Certificates.ICertificatePalCore	get_Thumbprint	0x0	NoInlining	Public, Virtual, HideBySig, VtableLayoutMask, Abstract, SpecialName	0x10057cd40	0x97fffbf4	0x10057bd10		absent	0x10057bd10
System.Security.Cryptography	1037	0x0600040e	System.Security.Cryptography.X509Certificates.ICertificatePalCore	get_KeyAlgorithm	0x0	NoInlining	Public, Virtual, HideBySig, VtableLayoutMask, Abstract, SpecialName	0x10057cd44	0x97fffbf3	0x10057bd10		absent	0x10057bd10
System.Security.Cryptography	1038	0x0600040f	System.Security.Cryptography.X509Certificates.ICertificatePalCore	get_KeyAlgorithmParameters	0x0	NoInlining	Public, Virtual, HideBySig, VtableLayoutMask, Abstract, SpecialName	0x10057cd48	0x97fffbf2	0x10057bd10		absent	0x10057bd10
System.Security.Cryptography	1039	0x06000410	System.Security.Cryptography.X509Certificates.ICertificatePalCore	get_PublicKeyValue	0x0	NoInlining	Public, Virtual, HideBySig, VtableLayoutMask, Abstract, SpecialName	0x10057cd4c	0x97fffbf1	0x10057bd10		absent	0x10057bd10
System.Security.Cryptography	1040	0x06000411	System.Security.Cryptography.X509Certificates.ICertificatePalCore	get_SerialNumber	0x0	NoInlining	Public, Virtual, HideBySig, VtableLayoutMask, Abstract, SpecialName	0x10057cd50	0x97fffbf0	0x10057bd10		absent	0x10057bd10
System.Security.Cryptography	1041	0x06000412	System.Security.Cryptography.X509Certificates.ICertificatePalCore	get_SignatureAlgorithm	0x0	NoInlining	Public, Virtual, HideBySig, VtableLayoutMask, Abstract, SpecialName	0x10057cd54	0x97fffbef	0x10057bd10		absent	0x10057bd10
System.Security.Cryptography	1042	0x06000413	System.Security.Cryptography.X509Certificates.ICertificatePalCore	get_NotAfter	0x0	NoInlining	Public, Virtual, HideBySig, VtableLayoutMask, Abstract, SpecialName	0x10057cd58	0x97fffbee	0x10057bd10		absent	0x10057bd10
System.Security.Cryptography	1043	0x06000414	System.Security.Cryptography.X509Certificates.ICertificatePalCore	get_NotBefore	0x0	NoInlining	Public, Virtual, HideBySig, VtableLayoutMask, Abstract, SpecialName	0x10057cd5c	0x97fffbed	0x10057bd10		absent	0x10057bd10
System.Security.Cryptography	1044	0x06000415	System.Security.Cryptography.X509Certificates.ICertificatePalCore	get_RawData	0x0	NoInlining	Public, Virtual, HideBySig, VtableLayoutMask, Abstract, SpecialName	0x10057cd60	0x97fffbec	0x10057bd10		absent	0x10057bd10
System.Security.Cryptography	1045	0x06000416	System.Security.Cryptography.X509Certificates.IChainPal	Verify	0x0	NoInlining	Public, Virtual, HideBySig, VtableLayoutMask, Abstract	0x10057cd64	0x97fffbeb	0x10057bd10		absent	0x10057bd10
System.Security.Cryptography	1046	0x06000417	System.Security.Cryptography.X509Certificates.IChainPal	get_ChainElements	0x0	NoInlining	Public, Virtual, HideBySig, VtableLayoutMask, Abstract, SpecialName	0x10057cd68	0x97fffbea	0x10057bd10		absent	0x10057bd10
System.Security.Cryptography	1047	0x06000418	System.Security.Cryptography.X509Certificates.IChainPal	get_ChainStatus	0x0	NoInlining	Public, Virtual, HideBySig, VtableLayoutMask, Abstract, SpecialName	0x10057cd6c	0x97fffbe9	0x10057bd10		absent	0x10057bd10
System.Security.Cryptography	1048	0x06000419	System.Security.Cryptography.X509Certificates.IFindPal	NormalizeOid	0x0	NoInlining	Public, Virtual, HideBySig, VtableLayoutMask, Abstract	0x10057cd70	0x97fffbe8	0x10057bd10		absent	0x10057bd10
System.Security.Cryptography	1049	0x0600041a	System.Security.Cryptography.X509Certificates.IFindPal	FindByThumbprint	0x0	NoInlining	Public, Virtual, HideBySig, VtableLayoutMask, Abstract	0x10057cd74	0x97fffbe7	0x10057bd10		absent	0x10057bd10
System.Security.Cryptography	1050	0x0600041b	System.Security.Cryptography.X509Certificates.IFindPal	FindBySubjectName	0x0	NoInlining	Public, Virtual, HideBySig, VtableLayoutMask, Abstract	0x10057cd78	0x97fffbe6	0x10057bd10		absent	0x10057bd10
System.Security.Cryptography	1051	0x0600041c	System.Security.Cryptography.X509Certificates.IFindPal	FindBySubjectDistinguishedName	0x0	NoInlining	Public, Virtual, HideBySig, VtableLayoutMask, Abstract	0x10057cd7c	0x97fffbe5	0x10057bd10		absent	0x10057bd10
System.Security.Cryptography	1052	0x0600041d	System.Security.Cryptography.X509Certificates.IFindPal	FindByIssuerName	0x0	NoInlining	Public, Virtual, HideBySig, VtableLayoutMask, Abstract	0x10057cd80	0x97fffbe4	0x10057bd10		absent	0x10057bd10
System.Security.Cryptography	1053	0x0600041e	System.Security.Cryptography.X509Certificates.IFindPal	FindByIssuerDistinguishedName	0x0	NoInlining	Public, Virtual, HideBySig, VtableLayoutMask, Abstract	0x10057cd84	0x97fffbe3	0x10057bd10		absent	0x10057bd10
System.Security.Cryptography	1054	0x0600041f	System.Security.Cryptography.X509Certificates.IFindPal	FindBySerialNumber	0x0	NoInlining	Public, Virtual, HideBySig, VtableLayoutMask, Abstract	0x10057cd88	0x97fffbe2	0x10057bd10		absent	0x10057bd10
System.Security.Cryptography	1055	0x06000420	System.Security.Cryptography.X509Certificates.IFindPal	FindByTimeValid	0x0	NoInlining	Public, Virtual, HideBySig, VtableLayoutMask, Abstract	0x10057cd8c	0x97fffbe1	0x10057bd10		absent	0x10057bd10
System.Security.Cryptography	1056	0x06000421	System.Security.Cryptography.X509Certificates.IFindPal	FindByTimeNotYetValid	0x0	NoInlining	Public, Virtual, HideBySig, VtableLayoutMask, Abstract	0x10057cd90	0x97fffbe0	0x10057bd10		absent	0x10057bd10
System.Security.Cryptography	1057	0x06000422	System.Security.Cryptography.X509Certificates.IFindPal	FindByTimeExpired	0x0	NoInlining	Public, Virtual, HideBySig, VtableLayoutMask, Abstract	0x10057cd94	0x97fffbdf	0x10057bd10		absent	0x10057bd10
System.Security.Cryptography	1058	0x06000423	System.Security.Cryptography.X509Certificates.IFindPal	FindByTemplateName	0x0	NoInlining	Public, Virtual, HideBySig, VtableLayoutMask, Abstract	0x10057cd98	0x97fffbde	0x10057bd10		absent	0x10057bd10
System.Security.Cryptography	1059	0x06000424	System.Security.Cryptography.X509Certificates.IFindPal	FindByApplicationPolicy	0x0	NoInlining	Public, Virtual, HideBySig, VtableLayoutMask, Abstract	0x10057cd9c	0x97fffbdd	0x10057bd10		absent	0x10057bd10
System.Security.Cryptography	1060	0x06000425	System.Security.Cryptography.X509Certificates.IFindPal	FindByCertificatePolicy	0x0	NoInlining	Public, Virtual, HideBySig, VtableLayoutMask, Abstract	0x10057cda0	0x97fffbdc	0x10057bd10		absent	0x10057bd10
System.Security.Cryptography	1061	0x06000426	System.Security.Cryptography.X509Certificates.IFindPal	FindByExtension	0x0	NoInlining	Public, Virtual, HideBySig, VtableLayoutMask, Abstract	0x10057cda4	0x97fffbdb	0x10057bd10		absent	0x10057bd10
System.Security.Cryptography	1062	0x06000427	System.Security.Cryptography.X509Certificates.IFindPal	FindByKeyUsage	0x0	NoInlining	Public, Virtual, HideBySig, VtableLayoutMask, Abstract	0x10057cda8	0x97fffbda	0x10057bd10		absent	0x10057bd10
System.Security.Cryptography	1063	0x06000428	System.Security.Cryptography.X509Certificates.IFindPal	FindBySubjectKeyIdentifier	0x0	NoInlining	Public, Virtual, HideBySig, VtableLayoutMask, Abstract	0x10057cdac	0x97fffbd9	0x10057bd10		absent	0x10057bd10
System.Security.Cryptography	1064	0x06000429	System.Security.Cryptography.X509Certificates.IStorePal	CloneTo	0x0	NoInlining	Public, Virtual, HideBySig, VtableLayoutMask, Abstract	0x10057cdb0	0x97fffbd8	0x10057bd10		absent	0x10057bd10
System.Security.Cryptography	1065	0x0600042a	System.Security.Cryptography.X509Certificates.IX509Pal	DecodePublicKey	0x0	NoInlining	Public, Virtual, HideBySig, VtableLayoutMask, Abstract	0x10057cdb4	0x97fffbd7	0x10057bd10		absent	0x10057bd10
System.Security.Cryptography	1066	0x0600042b	System.Security.Cryptography.X509Certificates.IX509Pal	DecodeECDsaPublicKey	0x0	NoInlining	Public, Virtual, HideBySig, VtableLayoutMask, Abstract	0x10057cdb8	0x97fffbd6	0x10057bd10		absent	0x10057bd10
System.Security.Cryptography	1067	0x0600042c	System.Security.Cryptography.X509Certificates.IX509Pal	DecodeECDiffieHellmanPublicKey	0x0	NoInlining	Public, Virtual, HideBySig, VtableLayoutMask, Abstract	0x10057cdbc	0x97fffbd5	0x10057bd10		absent	0x10057bd10
System.Security.Cryptography	1068	0x0600042d	System.Security.Cryptography.X509Certificates.IX509Pal	X500DistinguishedNameDecode	0x0	NoInlining	Public, Virtual, HideBySig, VtableLayoutMask, Abstract	0x10057cdc0	0x97fffbd4	0x10057bd10		absent	0x10057bd10
System.Security.Cryptography	1069	0x0600042e	System.Security.Cryptography.X509Certificates.IX509Pal	X500DistinguishedNameFormat	0x0	NoInlining	Public, Virtual, HideBySig, VtableLayoutMask, Abstract	0x10057cdc4	0x97fffbd3	0x10057bd10		absent	0x10057bd10
System.Security.Cryptography	1070	0x0600042f	System.Security.Cryptography.X509Certificates.IX509Pal	DecodeX509KeyUsageExtension	0x0	NoInlining	Public, Virtual, HideBySig, VtableLayoutMask, Abstract	0x10057cdc8	0x97fffbd2	0x10057bd10		absent	0x10057bd10
System.Security.Cryptography	1071	0x06000430	System.Security.Cryptography.X509Certificates.IX509Pal	get_SupportsLegacyBasicConstraintsExtension	0x0	NoInlining	Public, Virtual, HideBySig, VtableLayoutMask, Abstract, SpecialName	0x10057cdcc	0x97fffbd1	0x10057bd10		absent	0x10057bd10
System.Security.Cryptography	1072	0x06000431	System.Security.Cryptography.X509Certificates.IX509Pal	DecodeX509EnhancedKeyUsageExtension	0x0	NoInlining	Public, Virtual, HideBySig, VtableLayoutMask, Abstract	0x10057cdd0	0x97fffbd0	0x10057bd10		absent	0x10057bd10
System.Security.Cryptography	1073	0x06000432	System.Security.Cryptography.X509Certificates.PublicKey	.ctor	0x2050	NoInlining	Public, HideBySig, SpecialName, RTSpecialName	0x10057cdd4	0x94920b9f	0x1029ffc50	0x1029ffc50	mapped	0x1029ffc50
System.Security.Cryptography	1074	0x06000433	System.Security.Cryptography.X509Certificates.PublicKey	get_EncodedKeyValue	0x2050	NoInlining	Public, HideBySig, SpecialName	0x10057cdd8	0x94920be0	0x1029ffd58	0x1029ffd58	mapped	0x1029ffd58
System.Security.Cryptography	1075	0x06000434	System.Security.Cryptography.X509Certificates.PublicKey	set_EncodedKeyValue	0x2050	NoInlining	Private, HideBySig, SpecialName	0x10057cddc	0x94920be8	0x1029ffd7c	0x1029ffd7c	mapped	0x1029ffd7c
System.Security.Cryptography	1076	0x06000435	System.Security.Cryptography.X509Certificates.PublicKey	get_EncodedParameters	0x2050	NoInlining	Public, HideBySig, SpecialName	0x10057cde0	0x94920bf7	0x1029ffdbc	0x1029ffdbc	mapped	0x1029ffdbc
System.Security.Cryptography	1077	0x06000436	System.Security.Cryptography.X509Certificates.PublicKey	set_EncodedParameters	0x2050	NoInlining	Private, HideBySig, SpecialName	0x10057cde4	0x94920bff	0x1029ffde0	0x1029ffde0	mapped	0x1029ffde0
System.Security.Cryptography	1078	0x06000437	System.Security.Cryptography.X509Certificates.PublicKey	get_Oid	0x2050	NoInlining	Public, HideBySig, SpecialName	0x10057cde8	0x94920c0e	0x1029ffe20	0x1029ffe20	mapped	0x1029ffe20
System.Security.Cryptography	1079	0x06000438	System.Security.Cryptography.X509Certificates.RSACertificateExtensions	GetRSAPublicKey	0x2050	NoInlining	Public, Static, HideBySig	0x10057cdec	0x94920c16	0x1029ffe44	0x1029ffe44	mapped	0x1029ffe44
System.Security.Cryptography	1080	0x06000439	System.Security.Cryptography.X509Certificates.StorePal	FromSystemStore	0x2050	NoInlining	Assembly, Static, HideBySig	0x10057cdf0	0x94920c31	0x1029ffeb4	0x1029ffeb4	mapped	0x1029ffeb4
System.Security.Cryptography	1081	0x0600043a	System.Security.Cryptography.X509Certificates.StorePal	ReadCollection	0x2050	NoInlining	Private, Static, HideBySig	0x10057cdf4	0x94920cc2	0x102a000fc	0x102a000fc	mapped	0x102a000fc
System.Security.Cryptography	1082	0x0600043b	System.Security.Cryptography.X509Certificates.StorePal+AppleKeychainStore	.ctor	0x2050	NoInlining	Assembly, HideBySig, SpecialName, RTSpecialName	0x10057cdf8	0x94920d47	0x102a00314	0x102a00314	mapped	0x102a00314
System.Security.Cryptography	1083	0x0600043c	System.Security.Cryptography.X509Certificates.StorePal+AppleKeychainStore	Dispose	0x2050	NoInlining	Public, Final, Virtual, HideBySig, VtableLayoutMask	0x10057cdfc	0x94920d52	0x102a00344	0x102a00344	mapped	0x102a00344
System.Security.Cryptography	1084	0x0600043d	System.Security.Cryptography.X509Certificates.StorePal+AppleKeychainStore	CloneTo	0x2050	NoInlining	Public, Final, Virtual, HideBySig, VtableLayoutMask	0x10057ce00	0x94920d52	0x102a00348	0x102a00348	mapped	0x102a00348
System.Security.Cryptography	1085	0x0600043e	System.Security.Cryptography.X509Certificates.StorePal+AppleKeychainStore	OpenDefaultKeychain	0x2050	NoInlining	Public, Static, HideBySig	0x10057ce04	0x94920df0	0x102a005c4	0x102a005c4	mapped	0x102a005c4
System.Security.Cryptography	1086	0x0600043f	System.Security.Cryptography.X509Certificates.X500DirectoryStringHelper	ReadAnyAsnString	0x2050	NoInlining	Assembly, Static, HideBySig	0x10057ce08	0x94920e0d	0x102a0063c	0x102a0063c	mapped	0x102a0063c
System.Security.Cryptography	1087	0x06000440	System.Security.Cryptography.X509Certificates.X500DistinguishedName	.ctor	0x2050	NoInlining	Public, HideBySig, SpecialName, RTSpecialName	0x10057ce0c	0x94920e42	0x102a00714	0x102a00714	mapped	0x102a00714
System.Security.Cryptography	1088	0x06000441	System.Security.Cryptography.X509Certificates.X500DistinguishedName	.ctor	0x2050	NoInlining	Public, HideBySig, SpecialName, RTSpecialName	0x10057ce10	0x94920e70	0x102a007d0	0x102a007d0	mapped	0x102a007d0
System.Security.Cryptography	1089	0x06000442	System.Security.Cryptography.X509Certificates.X500DistinguishedName	get_Name	0x2050	NoInlining	Public, HideBySig, SpecialName	0x10057ce14	0x94920ea1	0x102a00898	0x102a00898	mapped	0x102a00898
System.Security.Cryptography	1090	0x06000443	System.Security.Cryptography.X509Certificates.X500DistinguishedName	Decode	0x2050	NoInlining	Public, HideBySig	0x10057ce18	0x94920ec0	0x102a00918	0x102a00918	mapped	0x102a00918
System.Security.Cryptography	1091	0x06000444	System.Security.Cryptography.X509Certificates.X500DistinguishedName	Format	0x2050	NoInlining	Public, Final, Virtual, HideBySig	0x10057ce1c	0x94920f06	0x102a00a34	0x102a00a34	mapped	0x102a00a34
System.Security.Cryptography	1092	0x06000445	System.Security.Cryptography.X509Certificates.X500DistinguishedName	ThrowIfInvalid	0x2050	NoInlining	Private, Static, HideBySig	0x10057ce20	0x94920f37	0x102a00afc	0x102a00afc	mapped	0x102a00afc
System.Security.Cryptography	1093	0x06000446	System.Security.Cryptography.X509Certificates.X509AuthorityInformationAccessExtension	.ctor	0x2050	NoInlining	Public, HideBySig, SpecialName, RTSpecialName	0x10057ce24	0x94920f56	0x102a00b7c	0x102a00b7c	mapped	0x102a00b7c
System.Security.Cryptography	1094	0x06000447	System.Security.Cryptography.X509Certificates.X509AuthorityInformationAccessExtension	CopyFrom	0x2050	NoInlining	Public, Final, Virtual, HideBySig	0x10057ce28	0x94920f98	0x102a00c88	0x102a00c88	mapped	0x102a00c88
System.Security.Cryptography	1095	0x06000448	System.Security.Cryptography.X509Certificates.X509AuthorityKeyIdentifierExtension	.ctor	0x2050	NoInlining	Public, HideBySig, SpecialName, RTSpecialName	0x10057ce2c	0x94920fad	0x102a00ce0	0x102a00ce0	mapped	0x102a00ce0
System.Security.Cryptography	1096	0x06000449	System.Security.Cryptography.X509Certificates.X509AuthorityKeyIdentifierExtension	CopyFrom	0x2050	NoInlining	Public, Final, Virtual, HideBySig	0x10057ce30	0x94920fe2	0x102a00db8	0x102a00db8	mapped	0x102a00db8
System.Security.Cryptography	1097	0x0600044a	System.Security.Cryptography.X509Certificates.X509BasicConstraintsExtension	.ctor	0x2050	NoInlining	Public, HideBySig, SpecialName, RTSpecialName	0x10057ce34	0x94920ff7	0x102a00e10	0x102a00e10	mapped	0x102a00e10
System.Security.Cryptography	1098	0x0600044b	System.Security.Cryptography.X509Certificates.X509BasicConstraintsExtension	CopyFrom	0x2050	NoInlining	Public, Final, Virtual, HideBySig	0x10057ce38	0x9492102c	0x102a00ee8	0x102a00ee8	mapped	0x102a00ee8
System.Security.Cryptography	1099	0x0600044c	System.Security.Cryptography.X509Certificates.X509Certificate	Reset	0x2050	NoInlining	Public, Virtual, HideBySig, VtableLayoutMask	0x10057ce3c	0x94921041	0x102a00f40	0x102a00f40	mapped	0x102a00f40
System.Security.Cryptography	1100	0x0600044d	System.Security.Cryptography.X509Certificates.X509Certificate	.ctor	0x2050	NoInlining	FamANDAssem, HideBySig, SpecialName, RTSpecialName	0x10057ce40	0x94921080	0x102a01040	0x102a01040	mapped	0x102a01040
System.Security.Cryptography	1101	0x0600044e	System.Security.Cryptography.X509Certificates.X509Certificate	.ctor	0x2050	NoInlining	Public, HideBySig, SpecialName, RTSpecialName	0x10057ce44	0x949210d5	0x102a01198	0x102a01198	mapped	0x102a01198
System.Security.Cryptography	1102	0x0600044f	System.Security.Cryptography.X509Certificates.X509Certificate	.ctor	0x2050	NoInlining	Assembly, HideBySig, SpecialName, RTSpecialName	0x10057ce48	0x94921103	0x102a01254	0x102a01254	mapped	0x102a01254
System.Security.Cryptography	1103	0x06000450	System.Security.Cryptography.X509Certificates.X509Certificate	.ctor	0x2050	NoInlining	Public, HideBySig, SpecialName, RTSpecialName	0x10057ce4c	0x94921128	0x102a012ec	0x102a012ec	mapped	0x102a012ec
System.Security.Cryptography	1104	0x06000451	System.Security.Cryptography.X509Certificates.X509Certificate	System.Runtime.Serialization.ISerializable.GetObjectData	0x2050	NoInlining	Private, Final, Virtual, HideBySig, VtableLayoutMask	0x10057ce50	0x9492115e	0x102a013c8	0x102a013c8	mapped	0x102a013c8
System.Security.Cryptography	1105	0x06000452	System.Security.Cryptography.X509Certificates.X509Certificate	System.Runtime.Serialization.IDeserializationCallback.OnDeserialization	0x2050	NoInlining	Private, Final, Virtual, HideBySig, VtableLayoutMask	0x10057ce54	0x94921168	0x102a013f4	0x102a013f4	mapped	0x102a013f4
System.Security.Cryptography	1106	0x06000453	System.Security.Cryptography.X509Certificates.X509Certificate	get_Handle	0x2050	NoInlining	Public, HideBySig, SpecialName	0x10057ce58	0x94921172	0x102a01420	0x102a01420	mapped	0x102a01420
System.Security.Cryptography	1107	0x06000454	System.Security.Cryptography.X509Certificates.X509Certificate	get_Issuer	0x2050	NoInlining	Public, HideBySig, SpecialName	0x10057ce5c	0x94921195	0x102a014b0	0x102a014b0	mapped	0x102a014b0
System.Security.Cryptography	1108	0x06000455	System.Security.Cryptography.X509Certificates.X509Certificate	get_Subject	0x2050	NoInlining	Public, HideBySig, SpecialName	0x10057ce60	0x949211c8	0x102a01580	0x102a01580	mapped	0x102a01580
System.Security.Cryptography	1109	0x06000456	System.Security.Cryptography.X509Certificates.X509Certificate	Dispose	0x2050	NoInlining	Public, Final, Virtual, HideBySig, VtableLayoutMask	0x10057ce64	0x949211fb	0x102a01650	0x102a01650	mapped	0x102a01650
System.Security.Cryptography	1110	0x06000457	System.Security.Cryptography.X509Certificates.X509Certificate	Dispose	0x2050	NoInlining	Family, Final, Virtual, HideBySig, VtableLayoutMask	0x10057ce68	0x94921210	0x102a016a8	0x102a016a8	mapped	0x102a016a8
System.Security.Cryptography	1111	0x06000458	System.Security.Cryptography.X509Certificates.X509Certificate	Equals	0x2050	NoInlining	Public, Final, Virtual, HideBySig	0x10057ce6c	0x94921229	0x102a01710	0x102a01710	mapped	0x102a01710
System.Security.Cryptography	1112	0x06000459	System.Security.Cryptography.X509Certificates.X509Certificate	Equals	0x2050	NoInlining	Public, Final, Virtual, HideBySig, VtableLayoutMask	0x10057ce70	0x94921255	0x102a017c4	0x102a017c4	mapped	0x102a017c4
System.Security.Cryptography	1113	0x0600045a	System.Security.Cryptography.X509Certificates.X509Certificate	GetCertHash	0x2050	NoInlining	Public, Final, Virtual, HideBySig, VtableLayoutMask	0x10057ce74	0x9492129f	0x102a018f0	0x102a018f0	mapped	0x102a018f0
System.Security.Cryptography	1114	0x0600045b	System.Security.Cryptography.X509Certificates.X509Certificate	TryGetCertHash	0x2050	NoInlining	Public, Final, Virtual, HideBySig, VtableLayoutMask	0x10057ce78	0x949212af	0x102a01934	0x102a01934	mapped	0x102a01934
System.Security.Cryptography	1115	0x0600045c	System.Security.Cryptography.X509Certificates.X509Certificate	GetCertHashString	0x2050	NoInlining	Public, Final, Virtual, HideBySig, VtableLayoutMask	0x10057ce7c	0x949212e9	0x102a01a20	0x102a01a20	mapped	0x102a01a20
System.Security.Cryptography	1116	0x0600045d	System.Security.Cryptography.X509Certificates.X509Certificate	GetRawCertHash	0x2050	NoInlining	Private, HideBySig	0x10057ce80	0x949212f9	0x102a01a64	0x102a01a64	mapped	0x102a01a64
System.Security.Cryptography	1117	0x0600045e	System.Security.Cryptography.X509Certificates.X509Certificate	GetHashCode	0x2050	NoInlining	Public, Final, Virtual, HideBySig	0x10057ce84	0x9492132a	0x102a01b2c	0x102a01b2c	mapped	0x102a01b2c
System.Security.Cryptography	1118	0x0600045f	System.Security.Cryptography.X509Certificates.X509Certificate	GetKeyAlgorithm	0x2050	NoInlining	Public, Final, Virtual, HideBySig, VtableLayoutMask	0x10057ce88	0x9492135b	0x102a01bf4	0x102a01bf4	mapped	0x102a01bf4
System.Security.Cryptography	1119	0x06000460	System.Security.Cryptography.X509Certificates.X509Certificate	GetSerialNumber	0x2050	NoInlining	Public, Final, Virtual, HideBySig, VtableLayoutMask	0x10057ce8c	0x9492138e	0x102a01cc4	0x102a01cc4	mapped	0x102a01cc4
System.Security.Cryptography	1120	0x06000461	System.Security.Cryptography.X509Certificates.X509Certificate	GetSerialNumberString	0x2050	NoInlining	Public, Final, Virtual, HideBySig, VtableLayoutMask	0x10057ce90	0x949213ae	0x102a01d48	0x102a01d48	mapped	0x102a01d48
System.Security.Cryptography	1121	0x06000462	System.Security.Cryptography.X509Certificates.X509Certificate	GetRawSerialNumber	0x2050	NoInlining	Private, HideBySig	0x10057ce94	0x949213be	0x102a01d8c	0x102a01d8c	mapped	0x102a01d8c
System.Security.Cryptography	1122	0x06000463	System.Security.Cryptography.X509Certificates.X509Certificate	ToString	0x2050	NoInlining	Public, Virtual, HideBySig	0x10057ce98	0x949213ef	0x102a01e54	0x102a01e54	mapped	0x102a01e54
System.Security.Cryptography	1123	0x06000464	System.Security.Cryptography.X509Certificates.X509Certificate	ToString	0x2050	NoInlining	Public, Virtual, HideBySig, VtableLayoutMask	0x10057ce9c	0x94921405	0x102a01eb0	0x102a01eb0	mapped	0x102a01eb0
System.Security.Cryptography	1124	0x06000465	System.Security.Cryptography.X509Certificates.X509Certificate	get_Pal	0x2050	NoInlining	Assembly, HideBySig, SpecialName	0x10057cea0	0x9492149b	0x102a0210c	0x102a0210c	mapped	0x102a0210c
System.Security.Cryptography	1125	0x06000466	System.Security.Cryptography.X509Certificates.X509Certificate	set_Pal	0x2050	NoInlining	Private, HideBySig, SpecialName	0x10057cea4	0x949214a3	0x102a02130	0x102a02130	mapped	0x102a02130
System.Security.Cryptography	1126	0x06000467	System.Security.Cryptography.X509Certificates.X509Certificate	GetNotAfter	0x2050	NoInlining	Assembly, HideBySig	0x10057cea8	0x949214b2	0x102a02170	0x102a02170	mapped	0x102a02170
System.Security.Cryptography	1127	0x06000468	System.Security.Cryptography.X509Certificates.X509Certificate	GetNotBefore	0x2050	NoInlining	Assembly, HideBySig	0x10057ceac	0x949214e2	0x102a02234	0x102a02234	mapped	0x102a02234
System.Security.Cryptography	1128	0x06000469	System.Security.Cryptography.X509Certificates.X509Certificate	ThrowIfInvalid	0x2050	NoInlining	Assembly, HideBySig	0x10057ceb0	0x94921512	0x102a022f8	0x102a022f8	mapped	0x102a022f8
System.Security.Cryptography	1129	0x0600046a	System.Security.Cryptography.X509Certificates.X509Certificate	FormatDate	0x2050	NoInlining	Family, Static, HideBySig	0x10057ceb4	0x94921537	0x102a02390	0x102a02390	mapped	0x102a02390
System.Security.Cryptography	1130	0x0600046b	System.Security.Cryptography.X509Certificates.X509Certificate	EnforceIterationCountLimit	0x2050	NoInlining	Assembly, Static, HideBySig	0x10057ceb8	0x97ffc8f2	0x10056f280	0x10056f280	mapped	0x10056f280
System.Security.Cryptography	1131	0x0600046c	System.Security.Cryptography.X509Certificates.X509Certificate	GetIterationCount	0x2050	NoInlining	Assembly, Static, HideBySig	0x10057cebc	0x949215a3	0x102a02548	0x102a02548	mapped	0x102a02548
System.Security.Cryptography	1132	0x0600046d	System.Security.Cryptography.X509Certificates.X509Certificate2	Reset	0x2050	NoInlining	Public, Final, Virtual, HideBySig	0x10057cec0	0x94921617	0x102a0271c	0x102a0271c	mapped	0x102a0271c
System.Security.Cryptography	1133	0x0600046e	System.Security.Cryptography.X509Certificates.X509Certificate2	.ctor	0x2050	NoInlining	Public, HideBySig, SpecialName, RTSpecialName	0x10057cec4	0x9492163a	0x102a027ac	0x102a027ac	mapped	0x102a027ac
System.Security.Cryptography	1134	0x0600046f	System.Security.Cryptography.X509Certificates.X509Certificate2	.ctor	0x2050	NoInlining	Public, HideBySig, SpecialName, RTSpecialName	0x10057cec8	0x94921658	0x102a02828	0x102a02828	mapped	0x102a02828
System.Security.Cryptography	1135	0x06000470	System.Security.Cryptography.X509Certificates.X509Certificate2	.ctor	0x2050	NoInlining	Assembly, HideBySig, SpecialName, RTSpecialName	0x10057cecc	0x94921672	0x102a02894	0x102a02894	mapped	0x102a02894
System.Security.Cryptography	1136	0x06000471	System.Security.Cryptography.X509Certificates.X509Certificate2	.ctor	0x2050	NoInlining	Public, HideBySig, SpecialName, RTSpecialName	0x10057ced0	0x9492168c	0x102a02900	0x102a02900	mapped	0x102a02900
System.Security.Cryptography	1137	0x06000472	System.Security.Cryptography.X509Certificates.X509Certificate2	get_Pal	0x2050	NoInlining	Assembly, HideBySig, SpecialName	0x10057ced4	0x949216a6	0x102a0296c	0x102a0296c	mapped	0x102a0296c
System.Security.Cryptography	1138	0x06000473	System.Security.Cryptography.X509Certificates.X509Certificate2	get_Extensions	0x2050	NoInlining	Public, HideBySig, SpecialName	0x10057ced8	0x949216d0	0x102a02a18	0x102a02a18	mapped	0x102a02a18
System.Security.Cryptography	1139	0x06000474	System.Security.Cryptography.X509Certificates.X509Certificate2	get_HasPrivateKey	0x2050	NoInlining	Public, HideBySig, SpecialName	0x10057cedc	0x949217a5	0x102a02d70	0x102a02d70	mapped	0x102a02d70
System.Security.Cryptography	1140	0x06000475	System.Security.Cryptography.X509Certificates.X509Certificate2	get_IssuerName	0x2050	NoInlining	Public, HideBySig, SpecialName	0x10057cee0	0x949217df	0x102a02e5c	0x102a02e5c	mapped	0x102a02e5c
System.Security.Cryptography	1141	0x06000476	System.Security.Cryptography.X509Certificates.X509Certificate2	get_NotAfter	0x2050	NoInlining	Public, HideBySig, SpecialName	0x10057cee4	0x94921825	0x102a02f78	0x102a02f78	mapped	0x102a02f78
System.Security.Cryptography	1142	0x06000477	System.Security.Cryptography.X509Certificates.X509Certificate2	get_NotBefore	0x2050	NoInlining	Public, HideBySig, SpecialName	0x10057cee8	0x94921832	0x102a02fb0	0x102a02fb0	mapped	0x102a02fb0
System.Security.Cryptography	1143	0x06000478	System.Security.Cryptography.X509Certificates.X509Certificate2	get_PublicKey	0x2050	NoInlining	Public, HideBySig, SpecialName	0x10057ceec	0x9492183f	0x102a02fe8	0x102a02fe8	mapped	0x102a02fe8
System.Security.Cryptography	1144	0x06000479	System.Security.Cryptography.X509Certificates.X509Certificate2	get_RawData	0x2050	NoInlining	Public, HideBySig, SpecialName	0x10057cef0	0x949218d1	0x102a03234	0x102a03234	mapped	0x102a03234
System.Security.Cryptography	1145	0x0600047a	System.Security.Cryptography.X509Certificates.X509Certificate2	get_RawDataMemory	0x2050	NoInlining	Public, HideBySig, SpecialName	0x10057cef4	0x949218f0	0x102a032b4	0x102a032b4	mapped	0x102a032b4
System.Security.Cryptography	1146	0x0600047b	System.Security.Cryptography.X509Certificates.X509Certificate2	get_SerialNumber	0x2050	NoInlining	Public, HideBySig, SpecialName	0x10057cef8	0x9492194a	0x102a03420	0x102a03420	mapped	0x102a03420
System.Security.Cryptography	1147	0x0600047c	System.Security.Cryptography.X509Certificates.X509Certificate2	get_SignatureAlgorithm	0x2050	NoInlining	Public, HideBySig, SpecialName	0x10057cefc	0x94921960	0x102a0347c	0x102a0347c	mapped	0x102a0347c
System.Security.Cryptography	1148	0x0600047d	System.Security.Cryptography.X509Certificates.X509Certificate2	get_SubjectName	0x2050	NoInlining	Public, HideBySig, SpecialName	0x10057cf00	0x949219b6	0x102a035d8	0x102a035d8	mapped	0x102a035d8
System.Security.Cryptography	1149	0x0600047e	System.Security.Cryptography.X509Certificates.X509Certificate2	get_Thumbprint	0x2050	NoInlining	Public, HideBySig, SpecialName	0x10057cf04	0x949219fc	0x102a036f4	0x102a036f4	mapped	0x102a036f4
System.Security.Cryptography	1150	0x0600047f	System.Security.Cryptography.X509Certificates.X509Certificate2	get_Version	0x2050	NoInlining	Public, HideBySig, SpecialName	0x10057cf08	0x94921a12	0x102a03750	0x102a03750	mapped	0x102a03750
System.Security.Cryptography	1151	0x06000480	System.Security.Cryptography.X509Certificates.X509Certificate2	GetNameInfo	0x2050	NoInlining	Public, HideBySig	0x10057cf0c	0x94921a52	0x102a03854	0x102a03854	mapped	0x102a03854
System.Security.Cryptography	1152	0x06000481	System.Security.Cryptography.X509Certificates.X509Certificate2	ToString	0x2050	NoInlining	Public, Final, Virtual, HideBySig	0x10057cf10	0x94921a91	0x102a03954	0x102a03954	mapped	0x102a03954
System.Security.Cryptography	1153	0x06000482	System.Security.Cryptography.X509Certificates.X509Certificate2	ToString	0x2050	NoInlining	Public, Final, Virtual, HideBySig	0x10057cf14	0x97ffc9bf	0x10056f610	0x10056f610	mapped	0x10056f610
System.Security.Cryptography	1154	0x06000483	System.Security.Cryptography.X509Certificates.X509Certificate2	CreateCustomExtensionIfAny	0x2050	NoInlining	Private, Static, HideBySig	0x10057cf18	0x94921a9e	0x102a03990	0x102a03990	mapped	0x102a03990
System.Security.Cryptography	1155	0x06000484	System.Security.Cryptography.X509Certificates.X509Certificate2	CreateCustomExtensionIfAny	0x2050	NoInlining	Assembly, Static, HideBySig	0x10057cf1c	0x94921abc	0x102a03a0c	0x102a03a0c	mapped	0x102a03a0c
System.Security.Cryptography	1156	0x06000485	System.Security.Cryptography.X509Certificates.X509Certificate2	.cctor	0x2050	NoInlining	Private, Static, HideBySig, SpecialName, RTSpecialName	0x10057cf20	0x94921b61	0x102a03ca4	0x102a03ca4	mapped	0x102a03ca4
System.Security.Cryptography	1157	0x06000486	System.Security.Cryptography.X509Certificates.X509Certificate2Collection	.ctor	0x2050	NoInlining	Public, HideBySig, SpecialName, RTSpecialName	0x10057cf24	0x94921ba3	0x102a03db0	0x102a03db0	mapped	0x102a03db0
System.Security.Cryptography	1158	0x06000487	System.Security.Cryptography.X509Certificates.X509Certificate2Collection	get_Item	0x2050	NoInlining	Public, HideBySig, SpecialName	0x10057cf28	0x94921bda	0x102a03e90	0x102a03e90	mapped	0x102a03e90
System.Security.Cryptography	1159	0x06000488	System.Security.Cryptography.X509Certificates.X509Certificate2Collection	Add	0x2050	NoInlining	Public, HideBySig	0x10057cf2c	0x94921bff	0x102a03f28	0x102a03f28	mapped	0x102a03f28
System.Security.Cryptography	1160	0x06000489	System.Security.Cryptography.X509Certificates.X509Certificate2Collection	AddRange	0x2050	NoInlining	Public, HideBySig	0x10057cf30	0x94921c1d	0x102a03fa4	0x102a03fa4	mapped	0x102a03fa4
System.Security.Cryptography	1161	0x0600048a	System.Security.Cryptography.X509Certificates.X509Certificate2Collection	Find	0x2050	NoInlining	Public, HideBySig	0x10057cf34	0x94921c7c	0x102a04124	0x102a04124	mapped	0x102a04124
System.Security.Cryptography	1162	0x0600048b	System.Security.Cryptography.X509Certificates.X509Certificate2Collection	GetEnumerator	0x2050	NoInlining	Public, HideBySig	0x10057cf38	0x94921ca0	0x102a041b8	0x102a041b8	mapped	0x102a041b8
System.Security.Cryptography	1163	0x0600048c	System.Security.Cryptography.X509Certificates.X509Certificate2Collection	System.Collections.Generic.IEnumerable<System.Security.Cryptography.X509Certificates.X509Certificate2>.GetEnumerator	0x2050	NoInlining	Private, Final, Virtual, HideBySig, VtableLayoutMask	0x10057cf3c	0x94921cbe	0x102a04234	0x102a04234	mapped	0x102a04234
System.Security.Cryptography	1164	0x0600048d	System.Security.Cryptography.X509Certificates.X509Certificate2Collection	Remove	0x2050	NoInlining	Public, HideBySig	0x10057cf40	0x94921ccb	0x102a0426c	0x102a0426c	mapped	0x102a0426c
System.Security.Cryptography	1165	0x0600048e	System.Security.Cryptography.X509Certificates.X509Certificate2Enumerator	.ctor	0x2050	NoInlining	Assembly, HideBySig, SpecialName, RTSpecialName	0x10057cf44	0x94921ce9	0x102a042e8	0x102a042e8	mapped	0x102a042e8
System.Security.Cryptography	1166	0x0600048f	System.Security.Cryptography.X509Certificates.X509Certificate2Enumerator	get_Current	0x2050	NoInlining	Public, Final, Virtual, HideBySig, VtableLayoutMask, SpecialName	0x10057cf48	0x94921d17	0x102a043a4	0x102a043a4	mapped	0x102a043a4
System.Security.Cryptography	1167	0x06000490	System.Security.Cryptography.X509Certificates.X509Certificate2Enumerator	System.Collections.IEnumerator.get_Current	0x2050	NoInlining	Private, Final, Virtual, HideBySig, VtableLayoutMask, SpecialName	0x10057cf4c	0x94921d48	0x102a0446c	0x102a0446c	mapped	0x102a0446c
System.Security.Cryptography	1168	0x06000491	System.Security.Cryptography.X509Certificates.X509Certificate2Enumerator	MoveNext	0x2050	NoInlining	Public, HideBySig	0x10057cf50	0x94921d55	0x102a044a4	0x102a044a4	mapped	0x102a044a4
System.Security.Cryptography	1169	0x06000492	System.Security.Cryptography.X509Certificates.X509Certificate2Enumerator	System.Collections.IEnumerator.MoveNext	0x2050	NoInlining	Private, Final, Virtual, HideBySig, VtableLayoutMask	0x10057cf54	0x94921d7b	0x102a04540	0x102a04540	mapped	0x102a04540
System.Security.Cryptography	1170	0x06000493	System.Security.Cryptography.X509Certificates.X509Certificate2Enumerator	Reset	0x2050	NoInlining	Public, HideBySig	0x10057cf58	0x94921d88	0x102a04578	0x102a04578	mapped	0x102a04578
System.Security.Cryptography	1171	0x06000494	System.Security.Cryptography.X509Certificates.X509Certificate2Enumerator	System.Collections.IEnumerator.Reset	0x2050	NoInlining	Private, Final, Virtual, HideBySig, VtableLayoutMask	0x10057cf5c	0x94921dae	0x102a04614	0x102a04614	mapped	0x102a04614
System.Security.Cryptography	1172	0x06000495	System.Security.Cryptography.X509Certificates.X509Certificate2Enumerator	System.IDisposable.Dispose	0x2050	NoInlining	Private, Final, Virtual, HideBySig, VtableLayoutMask	0x10057cf60	0x94921dbb	0x102a0464c	0x102a0464c	mapped	0x102a0464c
System.Security.Cryptography	1173	0x06000496	System.Security.Cryptography.X509Certificates.X509CertificateCollection	.ctor	0x2050	NoInlining	Public, HideBySig, SpecialName, RTSpecialName	0x10057cf64	0x94921dbb	0x102a04650	0x102a04650	mapped	0x102a04650
System.Security.Cryptography	1174	0x06000497	System.Security.Cryptography.X509Certificates.X509CertificateCollection	.ctor	0x2050	NoInlining	Public, HideBySig, SpecialName, RTSpecialName	0x10057cf68	0x94921df2	0x102a04730	0x102a04730	mapped	0x102a04730
System.Security.Cryptography	1175	0x06000498	System.Security.Cryptography.X509Certificates.X509CertificateCollection	get_Item	0x2050	NoInlining	Public, HideBySig, SpecialName	0x10057cf6c	0x94921e2e	0x102a04824	0x102a04824	mapped	0x102a04824
System.Security.Cryptography	1176	0x06000499	System.Security.Cryptography.X509Certificates.X509CertificateCollection	Add	0x2050	NoInlining	Public, HideBySig	0x10057cf70	0x94921e60	0x102a048f0	0x102a048f0	mapped	0x102a048f0
System.Security.Cryptography	1177	0x0600049a	System.Security.Cryptography.X509Certificates.X509CertificateCollection	AddRange	0x2050	NoInlining	Public, HideBySig	0x10057cf74	0x94921e84	0x102a04984	0x102a04984	mapped	0x102a04984
System.Security.Cryptography	1178	0x0600049b	System.Security.Cryptography.X509Certificates.X509CertificateCollection	GetHashCode	0x2050	NoInlining	Public, Final, Virtual, HideBySig	0x10057cf78	0x94921ebd	0x102a04a6c	0x102a04a6c	mapped	0x102a04a6c
System.Security.Cryptography	1179	0x0600049c	System.Security.Cryptography.X509Certificates.X509CertificateCollection	Remove	0x2050	NoInlining	Public, HideBySig	0x10057cf7c	0x94921f4a	0x102a04ca4	0x102a04ca4	mapped	0x102a04ca4
System.Security.Cryptography	1180	0x0600049d	System.Security.Cryptography.X509Certificates.X509CertificateCollection	OnValidate	0x2050	NoInlining	Family, Final, Virtual, HideBySig	0x10057cf80	0x94921f6e	0x102a04d38	0x102a04d38	mapped	0x102a04d38
System.Security.Cryptography	1181	0x0600049e	System.Security.Cryptography.X509Certificates.X509Chain	.ctor	0x2050	NoInlining	Public, HideBySig, SpecialName, RTSpecialName	0x10057cf84	0x94921fa1	0x102a04e08	0x102a04e08	mapped	0x102a04e08
System.Security.Cryptography	1182	0x0600049f	System.Security.Cryptography.X509Certificates.X509Chain	get_ChainElements	0x2050	NoInlining	Public, HideBySig, SpecialName	0x10057cf88	0x94921fc8	0x102a04ea8	0x102a04ea8	mapped	0x102a04ea8
System.Security.Cryptography	1183	0x060004a0	System.Security.Cryptography.X509Certificates.X509Chain	get_ChainPolicy	0x2050	NoInlining	Public, HideBySig, SpecialName	0x10057cf8c	0x94922002	0x102a04f94	0x102a04f94	mapped	0x102a04f94
System.Security.Cryptography	1184	0x060004a1	System.Security.Cryptography.X509Certificates.X509Chain	set_ChainPolicy	0x2050	NoInlining	Public, HideBySig, SpecialName	0x10057cf90	0x9492202e	0x102a05048	0x102a05048	mapped	0x102a05048
System.Security.Cryptography	1185	0x060004a2	System.Security.Cryptography.X509Certificates.X509Chain	get_ChainStatus	0x2050	NoInlining	Public, HideBySig, SpecialName	0x10057cf94	0x94922056	0x102a050ec	0x102a050ec	mapped	0x102a050ec
System.Security.Cryptography	1186	0x060004a3	System.Security.Cryptography.X509Certificates.X509Chain	Build	0x2050	NoInlining	Public, HideBySig	0x10057cf98	0x9492208e	0x102a051d0	0x102a051d0	mapped	0x102a051d0
System.Security.Cryptography	1187	0x060004a4	System.Security.Cryptography.X509Certificates.X509Chain	Build	0x2050	NoInlining	Assembly, HideBySig	0x10057cf9c	0x97ffcdb1	0x100570660	0x100570660	mapped	0x100570660
System.Security.Cryptography	1188	0x060004a5	System.Security.Cryptography.X509Certificates.X509Chain	Dispose	0x2050	NoInlining	Public, Final, Virtual, HideBySig, VtableLayoutMask	0x10057cfa0	0x9492209d	0x102a05214	0x102a05214	mapped	0x102a05214
System.Security.Cryptography	1189	0x060004a6	System.Security.Cryptography.X509Certificates.X509Chain	Dispose	0x2050	NoInlining	Family, HideBySig	0x10057cfa4	0x949220b2	0x102a0526c	0x102a0526c	mapped	0x102a0526c
System.Security.Cryptography	1190	0x060004a7	System.Security.Cryptography.X509Certificates.X509Chain	Reset	0x2050	NoInlining	Public, HideBySig	0x10057cfa8	0x949220c4	0x102a052b8	0x102a052b8	mapped	0x102a052b8
System.Security.Cryptography	1191	0x060004a8	System.Security.Cryptography.X509Certificates.X509ChainElement	.ctor	0x2050	NoInlining	Assembly, HideBySig, SpecialName, RTSpecialName	0x10057cfac	0x949220ec	0x102a0535c	0x102a0535c	mapped	0x102a0535c
System.Security.Cryptography	1192	0x060004a9	System.Security.Cryptography.X509Certificates.X509ChainElement	get_Certificate	0x2050	NoInlining	Public, HideBySig, SpecialName	0x10057cfb0	0x94922105	0x102a053c4	0x102a053c4	mapped	0x102a053c4
System.Security.Cryptography	1193	0x060004aa	System.Security.Cryptography.X509Certificates.X509ChainElement	set_Certificate	0x2050	NoInlining	Private, HideBySig, SpecialName	0x10057cfb4	0x9492210d	0x102a053e8	0x102a053e8	mapped	0x102a053e8
System.Security.Cryptography	1194	0x060004ab	System.Security.Cryptography.X509Certificates.X509ChainElement	get_ChainElementStatus	0x2050	NoInlining	Public, HideBySig, SpecialName	0x10057cfb8	0x9492211c	0x102a05428	0x102a05428	mapped	0x102a05428
System.Security.Cryptography	1195	0x060004ac	System.Security.Cryptography.X509Certificates.X509ChainElement	set_ChainElementStatus	0x2050	NoInlining	Private, HideBySig, SpecialName	0x10057cfbc	0x94922124	0x102a0544c	0x102a0544c	mapped	0x102a0544c
System.Security.Cryptography	1196	0x060004ad	System.Security.Cryptography.X509Certificates.X509ChainElement	set_Information	0x2050	NoInlining	Private, HideBySig, SpecialName	0x10057cfc0	0x94922133	0x102a0548c	0x102a0548c	mapped	0x102a0548c
System.Security.Cryptography	1197	0x060004ae	System.Security.Cryptography.X509Certificates.X509ChainElementCollection	.ctor	0x2050	NoInlining	Assembly, HideBySig, SpecialName, RTSpecialName	0x10057cfc4	0x94922142	0x102a054cc	0x102a054cc	mapped	0x102a054cc
System.Security.Cryptography	1198	0x060004af	System.Security.Cryptography.X509Certificates.X509ChainElementCollection	.ctor	0x2050	NoInlining	Assembly, HideBySig, SpecialName, RTSpecialName	0x10057cfc8	0x9492216e	0x102a05580	0x102a05580	mapped	0x102a05580
System.Security.Cryptography	1199	0x060004b0	System.Security.Cryptography.X509Certificates.X509ChainElementCollection	get_Count	0x2050	NoInlining	Public, Final, Virtual, HideBySig, VtableLayoutMask, SpecialName	0x10057cfcc	0x9492217d	0x102a055c0	0x102a055c0	mapped	0x102a055c0
System.Security.Cryptography	1200	0x060004b1	System.Security.Cryptography.X509Certificates.X509ChainElementCollection	get_IsSynchronized	0x2050	NoInlining	Public, Final, Virtual, HideBySig, VtableLayoutMask, SpecialName	0x10057cfd0	0x94922189	0x102a055f4	0x102a055f4	mapped	0x102a055f4
System.Security.Cryptography	1201	0x060004b2	System.Security.Cryptography.X509Certificates.X509ChainElementCollection	get_SyncRoot	0x2050	NoInlining	Public, Final, Virtual, HideBySig, VtableLayoutMask, SpecialName	0x10057cfd4	0x9492218a	0x102a055fc	0x102a055fc	mapped	0x102a055fc
System.Security.Cryptography	1202	0x060004b3	System.Security.Cryptography.X509Certificates.X509ChainElementCollection	get_Item	0x2050	NoInlining	Public, HideBySig, SpecialName	0x10057cfd8	0x9492218a	0x102a05600	0x102a05600	mapped	0x102a05600
System.Security.Cryptography	1203	0x060004b4	System.Security.Cryptography.X509Certificates.X509ChainElementCollection	System.Collections.ICollection.CopyTo	0x2050	NoInlining	Private, Final, Virtual, HideBySig, VtableLayoutMask	0x10057cfdc	0x949221c6	0x102a056f4	0x102a056f4	mapped	0x102a056f4
System.Security.Cryptography	1204	0x060004b5	System.Security.Cryptography.X509Certificates.X509ChainElementCollection	GetEnumerator	0x2050	NoInlining	Public, HideBySig	0x10057cfe0	0x94922232	0x102a058a8	0x102a058a8	mapped	0x102a058a8
System.Security.Cryptography	1205	0x060004b6	System.Security.Cryptography.X509Certificates.X509ChainElementCollection	System.Collections.IEnumerable.GetEnumerator	0x2050	NoInlining	Private, Final, Virtual, HideBySig, VtableLayoutMask	0x10057cfe4	0x94922256	0x102a0593c	0x102a0593c	mapped	0x102a0593c
System.Security.Cryptography	1206	0x060004b7	System.Security.Cryptography.X509Certificates.X509ChainElementCollection	System.Collections.Generic.IEnumerable<System.Security.Cryptography.X509Certificates.X509ChainElement>.GetEnumerator	0x2050	NoInlining	Private, Final, Virtual, HideBySig, VtableLayoutMask	0x10057cfe8	0x9492227a	0x102a059d0	0x102a059d0	mapped	0x102a059d0
System.Security.Cryptography	1207	0x060004b8	System.Security.Cryptography.X509Certificates.X509ChainElementEnumerator	.ctor	0x2050	NoInlining	Assembly, HideBySig, SpecialName, RTSpecialName	0x10057cfec	0x9492229e	0x102a05a64	0x102a05a64	mapped	0x102a05a64
System.Security.Cryptography	1208	0x060004b9	System.Security.Cryptography.X509Certificates.X509ChainElementEnumerator	get_Current	0x2050	NoInlining	Public, Final, Virtual, HideBySig, VtableLayoutMask, SpecialName	0x10057cff0	0x949222af	0x102a05aac	0x102a05aac	mapped	0x102a05aac
System.Security.Cryptography	1209	0x060004ba	System.Security.Cryptography.X509Certificates.X509ChainElementEnumerator	System.Collections.IEnumerator.get_Current	0x2050	NoInlining	Private, Final, Virtual, HideBySig, VtableLayoutMask, SpecialName	0x10057cff4	0x949222c7	0x102a05b10	0x102a05b10	mapped	0x102a05b10
System.Security.Cryptography	1210	0x060004bb	System.Security.Cryptography.X509Certificates.X509ChainElementEnumerator	System.IDisposable.Dispose	0x2050	NoInlining	Private, Final, Virtual, HideBySig, VtableLayoutMask	0x10057cff8	0x949222d4	0x102a05b48	0x102a05b48	mapped	0x102a05b48
System.Security.Cryptography	1211	0x060004bc	System.Security.Cryptography.X509Certificates.X509ChainElementEnumerator	MoveNext	0x2050	NoInlining	Public, Final, Virtual, HideBySig, VtableLayoutMask	0x10057cffc	0x949222d4	0x102a05b4c	0x102a05b4c	mapped	0x102a05b4c
System.Security.Cryptography	1212	0x060004bd	System.Security.Cryptography.X509Certificates.X509ChainElementEnumerator	Reset	0x2050	NoInlining	Public, Final, Virtual, HideBySig, VtableLayoutMask	0x10057d000	0x949222ee	0x102a05bb8	0x102a05bb8	mapped	0x102a05bb8
System.Security.Cryptography	1213	0x060004be	System.Security.Cryptography.X509Certificates.X509ChainPolicy	.ctor	0x2050	NoInlining	Public, HideBySig, SpecialName, RTSpecialName	0x10057d004	0x949222f8	0x102a05be4	0x102a05be4	mapped	0x102a05be4
System.Security.Cryptography	1214	0x060004bf	System.Security.Cryptography.X509Certificates.X509ChainPolicy	get_DisableCertificateDownloads	0x2050	NoInlining	Public, HideBySig, SpecialName	0x10057d008	0x94922305	0x102a05c1c	0x102a05c1c	mapped	0x102a05c1c
System.Security.Cryptography	1215	0x060004c0	System.Security.Cryptography.X509Certificates.X509ChainPolicy	set_DisableCertificateDownloads	0x2050	NoInlining	Public, HideBySig, SpecialName	0x10057d00c	0x9492230d	0x102a05c40	0x102a05c40	mapped	0x102a05c40
System.Security.Cryptography	1216	0x060004c1	System.Security.Cryptography.X509Certificates.X509ChainPolicy	get_VerificationTimeIgnored	0x2050	NoInlining	Public, HideBySig, SpecialName	0x10057d010	0x94922315	0x102a05c64	0x102a05c64	mapped	0x102a05c64
System.Security.Cryptography	1217	0x060004c2	System.Security.Cryptography.X509Certificates.X509ChainPolicy	set_VerificationTimeIgnored	0x2050	NoInlining	Public, HideBySig, SpecialName	0x10057d014	0x9492231d	0x102a05c88	0x102a05c88	mapped	0x102a05c88
System.Security.Cryptography	1218	0x060004c3	System.Security.Cryptography.X509Certificates.X509ChainPolicy	get_ApplicationPolicy	0x2050	NoInlining	Public, HideBySig, SpecialName	0x10057d018	0x94922325	0x102a05cac	0x102a05cac	mapped	0x102a05cac
System.Security.Cryptography	1219	0x060004c4	System.Security.Cryptography.X509Certificates.X509ChainPolicy	get_CertificatePolicy	0x2050	NoInlining	Public, HideBySig, SpecialName	0x10057d01c	0x9492235f	0x102a05d98	0x102a05d98	mapped	0x102a05d98
System.Security.Cryptography	1220	0x060004c5	System.Security.Cryptography.X509Certificates.X509ChainPolicy	get_ExtraStore	0x2050	NoInlining	Public, HideBySig, SpecialName	0x10057d020	0x94922399	0x102a05e84	0x102a05e84	mapped	0x102a05e84
System.Security.Cryptography	1221	0x060004c6	System.Security.Cryptography.X509Certificates.X509ChainPolicy	get_CustomTrustStore	0x2050	NoInlining	Public, HideBySig, SpecialName	0x10057d024	0x949223dd	0x102a05f98	0x102a05f98	mapped	0x102a05f98
System.Security.Cryptography	1222	0x060004c7	System.Security.Cryptography.X509Certificates.X509ChainPolicy	get_RevocationMode	0x2050	NoInlining	Public, HideBySig, SpecialName	0x10057d028	0x94922421	0x102a060ac	0x102a060ac	mapped	0x102a060ac
System.Security.Cryptography	1223	0x060004c8	System.Security.Cryptography.X509Certificates.X509ChainPolicy	set_RevocationMode	0x2050	NoInlining	Public, HideBySig, SpecialName	0x10057d02c	0x94922429	0x102a060d0	0x102a060d0	mapped	0x102a060d0
System.Security.Cryptography	1224	0x060004c9	System.Security.Cryptography.X509Certificates.X509ChainPolicy	get_RevocationFlag	0x2050	NoInlining	Public, HideBySig, SpecialName	0x10057d030	0x94922450	0x102a06170	0x102a06170	mapped	0x102a06170
System.Security.Cryptography	1225	0x060004ca	System.Security.Cryptography.X509Certificates.X509ChainPolicy	set_RevocationFlag	0x2050	NoInlining	Public, HideBySig, SpecialName	0x10057d034	0x94922458	0x102a06194	0x102a06194	mapped	0x102a06194
System.Security.Cryptography	1226	0x060004cb	System.Security.Cryptography.X509Certificates.X509ChainPolicy	get_VerificationFlags	0x2050	NoInlining	Public, HideBySig, SpecialName	0x10057d038	0x9492247f	0x102a06234	0x102a06234	mapped	0x102a06234
System.Security.Cryptography	1227	0x060004cc	System.Security.Cryptography.X509Certificates.X509ChainPolicy	set_VerificationFlags	0x2050	NoInlining	Public, HideBySig, SpecialName	0x10057d03c	0x94922487	0x102a06258	0x102a06258	mapped	0x102a06258
System.Security.Cryptography	1228	0x060004cd	System.Security.Cryptography.X509Certificates.X509ChainPolicy	get_TrustMode	0x2050	NoInlining	Public, HideBySig, SpecialName	0x10057d040	0x949224ae	0x102a062f8	0x102a062f8	mapped	0x102a062f8
System.Security.Cryptography	1229	0x060004ce	System.Security.Cryptography.X509Certificates.X509ChainPolicy	set_TrustMode	0x2050	NoInlining	Public, HideBySig, SpecialName	0x10057d044	0x949224b6	0x102a0631c	0x102a0631c	mapped	0x102a0631c
System.Security.Cryptography	1230	0x060004cf	System.Security.Cryptography.X509Certificates.X509ChainPolicy	get_VerificationTime	0x2050	NoInlining	Public, HideBySig, SpecialName	0x10057d048	0x949224dd	0x102a063bc	0x102a063bc	mapped	0x102a063bc
System.Security.Cryptography	1231	0x060004d0	System.Security.Cryptography.X509Certificates.X509ChainPolicy	get_UrlRetrievalTimeout	0x2050	NoInlining	Public, HideBySig, SpecialName	0x10057d04c	0x949224e5	0x102a063e0	0x102a063e0	mapped	0x102a063e0
System.Security.Cryptography	1232	0x060004d1	System.Security.Cryptography.X509Certificates.X509ChainPolicy	set_UrlRetrievalTimeout	0x2050	NoInlining	Public, HideBySig, SpecialName	0x10057d050	0x949224ed	0x102a06404	0x102a06404	mapped	0x102a06404
System.Security.Cryptography	1233	0x060004d2	System.Security.Cryptography.X509Certificates.X509ChainPolicy	Reset	0x2050	NoInlining	Public, HideBySig	0x10057d054	0x949224f5	0x102a06428	0x102a06428	mapped	0x102a06428
System.Security.Cryptography	1234	0x060004d3	System.Security.Cryptography.X509Certificates.X509ChainPolicy	Clone	0x2050	NoInlining	Public, HideBySig	0x10057d058	0x9492251f	0x102a064d4	0x102a064d4	mapped	0x102a064d4
System.Security.Cryptography	1235	0x060004d4	System.Security.Cryptography.X509Certificates.X509ChainStatus	get_Status	0x2050	NoInlining	Public, HideBySig, SpecialName	0x10057d05c	0x94922639	0x102a06940	0x102a06940	mapped	0x102a06940
System.Security.Cryptography	1236	0x060004d5	System.Security.Cryptography.X509Certificates.X509ChainStatus	set_Status	0x2050	NoInlining	Public, HideBySig, SpecialName	0x10057d060	0x94922641	0x102a06964	0x102a06964	mapped	0x102a06964
System.Security.Cryptography	1237	0x060004d6	System.Security.Cryptography.X509Certificates.X509ChainStatus	set_StatusInformation	0x2050	NoInlining	Public, HideBySig, SpecialName	0x10057d064	0x94922649	0x102a06988	0x102a06988	mapped	0x102a06988
System.Security.Cryptography	1238	0x060004d7	System.Security.Cryptography.X509Certificates.X509EnhancedKeyUsageExtension	.ctor	0x2050	NoInlining	Public, HideBySig, SpecialName, RTSpecialName	0x10057d068	0x94922658	0x102a069c8	0x102a069c8	mapped	0x102a069c8
System.Security.Cryptography	1239	0x060004d8	System.Security.Cryptography.X509Certificates.X509EnhancedKeyUsageExtension	get_EnhancedKeyUsages	0x2050	NoInlining	Public, HideBySig, SpecialName	0x10057d06c	0x949226a6	0x102a06b04	0x102a06b04	mapped	0x102a06b04
System.Security.Cryptography	1240	0x060004d9	System.Security.Cryptography.X509Certificates.X509EnhancedKeyUsageExtension	CopyFrom	0x2050	NoInlining	Public, Final, Virtual, HideBySig	0x10057d070	0x94922718	0x102a06cd0	0x102a06cd0	mapped	0x102a06cd0
System.Security.Cryptography	1241	0x060004da	System.Security.Cryptography.X509Certificates.X509Extension	.ctor	0x2050	NoInlining	Public, HideBySig, SpecialName, RTSpecialName	0x10057d074	0x9492272d	0x102a06d28	0x102a06d28	mapped	0x102a06d28
System.Security.Cryptography	1242	0x060004db	System.Security.Cryptography.X509Certificates.X509Extension	.ctor	0x2050	NoInlining	Public, HideBySig, SpecialName, RTSpecialName	0x10057d078	0x9492275e	0x102a06df0	0x102a06df0	mapped	0x102a06df0
System.Security.Cryptography	1243	0x060004dc	System.Security.Cryptography.X509Certificates.X509Extension	get_Critical	0x2050	NoInlining	Public, HideBySig, SpecialName	0x10057d07c	0x94922790	0x102a06ebc	0x102a06ebc	mapped	0x102a06ebc
System.Security.Cryptography	1244	0x060004dd	System.Security.Cryptography.X509Certificates.X509Extension	set_Critical	0x2050	NoInlining	Public, HideBySig, SpecialName	0x10057d080	0x94922798	0x102a06ee0	0x102a06ee0	mapped	0x102a06ee0
System.Security.Cryptography	1245	0x060004de	System.Security.Cryptography.X509Certificates.X509Extension	CopyFrom	0x2050	NoInlining	Public, Virtual, HideBySig	0x10057d084	0x949227a0	0x102a06f04	0x102a06f04	mapped	0x102a06f04
System.Security.Cryptography	1246	0x060004df	System.Security.Cryptography.X509Certificates.X509Extension	.ctor	0x2050	NoInlining	Assembly, HideBySig, SpecialName, RTSpecialName	0x10057d088	0x949227d9	0x102a06fec	0x102a06fec	mapped	0x102a06fec
System.Security.Cryptography	1247	0x060004e0	System.Security.Cryptography.X509Certificates.X509ExtensionCollection	.ctor	0x2050	NoInlining	Public, HideBySig, SpecialName, RTSpecialName	0x10057d08c	0x9492280b	0x102a070b8	0x102a070b8	mapped	0x102a070b8
System.Security.Cryptography	1248	0x060004e1	System.Security.Cryptography.X509Certificates.X509ExtensionCollection	get_Count	0x2050	NoInlining	Public, Final, Virtual, HideBySig, VtableLayoutMask, SpecialName	0x10057d090	0x9492283a	0x102a07178	0x102a07178	mapped	0x102a07178
System.Security.Cryptography	1249	0x060004e2	System.Security.Cryptography.X509Certificates.X509ExtensionCollection	get_IsSynchronized	0x2050	NoInlining	Public, Final, Virtual, HideBySig, VtableLayoutMask, SpecialName	0x10057d094	0x94922846	0x102a071ac	0x102a071ac	mapped	0x102a071ac
System.Security.Cryptography	1250	0x060004e3	System.Security.Cryptography.X509Certificates.X509ExtensionCollection	get_SyncRoot	0x2050	NoInlining	Public, Final, Virtual, HideBySig, VtableLayoutMask, SpecialName	0x10057d098	0x94922847	0x102a071b4	0x102a071b4	mapped	0x102a071b4
System.Security.Cryptography	1251	0x060004e4	System.Security.Cryptography.X509Certificates.X509ExtensionCollection	get_Item	0x2050	NoInlining	Public, HideBySig, SpecialName	0x10057d09c	0x94922847	0x102a071b8	0x102a071b8	mapped	0x102a071b8
System.Security.Cryptography	1252	0x060004e5	System.Security.Cryptography.X509Certificates.X509ExtensionCollection	Add	0x2050	NoInlining	Public, HideBySig	0x10057d0a0	0x9492288d	0x102a072d4	0x102a072d4	mapped	0x102a072d4
System.Security.Cryptography	1253	0x060004e6	System.Security.Cryptography.X509Certificates.X509ExtensionCollection	System.Collections.ICollection.CopyTo	0x2050	NoInlining	Private, Final, Virtual, HideBySig, VtableLayoutMask	0x10057d0a4	0x949228cf	0x102a073e0	0x102a073e0	mapped	0x102a073e0
System.Security.Cryptography	1254	0x060004e7	System.Security.Cryptography.X509Certificates.X509ExtensionCollection	GetEnumerator	0x2050	NoInlining	Public, HideBySig	0x10057d0a8	0x9492293b	0x102a07594	0x102a07594	mapped	0x102a07594
System.Security.Cryptography	1255	0x060004e8	System.Security.Cryptography.X509Certificates.X509ExtensionCollection	System.Collections.IEnumerable.GetEnumerator	0x2050	NoInlining	Private, Final, Virtual, HideBySig, VtableLayoutMask	0x10057d0ac	0x9492295f	0x102a07628	0x102a07628	mapped	0x102a07628
System.Security.Cryptography	1256	0x060004e9	System.Security.Cryptography.X509Certificates.X509ExtensionCollection	System.Collections.Generic.IEnumerable<System.Security.Cryptography.X509Certificates.X509Extension>.GetEnumerator	0x2050	NoInlining	Private, Final, Virtual, HideBySig, VtableLayoutMask	0x10057d0b0	0x94922983	0x102a076bc	0x102a076bc	mapped	0x102a076bc
System.Security.Cryptography	1257	0x060004ea	System.Security.Cryptography.X509Certificates.X509ExtensionEnumerator	.ctor	0x2050	NoInlining	Assembly, HideBySig, SpecialName, RTSpecialName	0x10057d0b4	0x949229a7	0x102a07750	0x102a07750	mapped	0x102a07750
System.Security.Cryptography	1258	0x060004eb	System.Security.Cryptography.X509Certificates.X509ExtensionEnumerator	get_Current	0x2050	NoInlining	Public, Final, Virtual, HideBySig, VtableLayoutMask, SpecialName	0x10057d0b8	0x949229b8	0x102a07798	0x102a07798	mapped	0x102a07798
System.Security.Cryptography	1259	0x060004ec	System.Security.Cryptography.X509Certificates.X509ExtensionEnumerator	System.Collections.IEnumerator.get_Current	0x2050	NoInlining	Private, Final, Virtual, HideBySig, VtableLayoutMask, SpecialName	0x10057d0bc	0x949229d0	0x102a077fc	0x102a077fc	mapped	0x102a077fc
System.Security.Cryptography	1260	0x060004ed	System.Security.Cryptography.X509Certificates.X509ExtensionEnumerator	MoveNext	0x2050	NoInlining	Public, Final, Virtual, HideBySig, VtableLayoutMask	0x10057d0c0	0x949229dd	0x102a07834	0x102a07834	mapped	0x102a07834
System.Security.Cryptography	1261	0x060004ee	System.Security.Cryptography.X509Certificates.X509ExtensionEnumerator	Reset	0x2050	NoInlining	Public, Final, Virtual, HideBySig, VtableLayoutMask	0x10057d0c4	0x949229f7	0x102a078a0	0x102a078a0	mapped	0x102a078a0
System.Security.Cryptography	1262	0x060004ef	System.Security.Cryptography.X509Certificates.X509ExtensionEnumerator	System.IDisposable.Dispose	0x2050	NoInlining	Private, Final, Virtual, HideBySig, VtableLayoutMask	0x10057d0c8	0x94922a01	0x102a078cc	0x102a078cc	mapped	0x102a078cc
System.Security.Cryptography	1263	0x060004f0	System.Security.Cryptography.X509Certificates.X509KeyUsageExtension	.ctor	0x2050	NoInlining	Public, HideBySig, SpecialName, RTSpecialName	0x10057d0cc	0x94922a01	0x102a078d0	0x102a078d0	mapped	0x102a078d0
System.Security.Cryptography	1264	0x060004f1	System.Security.Cryptography.X509Certificates.X509KeyUsageExtension	get_KeyUsages	0x2050	NoInlining	Public, HideBySig, SpecialName	0x10057d0d0	0x94922a36	0x102a079a8	0x102a079a8	mapped	0x102a079a8
System.Security.Cryptography	1265	0x060004f2	System.Security.Cryptography.X509Certificates.X509KeyUsageExtension	CopyFrom	0x2050	NoInlining	Public, Final, Virtual, HideBySig	0x10057d0d4	0x94922a6b	0x102a07a80	0x102a07a80	mapped	0x102a07a80
System.Security.Cryptography	1266	0x060004f3	System.Security.Cryptography.X509Certificates.X509Pal	get_Instance	0x2050	NoInlining	Assembly, Static, HideBySig, SpecialName	0x10057d0d8	0x94922a80	0x102a07ad8	0x102a07ad8	mapped	0x102a07ad8
System.Security.Cryptography	1267	0x060004f4	System.Security.Cryptography.X509Certificates.X509Pal	BuildSingleton	0x2050	NoInlining	Private, Static, HideBySig	0x10057d0dc	0x94922a90	0x102a07b1c	0x102a07b1c	mapped	0x102a07b1c
System.Security.Cryptography	1268	0x060004f5	System.Security.Cryptography.X509Certificates.X509Pal	.cctor	0x2050	NoInlining	Private, Static, HideBySig, SpecialName, RTSpecialName	0x10057d0e0	0x94922aa7	0x102a07b7c	0x102a07b7c	mapped	0x102a07b7c
System.Security.Cryptography	1269	0x060004f6	System.Security.Cryptography.X509Certificates.X509Pal+AppleX509Pal	DecodeECDsaPublicKey	0x2050	NoInlining	Public, Final, Virtual, HideBySig, VtableLayoutMask	0x10057d0e4	0x94922ac2	0x102a07bec	0x102a07bec	mapped	0x102a07bec
System.Security.Cryptography	1270	0x060004f7	System.Security.Cryptography.X509Certificates.X509Pal+AppleX509Pal	DecodeECDiffieHellmanPublicKey	0x2050	NoInlining	Public, Final, Virtual, HideBySig, VtableLayoutMask	0x10057d0e8	0x94922ae3	0x102a07c74	0x102a07c74	mapped	0x102a07c74
System.Security.Cryptography	1271	0x060004f8	System.Security.Cryptography.X509Certificates.X509Pal+AppleX509Pal	DecodeECPublicKey	0x2050	NoInlining	Private, Static, HideBySig	0x10057d0ec	0x94922b04	0x102a07cfc	0x102a07cfc	mapped	0x102a07cfc
System.Security.Cryptography	1272	0x060004f9	System.Security.Cryptography.X509Certificates.X509Pal+AppleX509Pal	X500DistinguishedNameDecode	0x2050	NoInlining	Public, Final, Virtual, HideBySig, VtableLayoutMask	0x10057d0f0	0x94922b4e	0x102a07e28	0x102a07e28	mapped	0x102a07e28
System.Security.Cryptography	1273	0x060004fa	System.Security.Cryptography.X509Certificates.X509Pal+AppleX509Pal	X500DistinguishedNameFormat	0x2050	NoInlining	Public, Final, Virtual, HideBySig, VtableLayoutMask	0x10057d0f4	0x94922b5f	0x102a07e70	0x102a07e70	mapped	0x102a07e70
System.Security.Cryptography	1274	0x060004fb	System.Security.Cryptography.X509Certificates.X509Pal+AppleX509Pal	DecodePublicKey	0x2050	NoInlining	Public, Final, Virtual, HideBySig, VtableLayoutMask	0x10057d0f8	0x94922b75	0x102a07ecc	0x102a07ecc	mapped	0x102a07ecc
System.Security.Cryptography	1275	0x060004fc	System.Security.Cryptography.X509Certificates.X509Pal+AppleX509Pal	.ctor	0x2050	NoInlining	Public, HideBySig, SpecialName, RTSpecialName	0x10057d0fc	0x94922bdd	0x102a08070	0x102a08070	mapped	0x102a08070
System.Security.Cryptography	1276	0x060004fd	System.Security.Cryptography.X509Certificates.X509Store	.ctor	0x2050	NoInlining	Public, HideBySig, SpecialName, RTSpecialName	0x10057d100	0x94922bdd	0x102a08074	0x102a08074	mapped	0x102a08074
System.Security.Cryptography	1277	0x060004fe	System.Security.Cryptography.X509Certificates.X509Store	get_Location	0x2050	NoInlining	Public, HideBySig, SpecialName	0x10057d104	0x94922c2b	0x102a081b0	0x102a081b0	mapped	0x102a081b0
System.Security.Cryptography	1278	0x060004ff	System.Security.Cryptography.X509Certificates.X509Store	set_Location	0x2050	NoInlining	Private, HideBySig, SpecialName	0x10057d108	0x94922c33	0x102a081d4	0x102a081d4	mapped	0x102a081d4
System.Security.Cryptography	1279	0x06000500	System.Security.Cryptography.X509Certificates.X509Store	get_Name	0x2050	NoInlining	Public, HideBySig, SpecialName	0x10057d10c	0x94922c3b	0x102a081f8	0x102a081f8	mapped	0x102a081f8
System.Security.Cryptography	1280	0x06000501	System.Security.Cryptography.X509Certificates.X509Store	set_Name	0x2050	NoInlining	Private, HideBySig, SpecialName	0x10057d110	0x94922c43	0x102a0821c	0x102a0821c	mapped	0x102a0821c
System.Security.Cryptography	1281	0x06000502	System.Security.Cryptography.X509Certificates.X509Store	Open	0x2050	NoInlining	Public, HideBySig	0x10057d114	0x94922c52	0x102a0825c	0x102a0825c	mapped	0x102a0825c
System.Security.Cryptography	1282	0x06000503	System.Security.Cryptography.X509Certificates.X509Store	get_Certificates	0x2050	NoInlining	Public, HideBySig, SpecialName	0x10057d118	0x94922c70	0x102a082d8	0x102a082d8	mapped	0x102a082d8
System.Security.Cryptography	1283	0x06000504	System.Security.Cryptography.X509Certificates.X509Store	Dispose	0x2050	NoInlining	Public, Final, Virtual, HideBySig, VtableLayoutMask	0x10057d11c	0x94922cb5	0x102a083f0	0x102a083f0	mapped	0x102a083f0
System.Security.Cryptography	1284	0x06000505	System.Security.Cryptography.X509Certificates.X509Store	Close	0x2050	NoInlining	Public, HideBySig	0x10057d120	0x94922cc2	0x102a08428	0x102a08428	mapped	0x102a08428
System.Security.Cryptography	1285	0x06000506	System.Security.Cryptography.X509Certificates.X509SubjectAlternativeNameExtension	.ctor	0x2050	NoInlining	Public, HideBySig, SpecialName, RTSpecialName	0x10057d124	0x94922ce6	0x102a084bc	0x102a084bc	mapped	0x102a084bc
System.Security.Cryptography	1286	0x06000507	System.Security.Cryptography.X509Certificates.X509SubjectAlternativeNameExtension	CopyFrom	0x2050	NoInlining	Public, Final, Virtual, HideBySig	0x10057d128	0x94922d28	0x102a085c8	0x102a085c8	mapped	0x102a085c8
System.Security.Cryptography	1287	0x06000508	System.Security.Cryptography.X509Certificates.X509SubjectKeyIdentifierExtension	.ctor	0x2050	NoInlining	Public, HideBySig, SpecialName, RTSpecialName	0x10057d12c	0x94922d3d	0x102a08620	0x102a08620	mapped	0x102a08620
System.Security.Cryptography	1288	0x06000509	System.Security.Cryptography.X509Certificates.X509SubjectKeyIdentifierExtension	CopyFrom	0x2050	NoInlining	Public, Final, Virtual, HideBySig	0x10057d130	0x94922d72	0x102a086f8	0x102a086f8	mapped	0x102a086f8
System.Security.Cryptography	1289	0x0600050a	System.Security.Cryptography.X509Certificates.AppleCertificatePal	FromHandle	0x2050	NoInlining	Public, Static, HideBySig	0x10057d134	0x94922d87	0x102a08750	0x102a08750	mapped	0x102a08750
System.Security.Cryptography	1290	0x0600050b	System.Security.Cryptography.X509Certificates.AppleCertificatePal	FromHandle	0x2050	NoInlining	Assembly, Static, HideBySig	0x10057d138	0x94922da0	0x102a087b8	0x102a087b8	mapped	0x102a087b8
System.Security.Cryptography	1291	0x0600050c	System.Security.Cryptography.X509Certificates.AppleCertificatePal	FromOtherCert	0x2050	NoInlining	Public, Static, HideBySig	0x10057d13c	0x94922e11	0x102a08980	0x102a08980	mapped	0x102a08980
System.Security.Cryptography	1292	0x0600050d	System.Security.Cryptography.X509Certificates.AppleCertificatePal	.ctor	0x2050	NoInlining	Assembly, HideBySig, SpecialName, RTSpecialName	0x10057d140	0x94922e34	0x102a08a10	0x102a08a10	mapped	0x102a08a10
System.Security.Cryptography	1293	0x0600050e	System.Security.Cryptography.X509Certificates.AppleCertificatePal	.ctor	0x2050	NoInlining	Assembly, HideBySig, SpecialName, RTSpecialName	0x10057d144	0x94922e52	0x102a08a8c	0x102a08a8c	mapped	0x102a08a8c
System.Security.Cryptography	1294	0x0600050f	System.Security.Cryptography.X509Certificates.AppleCertificatePal	Dispose	0x2050	NoInlining	Public, Final, Virtual, HideBySig, VtableLayoutMask	0x10057d148	0x94922e7d	0x102a08b3c	0x102a08b3c	mapped	0x102a08b3c
System.Security.Cryptography	1295	0x06000510	System.Security.Cryptography.X509Certificates.AppleCertificatePal	get_CertificateHandle	0x2050	NoInlining	Assembly, HideBySig, SpecialName	0x10057d14c	0x94922e95	0x102a08ba0	0x102a08ba0	mapped	0x102a08ba0
System.Security.Cryptography	1296	0x06000511	System.Security.Cryptography.X509Certificates.AppleCertificatePal	get_HasPrivateKey	0x2050	NoInlining	Public, Final, Virtual, HideBySig, VtableLayoutMask, SpecialName	0x10057d150	0x94922e9d	0x102a08bc4	0x102a08bc4	mapped	0x102a08bc4
System.Security.Cryptography	1297	0x06000512	System.Security.Cryptography.X509Certificates.AppleCertificatePal	get_Handle	0x2050	NoInlining	Public, Final, Virtual, HideBySig, VtableLayoutMask, SpecialName	0x10057d154	0x94922eb5	0x102a08c28	0x102a08c28	mapped	0x102a08c28
System.Security.Cryptography	1298	0x06000513	System.Security.Cryptography.X509Certificates.AppleCertificatePal	get_Issuer	0x2050	NoInlining	Public, Final, Virtual, HideBySig, VtableLayoutMask, SpecialName	0x10057d158	0x94922ed6	0x102a08cb0	0x102a08cb0	mapped	0x102a08cb0
System.Security.Cryptography	1299	0x06000514	System.Security.Cryptography.X509Certificates.AppleCertificatePal	get_Subject	0x2050	NoInlining	Public, Final, Virtual, HideBySig, VtableLayoutMask, SpecialName	0x10057d15c	0x94922eef	0x102a08d18	0x102a08d18	mapped	0x102a08d18
System.Security.Cryptography	1300	0x06000515	System.Security.Cryptography.X509Certificates.AppleCertificatePal	get_KeyAlgorithm	0x2050	NoInlining	Public, Final, Virtual, HideBySig, VtableLayoutMask, SpecialName	0x10057d160	0x94922f08	0x102a08d80	0x102a08d80	mapped	0x102a08d80
System.Security.Cryptography	1301	0x06000516	System.Security.Cryptography.X509Certificates.AppleCertificatePal	get_KeyAlgorithmParameters	0x2050	NoInlining	Public, Final, Virtual, HideBySig, VtableLayoutMask, SpecialName	0x10057d164	0x94922f1d	0x102a08dd8	0x102a08dd8	mapped	0x102a08dd8
System.Security.Cryptography	1302	0x06000517	System.Security.Cryptography.X509Certificates.AppleCertificatePal	get_PublicKeyValue	0x2050	NoInlining	Public, Final, Virtual, HideBySig, VtableLayoutMask, SpecialName	0x10057d168	0x94922f33	0x102a08e34	0x102a08e34	mapped	0x102a08e34
System.Security.Cryptography	1303	0x06000518	System.Security.Cryptography.X509Certificates.AppleCertificatePal	get_SerialNumber	0x2050	NoInlining	Public, Final, Virtual, HideBySig, VtableLayoutMask, SpecialName	0x10057d16c	0x94922f48	0x102a08e8c	0x102a08e8c	mapped	0x102a08e8c
System.Security.Cryptography	1304	0x06000519	System.Security.Cryptography.X509Certificates.AppleCertificatePal	get_SignatureAlgorithm	0x2050	NoInlining	Public, Final, Virtual, HideBySig, VtableLayoutMask, SpecialName	0x10057d170	0x94922f5d	0x102a08ee4	0x102a08ee4	mapped	0x102a08ee4
System.Security.Cryptography	1305	0x0600051a	System.Security.Cryptography.X509Certificates.AppleCertificatePal	get_Version	0x2050	NoInlining	Public, Final, Virtual, HideBySig, VtableLayoutMask, SpecialName	0x10057d174	0x94922f72	0x102a08f3c	0x102a08f3c	mapped	0x102a08f3c
System.Security.Cryptography	1306	0x0600051b	System.Security.Cryptography.X509Certificates.AppleCertificatePal	get_SubjectName	0x2050	NoInlining	Public, Final, Virtual, HideBySig, VtableLayoutMask, SpecialName	0x10057d178	0x94922f8c	0x102a08fa8	0x102a08fa8	mapped	0x102a08fa8
System.Security.Cryptography	1307	0x0600051c	System.Security.Cryptography.X509Certificates.AppleCertificatePal	get_IssuerName	0x2050	NoInlining	Public, Final, Virtual, HideBySig, VtableLayoutMask, SpecialName	0x10057d17c	0x94922fa5	0x102a09010	0x102a09010	mapped	0x102a09010
System.Security.Cryptography	1308	0x0600051d	System.Security.Cryptography.X509Certificates.AppleCertificatePal	GetPolicyData	0x2050	NoInlining	Public, Final, Virtual, HideBySig, VtableLayoutMask	0x10057d180	0x94922fbe	0x102a09078	0x102a09078	mapped	0x102a09078
System.Security.Cryptography	1309	0x0600051e	System.Security.Cryptography.X509Certificates.AppleCertificatePal	get_Extensions	0x2050	NoInlining	Public, Final, Virtual, HideBySig, VtableLayoutMask, SpecialName	0x10057d184	0x9492307c	0x102a09374	0x102a09374	mapped	0x102a09374
System.Security.Cryptography	1310	0x0600051f	System.Security.Cryptography.X509Certificates.AppleCertificatePal	get_RawData	0x2050	NoInlining	Public, Final, Virtual, HideBySig, VtableLayoutMask, SpecialName	0x10057d188	0x94923095	0x102a093dc	0x102a093dc	mapped	0x102a093dc
System.Security.Cryptography	1311	0x06000520	System.Security.Cryptography.X509Certificates.AppleCertificatePal	get_NotAfter	0x2050	NoInlining	Public, Final, Virtual, HideBySig, VtableLayoutMask, SpecialName	0x10057d18c	0x949230af	0x102a09448	0x102a09448	mapped	0x102a09448
System.Security.Cryptography	1312	0x06000521	System.Security.Cryptography.X509Certificates.AppleCertificatePal	get_NotBefore	0x2050	NoInlining	Public, Final, Virtual, HideBySig, VtableLayoutMask, SpecialName	0x10057d190	0x949230c9	0x102a094b4	0x102a094b4	mapped	0x102a094b4
System.Security.Cryptography	1313	0x06000522	System.Security.Cryptography.X509Certificates.AppleCertificatePal	get_Thumbprint	0x2050	NoInlining	Public, Final, Virtual, HideBySig, VtableLayoutMask, SpecialName	0x10057d194	0x949230e3	0x102a09520	0x102a09520	mapped	0x102a09520
System.Security.Cryptography	1314	0x06000523	System.Security.Cryptography.X509Certificates.AppleCertificatePal	get_SubjectPublicKeyInfo	0x2050	NoInlining	Public, HideBySig, SpecialName	0x10057d198	0x949230fd	0x102a0958c	0x102a0958c	mapped	0x102a0958c
System.Security.Cryptography	1315	0x06000524	System.Security.Cryptography.X509Certificates.AppleCertificatePal	GetRSAPrivateKey	0x2050	NoInlining	Public, Final, Virtual, HideBySig, VtableLayoutMask	0x10057d19c	0x94923116	0x102a095f4	0x102a095f4	mapped	0x102a095f4
System.Security.Cryptography	1316	0x06000525	System.Security.Cryptography.X509Certificates.AppleCertificatePal	GetECDsaPrivateKey	0x2050	NoInlining	Public, Final, Virtual, HideBySig, VtableLayoutMask	0x10057d1a0	0x9492314e	0x102a096d8	0x102a096d8	mapped	0x102a096d8
System.Security.Cryptography	1317	0x06000526	System.Security.Cryptography.X509Certificates.AppleCertificatePal	GetNameInfo	0x2050	NoInlining	Public, Final, Virtual, HideBySig, VtableLayoutMask	0x10057d1a4	0x94923183	0x102a097b0	0x102a097b0	mapped	0x102a097b0
System.Security.Cryptography	1318	0x06000527	System.Security.Cryptography.X509Certificates.AppleCertificatePal	AppendPrivateKeyInfo	0x2050	NoInlining	Public, Final, Virtual, HideBySig, VtableLayoutMask	0x10057d1a8	0x9492319e	0x102a09820	0x102a09820	mapped	0x102a09820
System.Security.Cryptography	1319	0x06000528	System.Security.Cryptography.X509Certificates.AppleCertificatePal	EnsureCertData	0x2050	NoInlining	Private, HideBySig	0x10057d1ac	0x949231c7	0x102a098c8	0x102a098c8	mapped	0x102a098c8
System.Security.Cryptography	1320	0x06000529	System.Security.Cryptography.X509Certificates.AppleCertificatePal	IsPkcs12	0x2050	NoInlining	Private, Static, HideBySig	0x10057d1b0	0x97ffcf50	0x100570ef0	0x100570ef0	mapped	0x100570ef0
System.Security.Cryptography	1321	0x0600052a	System.Security.Cryptography.X509Certificates.AppleCertificatePal	IsPkcs7Signed	0x2050	NoInlining	Private, Static, HideBySig	0x10057d1b4	0x97ffcfdf	0x100571130	0x100571130	mapped	0x100571130
System.Security.Cryptography	1322	0x0600052b	System.Security.Cryptography.X509Certificates.AppleCertificatePal	GetDerCertContentType	0x2050	NoInlining	Assembly, Static, HideBySig	0x10057d1b8	0x9492322b	0x102a09a64	0x102a09a64	mapped	0x102a09a64
System.Security.Cryptography	1323	0x0600052c	System.Security.Cryptography.X509Certificates.AppleCertificatePal	FromDerBlob	0x2050	NoInlining	Assembly, Static, HideBySig	0x10057d1bc	0x94923253	0x102a09b08	0x102a09b08	mapped	0x102a09b08
System.Security.Cryptography	1324	0x0600052d	System.Security.Cryptography.X509Certificates.AppleCertificatePal	FromBlob	0x2050	NoInlining	Public, Static, HideBySig	0x10057d1c0	0x949232e6	0x102a09d58	0x102a09d58	mapped	0x102a09d58
System.Security.Cryptography	1325	0x0600052e	System.Security.Cryptography.X509Certificates.AppleCertificatePal	FromBlob	0x2050	NoInlining	Private, Static, HideBySig	0x10057d1c4	0x94923307	0x102a09de0	0x102a09de0	mapped	0x102a09de0
System.Security.Cryptography	1326	0x0600052f	System.Security.Cryptography.X509Certificates.AppleCertificatePal	TryDecodePem	0x2050	NoInlining	Assembly, Static, HideBySig	0x10057d1c8	0x94923358	0x102a09f28	0x102a09f28	mapped	0x102a09f28
System.Security.Cryptography	1327	0x06000530	System.Security.Cryptography.X509Certificates.AppleCertificatePal	ImportPkcs12	0x2050	NoInlining	Private, Static, HideBySig	0x10057d1cc	0x949234b8	0x102a0a4ac	0x102a0a4ac	mapped	0x102a0a4ac
System.Security.Cryptography	1328	0x06000531	System.Security.Cryptography.X509Certificates.AppleCertificatePal	ImportPkcs12	0x2050	NoInlining	Assembly, Static, HideBySig	0x10057d1d0	0x9492350a	0x102a0a5f8	0x102a0a5f8	mapped	0x102a0a5f8
System.Security.Cryptography	1329	0x06000532	System.Security.Cryptography.X509Certificates.AppleCertificatePal	.cctor	0x2050	NoInlining	Private, Static, HideBySig, SpecialName, RTSpecialName	0x10057d1d4	0x94923589	0x102a0a7f8	0x102a0a7f8	mapped	0x102a0a7f8
System.Security.Cryptography	1330	0x06000533	System.Security.Cryptography.X509Certificates.AppleCertificatePal+TempExportPal	.ctor	0x2050	NoInlining	Assembly, HideBySig, SpecialName, RTSpecialName	0x10057d1d8	0x949235a9	0x102a0a87c	0x102a0a87c	mapped	0x102a0a87c
System.Security.Cryptography	1331	0x06000534	System.Security.Cryptography.X509Certificates.AppleCertificatePal+TempExportPal	get_HasPrivateKey	0x2050	NoInlining	Public, Final, Virtual, HideBySig, VtableLayoutMask, SpecialName	0x10057d1dc	0x949235b8	0x102a0a8bc	0x102a0a8bc	mapped	0x102a0a8bc
System.Security.Cryptography	1332	0x06000535	System.Security.Cryptography.X509Certificates.AppleCertificatePal+TempExportPal	Dispose	0x2050	NoInlining	Public, Final, Virtual, HideBySig, VtableLayoutMask	0x10057d1e0	0x949235b9	0x102a0a8c4	0x102a0a8c4	mapped	0x102a0a8c4
System.Security.Cryptography	1333	0x06000536	System.Security.Cryptography.X509Certificates.AppleCertificatePal+TempExportPal	get_Handle	0x2050	NoInlining	Public, Final, Virtual, HideBySig, VtableLayoutMask, SpecialName	0x10057d1e4	0x949235b9	0x102a0a8c8	0x102a0a8c8	mapped	0x102a0a8c8
System.Security.Cryptography	1334	0x06000537	System.Security.Cryptography.X509Certificates.AppleCertificatePal+TempExportPal	get_Issuer	0x2050	NoInlining	Public, Final, Virtual, HideBySig, VtableLayoutMask, SpecialName	0x10057d1e8	0x949235d0	0x102a0a928	0x102a0a928	mapped	0x102a0a928
System.Security.Cryptography	1335	0x06000538	System.Security.Cryptography.X509Certificates.AppleCertificatePal+TempExportPal	get_Subject	0x2050	NoInlining	Public, Final, Virtual, HideBySig, VtableLayoutMask, SpecialName	0x10057d1ec	0x949235e7	0x102a0a988	0x102a0a988	mapped	0x102a0a988
System.Security.Cryptography	1336	0x06000539	System.Security.Cryptography.X509Certificates.AppleCertificatePal+TempExportPal	get_Thumbprint	0x2050	NoInlining	Public, Final, Virtual, HideBySig, VtableLayoutMask, SpecialName	0x10057d1f0	0x949235fe	0x102a0a9e8	0x102a0a9e8	mapped	0x102a0a9e8
System.Security.Cryptography	1337	0x0600053a	System.Security.Cryptography.X509Certificates.AppleCertificatePal+TempExportPal	get_KeyAlgorithm	0x2050	NoInlining	Public, Final, Virtual, HideBySig, VtableLayoutMask, SpecialName	0x10057d1f4	0x94923615	0x102a0aa48	0x102a0aa48	mapped	0x102a0aa48
System.Security.Cryptography	1338	0x0600053b	System.Security.Cryptography.X509Certificates.AppleCertificatePal+TempExportPal	get_KeyAlgorithmParameters	0x2050	NoInlining	Public, Final, Virtual, HideBySig, VtableLayoutMask, SpecialName	0x10057d1f8	0x9492362f	0x102a0aab4	0x102a0aab4	mapped	0x102a0aab4
System.Security.Cryptography	1339	0x0600053c	System.Security.Cryptography.X509Certificates.AppleCertificatePal+TempExportPal	get_PublicKeyValue	0x2050	NoInlining	Public, Final, Virtual, HideBySig, VtableLayoutMask, SpecialName	0x10057d1fc	0x9492364a	0x102a0ab24	0x102a0ab24	mapped	0x102a0ab24
System.Security.Cryptography	1340	0x0600053d	System.Security.Cryptography.X509Certificates.AppleCertificatePal+TempExportPal	get_SerialNumber	0x2050	NoInlining	Public, Final, Virtual, HideBySig, VtableLayoutMask, SpecialName	0x10057d200	0x94923664	0x102a0ab90	0x102a0ab90	mapped	0x102a0ab90
System.Security.Cryptography	1341	0x0600053e	System.Security.Cryptography.X509Certificates.AppleCertificatePal+TempExportPal	get_SignatureAlgorithm	0x2050	NoInlining	Public, Final, Virtual, HideBySig, VtableLayoutMask, SpecialName	0x10057d204	0x9492367e	0x102a0abfc	0x102a0abfc	mapped	0x102a0abfc
System.Security.Cryptography	1342	0x0600053f	System.Security.Cryptography.X509Certificates.AppleCertificatePal+TempExportPal	get_NotAfter	0x2050	NoInlining	Public, Final, Virtual, HideBySig, VtableLayoutMask, SpecialName	0x10057d208	0x94923698	0x102a0ac68	0x102a0ac68	mapped	0x102a0ac68
System.Security.Cryptography	1343	0x06000540	System.Security.Cryptography.X509Certificates.AppleCertificatePal+TempExportPal	get_NotBefore	0x2050	NoInlining	Public, Final, Virtual, HideBySig, VtableLayoutMask, SpecialName	0x10057d20c	0x949236b7	0x102a0ace8	0x102a0ace8	mapped	0x102a0ace8
System.Security.Cryptography	1344	0x06000541	System.Security.Cryptography.X509Certificates.AppleCertificatePal+TempExportPal	get_RawData	0x2050	NoInlining	Public, Final, Virtual, HideBySig, VtableLayoutMask, SpecialName	0x10057d210	0x949236d6	0x102a0ad68	0x102a0ad68	mapped	0x102a0ad68
System.Security.Cryptography	1345	0x06000542	System.Security.Cryptography.X509Certificates.AppleCertificatePal+DerCallback	.ctor	0x0	11	Public, HideBySig, SpecialName, RTSpecialName	0x10057d214	0x97fffabf	0x10057bd10		absent	0x10057bd10
System.Security.Cryptography	1346	0x06000543	System.Security.Cryptography.X509Certificates.AppleCertificatePal+DerCallback	Invoke	0x0	11	Public, Virtual, HideBySig, VtableLayoutMask	0x10057d218	0x97fffabe	0x10057bd10		absent	0x10057bd10
System.Security.Cryptography	1347	0x06000544	System.Security.Cryptography.X509Certificates.AppleCertificatePal+<>c__DisplayClass75_0	.ctor	0x2050	NoInlining	Public, HideBySig, SpecialName, RTSpecialName	0x10057d21c	0x949236eb	0x102a0adc8	0x102a0adc8	mapped	0x102a0adc8
System.Security.Cryptography	1348	0x06000545	System.Security.Cryptography.X509Certificates.AppleCertificatePal+<>c__DisplayClass75_0	<FromBlob>b__0	0x2050	NoInlining	Assembly, HideBySig	0x10057d220	0x949236eb	0x102a0adcc	0x102a0adcc	mapped	0x102a0adcc
System.Security.Cryptography	1349	0x06000546	System.Security.Cryptography.X509Certificates.CertificateData	get_Version	0x2050	NoInlining	Assembly, HideBySig, SpecialName	0x10057d224	0x94923711	0x102a0ae68	0x102a0ae68	mapped	0x102a0ae68
System.Security.Cryptography	1350	0x06000547	System.Security.Cryptography.X509Certificates.CertificateData	get_SerialNumber	0x2050	NoInlining	Assembly, HideBySig, SpecialName	0x10057d228	0x94923719	0x102a0ae8c	0x102a0ae8c	mapped	0x102a0ae8c
System.Security.Cryptography	1351	0x06000548	System.Security.Cryptography.X509Certificates.CertificateData	get_NotBefore	0x2050	NoInlining	Assembly, HideBySig, SpecialName	0x10057d22c	0x94923739	0x102a0af10	0x102a0af10	mapped	0x102a0af10
System.Security.Cryptography	1352	0x06000549	System.Security.Cryptography.X509Certificates.CertificateData	get_NotAfter	0x2050	NoInlining	Assembly, HideBySig, SpecialName	0x10057d230	0x94923751	0x102a0af74	0x102a0af74	mapped	0x102a0af74
System.Security.Cryptography	1353	0x0600054a	System.Security.Cryptography.X509Certificates.CertificateData	get_PublicKeyAlgorithm	0x2050	NoInlining	Assembly, HideBySig, SpecialName	0x10057d234	0x94923769	0x102a0afd8	0x102a0afd8	mapped	0x102a0afd8
System.Security.Cryptography	1354	0x0600054b	System.Security.Cryptography.X509Certificates.CertificateData	get_PublicKey	0x2050	NoInlining	Assembly, HideBySig, SpecialName	0x10057d238	0x94923788	0x102a0b058	0x102a0b058	mapped	0x102a0b058
System.Security.Cryptography	1355	0x0600054c	System.Security.Cryptography.X509Certificates.CertificateData	get_SignatureAlgorithm	0x2050	NoInlining	Assembly, HideBySig, SpecialName	0x10057d23c	0x949237a8	0x102a0b0dc	0x102a0b0dc	mapped	0x102a0b0dc
System.Security.Cryptography	1356	0x0600054d	System.Security.Cryptography.X509Certificates.CertificateData	.ctor	0x2050	NoInlining	Assembly, HideBySig, SpecialName, RTSpecialName	0x10057d240	0x949237c2	0x102a0b148	0x102a0b148	mapped	0x102a0b148
System.Security.Cryptography	1357	0x0600054e	System.Security.Cryptography.X509Certificates.CertificateData	GetNameInfo	0x2050	NoInlining	Public, HideBySig	0x10057d244	0x94923938	0x102a0b724	0x102a0b724	mapped	0x102a0b724
System.Security.Cryptography	1358	0x0600054f	System.Security.Cryptography.X509Certificates.CertificateData	GetSimpleNameInfo	0x2050	NoInlining	Private, Static, HideBySig	0x10057d248	0x94923a62	0x102a0bbd0	0x102a0bbd0	mapped	0x102a0bbd0
System.Security.Cryptography	1359	0x06000550	System.Security.Cryptography.X509Certificates.CertificateData	FindAltNameMatch	0x2050	NoInlining	Private, Static, HideBySig	0x10057d24c	0x94923b06	0x102a0be64	0x102a0be64	mapped	0x102a0be64
System.Security.Cryptography	1360	0x06000551	System.Security.Cryptography.X509Certificates.CertificateData	ReadReverseRdns	0x2050	NoInlining	Private, Static, HideBySig	0x10057d250	0x94923bdd	0x102a0c1c4	0x102a0c1c4	mapped	0x102a0c1c4
System.Security.Cryptography	1361	0x06000552	System.Security.Cryptography.X509Certificates.CertificateData+AlgorithmIdentifier	.ctor	0x2050	NoInlining	Public, HideBySig, SpecialName, RTSpecialName	0x10057d254	0x94923c05	0x102a0c268	0x102a0c268	mapped	0x102a0c268
System.Security.Cryptography	1362	0x06000553	System.Security.Cryptography.X509Certificates.CertificateData+<ReadReverseRdns>d__33	.ctor	0x2050	NoInlining	Public, HideBySig, SpecialName, RTSpecialName	0x10057d258	0x94923c4a	0x102a0c380	0x102a0c380	mapped	0x102a0c380
System.Security.Cryptography	1363	0x06000554	System.Security.Cryptography.X509Certificates.CertificateData+<ReadReverseRdns>d__33	System.IDisposable.Dispose	0x2050	NoInlining	Private, Final, Virtual, HideBySig, VtableLayoutMask	0x10057d25c	0x94923c5f	0x102a0c3d8	0x102a0c3d8	mapped	0x102a0c3d8
System.Security.Cryptography	1364	0x06000555	System.Security.Cryptography.X509Certificates.CertificateData+<ReadReverseRdns>d__33	MoveNext	0x2050	NoInlining	Private, Final, Virtual, HideBySig, VtableLayoutMask	0x10057d260	0x94923c5f	0x102a0c3dc	0x102a0c3dc	mapped	0x102a0c3dc
System.Security.Cryptography	1365	0x06000556	System.Security.Cryptography.X509Certificates.CertificateData+<ReadReverseRdns>d__33	System.Collections.Generic.IEnumerator<System.Collections.Generic.KeyValuePair<System.String,System.String>>.get_Current	0x2050	NoInlining	Private, Final, Virtual, HideBySig, VtableLayoutMask, SpecialName	0x10057d264	0x94923d54	0x102a0c7b4	0x102a0c7b4	mapped	0x102a0c7b4
System.Security.Cryptography	1366	0x06000557	System.Security.Cryptography.X509Certificates.CertificateData+<ReadReverseRdns>d__33	System.Collections.IEnumerator.Reset	0x2050	NoInlining	Private, Final, Virtual, HideBySig, VtableLayoutMask	0x10057d268	0x94923d5e	0x102a0c7e0	0x102a0c7e0	mapped	0x102a0c7e0
System.Security.Cryptography	1367	0x06000558	System.Security.Cryptography.X509Certificates.CertificateData+<ReadReverseRdns>d__33	System.Collections.IEnumerator.get_Current	0x2050	NoInlining	Private, Final, Virtual, HideBySig, VtableLayoutMask, SpecialName	0x10057d26c	0x94923d68	0x102a0c80c	0x102a0c80c	mapped	0x102a0c80c
System.Security.Cryptography	1368	0x06000559	System.Security.Cryptography.X509Certificates.CertificateData+<ReadReverseRdns>d__33	System.Collections.Generic.IEnumerable<System.Collections.Generic.KeyValuePair<System.String,System.String>>.GetEnumerator	0x2050	NoInlining	Private, Final, Virtual, HideBySig, VtableLayoutMask	0x10057d270	0x94923d95	0x102a0c8c4	0x102a0c8c4	mapped	0x102a0c8c4
System.Security.Cryptography	1369	0x0600055a	System.Security.Cryptography.X509Certificates.CertificateData+<ReadReverseRdns>d__33	System.Collections.IEnumerable.GetEnumerator	0x2050	NoInlining	Private, Final, Virtual, HideBySig, VtableLayoutMask	0x10057d274	0x94923dcd	0x102a0c9a8	0x102a0c9a8	mapped	0x102a0c9a8
System.Security.Cryptography	1370	0x0600055b	System.Security.Cryptography.X509Certificates.CertificatePolicy	get_ImplicitAnyCertificatePolicy	0x2050	NoInlining	Public, HideBySig, SpecialName	0x10057d278	0x94923dda	0x102a0c9e0	0x102a0c9e0	mapped	0x102a0c9e0
System.Security.Cryptography	1371	0x0600055c	System.Security.Cryptography.X509Certificates.CertificatePolicy	set_ImplicitAnyCertificatePolicy	0x2050	NoInlining	Public, HideBySig, SpecialName	0x10057d27c	0x94923de2	0x102a0ca04	0x102a0ca04	mapped	0x102a0ca04
System.Security.Cryptography	1372	0x0600055d	System.Security.Cryptography.X509Certificates.CertificatePolicy	get_SpecifiedAnyCertificatePolicy	0x2050	NoInlining	Public, HideBySig, SpecialName	0x10057d280	0x94923dea	0x102a0ca28	0x102a0ca28	mapped	0x102a0ca28
System.Security.Cryptography	1373	0x0600055e	System.Security.Cryptography.X509Certificates.CertificatePolicy	set_SpecifiedAnyCertificatePolicy	0x2050	NoInlining	Public, HideBySig, SpecialName	0x10057d284	0x94923df2	0x102a0ca4c	0x102a0ca4c	mapped	0x102a0ca4c
System.Security.Cryptography	1374	0x0600055f	System.Security.Cryptography.X509Certificates.CertificatePolicy	get_DeclaredCertificatePolicies	0x2050	NoInlining	Public, HideBySig, SpecialName	0x10057d288	0x94923dfa	0x102a0ca70	0x102a0ca70	mapped	0x102a0ca70
System.Security.Cryptography	1375	0x06000560	System.Security.Cryptography.X509Certificates.CertificatePolicy	set_DeclaredCertificatePolicies	0x2050	NoInlining	Public, HideBySig, SpecialName	0x10057d28c	0x94923e02	0x102a0ca94	0x102a0ca94	mapped	0x102a0ca94
System.Security.Cryptography	1376	0x06000561	System.Security.Cryptography.X509Certificates.CertificatePolicy	get_ImplicitAnyApplicationPolicy	0x2050	NoInlining	Public, HideBySig, SpecialName	0x10057d290	0x94923e11	0x102a0cad4	0x102a0cad4	mapped	0x102a0cad4
System.Security.Cryptography	1377	0x06000562	System.Security.Cryptography.X509Certificates.CertificatePolicy	set_ImplicitAnyApplicationPolicy	0x2050	NoInlining	Public, HideBySig, SpecialName	0x10057d294	0x94923e19	0x102a0caf8	0x102a0caf8	mapped	0x102a0caf8
System.Security.Cryptography	1378	0x06000563	System.Security.Cryptography.X509Certificates.CertificatePolicy	get_SpecifiedAnyApplicationPolicy	0x2050	NoInlining	Public, HideBySig, SpecialName	0x10057d298	0x94923e21	0x102a0cb1c	0x102a0cb1c	mapped	0x102a0cb1c
System.Security.Cryptography	1379	0x06000564	System.Security.Cryptography.X509Certificates.CertificatePolicy	set_SpecifiedAnyApplicationPolicy	0x2050	NoInlining	Public, HideBySig, SpecialName	0x10057d29c	0x94923e29	0x102a0cb40	0x102a0cb40	mapped	0x102a0cb40
System.Security.Cryptography	1380	0x06000565	System.Security.Cryptography.X509Certificates.CertificatePolicy	get_DeclaredApplicationPolicies	0x2050	NoInlining	Public, HideBySig, SpecialName	0x10057d2a0	0x94923e31	0x102a0cb64	0x102a0cb64	mapped	0x102a0cb64
System.Security.Cryptography	1381	0x06000566	System.Security.Cryptography.X509Certificates.CertificatePolicy	set_DeclaredApplicationPolicies	0x2050	NoInlining	Public, HideBySig, SpecialName	0x10057d2a4	0x94923e39	0x102a0cb88	0x102a0cb88	mapped	0x102a0cb88
System.Security.Cryptography	1382	0x06000567	System.Security.Cryptography.X509Certificates.CertificatePolicy	get_InhibitAnyDepth	0x2050	NoInlining	Public, HideBySig, SpecialName	0x10057d2a8	0x94923e48	0x102a0cbc8	0x102a0cbc8	mapped	0x102a0cbc8
System.Security.Cryptography	1383	0x06000568	System.Security.Cryptography.X509Certificates.CertificatePolicy	set_InhibitAnyDepth	0x2050	NoInlining	Public, HideBySig, SpecialName	0x10057d2ac	0x94923e50	0x102a0cbec	0x102a0cbec	mapped	0x102a0cbec
System.Security.Cryptography	1384	0x06000569	System.Security.Cryptography.X509Certificates.CertificatePolicy	get_PolicyMapping	0x2050	NoInlining	Public, HideBySig, SpecialName	0x10057d2b0	0x94923e58	0x102a0cc10	0x102a0cc10	mapped	0x102a0cc10
System.Security.Cryptography	1385	0x0600056a	System.Security.Cryptography.X509Certificates.CertificatePolicy	set_PolicyMapping	0x2050	NoInlining	Public, HideBySig, SpecialName	0x10057d2b4	0x94923e60	0x102a0cc34	0x102a0cc34	mapped	0x102a0cc34
System.Security.Cryptography	1386	0x0600056b	System.Security.Cryptography.X509Certificates.CertificatePolicy	get_InhibitMappingDepth	0x2050	NoInlining	Public, HideBySig, SpecialName	0x10057d2b8	0x94923e6f	0x102a0cc74	0x102a0cc74	mapped	0x102a0cc74
System.Security.Cryptography	1387	0x0600056c	System.Security.Cryptography.X509Certificates.CertificatePolicy	set_InhibitMappingDepth	0x2050	NoInlining	Public, HideBySig, SpecialName	0x10057d2bc	0x94923e77	0x102a0cc98	0x102a0cc98	mapped	0x102a0cc98
System.Security.Cryptography	1388	0x0600056d	System.Security.Cryptography.X509Certificates.CertificatePolicy	get_RequireExplicitPolicyDepth	0x2050	NoInlining	Public, HideBySig, SpecialName	0x10057d2c0	0x94923e7f	0x102a0ccbc	0x102a0ccbc	mapped	0x102a0ccbc
System.Security.Cryptography	1389	0x0600056e	System.Security.Cryptography.X509Certificates.CertificatePolicy	set_RequireExplicitPolicyDepth	0x2050	NoInlining	Public, HideBySig, SpecialName	0x10057d2c4	0x94923e87	0x102a0cce0	0x102a0cce0	mapped	0x102a0cce0
System.Security.Cryptography	1390	0x0600056f	System.Security.Cryptography.X509Certificates.CertificatePolicy	get_AllowsAnyCertificatePolicy	0x2050	NoInlining	Public, HideBySig, SpecialName	0x10057d2c8	0x94923e8f	0x102a0cd04	0x102a0cd04	mapped	0x102a0cd04
System.Security.Cryptography	1391	0x06000570	System.Security.Cryptography.X509Certificates.CertificatePolicy	get_AllowsAnyApplicationPolicy	0x2050	NoInlining	Public, HideBySig, SpecialName	0x10057d2cc	0x94923e9c	0x102a0cd3c	0x102a0cd3c	mapped	0x102a0cd3c
System.Security.Cryptography	1392	0x06000571	System.Security.Cryptography.X509Certificates.CertificatePolicy	.ctor	0x2050	NoInlining	Public, HideBySig, SpecialName, RTSpecialName	0x10057d2d0	0x94923ea9	0x102a0cd74	0x102a0cd74	mapped	0x102a0cd74
System.Security.Cryptography	1393	0x06000572	System.Security.Cryptography.X509Certificates.CertificatePolicyChain	.ctor	0x2050	NoInlining	Public, HideBySig, SpecialName, RTSpecialName	0x10057d2d4	0x94923ea9	0x102a0cd78	0x102a0cd78	mapped	0x102a0cd78
System.Security.Cryptography	1394	0x06000573	System.Security.Cryptography.X509Certificates.CertificatePolicyChain	MatchesCertificatePolicies	0x2050	NoInlining	Assembly, HideBySig	0x10057d2d8	0x94923ed9	0x102a0ce3c	0x102a0ce3c	mapped	0x102a0ce3c
System.Security.Cryptography	1395	0x06000574	System.Security.Cryptography.X509Certificates.CertificatePolicyChain	MatchesCertificatePolicies	0x2050	NoInlining	Assembly, HideBySig	0x10057d2dc	0x94923f1c	0x102a0cf4c	0x102a0cf4c	mapped	0x102a0cf4c
System.Security.Cryptography	1396	0x06000575	System.Security.Cryptography.X509Certificates.CertificatePolicyChain	MatchesApplicationPolicies	0x2050	NoInlining	Assembly, HideBySig	0x10057d2e0	0x94923fb4	0x102a0d1b0	0x102a0d1b0	mapped	0x102a0d1b0
System.Security.Cryptography	1397	0x06000576	System.Security.Cryptography.X509Certificates.CertificatePolicyChain	MatchesApplicationPolicies	0x2050	NoInlining	Assembly, HideBySig	0x10057d2e4	0x94923ff7	0x102a0d2c0	0x102a0d2c0	mapped	0x102a0d2c0
System.Security.Cryptography	1398	0x06000577	System.Security.Cryptography.X509Certificates.CertificatePolicyChain	ReadPolicies	0x2050	NoInlining	Private, HideBySig	0x10057d2e8	0x9492404c	0x102a0d418	0x102a0d418	mapped	0x102a0d418
System.Security.Cryptography	1399	0x06000578	System.Security.Cryptography.X509Certificates.CertificatePolicyChain	ApplyRestriction	0x2050	NoInlining	Private, Static, HideBySig	0x10057d2ec	0x949240f0	0x102a0d6ac	0x102a0d6ac	mapped	0x102a0d6ac
System.Security.Cryptography	1400	0x06000579	System.Security.Cryptography.X509Certificates.CertificatePolicyChain	ReadPolicy	0x2050	NoInlining	Private, Static, HideBySig	0x10057d2f0	0x9492410b	0x102a0d71c	0x102a0d71c	mapped	0x102a0d71c
System.Security.Cryptography	1401	0x0600057a	System.Security.Cryptography.X509Certificates.CertificatePolicyChain	CheckExplicitAnyPolicy	0x2050	NoInlining	Private, Static, HideBySig	0x10057d2f4	0x949241a5	0x102a0d988	0x102a0d988	mapped	0x102a0d988
System.Security.Cryptography	1402	0x0600057b	System.Security.Cryptography.X509Certificates.CertificatePolicyChain	ReadInhibitAnyPolicyExtension	0x2050	NoInlining	Private, Static, HideBySig	0x10057d2f8	0x949241c6	0x102a0da10	0x102a0da10	mapped	0x102a0da10
System.Security.Cryptography	1403	0x0600057c	System.Security.Cryptography.X509Certificates.CertificatePolicyChain	ReadCertPolicyConstraintsExtension	0x2050	NoInlining	Private, Static, HideBySig	0x10057d2fc	0x94924208	0x102a0db1c	0x102a0db1c	mapped	0x102a0db1c
System.Security.Cryptography	1404	0x0600057d	System.Security.Cryptography.X509Certificates.CertificatePolicyChain	ReadExtendedKeyUsageExtension	0x2050	NoInlining	Private, Static, HideBySig	0x10057d300	0x94924233	0x102a0dbcc	0x102a0dbcc	mapped	0x102a0dbcc
System.Security.Cryptography	1405	0x0600057e	System.Security.Cryptography.X509Certificates.CertificatePolicyChain	ReadCertPolicyExtension	0x2050	NoInlining	Assembly, Static, HideBySig	0x10057d304	0x9492429d	0x102a0dd78	0x102a0dd78	mapped	0x102a0dd78
System.Security.Cryptography	1406	0x0600057f	System.Security.Cryptography.X509Certificates.CertificatePolicyChain	ReadCertPolicyMappingsExtension	0x2050	NoInlining	Private, Static, HideBySig	0x10057d308	0x9492430f	0x102a0df44	0x102a0df44	mapped	0x102a0df44
System.Security.Cryptography	1407	0x06000580	System.Security.Cryptography.X509Certificates.SecTrustChainPal	get_ChainElements	0x2050	NoInlining	Public, Final, Virtual, HideBySig, VtableLayoutMask, SpecialName	0x10057d30c	0x94924392	0x102a0e154	0x102a0e154	mapped	0x102a0e154
System.Security.Cryptography	1408	0x06000581	System.Security.Cryptography.X509Certificates.SecTrustChainPal	set_ChainElements	0x2050	NoInlining	Private, HideBySig, SpecialName	0x10057d310	0x9492439a	0x102a0e178	0x102a0e178	mapped	0x102a0e178
System.Security.Cryptography	1409	0x06000582	System.Security.Cryptography.X509Certificates.SecTrustChainPal	get_ChainStatus	0x2050	NoInlining	Public, Final, Virtual, HideBySig, VtableLayoutMask, SpecialName	0x10057d314	0x949243a9	0x102a0e1b8	0x102a0e1b8	mapped	0x102a0e1b8
System.Security.Cryptography	1410	0x06000583	System.Security.Cryptography.X509Certificates.SecTrustChainPal	set_ChainStatus	0x2050	NoInlining	Private, HideBySig, SpecialName	0x10057d318	0x949243b1	0x102a0e1dc	0x102a0e1dc	mapped	0x102a0e1dc
System.Security.Cryptography	1411	0x06000584	System.Security.Cryptography.X509Certificates.SecTrustChainPal	.ctor	0x2050	NoInlining	Assembly, HideBySig, SpecialName, RTSpecialName	0x10057d31c	0x949243c0	0x102a0e21c	0x102a0e21c	mapped	0x102a0e21c
System.Security.Cryptography	1412	0x06000585	System.Security.Cryptography.X509Certificates.SecTrustChainPal	OpenTrustHandle	0x2050	NoInlining	Assembly, HideBySig	0x10057d320	0x949243f7	0x102a0e2fc	0x102a0e2fc	mapped	0x102a0e2fc
System.Security.Cryptography	1413	0x06000586	System.Security.Cryptography.X509Certificates.SecTrustChainPal	Dispose	0x2050	NoInlining	Public, Final, Virtual, HideBySig, VtableLayoutMask	0x10057d324	0x9492447b	0x102a0e510	0x102a0e510	mapped	0x102a0e510
System.Security.Cryptography	1414	0x06000587	System.Security.Cryptography.X509Certificates.SecTrustChainPal	Verify	0x2050	NoInlining	Public, Final, Virtual, HideBySig, VtableLayoutMask	0x10057d328	0x949244b2	0x102a0e5f0	0x102a0e5f0	mapped	0x102a0e5f0
System.Security.Cryptography	1415	0x06000588	System.Security.Cryptography.X509Certificates.SecTrustChainPal	PreparePoliciesArray	0x2050	NoInlining	Private, HideBySig	0x10057d32c	0x949244d1	0x102a0e670	0x102a0e670	mapped	0x102a0e670
System.Security.Cryptography	1416	0x06000589	System.Security.Cryptography.X509Certificates.SecTrustChainPal	PrepareCertsArray	0x2050	NoInlining	Private, HideBySig	0x10057d330	0x9492456b	0x102a0e8dc	0x102a0e8dc	mapped	0x102a0e8dc
System.Security.Cryptography	1417	0x0600058a	System.Security.Cryptography.X509Certificates.SecTrustChainPal	PrepareCustomCertsArray	0x2050	NoInlining	Private, HideBySig	0x10057d334	0x94924680	0x102a0ed34	0x102a0ed34	mapped	0x102a0ed34
System.Security.Cryptography	1418	0x0600058b	System.Security.Cryptography.X509Certificates.SecTrustChainPal	GetCertsArray	0x2050	NoInlining	Private, HideBySig	0x10057d338	0x94924725	0x102a0efcc	0x102a0efcc	mapped	0x102a0efcc
System.Security.Cryptography	1419	0x0600058c	System.Security.Cryptography.X509Certificates.SecTrustChainPal	Execute	0x2050	NoInlining	Assembly, HideBySig	0x10057d33c	0x949247b6	0x102a0f214	0x102a0f214	mapped	0x102a0f214
System.Security.Cryptography	1420	0x0600058d	System.Security.Cryptography.X509Certificates.SecTrustChainPal	ParseResults	0x2050	NoInlining	Private, Static, HideBySig	0x10057d340	0x9492487b	0x102a0f52c	0x102a0f52c	mapped	0x102a0f52c
System.Security.Cryptography	1421	0x0600058e	System.Security.Cryptography.X509Certificates.SecTrustChainPal	IsPolicyMatch	0x2050	NoInlining	Private, Static, HideBySig	0x10057d344	0x9492490d	0x102a0f778	0x102a0f778	mapped	0x102a0f778
System.Security.Cryptography	1422	0x0600058f	System.Security.Cryptography.X509Certificates.SecTrustChainPal	BuildAndSetProperties	0x2050	NoInlining	Private, HideBySig	0x10057d348	0x94924990	0x102a0f988	0x102a0f988	mapped	0x102a0f988
System.Security.Cryptography	1423	0x06000590	System.Security.Cryptography.X509Certificates.SecTrustChainPal	FixupRevocationStatus	0x2050	NoInlining	Private, Static, HideBySig	0x10057d34c	0x94924a0a	0x102a0fb74	0x102a0fb74	mapped	0x102a0fb74
System.Security.Cryptography	1424	0x06000591	System.Security.Cryptography.X509Certificates.SecTrustChainPal	FixupStatus	0x2050	NoInlining	Private, Static, HideBySig	0x10057d350	0x94924a76	0x102a0fd28	0x102a0fd28	mapped	0x102a0fd28
System.Security.Cryptography	1425	0x06000592	System.Security.Cryptography.X509Certificates.SecTrustChainPal	FindUntrustedRootReason	0x2050	NoInlining	Private, Static, HideBySig	0x10057d354	0x94924aa4	0x102a0fde4	0x102a0fde4	mapped	0x102a0fde4
System.Security.Cryptography	1426	0x06000593	System.Security.Cryptography.X509Certificates.SecTrustChainPal	BuildChainElementStatuses	0x2050	NoInlining	Private, HideBySig	0x10057d358	0x94924ad2	0x102a0fea0	0x102a0fea0	mapped	0x102a0fea0
System.Security.Cryptography	1427	0x06000594	System.Security.Cryptography.X509Certificates.SecTrustChainPal	.cctor	0x2050	NoInlining	Private, Static, HideBySig, SpecialName, RTSpecialName	0x10057d35c	0x94924b74	0x102a1012c	0x102a1012c	mapped	0x102a1012c
System.Security.Cryptography	1428	0x06000595	System.Security.Cryptography.X509Certificates.SecTrustChainPal+X509ChainErrorMapping	.ctor	0x2050	NoInlining	Private, HideBySig, SpecialName, RTSpecialName	0x10057d360	0x94924b95	0x102a101b4	0x102a101b4	mapped	0x102a101b4
System.Security.Cryptography	1429	0x06000596	System.Security.Cryptography.X509Certificates.SecTrustChainPal+X509ChainErrorMapping	.cctor	0x2050	NoInlining	Private, Static, HideBySig, SpecialName, RTSpecialName	0x10057d364	0x94924bbe	0x102a1025c	0x102a1025c	mapped	0x102a1025c
System.Security.Cryptography	1430	0x06000597	System.Security.Cryptography.X509Certificates.ManagedCertificateFinder	.ctor	0x2050	NoInlining	Assembly, HideBySig, SpecialName, RTSpecialName	0x10057d368	0x94924cd0	0x102a106a8	0x102a106a8	mapped	0x102a106a8
System.Security.Cryptography	1431	0x06000598	System.Security.Cryptography.X509Certificates.ManagedCertificateFinder	NormalizeOid	0x2050	NoInlining	Public, Final, Virtual, HideBySig, VtableLayoutMask	0x10057d36c	0x94924ce5	0x102a10700	0x102a10700	mapped	0x102a10700
System.Security.Cryptography	1432	0x06000599	System.Security.Cryptography.X509Certificates.ManagedCertificateFinder	FindByThumbprint	0x2050	NoInlining	Public, Final, Virtual, HideBySig, VtableLayoutMask	0x10057d370	0x94924d23	0x102a107fc	0x102a107fc	mapped	0x102a107fc
System.Security.Cryptography	1433	0x0600059a	System.Security.Cryptography.X509Certificates.ManagedCertificateFinder	FindBySubjectName	0x2050	NoInlining	Public, Final, Virtual, HideBySig, VtableLayoutMask	0x10057d374	0x94924d55	0x102a108c8	0x102a108c8	mapped	0x102a108c8
System.Security.Cryptography	1434	0x0600059b	System.Security.Cryptography.X509Certificates.ManagedCertificateFinder	FindBySubjectDistinguishedName	0x2050	NoInlining	Public, Final, Virtual, HideBySig, VtableLayoutMask	0x10057d378	0x94924d98	0x102a109d8	0x102a109d8	mapped	0x102a109d8
System.Security.Cryptography	1435	0x0600059c	System.Security.Cryptography.X509Certificates.ManagedCertificateFinder	FindByIssuerName	0x2050	NoInlining	Public, Final, Virtual, HideBySig, VtableLayoutMask	0x10057d37c	0x94924ddb	0x102a10ae8	0x102a10ae8	mapped	0x102a10ae8
System.Security.Cryptography	1436	0x0600059d	System.Security.Cryptography.X509Certificates.ManagedCertificateFinder	FindByIssuerDistinguishedName	0x2050	NoInlining	Public, Final, Virtual, HideBySig, VtableLayoutMask	0x10057d380	0x94924e1e	0x102a10bf8	0x102a10bf8	mapped	0x102a10bf8
System.Security.Cryptography	1437	0x0600059e	System.Security.Cryptography.X509Certificates.ManagedCertificateFinder	FindBySerialNumber	0x2050	NoInlining	Public, Final, Virtual, HideBySig, VtableLayoutMask	0x10057d384	0x94924e61	0x102a10d08	0x102a10d08	mapped	0x102a10d08
System.Security.Cryptography	1438	0x0600059f	System.Security.Cryptography.X509Certificates.ManagedCertificateFinder	NormalizeDateTime	0x2050	NoInlining	Private, Static, HideBySig	0x10057d388	0x94924eb1	0x102a10e4c	0x102a10e4c	mapped	0x102a10e4c
System.Security.Cryptography	1439	0x060005a0	System.Security.Cryptography.X509Certificates.ManagedCertificateFinder	FindByTimeValid	0x2050	NoInlining	Public, Final, Virtual, HideBySig, VtableLayoutMask	0x10057d38c	0x94924ec7	0x102a10ea8	0x102a10ea8	mapped	0x102a10ea8
System.Security.Cryptography	1440	0x060005a1	System.Security.Cryptography.X509Certificates.ManagedCertificateFinder	FindByTimeNotYetValid	0x2050	NoInlining	Public, Final, Virtual, HideBySig, VtableLayoutMask	0x10057d390	0x94924f13	0x102a10fdc	0x102a10fdc	mapped	0x102a10fdc
System.Security.Cryptography	1441	0x060005a2	System.Security.Cryptography.X509Certificates.ManagedCertificateFinder	FindByTimeExpired	0x2050	NoInlining	Public, Final, Virtual, HideBySig, VtableLayoutMask	0x10057d394	0x94924f5f	0x102a11110	0x102a11110	mapped	0x102a11110
System.Security.Cryptography	1442	0x060005a3	System.Security.Cryptography.X509Certificates.ManagedCertificateFinder	FindByTemplateName	0x2050	NoInlining	Public, Final, Virtual, HideBySig, VtableLayoutMask	0x10057d398	0x94924fab	0x102a11244	0x102a11244	mapped	0x102a11244
System.Security.Cryptography	1443	0x060005a4	System.Security.Cryptography.X509Certificates.ManagedCertificateFinder	FindByApplicationPolicy	0x2050	NoInlining	Public, Final, Virtual, HideBySig, VtableLayoutMask	0x10057d39c	0x94924fee	0x102a11354	0x102a11354	mapped	0x102a11354
System.Security.Cryptography	1444	0x060005a5	System.Security.Cryptography.X509Certificates.ManagedCertificateFinder	FindByCertificatePolicy	0x2050	NoInlining	Public, Final, Virtual, HideBySig, VtableLayoutMask	0x10057d3a0	0x94925031	0x102a11464	0x102a11464	mapped	0x102a11464
System.Security.Cryptography	1445	0x060005a6	System.Security.Cryptography.X509Certificates.ManagedCertificateFinder	FindByExtension	0x2050	NoInlining	Public, Final, Virtual, HideBySig, VtableLayoutMask	0x10057d3a4	0x94925074	0x102a11574	0x102a11574	mapped	0x102a11574
System.Security.Cryptography	1446	0x060005a7	System.Security.Cryptography.X509Certificates.ManagedCertificateFinder	FindByKeyUsage	0x2050	NoInlining	Public, Final, Virtual, HideBySig, VtableLayoutMask	0x10057d3a8	0x949250b7	0x102a11684	0x102a11684	mapped	0x102a11684
System.Security.Cryptography	1447	0x060005a8	System.Security.Cryptography.X509Certificates.ManagedCertificateFinder	GetSubjectPublicKeyInfo	0x0	NoInlining	Family, Virtual, HideBySig, VtableLayoutMask, Abstract	0x10057d3ac	0x97fffa59	0x10057bd10		absent	0x10057bd10
System.Security.Cryptography	1448	0x060005a9	System.Security.Cryptography.X509Certificates.ManagedCertificateFinder	FindBySubjectKeyIdentifier	0x2050	NoInlining	Public, Final, Virtual, HideBySig, VtableLayoutMask	0x10057d3b0	0x949250f9	0x102a11794	0x102a11794	mapped	0x102a11794
System.Security.Cryptography	1449	0x060005aa	System.Security.Cryptography.X509Certificates.ManagedCertificateFinder	Dispose	0x2050	NoInlining	Public, Final, Virtual, HideBySig, VtableLayoutMask	0x10057d3b4	0x94925132	0x102a1187c	0x102a1187c	mapped	0x102a1187c
System.Security.Cryptography	1450	0x060005ab	System.Security.Cryptography.X509Certificates.ManagedCertificateFinder	Dispose	0x2050	NoInlining	Family, Final, Virtual, HideBySig, VtableLayoutMask	0x10057d3b8	0x94925139	0x102a1189c	0x102a1189c	mapped	0x102a1189c
System.Security.Cryptography	1451	0x060005ac	System.Security.Cryptography.X509Certificates.ManagedCertificateFinder	FindExtension	0x2050	NoInlining	Private, Static, HideBySig	0x10057d3bc	0x94925139	0x102a118a0	0x102a118a0	mapped	0x102a118a0
System.Security.Cryptography	1452	0x060005ad	System.Security.Cryptography.X509Certificates.ManagedCertificateFinder	CloneCertificate	0x0	NoInlining	Family, Virtual, HideBySig, VtableLayoutMask, Abstract	0x10057d3c0	0x97fffa54	0x10057bd10		absent	0x10057bd10
System.Security.Cryptography	1453	0x060005ae	System.Security.Cryptography.X509Certificates.ManagedCertificateFinder	FindCore	0x2050	NoInlining	Private, HideBySig	0x10057d3c4	0x949251d7	0x102a11b20	0x102a11b20	mapped	0x102a11b20
System.Security.Cryptography	1454	0x060005af	System.Security.Cryptography.X509Certificates.ManagedCertificateFinder	IsCertValid	0x2050	NoInlining	Private, Static, HideBySig	0x10057d3c8	0x97ffd022	0x100571450	0x100571450	mapped	0x100571450
System.Security.Cryptography	1455	0x060005b0	System.Security.Cryptography.X509Certificates.ManagedCertificateFinder	<FindByThumbprint>g__FindPredicate|5_0	0x2050	NoInlining	Assembly, Static, HideBySig	0x10057d3cc	0x94925239	0x102a11cb0	0x102a11cb0	mapped	0x102a11cb0
System.Security.Cryptography	1456	0x060005b1	System.Security.Cryptography.X509Certificates.ManagedCertificateFinder	<FindBySubjectKeyIdentifier>b__21_0	0x2050	NoInlining	Private, HideBySig	0x10057d3d0	0x94925286	0x102a11de8	0x102a11de8	mapped	0x102a11de8
System.Security.Cryptography	1457	0x060005b2	System.Security.Cryptography.X509Certificates.ManagedCertificateFinder+<>c	.cctor	0x2050	NoInlining	Private, Static, HideBySig, SpecialName, RTSpecialName	0x10057d3d4	0x949252ea	0x102a11f7c	0x102a11f7c	mapped	0x102a11f7c
System.Security.Cryptography	1458	0x060005b3	System.Security.Cryptography.X509Certificates.ManagedCertificateFinder+<>c	.ctor	0x2050	NoInlining	Public, HideBySig, SpecialName, RTSpecialName	0x10057d3d8	0x94925305	0x102a11fec	0x102a11fec	mapped	0x102a11fec
System.Security.Cryptography	1459	0x060005b4	System.Security.Cryptography.X509Certificates.ManagedCertificateFinder+<>c	<FindBySubjectName>b__6_0	0x2050	NoInlining	Assembly, HideBySig	0x10057d3dc	0x94925312	0x102a12024	0x102a12024	mapped	0x102a12024
System.Security.Cryptography	1460	0x060005b5	System.Security.Cryptography.X509Certificates.ManagedCertificateFinder+<>c	<FindBySubjectDistinguishedName>b__7_0	0x2050	NoInlining	Assembly, HideBySig	0x10057d3e0	0x94925335	0x102a120b4	0x102a120b4	mapped	0x102a120b4
System.Security.Cryptography	1461	0x060005b6	System.Security.Cryptography.X509Certificates.ManagedCertificateFinder+<>c	<FindByIssuerName>b__8_0	0x2050	NoInlining	Assembly, HideBySig	0x10057d3e4	0x94925367	0x102a12180	0x102a12180	mapped	0x102a12180
System.Security.Cryptography	1462	0x060005b7	System.Security.Cryptography.X509Certificates.ManagedCertificateFinder+<>c	<FindByIssuerDistinguishedName>b__9_0	0x2050	NoInlining	Assembly, HideBySig	0x10057d3e8	0x9492538a	0x102a12210	0x102a12210	mapped	0x102a12210
System.Security.Cryptography	1463	0x060005b8	System.Security.Cryptography.X509Certificates.ManagedCertificateFinder+<>c	<FindBySerialNumber>b__10_0	0x2050	NoInlining	Assembly, HideBySig	0x10057d3ec	0x949253bc	0x102a122dc	0x102a122dc	mapped	0x102a122dc
System.Security.Cryptography	1464	0x060005b9	System.Security.Cryptography.X509Certificates.ManagedCertificateFinder+<>c	<FindByTimeValid>b__12_0	0x2050	NoInlining	Assembly, HideBySig	0x10057d3f0	0x949253e8	0x102a12390	0x102a12390	mapped	0x102a12390
System.Security.Cryptography	1465	0x060005ba	System.Security.Cryptography.X509Certificates.ManagedCertificateFinder+<>c	<FindByTimeNotYetValid>b__13_0	0x2050	NoInlining	Assembly, HideBySig	0x10057d3f4	0x94925407	0x102a12410	0x102a12410	mapped	0x102a12410
System.Security.Cryptography	1466	0x060005bb	System.Security.Cryptography.X509Certificates.ManagedCertificateFinder+<>c	<FindByTimeExpired>b__14_0	0x2050	NoInlining	Assembly, HideBySig	0x10057d3f8	0x9492541f	0x102a12474	0x102a12474	mapped	0x102a12474
System.Security.Cryptography	1467	0x060005bc	System.Security.Cryptography.X509Certificates.ManagedCertificateFinder+<>c	<FindByTemplateName>b__15_0	0x2050	NoInlining	Assembly, HideBySig	0x10057d3fc	0x94925437	0x102a124d8	0x102a124d8	mapped	0x102a124d8
System.Security.Cryptography	1468	0x060005bd	System.Security.Cryptography.X509Certificates.ManagedCertificateFinder+<>c	<FindByApplicationPolicy>b__16_0	0x2050	NoInlining	Assembly, HideBySig	0x10057d400	0x949254d5	0x102a12754	0x102a12754	mapped	0x102a12754
System.Security.Cryptography	1469	0x060005be	System.Security.Cryptography.X509Certificates.ManagedCertificateFinder+<>c	<FindByCertificatePolicy>b__17_0	0x2050	NoInlining	Assembly, HideBySig	0x10057d404	0x9492553e	0x102a128fc	0x102a128fc	mapped	0x102a128fc
System.Security.Cryptography	1470	0x060005bf	System.Security.Cryptography.X509Certificates.ManagedCertificateFinder+<>c	<FindByExtension>b__18_0	0x2050	NoInlining	Assembly, HideBySig	0x10057d408	0x94925566	0x102a129a0	0x102a129a0	mapped	0x102a129a0
System.Security.Cryptography	1471	0x060005c0	System.Security.Cryptography.X509Certificates.ManagedCertificateFinder+<>c	<FindByKeyUsage>b__19_0	0x2050	NoInlining	Assembly, HideBySig	0x10057d40c	0x94925577	0x102a129e8	0x102a129e8	mapped	0x102a129e8
System.Security.Cryptography	1472	0x060005c1	System.Security.Cryptography.X509Certificates.ManagedX509ExtensionProcessor	DecodeX509KeyUsageExtension	0x2050	NoInlining	Public, Final, Virtual, HideBySig, VtableLayoutMask	0x10057d410	0x949255a2	0x102a12a98	0x102a12a98	mapped	0x102a12a98
System.Security.Cryptography	1473	0x060005c2	System.Security.Cryptography.X509Certificates.ManagedX509ExtensionProcessor	get_SupportsLegacyBasicConstraintsExtension	0x2050	NoInlining	Public, Final, Virtual, HideBySig, VtableLayoutMask, SpecialName	0x10057d414	0x9492560d	0x102a12c48	0x102a12c48	mapped	0x102a12c48
System.Security.Cryptography	1474	0x060005c3	System.Security.Cryptography.X509Certificates.ManagedX509ExtensionProcessor	DecodeX509EnhancedKeyUsageExtension	0x2050	NoInlining	Public, Final, Virtual, HideBySig, VtableLayoutMask	0x10057d418	0x9492560e	0x102a12c50	0x102a12c50	mapped	0x102a12c50
System.Security.Cryptography	1475	0x060005c4	System.Security.Cryptography.X509Certificates.ManagedX509ExtensionProcessor	DecodeX509SubjectKeyIdentifierExtension	0x2050	NoInlining	Assembly, Static, HideBySig	0x10057d41c	0x949256a6	0x102a12eb4	0x102a12eb4	mapped	0x102a12eb4
System.Security.Cryptography	1476	0x060005c5	System.Security.Cryptography.X509Certificates.ManagedX509ExtensionProcessor	ReverseBitOrder	0x2050	NoInlining	Private, Static, HideBySig	0x10057d420	0x949256fa	0x102a13008	0x102a13008	mapped	0x102a13008
System.Security.Cryptography	1477	0x060005c6	System.Security.Cryptography.X509Certificates.ManagedX509ExtensionProcessor	.ctor	0x2050	NoInlining	Public, HideBySig, SpecialName, RTSpecialName	0x10057d424	0x9492570a	0x102a1304c	0x102a1304c	mapped	0x102a1304c
System.Security.Cryptography	1478	0x060005c7	System.Security.Cryptography.X509Certificates.UnixChainVerifier	Verify	0x2050	NoInlining	Public, Static, HideBySig	0x10057d428	0x9492570a	0x102a13050	0x102a13050	mapped	0x102a13050
System.Security.Cryptography	1479	0x060005c8	System.Security.Cryptography.X509Certificates.UnixChainVerifier	HasUnsuppressedError	0x2050	NoInlining	Private, Static, HideBySig	0x10057d42c	0x9492573c	0x102a1311c	0x102a1311c	mapped	0x102a1311c
System.Security.Cryptography	1480	0x060005c9	System.Security.Cryptography.X509Certificates.UnixChainVerifier	IsSelfSigned	0x2050	NoInlining	Private, Static, HideBySig	0x10057d430	0x94925786	0x102a13248	0x102a13248	mapped	0x102a13248
System.Security.Cryptography	1481	0x060005ca	System.Security.Cryptography.X509Certificates.UnixChainVerifier	GetSuppressionFlag	0x2050	NoInlining	Private, Static, HideBySig	0x10057d434	0x949257a5	0x102a132c8	0x102a132c8	mapped	0x102a132c8
System.Security.Cryptography	1482	0x060005cb	System.Security.Cryptography.X509Certificates.UnixExportProvider	.ctor	0x2050	NoInlining	Assembly, HideBySig, SpecialName, RTSpecialName	0x10057d438	0x94925821	0x102a134bc	0x102a134bc	mapped	0x102a134bc
System.Security.Cryptography	1483	0x060005cc	System.Security.Cryptography.X509Certificates.UnixExportProvider	Dispose	0x2050	NoInlining	Public, Final, Virtual, HideBySig, VtableLayoutMask	0x10057d43c	0x9492583f	0x102a13538	0x102a13538	mapped	0x102a13538
System.Security.Cryptography	1484	0x060005cd	System.Security.Cryptography.X509Certificates.UnixExportProvider	ExportPkcs7	0x0	NoInlining	Family, Virtual, HideBySig, VtableLayoutMask, Abstract	0x10057d440	0x97fffa34	0x10057bd10		absent	0x10057bd10
System.Security.Cryptography	1485	0x060005ce	System.Security.Cryptography.X509Certificates.UnixExportProvider	ExportPkcs8	0x0	NoInlining	Family, Virtual, HideBySig, VtableLayoutMask, Abstract	0x10057d444	0x97fffa33	0x10057bd10		absent	0x10057bd10
System.Security.Cryptography	1486	0x060005cf	System.Security.Cryptography.X509Certificates.UnixExportProvider	Export	0x2050	NoInlining	Public, Final, Virtual, HideBySig, VtableLayoutMask	0x10057d448	0x94925845	0x102a1355c	0x102a1355c	mapped	0x102a1355c
System.Security.Cryptography	1487	0x060005d0	System.Security.Cryptography.X509Certificates.UnixExportProvider	ExportX509Der	0x2050	NoInlining	Private, HideBySig	0x10057d44c	0x94925882	0x102a13654	0x102a13654	mapped	0x102a13654
System.Security.Cryptography	1488	0x060005d1	System.Security.Cryptography.X509Certificates.UnixExportProvider	ExportPfx	0x2050	NoInlining	Private, HideBySig	0x10057d450	0x97ffd0a0	0x1005716d0	0x1005716d0	mapped	0x1005716d0
System.Security.Cryptography	1489	0x060005d2	System.Security.Cryptography.X509Certificates.UnixExportProvider	BuildBags	0x2050	NoInlining	Private, HideBySig	0x10057d454	0x949258ba	0x102a1373c	0x102a1373c	mapped	0x102a1373c
System.Security.Cryptography	1490	0x060005d3	System.Security.Cryptography.X509Certificates.UnixExportProvider	EncodeAuthSafe	0x2050	NoInlining	Private, Static, HideBySig	0x10057d458	0x949259f9	0x102a13c3c	0x102a13c3c	mapped	0x102a13c3c
System.Security.Cryptography	1491	0x060005d4	System.Security.Cryptography.X509Certificates.UnixExportProvider	EncodeKeys	0x2050	NoInlining	Private, Static, HideBySig	0x10057d45c	0x94925ad1	0x102a13fa0	0x102a13fa0	mapped	0x102a13fa0
System.Security.Cryptography	1492	0x060005d5	System.Security.Cryptography.X509Certificates.UnixExportProvider	EncodeCerts	0x2050	NoInlining	Private, Static, HideBySig	0x10057d460	0x94925b73	0x102a1422c	0x102a1422c	mapped	0x102a1422c
System.Security.Cryptography	1493	0x060005d6	System.Security.Cryptography.X509Certificates.UnixExportProvider	EncodeAuthSafe	0x2050	NoInlining	Private, Static, HideBySig	0x10057d464	0x94925c72	0x102a1462c	0x102a1462c	mapped	0x102a1462c
System.Security.Cryptography	1494	0x060005d7	System.Security.Cryptography.X509Certificates.UnixExportProvider	MacAndEncode	0x2050	NoInlining	Private, Static, HideBySig	0x10057d468	0x94925d84	0x102a14a78	0x102a14a78	mapped	0x102a14a78
System.Security.Cryptography	1495	0x060005d8	System.Security.Cryptography.X509Certificates.UnixExportProvider	.cctor	0x2050	NoInlining	Private, Static, HideBySig, SpecialName, RTSpecialName	0x10057d46c	0x94925ea1	0x102a14ef0	0x102a14ef0	mapped	0x102a14ef0
System.Security.Cryptography	1496	0x060005d9	System.Security.Cryptography.X509Certificates.UnixPkcs12Reader	ReadX509Der	0x0	NoInlining	Family, Virtual, HideBySig, VtableLayoutMask, Abstract	0x10057d470	0x97fffa28	0x10057bd10		absent	0x10057bd10
System.Security.Cryptography	1497	0x060005da	System.Security.Cryptography.X509Certificates.UnixPkcs12Reader	LoadKey	0x0	NoInlining	Family, Virtual, HideBySig, VtableLayoutMask, Abstract	0x10057d474	0x97fffa27	0x10057bd10		absent	0x10057bd10
System.Security.Cryptography	1498	0x060005db	System.Security.Cryptography.X509Certificates.UnixPkcs12Reader	ParsePkcs12	0x2050	NoInlining	Family, HideBySig	0x10057d478	0x94925ed7	0x102a14fd4	0x102a14fd4	mapped	0x102a14fd4
System.Security.Cryptography	1499	0x060005dc	System.Security.Cryptography.X509Certificates.UnixPkcs12Reader	GetSingleCert	0x2050	NoInlining	Assembly, HideBySig	0x10057d47c	0x94925f88	0x102a1529c	0x102a1529c	mapped	0x102a1529c
System.Security.Cryptography	1500	0x060005dd	System.Security.Cryptography.X509Certificates.UnixPkcs12Reader	Dispose	0x2050	NoInlining	Public, Final, Virtual, HideBySig, VtableLayoutMask	0x10057d480	0x94925fdc	0x102a153f0	0x102a153f0	mapped	0x102a153f0
System.Security.Cryptography	1501	0x060005de	System.Security.Cryptography.X509Certificates.UnixPkcs12Reader	ReturnRentedContentInfos	0x2050	NoInlining	Private, Static, HideBySig	0x10057d484	0x94926067	0x102a15620	0x102a15620	mapped	0x102a15620
System.Security.Cryptography	1502	0x060005df	System.Security.Cryptography.X509Certificates.UnixPkcs12Reader	Decrypt	0x2050	NoInlining	Public, HideBySig	0x10057d488	0x97ffd36e	0x100572240	0x100572240	mapped	0x100572240
System.Security.Cryptography	1503	0x060005e0	System.Security.Cryptography.X509Certificates.UnixPkcs12Reader	VerifyAndDecrypt	0x2050	NoInlining	Private, HideBySig	0x10057d48c	0x949260bf	0x102a15788	0x102a15788	mapped	0x102a15788
System.Security.Cryptography	1504	0x060005e1	System.Security.Cryptography.X509Certificates.UnixPkcs12Reader	Decrypt	0x2050	NoInlining	Private, HideBySig	0x10057d490	0x97ffd480	0x100572690	0x100572690	mapped	0x100572690
System.Security.Cryptography	1505	0x060005e2	System.Security.Cryptography.X509Certificates.UnixPkcs12Reader	DecodeSafeContents	0x2050	NoInlining	Private, Static, HideBySig	0x10057d494	0x94926136	0x102a1596c	0x102a1596c	mapped	0x102a1596c
System.Security.Cryptography	1506	0x060005e3	System.Security.Cryptography.X509Certificates.UnixPkcs12Reader	DecryptAndProcessSafeContents	0x2050	NoInlining	Private, HideBySig	0x10057d498	0x949261dd	0x102a15c0c	0x102a15c0c	mapped	0x102a15c0c
System.Security.Cryptography	1507	0x060005e4	System.Security.Cryptography.X509Certificates.UnixPkcs12Reader	ExtractPrivateKeys	0x2050	NoInlining	Private, HideBySig	0x10057d49c	0x97ffd6e1	0x100573020	0x100573020	mapped	0x100573020
System.Security.Cryptography	1508	0x060005e5	System.Security.Cryptography.X509Certificates.UnixPkcs12Reader	BuildCertsWithKeys	0x2050	NoInlining	Private, HideBySig	0x10057d4a0	0x94926257	0x102a15dfc	0x102a15dfc	mapped	0x102a15dfc
System.Security.Cryptography	1509	0x060005e6	System.Security.Cryptography.X509Certificates.UnixPkcs12Reader	PublicKeyMatches	0x2050	NoInlining	Private, Static, HideBySig	0x10057d4a4	0x949263a1	0x102a16328	0x102a16328	mapped	0x102a16328
System.Security.Cryptography	1510	0x060005e7	System.Security.Cryptography.X509Certificates.UnixPkcs12Reader	FindMatchingKey	0x2050	NoInlining	Private, Static, HideBySig	0x10057d4a8	0x94926495	0x102a166fc	0x102a166fc	mapped	0x102a166fc
System.Security.Cryptography	1511	0x060005e8	System.Security.Cryptography.X509Certificates.UnixPkcs12Reader	DecryptSafeContents	0x2050	NoInlining	Private, Static, HideBySig	0x10057d4ac	0x94926523	0x102a16938	0x102a16938	mapped	0x102a16938
System.Security.Cryptography	1512	0x060005e9	System.Security.Cryptography.X509Certificates.UnixPkcs12Reader	ProcessSafeContents	0x2050	NoInlining	Private, Static, HideBySig	0x10057d4b0	0x949265c3	0x102a16bbc	0x102a16bbc	mapped	0x102a16bbc
System.Security.Cryptography	1513	0x060005ea	System.Security.Cryptography.X509Certificates.UnixPkcs12Reader	LoadKey	0x2050	NoInlining	Private, HideBySig	0x10057d4b4	0x949266ba	0x102a16f9c	0x102a16f9c	mapped	0x102a16f9c
System.Security.Cryptography	1514	0x060005eb	System.Security.Cryptography.X509Certificates.UnixPkcs12Reader	GrowIfNeeded	0x2050	NoInlining	Private, Static, HideBySig	0x10057d4b8	0x94926731	0x102a1717c	0x102a1717c	mapped	0x102a1717c
System.Security.Cryptography	1515	0x060005ec	System.Security.Cryptography.X509Certificates.UnixPkcs12Reader	.ctor	0x2050	NoInlining	Family, HideBySig, SpecialName, RTSpecialName	0x10057d4bc	0x9492678b	0x102a172e8	0x102a172e8	mapped	0x102a172e8
System.Security.Cryptography	1516	0x060005ed	System.Security.Cryptography.X509Certificates.UnixPkcs12Reader+CertAndKey	Dispose	0x2050	NoInlining	Assembly, HideBySig	0x10057d4c0	0x9492678b	0x102a172ec	0x102a172ec	mapped	0x102a172ec
System.Security.Cryptography	1517	0x060005ee	System.Security.Cryptography.X509Certificates.UnixPkcs12Reader+RentedSubjectPublicKeyInfo	TrackArray	0x2050	NoInlining	Assembly, HideBySig	0x10057d4c4	0x949267b1	0x102a17388	0x102a17388	mapped	0x102a17388
System.Security.Cryptography	1518	0x060005ef	System.Security.Cryptography.X509Certificates.UnixPkcs12Reader+RentedSubjectPublicKeyInfo	Dispose	0x2050	NoInlining	Public, HideBySig	0x10057d4c8	0x949267c1	0x102a173cc	0x102a173cc	mapped	0x102a173cc
System.Security.Cryptography	1519	0x060005f0	System.Security.Cryptography.X509Certificates.X500NameEncoder	X500DistinguishedNameDecode	0x2050	NoInlining	Assembly, Static, HideBySig	0x10057d4cc	0x949267df	0x102a17448	0x102a17448	mapped	0x102a17448
System.Security.Cryptography	1520	0x060005f1	System.Security.Cryptography.X509Certificates.X500NameEncoder	NeedsQuoting	0x2050	NoInlining	Private, Static, HideBySig	0x10057d4d0	0x94926824	0x102a17560	0x102a17560	mapped	0x102a17560
System.Security.Cryptography	1521	0x060005f2	System.Security.Cryptography.X509Certificates.X500NameEncoder	IsQuotableWhitespace	0x2050	NoInlining	Private, Static, HideBySig	0x10057d4d4	0x94926867	0x102a17670	0x102a17670	mapped	0x102a17670
System.Security.Cryptography	1522	0x060005f3	System.Security.Cryptography.X509Certificates.X500NameEncoder	AppendOid	0x2050	NoInlining	Private, Static, HideBySig	0x10057d4d8	0x94926881	0x102a176dc	0x102a176dc	mapped	0x102a176dc
System.Security.Cryptography	1523	0x060005f4	System.Security.Cryptography.X509Certificates.X500NameEncoder	X500DistinguishedNameDecode	0x2050	NoInlining	Private, Static, HideBySig	0x10057d4dc	0x9492695e	0x102a17a54	0x102a17a54	mapped	0x102a17a54
System.Security.Cryptography	1524	0x060005f5	System.Security.Cryptography.X509Certificates.X500NameEncoder	ReadAttributeValue	0x2050	NoInlining	Private, Static, HideBySig	0x10057d4e0	0x94926b0f	0x102a1811c	0x102a1811c	mapped	0x102a1811c
System.Security.Cryptography	1525	0x060005f6	System.Security.Cryptography.X509Certificates.X500NameEncoder	.cctor	0x2050	NoInlining	Private, Static, HideBySig, SpecialName, RTSpecialName	0x10057d4e4	0x94926b74	0x102a182b4	0x102a182b4	mapped	0x102a182b4
System.Security.Cryptography	1526	0x060005f7	System.Security.Cryptography.X509Certificates.X500NameEncoder	<ReadAttributeValue>g__BinaryEncode|17_0	0x2050	NoInlining	Assembly, Static, HideBySig	0x10057d4e8	0x94926b90	0x102a18328	0x102a18328	mapped	0x102a18328
System.Security.Cryptography	1527	0x060005f8	System.Security.Cryptography.X509Certificates.X500NameEncoder+<>c	.cctor	0x2050	NoInlining	Private, Static, HideBySig, SpecialName, RTSpecialName	0x10057d4ec	0x94926bd5	0x102a18440	0x102a18440	mapped	0x102a18440
System.Security.Cryptography	1528	0x060005f9	System.Security.Cryptography.X509Certificates.X500NameEncoder+<>c	.ctor	0x2050	NoInlining	Public, HideBySig, SpecialName, RTSpecialName	0x10057d4f0	0x94926bf0	0x102a184b0	0x102a184b0	mapped	0x102a184b0
System.Security.Cryptography	1529	0x060005fa	System.Security.Cryptography.X509Certificates.X500NameEncoder+<>c	<ReadAttributeValue>b__17_1	0x2050	NoInlining	Assembly, HideBySig	0x10057d4f4	0x94926bfd	0x102a184e8	0x102a184e8	mapped	0x102a184e8
System.Security.Cryptography	1530	0x060005fb	System.Security.Cryptography.X509Certificates.SafeSecIdentityHandle	.ctor	0x2050	NoInlining	Public, HideBySig, SpecialName, RTSpecialName	0x10057d4f8	0x94926c42	0x102a18600	0x102a18600	mapped	0x102a18600
System.Security.Cryptography	1531	0x060005fc	System.Security.Cryptography.X509Certificates.SafeSecIdentityHandle	ReleaseHandle	0x2050	NoInlining	Family, Final, Virtual, HideBySig	0x10057d4fc	0x94926c51	0x102a18640	0x102a18640	mapped	0x102a18640
System.Security.Cryptography	1532	0x060005fd	System.Security.Cryptography.X509Certificates.SafeSecIdentityHandle	get_IsInvalid	0x2050	NoInlining	Public, Final, Virtual, HideBySig, SpecialName	0x10057d500	0x94926c66	0x102a18698	0x102a18698	mapped	0x102a18698
System.Security.Cryptography	1533	0x060005fe	System.Security.Cryptography.X509Certificates.SafeSecCertificateHandle	.ctor	0x2050	NoInlining	Public, HideBySig, SpecialName, RTSpecialName	0x10057d504	0x94926c70	0x102a186c4	0x102a186c4	mapped	0x102a186c4
System.Security.Cryptography	1534	0x060005ff	System.Security.Cryptography.X509Certificates.SafeSecCertificateHandle	ReleaseHandle	0x2050	NoInlining	Family, Final, Virtual, HideBySig	0x10057d508	0x94926c7f	0x102a18704	0x102a18704	mapped	0x102a18704
System.Security.Cryptography	1535	0x06000600	System.Security.Cryptography.X509Certificates.SafeSecCertificateHandle	get_IsInvalid	0x2050	NoInlining	Public, Final, Virtual, HideBySig, SpecialName	0x10057d50c	0x94926c94	0x102a1875c	0x102a1875c	mapped	0x102a1875c
System.Security.Cryptography	1536	0x06000601	System.Security.Cryptography.X509Certificates.AppleCertificateExporter	.ctor	0x2050	NoInlining	Public, HideBySig, SpecialName, RTSpecialName	0x10057d510	0x94926c9e	0x102a18788	0x102a18788	mapped	0x102a18788
System.Security.Cryptography	1537	0x06000602	System.Security.Cryptography.X509Certificates.AppleCertificateExporter	ExportPkcs7	0x2050	NoInlining	Family, Final, Virtual, HideBySig	0x10057d514	0x94926cb2	0x102a187dc	0x102a187dc	mapped	0x102a187dc
System.Security.Cryptography	1538	0x06000603	System.Security.Cryptography.X509Certificates.AppleCertificateExporter	ExportPkcs8	0x2050	NoInlining	Family, Final, Virtual, HideBySig	0x10057d518	0x94926cd0	0x102a18858	0x102a18858	mapped	0x102a18858
System.Security.Cryptography	1539	0x06000604	System.Security.Cryptography.X509Certificates.ApplePkcs12Reader	.ctor	0x2050	NoInlining	Assembly, HideBySig, SpecialName, RTSpecialName	0x10057d51c	0x94926d70	0x102a18adc	0x102a18adc	mapped	0x102a18adc
System.Security.Cryptography	1540	0x06000605	System.Security.Cryptography.X509Certificates.ApplePkcs12Reader	ReadX509Der	0x2050	NoInlining	Family, Final, Virtual, HideBySig	0x10057d520	0x94926d83	0x102a18b2c	0x102a18b2c	mapped	0x102a18b2c
System.Security.Cryptography	1541	0x06000606	System.Security.Cryptography.X509Certificates.ApplePkcs12Reader	LoadKey	0x2050	NoInlining	Family, Final, Virtual, HideBySig	0x10057d524	0x94926ded	0x102a18cd8	0x102a18cd8	mapped	0x102a18cd8
System.Security.Cryptography	1542	0x06000607	System.Security.Cryptography.X509Certificates.UnsupportedDisallowedStore	.ctor	0x2050	NoInlining	Assembly, HideBySig, SpecialName, RTSpecialName	0x10057d528	0x94926e67	0x102a18ec4	0x102a18ec4	mapped	0x102a18ec4
System.Security.Cryptography	1543	0x06000608	System.Security.Cryptography.X509Certificates.UnsupportedDisallowedStore	Dispose	0x2050	NoInlining	Public, Final, Virtual, HideBySig, VtableLayoutMask	0x10057d52c	0x94926e75	0x102a18f00	0x102a18f00	mapped	0x102a18f00
System.Security.Cryptography	1544	0x06000609	System.Security.Cryptography.X509Certificates.UnsupportedDisallowedStore	CloneTo	0x2050	NoInlining	Public, Final, Virtual, HideBySig, VtableLayoutMask	0x10057d530	0x94926e75	0x102a18f04	0x102a18f04	mapped	0x102a18f04
System.Security.Cryptography	1545	0x0600060a	System.Security.Cryptography.X509Certificates.Asn1.CertificateAsn	Decode	0x2050	NoInlining	Assembly, Static, HideBySig	0x10057d534	0x94926e75	0x102a18f08	0x102a18f08	mapped	0x102a18f08
System.Security.Cryptography	1546	0x0600060b	System.Security.Cryptography.X509Certificates.Asn1.CertificateAsn	Decode	0x2050	NoInlining	Assembly, Static, HideBySig	0x10057d538	0x94926e98	0x102a18f98	0x102a18f98	mapped	0x102a18f98
System.Security.Cryptography	1547	0x0600060c	System.Security.Cryptography.X509Certificates.Asn1.CertificateAsn	DecodeCore	0x2050	NoInlining	Private, Static, HideBySig	0x10057d53c	0x94926ec5	0x102a19050	0x102a19050	mapped	0x102a19050
System.Security.Cryptography	1548	0x0600060d	System.Security.Cryptography.X509Certificates.Asn1.TbsCertificateAsn	get_DefaultVersion	0x2050	NoInlining	Private, Static, HideBySig, SpecialName	0x10057d540	0x94926f99	0x102a193a4	0x102a193a4	mapped	0x102a193a4
System.Security.Cryptography	1549	0x0600060e	System.Security.Cryptography.X509Certificates.Asn1.TbsCertificateAsn	Decode	0x2050	NoInlining	Assembly, Static, HideBySig	0x10057d544	0x94926faf	0x102a19400	0x102a19400	mapped	0x102a19400
System.Security.Cryptography	1550	0x0600060f	System.Security.Cryptography.X509Certificates.Asn1.TbsCertificateAsn	Decode	0x2050	NoInlining	Assembly, Static, HideBySig	0x10057d548	0x94926fd2	0x102a19490	0x102a19490	mapped	0x102a19490
System.Security.Cryptography	1551	0x06000610	System.Security.Cryptography.X509Certificates.Asn1.TbsCertificateAsn	DecodeCore	0x2050	NoInlining	Private, Static, HideBySig	0x10057d54c	0x94926fff	0x102a19548	0x102a19548	mapped	0x102a19548
System.Security.Cryptography	1552	0x06000611	System.Security.Cryptography.X509Certificates.Asn1.TbsCertificateAsn	ValidateVersion	0x2050	NoInlining	Public, HideBySig	0x10057d550	0x9492738b	0x102a1a37c	0x102a1a37c	mapped	0x102a1a37c
System.Security.Cryptography	1553	0x06000612	System.Security.Cryptography.X509Certificates.Asn1.TimeAsn	Decode	0x2050	NoInlining	Assembly, Static, HideBySig	0x10057d554	0x949273c1	0x102a1a458	0x102a1a458	mapped	0x102a1a458
System.Security.Cryptography	1554	0x06000613	System.Security.Cryptography.X509Certificates.Asn1.TimeAsn	DecodeCore	0x2050	NoInlining	Private, Static, HideBySig	0x10057d558	0x949273e6	0x102a1a4f0	0x102a1a4f0	mapped	0x102a1a4f0
System.Security.Cryptography	1555	0x06000614	System.Security.Cryptography.X509Certificates.Asn1.TimeAsn	GetValue	0x2050	NoInlining	Public, HideBySig	0x10057d55c	0x94927456	0x102a1a6b4	0x102a1a6b4	mapped	0x102a1a6b4
System.Security.Cryptography	1556	0x06000615	System.Security.Cryptography.X509Certificates.Asn1.ValidityAsn	Decode	0x2050	NoInlining	Assembly, Static, HideBySig	0x10057d560	0x94927472	0x102a1a728	0x102a1a728	mapped	0x102a1a728
System.Security.Cryptography	1557	0x06000616	System.Security.Cryptography.X509Certificates.Asn1.ValidityAsn	Decode	0x2050	NoInlining	Assembly, Static, HideBySig	0x10057d564	0x9492748f	0x102a1a7a0	0x102a1a7a0	mapped	0x102a1a7a0
System.Security.Cryptography	1558	0x06000617	System.Security.Cryptography.X509Certificates.Asn1.ValidityAsn	DecodeCore	0x2050	NoInlining	Private, Static, HideBySig	0x10057d568	0x949274b6	0x102a1a840	0x102a1a840	mapped	0x102a1a840
System.Security.Cryptography	1559	0x06000618	System.Security.Cryptography.X509Certificates.Asn1.CertificatePolicyMappingAsn	Decode	0x2050	NoInlining	Assembly, Static, HideBySig	0x10057d56c	0x949274e5	0x102a1a900	0x102a1a900	mapped	0x102a1a900
System.Security.Cryptography	1560	0x06000619	System.Security.Cryptography.X509Certificates.Asn1.CertificatePolicyMappingAsn	Decode	0x2050	NoInlining	Assembly, Static, HideBySig	0x10057d570	0x94927502	0x102a1a978	0x102a1a978	mapped	0x102a1a978
System.Security.Cryptography	1561	0x0600061a	System.Security.Cryptography.X509Certificates.Asn1.CertificatePolicyMappingAsn	DecodeCore	0x2050	NoInlining	Private, Static, HideBySig	0x10057d574	0x94927529	0x102a1aa18	0x102a1aa18	mapped	0x102a1aa18
System.Security.Cryptography	1562	0x0600061b	System.Security.Cryptography.X509Certificates.Asn1.CertificateTemplateAsn	Decode	0x2050	NoInlining	Assembly, Static, HideBySig	0x10057d578	0x94927577	0x102a1ab54	0x102a1ab54	mapped	0x102a1ab54
System.Security.Cryptography	1563	0x0600061c	System.Security.Cryptography.X509Certificates.Asn1.CertificateTemplateAsn	Decode	0x2050	NoInlining	Assembly, Static, HideBySig	0x10057d57c	0x949275a9	0x102a1ac20	0x102a1ac20	mapped	0x102a1ac20
System.Security.Cryptography	1564	0x0600061d	System.Security.Cryptography.X509Certificates.Asn1.CertificateTemplateAsn	DecodeCore	0x2050	NoInlining	Private, Static, HideBySig	0x10057d580	0x9492760b	0x102a1adac	0x102a1adac	mapped	0x102a1adac
System.Security.Cryptography	1565	0x0600061e	System.Security.Cryptography.X509Certificates.Asn1.PolicyConstraintsAsn	Decode	0x2050	NoInlining	Assembly, Static, HideBySig	0x10057d584	0x94927691	0x102a1afc8	0x102a1afc8	mapped	0x102a1afc8
System.Security.Cryptography	1566	0x0600061f	System.Security.Cryptography.X509Certificates.Asn1.PolicyConstraintsAsn	Decode	0x2050	NoInlining	Assembly, Static, HideBySig	0x10057d588	0x949276b2	0x102a1b050	0x102a1b050	mapped	0x102a1b050
System.Security.Cryptography	1567	0x06000620	System.Security.Cryptography.X509Certificates.Asn1.PolicyConstraintsAsn	DecodeCore	0x2050	NoInlining	Private, Static, HideBySig	0x10057d58c	0x9492770b	0x102a1b1b8	0x102a1b1b8	mapped	0x102a1b1b8
System.Security.Cryptography	1568	0x06000621	System.Security.Cryptography.X509Certificates.Asn1.PolicyInformationAsn	Decode	0x2050	NoInlining	Assembly, Static, HideBySig	0x10057d590	0x949277a5	0x102a1b424	0x102a1b424	mapped	0x102a1b424
System.Security.Cryptography	1569	0x06000622	System.Security.Cryptography.X509Certificates.Asn1.PolicyInformationAsn	Decode	0x2050	NoInlining	Assembly, Static, HideBySig	0x10057d594	0x949277c8	0x102a1b4b4	0x102a1b4b4	mapped	0x102a1b4b4
System.Security.Cryptography	1570	0x06000623	System.Security.Cryptography.X509Certificates.Asn1.PolicyInformationAsn	DecodeCore	0x2050	NoInlining	Private, Static, HideBySig	0x10057d598	0x949277f5	0x102a1b56c	0x102a1b56c	mapped	0x102a1b56c
System.Security.Cryptography	1571	0x06000624	System.Security.Cryptography.Pkcs.Pkcs12Kdf	DeriveCipherKey	0x2050	NoInlining	Assembly, Static, HideBySig	0x10057d59c	0x949278a2	0x102a1b824	0x102a1b824	mapped	0x102a1b824
System.Security.Cryptography	1572	0x06000625	System.Security.Cryptography.Pkcs.Pkcs12Kdf	DeriveIV	0x2050	NoInlining	Assembly, Static, HideBySig	0x10057d5a0	0x949278d0	0x102a1b8e0	0x102a1b8e0	mapped	0x102a1b8e0
System.Security.Cryptography	1573	0x06000626	System.Security.Cryptography.Pkcs.Pkcs12Kdf	DeriveMacKey	0x2050	NoInlining	Assembly, Static, HideBySig	0x10057d5a4	0x949278fe	0x102a1b99c	0x102a1b99c	mapped	0x102a1b99c
System.Security.Cryptography	1574	0x06000627	System.Security.Cryptography.Pkcs.Pkcs12Kdf	Derive	0x2050	NoInlining	Private, Static, HideBySig	0x10057d5a8	0x9492792c	0x102a1ba58	0x102a1ba58	mapped	0x102a1ba58
System.Security.Cryptography	1575	0x06000628	System.Security.Cryptography.Pkcs.Pkcs12Kdf	AddPlusOne	0x2050	NoInlining	Private, Static, HideBySig	0x10057d5ac	0x94927aa8	0x102a1c04c	0x102a1c04c	mapped	0x102a1c04c
System.Security.Cryptography	1576	0x06000629	System.Security.Cryptography.Pkcs.Pkcs12Kdf	CircularCopy	0x2050	NoInlining	Private, Static, HideBySig	0x10057d5b0	0x94927af3	0x102a1c17c	0x102a1c17c	mapped	0x102a1c17c
System.Security.Cryptography	1577	0x0600062a	System.Security.Cryptography.Pkcs.Pkcs12Kdf	CircularCopyUtf16BE	0x2050	NoInlining	Private, Static, HideBySig	0x10057d5b4	0x94927b42	0x102a1c2bc	0x102a1c2bc	mapped	0x102a1c2bc
System.Security.Cryptography	1578	0x0600062b	System.Security.Cryptography.Pkcs.Pkcs12Kdf	.cctor	0x2050	NoInlining	Private, Static, HideBySig, SpecialName, RTSpecialName	0x10057d5b8	0x94927bc8	0x102a1c4d8	0x102a1c4d8	mapped	0x102a1c4d8
System.Security.Cryptography	1579	0x0600062c	System.Security.Cryptography.Asn1.AlgorithmIdentifierAsn	Encode	0x2050	NoInlining	Assembly, HideBySig	0x10057d5bc	0x94927c3a	0x102a1c6a4	0x102a1c6a4	mapped	0x102a1c6a4
System.Security.Cryptography	1580	0x0600062d	System.Security.Cryptography.Asn1.AlgorithmIdentifierAsn	Encode	0x2050	NoInlining	Assembly, HideBySig	0x10057d5c0	0x94927c57	0x102a1c71c	0x102a1c71c	mapped	0x102a1c71c
System.Security.Cryptography	1581	0x0600062e	System.Security.Cryptography.Asn1.AlgorithmIdentifierAsn	Decode	0x2050	NoInlining	Assembly, Static, HideBySig	0x10057d5c4	0x94927cd5	0x102a1c918	0x102a1c918	mapped	0x102a1c918
System.Security.Cryptography	1582	0x0600062f	System.Security.Cryptography.Asn1.AlgorithmIdentifierAsn	Decode	0x2050	NoInlining	Assembly, Static, HideBySig	0x10057d5c8	0x94927cf8	0x102a1c9a8	0x102a1c9a8	mapped	0x102a1c9a8
System.Security.Cryptography	1583	0x06000630	System.Security.Cryptography.Asn1.AlgorithmIdentifierAsn	DecodeCore	0x2050	NoInlining	Private, Static, HideBySig	0x10057d5cc	0x94927d30	0x102a1ca8c	0x102a1ca8c	mapped	0x102a1ca8c
System.Security.Cryptography	1584	0x06000631	System.Security.Cryptography.Asn1.AlgorithmIdentifierAsn	HasNullEquivalentParameters	0x2050	NoInlining	Assembly, HideBySig	0x10057d5d0	0x94927ddd	0x102a1cd44	0x102a1cd44	mapped	0x102a1cd44
System.Security.Cryptography	1585	0x06000632	System.Security.Cryptography.Asn1.AlgorithmIdentifierAsn	RepresentsNull	0x2050	NoInlining	Assembly, Static, HideBySig	0x10057d5d4	0x94927df6	0x102a1cdac	0x102a1cdac	mapped	0x102a1cdac
System.Security.Cryptography	1586	0x06000633	System.Security.Cryptography.Asn1.AlgorithmIdentifierAsn	.cctor	0x2050	NoInlining	Private, Static, HideBySig, SpecialName, RTSpecialName	0x10057d5d8	0x94927e3a	0x102a1cec0	0x102a1cec0	mapped	0x102a1cec0
System.Security.Cryptography	1587	0x06000634	System.Security.Cryptography.Asn1.AttributeAsn	Encode	0x2050	NoInlining	Assembly, HideBySig	0x10057d5dc	0x94927e68	0x102a1cf7c	0x102a1cf7c	mapped	0x102a1cf7c
System.Security.Cryptography	1588	0x06000635	System.Security.Cryptography.Asn1.AttributeAsn	Encode	0x2050	NoInlining	Assembly, HideBySig	0x10057d5e0	0x94927e85	0x102a1cff4	0x102a1cff4	mapped	0x102a1cff4
System.Security.Cryptography	1589	0x06000636	System.Security.Cryptography.Asn1.AttributeAsn	Decode	0x2050	NoInlining	Assembly, Static, HideBySig	0x10057d5e4	0x94927f27	0x102a1d280	0x102a1d280	mapped	0x102a1d280
System.Security.Cryptography	1590	0x06000637	System.Security.Cryptography.Asn1.AttributeAsn	Decode	0x2050	NoInlining	Assembly, Static, HideBySig	0x10057d5e8	0x94927f4a	0x102a1d310	0x102a1d310	mapped	0x102a1d310
System.Security.Cryptography	1591	0x06000638	System.Security.Cryptography.Asn1.AttributeAsn	DecodeCore	0x2050	NoInlining	Private, Static, HideBySig	0x10057d5ec	0x94927f77	0x102a1d3c8	0x102a1d3c8	mapped	0x102a1d3c8
System.Security.Cryptography	1592	0x06000639	System.Security.Cryptography.Asn1.CurveAsn	Encode	0x2050	NoInlining	Assembly, HideBySig	0x10057d5f0	0x9492806c	0x102a1d7a0	0x102a1d7a0	mapped	0x102a1d7a0
System.Security.Cryptography	1593	0x0600063a	System.Security.Cryptography.Asn1.CurveAsn	Encode	0x2050	NoInlining	Assembly, HideBySig	0x10057d5f4	0x94928089	0x102a1d818	0x102a1d818	mapped	0x102a1d818
System.Security.Cryptography	1594	0x0600063b	System.Security.Cryptography.Asn1.CurveAsn	Decode	0x2050	NoInlining	Assembly, Static, HideBySig	0x10057d5f8	0x9492811f	0x102a1da74	0x102a1da74	mapped	0x102a1da74
System.Security.Cryptography	1595	0x0600063c	System.Security.Cryptography.Asn1.CurveAsn	Decode	0x2050	NoInlining	Assembly, Static, HideBySig	0x10057d5fc	0x94928142	0x102a1db04	0x102a1db04	mapped	0x102a1db04
System.Security.Cryptography	1596	0x0600063d	System.Security.Cryptography.Asn1.CurveAsn	DecodeCore	0x2050	NoInlining	Private, Static, HideBySig	0x10057d600	0x9492816f	0x102a1dbbc	0x102a1dbbc	mapped	0x102a1dbbc
System.Security.Cryptography	1597	0x0600063e	System.Security.Cryptography.Asn1.DirectoryStringAsn	Decode	0x2050	NoInlining	Assembly, Static, HideBySig	0x10057d604	0x9492831a	0x102a1e26c	0x102a1e26c	mapped	0x102a1e26c
System.Security.Cryptography	1598	0x0600063f	System.Security.Cryptography.Asn1.DirectoryStringAsn	DecodeCore	0x2050	NoInlining	Private, Static, HideBySig	0x10057d608	0x94928343	0x102a1e314	0x102a1e314	mapped	0x102a1e314
System.Security.Cryptography	1599	0x06000640	System.Security.Cryptography.Asn1.DigestInfoAsn	Decode	0x2050	NoInlining	Assembly, Static, HideBySig	0x10057d60c	0x94928428	0x102a1e6ac	0x102a1e6ac	mapped	0x102a1e6ac
System.Security.Cryptography	1600	0x06000641	System.Security.Cryptography.Asn1.DigestInfoAsn	Decode	0x2050	NoInlining	Assembly, Static, HideBySig	0x10057d610	0x9492844b	0x102a1e73c	0x102a1e73c	mapped	0x102a1e73c
System.Security.Cryptography	1601	0x06000642	System.Security.Cryptography.Asn1.DigestInfoAsn	DecodeCore	0x2050	NoInlining	Private, Static, HideBySig	0x10057d614	0x94928478	0x102a1e7f4	0x102a1e7f4	mapped	0x102a1e7f4
System.Security.Cryptography	1602	0x06000643	System.Security.Cryptography.Asn1.ECDomainParameters	Encode	0x2050	NoInlining	Assembly, HideBySig	0x10057d618	0x9492853d	0x102a1eb0c	0x102a1eb0c	mapped	0x102a1eb0c
System.Security.Cryptography	1603	0x06000644	System.Security.Cryptography.Asn1.ECDomainParameters	Decode	0x2050	NoInlining	Assembly, Static, HideBySig	0x10057d61c	0x9492858e	0x102a1ec54	0x102a1ec54	mapped	0x102a1ec54
System.Security.Cryptography	1604	0x06000645	System.Security.Cryptography.Asn1.ECDomainParameters	Decode	0x2050	NoInlining	Assembly, Static, HideBySig	0x10057d620	0x9492860c	0x102a1ee50	0x102a1ee50	mapped	0x102a1ee50
System.Security.Cryptography	1605	0x06000646	System.Security.Cryptography.Asn1.ECDomainParameters	DecodeCore	0x2050	NoInlining	Private, Static, HideBySig	0x10057d624	0x94928635	0x102a1eef8	0x102a1eef8	mapped	0x102a1eef8
System.Security.Cryptography	1606	0x06000647	System.Security.Cryptography.Asn1.ECPrivateKey	Decode	0x2050	NoInlining	Assembly, Static, HideBySig	0x10057d628	0x949286ad	0x102a1f0dc	0x102a1f0dc	mapped	0x102a1f0dc
System.Security.Cryptography	1607	0x06000648	System.Security.Cryptography.Asn1.ECPrivateKey	Decode	0x2050	NoInlining	Assembly, Static, HideBySig	0x10057d62c	0x949286d6	0x102a1f184	0x102a1f184	mapped	0x102a1f184
System.Security.Cryptography	1608	0x06000649	System.Security.Cryptography.Asn1.ECPrivateKey	DecodeCore	0x2050	NoInlining	Private, Static, HideBySig	0x10057d630	0x94928764	0x102a1f3c0	0x102a1f3c0	mapped	0x102a1f3c0
System.Security.Cryptography	1609	0x0600064a	System.Security.Cryptography.Asn1.EdiPartyNameAsn	Decode	0x2050	NoInlining	Assembly, Static, HideBySig	0x10057d634	0x9492893d	0x102a1fb28	0x102a1fb28	mapped	0x102a1fb28
System.Security.Cryptography	1610	0x0600064b	System.Security.Cryptography.Asn1.EdiPartyNameAsn	DecodeCore	0x2050	NoInlining	Private, Static, HideBySig	0x10057d638	0x9492896a	0x102a1fbe0	0x102a1fbe0	mapped	0x102a1fbe0
System.Security.Cryptography	1611	0x0600064c	System.Security.Cryptography.Asn1.EncryptedPrivateKeyInfoAsn	Decode	0x2050	NoInlining	Assembly, Static, HideBySig	0x10057d63c	0x949289fa	0x102a1fe24	0x102a1fe24	mapped	0x102a1fe24
System.Security.Cryptography	1612	0x0600064d	System.Security.Cryptography.Asn1.EncryptedPrivateKeyInfoAsn	Decode	0x2050	NoInlining	Assembly, Static, HideBySig	0x10057d640	0x94928a1d	0x102a1feb4	0x102a1feb4	mapped	0x102a1feb4
System.Security.Cryptography	1613	0x0600064e	System.Security.Cryptography.Asn1.EncryptedPrivateKeyInfoAsn	DecodeCore	0x2050	NoInlining	Private, Static, HideBySig	0x10057d644	0x94928a4a	0x102a1ff6c	0x102a1ff6c	mapped	0x102a1ff6c
System.Security.Cryptography	1614	0x0600064f	System.Security.Cryptography.Asn1.FieldID	Encode	0x2050	NoInlining	Assembly, HideBySig	0x10057d648	0x94928b0f	0x102a20284	0x102a20284	mapped	0x102a20284
System.Security.Cryptography	1615	0x06000650	System.Security.Cryptography.Asn1.FieldID	Encode	0x2050	NoInlining	Assembly, HideBySig	0x10057d64c	0x94928b2c	0x102a202fc	0x102a202fc	mapped	0x102a202fc
System.Security.Cryptography	1616	0x06000651	System.Security.Cryptography.Asn1.FieldID	Decode	0x2050	NoInlining	Assembly, Static, HideBySig	0x10057d650	0x94928ba9	0x102a204f4	0x102a204f4	mapped	0x102a204f4
System.Security.Cryptography	1617	0x06000652	System.Security.Cryptography.Asn1.FieldID	Decode	0x2050	NoInlining	Assembly, Static, HideBySig	0x10057d654	0x94928bcc	0x102a20584	0x102a20584	mapped	0x102a20584
System.Security.Cryptography	1618	0x06000653	System.Security.Cryptography.Asn1.FieldID	DecodeCore	0x2050	NoInlining	Private, Static, HideBySig	0x10057d658	0x94928bf9	0x102a2063c	0x102a2063c	mapped	0x102a2063c
System.Security.Cryptography	1619	0x06000654	System.Security.Cryptography.Asn1.GeneralNameAsn	Decode	0x2050	NoInlining	Assembly, Static, HideBySig	0x10057d65c	0x94928ca0	0x102a208dc	0x102a208dc	mapped	0x102a208dc
System.Security.Cryptography	1620	0x06000655	System.Security.Cryptography.Asn1.GeneralNameAsn	DecodeCore	0x2050	NoInlining	Private, Static, HideBySig	0x10057d660	0x94928cc9	0x102a20984	0x102a20984	mapped	0x102a20984
System.Security.Cryptography	1621	0x06000656	System.Security.Cryptography.Asn1.OtherNameAsn	Decode	0x2050	NoInlining	Assembly, Static, HideBySig	0x10057d664	0x94928f87	0x102a21480	0x102a21480	mapped	0x102a21480
System.Security.Cryptography	1622	0x06000657	System.Security.Cryptography.Asn1.OtherNameAsn	DecodeCore	0x2050	NoInlining	Private, Static, HideBySig	0x10057d668	0x94928fb4	0x102a21538	0x102a21538	mapped	0x102a21538
System.Security.Cryptography	1623	0x06000658	System.Security.Cryptography.Asn1.PBEParameter	Decode	0x2050	NoInlining	Assembly, Static, HideBySig	0x10057d66c	0x94929070	0x102a2182c	0x102a2182c	mapped	0x102a2182c
System.Security.Cryptography	1624	0x06000659	System.Security.Cryptography.Asn1.PBEParameter	Decode	0x2050	NoInlining	Assembly, Static, HideBySig	0x10057d670	0x949290a2	0x102a218f8	0x102a218f8	mapped	0x102a218f8
System.Security.Cryptography	1625	0x0600065a	System.Security.Cryptography.Asn1.PBEParameter	DecodeCore	0x2050	NoInlining	Private, Static, HideBySig	0x10057d674	0x94929106	0x102a21a8c	0x102a21a8c	mapped	0x102a21a8c
System.Security.Cryptography	1626	0x0600065b	System.Security.Cryptography.Asn1.PBES2Params	Decode	0x2050	NoInlining	Assembly, Static, HideBySig	0x10057d678	0x949291d7	0x102a21dd4	0x102a21dd4	mapped	0x102a21dd4
System.Security.Cryptography	1627	0x0600065c	System.Security.Cryptography.Asn1.PBES2Params	Decode	0x2050	NoInlining	Assembly, Static, HideBySig	0x10057d67c	0x94929200	0x102a21e7c	0x102a21e7c	mapped	0x102a21e7c
System.Security.Cryptography	1628	0x0600065d	System.Security.Cryptography.Asn1.PBES2Params	DecodeCore	0x2050	NoInlining	Private, Static, HideBySig	0x10057d680	0x94929284	0x102a22090	0x102a22090	mapped	0x102a22090
System.Security.Cryptography	1629	0x0600065e	System.Security.Cryptography.Asn1.Pbkdf2Params	get_DefaultPrf	0x2050	NoInlining	Private, Static, HideBySig, SpecialName	0x10057d684	0x949292b4	0x102a22154	0x102a22154	mapped	0x102a22154
System.Security.Cryptography	1630	0x0600065f	System.Security.Cryptography.Asn1.Pbkdf2Params	Decode	0x2050	NoInlining	Assembly, Static, HideBySig	0x10057d688	0x949292ca	0x102a221b0	0x102a221b0	mapped	0x102a221b0
System.Security.Cryptography	1631	0x06000660	System.Security.Cryptography.Asn1.Pbkdf2Params	Decode	0x2050	NoInlining	Assembly, Static, HideBySig	0x10057d68c	0x949292f3	0x102a22258	0x102a22258	mapped	0x102a22258
System.Security.Cryptography	1632	0x06000661	System.Security.Cryptography.Asn1.Pbkdf2Params	DecodeCore	0x2050	NoInlining	Private, Static, HideBySig	0x10057d690	0x9492936a	0x102a22438	0x102a22438	mapped	0x102a22438
System.Security.Cryptography	1633	0x06000662	System.Security.Cryptography.Asn1.Pbkdf2SaltChoice	Decode	0x2050	NoInlining	Assembly, Static, HideBySig	0x10057d694	0x94929409	0x102a226b8	0x102a226b8	mapped	0x102a226b8
System.Security.Cryptography	1634	0x06000663	System.Security.Cryptography.Asn1.Pbkdf2SaltChoice	DecodeCore	0x2050	NoInlining	Private, Static, HideBySig	0x10057d698	0x94929432	0x102a22760	0x102a22760	mapped	0x102a22760
System.Security.Cryptography	1635	0x06000664	System.Security.Cryptography.Asn1.PrivateKeyInfoAsn	Decode	0x2050	NoInlining	Assembly, Static, HideBySig	0x10057d69c	0x9492950e	0x102a22ad4	0x102a22ad4	mapped	0x102a22ad4
System.Security.Cryptography	1636	0x06000665	System.Security.Cryptography.Asn1.PrivateKeyInfoAsn	Decode	0x2050	NoInlining	Assembly, Static, HideBySig	0x10057d6a0	0x94929537	0x102a22b7c	0x102a22b7c	mapped	0x102a22b7c
System.Security.Cryptography	1637	0x06000666	System.Security.Cryptography.Asn1.PrivateKeyInfoAsn	Decode	0x2050	NoInlining	Assembly, Static, HideBySig	0x10057d6a4	0x949295a4	0x102a22d34	0x102a22d34	mapped	0x102a22d34
System.Security.Cryptography	1638	0x06000667	System.Security.Cryptography.Asn1.PrivateKeyInfoAsn	Decode	0x2050	NoInlining	Assembly, Static, HideBySig	0x10057d6a8	0x949295c7	0x102a22dc4	0x102a22dc4	mapped	0x102a22dc4
System.Security.Cryptography	1639	0x06000668	System.Security.Cryptography.Asn1.PrivateKeyInfoAsn	DecodeCore	0x2050	NoInlining	Private, Static, HideBySig	0x10057d6ac	0x949295f4	0x102a22e7c	0x102a22e7c	mapped	0x102a22e7c
System.Security.Cryptography	1640	0x06000669	System.Security.Cryptography.Asn1.Rc2CbcParameters	Decode	0x2050	NoInlining	Assembly, Static, HideBySig	0x10057d6b0	0x94929740	0x102a233b0	0x102a233b0	mapped	0x102a233b0
System.Security.Cryptography	1641	0x0600066a	System.Security.Cryptography.Asn1.Rc2CbcParameters	Decode	0x2050	NoInlining	Assembly, Static, HideBySig	0x10057d6b4	0x94929771	0x102a23478	0x102a23478	mapped	0x102a23478
System.Security.Cryptography	1642	0x0600066b	System.Security.Cryptography.Asn1.Rc2CbcParameters	DecodeCore	0x2050	NoInlining	Private, Static, HideBySig	0x10057d6b8	0x949297d5	0x102a2360c	0x102a2360c	mapped	0x102a2360c
System.Security.Cryptography	1643	0x0600066c	System.Security.Cryptography.Asn1.Rc2CbcParameters	get_Rc2EkbEncoding	0x2050	NoInlining	Private, Static, HideBySig, SpecialName	0x10057d6bc	0x949298ab	0x102a23968	0x102a23968	mapped	0x102a23968
System.Security.Cryptography	1644	0x0600066d	System.Security.Cryptography.Asn1.Rc2CbcParameters	GetEffectiveKeyBits	0x2050	NoInlining	Assembly, HideBySig	0x10057d6c0	0x949298c1	0x102a239c4	0x102a239c4	mapped	0x102a239c4
System.Security.Cryptography	1645	0x0600066e	System.Security.Cryptography.Asn1.RSAPrivateKeyAsn	Decode	0x2050	NoInlining	Assembly, Static, HideBySig	0x10057d6c4	0x949298e8	0x102a23a64	0x102a23a64	mapped	0x102a23a64
System.Security.Cryptography	1646	0x0600066f	System.Security.Cryptography.Asn1.RSAPrivateKeyAsn	Decode	0x2050	NoInlining	Assembly, Static, HideBySig	0x10057d6c8	0x94929911	0x102a23b0c	0x102a23b0c	mapped	0x102a23b0c
System.Security.Cryptography	1647	0x06000670	System.Security.Cryptography.Asn1.RSAPrivateKeyAsn	DecodeCore	0x2050	NoInlining	Private, Static, HideBySig	0x10057d6cc	0x9492998a	0x102a23cf4	0x102a23cf4	mapped	0x102a23cf4
System.Security.Cryptography	1648	0x06000671	System.Security.Cryptography.Asn1.RSAPublicKeyAsn	Decode	0x2050	NoInlining	Assembly, Static, HideBySig	0x10057d6d0	0x94929a79	0x102a240b4	0x102a240b4	mapped	0x102a240b4
System.Security.Cryptography	1649	0x06000672	System.Security.Cryptography.Asn1.RSAPublicKeyAsn	Decode	0x2050	NoInlining	Assembly, Static, HideBySig	0x10057d6d4	0x94929aaf	0x102a24190	0x102a24190	mapped	0x102a24190
System.Security.Cryptography	1650	0x06000673	System.Security.Cryptography.Asn1.RSAPublicKeyAsn	DecodeCore	0x2050	NoInlining	Private, Static, HideBySig	0x10057d6d8	0x94929b16	0x102a24330	0x102a24330	mapped	0x102a24330
System.Security.Cryptography	1651	0x06000674	System.Security.Cryptography.Asn1.SpecifiedECDomain	Encode	0x2050	NoInlining	Assembly, HideBySig	0x10057d6dc	0x94929b65	0x102a24470	0x102a24470	mapped	0x102a24470
System.Security.Cryptography	1652	0x06000675	System.Security.Cryptography.Asn1.SpecifiedECDomain	Encode	0x2050	NoInlining	Assembly, HideBySig	0x10057d6e0	0x94929b82	0x102a244e8	0x102a244e8	mapped	0x102a244e8
System.Security.Cryptography	1653	0x06000676	System.Security.Cryptography.Asn1.SpecifiedECDomain	Decode	0x2050	NoInlining	Assembly, Static, HideBySig	0x10057d6e4	0x94929c41	0x102a247e8	0x102a247e8	mapped	0x102a247e8
System.Security.Cryptography	1654	0x06000677	System.Security.Cryptography.Asn1.SpecifiedECDomain	Decode	0x2050	NoInlining	Assembly, Static, HideBySig	0x10057d6e8	0x94929c64	0x102a24878	0x102a24878	mapped	0x102a24878
System.Security.Cryptography	1655	0x06000678	System.Security.Cryptography.Asn1.SpecifiedECDomain	DecodeCore	0x2050	NoInlining	Private, Static, HideBySig	0x10057d6ec	0x94929c91	0x102a24930	0x102a24930	mapped	0x102a24930
System.Security.Cryptography	1656	0x06000679	System.Security.Cryptography.Asn1.SubjectPublicKeyInfoAsn	Encode	0x2050	NoInlining	Assembly, HideBySig	0x10057d6f0	0x94929e3a	0x102a24fd8	0x102a24fd8	mapped	0x102a24fd8
System.Security.Cryptography	1657	0x0600067a	System.Security.Cryptography.Asn1.SubjectPublicKeyInfoAsn	Encode	0x2050	NoInlining	Assembly, HideBySig	0x10057d6f4	0x94929e57	0x102a25050	0x102a25050	mapped	0x102a25050
System.Security.Cryptography	1658	0x0600067b	System.Security.Cryptography.Asn1.SubjectPublicKeyInfoAsn	Decode	0x2050	NoInlining	Assembly, Static, HideBySig	0x10057d6f8	0x94929eb5	0x102a251cc	0x102a251cc	mapped	0x102a251cc
System.Security.Cryptography	1659	0x0600067c	System.Security.Cryptography.Asn1.SubjectPublicKeyInfoAsn	Decode	0x2050	NoInlining	Assembly, Static, HideBySig	0x10057d6fc	0x94929ede	0x102a25274	0x102a25274	mapped	0x102a25274
System.Security.Cryptography	1660	0x0600067d	System.Security.Cryptography.Asn1.SubjectPublicKeyInfoAsn	Decode	0x2050	NoInlining	Assembly, Static, HideBySig	0x10057d700	0x94929f46	0x102a25418	0x102a25418	mapped	0x102a25418
System.Security.Cryptography	1661	0x0600067e	System.Security.Cryptography.Asn1.SubjectPublicKeyInfoAsn	Decode	0x2050	NoInlining	Assembly, Static, HideBySig	0x10057d704	0x94929f69	0x102a254a8	0x102a254a8	mapped	0x102a254a8
System.Security.Cryptography	1662	0x0600067f	System.Security.Cryptography.Asn1.SubjectPublicKeyInfoAsn	DecodeCore	0x2050	NoInlining	Private, Static, HideBySig	0x10057d708	0x94929f96	0x102a25560	0x102a25560	mapped	0x102a25560
System.Security.Cryptography	1663	0x06000680	System.Security.Cryptography.Asn1.X509ExtensionAsn	get_DefaultCritical	0x2050	NoInlining	Private, Static, HideBySig, SpecialName	0x10057d70c	0x9492a05e	0x102a25884	0x102a25884	mapped	0x102a25884
System.Security.Cryptography	1664	0x06000681	System.Security.Cryptography.Asn1.X509ExtensionAsn	Decode	0x2050	NoInlining	Assembly, Static, HideBySig	0x10057d710	0x9492a074	0x102a258e0	0x102a258e0	mapped	0x102a258e0
System.Security.Cryptography	1665	0x06000682	System.Security.Cryptography.Asn1.X509ExtensionAsn	Decode	0x2050	NoInlining	Assembly, Static, HideBySig	0x10057d714	0x9492a097	0x102a25970	0x102a25970	mapped	0x102a25970
System.Security.Cryptography	1666	0x06000683	System.Security.Cryptography.Asn1.X509ExtensionAsn	DecodeCore	0x2050	NoInlining	Private, Static, HideBySig	0x10057d718	0x9492a0c4	0x102a25a28	0x102a25a28	mapped	0x102a25a28
System.Security.Cryptography	1667	0x06000684	System.Security.Cryptography.Asn1.Pkcs7.ContentInfoAsn	Decode	0x2050	NoInlining	Assembly, Static, HideBySig	0x10057d71c	0x9492a1c0	0x102a25e1c	0x102a25e1c	mapped	0x102a25e1c
System.Security.Cryptography	1668	0x06000685	System.Security.Cryptography.Asn1.Pkcs7.ContentInfoAsn	Decode	0x2050	NoInlining	Assembly, Static, HideBySig	0x10057d720	0x9492a1e3	0x102a25eac	0x102a25eac	mapped	0x102a25eac
System.Security.Cryptography	1669	0x06000686	System.Security.Cryptography.Asn1.Pkcs7.ContentInfoAsn	DecodeCore	0x2050	NoInlining	Private, Static, HideBySig	0x10057d724	0x9492a210	0x102a25f64	0x102a25f64	mapped	0x102a25f64
System.Security.Cryptography	1670	0x06000687	System.Security.Cryptography.Asn1.Pkcs7.EncryptedContentInfoAsn	Decode	0x2050	NoInlining	Assembly, Static, HideBySig	0x10057d728	0x9492a2cc	0x102a26258	0x102a26258	mapped	0x102a26258
System.Security.Cryptography	1671	0x06000688	System.Security.Cryptography.Asn1.Pkcs7.EncryptedContentInfoAsn	Decode	0x2050	NoInlining	Assembly, Static, HideBySig	0x10057d72c	0x9492a2ef	0x102a262e8	0x102a262e8	mapped	0x102a262e8
System.Security.Cryptography	1672	0x06000689	System.Security.Cryptography.Asn1.Pkcs7.EncryptedContentInfoAsn	DecodeCore	0x2050	NoInlining	Private, Static, HideBySig	0x10057d730	0x9492a31c	0x102a263a0	0x102a263a0	mapped	0x102a263a0
System.Security.Cryptography	1673	0x0600068a	System.Security.Cryptography.Asn1.Pkcs7.EncryptedDataAsn	Decode	0x2050	NoInlining	Assembly, Static, HideBySig	0x10057d734	0x9492a421	0x102a267b8	0x102a267b8	mapped	0x102a267b8
System.Security.Cryptography	1674	0x0600068b	System.Security.Cryptography.Asn1.Pkcs7.EncryptedDataAsn	Decode	0x2050	NoInlining	Assembly, Static, HideBySig	0x10057d738	0x9492a44a	0x102a26860	0x102a26860	mapped	0x102a26860
System.Security.Cryptography	1675	0x0600068c	System.Security.Cryptography.Asn1.Pkcs7.EncryptedDataAsn	DecodeCore	0x2050	NoInlining	Private, Static, HideBySig	0x10057d73c	0x9492a4ba	0x102a26a24	0x102a26a24	mapped	0x102a26a24
System.Security.Cryptography	1676	0x0600068d	System.Security.Cryptography.Asn1.Pkcs12.CertBagAsn	Encode	0x2050	NoInlining	Assembly, HideBySig	0x10057d740	0x9492a583	0x102a26d4c	0x102a26d4c	mapped	0x102a26d4c
System.Security.Cryptography	1677	0x0600068e	System.Security.Cryptography.Asn1.Pkcs12.CertBagAsn	Encode	0x2050	NoInlining	Assembly, HideBySig	0x10057d744	0x9492a5a0	0x102a26dc4	0x102a26dc4	mapped	0x102a26dc4
System.Security.Cryptography	1678	0x0600068f	System.Security.Cryptography.Asn1.Pkcs12.CertBagAsn	Decode	0x2050	NoInlining	Assembly, Static, HideBySig	0x10057d748	0x9492a63d	0x102a2703c	0x102a2703c	mapped	0x102a2703c
System.Security.Cryptography	1679	0x06000690	System.Security.Cryptography.Asn1.Pkcs12.CertBagAsn	Decode	0x2050	NoInlining	Assembly, Static, HideBySig	0x10057d74c	0x9492a671	0x102a27110	0x102a27110	mapped	0x102a27110
System.Security.Cryptography	1680	0x06000691	System.Security.Cryptography.Asn1.Pkcs12.CertBagAsn	DecodeCore	0x2050	NoInlining	Private, Static, HideBySig	0x10057d750	0x9492a6d8	0x102a272b0	0x102a272b0	mapped	0x102a272b0
System.Security.Cryptography	1681	0x06000692	System.Security.Cryptography.Asn1.Pkcs12.MacData	get_DefaultIterationCount	0x2050	NoInlining	Private, Static, HideBySig, SpecialName	0x10057d754	0x9492a794	0x102a275a4	0x102a275a4	mapped	0x102a275a4
System.Security.Cryptography	1682	0x06000693	System.Security.Cryptography.Asn1.Pkcs12.MacData	Decode	0x2050	NoInlining	Assembly, Static, HideBySig	0x10057d758	0x9492a7aa	0x102a27600	0x102a27600	mapped	0x102a27600
System.Security.Cryptography	1683	0x06000694	System.Security.Cryptography.Asn1.Pkcs12.MacData	Decode	0x2050	NoInlining	Assembly, Static, HideBySig	0x10057d75c	0x9492a7cd	0x102a27690	0x102a27690	mapped	0x102a27690
System.Security.Cryptography	1684	0x06000695	System.Security.Cryptography.Asn1.Pkcs12.MacData	DecodeCore	0x2050	NoInlining	Private, Static, HideBySig	0x10057d760	0x9492a7fa	0x102a27748	0x102a27748	mapped	0x102a27748
System.Security.Cryptography	1685	0x06000696	System.Security.Cryptography.Asn1.Pkcs12.PfxAsn	get_EmptyPassword	0x2050	NoInlining	Private, Static, HideBySig, SpecialName	0x10057d764	0x9492a905	0x102a27b78	0x102a27b78	mapped	0x102a27b78
System.Security.Cryptography	1686	0x06000697	System.Security.Cryptography.Asn1.Pkcs12.PfxAsn	get_NullPassword	0x2050	NoInlining	Private, Static, HideBySig, SpecialName	0x10057d768	0x9492a916	0x102a27bc0	0x102a27bc0	mapped	0x102a27bc0
System.Security.Cryptography	1687	0x06000698	System.Security.Cryptography.Asn1.Pkcs12.PfxAsn	VerifyMac	0x2050	NoInlining	Assembly, HideBySig	0x10057d76c	0x9492a918	0x102a27bcc	0x102a27bcc	mapped	0x102a27bcc
System.Security.Cryptography	1688	0x06000699	System.Security.Cryptography.Asn1.Pkcs12.PfxAsn	CountTotalIterations	0x2050	NoInlining	Assembly, HideBySig	0x10057d770	0x9492aa90	0x102a281b0	0x102a281b0	mapped	0x102a281b0
System.Security.Cryptography	1689	0x0600069a	System.Security.Cryptography.Asn1.Pkcs12.PfxAsn	DecryptContentInfo	0x2050	NoInlining	Private, Static, HideBySig	0x10057d774	0x97ffd87b	0x100573960	0x100573960	mapped	0x100573960
System.Security.Cryptography	1690	0x0600069b	System.Security.Cryptography.Asn1.Pkcs12.PfxAsn	IterationsFromParameters	0x2050	NoInlining	Private, Static, HideBySig	0x10057d778	0x9492ad24	0x102a28c08	0x102a28c08	mapped	0x102a28c08
System.Security.Cryptography	1691	0x0600069c	System.Security.Cryptography.Asn1.Pkcs12.PfxAsn	Decode	0x2050	NoInlining	Assembly, Static, HideBySig	0x10057d77c	0x9492adc8	0x102a28e9c	0x102a28e9c	mapped	0x102a28e9c
System.Security.Cryptography	1692	0x0600069d	System.Security.Cryptography.Asn1.Pkcs12.PfxAsn	Decode	0x2050	NoInlining	Assembly, Static, HideBySig	0x10057d780	0x9492adeb	0x102a28f2c	0x102a28f2c	mapped	0x102a28f2c
System.Security.Cryptography	1693	0x0600069e	System.Security.Cryptography.Asn1.Pkcs12.PfxAsn	DecodeCore	0x2050	NoInlining	Private, Static, HideBySig	0x10057d784	0x9492ae18	0x102a28fe4	0x102a28fe4	mapped	0x102a28fe4
System.Security.Cryptography	1694	0x0600069f	System.Security.Cryptography.Asn1.Pkcs12.SafeBagAsn	Encode	0x2050	NoInlining	Assembly, HideBySig	0x10057d788	0x9492ae9d	0x102a291fc	0x102a291fc	mapped	0x102a291fc
System.Security.Cryptography	1695	0x060006a0	System.Security.Cryptography.Asn1.Pkcs12.SafeBagAsn	Encode	0x2050	NoInlining	Assembly, HideBySig	0x10057d78c	0x9492aeba	0x102a29274	0x102a29274	mapped	0x102a29274
System.Security.Cryptography	1696	0x060006a1	System.Security.Cryptography.Asn1.Pkcs12.SafeBagAsn	Decode	0x2050	NoInlining	Assembly, Static, HideBySig	0x10057d790	0x9492af84	0x102a295a0	0x102a295a0	mapped	0x102a295a0
System.Security.Cryptography	1697	0x060006a2	System.Security.Cryptography.Asn1.Pkcs12.SafeBagAsn	Decode	0x2050	NoInlining	Assembly, Static, HideBySig	0x10057d794	0x9492afa7	0x102a29630	0x102a29630	mapped	0x102a29630
System.Security.Cryptography	1698	0x060006a3	System.Security.Cryptography.Asn1.Pkcs12.SafeBagAsn	DecodeCore	0x2050	NoInlining	Private, Static, HideBySig	0x10057d798	0x9492afd4	0x102a296e8	0x102a296e8	mapped	0x102a296e8
System.Security.Cryptography	1699	0x060006a4	System.Buffers.PointerMemoryManager`1	.ctor	0x2050	NoInlining	Assembly, HideBySig, SpecialName, RTSpecialName	0x10057d79c	0x97fff95d	0x10057bd10		absent	0x10057bd10
System.Security.Cryptography	1700	0x060006a5	System.Buffers.PointerMemoryManager`1	Dispose	0x2050	NoInlining	Family, Final, Virtual, HideBySig	0x10057d7a0	0x97fff95c	0x10057bd10		absent	0x10057bd10
System.Security.Cryptography	1701	0x060006a6	System.Buffers.PointerMemoryManager`1	GetSpan	0x2050	NoInlining	Public, Final, Virtual, HideBySig	0x10057d7a4	0x97fff95b	0x10057bd10		absent	0x10057bd10
System.Security.Cryptography	1702	0x060006a7	System.Buffers.PointerMemoryManager`1	Pin	0x2050	NoInlining	Public, Final, Virtual, HideBySig	0x10057d7a8	0x97fff95a	0x10057bd10		absent	0x10057bd10
System.Security.Cryptography	1703	0x060006a8	System.Buffers.PointerMemoryManager`1	Unpin	0x2050	NoInlining	Public, Final, Virtual, HideBySig	0x10057d7ac	0x97fff959	0x10057bd10		absent	0x10057bd10
System.Security.Cryptography	1704	0x060006a9	System.Formats.Asn1.AsnValueReader	.ctor	0x2050	NoInlining	Assembly, HideBySig, SpecialName, RTSpecialName	0x10057d7b0	0x9492b0ee	0x102a29b68	0x102a29b68	mapped	0x102a29b68
System.Security.Cryptography	1705	0x060006aa	System.Formats.Asn1.AsnValueReader	get_HasData	0x2050	NoInlining	Assembly, HideBySig, SpecialName	0x10057d7b4	0x9492b10b	0x102a29be0	0x102a29be0	mapped	0x102a29be0
System.Security.Cryptography	1706	0x060006ab	System.Formats.Asn1.AsnValueReader	ThrowIfNotEmpty	0x2050	NoInlining	Assembly, HideBySig	0x10057d7b8	0x9492b115	0x102a29c0c	0x102a29c0c	mapped	0x102a29c0c
System.Security.Cryptography	1707	0x060006ac	System.Formats.Asn1.AsnValueReader	PeekTag	0x2050	NoInlining	Assembly, HideBySig	0x10057d7bc	0x9492b157	0x102a29d18	0x102a29d18	mapped	0x102a29d18
System.Security.Cryptography	1708	0x060006ad	System.Formats.Asn1.AsnValueReader	PeekEncodedValue	0x2050	NoInlining	Assembly, HideBySig	0x10057d7c0	0x9492b16e	0x102a29d78	0x102a29d78	mapped	0x102a29d78
System.Security.Cryptography	1709	0x060006ae	System.Formats.Asn1.AsnValueReader	ReadEncodedValue	0x2050	NoInlining	Assembly, HideBySig	0x10057d7c4	0x9492b190	0x102a29e04	0x102a29e04	mapped	0x102a29e04
System.Security.Cryptography	1710	0x060006af	System.Formats.Asn1.AsnValueReader	ReadBoolean	0x2050	NoInlining	Assembly, HideBySig	0x10057d7c8	0x9492b1ac	0x102a29e78	0x102a29e78	mapped	0x102a29e78
System.Security.Cryptography	1711	0x060006b0	System.Formats.Asn1.AsnValueReader	ReadInteger	0x2050	NoInlining	Assembly, HideBySig	0x10057d7cc	0x9492b1d5	0x102a29f20	0x102a29f20	mapped	0x102a29f20
System.Security.Cryptography	1712	0x060006b1	System.Formats.Asn1.AsnValueReader	TryReadInt32	0x2050	NoInlining	Assembly, HideBySig	0x10057d7d0	0x9492b1fe	0x102a29fc8	0x102a29fc8	mapped	0x102a29fc8
System.Security.Cryptography	1713	0x060006b2	System.Formats.Asn1.AsnValueReader	ReadIntegerBytes	0x2050	NoInlining	Assembly, HideBySig	0x10057d7d4	0x9492b229	0x102a2a078	0x102a2a078	mapped	0x102a2a078
System.Security.Cryptography	1714	0x060006b3	System.Formats.Asn1.AsnValueReader	TryReadPrimitiveBitString	0x2050	NoInlining	Assembly, HideBySig	0x10057d7d8	0x9492b252	0x102a2a120	0x102a2a120	mapped	0x102a2a120
System.Security.Cryptography	1715	0x060006b4	System.Formats.Asn1.AsnValueReader	ReadBitString	0x2050	NoInlining	Assembly, HideBySig	0x10057d7dc	0x9492b281	0x102a2a1e0	0x102a2a1e0	mapped	0x102a2a1e0
System.Security.Cryptography	1716	0x060006b5	System.Formats.Asn1.AsnValueReader	ReadNamedBitListValue	0x2050	NoInlining	Assembly, HideBySig	0x10057d7e0	0x9492b2ac	0x102a2a290	0x102a2a290	mapped	0x102a2a290
System.Security.Cryptography	1717	0x060006b6	System.Formats.Asn1.AsnValueReader	TryReadPrimitiveOctetString	0x2050	NoInlining	Assembly, HideBySig	0x10057d7e4	0x9492b2ed	0x102a2a398	0x102a2a398	mapped	0x102a2a398
System.Security.Cryptography	1718	0x060006b7	System.Formats.Asn1.AsnValueReader	ReadOctetString	0x2050	NoInlining	Assembly, HideBySig	0x10057d7e8	0x9492b318	0x102a2a448	0x102a2a448	mapped	0x102a2a448
System.Security.Cryptography	1719	0x060006b8	System.Formats.Asn1.AsnValueReader	ReadObjectIdentifier	0x2050	NoInlining	Assembly, HideBySig	0x10057d7ec	0x9492b341	0x102a2a4f0	0x102a2a4f0	mapped	0x102a2a4f0
System.Security.Cryptography	1720	0x060006b9	System.Formats.Asn1.AsnValueReader	ReadSequence	0x2050	NoInlining	Assembly, HideBySig	0x10057d7f0	0x9492b36a	0x102a2a598	0x102a2a598	mapped	0x102a2a598
System.Security.Cryptography	1721	0x060006ba	System.Formats.Asn1.AsnValueReader	ReadSetOf	0x2050	NoInlining	Assembly, HideBySig	0x10057d7f4	0x9492b3a0	0x102a2a674	0x102a2a674	mapped	0x102a2a674
System.Security.Cryptography	1722	0x060006bb	System.Formats.Asn1.AsnValueReader	ReadUtcTime	0x2050	NoInlining	Assembly, HideBySig	0x10057d7f8	0x9492b3d7	0x102a2a754	0x102a2a754	mapped	0x102a2a754
System.Security.Cryptography	1723	0x060006bc	System.Formats.Asn1.AsnValueReader	ReadGeneralizedTime	0x2050	NoInlining	Assembly, HideBySig	0x10057d7fc	0x9492b401	0x102a2a800	0x102a2a800	mapped	0x102a2a800
System.Security.Cryptography	1724	0x060006bd	System.Formats.Asn1.AsnValueReader	ReadCharacterString	0x2050	NoInlining	Assembly, HideBySig	0x10057d800	0x9492b42a	0x102a2a8a8	0x102a2a8a8	mapped	0x102a2a8a8
System.Security.Cryptography	1725	0x060006be	System.Formats.Asn1.AsnValueReader	.cctor	0x2050	NoInlining	Private, Static, HideBySig, SpecialName, RTSpecialName	0x10057d804	0x9492b455	0x102a2a958	0x102a2a958	mapped	0x102a2a958
System.Security.Cryptography	1726	0x060006bf	System.Formats.Asn1.AsnWriterExtensions	WriteObjectIdentifierForCrypto	0x2050	NoInlining	Assembly, Static, HideBySig	0x10057d808	0x9492b470	0x102a2a9c8	0x102a2a9c8	mapped	0x102a2a9c8
