assembly	index	token	type	method	rva	impl_attrs	attrs	call_entry	call_insn	initial_target	native_address	status	resolve_chain
System.Linq.Expressions	0	0x06000001	System.SR	Format	0x2050	NoInlining	Assembly, Static, HideBySig	0x10044b9d0	0x9484627a	0x1025643b8	0x1025643b8	mapped	0x1025643b8
System.Linq.Expressions	1	0x06000002	System.SR	Format	0x2050	NoInlining	Assembly, Static, HideBySig	0x10044b9d4	0x948462a6	0x10256446c	0x10256446c	mapped	0x10256446c
System.Linq.Expressions	2	0x06000003	System.SR	Format	0x2050	NoInlining	Assembly, Static, HideBySig	0x10044b9d8	0x948462db	0x102564544	0x102564544	mapped	0x102564544
System.Linq.Expressions	3	0x06000004	System.Runtime.CompilerServices.ReadOnlyCollectionBuilder`1	GetEnumerator	0x2050	NoInlining	Public, Final, Virtual, HideBySig, VtableLayoutMask	0x10044b9dc	0x94846317	0x102564638	0x102564638	mapped	0x102564638
System.Linq.Expressions	4	0x06000005	System.Runtime.CompilerServices.ReadOnlyCollectionBuilder`1	System.Collections.IEnumerable.GetEnumerator	0x2050	NoInlining	Private, Final, Virtual, HideBySig, VtableLayoutMask	0x10044b9e0	0x9484632a	0x102564688	0x102564688	mapped	0x102564688
System.Linq.Expressions	5	0x06000006	System.Runtime.CompilerServices.ReadOnlyCollectionBuilder`1	ToReadOnlyCollection	0x2050	NoInlining	Public, HideBySig	0x10044b9e4	0x9484633d	0x1025646d8	0x1025646d8	mapped	0x1025646d8
System.Linq.Expressions	6	0x06000007	System.Runtime.CompilerServices.TrueReadOnlyCollection`1	.ctor	0x2050	NoInlining	Public, HideBySig, SpecialName, RTSpecialName	0x10044b9e8	0x94846350	0x102564728	0x102564728	mapped	0x102564728
System.Linq.Expressions	7	0x06000008	System.Linq.Expressions.ArrayBuilderExtensions	ToReadOnly	0x2050	NoInlining	Public, Static, HideBySig	0x10044b9ec	0x9484637a	0x1025647d4	0x1025647d4	mapped	0x1025647d4
System.Linq.Expressions	8	0x06000009	System.Linq.Expressions.ConstantCheck	AnalyzeTypeIs	0x2050	NoInlining	Assembly, Static, HideBySig	0x10044b9f0	0x948463ab	0x10256489c	0x10256489c	mapped	0x10256489c
System.Linq.Expressions	9	0x0600000a	System.Linq.Expressions.ConstantCheck	AnalyzeTypeIs	0x2050	NoInlining	Private, Static, HideBySig	0x10044b9f4	0x948463ba	0x1025648dc	0x1025648dc	mapped	0x1025648dc
System.Linq.Expressions	10	0x0600000b	System.Linq.Expressions.CachedReflectionInfo	get_String_op_Equality_String_String	0x2050	NoInlining	Public, Static, HideBySig, SpecialName	0x10044b9f8	0x94846412	0x102564a40	0x102564a40	mapped	0x102564a40
System.Linq.Expressions	11	0x0600000c	System.Linq.Expressions.CachedReflectionInfo	get_Math_Pow_Double_Double	0x2050	NoInlining	Public, Static, HideBySig, SpecialName	0x10044b9fc	0x94846448	0x102564b1c	0x102564b1c	mapped	0x102564b1c
System.Linq.Expressions	12	0x0600000d	System.Linq.Expressions.BinaryExpression	.ctor	0x2050	NoInlining	Assembly, HideBySig, SpecialName, RTSpecialName	0x10044ba00	0x9484647f	0x102564bfc	0x102564bfc	mapped	0x102564bfc
System.Linq.Expressions	13	0x0600000e	System.Linq.Expressions.BinaryExpression	get_CanReduce	0x2050	NoInlining	Public, Final, Virtual, HideBySig, SpecialName	0x10044ba04	0x94846493	0x102564c50	0x102564c50	mapped	0x102564c50
System.Linq.Expressions	14	0x0600000f	System.Linq.Expressions.BinaryExpression	IsOpAssignment	0x2050	NoInlining	Private, Static, HideBySig	0x10044ba08	0x948464ab	0x102564cb4	0x102564cb4	mapped	0x102564cb4
System.Linq.Expressions	15	0x06000010	System.Linq.Expressions.BinaryExpression	get_Right	0x2050	NoInlining	Public, HideBySig, SpecialName	0x10044ba0c	0x948464ae	0x102564cc4	0x102564cc4	mapped	0x102564cc4
System.Linq.Expressions	16	0x06000011	System.Linq.Expressions.BinaryExpression	get_Left	0x2050	NoInlining	Public, HideBySig, SpecialName	0x10044ba10	0x948464b6	0x102564ce8	0x102564ce8	mapped	0x102564ce8
System.Linq.Expressions	17	0x06000012	System.Linq.Expressions.BinaryExpression	get_Method	0x2050	NoInlining	Public, HideBySig, SpecialName	0x10044ba14	0x948464be	0x102564d0c	0x102564d0c	mapped	0x102564d0c
System.Linq.Expressions	18	0x06000013	System.Linq.Expressions.BinaryExpression	GetMethod	0x2050	NoInlining	Assembly, Virtual, HideBySig, VtableLayoutMask, CheckAccessOnOverride	0x10044ba18	0x948464d3	0x102564d64	0x102564d64	mapped	0x102564d64
System.Linq.Expressions	19	0x06000014	System.Linq.Expressions.BinaryExpression	Update	0x2050	NoInlining	Public, HideBySig	0x10044ba1c	0x948464d4	0x102564d6c	0x102564d6c	mapped	0x102564d6c
System.Linq.Expressions	20	0x06000015	System.Linq.Expressions.BinaryExpression	Reduce	0x2050	NoInlining	Public, Final, Virtual, HideBySig	0x10044ba20	0x94846522	0x102564ea8	0x102564ea8	mapped	0x102564ea8
System.Linq.Expressions	21	0x06000016	System.Linq.Expressions.BinaryExpression	GetBinaryOpFromAssignmentOp	0x2050	NoInlining	Private, Static, HideBySig	0x10044ba24	0x9484656c	0x102564fd4	0x102564fd4	mapped	0x102564fd4
System.Linq.Expressions	22	0x06000017	System.Linq.Expressions.BinaryExpression	ReduceVariable	0x2050	NoInlining	Private, HideBySig	0x10044ba28	0x94846582	0x102565030	0x102565030	mapped	0x102565030
System.Linq.Expressions	23	0x06000018	System.Linq.Expressions.BinaryExpression	ReduceMember	0x2050	NoInlining	Private, HideBySig	0x10044ba2c	0x948465b2	0x1025650f4	0x1025650f4	mapped	0x1025650f4
System.Linq.Expressions	24	0x06000019	System.Linq.Expressions.BinaryExpression	ReduceIndex	0x2050	NoInlining	Private, HideBySig	0x10044ba30	0x9484668d	0x102565464	0x102565464	mapped	0x102565464
System.Linq.Expressions	25	0x0600001a	System.Linq.Expressions.BinaryExpression	get_Conversion	0x2050	NoInlining	Public, HideBySig, SpecialName	0x10044ba34	0x9484678b	0x102565860	0x102565860	mapped	0x102565860
System.Linq.Expressions	26	0x0600001b	System.Linq.Expressions.BinaryExpression	GetConversion	0x2050	NoInlining	Assembly, Virtual, HideBySig, VtableLayoutMask, CheckAccessOnOverride	0x10044ba38	0x948467a0	0x1025658b8	0x1025658b8	mapped	0x1025658b8
System.Linq.Expressions	27	0x0600001c	System.Linq.Expressions.BinaryExpression	get_IsLifted	0x2050	NoInlining	Public, HideBySig, SpecialName	0x10044ba3c	0x948467a1	0x1025658c0	0x1025658c0	mapped	0x1025658c0
System.Linq.Expressions	28	0x0600001d	System.Linq.Expressions.BinaryExpression	get_IsLiftedToNull	0x2050	NoInlining	Public, HideBySig, SpecialName	0x10044ba40	0x948467f1	0x102565a04	0x102565a04	mapped	0x102565a04
System.Linq.Expressions	29	0x0600001e	System.Linq.Expressions.BinaryExpression	Accept	0x2050	NoInlining	FamORAssem, Final, Virtual, HideBySig	0x10044ba44	0x9484680c	0x102565a74	0x102565a74	mapped	0x102565a74
System.Linq.Expressions	30	0x0600001f	System.Linq.Expressions.BinaryExpression	get_IsLiftedLogical	0x2050	NoInlining	Assembly, HideBySig, SpecialName	0x10044ba48	0x94846823	0x102565ad4	0x102565ad4	mapped	0x102565ad4
System.Linq.Expressions	31	0x06000020	System.Linq.Expressions.BinaryExpression	get_IsReferenceComparison	0x2050	NoInlining	Assembly, HideBySig, SpecialName	0x10044ba4c	0x9484686d	0x102565c00	0x102565c00	mapped	0x102565c00
System.Linq.Expressions	32	0x06000021	System.Linq.Expressions.BinaryExpression	ReduceUserdefinedLifted	0x2050	NoInlining	Assembly, HideBySig	0x10044ba50	0x948468b2	0x102565d18	0x102565d18	mapped	0x102565d18
System.Linq.Expressions	33	0x06000022	System.Linq.Expressions.BinaryExpression	CallGetValueOrDefault	0x2050	NoInlining	Private, Static, HideBySig	0x10044ba54	0x948469ad	0x102566108	0x102566108	mapped	0x102566108
System.Linq.Expressions	34	0x06000023	System.Linq.Expressions.BinaryExpression	GetHasValueProperty	0x2050	NoInlining	Private, Static, HideBySig	0x10044ba58	0x948469d2	0x1025661a0	0x1025661a0	mapped	0x1025661a0
System.Linq.Expressions	35	0x06000024	System.Linq.Expressions.LogicalBinaryExpression	.ctor	0x2050	NoInlining	Assembly, HideBySig, SpecialName, RTSpecialName	0x10044ba5c	0x948469ec	0x10256620c	0x10256620c	mapped	0x10256620c
System.Linq.Expressions	36	0x06000025	System.Linq.Expressions.LogicalBinaryExpression	get_Type	0x2050	NoInlining	Public, Final, Virtual, HideBySig, SpecialName	0x10044ba60	0x94846a01	0x102566264	0x102566264	mapped	0x102566264
System.Linq.Expressions	37	0x06000026	System.Linq.Expressions.LogicalBinaryExpression	get_NodeType	0x2050	NoInlining	Public, Final, Virtual, HideBySig, SpecialName	0x10044ba64	0x94846a10	0x1025662a4	0x1025662a4	mapped	0x1025662a4
System.Linq.Expressions	38	0x06000027	System.Linq.Expressions.AssignBinaryExpression	.ctor	0x2050	NoInlining	Assembly, HideBySig, SpecialName, RTSpecialName	0x10044ba68	0x94846a18	0x1025662c8	0x1025662c8	mapped	0x1025662c8
System.Linq.Expressions	39	0x06000028	System.Linq.Expressions.AssignBinaryExpression	get_Type	0x2050	NoInlining	Public, Final, Virtual, HideBySig, SpecialName	0x10044ba6c	0x94846a2c	0x10256631c	0x10256631c	mapped	0x10256631c
System.Linq.Expressions	40	0x06000029	System.Linq.Expressions.AssignBinaryExpression	get_NodeType	0x2050	NoInlining	Public, Final, Virtual, HideBySig, SpecialName	0x10044ba70	0x94846a44	0x102566380	0x102566380	mapped	0x102566380
System.Linq.Expressions	41	0x0600002a	System.Linq.Expressions.CoalesceConversionBinaryExpression	.ctor	0x2050	NoInlining	Assembly, HideBySig, SpecialName, RTSpecialName	0x10044ba74	0x94846a45	0x102566388	0x102566388	mapped	0x102566388
System.Linq.Expressions	42	0x0600002b	System.Linq.Expressions.CoalesceConversionBinaryExpression	GetConversion	0x2050	NoInlining	Assembly, Final, Virtual, HideBySig, CheckAccessOnOverride	0x10044ba78	0x94846a5e	0x1025663f0	0x1025663f0	mapped	0x1025663f0
System.Linq.Expressions	43	0x0600002c	System.Linq.Expressions.CoalesceConversionBinaryExpression	get_NodeType	0x2050	NoInlining	Public, Final, Virtual, HideBySig, SpecialName	0x10044ba7c	0x94846a66	0x102566414	0x102566414	mapped	0x102566414
System.Linq.Expressions	44	0x0600002d	System.Linq.Expressions.CoalesceConversionBinaryExpression	get_Type	0x2050	NoInlining	Public, Final, Virtual, HideBySig, SpecialName	0x10044ba80	0x94846a67	0x10256641c	0x10256641c	mapped	0x10256641c
System.Linq.Expressions	45	0x0600002e	System.Linq.Expressions.OpAssignMethodConversionBinaryExpression	.ctor	0x2050	NoInlining	Assembly, HideBySig, SpecialName, RTSpecialName	0x10044ba84	0x94846a7f	0x102566480	0x102566480	mapped	0x102566480
System.Linq.Expressions	46	0x0600002f	System.Linq.Expressions.OpAssignMethodConversionBinaryExpression	GetConversion	0x2050	NoInlining	Assembly, Final, Virtual, HideBySig, CheckAccessOnOverride	0x10044ba88	0x94846aa3	0x102566514	0x102566514	mapped	0x102566514
System.Linq.Expressions	47	0x06000030	System.Linq.Expressions.SimpleBinaryExpression	.ctor	0x2050	NoInlining	Assembly, HideBySig, SpecialName, RTSpecialName	0x10044ba8c	0x94846aab	0x102566538	0x102566538	mapped	0x102566538
System.Linq.Expressions	48	0x06000031	System.Linq.Expressions.SimpleBinaryExpression	get_NodeType	0x2050	NoInlining	Public, Final, Virtual, HideBySig, SpecialName	0x10044ba90	0x94846ac5	0x1025665a4	0x1025665a4	mapped	0x1025665a4
System.Linq.Expressions	49	0x06000032	System.Linq.Expressions.SimpleBinaryExpression	get_Type	0x2050	NoInlining	Public, Final, Virtual, HideBySig, SpecialName	0x10044ba94	0x94846acd	0x1025665c8	0x1025665c8	mapped	0x1025665c8
System.Linq.Expressions	50	0x06000033	System.Linq.Expressions.MethodBinaryExpression	.ctor	0x2050	NoInlining	Assembly, HideBySig, SpecialName, RTSpecialName	0x10044ba98	0x94846ad5	0x1025665ec	0x1025665ec	mapped	0x1025665ec
System.Linq.Expressions	51	0x06000034	System.Linq.Expressions.MethodBinaryExpression	GetMethod	0x2050	NoInlining	Assembly, Final, Virtual, HideBySig, CheckAccessOnOverride	0x10044ba9c	0x94846af4	0x10256666c	0x10256666c	mapped	0x10256666c
System.Linq.Expressions	52	0x06000035	System.Linq.Expressions.Expression	Assign	0x2050	NoInlining	Public, Static, HideBySig	0x10044baa0	0x94846afc	0x102566690	0x102566690	mapped	0x102566690
System.Linq.Expressions	53	0x06000036	System.Linq.Expressions.Expression	GetUserDefinedBinaryOperator	0x2050	NoInlining	Private, Static, HideBySig	0x10044baa4	0x94846b61	0x102566828	0x102566828	mapped	0x102566828
System.Linq.Expressions	54	0x06000037	System.Linq.Expressions.Expression	GetMethodBasedBinaryOperator	0x2050	NoInlining	Private, Static, HideBySig	0x10044baa8	0x94846bff	0x102566aa4	0x102566aa4	mapped	0x102566aa4
System.Linq.Expressions	55	0x06000038	System.Linq.Expressions.Expression	GetMethodBasedAssignOperator	0x2050	NoInlining	Private, Static, HideBySig	0x10044baac	0x94846d1b	0x102566f18	0x102566f18	mapped	0x102566f18
System.Linq.Expressions	56	0x06000039	System.Linq.Expressions.Expression	GetUserDefinedBinaryOperatorOrThrow	0x2050	NoInlining	Private, Static, HideBySig	0x10044bab0	0x94846db9	0x102567194	0x102567194	mapped	0x102567194
System.Linq.Expressions	57	0x0600003a	System.Linq.Expressions.Expression	GetUserDefinedAssignOperatorOrThrow	0x2050	NoInlining	Private, Static, HideBySig	0x10044bab4	0x94846e39	0x102567398	0x102567398	mapped	0x102567398
System.Linq.Expressions	58	0x0600003b	System.Linq.Expressions.Expression	GetUserDefinedBinaryOperator	0x2050	NoInlining	Private, Static, HideBySig	0x10044bab8	0x94846ed7	0x102567614	0x102567614	mapped	0x102567614
System.Linq.Expressions	59	0x0600003c	System.Linq.Expressions.Expression	IsLiftingConditionalLogicalOperator	0x2050	NoInlining	Private, Static, HideBySig	0x10044babc	0x94846f2a	0x102567764	0x102567764	mapped	0x102567764
System.Linq.Expressions	60	0x0600003d	System.Linq.Expressions.Expression	ParameterIsAssignable	0x2050	NoInlining	Assembly, Static, HideBySig	0x10044bac0	0x94846f58	0x102567820	0x102567820	mapped	0x102567820
System.Linq.Expressions	61	0x0600003e	System.Linq.Expressions.Expression	ValidateParamsWithOperandsOrThrow	0x2050	NoInlining	Private, Static, HideBySig	0x10044bac4	0x94846f86	0x1025678dc	0x1025678dc	mapped	0x1025678dc
System.Linq.Expressions	62	0x0600003f	System.Linq.Expressions.Expression	ValidateOperator	0x2050	NoInlining	Private, Static, HideBySig	0x10044bac8	0x94846fb2	0x102567990	0x102567990	mapped	0x102567990
System.Linq.Expressions	63	0x06000040	System.Linq.Expressions.Expression	ValidateMethodInfo	0x2050	NoInlining	Private, Static, HideBySig	0x10044bacc	0x94846ff1	0x102567a90	0x102567a90	mapped	0x102567a90
System.Linq.Expressions	64	0x06000041	System.Linq.Expressions.Expression	IsNullComparison	0x2050	NoInlining	Private, Static, HideBySig	0x10044bad0	0x94847024	0x102567b60	0x102567b60	mapped	0x102567b60
System.Linq.Expressions	65	0x06000042	System.Linq.Expressions.Expression	IsNullConstant	0x2050	NoInlining	Private, Static, HideBySig	0x10044bad4	0x9484706d	0x102567c88	0x102567c88	mapped	0x102567c88
System.Linq.Expressions	66	0x06000043	System.Linq.Expressions.Expression	ValidateUserDefinedConditionalLogicOperator	0x2050	NoInlining	Private, Static, HideBySig	0x10044bad8	0x9484708a	0x102567d00	0x102567d00	mapped	0x102567d00
System.Linq.Expressions	67	0x06000044	System.Linq.Expressions.Expression	VerifyOpTrueFalse	0x2050	NoInlining	Private, Static, HideBySig	0x10044badc	0x9484719e	0x102568154	0x102568154	mapped	0x102568154
System.Linq.Expressions	68	0x06000045	System.Linq.Expressions.Expression	IsValidLiftedConditionalLogicalOperator	0x2050	NoInlining	Private, Static, HideBySig	0x10044bae0	0x948471f5	0x1025682b4	0x1025682b4	mapped	0x1025682b4
System.Linq.Expressions	69	0x06000046	System.Linq.Expressions.Expression	MakeBinary	0x2050	NoInlining	Public, Static, HideBySig	0x10044bae4	0x94847231	0x1025683a8	0x1025683a8	mapped	0x1025683a8
System.Linq.Expressions	70	0x06000047	System.Linq.Expressions.Expression	MakeBinary	0x2050	NoInlining	Public, Static, HideBySig	0x10044bae8	0x94847256	0x102568440	0x102568440	mapped	0x102568440
System.Linq.Expressions	71	0x06000048	System.Linq.Expressions.Expression	Equal	0x2050	NoInlining	Public, Static, HideBySig	0x10044baec	0x94847362	0x102568874	0x102568874	mapped	0x102568874
System.Linq.Expressions	72	0x06000049	System.Linq.Expressions.Expression	ReferenceEqual	0x2050	NoInlining	Public, Static, HideBySig	0x10044baf0	0x94847396	0x102568948	0x102568948	mapped	0x102568948
System.Linq.Expressions	73	0x0600004a	System.Linq.Expressions.Expression	NotEqual	0x2050	NoInlining	Public, Static, HideBySig	0x10044baf4	0x948473ef	0x102568ab0	0x102568ab0	mapped	0x102568ab0
System.Linq.Expressions	74	0x0600004b	System.Linq.Expressions.Expression	ReferenceNotEqual	0x2050	NoInlining	Public, Static, HideBySig	0x10044baf8	0x94847423	0x102568b84	0x102568b84	mapped	0x102568b84
System.Linq.Expressions	75	0x0600004c	System.Linq.Expressions.Expression	GetEqualityComparisonOperator	0x2050	NoInlining	Private, Static, HideBySig	0x10044bafc	0x9484747c	0x102568cec	0x102568cec	mapped	0x102568cec
System.Linq.Expressions	76	0x0600004d	System.Linq.Expressions.Expression	GreaterThan	0x2050	NoInlining	Public, Static, HideBySig	0x10044bb00	0x94847539	0x102568fe4	0x102568fe4	mapped	0x102568fe4
System.Linq.Expressions	77	0x0600004e	System.Linq.Expressions.Expression	LessThan	0x2050	NoInlining	Public, Static, HideBySig	0x10044bb04	0x9484756d	0x1025690b8	0x1025690b8	mapped	0x1025690b8
System.Linq.Expressions	78	0x0600004f	System.Linq.Expressions.Expression	GreaterThanOrEqual	0x2050	NoInlining	Public, Static, HideBySig	0x10044bb08	0x948475a1	0x10256918c	0x10256918c	mapped	0x10256918c
System.Linq.Expressions	79	0x06000050	System.Linq.Expressions.Expression	LessThanOrEqual	0x2050	NoInlining	Public, Static, HideBySig	0x10044bb0c	0x948475d5	0x102569260	0x102569260	mapped	0x102569260
System.Linq.Expressions	80	0x06000051	System.Linq.Expressions.Expression	GetComparisonOperator	0x2050	NoInlining	Private, Static, HideBySig	0x10044bb10	0x94847609	0x102569334	0x102569334	mapped	0x102569334
System.Linq.Expressions	81	0x06000052	System.Linq.Expressions.Expression	AndAlso	0x2050	NoInlining	Public, Static, HideBySig	0x10044bb14	0x94847681	0x102569518	0x102569518	mapped	0x102569518
System.Linq.Expressions	82	0x06000053	System.Linq.Expressions.Expression	OrElse	0x2050	NoInlining	Public, Static, HideBySig	0x10044bb18	0x9484777b	0x102569904	0x102569904	mapped	0x102569904
System.Linq.Expressions	83	0x06000054	System.Linq.Expressions.Expression	Coalesce	0x2050	NoInlining	Public, Static, HideBySig	0x10044bb1c	0x94847875	0x102569cf0	0x102569cf0	mapped	0x102569cf0
System.Linq.Expressions	84	0x06000055	System.Linq.Expressions.Expression	ValidateCoalesceArgTypes	0x2050	NoInlining	Private, Static, HideBySig	0x10044bb20	0x94847963	0x10256a0ac	0x10256a0ac	mapped	0x10256a0ac
System.Linq.Expressions	85	0x06000056	System.Linq.Expressions.Expression	Add	0x2050	NoInlining	Public, Static, HideBySig	0x10044bb24	0x948479a8	0x10256a1c4	0x10256a1c4	mapped	0x10256a1c4
System.Linq.Expressions	86	0x06000057	System.Linq.Expressions.Expression	AddAssign	0x2050	NoInlining	Public, Static, HideBySig	0x10044bb28	0x94847a16	0x10256a380	0x10256a380	mapped	0x10256a380
System.Linq.Expressions	87	0x06000058	System.Linq.Expressions.Expression	ValidateOpAssignConversionLambda	0x2050	NoInlining	Private, Static, HideBySig	0x10044bb2c	0x94847a8f	0x10256a568	0x10256a568	mapped	0x10256a568
System.Linq.Expressions	88	0x06000059	System.Linq.Expressions.Expression	AddAssignChecked	0x2050	NoInlining	Public, Static, HideBySig	0x10044bb30	0x94847b14	0x10256a780	0x10256a780	mapped	0x10256a780
System.Linq.Expressions	89	0x0600005a	System.Linq.Expressions.Expression	AddChecked	0x2050	NoInlining	Public, Static, HideBySig	0x10044bb34	0x94847b8d	0x10256a968	0x10256a968	mapped	0x10256a968
System.Linq.Expressions	90	0x0600005b	System.Linq.Expressions.Expression	Subtract	0x2050	NoInlining	Public, Static, HideBySig	0x10044bb38	0x94847bfb	0x10256ab24	0x10256ab24	mapped	0x10256ab24
System.Linq.Expressions	91	0x0600005c	System.Linq.Expressions.Expression	SubtractAssign	0x2050	NoInlining	Public, Static, HideBySig	0x10044bb3c	0x94847c6a	0x10256ace4	0x10256ace4	mapped	0x10256ace4
System.Linq.Expressions	92	0x0600005d	System.Linq.Expressions.Expression	SubtractAssignChecked	0x2050	NoInlining	Public, Static, HideBySig	0x10044bb40	0x94847ce3	0x10256aecc	0x10256aecc	mapped	0x10256aecc
System.Linq.Expressions	93	0x0600005e	System.Linq.Expressions.Expression	SubtractChecked	0x2050	NoInlining	Public, Static, HideBySig	0x10044bb44	0x94847d5c	0x10256b0b4	0x10256b0b4	mapped	0x10256b0b4
System.Linq.Expressions	94	0x0600005f	System.Linq.Expressions.Expression	Divide	0x2050	NoInlining	Public, Static, HideBySig	0x10044bb48	0x94847dcb	0x10256b274	0x10256b274	mapped	0x10256b274
System.Linq.Expressions	95	0x06000060	System.Linq.Expressions.Expression	DivideAssign	0x2050	NoInlining	Public, Static, HideBySig	0x10044bb4c	0x94847e3a	0x10256b434	0x10256b434	mapped	0x10256b434
System.Linq.Expressions	96	0x06000061	System.Linq.Expressions.Expression	Modulo	0x2050	NoInlining	Public, Static, HideBySig	0x10044bb50	0x94847eb3	0x10256b61c	0x10256b61c	mapped	0x10256b61c
System.Linq.Expressions	97	0x06000062	System.Linq.Expressions.Expression	ModuloAssign	0x2050	NoInlining	Public, Static, HideBySig	0x10044bb54	0x94847f22	0x10256b7dc	0x10256b7dc	mapped	0x10256b7dc
System.Linq.Expressions	98	0x06000063	System.Linq.Expressions.Expression	Multiply	0x2050	NoInlining	Public, Static, HideBySig	0x10044bb58	0x94847f9b	0x10256b9c4	0x10256b9c4	mapped	0x10256b9c4
System.Linq.Expressions	99	0x06000064	System.Linq.Expressions.Expression	MultiplyAssign	0x2050	NoInlining	Public, Static, HideBySig	0x10044bb5c	0x9484800a	0x10256bb84	0x10256bb84	mapped	0x10256bb84
System.Linq.Expressions	100	0x06000065	System.Linq.Expressions.Expression	MultiplyAssignChecked	0x2050	NoInlining	Public, Static, HideBySig	0x10044bb60	0x94848083	0x10256bd6c	0x10256bd6c	mapped	0x10256bd6c
System.Linq.Expressions	101	0x06000066	System.Linq.Expressions.Expression	MultiplyChecked	0x2050	NoInlining	Public, Static, HideBySig	0x10044bb64	0x948480fc	0x10256bf54	0x10256bf54	mapped	0x10256bf54
System.Linq.Expressions	102	0x06000067	System.Linq.Expressions.Expression	IsSimpleShift	0x2050	NoInlining	Private, Static, HideBySig	0x10044bb68	0x9484816b	0x10256c114	0x10256c114	mapped	0x10256c114
System.Linq.Expressions	103	0x06000068	System.Linq.Expressions.Expression	GetResultTypeOfShift	0x2050	NoInlining	Private, Static, HideBySig	0x10044bb6c	0x9484818d	0x10256c1a0	0x10256c1a0	mapped	0x10256c1a0
System.Linq.Expressions	104	0x06000069	System.Linq.Expressions.Expression	LeftShift	0x2050	NoInlining	Public, Static, HideBySig	0x10044bb70	0x948481b0	0x10256c230	0x10256c230	mapped	0x10256c230
System.Linq.Expressions	105	0x0600006a	System.Linq.Expressions.Expression	LeftShiftAssign	0x2050	NoInlining	Public, Static, HideBySig	0x10044bb74	0x94848220	0x10256c3f4	0x10256c3f4	mapped	0x10256c3f4
System.Linq.Expressions	106	0x0600006b	System.Linq.Expressions.Expression	RightShift	0x2050	NoInlining	Public, Static, HideBySig	0x10044bb78	0x9484829a	0x10256c5e0	0x10256c5e0	mapped	0x10256c5e0
System.Linq.Expressions	107	0x0600006c	System.Linq.Expressions.Expression	RightShiftAssign	0x2050	NoInlining	Public, Static, HideBySig	0x10044bb7c	0x9484830a	0x10256c7a4	0x10256c7a4	mapped	0x10256c7a4
System.Linq.Expressions	108	0x0600006d	System.Linq.Expressions.Expression	And	0x2050	NoInlining	Public, Static, HideBySig	0x10044bb80	0x94848384	0x10256c990	0x10256c990	mapped	0x10256c990
System.Linq.Expressions	109	0x0600006e	System.Linq.Expressions.Expression	AndAssign	0x2050	NoInlining	Public, Static, HideBySig	0x10044bb84	0x948483f3	0x10256cb50	0x10256cb50	mapped	0x10256cb50
System.Linq.Expressions	110	0x0600006f	System.Linq.Expressions.Expression	Or	0x2050	NoInlining	Public, Static, HideBySig	0x10044bb88	0x9484846c	0x10256cd38	0x10256cd38	mapped	0x10256cd38
System.Linq.Expressions	111	0x06000070	System.Linq.Expressions.Expression	OrAssign	0x2050	NoInlining	Public, Static, HideBySig	0x10044bb8c	0x948484db	0x10256cef8	0x10256cef8	mapped	0x10256cef8
System.Linq.Expressions	112	0x06000071	System.Linq.Expressions.Expression	ExclusiveOr	0x2050	NoInlining	Public, Static, HideBySig	0x10044bb90	0x94848554	0x10256d0e0	0x10256d0e0	mapped	0x10256d0e0
System.Linq.Expressions	113	0x06000072	System.Linq.Expressions.Expression	ExclusiveOrAssign	0x2050	NoInlining	Public, Static, HideBySig	0x10044bb94	0x948485c3	0x10256d2a0	0x10256d2a0	mapped	0x10256d2a0
System.Linq.Expressions	114	0x06000073	System.Linq.Expressions.Expression	Power	0x2050	NoInlining	Public, Static, HideBySig	0x10044bb98	0x9484863c	0x10256d488	0x10256d488	mapped	0x10256d488
System.Linq.Expressions	115	0x06000074	System.Linq.Expressions.Expression	PowerAssign	0x2050	NoInlining	Public, Static, HideBySig	0x10044bb9c	0x948486e8	0x10256d73c	0x10256d73c	mapped	0x10256d73c
System.Linq.Expressions	116	0x06000075	System.Linq.Expressions.Expression	ArrayIndex	0x2050	NoInlining	Public, Static, HideBySig	0x10044bba0	0x9484873b	0x10256d88c	0x10256d88c	mapped	0x10256d88c
System.Linq.Expressions	117	0x06000076	System.Linq.Expressions.Expression	Block	0x2050	NoInlining	Public, Static, HideBySig	0x10044bba4	0x948487ad	0x10256da58	0x10256da58	mapped	0x10256da58
System.Linq.Expressions	118	0x06000077	System.Linq.Expressions.Expression	BlockCore	0x2050	NoInlining	Private, Static, HideBySig	0x10044bba8	0x948487f5	0x10256db7c	0x10256db7c	mapped	0x10256db7c
System.Linq.Expressions	119	0x06000078	System.Linq.Expressions.Expression	ValidateVariables	0x2050	NoInlining	Assembly, Static, HideBySig	0x10044bbac	0x94848893	0x10256ddf8	0x10256ddf8	mapped	0x10256ddf8
System.Linq.Expressions	120	0x06000079	System.Linq.Expressions.Expression	GetOptimizedBlockExpression	0x2050	NoInlining	Private, Static, HideBySig	0x10044bbb0	0x948488fc	0x10256dfa0	0x10256dfa0	mapped	0x10256dfa0
System.Linq.Expressions	121	0x0600007a	System.Linq.Expressions.Expression	Condition	0x2050	NoInlining	Public, Static, HideBySig	0x10044bbb4	0x94848a26	0x10256e44c	0x10256e44c	mapped	0x10256e44c
System.Linq.Expressions	122	0x0600007b	System.Linq.Expressions.Expression	Condition	0x2050	NoInlining	Public, Static, HideBySig	0x10044bbb8	0x94848a85	0x10256e5cc	0x10256e5cc	mapped	0x10256e5cc
System.Linq.Expressions	123	0x0600007c	System.Linq.Expressions.Expression	Constant	0x2050	NoInlining	Public, Static, HideBySig	0x10044bbbc	0x94848aee	0x10256e774	0x10256e774	mapped	0x10256e774
System.Linq.Expressions	124	0x0600007d	System.Linq.Expressions.Expression	Constant	0x2050	NoInlining	Public, Static, HideBySig	0x10044bbc0	0x94848b10	0x10256e800	0x10256e800	mapped	0x10256e800
System.Linq.Expressions	125	0x0600007e	System.Linq.Expressions.Expression	Empty	0x2050	NoInlining	Public, Static, HideBySig	0x10044bbc4	0x94848b8a	0x10256e9ec	0x10256e9ec	mapped	0x10256e9ec
System.Linq.Expressions	126	0x0600007f	System.Linq.Expressions.Expression	.ctor	0x2050	NoInlining	Family, HideBySig, SpecialName, RTSpecialName	0x10044bbc8	0x94848bab	0x10256ea74	0x10256ea74	mapped	0x10256ea74
System.Linq.Expressions	127	0x06000080	System.Linq.Expressions.Expression	get_NodeType	0x2050	NoInlining	Public, Virtual, HideBySig, VtableLayoutMask, SpecialName	0x10044bbcc	0x94848bb8	0x10256eaac	0x10256eaac	mapped	0x10256eaac
System.Linq.Expressions	128	0x06000081	System.Linq.Expressions.Expression	get_Type	0x2050	NoInlining	Public, Virtual, HideBySig, VtableLayoutMask, SpecialName	0x10044bbd0	0x94848bea	0x10256eb78	0x10256eb78	mapped	0x10256eb78
System.Linq.Expressions	129	0x06000082	System.Linq.Expressions.Expression	get_CanReduce	0x2050	NoInlining	Public, Virtual, HideBySig, VtableLayoutMask, SpecialName	0x10044bbd4	0x94848c1c	0x10256ec44	0x10256ec44	mapped	0x10256ec44
System.Linq.Expressions	130	0x06000083	System.Linq.Expressions.Expression	Reduce	0x2050	NoInlining	Public, Virtual, HideBySig, VtableLayoutMask	0x10044bbd8	0x94848c1d	0x10256ec4c	0x10256ec4c	mapped	0x10256ec4c
System.Linq.Expressions	131	0x06000084	System.Linq.Expressions.Expression	VisitChildren	0x2050	NoInlining	FamORAssem, Final, Virtual, HideBySig, VtableLayoutMask	0x10044bbdc	0x94848c38	0x10256ecbc	0x10256ecbc	mapped	0x10256ecbc
System.Linq.Expressions	132	0x06000085	System.Linq.Expressions.Expression	Accept	0x2050	NoInlining	FamORAssem, Virtual, HideBySig, VtableLayoutMask	0x10044bbe0	0x94848c5e	0x10256ed58	0x10256ed58	mapped	0x10256ed58
System.Linq.Expressions	133	0x06000086	System.Linq.Expressions.Expression	ReduceAndCheck	0x2050	NoInlining	Public, HideBySig	0x10044bbe4	0x94848c75	0x10256edb8	0x10256edb8	mapped	0x10256edb8
System.Linq.Expressions	134	0x06000087	System.Linq.Expressions.Expression	ToString	0x2050	NoInlining	Public, Final, Virtual, HideBySig	0x10044bbe8	0x94848cac	0x10256ee98	0x10256ee98	mapped	0x10256ee98
System.Linq.Expressions	135	0x06000088	System.Linq.Expressions.Expression	RequiresCanRead	0x2050	NoInlining	Private, Static, HideBySig	0x10044bbec	0x94848cb9	0x10256eed0	0x10256eed0	mapped	0x10256eed0
System.Linq.Expressions	136	0x06000089	System.Linq.Expressions.Expression	RequiresCanWrite	0x2050	NoInlining	Private, Static, HideBySig	0x10044bbf0	0x94848cf4	0x10256efc0	0x10256efc0	mapped	0x10256efc0
System.Linq.Expressions	137	0x0600008a	System.Linq.Expressions.Expression	Goto	0x2050	NoInlining	Public, Static, HideBySig	0x10044bbf4	0x94848d5f	0x10256f170	0x10256f170	mapped	0x10256f170
System.Linq.Expressions	138	0x0600008b	System.Linq.Expressions.Expression	MakeGoto	0x2050	NoInlining	Public, Static, HideBySig	0x10044bbf8	0x94848d7c	0x10256f1e8	0x10256f1e8	mapped	0x10256f1e8
System.Linq.Expressions	139	0x0600008c	System.Linq.Expressions.Expression	ValidateGoto	0x2050	NoInlining	Private, Static, HideBySig	0x10044bbfc	0x94848db9	0x10256f2e0	0x10256f2e0	mapped	0x10256f2e0
System.Linq.Expressions	140	0x0600008d	System.Linq.Expressions.Expression	ValidateGotoType	0x2050	NoInlining	Private, Static, HideBySig	0x10044bc00	0x94848e03	0x10256f40c	0x10256f40c	mapped	0x10256f40c
System.Linq.Expressions	141	0x0600008e	System.Linq.Expressions.Expression	MakeIndex	0x2050	NoInlining	Public, Static, HideBySig	0x10044bc04	0x94848e49	0x10256f528	0x10256f528	mapped	0x10256f528
System.Linq.Expressions	142	0x0600008f	System.Linq.Expressions.Expression	ArrayAccess	0x2050	NoInlining	Public, Static, HideBySig	0x10044bc08	0x94848e6c	0x10256f5b8	0x10256f5b8	mapped	0x10256f5b8
System.Linq.Expressions	143	0x06000090	System.Linq.Expressions.Expression	Property	0x2050	NoInlining	Public, Static, HideBySig	0x10044bc0c	0x94848f2c	0x10256f8bc	0x10256f8bc	mapped	0x10256f8bc
System.Linq.Expressions	144	0x06000091	System.Linq.Expressions.Expression	MakeIndexProperty	0x2050	NoInlining	Private, Static, HideBySig	0x10044bc10	0x94848f51	0x10256f954	0x10256f954	mapped	0x10256f954
System.Linq.Expressions	145	0x06000092	System.Linq.Expressions.Expression	ValidateIndexedProperty	0x2050	NoInlining	Private, Static, HideBySig	0x10044bc14	0x94848f8a	0x10256fa3c	0x10256fa3c	mapped	0x10256fa3c
System.Linq.Expressions	146	0x06000093	System.Linq.Expressions.Expression	ValidateAccessor	0x2050	NoInlining	Private, Static, HideBySig	0x10044bc18	0x94849076	0x10256fdf0	0x10256fdf0	mapped	0x10256fdf0
System.Linq.Expressions	147	0x06000094	System.Linq.Expressions.Expression	ValidateAccessorArgumentTypes	0x2050	NoInlining	Private, Static, HideBySig	0x10044bc1c	0x948490cc	0x10256ff4c	0x10256ff4c	mapped	0x10256ff4c
System.Linq.Expressions	148	0x06000095	System.Linq.Expressions.Expression	Invoke	0x2050	NoInlining	Assembly, Static, HideBySig	0x10044bc20	0x948491bd	0x102570314	0x102570314	mapped	0x102570314
System.Linq.Expressions	149	0x06000096	System.Linq.Expressions.Expression	GetInvokeMethod	0x2050	NoInlining	Assembly, Static, HideBySig	0x10044bc24	0x9484921a	0x10257048c	0x10257048c	mapped	0x10257048c
System.Linq.Expressions	150	0x06000097	System.Linq.Expressions.Expression	Label	0x2050	NoInlining	Public, Static, HideBySig	0x10044bc28	0x9484927a	0x102570610	0x102570610	mapped	0x102570610
System.Linq.Expressions	151	0x06000098	System.Linq.Expressions.Expression	Label	0x2050	NoInlining	Public, Static, HideBySig	0x10044bc2c	0x948492ad	0x1025706e0	0x1025706e0	mapped	0x1025706e0
System.Linq.Expressions	152	0x06000099	System.Linq.Expressions.Expression	Lambda	0x2050	NoInlining	Public, Static, HideBySig	0x10044bc30	0x948492dc	0x1025707a0	0x1025707a0	mapped	0x1025707a0
System.Linq.Expressions	153	0x0600009a	System.Linq.Expressions.Expression	Lambda	0x2050	NoInlining	Public, Static, HideBySig	0x10044bc34	0x94849307	0x102570850	0x102570850	mapped	0x102570850
System.Linq.Expressions	154	0x0600009b	System.Linq.Expressions.Expression	Lambda	0x2050	NoInlining	Public, Static, HideBySig	0x10044bc38	0x94849334	0x102570908	0x102570908	mapped	0x102570908
System.Linq.Expressions	155	0x0600009c	System.Linq.Expressions.Expression	ValidateLambdaArgs	0x2050	NoInlining	Private, Static, HideBySig	0x10044bc3c	0x9484936e	0x1025709f4	0x1025709f4	mapped	0x1025709f4
System.Linq.Expressions	156	0x0600009d	System.Linq.Expressions.Expression	Field	0x2050	NoInlining	Public, Static, HideBySig	0x10044bc40	0x948494a7	0x102570edc	0x102570edc	mapped	0x102570edc
System.Linq.Expressions	157	0x0600009e	System.Linq.Expressions.Expression	Field	0x2050	NoInlining	Public, Static, HideBySig	0x10044bc44	0x94849510	0x102571084	0x102571084	mapped	0x102571084
System.Linq.Expressions	158	0x0600009f	System.Linq.Expressions.Expression	Property	0x2050	NoInlining	Public, Static, HideBySig	0x10044bc48	0x9484955c	0x1025711b8	0x1025711b8	mapped	0x1025711b8
System.Linq.Expressions	159	0x060000a0	System.Linq.Expressions.Expression	Property	0x2050	NoInlining	Public, Static, HideBySig	0x10044bc4c	0x948495ac	0x1025712fc	0x1025712fc	mapped	0x1025712fc
System.Linq.Expressions	160	0x060000a1	System.Linq.Expressions.Expression	MakeMemberAccess	0x2050	NoInlining	Public, Static, HideBySig	0x10044bc50	0x9484963a	0x102571538	0x102571538	mapped	0x102571538
System.Linq.Expressions	161	0x060000a2	System.Linq.Expressions.Expression	Call	0x2050	NoInlining	Assembly, Static, HideBySig	0x10044bc54	0x94849672	0x10257161c	0x10257161c	mapped	0x10257161c
System.Linq.Expressions	162	0x060000a3	System.Linq.Expressions.Expression	Call	0x2050	NoInlining	Public, Static, HideBySig	0x10044bc58	0x948496a0	0x1025716d8	0x1025716d8	mapped	0x1025716d8
System.Linq.Expressions	163	0x060000a4	System.Linq.Expressions.Expression	Call	0x2050	NoInlining	Public, Static, HideBySig	0x10044bc5c	0x948496ef	0x102571818	0x102571818	mapped	0x102571818
System.Linq.Expressions	164	0x060000a5	System.Linq.Expressions.Expression	Call	0x2050	NoInlining	Public, Static, HideBySig	0x10044bc60	0x94849758	0x1025719c0	0x1025719c0	mapped	0x1025719c0
System.Linq.Expressions	165	0x060000a6	System.Linq.Expressions.Expression	Call	0x2050	NoInlining	Public, Static, HideBySig	0x10044bc64	0x948497db	0x102571bd0	0x102571bd0	mapped	0x102571bd0
System.Linq.Expressions	166	0x060000a7	System.Linq.Expressions.Expression	Call	0x2050	NoInlining	Public, Static, HideBySig	0x10044bc68	0x94849877	0x102571e44	0x102571e44	mapped	0x102571e44
System.Linq.Expressions	167	0x060000a8	System.Linq.Expressions.Expression	Call	0x2050	NoInlining	Public, Static, HideBySig	0x10044bc6c	0x9484992d	0x102572120	0x102572120	mapped	0x102572120
System.Linq.Expressions	168	0x060000a9	System.Linq.Expressions.Expression	Call	0x2050	NoInlining	Public, Static, HideBySig	0x10044bc70	0x94849948	0x102572190	0x102572190	mapped	0x102572190
System.Linq.Expressions	169	0x060000aa	System.Linq.Expressions.Expression	Call	0x2050	NoInlining	Public, Static, HideBySig	0x10044bc74	0x9484998a	0x10257229c	0x10257229c	mapped	0x10257229c
System.Linq.Expressions	170	0x060000ab	System.Linq.Expressions.Expression	Call	0x2050	NoInlining	Assembly, Static, HideBySig	0x10044bc78	0x948499a8	0x102572318	0x102572318	mapped	0x102572318
System.Linq.Expressions	171	0x060000ac	System.Linq.Expressions.Expression	Call	0x2050	NoInlining	Public, Static, HideBySig	0x10044bc7c	0x94849a0d	0x1025724b0	0x1025724b0	mapped	0x1025724b0
System.Linq.Expressions	172	0x060000ad	System.Linq.Expressions.Expression	Call	0x2050	NoInlining	Public, Static, HideBySig	0x10044bc80	0x94849a8f	0x1025726bc	0x1025726bc	mapped	0x1025726bc
System.Linq.Expressions	173	0x060000ae	System.Linq.Expressions.Expression	Call	0x2050	NoInlining	Public, Static, HideBySig	0x10044bc84	0x94849b30	0x102572944	0x102572944	mapped	0x102572944
System.Linq.Expressions	174	0x060000af	System.Linq.Expressions.Expression	Call	0x2050	NoInlining	Public, Static, HideBySig	0x10044bc88	0x94849b6f	0x102572a44	0x102572a44	mapped	0x102572a44
System.Linq.Expressions	175	0x060000b0	System.Linq.Expressions.Expression	ValidateMethodAndGetParameters	0x2050	NoInlining	Private, Static, HideBySig	0x10044bc8c	0x94849c93	0x102572ed8	0x102572ed8	mapped	0x102572ed8
System.Linq.Expressions	176	0x060000b1	System.Linq.Expressions.Expression	ValidateStaticOrInstanceMethod	0x2050	NoInlining	Private, Static, HideBySig	0x10044bc90	0x94849cb4	0x102572f60	0x102572f60	mapped	0x102572f60
System.Linq.Expressions	177	0x060000b2	System.Linq.Expressions.Expression	ValidateCallInstanceType	0x2050	NoInlining	Private, Static, HideBySig	0x10044bc94	0x94849ce6	0x10257302c	0x10257302c	mapped	0x10257302c
System.Linq.Expressions	178	0x060000b3	System.Linq.Expressions.Expression	ValidateArgumentTypes	0x2050	NoInlining	Private, Static, HideBySig	0x10044bc98	0x94849d11	0x1025730dc	0x1025730dc	mapped	0x1025730dc
System.Linq.Expressions	179	0x060000b4	System.Linq.Expressions.Expression	GetParametersForValidation	0x2050	NoInlining	Private, Static, HideBySig	0x10044bc9c	0x94849d31	0x102573160	0x102573160	mapped	0x102573160
System.Linq.Expressions	180	0x060000b5	System.Linq.Expressions.Expression	ValidateArgumentCount	0x2050	NoInlining	Private, Static, HideBySig	0x10044bca0	0x94849d4b	0x1025731cc	0x1025731cc	mapped	0x1025731cc
System.Linq.Expressions	181	0x060000b6	System.Linq.Expressions.Expression	ValidateOneArgument	0x2050	NoInlining	Private, Static, HideBySig	0x10044bca4	0x94849d6b	0x102573250	0x102573250	mapped	0x102573250
System.Linq.Expressions	182	0x060000b7	System.Linq.Expressions.Expression	TryQuote	0x2050	NoInlining	Private, Static, HideBySig	0x10044bca8	0x94849d92	0x1025732f0	0x1025732f0	mapped	0x1025732f0
System.Linq.Expressions	183	0x060000b8	System.Linq.Expressions.Expression	FindMethod	0x2050	NoInlining	Private, Static, HideBySig	0x10044bcac	0x94849dac	0x10257335c	0x10257335c	mapped	0x10257335c
System.Linq.Expressions	184	0x060000b9	System.Linq.Expressions.Expression	IsCompatible	0x2050	NoInlining	Private, Static, HideBySig	0x10044bcb0	0x94849e2f	0x10257356c	0x10257356c	mapped	0x10257356c
System.Linq.Expressions	185	0x060000ba	System.Linq.Expressions.Expression	ApplyTypeArgs	0x2050	NoInlining	Private, Static, HideBySig	0x10044bcb4	0x94849ea2	0x10257373c	0x10257373c	mapped	0x10257373c
System.Linq.Expressions	186	0x060000bb	System.Linq.Expressions.Expression	Parameter	0x2050	NoInlining	Public, Static, HideBySig	0x10044bcb8	0x94849ee3	0x102573844	0x102573844	mapped	0x102573844
System.Linq.Expressions	187	0x060000bc	System.Linq.Expressions.Expression	Parameter	0x2050	NoInlining	Public, Static, HideBySig	0x10044bcbc	0x94849efc	0x1025738ac	0x1025738ac	mapped	0x1025738ac
System.Linq.Expressions	188	0x060000bd	System.Linq.Expressions.Expression	Variable	0x2050	NoInlining	Public, Static, HideBySig	0x10044bcc0	0x94849f2a	0x102573968	0x102573968	mapped	0x102573968
System.Linq.Expressions	189	0x060000be	System.Linq.Expressions.Expression	Validate	0x2050	NoInlining	Private, Static, HideBySig	0x10044bcc4	0x94849f48	0x1025739e4	0x1025739e4	mapped	0x1025739e4
System.Linq.Expressions	190	0x060000bf	System.Linq.Expressions.Expression	MakeUnary	0x2050	NoInlining	Public, Static, HideBySig	0x10044bcc8	0x94849f75	0x102573a9c	0x102573a9c	mapped	0x102573a9c
System.Linq.Expressions	191	0x060000c0	System.Linq.Expressions.Expression	GetUserDefinedUnaryOperatorOrThrow	0x2050	NoInlining	Private, Static, HideBySig	0x10044bccc	0x9484a01b	0x102573d38	0x102573d38	mapped	0x102573d38
System.Linq.Expressions	192	0x060000c1	System.Linq.Expressions.Expression	GetUserDefinedUnaryOperator	0x2050	NoInlining	Private, Static, HideBySig	0x10044bcd0	0x9484a06f	0x102573e8c	0x102573e8c	mapped	0x102573e8c
System.Linq.Expressions	193	0x060000c2	System.Linq.Expressions.Expression	GetMethodBasedUnaryOperator	0x2050	NoInlining	Private, Static, HideBySig	0x10044bcd4	0x9484a0ed	0x102574088	0x102574088	mapped	0x102574088
System.Linq.Expressions	194	0x060000c3	System.Linq.Expressions.Expression	GetUserDefinedCoercionOrThrow	0x2050	NoInlining	Private, Static, HideBySig	0x10044bcd8	0x9484a1ac	0x102574388	0x102574388	mapped	0x102574388
System.Linq.Expressions	195	0x060000c4	System.Linq.Expressions.Expression	GetUserDefinedCoercion	0x2050	NoInlining	Private, Static, HideBySig	0x10044bcdc	0x9484a1d8	0x10257443c	0x10257443c	mapped	0x10257443c
System.Linq.Expressions	196	0x060000c5	System.Linq.Expressions.Expression	GetMethodBasedCoercionOperator	0x2050	NoInlining	Private, Static, HideBySig	0x10044bce0	0x9484a217	0x10257453c	0x10257453c	mapped	0x10257453c
System.Linq.Expressions	197	0x060000c6	System.Linq.Expressions.Expression	Negate	0x2050	NoInlining	Public, Static, HideBySig	0x10044bce4	0x9484a2c6	0x1025747fc	0x1025747fc	mapped	0x1025747fc
System.Linq.Expressions	198	0x060000c7	System.Linq.Expressions.Expression	UnaryPlus	0x2050	NoInlining	Public, Static, HideBySig	0x10044bce8	0x9484a31e	0x102574960	0x102574960	mapped	0x102574960
System.Linq.Expressions	199	0x060000c8	System.Linq.Expressions.Expression	NegateChecked	0x2050	NoInlining	Public, Static, HideBySig	0x10044bcec	0x9484a36f	0x102574aa8	0x102574aa8	mapped	0x102574aa8
System.Linq.Expressions	200	0x060000c9	System.Linq.Expressions.Expression	Not	0x2050	NoInlining	Public, Static, HideBySig	0x10044bcf0	0x9484a3c7	0x102574c0c	0x102574c0c	mapped	0x102574c0c
System.Linq.Expressions	201	0x060000ca	System.Linq.Expressions.Expression	IsFalse	0x2050	NoInlining	Public, Static, HideBySig	0x10044bcf4	0x9484a41e	0x102574d6c	0x102574d6c	mapped	0x102574d6c
System.Linq.Expressions	202	0x060000cb	System.Linq.Expressions.Expression	IsTrue	0x2050	NoInlining	Public, Static, HideBySig	0x10044bcf8	0x9484a46f	0x102574eb4	0x102574eb4	mapped	0x102574eb4
System.Linq.Expressions	203	0x060000cc	System.Linq.Expressions.Expression	OnesComplement	0x2050	NoInlining	Public, Static, HideBySig	0x10044bcfc	0x9484a4c0	0x102574ffc	0x102574ffc	mapped	0x102574ffc
System.Linq.Expressions	204	0x060000cd	System.Linq.Expressions.Expression	TypeAs	0x2050	NoInlining	Public, Static, HideBySig	0x10044bd00	0x9484a511	0x102575144	0x102575144	mapped	0x102575144
System.Linq.Expressions	205	0x060000ce	System.Linq.Expressions.Expression	Unbox	0x2050	NoInlining	Public, Static, HideBySig	0x10044bd04	0x9484a563	0x102575290	0x102575290	mapped	0x102575290
System.Linq.Expressions	206	0x060000cf	System.Linq.Expressions.Expression	Convert	0x2050	NoInlining	Public, Static, HideBySig	0x10044bd08	0x9484a5c9	0x10257542c	0x10257542c	mapped	0x10257542c
System.Linq.Expressions	207	0x060000d0	System.Linq.Expressions.Expression	Convert	0x2050	NoInlining	Public, Static, HideBySig	0x10044bd0c	0x9484a5e4	0x10257549c	0x10257549c	mapped	0x10257549c
System.Linq.Expressions	208	0x060000d1	System.Linq.Expressions.Expression	ConvertChecked	0x2050	NoInlining	Public, Static, HideBySig	0x10044bd10	0x9484a643	0x10257561c	0x10257561c	mapped	0x10257561c
System.Linq.Expressions	209	0x060000d2	System.Linq.Expressions.Expression	ArrayLength	0x2050	NoInlining	Public, Static, HideBySig	0x10044bd14	0x9484a6b1	0x1025757d8	0x1025757d8	mapped	0x1025757d8
System.Linq.Expressions	210	0x060000d3	System.Linq.Expressions.Expression	Quote	0x2050	NoInlining	Public, Static, HideBySig	0x10044bd18	0x9484a721	0x10257599c	0x10257599c	mapped	0x10257599c
System.Linq.Expressions	211	0x060000d4	System.Linq.Expressions.Expression	Throw	0x2050	NoInlining	Public, Static, HideBySig	0x10044bd1c	0x9484a768	0x102575abc	0x102575abc	mapped	0x102575abc
System.Linq.Expressions	212	0x060000d5	System.Linq.Expressions.Expression	Increment	0x2050	NoInlining	Public, Static, HideBySig	0x10044bd20	0x9484a7b8	0x102575c00	0x102575c00	mapped	0x102575c00
System.Linq.Expressions	213	0x060000d6	System.Linq.Expressions.Expression	Decrement	0x2050	NoInlining	Public, Static, HideBySig	0x10044bd24	0x9484a809	0x102575d48	0x102575d48	mapped	0x102575d48
System.Linq.Expressions	214	0x060000d7	System.Linq.Expressions.Expression	PreIncrementAssign	0x2050	NoInlining	Public, Static, HideBySig	0x10044bd28	0x9484a85a	0x102575e90	0x102575e90	mapped	0x102575e90
System.Linq.Expressions	215	0x060000d8	System.Linq.Expressions.Expression	PreDecrementAssign	0x2050	NoInlining	Public, Static, HideBySig	0x10044bd2c	0x9484a875	0x102575f00	0x102575f00	mapped	0x102575f00
System.Linq.Expressions	216	0x060000d9	System.Linq.Expressions.Expression	PostIncrementAssign	0x2050	NoInlining	Public, Static, HideBySig	0x10044bd30	0x9484a890	0x102575f70	0x102575f70	mapped	0x102575f70
System.Linq.Expressions	217	0x060000da	System.Linq.Expressions.Expression	PostDecrementAssign	0x2050	NoInlining	Public, Static, HideBySig	0x10044bd34	0x9484a8ab	0x102575fe0	0x102575fe0	mapped	0x102575fe0
System.Linq.Expressions	218	0x060000db	System.Linq.Expressions.Expression	MakeOpAssignUnary	0x2050	NoInlining	Private, Static, HideBySig	0x10044bd38	0x9484a8c6	0x102576050	0x102576050	mapped	0x102576050
System.Linq.Expressions	219	0x060000dc	System.Linq.Expressions.Expression	.cctor	0x2050	NoInlining	Private, Static, HideBySig, SpecialName, RTSpecialName	0x10044bd3c	0x9484a94d	0x102576270	0x102576270	mapped	0x102576270
System.Linq.Expressions	220	0x060000dd	System.Linq.Expressions.BlockExpression	get_Expressions	0x2050	NoInlining	Public, HideBySig, SpecialName	0x10044bd40	0x9484a96d	0x1025762f4	0x1025762f4	mapped	0x1025762f4
System.Linq.Expressions	221	0x060000de	System.Linq.Expressions.BlockExpression	get_Variables	0x2050	NoInlining	Public, HideBySig, SpecialName	0x10044bd44	0x9484a982	0x10257634c	0x10257634c	mapped	0x10257634c
System.Linq.Expressions	222	0x060000df	System.Linq.Expressions.BlockExpression	.ctor	0x2050	NoInlining	Assembly, HideBySig, SpecialName, RTSpecialName	0x10044bd48	0x9484a997	0x1025763a4	0x1025763a4	mapped	0x1025763a4
System.Linq.Expressions	223	0x060000e0	System.Linq.Expressions.BlockExpression	Accept	0x2050	NoInlining	FamORAssem, Final, Virtual, HideBySig	0x10044bd4c	0x9484a997	0x1025763a8	0x1025763a8	mapped	0x1025763a8
System.Linq.Expressions	224	0x060000e1	System.Linq.Expressions.BlockExpression	get_NodeType	0x2050	NoInlining	Public, Final, Virtual, HideBySig, SpecialName	0x10044bd50	0x9484a9ae	0x102576408	0x102576408	mapped	0x102576408
System.Linq.Expressions	225	0x060000e2	System.Linq.Expressions.BlockExpression	get_Type	0x2050	NoInlining	Public, Virtual, HideBySig, SpecialName	0x10044bd54	0x9484a9af	0x102576410	0x102576410	mapped	0x102576410
System.Linq.Expressions	226	0x060000e3	System.Linq.Expressions.BlockExpression	GetExpression	0x2050	NoInlining	Assembly, Virtual, HideBySig, VtableLayoutMask, CheckAccessOnOverride	0x10044bd58	0x9484a9cf	0x102576494	0x102576494	mapped	0x102576494
System.Linq.Expressions	227	0x060000e4	System.Linq.Expressions.BlockExpression	get_ExpressionCount	0x2050	NoInlining	Assembly, Virtual, HideBySig, VtableLayoutMask, CheckAccessOnOverride, SpecialName	0x10044bd5c	0x9484a9d7	0x1025764b8	0x1025764b8	mapped	0x1025764b8
System.Linq.Expressions	228	0x060000e5	System.Linq.Expressions.BlockExpression	GetOrMakeExpressions	0x2050	NoInlining	Assembly, Virtual, HideBySig, VtableLayoutMask, CheckAccessOnOverride	0x10044bd60	0x9484a9df	0x1025764dc	0x1025764dc	mapped	0x1025764dc
System.Linq.Expressions	229	0x060000e6	System.Linq.Expressions.BlockExpression	GetOrMakeVariables	0x2050	NoInlining	Assembly, Virtual, HideBySig, VtableLayoutMask, CheckAccessOnOverride	0x10044bd64	0x9484a9e7	0x102576500	0x102576500	mapped	0x102576500
System.Linq.Expressions	230	0x060000e7	System.Linq.Expressions.BlockExpression	Rewrite	0x2050	NoInlining	Assembly, Virtual, HideBySig, VtableLayoutMask, CheckAccessOnOverride	0x10044bd68	0x9484aa03	0x102576574	0x102576574	mapped	0x102576574
System.Linq.Expressions	231	0x060000e8	System.Linq.Expressions.BlockExpression	ReturnReadOnlyExpressions	0x2050	NoInlining	Assembly, Static, HideBySig	0x10044bd6c	0x9484aa0b	0x102576598	0x102576598	mapped	0x102576598
System.Linq.Expressions	232	0x060000e9	System.Linq.Expressions.Block2	.ctor	0x2050	NoInlining	Assembly, HideBySig, SpecialName, RTSpecialName	0x10044bd70	0x9484aa6b	0x10257671c	0x10257671c	mapped	0x10257671c
System.Linq.Expressions	233	0x060000ea	System.Linq.Expressions.Block2	GetExpression	0x2050	NoInlining	Assembly, Final, Virtual, HideBySig, CheckAccessOnOverride	0x10044bd74	0x9484aa7f	0x102576770	0x102576770	mapped	0x102576770
System.Linq.Expressions	234	0x060000eb	System.Linq.Expressions.Block2	get_ExpressionCount	0x2050	NoInlining	Assembly, Final, Virtual, HideBySig, CheckAccessOnOverride, SpecialName	0x10044bd78	0x9484aab0	0x102576838	0x102576838	mapped	0x102576838
System.Linq.Expressions	235	0x060000ec	System.Linq.Expressions.Block2	GetOrMakeExpressions	0x2050	NoInlining	Assembly, Final, Virtual, HideBySig, CheckAccessOnOverride	0x10044bd7c	0x9484aab1	0x102576840	0x102576840	mapped	0x102576840
System.Linq.Expressions	236	0x060000ed	System.Linq.Expressions.Block2	Rewrite	0x2050	NoInlining	Assembly, Final, Virtual, HideBySig, CheckAccessOnOverride	0x10044bd80	0x9484aac5	0x102576894	0x102576894	mapped	0x102576894
System.Linq.Expressions	237	0x060000ee	System.Linq.Expressions.Block3	.ctor	0x2050	NoInlining	Assembly, HideBySig, SpecialName, RTSpecialName	0x10044bd84	0x9484aaff	0x102576980	0x102576980	mapped	0x102576980
System.Linq.Expressions	238	0x060000ef	System.Linq.Expressions.Block3	GetExpression	0x2050	NoInlining	Assembly, Final, Virtual, HideBySig, CheckAccessOnOverride	0x10044bd88	0x9484ab18	0x1025769e8	0x1025769e8	mapped	0x1025769e8
System.Linq.Expressions	239	0x060000f0	System.Linq.Expressions.Block3	get_ExpressionCount	0x2050	NoInlining	Assembly, Final, Virtual, HideBySig, CheckAccessOnOverride, SpecialName	0x10044bd8c	0x9484ab50	0x102576acc	0x102576acc	mapped	0x102576acc
System.Linq.Expressions	240	0x060000f1	System.Linq.Expressions.Block3	GetOrMakeExpressions	0x2050	NoInlining	Assembly, Final, Virtual, HideBySig, CheckAccessOnOverride	0x10044bd90	0x9484ab51	0x102576ad4	0x102576ad4	mapped	0x102576ad4
System.Linq.Expressions	241	0x060000f2	System.Linq.Expressions.Block3	Rewrite	0x2050	NoInlining	Assembly, Final, Virtual, HideBySig, CheckAccessOnOverride	0x10044bd94	0x9484ab65	0x102576b28	0x102576b28	mapped	0x102576b28
System.Linq.Expressions	242	0x060000f3	System.Linq.Expressions.Block4	.ctor	0x2050	NoInlining	Assembly, HideBySig, SpecialName, RTSpecialName	0x10044bd98	0x9484abaa	0x102576c40	0x102576c40	mapped	0x102576c40
System.Linq.Expressions	243	0x060000f4	System.Linq.Expressions.Block4	GetExpression	0x2050	NoInlining	Assembly, Final, Virtual, HideBySig, CheckAccessOnOverride	0x10044bd9c	0x9484abc8	0x102576cbc	0x102576cbc	mapped	0x102576cbc
System.Linq.Expressions	244	0x060000f5	System.Linq.Expressions.Block4	get_ExpressionCount	0x2050	NoInlining	Assembly, Final, Virtual, HideBySig, CheckAccessOnOverride, SpecialName	0x10044bda0	0x9484ac09	0x102576dc4	0x102576dc4	mapped	0x102576dc4
System.Linq.Expressions	245	0x060000f6	System.Linq.Expressions.Block4	GetOrMakeExpressions	0x2050	NoInlining	Assembly, Final, Virtual, HideBySig, CheckAccessOnOverride	0x10044bda4	0x9484ac0a	0x102576dcc	0x102576dcc	mapped	0x102576dcc
System.Linq.Expressions	246	0x060000f7	System.Linq.Expressions.Block4	Rewrite	0x2050	NoInlining	Assembly, Final, Virtual, HideBySig, CheckAccessOnOverride	0x10044bda8	0x9484ac1e	0x102576e20	0x102576e20	mapped	0x102576e20
System.Linq.Expressions	247	0x060000f8	System.Linq.Expressions.Block5	.ctor	0x2050	NoInlining	Assembly, HideBySig, SpecialName, RTSpecialName	0x10044bdac	0x9484ac6d	0x102576f60	0x102576f60	mapped	0x102576f60
System.Linq.Expressions	248	0x060000f9	System.Linq.Expressions.Block5	GetExpression	0x2050	NoInlining	Assembly, Final, Virtual, HideBySig, CheckAccessOnOverride	0x10044bdb0	0x9484ac90	0x102576ff0	0x102576ff0	mapped	0x102576ff0
System.Linq.Expressions	249	0x060000fa	System.Linq.Expressions.Block5	get_ExpressionCount	0x2050	NoInlining	Assembly, Final, Virtual, HideBySig, CheckAccessOnOverride, SpecialName	0x10044bdb4	0x9484acd6	0x10257710c	0x10257710c	mapped	0x10257710c
System.Linq.Expressions	250	0x060000fb	System.Linq.Expressions.Block5	GetOrMakeExpressions	0x2050	NoInlining	Assembly, Final, Virtual, HideBySig, CheckAccessOnOverride	0x10044bdb8	0x9484acd7	0x102577114	0x102577114	mapped	0x102577114
System.Linq.Expressions	251	0x060000fc	System.Linq.Expressions.Block5	Rewrite	0x2050	NoInlining	Assembly, Final, Virtual, HideBySig, CheckAccessOnOverride	0x10044bdbc	0x9484aceb	0x102577168	0x102577168	mapped	0x102577168
System.Linq.Expressions	252	0x060000fd	System.Linq.Expressions.BlockN	.ctor	0x2050	NoInlining	Assembly, HideBySig, SpecialName, RTSpecialName	0x10044bdc0	0x9484ad47	0x1025772dc	0x1025772dc	mapped	0x1025772dc
System.Linq.Expressions	253	0x060000fe	System.Linq.Expressions.BlockN	GetExpression	0x2050	NoInlining	Assembly, Final, Virtual, HideBySig, CheckAccessOnOverride	0x10044bdc4	0x9484ad56	0x10257731c	0x10257731c	mapped	0x10257731c
System.Linq.Expressions	254	0x060000ff	System.Linq.Expressions.BlockN	get_ExpressionCount	0x2050	NoInlining	Assembly, Final, Virtual, HideBySig, CheckAccessOnOverride, SpecialName	0x10044bdc8	0x9484ad7e	0x1025773c0	0x1025773c0	mapped	0x1025773c0
System.Linq.Expressions	255	0x06000100	System.Linq.Expressions.BlockN	GetOrMakeExpressions	0x2050	NoInlining	Assembly, Final, Virtual, HideBySig, CheckAccessOnOverride	0x10044bdcc	0x9484ada4	0x10257745c	0x10257745c	mapped	0x10257745c
System.Linq.Expressions	256	0x06000101	System.Linq.Expressions.BlockN	Rewrite	0x2050	NoInlining	Assembly, Final, Virtual, HideBySig, CheckAccessOnOverride	0x10044bdd0	0x9484adc4	0x1025774e0	0x1025774e0	mapped	0x1025774e0
System.Linq.Expressions	257	0x06000102	System.Linq.Expressions.ScopeExpression	.ctor	0x2050	NoInlining	Assembly, HideBySig, SpecialName, RTSpecialName	0x10044bdd4	0x9484ade6	0x10257756c	0x10257756c	mapped	0x10257756c
System.Linq.Expressions	258	0x06000103	System.Linq.Expressions.ScopeExpression	GetOrMakeVariables	0x2050	NoInlining	Assembly, Final, Virtual, HideBySig, CheckAccessOnOverride	0x10044bdd8	0x9484adf5	0x1025775ac	0x1025775ac	mapped	0x1025775ac
System.Linq.Expressions	259	0x06000104	System.Linq.Expressions.ScopeExpression	get_VariablesList	0x2050	NoInlining	Family, HideBySig, SpecialName	0x10044bddc	0x9484ae15	0x102577630	0x102577630	mapped	0x102577630
System.Linq.Expressions	260	0x06000105	System.Linq.Expressions.ScopeExpression	ReuseOrValidateVariables	0x2050	NoInlining	Assembly, HideBySig	0x10044bde0	0x9484ae1d	0x102577654	0x102577654	mapped	0x102577654
System.Linq.Expressions	261	0x06000106	System.Linq.Expressions.Scope1	.ctor	0x2050	NoInlining	Assembly, HideBySig, SpecialName, RTSpecialName	0x10044bde4	0x9484ae47	0x102577700	0x102577700	mapped	0x102577700
System.Linq.Expressions	262	0x06000107	System.Linq.Expressions.Scope1	.ctor	0x2050	NoInlining	Private, HideBySig, SpecialName, RTSpecialName	0x10044bde8	0x9484ae5b	0x102577754	0x102577754	mapped	0x102577754
System.Linq.Expressions	263	0x06000108	System.Linq.Expressions.Scope1	GetExpression	0x2050	NoInlining	Assembly, Final, Virtual, HideBySig, CheckAccessOnOverride	0x10044bdec	0x9484ae6f	0x1025777a8	0x1025777a8	mapped	0x1025777a8
System.Linq.Expressions	264	0x06000109	System.Linq.Expressions.Scope1	get_ExpressionCount	0x2050	NoInlining	Assembly, Final, Virtual, HideBySig, CheckAccessOnOverride, SpecialName	0x10044bdf0	0x9484ae98	0x102577850	0x102577850	mapped	0x102577850
System.Linq.Expressions	265	0x0600010a	System.Linq.Expressions.Scope1	GetOrMakeExpressions	0x2050	NoInlining	Assembly, Final, Virtual, HideBySig, CheckAccessOnOverride	0x10044bdf4	0x9484ae99	0x102577858	0x102577858	mapped	0x102577858
System.Linq.Expressions	266	0x0600010b	System.Linq.Expressions.Scope1	Rewrite	0x2050	NoInlining	Assembly, Final, Virtual, HideBySig, CheckAccessOnOverride	0x10044bdf8	0x9484aead	0x1025778ac	0x1025778ac	mapped	0x1025778ac
System.Linq.Expressions	267	0x0600010c	System.Linq.Expressions.ScopeN	.ctor	0x2050	NoInlining	Assembly, HideBySig, SpecialName, RTSpecialName	0x10044bdfc	0x9484aef3	0x1025779c8	0x1025779c8	mapped	0x1025779c8
System.Linq.Expressions	268	0x0600010d	System.Linq.Expressions.ScopeN	get_Body	0x2050	NoInlining	Family, HideBySig, SpecialName	0x10044be00	0x9484af07	0x102577a1c	0x102577a1c	mapped	0x102577a1c
System.Linq.Expressions	269	0x0600010e	System.Linq.Expressions.ScopeN	GetExpression	0x2050	NoInlining	Assembly, Final, Virtual, HideBySig, CheckAccessOnOverride	0x10044be04	0x9484af0f	0x102577a40	0x102577a40	mapped	0x102577a40
System.Linq.Expressions	270	0x0600010f	System.Linq.Expressions.ScopeN	get_ExpressionCount	0x2050	NoInlining	Assembly, Final, Virtual, HideBySig, CheckAccessOnOverride, SpecialName	0x10044be08	0x9484af37	0x102577ae4	0x102577ae4	mapped	0x102577ae4
System.Linq.Expressions	271	0x06000110	System.Linq.Expressions.ScopeN	GetOrMakeExpressions	0x2050	NoInlining	Assembly, Final, Virtual, HideBySig, CheckAccessOnOverride	0x10044be0c	0x9484af5d	0x102577b80	0x102577b80	mapped	0x102577b80
System.Linq.Expressions	272	0x06000111	System.Linq.Expressions.ScopeN	Rewrite	0x2050	NoInlining	Assembly, Virtual, HideBySig, CheckAccessOnOverride	0x10044be10	0x9484af7d	0x102577c04	0x102577c04	mapped	0x102577c04
System.Linq.Expressions	273	0x06000112	System.Linq.Expressions.ScopeWithType	.ctor	0x2050	NoInlining	Assembly, HideBySig, SpecialName, RTSpecialName	0x10044be14	0x9484afbb	0x102577d00	0x102577d00	mapped	0x102577d00
System.Linq.Expressions	274	0x06000113	System.Linq.Expressions.ScopeWithType	get_Type	0x2050	NoInlining	Public, Final, Virtual, HideBySig, SpecialName	0x10044be18	0x9484afd4	0x102577d68	0x102577d68	mapped	0x102577d68
System.Linq.Expressions	275	0x06000114	System.Linq.Expressions.ScopeWithType	Rewrite	0x2050	NoInlining	Assembly, Final, Virtual, HideBySig, CheckAccessOnOverride	0x10044be1c	0x9484afdc	0x102577d8c	0x102577d8c	mapped	0x102577d8c
System.Linq.Expressions	276	0x06000115	System.Linq.Expressions.BlockExpressionList	.ctor	0x2050	NoInlining	Assembly, HideBySig, SpecialName, RTSpecialName	0x10044be20	0x9484b027	0x102577ebc	0x102577ebc	mapped	0x102577ebc
System.Linq.Expressions	277	0x06000116	System.Linq.Expressions.BlockExpressionList	IndexOf	0x2050	NoInlining	Public, Final, Virtual, HideBySig, VtableLayoutMask	0x10044be24	0x9484b03b	0x102577f10	0x102577f10	mapped	0x102577f10
System.Linq.Expressions	278	0x06000117	System.Linq.Expressions.BlockExpressionList	Insert	0x2050	NoInlining	Public, Final, Virtual, HideBySig, VtableLayoutMask	0x10044be28	0x9484b077	0x102578004	0x102578004	mapped	0x102578004
System.Linq.Expressions	279	0x06000118	System.Linq.Expressions.BlockExpressionList	RemoveAt	0x2050	NoInlining	Public, Final, Virtual, HideBySig, VtableLayoutMask	0x10044be2c	0x9484b07f	0x102578028	0x102578028	mapped	0x102578028
System.Linq.Expressions	280	0x06000119	System.Linq.Expressions.BlockExpressionList	get_Item	0x2050	NoInlining	Public, Final, Virtual, HideBySig, VtableLayoutMask, SpecialName	0x10044be30	0x9484b087	0x10257804c	0x10257804c	mapped	0x10257804c
System.Linq.Expressions	281	0x0600011a	System.Linq.Expressions.BlockExpressionList	set_Item	0x2050	NoInlining	Public, Final, Virtual, HideBySig, VtableLayoutMask, SpecialName	0x10044be34	0x9484b0a6	0x1025780cc	0x1025780cc	mapped	0x1025780cc
System.Linq.Expressions	282	0x0600011b	System.Linq.Expressions.BlockExpressionList	Add	0x2050	NoInlining	Public, Final, Virtual, HideBySig, VtableLayoutMask	0x10044be38	0x9484b0ae	0x1025780f0	0x1025780f0	mapped	0x1025780f0
System.Linq.Expressions	283	0x0600011c	System.Linq.Expressions.BlockExpressionList	Clear	0x2050	NoInlining	Public, Final, Virtual, HideBySig, VtableLayoutMask	0x10044be3c	0x9484b0b6	0x102578114	0x102578114	mapped	0x102578114
System.Linq.Expressions	284	0x0600011d	System.Linq.Expressions.BlockExpressionList	Contains	0x2050	NoInlining	Public, Final, Virtual, HideBySig, VtableLayoutMask	0x10044be40	0x9484b0be	0x102578138	0x102578138	mapped	0x102578138
System.Linq.Expressions	285	0x0600011e	System.Linq.Expressions.BlockExpressionList	CopyTo	0x2050	NoInlining	Public, Final, Virtual, HideBySig, VtableLayoutMask	0x10044be44	0x9484b0cf	0x102578180	0x102578180	mapped	0x102578180
System.Linq.Expressions	286	0x0600011f	System.Linq.Expressions.BlockExpressionList	get_Count	0x2050	NoInlining	Public, Final, Virtual, HideBySig, VtableLayoutMask, SpecialName	0x10044be48	0x9484b131	0x10257830c	0x10257830c	mapped	0x10257830c
System.Linq.Expressions	287	0x06000120	System.Linq.Expressions.BlockExpressionList	get_IsReadOnly	0x2050	NoInlining	Public, Final, Virtual, HideBySig, VtableLayoutMask, SpecialName	0x10044be4c	0x9484b149	0x102578370	0x102578370	mapped	0x102578370
System.Linq.Expressions	288	0x06000121	System.Linq.Expressions.BlockExpressionList	Remove	0x2050	NoInlining	Public, Final, Virtual, HideBySig, VtableLayoutMask	0x10044be50	0x9484b151	0x102578394	0x102578394	mapped	0x102578394
System.Linq.Expressions	289	0x06000122	System.Linq.Expressions.BlockExpressionList	GetEnumerator	0x2050	NoInlining	Public, Final, Virtual, HideBySig, VtableLayoutMask	0x10044be54	0x9484b159	0x1025783b8	0x1025783b8	mapped	0x1025783b8
System.Linq.Expressions	290	0x06000123	System.Linq.Expressions.BlockExpressionList	System.Collections.IEnumerable.GetEnumerator	0x2050	NoInlining	Private, Final, Virtual, HideBySig, VtableLayoutMask	0x10044be58	0x9484b17c	0x102578448	0x102578448	mapped	0x102578448
System.Linq.Expressions	291	0x06000124	System.Linq.Expressions.BlockExpressionList+<GetEnumerator>d__18	.ctor	0x2050	NoInlining	Public, HideBySig, SpecialName, RTSpecialName	0x10044be5c	0x9484b19f	0x1025784d8	0x1025784d8	mapped	0x1025784d8
System.Linq.Expressions	292	0x06000125	System.Linq.Expressions.BlockExpressionList+<GetEnumerator>d__18	System.IDisposable.Dispose	0x2050	NoInlining	Private, Final, Virtual, HideBySig, VtableLayoutMask	0x10044be60	0x9484b1a7	0x1025784fc	0x1025784fc	mapped	0x1025784fc
System.Linq.Expressions	293	0x06000126	System.Linq.Expressions.BlockExpressionList+<GetEnumerator>d__18	MoveNext	0x2050	NoInlining	Private, Final, Virtual, HideBySig, VtableLayoutMask	0x10044be64	0x9484b1a7	0x102578500	0x102578500	mapped	0x102578500
System.Linq.Expressions	294	0x06000127	System.Linq.Expressions.BlockExpressionList+<GetEnumerator>d__18	System.Collections.Generic.IEnumerator<System.Linq.Expressions.Expression>.get_Current	0x2050	NoInlining	Private, Final, Virtual, HideBySig, VtableLayoutMask, SpecialName	0x10044be68	0x9484b1f3	0x102578634	0x102578634	mapped	0x102578634
System.Linq.Expressions	295	0x06000128	System.Linq.Expressions.BlockExpressionList+<GetEnumerator>d__18	System.Collections.IEnumerator.Reset	0x2050	NoInlining	Private, Final, Virtual, HideBySig, VtableLayoutMask	0x10044be6c	0x9484b1fb	0x102578658	0x102578658	mapped	0x102578658
System.Linq.Expressions	296	0x06000129	System.Linq.Expressions.BlockExpressionList+<GetEnumerator>d__18	System.Collections.IEnumerator.get_Current	0x2050	NoInlining	Private, Final, Virtual, HideBySig, VtableLayoutMask, SpecialName	0x10044be70	0x9484b205	0x102578684	0x102578684	mapped	0x102578684
System.Linq.Expressions	297	0x0600012a	System.Linq.Expressions.CatchBlock	get_Variable	0x2050	NoInlining	Public, HideBySig, SpecialName	0x10044be74	0x9484b20d	0x1025786a8	0x1025786a8	mapped	0x1025786a8
System.Linq.Expressions	298	0x0600012b	System.Linq.Expressions.CatchBlock	get_Test	0x2050	NoInlining	Public, HideBySig, SpecialName	0x10044be78	0x9484b21e	0x1025786f0	0x1025786f0	mapped	0x1025786f0
System.Linq.Expressions	299	0x0600012c	System.Linq.Expressions.CatchBlock	get_Body	0x2050	NoInlining	Public, HideBySig, SpecialName	0x10044be7c	0x9484b22f	0x102578738	0x102578738	mapped	0x102578738
System.Linq.Expressions	300	0x0600012d	System.Linq.Expressions.CatchBlock	get_Filter	0x2050	NoInlining	Public, HideBySig, SpecialName	0x10044be80	0x9484b240	0x102578780	0x102578780	mapped	0x102578780
System.Linq.Expressions	301	0x0600012e	System.Linq.Expressions.ConditionalExpression	.ctor	0x2050	NoInlining	Assembly, HideBySig, SpecialName, RTSpecialName	0x10044be84	0x9484b251	0x1025787c8	0x1025787c8	mapped	0x1025787c8
System.Linq.Expressions	302	0x0600012f	System.Linq.Expressions.ConditionalExpression	Make	0x2050	NoInlining	Assembly, Static, HideBySig	0x10044be88	0x9484b265	0x10257881c	0x10257881c	mapped	0x10257881c
System.Linq.Expressions	303	0x06000130	System.Linq.Expressions.ConditionalExpression	get_NodeType	0x2050	NoInlining	Public, Final, Virtual, HideBySig, SpecialName	0x10044be8c	0x9484b2e6	0x102578a24	0x102578a24	mapped	0x102578a24
System.Linq.Expressions	304	0x06000131	System.Linq.Expressions.ConditionalExpression	get_Type	0x2050	NoInlining	Public, Virtual, HideBySig, SpecialName	0x10044be90	0x9484b2e7	0x102578a2c	0x102578a2c	mapped	0x102578a2c
System.Linq.Expressions	305	0x06000132	System.Linq.Expressions.ConditionalExpression	get_Test	0x2050	NoInlining	Public, HideBySig, SpecialName	0x10044be94	0x9484b2ff	0x102578a90	0x102578a90	mapped	0x102578a90
System.Linq.Expressions	306	0x06000133	System.Linq.Expressions.ConditionalExpression	get_IfTrue	0x2050	NoInlining	Public, HideBySig, SpecialName	0x10044be98	0x9484b307	0x102578ab4	0x102578ab4	mapped	0x102578ab4
System.Linq.Expressions	307	0x06000134	System.Linq.Expressions.ConditionalExpression	get_IfFalse	0x2050	NoInlining	Public, HideBySig, SpecialName	0x10044be9c	0x9484b30f	0x102578ad8	0x102578ad8	mapped	0x102578ad8
System.Linq.Expressions	308	0x06000135	System.Linq.Expressions.ConditionalExpression	GetFalse	0x2050	NoInlining	Assembly, Virtual, HideBySig, VtableLayoutMask, CheckAccessOnOverride	0x10044bea0	0x9484b324	0x102578b30	0x102578b30	mapped	0x102578b30
System.Linq.Expressions	309	0x06000136	System.Linq.Expressions.ConditionalExpression	Accept	0x2050	NoInlining	FamORAssem, Final, Virtual, HideBySig	0x10044bea4	0x9484b334	0x102578b74	0x102578b74	mapped	0x102578b74
System.Linq.Expressions	310	0x06000137	System.Linq.Expressions.ConditionalExpression	Update	0x2050	NoInlining	Public, HideBySig	0x10044bea8	0x9484b34b	0x102578bd4	0x102578bd4	mapped	0x102578bd4
System.Linq.Expressions	311	0x06000138	System.Linq.Expressions.FullConditionalExpression	.ctor	0x2050	NoInlining	Assembly, HideBySig, SpecialName, RTSpecialName	0x10044beac	0x9484b378	0x102578c8c	0x102578c8c	mapped	0x102578c8c
System.Linq.Expressions	312	0x06000139	System.Linq.Expressions.FullConditionalExpression	GetFalse	0x2050	NoInlining	Assembly, Final, Virtual, HideBySig, CheckAccessOnOverride	0x10044beb0	0x9484b391	0x102578cf4	0x102578cf4	mapped	0x102578cf4
System.Linq.Expressions	313	0x0600013a	System.Linq.Expressions.FullConditionalExpressionWithType	.ctor	0x2050	NoInlining	Assembly, HideBySig, SpecialName, RTSpecialName	0x10044beb4	0x9484b399	0x102578d18	0x102578d18	mapped	0x102578d18
System.Linq.Expressions	314	0x0600013b	System.Linq.Expressions.FullConditionalExpressionWithType	get_Type	0x2050	NoInlining	Public, Final, Virtual, HideBySig, SpecialName	0x10044beb8	0x9484b3b7	0x102578d94	0x102578d94	mapped	0x102578d94
System.Linq.Expressions	315	0x0600013c	System.Linq.Expressions.ConstantExpression	.ctor	0x2050	NoInlining	Assembly, HideBySig, SpecialName, RTSpecialName	0x10044bebc	0x9484b3bf	0x102578db8	0x102578db8	mapped	0x102578db8
System.Linq.Expressions	316	0x0600013d	System.Linq.Expressions.ConstantExpression	get_Type	0x2050	NoInlining	Public, Virtual, HideBySig, SpecialName	0x10044bec0	0x9484b3ce	0x102578df8	0x102578df8	mapped	0x102578df8
System.Linq.Expressions	317	0x0600013e	System.Linq.Expressions.ConstantExpression	get_NodeType	0x2050	NoInlining	Public, Final, Virtual, HideBySig, SpecialName	0x10044bec4	0x9484b3e9	0x102578e68	0x102578e68	mapped	0x102578e68
System.Linq.Expressions	318	0x0600013f	System.Linq.Expressions.ConstantExpression	get_Value	0x2050	NoInlining	Public, HideBySig, SpecialName	0x10044bec8	0x9484b3ea	0x102578e70	0x102578e70	mapped	0x102578e70
System.Linq.Expressions	319	0x06000140	System.Linq.Expressions.ConstantExpression	Accept	0x2050	NoInlining	FamORAssem, Final, Virtual, HideBySig	0x10044becc	0x9484b3f2	0x102578e94	0x102578e94	mapped	0x102578e94
System.Linq.Expressions	320	0x06000141	System.Linq.Expressions.TypedConstantExpression	.ctor	0x2050	NoInlining	Assembly, HideBySig, SpecialName, RTSpecialName	0x10044bed0	0x9484b409	0x102578ef4	0x102578ef4	mapped	0x102578ef4
System.Linq.Expressions	321	0x06000142	System.Linq.Expressions.TypedConstantExpression	get_Type	0x2050	NoInlining	Public, Final, Virtual, HideBySig, SpecialName	0x10044bed4	0x9484b41d	0x102578f48	0x102578f48	mapped	0x102578f48
System.Linq.Expressions	322	0x06000143	System.Linq.Expressions.DebugInfoExpression	get_StartLine	0x2050	NoInlining	Public, HideBySig, SpecialName	0x10044bed8	0x9484b425	0x102578f6c	0x102578f6c	mapped	0x102578f6c
System.Linq.Expressions	323	0x06000144	System.Linq.Expressions.DebugInfoExpression	get_EndLine	0x2050	NoInlining	Public, HideBySig, SpecialName	0x10044bedc	0x9484b436	0x102578fb4	0x102578fb4	mapped	0x102578fb4
System.Linq.Expressions	324	0x06000145	System.Linq.Expressions.DebugInfoExpression	get_Document	0x2050	NoInlining	Public, HideBySig, SpecialName	0x10044bee0	0x9484b447	0x102578ffc	0x102578ffc	mapped	0x102578ffc
System.Linq.Expressions	325	0x06000146	System.Linq.Expressions.DebugInfoExpression	get_IsClear	0x2050	NoInlining	Public, HideBySig, SpecialName	0x10044bee4	0x9484b458	0x102579044	0x102579044	mapped	0x102579044
System.Linq.Expressions	326	0x06000147	System.Linq.Expressions.DefaultExpression	.ctor	0x2050	NoInlining	Assembly, HideBySig, SpecialName, RTSpecialName	0x10044bee8	0x9484b469	0x10257908c	0x10257908c	mapped	0x10257908c
System.Linq.Expressions	327	0x06000148	System.Linq.Expressions.DefaultExpression	get_Type	0x2050	NoInlining	Public, Final, Virtual, HideBySig, SpecialName	0x10044beec	0x9484b478	0x1025790cc	0x1025790cc	mapped	0x1025790cc
System.Linq.Expressions	328	0x06000149	System.Linq.Expressions.DefaultExpression	get_NodeType	0x2050	NoInlining	Public, Final, Virtual, HideBySig, SpecialName	0x10044bef0	0x9484b480	0x1025790f0	0x1025790f0	mapped	0x1025790f0
System.Linq.Expressions	329	0x0600014a	System.Linq.Expressions.DefaultExpression	Accept	0x2050	NoInlining	FamORAssem, Final, Virtual, HideBySig	0x10044bef4	0x9484b481	0x1025790f8	0x1025790f8	mapped	0x1025790f8
System.Linq.Expressions	330	0x0600014b	System.Linq.Expressions.ElementInit	get_AddMethod	0x2050	NoInlining	Public, HideBySig, SpecialName	0x10044bef8	0x9484b498	0x102579158	0x102579158	mapped	0x102579158
System.Linq.Expressions	331	0x0600014c	System.Linq.Expressions.ElementInit	get_Arguments	0x2050	NoInlining	Public, HideBySig, SpecialName	0x10044befc	0x9484b4a9	0x1025791a0	0x1025791a0	mapped	0x1025791a0
System.Linq.Expressions	332	0x0600014d	System.Linq.Expressions.ElementInit	GetArgument	0x2050	NoInlining	Public, Final, Virtual, HideBySig, VtableLayoutMask	0x10044bf00	0x9484b4ba	0x1025791e8	0x1025791e8	mapped	0x1025791e8
System.Linq.Expressions	333	0x0600014e	System.Linq.Expressions.ElementInit	get_ArgumentCount	0x2050	NoInlining	Public, Final, Virtual, HideBySig, VtableLayoutMask, SpecialName	0x10044bf04	0x9484b4cb	0x102579230	0x102579230	mapped	0x102579230
System.Linq.Expressions	334	0x0600014f	System.Linq.Expressions.Error	ReducibleMustOverrideReduce	0x2050	NoInlining	Assembly, Static, HideBySig	0x10044bf08	0x9484b4dc	0x102579278	0x102579278	mapped	0x102579278
System.Linq.Expressions	335	0x06000150	System.Linq.Expressions.Error	MustReduceToDifferent	0x2050	NoInlining	Assembly, Static, HideBySig	0x10044bf0c	0x9484b4f9	0x1025792f0	0x1025792f0	mapped	0x1025792f0
System.Linq.Expressions	336	0x06000151	System.Linq.Expressions.Error	ReducedNotCompatible	0x2050	NoInlining	Assembly, Static, HideBySig	0x10044bf10	0x9484b516	0x102579368	0x102579368	mapped	0x102579368
System.Linq.Expressions	337	0x06000152	System.Linq.Expressions.Error	SetterHasNoParams	0x2050	NoInlining	Assembly, Static, HideBySig	0x10044bf14	0x9484b533	0x1025793e0	0x1025793e0	mapped	0x1025793e0
System.Linq.Expressions	338	0x06000153	System.Linq.Expressions.Error	PropertyCannotHaveRefType	0x2050	NoInlining	Assembly, Static, HideBySig	0x10044bf18	0x9484b554	0x102579468	0x102579468	mapped	0x102579468
System.Linq.Expressions	339	0x06000154	System.Linq.Expressions.Error	IndexesOfSetGetMustMatch	0x2050	NoInlining	Assembly, Static, HideBySig	0x10044bf1c	0x9484b575	0x1025794f0	0x1025794f0	mapped	0x1025794f0
System.Linq.Expressions	340	0x06000155	System.Linq.Expressions.Error	AccessorsCannotHaveVarArgs	0x2050	NoInlining	Assembly, Static, HideBySig	0x10044bf20	0x9484b596	0x102579578	0x102579578	mapped	0x102579578
System.Linq.Expressions	341	0x06000156	System.Linq.Expressions.Error	AccessorsCannotHaveByRefArgs	0x2050	NoInlining	Private, Static, HideBySig	0x10044bf24	0x9484b5b7	0x102579600	0x102579600	mapped	0x102579600
System.Linq.Expressions	342	0x06000157	System.Linq.Expressions.Error	AccessorsCannotHaveByRefArgs	0x2050	NoInlining	Assembly, Static, HideBySig	0x10044bf28	0x9484b5d8	0x102579688	0x102579688	mapped	0x102579688
System.Linq.Expressions	343	0x06000158	System.Linq.Expressions.Error	TypeMustNotBeByRef	0x2050	NoInlining	Assembly, Static, HideBySig	0x10044bf2c	0x9484b5e8	0x1025796cc	0x1025796cc	mapped	0x1025796cc
System.Linq.Expressions	344	0x06000159	System.Linq.Expressions.Error	TypeMustNotBePointer	0x2050	NoInlining	Assembly, Static, HideBySig	0x10044bf30	0x9484b609	0x102579754	0x102579754	mapped	0x102579754
System.Linq.Expressions	345	0x0600015a	System.Linq.Expressions.Error	SetterMustBeVoid	0x2050	NoInlining	Assembly, Static, HideBySig	0x10044bf34	0x9484b62a	0x1025797dc	0x1025797dc	mapped	0x1025797dc
System.Linq.Expressions	346	0x0600015b	System.Linq.Expressions.Error	PropertyTypeMustMatchGetter	0x2050	NoInlining	Assembly, Static, HideBySig	0x10044bf38	0x9484b64b	0x102579864	0x102579864	mapped	0x102579864
System.Linq.Expressions	347	0x0600015c	System.Linq.Expressions.Error	PropertyTypeMustMatchSetter	0x2050	NoInlining	Assembly, Static, HideBySig	0x10044bf3c	0x9484b66c	0x1025798ec	0x1025798ec	mapped	0x1025798ec
System.Linq.Expressions	348	0x0600015d	System.Linq.Expressions.Error	BothAccessorsMustBeStatic	0x2050	NoInlining	Assembly, Static, HideBySig	0x10044bf40	0x9484b68d	0x102579974	0x102579974	mapped	0x102579974
System.Linq.Expressions	349	0x0600015e	System.Linq.Expressions.Error	OnlyStaticFieldsHaveNullInstance	0x2050	NoInlining	Assembly, Static, HideBySig	0x10044bf44	0x9484b6ae	0x1025799fc	0x1025799fc	mapped	0x1025799fc
System.Linq.Expressions	350	0x0600015f	System.Linq.Expressions.Error	OnlyStaticPropertiesHaveNullInstance	0x2050	NoInlining	Assembly, Static, HideBySig	0x10044bf48	0x9484b6cf	0x102579a84	0x102579a84	mapped	0x102579a84
System.Linq.Expressions	351	0x06000160	System.Linq.Expressions.Error	OnlyStaticMethodsHaveNullInstance	0x2050	NoInlining	Assembly, Static, HideBySig	0x10044bf4c	0x9484b6f0	0x102579b0c	0x102579b0c	mapped	0x102579b0c
System.Linq.Expressions	352	0x06000161	System.Linq.Expressions.Error	PropertyTypeCannotBeVoid	0x2050	NoInlining	Assembly, Static, HideBySig	0x10044bf50	0x9484b70d	0x102579b84	0x102579b84	mapped	0x102579b84
System.Linq.Expressions	353	0x06000162	System.Linq.Expressions.Error	InvalidUnboxType	0x2050	NoInlining	Assembly, Static, HideBySig	0x10044bf54	0x9484b72e	0x102579c0c	0x102579c0c	mapped	0x102579c0c
System.Linq.Expressions	354	0x06000163	System.Linq.Expressions.Error	ExpressionMustBeWriteable	0x2050	NoInlining	Assembly, Static, HideBySig	0x10044bf58	0x9484b74f	0x102579c94	0x102579c94	mapped	0x102579c94
System.Linq.Expressions	355	0x06000164	System.Linq.Expressions.Error	ArgumentMustNotHaveValueType	0x2050	NoInlining	Assembly, Static, HideBySig	0x10044bf5c	0x9484b770	0x102579d1c	0x102579d1c	mapped	0x102579d1c
System.Linq.Expressions	356	0x06000165	System.Linq.Expressions.Error	MustBeReducible	0x2050	NoInlining	Assembly, Static, HideBySig	0x10044bf60	0x9484b791	0x102579da4	0x102579da4	mapped	0x102579da4
System.Linq.Expressions	357	0x06000166	System.Linq.Expressions.Error	LabelMustBeVoidOrHaveExpression	0x2050	NoInlining	Assembly, Static, HideBySig	0x10044bf64	0x9484b7ae	0x102579e1c	0x102579e1c	mapped	0x102579e1c
System.Linq.Expressions	358	0x06000167	System.Linq.Expressions.Error	QuotedExpressionMustBeLambda	0x2050	NoInlining	Assembly, Static, HideBySig	0x10044bf68	0x9484b7cf	0x102579ea4	0x102579ea4	mapped	0x102579ea4
System.Linq.Expressions	359	0x06000168	System.Linq.Expressions.Error	VariableMustNotBeByRef	0x2050	NoInlining	Assembly, Static, HideBySig	0x10044bf6c	0x9484b7f0	0x102579f2c	0x102579f2c	mapped	0x102579f2c
System.Linq.Expressions	360	0x06000169	System.Linq.Expressions.Error	VariableMustNotBeByRef	0x2050	NoInlining	Assembly, Static, HideBySig	0x10044bf70	0x9484b817	0x102579fcc	0x102579fcc	mapped	0x102579fcc
System.Linq.Expressions	361	0x0600016a	System.Linq.Expressions.Error	DuplicateVariable	0x2050	NoInlining	Private, Static, HideBySig	0x10044bf74	0x9484b82e	0x10257a02c	0x10257a02c	mapped	0x10257a02c
System.Linq.Expressions	362	0x0600016b	System.Linq.Expressions.Error	DuplicateVariable	0x2050	NoInlining	Assembly, Static, HideBySig	0x10044bf78	0x9484b851	0x10257a0bc	0x10257a0bc	mapped	0x10257a0bc
System.Linq.Expressions	363	0x0600016c	System.Linq.Expressions.Error	ExtensionNodeMustOverrideProperty	0x2050	NoInlining	Assembly, Static, HideBySig	0x10044bf7c	0x9484b866	0x10257a114	0x10257a114	mapped	0x10257a114
System.Linq.Expressions	364	0x0600016d	System.Linq.Expressions.Error	UserDefinedOperatorMustBeStatic	0x2050	NoInlining	Assembly, Static, HideBySig	0x10044bf80	0x9484b887	0x10257a19c	0x10257a19c	mapped	0x10257a19c
System.Linq.Expressions	365	0x0600016e	System.Linq.Expressions.Error	UserDefinedOperatorMustNotBeVoid	0x2050	NoInlining	Assembly, Static, HideBySig	0x10044bf84	0x9484b8aa	0x10257a22c	0x10257a22c	mapped	0x10257a22c
System.Linq.Expressions	366	0x0600016f	System.Linq.Expressions.Error	CoercionOperatorNotDefined	0x2050	NoInlining	Assembly, Static, HideBySig	0x10044bf88	0x9484b8cd	0x10257a2bc	0x10257a2bc	mapped	0x10257a2bc
System.Linq.Expressions	367	0x06000170	System.Linq.Expressions.Error	UnaryOperatorNotDefined	0x2050	NoInlining	Assembly, Static, HideBySig	0x10044bf8c	0x9484b8f0	0x10257a34c	0x10257a34c	mapped	0x10257a34c
System.Linq.Expressions	368	0x06000171	System.Linq.Expressions.Error	BinaryOperatorNotDefined	0x2050	NoInlining	Assembly, Static, HideBySig	0x10044bf90	0x9484b913	0x10257a3dc	0x10257a3dc	mapped	0x10257a3dc
System.Linq.Expressions	369	0x06000172	System.Linq.Expressions.Error	ReferenceEqualityNotDefined	0x2050	NoInlining	Assembly, Static, HideBySig	0x10044bf94	0x9484b93a	0x10257a47c	0x10257a47c	mapped	0x10257a47c
System.Linq.Expressions	370	0x06000173	System.Linq.Expressions.Error	OperandTypesDoNotMatchParameters	0x2050	NoInlining	Assembly, Static, HideBySig	0x10044bf98	0x9484b95d	0x10257a50c	0x10257a50c	mapped	0x10257a50c
System.Linq.Expressions	371	0x06000174	System.Linq.Expressions.Error	OverloadOperatorTypeDoesNotMatchConversionType	0x2050	NoInlining	Assembly, Static, HideBySig	0x10044bf9c	0x9484b980	0x10257a59c	0x10257a59c	mapped	0x10257a59c
System.Linq.Expressions	372	0x06000175	System.Linq.Expressions.Error	ConversionIsNotSupportedForArithmeticTypes	0x2050	NoInlining	Assembly, Static, HideBySig	0x10044bfa0	0x9484b9a3	0x10257a62c	0x10257a62c	mapped	0x10257a62c
System.Linq.Expressions	373	0x06000176	System.Linq.Expressions.Error	ArgumentMustBeArray	0x2050	NoInlining	Assembly, Static, HideBySig	0x10044bfa4	0x9484b9c0	0x10257a6a4	0x10257a6a4	mapped	0x10257a6a4
System.Linq.Expressions	374	0x06000177	System.Linq.Expressions.Error	ArgumentMustBeBoolean	0x2050	NoInlining	Assembly, Static, HideBySig	0x10044bfa8	0x9484b9e1	0x10257a72c	0x10257a72c	mapped	0x10257a72c
System.Linq.Expressions	375	0x06000178	System.Linq.Expressions.Error	ArgumentMustBeArrayIndexType	0x2050	NoInlining	Assembly, Static, HideBySig	0x10044bfac	0x9484ba02	0x10257a7b4	0x10257a7b4	mapped	0x10257a7b4
System.Linq.Expressions	376	0x06000179	System.Linq.Expressions.Error	ArgumentMustBeSingleDimensionalArrayType	0x2050	NoInlining	Assembly, Static, HideBySig	0x10044bfb0	0x9484ba23	0x10257a83c	0x10257a83c	mapped	0x10257a83c
System.Linq.Expressions	377	0x0600017a	System.Linq.Expressions.Error	ArgumentTypesMustMatch	0x2050	NoInlining	Assembly, Static, HideBySig	0x10044bfb4	0x9484ba44	0x10257a8c4	0x10257a8c4	mapped	0x10257a8c4
System.Linq.Expressions	378	0x0600017b	System.Linq.Expressions.Error	CannotAutoInitializeValueTypeMemberThroughProperty	0x2050	NoInlining	Assembly, Static, HideBySig	0x10044bfb8	0x9484ba61	0x10257a93c	0x10257a93c	mapped	0x10257a93c
System.Linq.Expressions	379	0x0600017c	System.Linq.Expressions.Error	IncorrectTypeForTypeAs	0x2050	NoInlining	Assembly, Static, HideBySig	0x10044bfbc	0x9484ba82	0x10257a9c4	0x10257a9c4	mapped	0x10257a9c4
System.Linq.Expressions	380	0x0600017d	System.Linq.Expressions.Error	CoalesceUsedOnNonNullType	0x2050	NoInlining	Assembly, Static, HideBySig	0x10044bfc0	0x9484baa5	0x10257aa54	0x10257aa54	mapped	0x10257aa54
System.Linq.Expressions	381	0x0600017e	System.Linq.Expressions.Error	ExpressionTypeDoesNotMatchReturn	0x2050	NoInlining	Assembly, Static, HideBySig	0x10044bfc4	0x9484bac2	0x10257aacc	0x10257aacc	mapped	0x10257aacc
System.Linq.Expressions	382	0x0600017f	System.Linq.Expressions.Error	ExpressionTypeDoesNotMatchAssignment	0x2050	NoInlining	Assembly, Static, HideBySig	0x10044bfc8	0x9484bae5	0x10257ab5c	0x10257ab5c	mapped	0x10257ab5c
System.Linq.Expressions	383	0x06000180	System.Linq.Expressions.Error	ExpressionTypeDoesNotMatchLabel	0x2050	NoInlining	Assembly, Static, HideBySig	0x10044bfcc	0x9484bb08	0x10257abec	0x10257abec	mapped	0x10257abec
System.Linq.Expressions	384	0x06000181	System.Linq.Expressions.Error	ExpressionTypeNotInvocable	0x2050	NoInlining	Assembly, Static, HideBySig	0x10044bfd0	0x9484bb2b	0x10257ac7c	0x10257ac7c	mapped	0x10257ac7c
System.Linq.Expressions	385	0x06000182	System.Linq.Expressions.Error	InstanceFieldNotDefinedForType	0x2050	NoInlining	Assembly, Static, HideBySig	0x10044bfd4	0x9484bb4e	0x10257ad0c	0x10257ad0c	mapped	0x10257ad0c
System.Linq.Expressions	386	0x06000183	System.Linq.Expressions.Error	FieldInfoNotDefinedForType	0x2050	NoInlining	Assembly, Static, HideBySig	0x10044bfd8	0x9484bb71	0x10257ad9c	0x10257ad9c	mapped	0x10257ad9c
System.Linq.Expressions	387	0x06000184	System.Linq.Expressions.Error	IncorrectNumberOfIndexes	0x2050	NoInlining	Assembly, Static, HideBySig	0x10044bfdc	0x9484bb98	0x10257ae3c	0x10257ae3c	mapped	0x10257ae3c
System.Linq.Expressions	388	0x06000185	System.Linq.Expressions.Error	IncorrectNumberOfLambdaDeclarationParameters	0x2050	NoInlining	Assembly, Static, HideBySig	0x10044bfe0	0x9484bbb5	0x10257aeb4	0x10257aeb4	mapped	0x10257aeb4
System.Linq.Expressions	389	0x06000186	System.Linq.Expressions.Error	LambdaTypeMustBeDerivedFromSystemDelegate	0x2050	NoInlining	Assembly, Static, HideBySig	0x10044bfe4	0x9484bbd2	0x10257af2c	0x10257af2c	mapped	0x10257af2c
System.Linq.Expressions	390	0x06000187	System.Linq.Expressions.Error	MemberNotFieldOrProperty	0x2050	NoInlining	Assembly, Static, HideBySig	0x10044bfe8	0x9484bbf3	0x10257afb4	0x10257afb4	mapped	0x10257afb4
System.Linq.Expressions	391	0x06000188	System.Linq.Expressions.Error	MethodContainsGenericParameters	0x2050	NoInlining	Assembly, Static, HideBySig	0x10044bfec	0x9484bc16	0x10257b044	0x10257b044	mapped	0x10257b044
System.Linq.Expressions	392	0x06000189	System.Linq.Expressions.Error	MethodIsGeneric	0x2050	NoInlining	Assembly, Static, HideBySig	0x10044bff0	0x9484bc39	0x10257b0d4	0x10257b0d4	mapped	0x10257b0d4
System.Linq.Expressions	393	0x0600018a	System.Linq.Expressions.Error	PropertyDoesNotHaveAccessor	0x2050	NoInlining	Assembly, Static, HideBySig	0x10044bff4	0x9484bc5c	0x10257b164	0x10257b164	mapped	0x10257b164
System.Linq.Expressions	394	0x0600018b	System.Linq.Expressions.Error	ParameterExpressionNotValidAsDelegate	0x2050	NoInlining	Assembly, Static, HideBySig	0x10044bff8	0x9484bc7f	0x10257b1f4	0x10257b1f4	mapped	0x10257b1f4
System.Linq.Expressions	395	0x0600018c	System.Linq.Expressions.Error	PropertyNotDefinedForType	0x2050	NoInlining	Assembly, Static, HideBySig	0x10044bffc	0x9484bca2	0x10257b284	0x10257b284	mapped	0x10257b284
System.Linq.Expressions	396	0x0600018d	System.Linq.Expressions.Error	InstancePropertyNotDefinedForType	0x2050	NoInlining	Assembly, Static, HideBySig	0x10044c000	0x9484bcc9	0x10257b324	0x10257b324	mapped	0x10257b324
System.Linq.Expressions	397	0x0600018e	System.Linq.Expressions.Error	InstanceAndMethodTypeMismatch	0x2050	NoInlining	Assembly, Static, HideBySig	0x10044c004	0x9484bcf0	0x10257b3c4	0x10257b3c4	mapped	0x10257b3c4
System.Linq.Expressions	398	0x0600018f	System.Linq.Expressions.Error	UnhandledBinary	0x2050	NoInlining	Assembly, Static, HideBySig	0x10044c008	0x9484bd17	0x10257b464	0x10257b464	mapped	0x10257b464
System.Linq.Expressions	399	0x06000190	System.Linq.Expressions.Error	UnhandledUnary	0x2050	NoInlining	Assembly, Static, HideBySig	0x10044c00c	0x9484bd3a	0x10257b4f4	0x10257b4f4	mapped	0x10257b4f4
System.Linq.Expressions	400	0x06000191	System.Linq.Expressions.Error	UserDefinedOpMustHaveConsistentTypes	0x2050	NoInlining	Assembly, Static, HideBySig	0x10044c010	0x9484bd5d	0x10257b584	0x10257b584	mapped	0x10257b584
System.Linq.Expressions	401	0x06000192	System.Linq.Expressions.Error	UserDefinedOpMustHaveValidReturnType	0x2050	NoInlining	Assembly, Static, HideBySig	0x10044c014	0x9484bd80	0x10257b614	0x10257b614	mapped	0x10257b614
System.Linq.Expressions	402	0x06000193	System.Linq.Expressions.Error	LogicalOperatorMustHaveBooleanOperators	0x2050	NoInlining	Assembly, Static, HideBySig	0x10044c018	0x9484bda3	0x10257b6a4	0x10257b6a4	mapped	0x10257b6a4
System.Linq.Expressions	403	0x06000194	System.Linq.Expressions.Error	MethodWithArgsDoesNotExistOnType	0x2050	NoInlining	Assembly, Static, HideBySig	0x10044c01c	0x9484bdc6	0x10257b734	0x10257b734	mapped	0x10257b734
System.Linq.Expressions	404	0x06000195	System.Linq.Expressions.Error	GenericMethodWithArgsDoesNotExistOnType	0x2050	NoInlining	Assembly, Static, HideBySig	0x10044c020	0x9484bde9	0x10257b7c4	0x10257b7c4	mapped	0x10257b7c4
System.Linq.Expressions	405	0x06000196	System.Linq.Expressions.Error	MethodWithMoreThanOneMatch	0x2050	NoInlining	Assembly, Static, HideBySig	0x10044c024	0x9484be0c	0x10257b854	0x10257b854	mapped	0x10257b854
System.Linq.Expressions	406	0x06000197	System.Linq.Expressions.Error	ArgumentCannotBeOfTypeVoid	0x2050	NoInlining	Assembly, Static, HideBySig	0x10044c028	0x9484be2f	0x10257b8e4	0x10257b8e4	mapped	0x10257b8e4
System.Linq.Expressions	407	0x06000198	System.Linq.Expressions.Error	LabelTargetAlreadyDefined	0x2050	NoInlining	Assembly, Static, HideBySig	0x10044c02c	0x9484be50	0x10257b96c	0x10257b96c	mapped	0x10257b96c
System.Linq.Expressions	408	0x06000199	System.Linq.Expressions.Error	LabelTargetUndefined	0x2050	NoInlining	Assembly, Static, HideBySig	0x10044c030	0x9484be71	0x10257b9f4	0x10257b9f4	mapped	0x10257b9f4
System.Linq.Expressions	409	0x0600019a	System.Linq.Expressions.Error	ControlCannotLeaveFinally	0x2050	NoInlining	Assembly, Static, HideBySig	0x10044c034	0x9484be92	0x10257ba7c	0x10257ba7c	mapped	0x10257ba7c
System.Linq.Expressions	410	0x0600019b	System.Linq.Expressions.Error	ControlCannotLeaveFilterTest	0x2050	NoInlining	Assembly, Static, HideBySig	0x10044c038	0x9484beaf	0x10257baf4	0x10257baf4	mapped	0x10257baf4
System.Linq.Expressions	411	0x0600019c	System.Linq.Expressions.Error	AmbiguousJump	0x2050	NoInlining	Assembly, Static, HideBySig	0x10044c03c	0x9484becc	0x10257bb6c	0x10257bb6c	mapped	0x10257bb6c
System.Linq.Expressions	412	0x0600019d	System.Linq.Expressions.Error	ControlCannotEnterTry	0x2050	NoInlining	Assembly, Static, HideBySig	0x10044c040	0x9484beed	0x10257bbf4	0x10257bbf4	mapped	0x10257bbf4
System.Linq.Expressions	413	0x0600019e	System.Linq.Expressions.Error	ControlCannotEnterExpression	0x2050	NoInlining	Assembly, Static, HideBySig	0x10044c044	0x9484bf0a	0x10257bc6c	0x10257bc6c	mapped	0x10257bc6c
System.Linq.Expressions	414	0x0600019f	System.Linq.Expressions.Error	NonLocalJumpWithValue	0x2050	NoInlining	Assembly, Static, HideBySig	0x10044c048	0x9484bf27	0x10257bce4	0x10257bce4	mapped	0x10257bce4
System.Linq.Expressions	415	0x060001a0	System.Linq.Expressions.Error	InvalidLvalue	0x2050	NoInlining	Assembly, Static, HideBySig	0x10044c04c	0x9484bf48	0x10257bd6c	0x10257bd6c	mapped	0x10257bd6c
System.Linq.Expressions	416	0x060001a1	System.Linq.Expressions.Error	RethrowRequiresCatch	0x2050	NoInlining	Assembly, Static, HideBySig	0x10044c050	0x9484bf6d	0x10257be04	0x10257be04	mapped	0x10257be04
System.Linq.Expressions	417	0x060001a2	System.Linq.Expressions.Error	MustRewriteToSameNode	0x2050	NoInlining	Assembly, Static, HideBySig	0x10044c054	0x9484bf8a	0x10257be7c	0x10257be7c	mapped	0x10257be7c
System.Linq.Expressions	418	0x060001a3	System.Linq.Expressions.Error	MustRewriteChildToSameType	0x2050	NoInlining	Assembly, Static, HideBySig	0x10044c058	0x9484bfb1	0x10257bf1c	0x10257bf1c	mapped	0x10257bf1c
System.Linq.Expressions	419	0x060001a4	System.Linq.Expressions.Error	MustRewriteWithoutMethod	0x2050	NoInlining	Assembly, Static, HideBySig	0x10044c05c	0x9484bfd8	0x10257bfbc	0x10257bfbc	mapped	0x10257bfbc
System.Linq.Expressions	420	0x060001a5	System.Linq.Expressions.Error	ArgumentOutOfRange	0x2050	NoInlining	Assembly, Static, HideBySig	0x10044c060	0x9484bffb	0x10257c04c	0x10257c04c	mapped	0x10257c04c
System.Linq.Expressions	421	0x060001a6	System.Linq.Expressions.Error	NotSupported	0x2050	NoInlining	Assembly, Static, HideBySig	0x10044c064	0x9484c019	0x10257c0c8	0x10257c0c8	mapped	0x10257c0c8
System.Linq.Expressions	422	0x060001a7	System.Linq.Expressions.Error	NonAbstractConstructorRequired	0x2050	NoInlining	Assembly, Static, HideBySig	0x10044c068	0x9484c033	0x10257c134	0x10257c134	mapped	0x10257c134
System.Linq.Expressions	423	0x060001a8	System.Linq.Expressions.Error	InvalidProgram	0x2050	NoInlining	Assembly, Static, HideBySig	0x10044c06c	0x9484c050	0x10257c1ac	0x10257c1ac	mapped	0x10257c1ac
System.Linq.Expressions	424	0x060001a9	System.Linq.Expressions.Error	TypeContainsGenericParameters	0x2050	NoInlining	Private, Static, HideBySig	0x10044c070	0x9484c06a	0x10257c218	0x10257c218	mapped	0x10257c218
System.Linq.Expressions	425	0x060001aa	System.Linq.Expressions.Error	TypeContainsGenericParameters	0x2050	NoInlining	Assembly, Static, HideBySig	0x10044c074	0x9484c08d	0x10257c2a8	0x10257c2a8	mapped	0x10257c2a8
System.Linq.Expressions	426	0x060001ab	System.Linq.Expressions.Error	TypeIsGeneric	0x2050	NoInlining	Assembly, Static, HideBySig	0x10044c078	0x9484c0a2	0x10257c300	0x10257c300	mapped	0x10257c300
System.Linq.Expressions	427	0x060001ac	System.Linq.Expressions.Error	TypeIsGeneric	0x2050	NoInlining	Assembly, Static, HideBySig	0x10044c07c	0x9484c0c5	0x10257c390	0x10257c390	mapped	0x10257c390
System.Linq.Expressions	428	0x060001ad	System.Linq.Expressions.Error	IncorrectNumberOfConstructorArguments	0x2050	NoInlining	Assembly, Static, HideBySig	0x10044c080	0x9484c0da	0x10257c3e8	0x10257c3e8	mapped	0x10257c3e8
System.Linq.Expressions	429	0x060001ae	System.Linq.Expressions.Error	ExpressionTypeDoesNotMatchMethodParameter	0x2050	NoInlining	Assembly, Static, HideBySig	0x10044c084	0x9484c0f7	0x10257c460	0x10257c460	mapped	0x10257c460
System.Linq.Expressions	430	0x060001af	System.Linq.Expressions.Error	ExpressionTypeDoesNotMatchMethodParameter	0x2050	NoInlining	Assembly, Static, HideBySig	0x10044c088	0x9484c120	0x10257c508	0x10257c508	mapped	0x10257c508
System.Linq.Expressions	431	0x060001b0	System.Linq.Expressions.Error	ExpressionTypeDoesNotMatchParameter	0x2050	NoInlining	Assembly, Static, HideBySig	0x10044c08c	0x9484c13b	0x10257c578	0x10257c578	mapped	0x10257c578
System.Linq.Expressions	432	0x060001b1	System.Linq.Expressions.Error	ExpressionTypeDoesNotMatchParameter	0x2050	NoInlining	Assembly, Static, HideBySig	0x10044c090	0x9484c162	0x10257c618	0x10257c618	mapped	0x10257c618
System.Linq.Expressions	433	0x060001b2	System.Linq.Expressions.Error	IncorrectNumberOfLambdaArguments	0x2050	NoInlining	Assembly, Static, HideBySig	0x10044c094	0x9484c179	0x10257c678	0x10257c678	mapped	0x10257c678
System.Linq.Expressions	434	0x060001b3	System.Linq.Expressions.Error	IncorrectNumberOfMethodCallArguments	0x2050	NoInlining	Assembly, Static, HideBySig	0x10044c098	0x9484c196	0x10257c6f0	0x10257c6f0	mapped	0x10257c6f0
System.Linq.Expressions	435	0x060001b4	System.Linq.Expressions.Error	ExpressionTypeDoesNotMatchConstructorParameter	0x2050	NoInlining	Assembly, Static, HideBySig	0x10044c09c	0x9484c1b9	0x10257c780	0x10257c780	mapped	0x10257c780
System.Linq.Expressions	436	0x060001b5	System.Linq.Expressions.Error	ExpressionTypeDoesNotMatchConstructorParameter	0x2050	NoInlining	Assembly, Static, HideBySig	0x10044c0a0	0x9484c1e0	0x10257c820	0x10257c820	mapped	0x10257c820
System.Linq.Expressions	437	0x060001b6	System.Linq.Expressions.Error	ExpressionMustBeReadable	0x2050	NoInlining	Assembly, Static, HideBySig	0x10044c0a4	0x9484c1f7	0x10257c880	0x10257c880	mapped	0x10257c880
System.Linq.Expressions	438	0x060001b7	System.Linq.Expressions.Error	ExpressionMustBeReadable	0x2050	NoInlining	Assembly, Static, HideBySig	0x10044c0a8	0x9484c218	0x10257c908	0x10257c908	mapped	0x10257c908
System.Linq.Expressions	439	0x060001b8	System.Linq.Expressions.Error	GetParamName	0x2050	NoInlining	Private, Static, HideBySig	0x10044c0ac	0x9484c228	0x10257c94c	0x10257c94c	mapped	0x10257c94c
System.Linq.Expressions	440	0x060001b9	System.Linq.Expressions.ExpressionStringBuilder	.ctor	0x2050	NoInlining	Private, HideBySig, SpecialName, RTSpecialName	0x10044c0b0	0x9484c29d	0x10257cb24	0x10257cb24	mapped	0x10257cb24
System.Linq.Expressions	441	0x060001ba	System.Linq.Expressions.ExpressionStringBuilder	ToString	0x2050	NoInlining	Public, Final, Virtual, HideBySig	0x10044c0b4	0x9484c2c6	0x10257cbcc	0x10257cbcc	mapped	0x10257cbcc
System.Linq.Expressions	442	0x060001bb	System.Linq.Expressions.ExpressionStringBuilder	GetLabelId	0x2050	NoInlining	Private, HideBySig	0x10044c0b8	0x9484c2de	0x10257cc30	0x10257cc30	mapped	0x10257cc30
System.Linq.Expressions	443	0x060001bc	System.Linq.Expressions.ExpressionStringBuilder	GetParamId	0x2050	NoInlining	Private, HideBySig	0x10044c0bc	0x9484c2ed	0x10257cc70	0x10257cc70	mapped	0x10257cc70
System.Linq.Expressions	444	0x060001bd	System.Linq.Expressions.ExpressionStringBuilder	GetId	0x2050	NoInlining	Private, HideBySig	0x10044c0c0	0x9484c2fc	0x10257ccb0	0x10257ccb0	mapped	0x10257ccb0
System.Linq.Expressions	445	0x060001be	System.Linq.Expressions.ExpressionStringBuilder	Out	0x2050	NoInlining	Private, HideBySig	0x10044c0c4	0x9484c346	0x10257cddc	0x10257cddc	mapped	0x10257cddc
System.Linq.Expressions	446	0x060001bf	System.Linq.Expressions.ExpressionStringBuilder	Out	0x2050	NoInlining	Private, HideBySig	0x10044c0c8	0x9484c35f	0x10257ce44	0x10257ce44	mapped	0x10257ce44
System.Linq.Expressions	447	0x060001c0	System.Linq.Expressions.ExpressionStringBuilder	ExpressionToString	0x2050	NoInlining	Assembly, Static, HideBySig	0x10044c0cc	0x9484c378	0x10257ceac	0x10257ceac	mapped	0x10257ceac
System.Linq.Expressions	448	0x060001c1	System.Linq.Expressions.ExpressionStringBuilder	VisitBinary	0x2050	NoInlining	FamORAssem, Final, Virtual, HideBySig	0x10044c0d0	0x9484c39e	0x10257cf48	0x10257cf48	mapped	0x10257cf48
System.Linq.Expressions	449	0x060001c2	System.Linq.Expressions.ExpressionStringBuilder	VisitParameter	0x2050	NoInlining	FamORAssem, Final, Virtual, HideBySig	0x10044c0d4	0x9484c481	0x10257d2d8	0x10257d2d8	mapped	0x10257d2d8
System.Linq.Expressions	450	0x060001c3	System.Linq.Expressions.ExpressionStringBuilder	VisitLambda	0x2050	NoInlining	FamORAssem, Final, Virtual, HideBySig	0x10044c0d8	0x9484c4bd	0x10257d3cc	0x10257d3cc	mapped	0x10257d3cc
System.Linq.Expressions	451	0x060001c4	System.Linq.Expressions.ExpressionStringBuilder	VisitConditional	0x2050	NoInlining	FamORAssem, Final, Virtual, HideBySig	0x10044c0dc	0x9484c53d	0x10257d5d0	0x10257d5d0	mapped	0x10257d5d0
System.Linq.Expressions	452	0x060001c5	System.Linq.Expressions.ExpressionStringBuilder	VisitConstant	0x2050	NoInlining	FamORAssem, Final, Virtual, HideBySig	0x10044c0e0	0x9484c582	0x10257d6e8	0x10257d6e8	mapped	0x10257d6e8
System.Linq.Expressions	453	0x060001c6	System.Linq.Expressions.ExpressionStringBuilder	OutMember	0x2050	NoInlining	Private, HideBySig	0x10044c0e4	0x9484c5d8	0x10257d844	0x10257d844	mapped	0x10257d844
System.Linq.Expressions	454	0x060001c7	System.Linq.Expressions.ExpressionStringBuilder	VisitMember	0x2050	NoInlining	FamORAssem, Final, Virtual, HideBySig	0x10044c0e8	0x9484c614	0x10257d938	0x10257d938	mapped	0x10257d938
System.Linq.Expressions	455	0x060001c8	System.Linq.Expressions.ExpressionStringBuilder	VisitInvocation	0x2050	NoInlining	FamORAssem, Final, Virtual, HideBySig	0x10044c0ec	0x9484c632	0x10257d9b4	0x10257d9b4	mapped	0x10257d9b4
System.Linq.Expressions	456	0x060001c9	System.Linq.Expressions.ExpressionStringBuilder	VisitMethodCall	0x2050	NoInlining	FamORAssem, Final, Virtual, HideBySig	0x10044c0f0	0x9484c682	0x10257daf8	0x10257daf8	mapped	0x10257daf8
System.Linq.Expressions	457	0x060001ca	System.Linq.Expressions.ExpressionStringBuilder	VisitUnary	0x2050	NoInlining	FamORAssem, Final, Virtual, HideBySig	0x10044c0f4	0x9484c701	0x10257dcf8	0x10257dcf8	mapped	0x10257dcf8
System.Linq.Expressions	458	0x060001cb	System.Linq.Expressions.ExpressionStringBuilder	VisitBlock	0x2050	NoInlining	FamORAssem, Final, Virtual, HideBySig	0x10044c0f8	0x9484c7d6	0x10257e050	0x10257e050	mapped	0x10257e050
System.Linq.Expressions	459	0x060001cc	System.Linq.Expressions.ExpressionStringBuilder	VisitDefault	0x2050	NoInlining	FamORAssem, Final, Virtual, HideBySig	0x10044c0fc	0x9484c850	0x10257e23c	0x10257e23c	mapped	0x10257e23c
System.Linq.Expressions	460	0x060001cd	System.Linq.Expressions.ExpressionStringBuilder	VisitLabel	0x2050	NoInlining	FamORAssem, Final, Virtual, HideBySig	0x10044c100	0x9484c881	0x10257e304	0x10257e304	mapped	0x10257e304
System.Linq.Expressions	461	0x060001ce	System.Linq.Expressions.ExpressionStringBuilder	VisitGoto	0x2050	NoInlining	FamORAssem, Final, Virtual, HideBySig	0x10044c104	0x9484c8a8	0x10257e3a4	0x10257e3a4	mapped	0x10257e3a4
System.Linq.Expressions	462	0x060001cf	System.Linq.Expressions.ExpressionStringBuilder	VisitIndex	0x2050	NoInlining	FamORAssem, Final, Virtual, HideBySig	0x10044c108	0x9484c8ee	0x10257e4c0	0x10257e4c0	mapped	0x10257e4c0
System.Linq.Expressions	463	0x060001d0	System.Linq.Expressions.ExpressionStringBuilder	VisitExtension	0x2050	NoInlining	FamORAssem, Final, Virtual, HideBySig	0x10044c10c	0x9484c968	0x10257e6ac	0x10257e6ac	mapped	0x10257e6ac
System.Linq.Expressions	464	0x060001d1	System.Linq.Expressions.ExpressionStringBuilder	DumpLabel	0x2050	NoInlining	Private, HideBySig	0x10044c110	0x9484c9cd	0x10257e844	0x10257e844	mapped	0x10257e844
System.Linq.Expressions	465	0x060001d2	System.Linq.Expressions.ExpressionStringBuilder	IsBool	0x2050	NoInlining	Private, Static, HideBySig	0x10044c114	0x9484c9fe	0x10257e90c	0x10257e90c	mapped	0x10257e90c
System.Linq.Expressions	466	0x060001d3	System.Linq.Expressions.ExpressionVisitor	.ctor	0x2050	NoInlining	Family, HideBySig, SpecialName, RTSpecialName	0x10044c118	0x9484ca2c	0x10257e9c8	0x10257e9c8	mapped	0x10257e9c8
System.Linq.Expressions	467	0x060001d4	System.Linq.Expressions.ExpressionVisitor	Visit	0x2050	NoInlining	Public, Final, Virtual, HideBySig, VtableLayoutMask	0x10044c11c	0x9484ca2c	0x10257e9cc	0x10257e9cc	mapped	0x10257e9cc
System.Linq.Expressions	468	0x060001d5	System.Linq.Expressions.ExpressionVisitor	VisitArguments	0x2050	NoInlining	Private, HideBySig	0x10044c120	0x9484ca40	0x10257ea20	0x10257ea20	mapped	0x10257ea20
System.Linq.Expressions	469	0x060001d6	System.Linq.Expressions.ExpressionVisitor	VisitParameters	0x2050	NoInlining	Private, HideBySig	0x10044c124	0x9484ca4f	0x10257ea60	0x10257ea60	mapped	0x10257ea60
System.Linq.Expressions	470	0x060001d7	System.Linq.Expressions.ExpressionVisitor	VisitAndConvert	0x2050	NoInlining	Public, HideBySig	0x10044c128	0x9484ca62	0x10257eab0	0x10257eab0	mapped	0x10257eab0
System.Linq.Expressions	471	0x060001d8	System.Linq.Expressions.ExpressionVisitor	VisitAndConvert	0x2050	NoInlining	Public, HideBySig	0x10044c12c	0x9484caa4	0x10257ebbc	0x10257ebbc	mapped	0x10257ebbc
System.Linq.Expressions	472	0x060001d9	System.Linq.Expressions.ExpressionVisitor	VisitBinary	0x2050	NoInlining	FamORAssem, Virtual, HideBySig, VtableLayoutMask	0x10044c130	0x9484cb41	0x10257ee34	0x10257ee34	mapped	0x10257ee34
System.Linq.Expressions	473	0x060001da	System.Linq.Expressions.ExpressionVisitor	VisitBlock	0x2050	NoInlining	FamORAssem, Virtual, HideBySig, VtableLayoutMask	0x10044c134	0x9484cb8a	0x10257ef5c	0x10257ef5c	mapped	0x10257ef5c
System.Linq.Expressions	474	0x060001db	System.Linq.Expressions.ExpressionVisitor	VisitConditional	0x2050	NoInlining	FamORAssem, Virtual, HideBySig, VtableLayoutMask	0x10044c138	0x9484cbc6	0x10257f050	0x10257f050	mapped	0x10257f050
System.Linq.Expressions	475	0x060001dc	System.Linq.Expressions.ExpressionVisitor	VisitConstant	0x2050	NoInlining	FamORAssem, Virtual, HideBySig, VtableLayoutMask	0x10044c13c	0x9484cc14	0x10257f18c	0x10257f18c	mapped	0x10257f18c
System.Linq.Expressions	476	0x060001dd	System.Linq.Expressions.ExpressionVisitor	VisitDefault	0x2050	NoInlining	FamORAssem, Virtual, HideBySig, VtableLayoutMask	0x10044c140	0x9484cc15	0x10257f194	0x10257f194	mapped	0x10257f194
System.Linq.Expressions	477	0x060001de	System.Linq.Expressions.ExpressionVisitor	VisitExtension	0x2050	NoInlining	FamORAssem, Virtual, HideBySig, VtableLayoutMask	0x10044c144	0x9484cc16	0x10257f19c	0x10257f19c	mapped	0x10257f19c
System.Linq.Expressions	478	0x060001df	System.Linq.Expressions.ExpressionVisitor	VisitGoto	0x2050	NoInlining	FamORAssem, Virtual, HideBySig, VtableLayoutMask	0x10044c148	0x9484cc2b	0x10257f1f4	0x10257f1f4	mapped	0x10257f1f4
System.Linq.Expressions	479	0x060001e0	System.Linq.Expressions.ExpressionVisitor	VisitInvocation	0x2050	NoInlining	FamORAssem, Virtual, HideBySig, VtableLayoutMask	0x10044c14c	0x9484cc5e	0x10257f2c4	0x10257f2c4	mapped	0x10257f2c4
System.Linq.Expressions	480	0x060001e1	System.Linq.Expressions.ExpressionVisitor	VisitLabelTarget	0x2050	NoInlining	Family, Final, Virtual, HideBySig, VtableLayoutMask	0x10044c150	0x9484cc8e	0x10257f388	0x10257f388	mapped	0x10257f388
System.Linq.Expressions	481	0x060001e2	System.Linq.Expressions.ExpressionVisitor	VisitLabel	0x2050	NoInlining	FamORAssem, Virtual, HideBySig, VtableLayoutMask	0x10044c154	0x9484cc8f	0x10257f390	0x10257f390	mapped	0x10257f390
System.Linq.Expressions	482	0x060001e3	System.Linq.Expressions.ExpressionVisitor	VisitLambda	0x2050	NoInlining	FamORAssem, Virtual, HideBySig, VtableLayoutMask	0x10044c158	0x9484ccba	0x10257f440	0x10257f440	mapped	0x10257f440
System.Linq.Expressions	483	0x060001e4	System.Linq.Expressions.ExpressionVisitor	VisitMember	0x2050	NoInlining	FamORAssem, Virtual, HideBySig, VtableLayoutMask	0x10044c15c	0x9484cd05	0x10257f570	0x10257f570	mapped	0x10257f570
System.Linq.Expressions	484	0x060001e5	System.Linq.Expressions.ExpressionVisitor	VisitIndex	0x2050	NoInlining	FamORAssem, Virtual, HideBySig, VtableLayoutMask	0x10044c160	0x9484cd33	0x10257f62c	0x10257f62c	mapped	0x10257f62c
System.Linq.Expressions	485	0x060001e6	System.Linq.Expressions.ExpressionVisitor	VisitMethodCall	0x2050	NoInlining	FamORAssem, Virtual, HideBySig, VtableLayoutMask	0x10044c164	0x9484cd63	0x10257f6f0	0x10257f6f0	mapped	0x10257f6f0
System.Linq.Expressions	486	0x060001e7	System.Linq.Expressions.ExpressionVisitor	VisitParameter	0x2050	NoInlining	FamORAssem, Virtual, HideBySig, VtableLayoutMask	0x10044c168	0x9484cd9a	0x10257f7d0	0x10257f7d0	mapped	0x10257f7d0
System.Linq.Expressions	487	0x060001e8	System.Linq.Expressions.ExpressionVisitor	VisitUnary	0x2050	NoInlining	FamORAssem, Virtual, HideBySig, VtableLayoutMask	0x10044c16c	0x9484cd9b	0x10257f7d8	0x10257f7d8	mapped	0x10257f7d8
System.Linq.Expressions	488	0x060001e9	System.Linq.Expressions.ExpressionVisitor	ValidateUnary	0x2050	NoInlining	Private, Static, HideBySig	0x10044c170	0x9484cdd4	0x10257f8c0	0x10257f8c0	mapped	0x10257f8c0
System.Linq.Expressions	489	0x060001ea	System.Linq.Expressions.ExpressionVisitor	ValidateBinary	0x2050	NoInlining	Private, Static, HideBySig	0x10044c174	0x9484ce1d	0x10257f9e8	0x10257f9e8	mapped	0x10257f9e8
System.Linq.Expressions	490	0x060001eb	System.Linq.Expressions.ExpressionVisitor	ValidateChildType	0x2050	NoInlining	Private, Static, HideBySig	0x10044c178	0x9484ce84	0x10257fb88	0x10257fb88	mapped	0x10257fb88
System.Linq.Expressions	491	0x060001ec	System.Linq.Expressions.GotoExpression	.ctor	0x2050	NoInlining	Assembly, HideBySig, SpecialName, RTSpecialName	0x10044c17c	0x9484ceb0	0x10257fc3c	0x10257fc3c	mapped	0x10257fc3c
System.Linq.Expressions	492	0x060001ed	System.Linq.Expressions.GotoExpression	get_Type	0x2050	NoInlining	Public, Final, Virtual, HideBySig, SpecialName	0x10044c180	0x9484ceca	0x10257fca8	0x10257fca8	mapped	0x10257fca8
System.Linq.Expressions	493	0x060001ee	System.Linq.Expressions.GotoExpression	get_NodeType	0x2050	NoInlining	Public, Final, Virtual, HideBySig, SpecialName	0x10044c184	0x9484ced2	0x10257fccc	0x10257fccc	mapped	0x10257fccc
System.Linq.Expressions	494	0x060001ef	System.Linq.Expressions.GotoExpression	get_Value	0x2050	NoInlining	Public, HideBySig, SpecialName	0x10044c188	0x9484ced3	0x10257fcd4	0x10257fcd4	mapped	0x10257fcd4
System.Linq.Expressions	495	0x060001f0	System.Linq.Expressions.GotoExpression	get_Target	0x2050	NoInlining	Public, HideBySig, SpecialName	0x10044c18c	0x9484cedb	0x10257fcf8	0x10257fcf8	mapped	0x10257fcf8
System.Linq.Expressions	496	0x060001f1	System.Linq.Expressions.GotoExpression	get_Kind	0x2050	NoInlining	Public, HideBySig, SpecialName	0x10044c190	0x9484cee3	0x10257fd1c	0x10257fd1c	mapped	0x10257fd1c
System.Linq.Expressions	497	0x060001f2	System.Linq.Expressions.GotoExpression	Accept	0x2050	NoInlining	FamORAssem, Final, Virtual, HideBySig	0x10044c194	0x9484ceeb	0x10257fd40	0x10257fd40	mapped	0x10257fd40
System.Linq.Expressions	498	0x060001f3	System.Linq.Expressions.GotoExpression	Update	0x2050	NoInlining	Public, HideBySig	0x10044c198	0x9484cf02	0x10257fda0	0x10257fda0	mapped	0x10257fda0
System.Linq.Expressions	499	0x060001f4	System.Linq.Expressions.IArgumentProvider	GetArgument	0x0	NoInlining	Public, Virtual, HideBySig, VtableLayoutMask, Abstract	0x10044c19c	0x97fffe0d	0x10044b9d0		absent	0x10044b9d0
System.Linq.Expressions	500	0x060001f5	System.Linq.Expressions.IArgumentProvider	get_ArgumentCount	0x0	NoInlining	Public, Virtual, HideBySig, VtableLayoutMask, Abstract, SpecialName	0x10044c1a0	0x97fffe0c	0x10044b9d0		absent	0x10044b9d0
System.Linq.Expressions	501	0x060001f6	System.Linq.Expressions.IndexExpression	.ctor	0x2050	NoInlining	Assembly, HideBySig, SpecialName, RTSpecialName	0x10044c1a4	0x9484cf27	0x10257fe40	0x10257fe40	mapped	0x10257fe40
System.Linq.Expressions	502	0x060001f7	System.Linq.Expressions.IndexExpression	get_NodeType	0x2050	NoInlining	Public, Final, Virtual, HideBySig, SpecialName	0x10044c1a8	0x9484cf4e	0x10257fee0	0x10257fee0	mapped	0x10257fee0
System.Linq.Expressions	503	0x060001f8	System.Linq.Expressions.IndexExpression	get_Type	0x2050	NoInlining	Public, Final, Virtual, HideBySig, SpecialName	0x10044c1ac	0x9484cf4f	0x10257fee8	0x10257fee8	mapped	0x10257fee8
System.Linq.Expressions	504	0x060001f9	System.Linq.Expressions.IndexExpression	get_Object	0x2050	NoInlining	Public, HideBySig, SpecialName	0x10044c1b0	0x9484cf73	0x10257ff7c	0x10257ff7c	mapped	0x10257ff7c
System.Linq.Expressions	505	0x060001fa	System.Linq.Expressions.IndexExpression	get_Indexer	0x2050	NoInlining	Public, HideBySig, SpecialName	0x10044c1b4	0x9484cf7b	0x10257ffa0	0x10257ffa0	mapped	0x10257ffa0
System.Linq.Expressions	506	0x060001fb	System.Linq.Expressions.IndexExpression	GetArgument	0x2050	NoInlining	Public, Final, Virtual, HideBySig, VtableLayoutMask	0x10044c1b8	0x9484cf83	0x10257ffc4	0x10257ffc4	mapped	0x10257ffc4
System.Linq.Expressions	507	0x060001fc	System.Linq.Expressions.IndexExpression	get_ArgumentCount	0x2050	NoInlining	Public, Final, Virtual, HideBySig, VtableLayoutMask, SpecialName	0x10044c1bc	0x9484cfab	0x102580068	0x102580068	mapped	0x102580068
System.Linq.Expressions	508	0x060001fd	System.Linq.Expressions.IndexExpression	Accept	0x2050	NoInlining	FamORAssem, Final, Virtual, HideBySig	0x10044c1c0	0x9484cfd1	0x102580104	0x102580104	mapped	0x102580104
System.Linq.Expressions	509	0x060001fe	System.Linq.Expressions.IndexExpression	Rewrite	0x2050	NoInlining	Assembly, HideBySig	0x10044c1c4	0x9484cfe8	0x102580164	0x102580164	mapped	0x102580164
System.Linq.Expressions	510	0x060001ff	System.Linq.Expressions.InvocationExpression	.ctor	0x2050	NoInlining	Assembly, HideBySig, SpecialName, RTSpecialName	0x10044c1c8	0x9484d003	0x1025801d4	0x1025801d4	mapped	0x1025801d4
System.Linq.Expressions	511	0x06000200	System.Linq.Expressions.InvocationExpression	get_Type	0x2050	NoInlining	Public, Final, Virtual, HideBySig, SpecialName	0x10044c1cc	0x9484d017	0x102580228	0x102580228	mapped	0x102580228
System.Linq.Expressions	512	0x06000201	System.Linq.Expressions.InvocationExpression	get_NodeType	0x2050	NoInlining	Public, Final, Virtual, HideBySig, SpecialName	0x10044c1d0	0x9484d01f	0x10258024c	0x10258024c	mapped	0x10258024c
System.Linq.Expressions	513	0x06000202	System.Linq.Expressions.InvocationExpression	get_Expression	0x2050	NoInlining	Public, HideBySig, SpecialName	0x10044c1d4	0x9484d020	0x102580254	0x102580254	mapped	0x102580254
System.Linq.Expressions	514	0x06000203	System.Linq.Expressions.InvocationExpression	GetArgument	0x2050	NoInlining	Public, Virtual, HideBySig, VtableLayoutMask	0x10044c1d8	0x9484d028	0x102580278	0x102580278	mapped	0x102580278
System.Linq.Expressions	515	0x06000204	System.Linq.Expressions.InvocationExpression	get_ArgumentCount	0x2050	NoInlining	Public, Virtual, HideBySig, VtableLayoutMask, SpecialName	0x10044c1dc	0x9484d030	0x10258029c	0x10258029c	mapped	0x10258029c
System.Linq.Expressions	516	0x06000205	System.Linq.Expressions.InvocationExpression	Accept	0x2050	NoInlining	FamORAssem, Final, Virtual, HideBySig	0x10044c1e0	0x9484d038	0x1025802c0	0x1025802c0	mapped	0x1025802c0
System.Linq.Expressions	517	0x06000206	System.Linq.Expressions.InvocationExpression	Rewrite	0x2050	NoInlining	Assembly, Virtual, HideBySig, VtableLayoutMask, CheckAccessOnOverride	0x10044c1e4	0x9484d04f	0x102580320	0x102580320	mapped	0x102580320
System.Linq.Expressions	518	0x06000207	System.Linq.Expressions.InvocationExpression1	.ctor	0x2050	NoInlining	Public, HideBySig, SpecialName, RTSpecialName	0x10044c1e8	0x9484d057	0x102580344	0x102580344	mapped	0x102580344
System.Linq.Expressions	519	0x06000208	System.Linq.Expressions.InvocationExpression1	GetArgument	0x2050	NoInlining	Public, Final, Virtual, HideBySig	0x10044c1ec	0x9484d070	0x1025803ac	0x1025803ac	mapped	0x1025803ac
System.Linq.Expressions	520	0x06000209	System.Linq.Expressions.InvocationExpression1	get_ArgumentCount	0x2050	NoInlining	Public, Final, Virtual, HideBySig, SpecialName	0x10044c1f0	0x9484d09c	0x102580460	0x102580460	mapped	0x102580460
System.Linq.Expressions	521	0x0600020a	System.Linq.Expressions.InvocationExpression1	Rewrite	0x2050	NoInlining	Assembly, Final, Virtual, HideBySig, CheckAccessOnOverride	0x10044c1f4	0x9484d09d	0x102580468	0x102580468	mapped	0x102580468
System.Linq.Expressions	522	0x0600020b	System.Linq.Expressions.IParameterProvider	GetParameter	0x0	NoInlining	Public, Virtual, HideBySig, VtableLayoutMask, Abstract	0x10044c1f8	0x97fffdf6	0x10044b9d0		absent	0x10044b9d0
System.Linq.Expressions	523	0x0600020c	System.Linq.Expressions.IParameterProvider	get_ParameterCount	0x0	NoInlining	Public, Virtual, HideBySig, VtableLayoutMask, Abstract, SpecialName	0x10044c1fc	0x97fffdf5	0x10044b9d0		absent	0x10044b9d0
System.Linq.Expressions	524	0x0600020d	System.Linq.Expressions.LabelExpression	.ctor	0x2050	NoInlining	Assembly, HideBySig, SpecialName, RTSpecialName	0x10044c200	0x9484d0cc	0x102580530	0x102580530	mapped	0x102580530
System.Linq.Expressions	525	0x0600020e	System.Linq.Expressions.LabelExpression	get_Type	0x2050	NoInlining	Public, Final, Virtual, HideBySig, SpecialName	0x10044c204	0x9484d0e0	0x102580584	0x102580584	mapped	0x102580584
System.Linq.Expressions	526	0x0600020f	System.Linq.Expressions.LabelExpression	get_NodeType	0x2050	NoInlining	Public, Final, Virtual, HideBySig, SpecialName	0x10044c208	0x9484d0ec	0x1025805b8	0x1025805b8	mapped	0x1025805b8
System.Linq.Expressions	527	0x06000210	System.Linq.Expressions.LabelExpression	get_Target	0x2050	NoInlining	Public, HideBySig, SpecialName	0x10044c20c	0x9484d0ed	0x1025805c0	0x1025805c0	mapped	0x1025805c0
System.Linq.Expressions	528	0x06000211	System.Linq.Expressions.LabelExpression	get_DefaultValue	0x2050	NoInlining	Public, HideBySig, SpecialName	0x10044c210	0x9484d0f5	0x1025805e4	0x1025805e4	mapped	0x1025805e4
System.Linq.Expressions	529	0x06000212	System.Linq.Expressions.LabelExpression	Accept	0x2050	NoInlining	FamORAssem, Final, Virtual, HideBySig	0x10044c214	0x9484d0fd	0x102580608	0x102580608	mapped	0x102580608
System.Linq.Expressions	530	0x06000213	System.Linq.Expressions.LabelExpression	Update	0x2050	NoInlining	Public, HideBySig	0x10044c218	0x9484d114	0x102580668	0x102580668	mapped	0x102580668
System.Linq.Expressions	531	0x06000214	System.Linq.Expressions.LabelTarget	.ctor	0x2050	NoInlining	Assembly, HideBySig, SpecialName, RTSpecialName	0x10044c21c	0x9484d134	0x1025806ec	0x1025806ec	mapped	0x1025806ec
System.Linq.Expressions	532	0x06000215	System.Linq.Expressions.LabelTarget	get_Name	0x2050	NoInlining	Public, HideBySig, SpecialName	0x10044c220	0x9484d148	0x102580740	0x102580740	mapped	0x102580740
System.Linq.Expressions	533	0x06000216	System.Linq.Expressions.LabelTarget	get_Type	0x2050	NoInlining	Public, HideBySig, SpecialName	0x10044c224	0x9484d150	0x102580764	0x102580764	mapped	0x102580764
System.Linq.Expressions	534	0x06000217	System.Linq.Expressions.LabelTarget	ToString	0x2050	NoInlining	Public, Final, Virtual, HideBySig	0x10044c228	0x9484d158	0x102580788	0x102580788	mapped	0x102580788
System.Linq.Expressions	535	0x06000218	System.Linq.Expressions.LambdaExpression	.ctor	0x2050	NoInlining	Assembly, HideBySig, SpecialName, RTSpecialName	0x10044c22c	0x9484d172	0x1025807f4	0x1025807f4	mapped	0x1025807f4
System.Linq.Expressions	536	0x06000219	System.Linq.Expressions.LambdaExpression	get_Type	0x2050	NoInlining	Public, Final, Virtual, HideBySig, SpecialName	0x10044c230	0x9484d190	0x102580870	0x102580870	mapped	0x102580870
System.Linq.Expressions	537	0x0600021a	System.Linq.Expressions.LambdaExpression	get_TypeCore	0x0	NoInlining	Assembly, Virtual, HideBySig, VtableLayoutMask, CheckAccessOnOverride, Abstract, SpecialName	0x10044c234	0x97fffde7	0x10044b9d0		absent	0x10044b9d0
System.Linq.Expressions	538	0x0600021b	System.Linq.Expressions.LambdaExpression	get_PublicType	0x0	NoInlining	Assembly, Virtual, HideBySig, VtableLayoutMask, CheckAccessOnOverride, Abstract, SpecialName	0x10044c238	0x97fffde6	0x10044b9d0		absent	0x10044b9d0
System.Linq.Expressions	539	0x0600021c	System.Linq.Expressions.LambdaExpression	get_NodeType	0x2050	NoInlining	Public, Final, Virtual, HideBySig, SpecialName	0x10044c23c	0x9484d1a3	0x1025808c8	0x1025808c8	mapped	0x1025808c8
System.Linq.Expressions	540	0x0600021d	System.Linq.Expressions.LambdaExpression	get_Name	0x2050	NoInlining	Public, HideBySig, SpecialName	0x10044c240	0x9484d1a4	0x1025808d0	0x1025808d0	mapped	0x1025808d0
System.Linq.Expressions	541	0x0600021e	System.Linq.Expressions.LambdaExpression	get_NameCore	0x2050	NoInlining	Assembly, Virtual, HideBySig, VtableLayoutMask, CheckAccessOnOverride, SpecialName	0x10044c244	0x9484d1b9	0x102580928	0x102580928	mapped	0x102580928
System.Linq.Expressions	542	0x0600021f	System.Linq.Expressions.LambdaExpression	get_Body	0x2050	NoInlining	Public, HideBySig, SpecialName	0x10044c248	0x9484d1ba	0x102580930	0x102580930	mapped	0x102580930
System.Linq.Expressions	543	0x06000220	System.Linq.Expressions.LambdaExpression	get_ReturnType	0x2050	NoInlining	Public, HideBySig, SpecialName	0x10044c24c	0x9484d1c2	0x102580954	0x102580954	mapped	0x102580954
System.Linq.Expressions	544	0x06000221	System.Linq.Expressions.LambdaExpression	get_TailCall	0x2050	NoInlining	Public, HideBySig, SpecialName	0x10044c250	0x9484d1de	0x1025809c8	0x1025809c8	mapped	0x1025809c8
System.Linq.Expressions	545	0x06000222	System.Linq.Expressions.LambdaExpression	get_TailCallCore	0x2050	NoInlining	Assembly, Virtual, HideBySig, VtableLayoutMask, CheckAccessOnOverride, SpecialName	0x10044c254	0x9484d1f3	0x102580a20	0x102580a20	mapped	0x102580a20
System.Linq.Expressions	546	0x06000223	System.Linq.Expressions.LambdaExpression	System.Linq.Expressions.IParameterProvider.GetParameter	0x2050	NoInlining	Private, Final, Virtual, HideBySig, VtableLayoutMask	0x10044c258	0x9484d1f4	0x102580a28	0x102580a28	mapped	0x102580a28
System.Linq.Expressions	547	0x06000224	System.Linq.Expressions.LambdaExpression	GetParameter	0x2050	NoInlining	Assembly, Virtual, HideBySig, VtableLayoutMask, CheckAccessOnOverride	0x10044c25c	0x9484d20b	0x102580a88	0x102580a88	mapped	0x102580a88
System.Linq.Expressions	548	0x06000225	System.Linq.Expressions.LambdaExpression	System.Linq.Expressions.IParameterProvider.get_ParameterCount	0x2050	NoInlining	Private, Final, Virtual, HideBySig, VtableLayoutMask, SpecialName	0x10044c260	0x9484d213	0x102580aac	0x102580aac	mapped	0x102580aac
System.Linq.Expressions	549	0x06000226	System.Linq.Expressions.LambdaExpression	get_ParameterCount	0x2050	NoInlining	Assembly, Virtual, HideBySig, VtableLayoutMask, CheckAccessOnOverride, SpecialName	0x10044c264	0x9484d228	0x102580b04	0x102580b04	mapped	0x102580b04
System.Linq.Expressions	550	0x06000227	System.Linq.Expressions.LambdaExpression	GetCompileMethod	0x2050	NoInlining	Assembly, Static, HideBySig	0x10044c268	0x9484d230	0x102580b28	0x102580b28	mapped	0x102580b28
System.Linq.Expressions	551	0x06000228	System.Linq.Expressions.LambdaExpression	Compile	0x2050	NoInlining	Public, HideBySig	0x10044c26c	0x9484d26f	0x102580c28	0x102580c28	mapped	0x102580c28
System.Linq.Expressions	552	0x06000229	System.Linq.Expressions.LambdaExpression	Compile	0x2050	NoInlining	Public, HideBySig	0x10044c270	0x9484d296	0x102580cc8	0x102580cc8	mapped	0x102580cc8
System.Linq.Expressions	553	0x0600022a	System.Linq.Expressions.LambdaExpression	Compile	0x2050	NoInlining	Public, HideBySig	0x10044c274	0x9484d2c2	0x102580d7c	0x102580d7c	mapped	0x102580d7c
System.Linq.Expressions	554	0x0600022b	System.Linq.Expressions.LambdaExpression	.cctor	0x2050	NoInlining	Private, Static, HideBySig, SpecialName, RTSpecialName	0x10044c278	0x9484d2cf	0x102580db4	0x102580db4	mapped	0x102580db4
System.Linq.Expressions	555	0x0600022c	System.Linq.Expressions.Expression`1	.ctor	0x2050	NoInlining	Assembly, HideBySig, SpecialName, RTSpecialName	0x10044c27c	0x9484d2ee	0x102580e34	0x102580e34	mapped	0x102580e34
System.Linq.Expressions	556	0x0600022d	System.Linq.Expressions.Expression`1	get_TypeCore	0x2050	NoInlining	Assembly, Final, Virtual, HideBySig, SpecialName	0x10044c280	0x9484d300	0x102580e80	0x102580e80	mapped	0x102580e80
System.Linq.Expressions	557	0x0600022e	System.Linq.Expressions.Expression`1	get_PublicType	0x2050	NoInlining	Assembly, Final, Virtual, HideBySig, CheckAccessOnOverride, SpecialName	0x10044c284	0x9484d31a	0x102580eec	0x102580eec	mapped	0x102580eec
System.Linq.Expressions	558	0x0600022f	System.Linq.Expressions.Expression`1	Compile	0x2050	NoInlining	Public, HideBySig	0x10044c288	0x9484d334	0x102580f58	0x102580f58	mapped	0x102580f58
System.Linq.Expressions	559	0x06000230	System.Linq.Expressions.Expression`1	Compile	0x2050	NoInlining	Public, HideBySig	0x10044c28c	0x9484d36a	0x102581034	0x102581034	mapped	0x102581034
System.Linq.Expressions	560	0x06000231	System.Linq.Expressions.Expression`1	Rewrite	0x2050	NoInlining	Assembly, Virtual, HideBySig, VtableLayoutMask, CheckAccessOnOverride	0x10044c290	0x9484d3aa	0x102581138	0x102581138	mapped	0x102581138
System.Linq.Expressions	561	0x06000232	System.Linq.Expressions.Expression`1	Accept	0x2050	NoInlining	FamORAssem, Final, Virtual, HideBySig	0x10044c294	0x9484d3b4	0x102581164	0x102581164	mapped	0x102581164
System.Linq.Expressions	562	0x06000233	System.Linq.Expressions.Expression`1	Compile	0x2050	NoInlining	Public, HideBySig	0x10044c298	0x9484d3e6	0x102581230	0x102581230	mapped	0x102581230
System.Linq.Expressions	563	0x06000234	System.Linq.Expressions.ExpressionCreator`1	CreateExpressionFunc	0x2050	NoInlining	Public, Static, HideBySig	0x10044c29c	0x9484d40c	0x1025812cc	0x1025812cc	mapped	0x1025812cc
System.Linq.Expressions	564	0x06000235	System.Linq.Expressions.Expression0`1	.ctor	0x2050	NoInlining	Public, HideBySig, SpecialName, RTSpecialName	0x10044c2a0	0x9484d4cf	0x1025815dc	0x1025815dc	mapped	0x1025815dc
System.Linq.Expressions	565	0x06000236	System.Linq.Expressions.Expression0`1	get_ParameterCount	0x2050	NoInlining	Assembly, Final, Virtual, HideBySig, CheckAccessOnOverride, SpecialName	0x10044c2a4	0x9484d4e1	0x102581628	0x102581628	mapped	0x102581628
System.Linq.Expressions	566	0x06000237	System.Linq.Expressions.Expression0`1	GetParameter	0x2050	NoInlining	Assembly, Final, Virtual, HideBySig, CheckAccessOnOverride	0x10044c2a8	0x9484d4e5	0x10258163c	0x10258163c	mapped	0x10258163c
System.Linq.Expressions	567	0x06000238	System.Linq.Expressions.Expression0`1	Rewrite	0x2050	NoInlining	Assembly, Final, Virtual, HideBySig, CheckAccessOnOverride	0x10044c2ac	0x9484d4f5	0x102581680	0x102581680	mapped	0x102581680
System.Linq.Expressions	568	0x06000239	System.Linq.Expressions.Expression1`1	.ctor	0x2050	NoInlining	Public, HideBySig, SpecialName, RTSpecialName	0x10044c2b0	0x9484d51f	0x10258172c	0x10258172c	mapped	0x10258172c
System.Linq.Expressions	569	0x0600023a	System.Linq.Expressions.Expression1`1	get_ParameterCount	0x2050	NoInlining	Assembly, Final, Virtual, HideBySig, CheckAccessOnOverride, SpecialName	0x10044c2b4	0x9484d536	0x10258178c	0x10258178c	mapped	0x10258178c
System.Linq.Expressions	570	0x0600023b	System.Linq.Expressions.Expression1`1	GetParameter	0x2050	NoInlining	Assembly, Final, Virtual, HideBySig, CheckAccessOnOverride	0x10044c2b8	0x9484d53a	0x1025817a0	0x1025817a0	mapped	0x1025817a0
System.Linq.Expressions	571	0x0600023c	System.Linq.Expressions.Expression1`1	Rewrite	0x2050	NoInlining	Assembly, Final, Virtual, HideBySig, CheckAccessOnOverride	0x10044c2bc	0x9484d56a	0x102581864	0x102581864	mapped	0x102581864
System.Linq.Expressions	572	0x0600023d	System.Linq.Expressions.Expression2`1	.ctor	0x2050	NoInlining	Public, HideBySig, SpecialName, RTSpecialName	0x10044c2c0	0x9484d5ac	0x102581970	0x102581970	mapped	0x102581970
System.Linq.Expressions	573	0x0600023e	System.Linq.Expressions.Expression2`1	get_ParameterCount	0x2050	NoInlining	Assembly, Final, Virtual, HideBySig, CheckAccessOnOverride, SpecialName	0x10044c2c4	0x9484d5c8	0x1025819e4	0x1025819e4	mapped	0x1025819e4
System.Linq.Expressions	574	0x0600023f	System.Linq.Expressions.Expression2`1	GetParameter	0x2050	NoInlining	Assembly, Final, Virtual, HideBySig, CheckAccessOnOverride	0x10044c2c8	0x9484d5cc	0x1025819f8	0x1025819f8	mapped	0x1025819f8
System.Linq.Expressions	575	0x06000240	System.Linq.Expressions.Expression2`1	Rewrite	0x2050	NoInlining	Assembly, Final, Virtual, HideBySig, CheckAccessOnOverride	0x10044c2cc	0x9484d604	0x102581adc	0x102581adc	mapped	0x102581adc
System.Linq.Expressions	576	0x06000241	System.Linq.Expressions.Expression3`1	.ctor	0x2050	NoInlining	Public, HideBySig, SpecialName, RTSpecialName	0x10044c2d0	0x9484d64c	0x102581c00	0x102581c00	mapped	0x102581c00
System.Linq.Expressions	577	0x06000242	System.Linq.Expressions.Expression3`1	get_ParameterCount	0x2050	NoInlining	Assembly, Final, Virtual, HideBySig, CheckAccessOnOverride, SpecialName	0x10044c2d4	0x9484d66d	0x102581c88	0x102581c88	mapped	0x102581c88
System.Linq.Expressions	578	0x06000243	System.Linq.Expressions.Expression3`1	GetParameter	0x2050	NoInlining	Assembly, Final, Virtual, HideBySig, CheckAccessOnOverride	0x10044c2d8	0x9484d671	0x102581c9c	0x102581c9c	mapped	0x102581c9c
System.Linq.Expressions	579	0x06000244	System.Linq.Expressions.Expression3`1	Rewrite	0x2050	NoInlining	Assembly, Final, Virtual, HideBySig, CheckAccessOnOverride	0x10044c2dc	0x9484d6b0	0x102581d9c	0x102581d9c	mapped	0x102581d9c
System.Linq.Expressions	580	0x06000245	System.Linq.Expressions.ExpressionN`1	.ctor	0x2050	NoInlining	Public, HideBySig, SpecialName, RTSpecialName	0x10044c2e0	0x9484d6fe	0x102581ed8	0x102581ed8	mapped	0x102581ed8
System.Linq.Expressions	581	0x06000246	System.Linq.Expressions.ExpressionN`1	get_ParameterCount	0x2050	NoInlining	Assembly, Final, Virtual, HideBySig, CheckAccessOnOverride, SpecialName	0x10044c2e4	0x9484d715	0x102581f38	0x102581f38	mapped	0x102581f38
System.Linq.Expressions	582	0x06000247	System.Linq.Expressions.ExpressionN`1	GetParameter	0x2050	NoInlining	Assembly, Final, Virtual, HideBySig, CheckAccessOnOverride	0x10044c2e8	0x9484d740	0x102581fe8	0x102581fe8	mapped	0x102581fe8
System.Linq.Expressions	583	0x06000248	System.Linq.Expressions.ExpressionN`1	Rewrite	0x2050	NoInlining	Assembly, Final, Virtual, HideBySig, CheckAccessOnOverride	0x10044c2ec	0x9484d76f	0x1025820a8	0x1025820a8	mapped	0x1025820a8
System.Linq.Expressions	584	0x06000249	System.Linq.Expressions.FullExpression`1	.ctor	0x2050	NoInlining	Public, HideBySig, SpecialName, RTSpecialName	0x10044c2f0	0x9484d7a8	0x102582190	0x102582190	mapped	0x102582190
System.Linq.Expressions	585	0x0600024a	System.Linq.Expressions.FullExpression`1	get_NameCore	0x2050	NoInlining	Assembly, Final, Virtual, HideBySig, CheckAccessOnOverride, SpecialName	0x10044c2f4	0x9484d7c5	0x102582208	0x102582208	mapped	0x102582208
System.Linq.Expressions	586	0x0600024b	System.Linq.Expressions.FullExpression`1	get_TailCallCore	0x2050	NoInlining	Assembly, Final, Virtual, HideBySig, CheckAccessOnOverride, SpecialName	0x10044c2f8	0x9484d7d0	0x102582238	0x102582238	mapped	0x102582238
System.Linq.Expressions	587	0x0600024c	System.Linq.Expressions.ListInitExpression	get_NewExpression	0x2050	NoInlining	Public, HideBySig, SpecialName	0x10044c2fc	0x9484d7db	0x102582268	0x102582268	mapped	0x102582268
System.Linq.Expressions	588	0x0600024d	System.Linq.Expressions.ListInitExpression	get_Initializers	0x2050	NoInlining	Public, HideBySig, SpecialName	0x10044c300	0x9484d7ec	0x1025822b0	0x1025822b0	mapped	0x1025822b0
System.Linq.Expressions	589	0x0600024e	System.Linq.Expressions.LoopExpression	get_Body	0x2050	NoInlining	Public, HideBySig, SpecialName	0x10044c304	0x9484d7fd	0x1025822f8	0x1025822f8	mapped	0x1025822f8
System.Linq.Expressions	590	0x0600024f	System.Linq.Expressions.LoopExpression	get_BreakLabel	0x2050	NoInlining	Public, HideBySig, SpecialName	0x10044c308	0x9484d80e	0x102582340	0x102582340	mapped	0x102582340
System.Linq.Expressions	591	0x06000250	System.Linq.Expressions.LoopExpression	get_ContinueLabel	0x2050	NoInlining	Public, HideBySig, SpecialName	0x10044c30c	0x9484d81f	0x102582388	0x102582388	mapped	0x102582388
System.Linq.Expressions	592	0x06000251	System.Linq.Expressions.MemberAssignment	get_Expression	0x2050	NoInlining	Public, HideBySig, SpecialName	0x10044c310	0x9484d830	0x1025823d0	0x1025823d0	mapped	0x1025823d0
System.Linq.Expressions	593	0x06000252	System.Linq.Expressions.MemberBinding	get_BindingType	0x2050	NoInlining	Public, HideBySig, SpecialName	0x10044c314	0x9484d841	0x102582418	0x102582418	mapped	0x102582418
System.Linq.Expressions	594	0x06000253	System.Linq.Expressions.MemberBinding	get_Member	0x2050	NoInlining	Public, HideBySig, SpecialName	0x10044c318	0x9484d852	0x102582460	0x102582460	mapped	0x102582460
System.Linq.Expressions	595	0x06000254	System.Linq.Expressions.MemberExpression	get_Member	0x2050	NoInlining	Public, HideBySig, SpecialName	0x10044c31c	0x9484d863	0x1025824a8	0x1025824a8	mapped	0x1025824a8
System.Linq.Expressions	596	0x06000255	System.Linq.Expressions.MemberExpression	get_Expression	0x2050	NoInlining	Public, HideBySig, SpecialName	0x10044c320	0x9484d878	0x102582500	0x102582500	mapped	0x102582500
System.Linq.Expressions	597	0x06000256	System.Linq.Expressions.MemberExpression	.ctor	0x2050	NoInlining	Assembly, HideBySig, SpecialName, RTSpecialName	0x10044c324	0x9484d880	0x102582524	0x102582524	mapped	0x102582524
System.Linq.Expressions	598	0x06000257	System.Linq.Expressions.MemberExpression	Make	0x2050	NoInlining	Assembly, Static, HideBySig	0x10044c328	0x9484d88f	0x102582564	0x102582564	mapped	0x102582564
System.Linq.Expressions	599	0x06000258	System.Linq.Expressions.MemberExpression	Make	0x2050	NoInlining	Assembly, Static, HideBySig	0x10044c32c	0x9484d8b7	0x102582608	0x102582608	mapped	0x102582608
System.Linq.Expressions	600	0x06000259	System.Linq.Expressions.MemberExpression	get_NodeType	0x2050	NoInlining	Public, Final, Virtual, HideBySig, SpecialName	0x10044c330	0x9484d8df	0x1025826ac	0x1025826ac	mapped	0x1025826ac
System.Linq.Expressions	601	0x0600025a	System.Linq.Expressions.MemberExpression	GetMember	0x2050	NoInlining	Assembly, Virtual, HideBySig, VtableLayoutMask, CheckAccessOnOverride	0x10044c334	0x9484d8e0	0x1025826b4	0x1025826b4	mapped	0x1025826b4
System.Linq.Expressions	602	0x0600025b	System.Linq.Expressions.MemberExpression	Accept	0x2050	NoInlining	FamORAssem, Final, Virtual, HideBySig	0x10044c338	0x9484d8e8	0x1025826d8	0x1025826d8	mapped	0x1025826d8
System.Linq.Expressions	603	0x0600025c	System.Linq.Expressions.MemberExpression	Update	0x2050	NoInlining	Public, HideBySig	0x10044c33c	0x9484d8ff	0x102582738	0x102582738	mapped	0x102582738
System.Linq.Expressions	604	0x0600025d	System.Linq.Expressions.FieldExpression	.ctor	0x2050	NoInlining	Public, HideBySig, SpecialName, RTSpecialName	0x10044c340	0x9484d91d	0x1025827b4	0x1025827b4	mapped	0x1025827b4
System.Linq.Expressions	605	0x0600025e	System.Linq.Expressions.FieldExpression	GetMember	0x2050	NoInlining	Assembly, Final, Virtual, HideBySig, CheckAccessOnOverride	0x10044c344	0x9484d931	0x102582808	0x102582808	mapped	0x102582808
System.Linq.Expressions	606	0x0600025f	System.Linq.Expressions.FieldExpression	get_Type	0x2050	NoInlining	Public, Final, Virtual, HideBySig, SpecialName	0x10044c348	0x9484d939	0x10258282c	0x10258282c	mapped	0x10258282c
System.Linq.Expressions	607	0x06000260	System.Linq.Expressions.PropertyExpression	.ctor	0x2050	NoInlining	Public, HideBySig, SpecialName, RTSpecialName	0x10044c34c	0x9484d951	0x102582890	0x102582890	mapped	0x102582890
System.Linq.Expressions	608	0x06000261	System.Linq.Expressions.PropertyExpression	GetMember	0x2050	NoInlining	Assembly, Final, Virtual, HideBySig, CheckAccessOnOverride	0x10044c350	0x9484d965	0x1025828e4	0x1025828e4	mapped	0x1025828e4
System.Linq.Expressions	609	0x06000262	System.Linq.Expressions.PropertyExpression	get_Type	0x2050	NoInlining	Public, Final, Virtual, HideBySig, SpecialName	0x10044c354	0x9484d96d	0x102582908	0x102582908	mapped	0x102582908
System.Linq.Expressions	610	0x06000263	System.Linq.Expressions.MemberInitExpression	get_NewExpression	0x2050	NoInlining	Public, HideBySig, SpecialName	0x10044c358	0x9484d985	0x10258296c	0x10258296c	mapped	0x10258296c
System.Linq.Expressions	611	0x06000264	System.Linq.Expressions.MemberInitExpression	get_Bindings	0x2050	NoInlining	Public, HideBySig, SpecialName	0x10044c35c	0x9484d996	0x1025829b4	0x1025829b4	mapped	0x1025829b4
System.Linq.Expressions	612	0x06000265	System.Linq.Expressions.MemberListBinding	get_Initializers	0x2050	NoInlining	Public, HideBySig, SpecialName	0x10044c360	0x9484d9a7	0x1025829fc	0x1025829fc	mapped	0x1025829fc
System.Linq.Expressions	613	0x06000266	System.Linq.Expressions.MemberMemberBinding	get_Bindings	0x2050	NoInlining	Public, HideBySig, SpecialName	0x10044c364	0x9484d9b8	0x102582a44	0x102582a44	mapped	0x102582a44
System.Linq.Expressions	614	0x06000267	System.Linq.Expressions.MethodCallExpression	.ctor	0x2050	NoInlining	Assembly, HideBySig, SpecialName, RTSpecialName	0x10044c368	0x9484d9c9	0x102582a8c	0x102582a8c	mapped	0x102582a8c
System.Linq.Expressions	615	0x06000268	System.Linq.Expressions.MethodCallExpression	GetInstance	0x2050	NoInlining	Assembly, Virtual, HideBySig, VtableLayoutMask, CheckAccessOnOverride	0x10044c36c	0x9484d9d8	0x102582acc	0x102582acc	mapped	0x102582acc
System.Linq.Expressions	616	0x06000269	System.Linq.Expressions.MethodCallExpression	get_NodeType	0x2050	NoInlining	Public, Final, Virtual, HideBySig, SpecialName	0x10044c370	0x9484d9d9	0x102582ad4	0x102582ad4	mapped	0x102582ad4
System.Linq.Expressions	617	0x0600026a	System.Linq.Expressions.MethodCallExpression	get_Type	0x2050	NoInlining	Public, Final, Virtual, HideBySig, SpecialName	0x10044c374	0x9484d9da	0x102582adc	0x102582adc	mapped	0x102582adc
System.Linq.Expressions	618	0x0600026b	System.Linq.Expressions.MethodCallExpression	get_Method	0x2050	NoInlining	Public, HideBySig, SpecialName	0x10044c378	0x9484d9f2	0x102582b40	0x102582b40	mapped	0x102582b40
System.Linq.Expressions	619	0x0600026c	System.Linq.Expressions.MethodCallExpression	get_Object	0x2050	NoInlining	Public, HideBySig, SpecialName	0x10044c37c	0x9484d9fa	0x102582b64	0x102582b64	mapped	0x102582b64
System.Linq.Expressions	620	0x0600026d	System.Linq.Expressions.MethodCallExpression	Accept	0x2050	NoInlining	FamORAssem, Final, Virtual, HideBySig	0x10044c380	0x9484da0f	0x102582bbc	0x102582bbc	mapped	0x102582bbc
System.Linq.Expressions	621	0x0600026e	System.Linq.Expressions.MethodCallExpression	Rewrite	0x2050	NoInlining	Assembly, Virtual, HideBySig, VtableLayoutMask, CheckAccessOnOverride	0x10044c384	0x9484da26	0x102582c1c	0x102582c1c	mapped	0x102582c1c
System.Linq.Expressions	622	0x0600026f	System.Linq.Expressions.MethodCallExpression	GetArgument	0x2050	NoInlining	Public, Virtual, HideBySig, VtableLayoutMask	0x10044c388	0x9484da2e	0x102582c40	0x102582c40	mapped	0x102582c40
System.Linq.Expressions	623	0x06000270	System.Linq.Expressions.MethodCallExpression	get_ArgumentCount	0x2050	NoInlining	Public, Virtual, HideBySig, VtableLayoutMask, SpecialName	0x10044c38c	0x9484da36	0x102582c64	0x102582c64	mapped	0x102582c64
System.Linq.Expressions	624	0x06000271	System.Linq.Expressions.InstanceMethodCallExpression	.ctor	0x2050	NoInlining	Public, HideBySig, SpecialName, RTSpecialName	0x10044c390	0x9484da3e	0x102582c88	0x102582c88	mapped	0x102582c88
System.Linq.Expressions	625	0x06000272	System.Linq.Expressions.InstanceMethodCallExpression	GetInstance	0x2050	NoInlining	Assembly, Final, Virtual, HideBySig, CheckAccessOnOverride	0x10044c394	0x9484da52	0x102582cdc	0x102582cdc	mapped	0x102582cdc
System.Linq.Expressions	626	0x06000273	System.Linq.Expressions.MethodCallExpressionN	.ctor	0x2050	NoInlining	Public, HideBySig, SpecialName, RTSpecialName	0x10044c398	0x9484da5a	0x102582d00	0x102582d00	mapped	0x102582d00
System.Linq.Expressions	627	0x06000274	System.Linq.Expressions.MethodCallExpressionN	GetArgument	0x2050	NoInlining	Public, Final, Virtual, HideBySig	0x10044c39c	0x9484da6e	0x102582d54	0x102582d54	mapped	0x102582d54
System.Linq.Expressions	628	0x06000275	System.Linq.Expressions.MethodCallExpressionN	get_ArgumentCount	0x2050	NoInlining	Public, Final, Virtual, HideBySig, SpecialName	0x10044c3a0	0x9484da96	0x102582df8	0x102582df8	mapped	0x102582df8
System.Linq.Expressions	629	0x06000276	System.Linq.Expressions.MethodCallExpressionN	Rewrite	0x2050	NoInlining	Assembly, Final, Virtual, HideBySig, CheckAccessOnOverride	0x10044c3a4	0x9484dabc	0x102582e94	0x102582e94	mapped	0x102582e94
System.Linq.Expressions	630	0x06000277	System.Linq.Expressions.InstanceMethodCallExpressionN	.ctor	0x2050	NoInlining	Public, HideBySig, SpecialName, RTSpecialName	0x10044c3a8	0x9484dad3	0x102582ef4	0x102582ef4	mapped	0x102582ef4
System.Linq.Expressions	631	0x06000278	System.Linq.Expressions.InstanceMethodCallExpressionN	GetArgument	0x2050	NoInlining	Public, Final, Virtual, HideBySig	0x10044c3ac	0x9484daec	0x102582f5c	0x102582f5c	mapped	0x102582f5c
System.Linq.Expressions	632	0x06000279	System.Linq.Expressions.InstanceMethodCallExpressionN	get_ArgumentCount	0x2050	NoInlining	Public, Final, Virtual, HideBySig, SpecialName	0x10044c3b0	0x9484db14	0x102583000	0x102583000	mapped	0x102583000
System.Linq.Expressions	633	0x0600027a	System.Linq.Expressions.InstanceMethodCallExpressionN	Rewrite	0x2050	NoInlining	Assembly, Final, Virtual, HideBySig, CheckAccessOnOverride	0x10044c3b4	0x9484db3a	0x10258309c	0x10258309c	mapped	0x10258309c
System.Linq.Expressions	634	0x0600027b	System.Linq.Expressions.MethodCallExpression0	.ctor	0x2050	NoInlining	Public, HideBySig, SpecialName, RTSpecialName	0x10044c3b8	0x9484db55	0x10258310c	0x10258310c	mapped	0x10258310c
System.Linq.Expressions	635	0x0600027c	System.Linq.Expressions.MethodCallExpression0	GetArgument	0x2050	NoInlining	Public, Final, Virtual, HideBySig	0x10044c3bc	0x9484db64	0x10258314c	0x10258314c	mapped	0x10258314c
System.Linq.Expressions	636	0x0600027d	System.Linq.Expressions.MethodCallExpression0	get_ArgumentCount	0x2050	NoInlining	Public, Final, Virtual, HideBySig, SpecialName	0x10044c3c0	0x9484db75	0x102583194	0x102583194	mapped	0x102583194
System.Linq.Expressions	637	0x0600027e	System.Linq.Expressions.MethodCallExpression0	Rewrite	0x2050	NoInlining	Assembly, Final, Virtual, HideBySig, CheckAccessOnOverride	0x10044c3c4	0x9484db76	0x10258319c	0x10258319c	mapped	0x10258319c
System.Linq.Expressions	638	0x0600027f	System.Linq.Expressions.MethodCallExpression1	.ctor	0x2050	NoInlining	Public, HideBySig, SpecialName, RTSpecialName	0x10044c3c8	0x9484db89	0x1025831ec	0x1025831ec	mapped	0x1025831ec
System.Linq.Expressions	639	0x06000280	System.Linq.Expressions.MethodCallExpression1	GetArgument	0x2050	NoInlining	Public, Final, Virtual, HideBySig	0x10044c3cc	0x9484db9d	0x102583240	0x102583240	mapped	0x102583240
System.Linq.Expressions	640	0x06000281	System.Linq.Expressions.MethodCallExpression1	get_ArgumentCount	0x2050	NoInlining	Public, Final, Virtual, HideBySig, SpecialName	0x10044c3d0	0x9484dbc9	0x1025832f4	0x1025832f4	mapped	0x1025832f4
System.Linq.Expressions	641	0x06000282	System.Linq.Expressions.MethodCallExpression1	Rewrite	0x2050	NoInlining	Assembly, Final, Virtual, HideBySig, CheckAccessOnOverride	0x10044c3d4	0x9484dbca	0x1025832fc	0x1025832fc	mapped	0x1025832fc
System.Linq.Expressions	642	0x06000283	System.Linq.Expressions.MethodCallExpression2	.ctor	0x2050	NoInlining	Public, HideBySig, SpecialName, RTSpecialName	0x10044c3d8	0x9484dbfc	0x1025833c8	0x1025833c8	mapped	0x1025833c8
System.Linq.Expressions	643	0x06000284	System.Linq.Expressions.MethodCallExpression2	GetArgument	0x2050	NoInlining	Public, Final, Virtual, HideBySig	0x10044c3dc	0x9484dc15	0x102583430	0x102583430	mapped	0x102583430
System.Linq.Expressions	644	0x06000285	System.Linq.Expressions.MethodCallExpression2	get_ArgumentCount	0x2050	NoInlining	Public, Final, Virtual, HideBySig, SpecialName	0x10044c3e0	0x9484dc49	0x102583504	0x102583504	mapped	0x102583504
System.Linq.Expressions	645	0x06000286	System.Linq.Expressions.MethodCallExpression2	Rewrite	0x2050	NoInlining	Assembly, Final, Virtual, HideBySig, CheckAccessOnOverride	0x10044c3e4	0x9484dc4a	0x10258350c	0x10258350c	mapped	0x10258350c
System.Linq.Expressions	646	0x06000287	System.Linq.Expressions.MethodCallExpression3	.ctor	0x2050	NoInlining	Public, HideBySig, SpecialName, RTSpecialName	0x10044c3e8	0x9484dc87	0x102583604	0x102583604	mapped	0x102583604
System.Linq.Expressions	647	0x06000288	System.Linq.Expressions.MethodCallExpression3	GetArgument	0x2050	NoInlining	Public, Final, Virtual, HideBySig	0x10044c3ec	0x9484dca5	0x102583680	0x102583680	mapped	0x102583680
System.Linq.Expressions	648	0x06000289	System.Linq.Expressions.MethodCallExpression3	get_ArgumentCount	0x2050	NoInlining	Public, Final, Virtual, HideBySig, SpecialName	0x10044c3f0	0x9484dce0	0x102583770	0x102583770	mapped	0x102583770
System.Linq.Expressions	649	0x0600028a	System.Linq.Expressions.MethodCallExpression3	Rewrite	0x2050	NoInlining	Assembly, Final, Virtual, HideBySig, CheckAccessOnOverride	0x10044c3f4	0x9484dce1	0x102583778	0x102583778	mapped	0x102583778
System.Linq.Expressions	650	0x0600028b	System.Linq.Expressions.MethodCallExpression4	.ctor	0x2050	NoInlining	Public, HideBySig, SpecialName, RTSpecialName	0x10044c3f8	0x9484dd28	0x102583898	0x102583898	mapped	0x102583898
System.Linq.Expressions	651	0x0600028c	System.Linq.Expressions.MethodCallExpression4	GetArgument	0x2050	NoInlining	Public, Final, Virtual, HideBySig	0x10044c3fc	0x9484dd4b	0x102583928	0x102583928	mapped	0x102583928
System.Linq.Expressions	652	0x0600028d	System.Linq.Expressions.MethodCallExpression4	get_ArgumentCount	0x2050	NoInlining	Public, Final, Virtual, HideBySig, SpecialName	0x10044c400	0x9484dd8f	0x102583a3c	0x102583a3c	mapped	0x102583a3c
System.Linq.Expressions	653	0x0600028e	System.Linq.Expressions.MethodCallExpression4	Rewrite	0x2050	NoInlining	Assembly, Final, Virtual, HideBySig, CheckAccessOnOverride	0x10044c404	0x9484dd90	0x102583a44	0x102583a44	mapped	0x102583a44
System.Linq.Expressions	654	0x0600028f	System.Linq.Expressions.MethodCallExpression5	.ctor	0x2050	NoInlining	Public, HideBySig, SpecialName, RTSpecialName	0x10044c408	0x9484dde0	0x102583b88	0x102583b88	mapped	0x102583b88
System.Linq.Expressions	655	0x06000290	System.Linq.Expressions.MethodCallExpression5	GetArgument	0x2050	NoInlining	Public, Final, Virtual, HideBySig	0x10044c40c	0x9484de08	0x102583c2c	0x102583c2c	mapped	0x102583c2c
System.Linq.Expressions	656	0x06000291	System.Linq.Expressions.MethodCallExpression5	get_ArgumentCount	0x2050	NoInlining	Public, Final, Virtual, HideBySig, SpecialName	0x10044c410	0x9484de51	0x102583d54	0x102583d54	mapped	0x102583d54
System.Linq.Expressions	657	0x06000292	System.Linq.Expressions.MethodCallExpression5	Rewrite	0x2050	NoInlining	Assembly, Final, Virtual, HideBySig, CheckAccessOnOverride	0x10044c414	0x9484de52	0x102583d5c	0x102583d5c	mapped	0x102583d5c
System.Linq.Expressions	658	0x06000293	System.Linq.Expressions.InstanceMethodCallExpression0	.ctor	0x2050	NoInlining	Public, HideBySig, SpecialName, RTSpecialName	0x10044c418	0x9484deac	0x102583ec8	0x102583ec8	mapped	0x102583ec8
System.Linq.Expressions	659	0x06000294	System.Linq.Expressions.InstanceMethodCallExpression0	GetArgument	0x2050	NoInlining	Public, Final, Virtual, HideBySig	0x10044c41c	0x9484dec0	0x102583f1c	0x102583f1c	mapped	0x102583f1c
System.Linq.Expressions	660	0x06000295	System.Linq.Expressions.InstanceMethodCallExpression0	get_ArgumentCount	0x2050	NoInlining	Public, Final, Virtual, HideBySig, SpecialName	0x10044c420	0x9484ded1	0x102583f64	0x102583f64	mapped	0x102583f64
System.Linq.Expressions	661	0x06000296	System.Linq.Expressions.InstanceMethodCallExpression0	Rewrite	0x2050	NoInlining	Assembly, Final, Virtual, HideBySig, CheckAccessOnOverride	0x10044c424	0x9484ded2	0x102583f6c	0x102583f6c	mapped	0x102583f6c
System.Linq.Expressions	662	0x06000297	System.Linq.Expressions.InstanceMethodCallExpression1	.ctor	0x2050	NoInlining	Public, HideBySig, SpecialName, RTSpecialName	0x10044c428	0x9484dee7	0x102583fc4	0x102583fc4	mapped	0x102583fc4
System.Linq.Expressions	663	0x06000298	System.Linq.Expressions.InstanceMethodCallExpression1	GetArgument	0x2050	NoInlining	Public, Final, Virtual, HideBySig	0x10044c42c	0x9484df00	0x10258402c	0x10258402c	mapped	0x10258402c
System.Linq.Expressions	664	0x06000299	System.Linq.Expressions.InstanceMethodCallExpression1	get_ArgumentCount	0x2050	NoInlining	Public, Final, Virtual, HideBySig, SpecialName	0x10044c430	0x9484df2c	0x1025840e0	0x1025840e0	mapped	0x1025840e0
System.Linq.Expressions	665	0x0600029a	System.Linq.Expressions.InstanceMethodCallExpression1	Rewrite	0x2050	NoInlining	Assembly, Final, Virtual, HideBySig, CheckAccessOnOverride	0x10044c434	0x9484df2d	0x1025840e8	0x1025840e8	mapped	0x1025840e8
System.Linq.Expressions	666	0x0600029b	System.Linq.Expressions.InstanceMethodCallExpression2	.ctor	0x2050	NoInlining	Public, HideBySig, SpecialName, RTSpecialName	0x10044c438	0x9484df64	0x1025841c8	0x1025841c8	mapped	0x1025841c8
System.Linq.Expressions	667	0x0600029c	System.Linq.Expressions.InstanceMethodCallExpression2	GetArgument	0x2050	NoInlining	Public, Final, Virtual, HideBySig	0x10044c43c	0x9484df82	0x102584244	0x102584244	mapped	0x102584244
System.Linq.Expressions	668	0x0600029d	System.Linq.Expressions.InstanceMethodCallExpression2	get_ArgumentCount	0x2050	NoInlining	Public, Final, Virtual, HideBySig, SpecialName	0x10044c440	0x9484dfb6	0x102584318	0x102584318	mapped	0x102584318
System.Linq.Expressions	669	0x0600029e	System.Linq.Expressions.InstanceMethodCallExpression2	Rewrite	0x2050	NoInlining	Assembly, Final, Virtual, HideBySig, CheckAccessOnOverride	0x10044c444	0x9484dfb7	0x102584320	0x102584320	mapped	0x102584320
System.Linq.Expressions	670	0x0600029f	System.Linq.Expressions.InstanceMethodCallExpression3	.ctor	0x2050	NoInlining	Public, HideBySig, SpecialName, RTSpecialName	0x10044c448	0x9484dffa	0x102584430	0x102584430	mapped	0x102584430
System.Linq.Expressions	671	0x060002a0	System.Linq.Expressions.InstanceMethodCallExpression3	GetArgument	0x2050	NoInlining	Public, Final, Virtual, HideBySig	0x10044c44c	0x9484e01d	0x1025844c0	0x1025844c0	mapped	0x1025844c0
System.Linq.Expressions	672	0x060002a1	System.Linq.Expressions.InstanceMethodCallExpression3	get_ArgumentCount	0x2050	NoInlining	Public, Final, Virtual, HideBySig, SpecialName	0x10044c450	0x9484e058	0x1025845b0	0x1025845b0	mapped	0x1025845b0
System.Linq.Expressions	673	0x060002a2	System.Linq.Expressions.InstanceMethodCallExpression3	Rewrite	0x2050	NoInlining	Assembly, Final, Virtual, HideBySig, CheckAccessOnOverride	0x10044c454	0x9484e059	0x1025845b8	0x1025845b8	mapped	0x1025845b8
System.Linq.Expressions	674	0x060002a3	System.Linq.Expressions.NewArrayExpression	get_Expressions	0x2050	NoInlining	Public, HideBySig, SpecialName	0x10044c458	0x9484e0a4	0x1025846e8	0x1025846e8	mapped	0x1025846e8
System.Linq.Expressions	675	0x060002a4	System.Linq.Expressions.NewExpression	get_Constructor	0x2050	NoInlining	Public, HideBySig, SpecialName	0x10044c45c	0x9484e0b5	0x102584730	0x102584730	mapped	0x102584730
System.Linq.Expressions	676	0x060002a5	System.Linq.Expressions.NewExpression	GetArgument	0x2050	NoInlining	Public, Final, Virtual, HideBySig, VtableLayoutMask	0x10044c460	0x9484e0c6	0x102584778	0x102584778	mapped	0x102584778
System.Linq.Expressions	677	0x060002a6	System.Linq.Expressions.ParameterExpression	.ctor	0x2050	NoInlining	Assembly, HideBySig, SpecialName, RTSpecialName	0x10044c464	0x9484e0d7	0x1025847c0	0x1025847c0	mapped	0x1025847c0
System.Linq.Expressions	678	0x060002a7	System.Linq.Expressions.ParameterExpression	Make	0x2050	NoInlining	Assembly, Static, HideBySig	0x10044c468	0x9484e0e6	0x102584800	0x102584800	mapped	0x102584800
System.Linq.Expressions	679	0x060002a8	System.Linq.Expressions.ParameterExpression	get_Type	0x2050	NoInlining	Public, Virtual, HideBySig, SpecialName	0x10044c46c	0x9484e180	0x102584a6c	0x102584a6c	mapped	0x102584a6c
System.Linq.Expressions	680	0x060002a9	System.Linq.Expressions.ParameterExpression	get_NodeType	0x2050	NoInlining	Public, Final, Virtual, HideBySig, SpecialName	0x10044c470	0x9484e18f	0x102584aac	0x102584aac	mapped	0x102584aac
System.Linq.Expressions	681	0x060002aa	System.Linq.Expressions.ParameterExpression	get_Name	0x2050	NoInlining	Public, HideBySig, SpecialName	0x10044c474	0x9484e190	0x102584ab4	0x102584ab4	mapped	0x102584ab4
System.Linq.Expressions	682	0x060002ab	System.Linq.Expressions.ParameterExpression	get_IsByRef	0x2050	NoInlining	Public, HideBySig, SpecialName	0x10044c478	0x9484e198	0x102584ad8	0x102584ad8	mapped	0x102584ad8
System.Linq.Expressions	683	0x060002ac	System.Linq.Expressions.ParameterExpression	GetIsByRef	0x2050	NoInlining	Assembly, Virtual, HideBySig, VtableLayoutMask, CheckAccessOnOverride	0x10044c47c	0x9484e1ad	0x102584b30	0x102584b30	mapped	0x102584b30
System.Linq.Expressions	684	0x060002ad	System.Linq.Expressions.ParameterExpression	Accept	0x2050	NoInlining	FamORAssem, Final, Virtual, HideBySig	0x10044c480	0x9484e1ae	0x102584b38	0x102584b38	mapped	0x102584b38
System.Linq.Expressions	685	0x060002ae	System.Linq.Expressions.ByRefParameterExpression	.ctor	0x2050	NoInlining	Assembly, HideBySig, SpecialName, RTSpecialName	0x10044c484	0x9484e1c5	0x102584b98	0x102584b98	mapped	0x102584b98
System.Linq.Expressions	686	0x060002af	System.Linq.Expressions.ByRefParameterExpression	GetIsByRef	0x2050	NoInlining	Assembly, Final, Virtual, HideBySig, CheckAccessOnOverride	0x10044c488	0x9484e1d9	0x102584bec	0x102584bec	mapped	0x102584bec
System.Linq.Expressions	687	0x060002b0	System.Linq.Expressions.TypedParameterExpression	.ctor	0x2050	NoInlining	Assembly, HideBySig, SpecialName, RTSpecialName	0x10044c48c	0x9484e1da	0x102584bf4	0x102584bf4	mapped	0x102584bf4
System.Linq.Expressions	688	0x060002b1	System.Linq.Expressions.TypedParameterExpression	get_Type	0x2050	NoInlining	Public, Final, Virtual, HideBySig, SpecialName	0x10044c490	0x9484e1ee	0x102584c48	0x102584c48	mapped	0x102584c48
System.Linq.Expressions	689	0x060002b2	System.Linq.Expressions.PrimitiveParameterExpression`1	.ctor	0x2050	NoInlining	Assembly, HideBySig, SpecialName, RTSpecialName	0x10044c494	0x9484e1f6	0x102584c6c	0x102584c6c	mapped	0x102584c6c
System.Linq.Expressions	690	0x060002b3	System.Linq.Expressions.PrimitiveParameterExpression`1	get_Type	0x2050	NoInlining	Public, Final, Virtual, HideBySig, SpecialName	0x10044c498	0x9484e208	0x102584cb8	0x102584cb8	mapped	0x102584cb8
System.Linq.Expressions	691	0x060002b4	System.Linq.Expressions.RuntimeVariablesExpression	get_Variables	0x2050	NoInlining	Public, HideBySig, SpecialName	0x10044c49c	0x9484e222	0x102584d24	0x102584d24	mapped	0x102584d24
System.Linq.Expressions	692	0x060002b5	System.Linq.Expressions.Strings	LiftingInExpressionRequiresDynamicCode	0x2050	NoInlining	Assembly, Static, HideBySig	0x10044c4a0	0x9484e233	0x102584d6c	0x102584d6c	mapped	0x102584d6c
System.Linq.Expressions	693	0x060002b6	System.Linq.Expressions.Strings	VariableMustNotBeByRef	0x2050	NoInlining	Assembly, Static, HideBySig	0x10044c4a4	0x9484e258	0x102584e04	0x102584e04	mapped	0x102584e04
System.Linq.Expressions	694	0x060002b7	System.Linq.Expressions.Strings	DuplicateVariable	0x2050	NoInlining	Assembly, Static, HideBySig	0x10044c4a8	0x9484e274	0x102584e78	0x102584e78	mapped	0x102584e78
System.Linq.Expressions	695	0x060002b8	System.Linq.Expressions.Strings	ExtensionNodeMustOverrideProperty	0x2050	NoInlining	Assembly, Static, HideBySig	0x10044c4ac	0x9484e28e	0x102584ee4	0x102584ee4	mapped	0x102584ee4
System.Linq.Expressions	696	0x060002b9	System.Linq.Expressions.Strings	UserDefinedOperatorMustBeStatic	0x2050	NoInlining	Assembly, Static, HideBySig	0x10044c4b0	0x9484e2a8	0x102584f50	0x102584f50	mapped	0x102584f50
System.Linq.Expressions	697	0x060002ba	System.Linq.Expressions.Strings	UserDefinedOperatorMustNotBeVoid	0x2050	NoInlining	Assembly, Static, HideBySig	0x10044c4b4	0x9484e2c2	0x102584fbc	0x102584fbc	mapped	0x102584fbc
System.Linq.Expressions	698	0x060002bb	System.Linq.Expressions.Strings	CoercionOperatorNotDefined	0x2050	NoInlining	Assembly, Static, HideBySig	0x10044c4b8	0x9484e2dc	0x102585028	0x102585028	mapped	0x102585028
System.Linq.Expressions	699	0x060002bc	System.Linq.Expressions.Strings	UnaryOperatorNotDefined	0x2050	NoInlining	Assembly, Static, HideBySig	0x10044c4bc	0x9484e2f8	0x10258509c	0x10258509c	mapped	0x10258509c
System.Linq.Expressions	700	0x060002bd	System.Linq.Expressions.Strings	BinaryOperatorNotDefined	0x2050	NoInlining	Assembly, Static, HideBySig	0x10044c4c0	0x9484e314	0x102585110	0x102585110	mapped	0x102585110
System.Linq.Expressions	701	0x060002be	System.Linq.Expressions.Strings	ReferenceEqualityNotDefined	0x2050	NoInlining	Assembly, Static, HideBySig	0x10044c4c4	0x9484e334	0x102585194	0x102585194	mapped	0x102585194
System.Linq.Expressions	702	0x060002bf	System.Linq.Expressions.Strings	OperandTypesDoNotMatchParameters	0x2050	NoInlining	Assembly, Static, HideBySig	0x10044c4c8	0x9484e350	0x102585208	0x102585208	mapped	0x102585208
System.Linq.Expressions	703	0x060002c0	System.Linq.Expressions.Strings	OverloadOperatorTypeDoesNotMatchConversionType	0x2050	NoInlining	Assembly, Static, HideBySig	0x10044c4cc	0x9484e36c	0x10258527c	0x10258527c	mapped	0x10258527c
System.Linq.Expressions	704	0x060002c1	System.Linq.Expressions.Strings	CannotAutoInitializeValueTypeMemberThroughProperty	0x2050	NoInlining	Assembly, Static, HideBySig	0x10044c4d0	0x9484e388	0x1025852f0	0x1025852f0	mapped	0x1025852f0
System.Linq.Expressions	705	0x060002c2	System.Linq.Expressions.Strings	IncorrectTypeForTypeAs	0x2050	NoInlining	Assembly, Static, HideBySig	0x10044c4d4	0x9484e3a2	0x10258535c	0x10258535c	mapped	0x10258535c
System.Linq.Expressions	706	0x060002c3	System.Linq.Expressions.Strings	ExpressionTypeDoesNotMatchReturn	0x2050	NoInlining	Assembly, Static, HideBySig	0x10044c4d8	0x9484e3bc	0x1025853c8	0x1025853c8	mapped	0x1025853c8
System.Linq.Expressions	707	0x060002c4	System.Linq.Expressions.Strings	ExpressionTypeDoesNotMatchAssignment	0x2050	NoInlining	Assembly, Static, HideBySig	0x10044c4dc	0x9484e3d8	0x10258543c	0x10258543c	mapped	0x10258543c
System.Linq.Expressions	708	0x060002c5	System.Linq.Expressions.Strings	ExpressionTypeDoesNotMatchLabel	0x2050	NoInlining	Assembly, Static, HideBySig	0x10044c4e0	0x9484e3f4	0x1025854b0	0x1025854b0	mapped	0x1025854b0
System.Linq.Expressions	709	0x060002c6	System.Linq.Expressions.Strings	ExpressionTypeNotInvocable	0x2050	NoInlining	Assembly, Static, HideBySig	0x10044c4e4	0x9484e410	0x102585524	0x102585524	mapped	0x102585524
System.Linq.Expressions	710	0x060002c7	System.Linq.Expressions.Strings	InstanceFieldNotDefinedForType	0x2050	NoInlining	Assembly, Static, HideBySig	0x10044c4e8	0x9484e42a	0x102585590	0x102585590	mapped	0x102585590
System.Linq.Expressions	711	0x060002c8	System.Linq.Expressions.Strings	FieldInfoNotDefinedForType	0x2050	NoInlining	Assembly, Static, HideBySig	0x10044c4ec	0x9484e446	0x102585604	0x102585604	mapped	0x102585604
System.Linq.Expressions	712	0x060002c9	System.Linq.Expressions.Strings	MemberNotFieldOrProperty	0x2050	NoInlining	Assembly, Static, HideBySig	0x10044c4f0	0x9484e466	0x102585688	0x102585688	mapped	0x102585688
System.Linq.Expressions	713	0x060002ca	System.Linq.Expressions.Strings	MethodContainsGenericParameters	0x2050	NoInlining	Assembly, Static, HideBySig	0x10044c4f4	0x9484e480	0x1025856f4	0x1025856f4	mapped	0x1025856f4
System.Linq.Expressions	714	0x060002cb	System.Linq.Expressions.Strings	MethodIsGeneric	0x2050	NoInlining	Assembly, Static, HideBySig	0x10044c4f8	0x9484e49a	0x102585760	0x102585760	mapped	0x102585760
System.Linq.Expressions	715	0x060002cc	System.Linq.Expressions.Strings	PropertyDoesNotHaveAccessor	0x2050	NoInlining	Assembly, Static, HideBySig	0x10044c4fc	0x9484e4b4	0x1025857cc	0x1025857cc	mapped	0x1025857cc
System.Linq.Expressions	716	0x060002cd	System.Linq.Expressions.Strings	ParameterExpressionNotValidAsDelegate	0x2050	NoInlining	Assembly, Static, HideBySig	0x10044c500	0x9484e4ce	0x102585838	0x102585838	mapped	0x102585838
System.Linq.Expressions	717	0x060002ce	System.Linq.Expressions.Strings	PropertyNotDefinedForType	0x2050	NoInlining	Assembly, Static, HideBySig	0x10044c504	0x9484e4ea	0x1025858ac	0x1025858ac	mapped	0x1025858ac
System.Linq.Expressions	718	0x060002cf	System.Linq.Expressions.Strings	InstancePropertyNotDefinedForType	0x2050	NoInlining	Assembly, Static, HideBySig	0x10044c508	0x9484e506	0x102585920	0x102585920	mapped	0x102585920
System.Linq.Expressions	719	0x060002d0	System.Linq.Expressions.Strings	InstanceAndMethodTypeMismatch	0x2050	NoInlining	Assembly, Static, HideBySig	0x10044c50c	0x9484e522	0x102585994	0x102585994	mapped	0x102585994
System.Linq.Expressions	720	0x060002d1	System.Linq.Expressions.Strings	UnhandledBinary	0x2050	NoInlining	Assembly, Static, HideBySig	0x10044c510	0x9484e542	0x102585a18	0x102585a18	mapped	0x102585a18
System.Linq.Expressions	721	0x060002d2	System.Linq.Expressions.Strings	UnhandledUnary	0x2050	NoInlining	Assembly, Static, HideBySig	0x10044c514	0x9484e55c	0x102585a84	0x102585a84	mapped	0x102585a84
System.Linq.Expressions	722	0x060002d3	System.Linq.Expressions.Strings	UserDefinedOpMustHaveConsistentTypes	0x2050	NoInlining	Assembly, Static, HideBySig	0x10044c518	0x9484e576	0x102585af0	0x102585af0	mapped	0x102585af0
System.Linq.Expressions	723	0x060002d4	System.Linq.Expressions.Strings	UserDefinedOpMustHaveValidReturnType	0x2050	NoInlining	Assembly, Static, HideBySig	0x10044c51c	0x9484e592	0x102585b64	0x102585b64	mapped	0x102585b64
System.Linq.Expressions	724	0x060002d5	System.Linq.Expressions.Strings	LogicalOperatorMustHaveBooleanOperators	0x2050	NoInlining	Assembly, Static, HideBySig	0x10044c520	0x9484e5ae	0x102585bd8	0x102585bd8	mapped	0x102585bd8
System.Linq.Expressions	725	0x060002d6	System.Linq.Expressions.Strings	MethodWithArgsDoesNotExistOnType	0x2050	NoInlining	Assembly, Static, HideBySig	0x10044c524	0x9484e5ca	0x102585c4c	0x102585c4c	mapped	0x102585c4c
System.Linq.Expressions	726	0x060002d7	System.Linq.Expressions.Strings	GenericMethodWithArgsDoesNotExistOnType	0x2050	NoInlining	Assembly, Static, HideBySig	0x10044c528	0x9484e5e6	0x102585cc0	0x102585cc0	mapped	0x102585cc0
System.Linq.Expressions	727	0x060002d8	System.Linq.Expressions.Strings	MethodWithMoreThanOneMatch	0x2050	NoInlining	Assembly, Static, HideBySig	0x10044c52c	0x9484e602	0x102585d34	0x102585d34	mapped	0x102585d34
System.Linq.Expressions	728	0x060002d9	System.Linq.Expressions.Strings	LabelTargetAlreadyDefined	0x2050	NoInlining	Assembly, Static, HideBySig	0x10044c530	0x9484e61e	0x102585da8	0x102585da8	mapped	0x102585da8
System.Linq.Expressions	729	0x060002da	System.Linq.Expressions.Strings	LabelTargetUndefined	0x2050	NoInlining	Assembly, Static, HideBySig	0x10044c534	0x9484e638	0x102585e14	0x102585e14	mapped	0x102585e14
System.Linq.Expressions	730	0x060002db	System.Linq.Expressions.Strings	AmbiguousJump	0x2050	NoInlining	Assembly, Static, HideBySig	0x10044c538	0x9484e652	0x102585e80	0x102585e80	mapped	0x102585e80
System.Linq.Expressions	731	0x060002dc	System.Linq.Expressions.Strings	NonLocalJumpWithValue	0x2050	NoInlining	Assembly, Static, HideBySig	0x10044c53c	0x9484e66c	0x102585eec	0x102585eec	mapped	0x102585eec
System.Linq.Expressions	732	0x060002dd	System.Linq.Expressions.Strings	InvalidLvalue	0x2050	NoInlining	Assembly, Static, HideBySig	0x10044c540	0x9484e686	0x102585f58	0x102585f58	mapped	0x102585f58
System.Linq.Expressions	733	0x060002de	System.Linq.Expressions.Strings	MustRewriteToSameNode	0x2050	NoInlining	Assembly, Static, HideBySig	0x10044c544	0x9484e6a0	0x102585fc4	0x102585fc4	mapped	0x102585fc4
System.Linq.Expressions	734	0x060002df	System.Linq.Expressions.Strings	MustRewriteChildToSameType	0x2050	NoInlining	Assembly, Static, HideBySig	0x10044c548	0x9484e6c0	0x102586048	0x102586048	mapped	0x102586048
System.Linq.Expressions	735	0x060002e0	System.Linq.Expressions.Strings	MustRewriteWithoutMethod	0x2050	NoInlining	Assembly, Static, HideBySig	0x10044c54c	0x9484e6e0	0x1025860cc	0x1025860cc	mapped	0x1025860cc
System.Linq.Expressions	736	0x060002e1	System.Linq.Expressions.Strings	ExpressionTypeDoesNotMatchConstructorParameter	0x2050	NoInlining	Assembly, Static, HideBySig	0x10044c550	0x9484e6fc	0x102586140	0x102586140	mapped	0x102586140
System.Linq.Expressions	737	0x060002e2	System.Linq.Expressions.Strings	TypeContainsGenericParameters	0x2050	NoInlining	Assembly, Static, HideBySig	0x10044c554	0x9484e718	0x1025861b4	0x1025861b4	mapped	0x1025861b4
System.Linq.Expressions	738	0x060002e3	System.Linq.Expressions.Strings	TypeIsGeneric	0x2050	NoInlining	Assembly, Static, HideBySig	0x10044c558	0x9484e732	0x102586220	0x102586220	mapped	0x102586220
System.Linq.Expressions	739	0x060002e4	System.Linq.Expressions.Strings	ExpressionTypeDoesNotMatchMethodParameter	0x2050	NoInlining	Assembly, Static, HideBySig	0x10044c55c	0x9484e74c	0x10258628c	0x10258628c	mapped	0x10258628c
System.Linq.Expressions	740	0x060002e5	System.Linq.Expressions.Strings	ExpressionTypeDoesNotMatchParameter	0x2050	NoInlining	Assembly, Static, HideBySig	0x10044c560	0x9484e76c	0x102586310	0x102586310	mapped	0x102586310
System.Linq.Expressions	741	0x060002e6	System.Linq.Expressions.Strings	IncorrectNumberOfMethodCallArguments	0x2050	NoInlining	Assembly, Static, HideBySig	0x10044c564	0x9484e788	0x102586384	0x102586384	mapped	0x102586384
System.Linq.Expressions	742	0x060002e7	System.Linq.Expressions.SwitchCase	get_TestValues	0x2050	NoInlining	Public, HideBySig, SpecialName	0x10044c568	0x9484e7a2	0x1025863f0	0x1025863f0	mapped	0x1025863f0
System.Linq.Expressions	743	0x060002e8	System.Linq.Expressions.SwitchCase	get_Body	0x2050	NoInlining	Public, HideBySig, SpecialName	0x10044c56c	0x9484e7b3	0x102586438	0x102586438	mapped	0x102586438
System.Linq.Expressions	744	0x060002e9	System.Linq.Expressions.SwitchExpression	get_SwitchValue	0x2050	NoInlining	Public, HideBySig, SpecialName	0x10044c570	0x9484e7c4	0x102586480	0x102586480	mapped	0x102586480
System.Linq.Expressions	745	0x060002ea	System.Linq.Expressions.SwitchExpression	get_Cases	0x2050	NoInlining	Public, HideBySig, SpecialName	0x10044c574	0x9484e7d5	0x1025864c8	0x1025864c8	mapped	0x1025864c8
System.Linq.Expressions	746	0x060002eb	System.Linq.Expressions.SwitchExpression	get_DefaultBody	0x2050	NoInlining	Public, HideBySig, SpecialName	0x10044c578	0x9484e7e6	0x102586510	0x102586510	mapped	0x102586510
System.Linq.Expressions	747	0x060002ec	System.Linq.Expressions.SwitchExpression	get_Comparison	0x2050	NoInlining	Public, HideBySig, SpecialName	0x10044c57c	0x9484e7f7	0x102586558	0x102586558	mapped	0x102586558
System.Linq.Expressions	748	0x060002ed	System.Linq.Expressions.SymbolDocumentInfo	get_FileName	0x2050	NoInlining	Public, HideBySig, SpecialName	0x10044c580	0x9484e808	0x1025865a0	0x1025865a0	mapped	0x1025865a0
System.Linq.Expressions	749	0x060002ee	System.Linq.Expressions.TryExpression	get_Body	0x2050	NoInlining	Public, HideBySig, SpecialName	0x10044c584	0x9484e819	0x1025865e8	0x1025865e8	mapped	0x1025865e8
System.Linq.Expressions	750	0x060002ef	System.Linq.Expressions.TryExpression	get_Handlers	0x2050	NoInlining	Public, HideBySig, SpecialName	0x10044c588	0x9484e82a	0x102586630	0x102586630	mapped	0x102586630
System.Linq.Expressions	751	0x060002f0	System.Linq.Expressions.TryExpression	get_Finally	0x2050	NoInlining	Public, HideBySig, SpecialName	0x10044c58c	0x9484e83b	0x102586678	0x102586678	mapped	0x102586678
System.Linq.Expressions	752	0x060002f1	System.Linq.Expressions.TryExpression	get_Fault	0x2050	NoInlining	Public, HideBySig, SpecialName	0x10044c590	0x9484e84c	0x1025866c0	0x1025866c0	mapped	0x1025866c0
System.Linq.Expressions	753	0x060002f2	System.Linq.Expressions.TypeBinaryExpression	get_Expression	0x2050	NoInlining	Public, HideBySig, SpecialName	0x10044c594	0x9484e85d	0x102586708	0x102586708	mapped	0x102586708
System.Linq.Expressions	754	0x060002f3	System.Linq.Expressions.TypeBinaryExpression	get_TypeOperand	0x2050	NoInlining	Public, HideBySig, SpecialName	0x10044c598	0x9484e86e	0x102586750	0x102586750	mapped	0x102586750
System.Linq.Expressions	755	0x060002f4	System.Linq.Expressions.UnaryExpression	.ctor	0x2050	NoInlining	Assembly, HideBySig, SpecialName, RTSpecialName	0x10044c59c	0x9484e87f	0x102586798	0x102586798	mapped	0x102586798
System.Linq.Expressions	756	0x060002f5	System.Linq.Expressions.UnaryExpression	get_Type	0x2050	NoInlining	Public, Final, Virtual, HideBySig, SpecialName	0x10044c5a0	0x9484e899	0x102586804	0x102586804	mapped	0x102586804
System.Linq.Expressions	757	0x060002f6	System.Linq.Expressions.UnaryExpression	get_NodeType	0x2050	NoInlining	Public, Final, Virtual, HideBySig, SpecialName	0x10044c5a4	0x9484e8a1	0x102586828	0x102586828	mapped	0x102586828
System.Linq.Expressions	758	0x060002f7	System.Linq.Expressions.UnaryExpression	get_Operand	0x2050	NoInlining	Public, HideBySig, SpecialName	0x10044c5a8	0x9484e8a9	0x10258684c	0x10258684c	mapped	0x10258684c
System.Linq.Expressions	759	0x060002f8	System.Linq.Expressions.UnaryExpression	get_Method	0x2050	NoInlining	Public, HideBySig, SpecialName	0x10044c5ac	0x9484e8b1	0x102586870	0x102586870	mapped	0x102586870
System.Linq.Expressions	760	0x060002f9	System.Linq.Expressions.UnaryExpression	get_IsLifted	0x2050	NoInlining	Public, HideBySig, SpecialName	0x10044c5b0	0x9484e8b9	0x102586894	0x102586894	mapped	0x102586894
System.Linq.Expressions	761	0x060002fa	System.Linq.Expressions.UnaryExpression	get_IsLiftedToNull	0x2050	NoInlining	Public, HideBySig, SpecialName	0x10044c5b4	0x9484e928	0x102586a54	0x102586a54	mapped	0x102586a54
System.Linq.Expressions	762	0x060002fb	System.Linq.Expressions.UnaryExpression	Accept	0x2050	NoInlining	FamORAssem, Final, Virtual, HideBySig	0x10044c5b8	0x9484e943	0x102586ac4	0x102586ac4	mapped	0x102586ac4
System.Linq.Expressions	763	0x060002fc	System.Linq.Expressions.UnaryExpression	get_CanReduce	0x2050	NoInlining	Public, Final, Virtual, HideBySig, SpecialName	0x10044c5bc	0x9484e95a	0x102586b24	0x102586b24	mapped	0x102586b24
System.Linq.Expressions	764	0x060002fd	System.Linq.Expressions.UnaryExpression	Reduce	0x2050	NoInlining	Public, Final, Virtual, HideBySig	0x10044c5c0	0x9484e972	0x102586b88	0x102586b88	mapped	0x102586b88
System.Linq.Expressions	765	0x060002fe	System.Linq.Expressions.UnaryExpression	get_IsPrefix	0x2050	NoInlining	Private, HideBySig, SpecialName	0x10044c5c4	0x9484e99e	0x102586c3c	0x102586c3c	mapped	0x102586c3c
System.Linq.Expressions	766	0x060002ff	System.Linq.Expressions.UnaryExpression	FunctionalOp	0x2050	NoInlining	Private, HideBySig	0x10044c5c8	0x9484e9bd	0x102586cbc	0x102586cbc	mapped	0x102586cbc
System.Linq.Expressions	767	0x06000300	System.Linq.Expressions.UnaryExpression	ReduceVariable	0x2050	NoInlining	Private, HideBySig	0x10044c5cc	0x9484ea08	0x102586dec	0x102586dec	mapped	0x102586dec
System.Linq.Expressions	768	0x06000301	System.Linq.Expressions.UnaryExpression	ReduceMember	0x2050	NoInlining	Private, HideBySig	0x10044c5d0	0x9484ea84	0x102586fe0	0x102586fe0	mapped	0x102586fe0
System.Linq.Expressions	769	0x06000302	System.Linq.Expressions.UnaryExpression	ReduceIndex	0x2050	NoInlining	Private, HideBySig	0x10044c5d4	0x9484eb67	0x102587370	0x102587370	mapped	0x102587370
System.Linq.Expressions	770	0x06000303	System.Linq.Expressions.UnaryExpression	Update	0x2050	NoInlining	Public, HideBySig	0x10044c5d8	0x9484ec7e	0x1025877d0	0x1025877d0	mapped	0x1025877d0
System.Linq.Expressions	771	0x06000304	System.Linq.Expressions.Utils	GetStrongBoxValueField	0x2050	NoInlining	Public, Static, HideBySig	0x10044c5dc	0x9484eca5	0x102587870	0x102587870	mapped	0x102587870
System.Linq.Expressions	772	0x06000305	System.Linq.Expressions.Utils	.cctor	0x2050	NoInlining	Private, Static, HideBySig, SpecialName, RTSpecialName	0x10044c5e0	0x9484ecbf	0x1025878dc	0x1025878dc	mapped	0x1025878dc
System.Linq.Expressions	773	0x06000306	System.Linq.Expressions.StackGuard	TryEnterOnCurrentStack	0x2050	NoInlining	Public, HideBySig	0x10044c5e4	0x9484ee0b	0x102587e10	0x102587e10	mapped	0x102587e10
System.Linq.Expressions	774	0x06000307	System.Linq.Expressions.StackGuard	RunOnEmptyStack	0x2050	NoInlining	Public, HideBySig	0x10044c5e8	0x9484ee29	0x102587e8c	0x102587e8c	mapped	0x102587e8c
System.Linq.Expressions	775	0x06000308	System.Linq.Expressions.StackGuard	RunOnEmptyStackCore	0x2050	NoInlining	Private, HideBySig	0x10044c5ec	0x9484eeb9	0x1025880d0	0x1025880d0	mapped	0x1025880d0
System.Linq.Expressions	776	0x06000309	System.Linq.Expressions.StackGuard	.ctor	0x2050	NoInlining	Public, HideBySig, SpecialName, RTSpecialName	0x10044c5f0	0x9484ef4a	0x102588318	0x102588318	mapped	0x102588318
System.Linq.Expressions	777	0x0600030a	System.Linq.Expressions.StackGuard+<>c__3`2	.cctor	0x2050	NoInlining	Private, Static, HideBySig, SpecialName, RTSpecialName	0x10044c5f4	0x9484ef4a	0x10258831c	0x10258831c	mapped	0x10258831c
System.Linq.Expressions	778	0x0600030b	System.Linq.Expressions.StackGuard+<>c__3`2	.ctor	0x2050	NoInlining	Public, HideBySig, SpecialName, RTSpecialName	0x10044c5f8	0x9484ef77	0x1025883d4	0x1025883d4	mapped	0x1025883d4
System.Linq.Expressions	779	0x0600030c	System.Linq.Expressions.StackGuard+<>c__3`2	<RunOnEmptyStack>b__3_0	0x2050	NoInlining	Assembly, HideBySig	0x10044c5fc	0x9484ef88	0x10258841c	0x10258841c	mapped	0x10258841c
System.Linq.Expressions	780	0x0600030d	System.Linq.Expressions.Interpreter.AddInstruction	get_ConsumedStack	0x2050	NoInlining	Public, Final, Virtual, HideBySig, SpecialName	0x10044c600	0x9484efc9	0x102588524	0x102588524	mapped	0x102588524
System.Linq.Expressions	781	0x0600030e	System.Linq.Expressions.Interpreter.AddInstruction	get_ProducedStack	0x2050	NoInlining	Public, Final, Virtual, HideBySig, SpecialName	0x10044c604	0x9484efca	0x10258852c	0x10258852c	mapped	0x10258852c
System.Linq.Expressions	782	0x0600030f	System.Linq.Expressions.Interpreter.AddInstruction	get_InstructionName	0x2050	NoInlining	Public, Final, Virtual, HideBySig, SpecialName	0x10044c608	0x9484efcb	0x102588534	0x102588534	mapped	0x102588534
System.Linq.Expressions	783	0x06000310	System.Linq.Expressions.Interpreter.AddInstruction	.ctor	0x2050	NoInlining	Private, HideBySig, SpecialName, RTSpecialName	0x10044c60c	0x9484efda	0x102588574	0x102588574	mapped	0x102588574
System.Linq.Expressions	784	0x06000311	System.Linq.Expressions.Interpreter.AddInstruction	Create	0x2050	NoInlining	Public, Static, HideBySig	0x10044c610	0x9484efda	0x102588578	0x102588578	mapped	0x102588578
System.Linq.Expressions	785	0x06000312	System.Linq.Expressions.Interpreter.AddInstruction+AddInt16	Run	0x2050	NoInlining	Public, Final, Virtual, HideBySig	0x10044c614	0x9484f045	0x102588728	0x102588728	mapped	0x102588728
System.Linq.Expressions	786	0x06000313	System.Linq.Expressions.Interpreter.AddInstruction+AddInt16	.ctor	0x2050	NoInlining	Public, HideBySig, SpecialName, RTSpecialName	0x10044c618	0x9484f0ae	0x1025888d0	0x1025888d0	mapped	0x1025888d0
System.Linq.Expressions	787	0x06000314	System.Linq.Expressions.Interpreter.AddInstruction+AddInt32	Run	0x2050	NoInlining	Public, Final, Virtual, HideBySig	0x10044c61c	0x9484f0ae	0x1025888d4	0x1025888d4	mapped	0x1025888d4
System.Linq.Expressions	788	0x06000315	System.Linq.Expressions.Interpreter.AddInstruction+AddInt32	.ctor	0x2050	NoInlining	Public, HideBySig, SpecialName, RTSpecialName	0x10044c620	0x9484f111	0x102588a64	0x102588a64	mapped	0x102588a64
System.Linq.Expressions	789	0x06000316	System.Linq.Expressions.Interpreter.AddInstruction+AddInt64	Run	0x2050	NoInlining	Public, Final, Virtual, HideBySig	0x10044c624	0x9484f111	0x102588a68	0x102588a68	mapped	0x102588a68
System.Linq.Expressions	790	0x06000317	System.Linq.Expressions.Interpreter.AddInstruction+AddInt64	.ctor	0x2050	NoInlining	Public, HideBySig, SpecialName, RTSpecialName	0x10044c628	0x9484f17a	0x102588c10	0x102588c10	mapped	0x102588c10
System.Linq.Expressions	791	0x06000318	System.Linq.Expressions.Interpreter.AddInstruction+AddUInt16	Run	0x2050	NoInlining	Public, Final, Virtual, HideBySig	0x10044c62c	0x9484f17a	0x102588c14	0x102588c14	mapped	0x102588c14
System.Linq.Expressions	792	0x06000319	System.Linq.Expressions.Interpreter.AddInstruction+AddUInt16	.ctor	0x2050	NoInlining	Public, HideBySig, SpecialName, RTSpecialName	0x10044c630	0x9484f1e3	0x102588dbc	0x102588dbc	mapped	0x102588dbc
System.Linq.Expressions	793	0x0600031a	System.Linq.Expressions.Interpreter.AddInstruction+AddUInt32	Run	0x2050	NoInlining	Public, Final, Virtual, HideBySig	0x10044c634	0x9484f1e3	0x102588dc0	0x102588dc0	mapped	0x102588dc0
System.Linq.Expressions	794	0x0600031b	System.Linq.Expressions.Interpreter.AddInstruction+AddUInt32	.ctor	0x2050	NoInlining	Public, HideBySig, SpecialName, RTSpecialName	0x10044c638	0x9484f24c	0x102588f68	0x102588f68	mapped	0x102588f68
System.Linq.Expressions	795	0x0600031c	System.Linq.Expressions.Interpreter.AddInstruction+AddUInt64	Run	0x2050	NoInlining	Public, Final, Virtual, HideBySig	0x10044c63c	0x9484f24c	0x102588f6c	0x102588f6c	mapped	0x102588f6c
System.Linq.Expressions	796	0x0600031d	System.Linq.Expressions.Interpreter.AddInstruction+AddUInt64	.ctor	0x2050	NoInlining	Public, HideBySig, SpecialName, RTSpecialName	0x10044c640	0x9484f2b5	0x102589114	0x102589114	mapped	0x102589114
System.Linq.Expressions	797	0x0600031e	System.Linq.Expressions.Interpreter.AddInstruction+AddSingle	Run	0x2050	NoInlining	Public, Final, Virtual, HideBySig	0x10044c644	0x9484f2b5	0x102589118	0x102589118	mapped	0x102589118
System.Linq.Expressions	798	0x0600031f	System.Linq.Expressions.Interpreter.AddInstruction+AddSingle	.ctor	0x2050	NoInlining	Public, HideBySig, SpecialName, RTSpecialName	0x10044c648	0x9484f31e	0x1025892c0	0x1025892c0	mapped	0x1025892c0
System.Linq.Expressions	799	0x06000320	System.Linq.Expressions.Interpreter.AddInstruction+AddDouble	Run	0x2050	NoInlining	Public, Final, Virtual, HideBySig	0x10044c64c	0x9484f31e	0x1025892c4	0x1025892c4	mapped	0x1025892c4
System.Linq.Expressions	800	0x06000321	System.Linq.Expressions.Interpreter.AddInstruction+AddDouble	.ctor	0x2050	NoInlining	Public, HideBySig, SpecialName, RTSpecialName	0x10044c650	0x9484f387	0x10258946c	0x10258946c	mapped	0x10258946c
System.Linq.Expressions	801	0x06000322	System.Linq.Expressions.Interpreter.AddOvfInstruction	get_ConsumedStack	0x2050	NoInlining	Public, Final, Virtual, HideBySig, SpecialName	0x10044c654	0x9484f387	0x102589470	0x102589470	mapped	0x102589470
System.Linq.Expressions	802	0x06000323	System.Linq.Expressions.Interpreter.AddOvfInstruction	get_ProducedStack	0x2050	NoInlining	Public, Final, Virtual, HideBySig, SpecialName	0x10044c658	0x9484f388	0x102589478	0x102589478	mapped	0x102589478
System.Linq.Expressions	803	0x06000324	System.Linq.Expressions.Interpreter.AddOvfInstruction	get_InstructionName	0x2050	NoInlining	Public, Final, Virtual, HideBySig, SpecialName	0x10044c65c	0x9484f389	0x102589480	0x102589480	mapped	0x102589480
System.Linq.Expressions	804	0x06000325	System.Linq.Expressions.Interpreter.AddOvfInstruction	.ctor	0x2050	NoInlining	Private, HideBySig, SpecialName, RTSpecialName	0x10044c660	0x9484f398	0x1025894c0	0x1025894c0	mapped	0x1025894c0
System.Linq.Expressions	805	0x06000326	System.Linq.Expressions.Interpreter.AddOvfInstruction	Create	0x2050	NoInlining	Public, Static, HideBySig	0x10044c664	0x9484f398	0x1025894c4	0x1025894c4	mapped	0x1025894c4
System.Linq.Expressions	806	0x06000327	System.Linq.Expressions.Interpreter.AddOvfInstruction+AddOvfInt16	Run	0x2050	NoInlining	Public, Final, Virtual, HideBySig	0x10044c668	0x9484f3fb	0x102589654	0x102589654	mapped	0x102589654
System.Linq.Expressions	807	0x06000328	System.Linq.Expressions.Interpreter.AddOvfInstruction+AddOvfInt16	.ctor	0x2050	NoInlining	Public, HideBySig, SpecialName, RTSpecialName	0x10044c66c	0x9484f471	0x102589830	0x102589830	mapped	0x102589830
System.Linq.Expressions	808	0x06000329	System.Linq.Expressions.Interpreter.AddOvfInstruction+AddOvfInt32	Run	0x2050	NoInlining	Public, Final, Virtual, HideBySig	0x10044c670	0x9484f471	0x102589834	0x102589834	mapped	0x102589834
System.Linq.Expressions	809	0x0600032a	System.Linq.Expressions.Interpreter.AddOvfInstruction+AddOvfInt32	.ctor	0x2050	NoInlining	Public, HideBySig, SpecialName, RTSpecialName	0x10044c674	0x9484f4da	0x1025899dc	0x1025899dc	mapped	0x1025899dc
System.Linq.Expressions	810	0x0600032b	System.Linq.Expressions.Interpreter.AddOvfInstruction+AddOvfInt64	Run	0x2050	NoInlining	Public, Final, Virtual, HideBySig	0x10044c678	0x9484f4da	0x1025899e0	0x1025899e0	mapped	0x1025899e0
System.Linq.Expressions	811	0x0600032c	System.Linq.Expressions.Interpreter.AddOvfInstruction+AddOvfInt64	.ctor	0x2050	NoInlining	Public, HideBySig, SpecialName, RTSpecialName	0x10044c67c	0x9484f549	0x102589ba0	0x102589ba0	mapped	0x102589ba0
System.Linq.Expressions	812	0x0600032d	System.Linq.Expressions.Interpreter.AddOvfInstruction+AddOvfUInt16	Run	0x2050	NoInlining	Public, Final, Virtual, HideBySig	0x10044c680	0x9484f549	0x102589ba4	0x102589ba4	mapped	0x102589ba4
System.Linq.Expressions	813	0x0600032e	System.Linq.Expressions.Interpreter.AddOvfInstruction+AddOvfUInt16	.ctor	0x2050	NoInlining	Public, HideBySig, SpecialName, RTSpecialName	0x10044c684	0x9484f5b9	0x102589d68	0x102589d68	mapped	0x102589d68
System.Linq.Expressions	814	0x0600032f	System.Linq.Expressions.Interpreter.AddOvfInstruction+AddOvfUInt32	Run	0x2050	NoInlining	Public, Final, Virtual, HideBySig	0x10044c688	0x9484f5b9	0x102589d6c	0x102589d6c	mapped	0x102589d6c
System.Linq.Expressions	815	0x06000330	System.Linq.Expressions.Interpreter.AddOvfInstruction+AddOvfUInt32	.ctor	0x2050	NoInlining	Public, HideBySig, SpecialName, RTSpecialName	0x10044c68c	0x9484f628	0x102589f2c	0x102589f2c	mapped	0x102589f2c
System.Linq.Expressions	816	0x06000331	System.Linq.Expressions.Interpreter.AddOvfInstruction+AddOvfUInt64	Run	0x2050	NoInlining	Public, Final, Virtual, HideBySig	0x10044c690	0x9484f628	0x102589f30	0x102589f30	mapped	0x102589f30
System.Linq.Expressions	817	0x06000332	System.Linq.Expressions.Interpreter.AddOvfInstruction+AddOvfUInt64	.ctor	0x2050	NoInlining	Public, HideBySig, SpecialName, RTSpecialName	0x10044c694	0x9484f697	0x10258a0f0	0x10258a0f0	mapped	0x10258a0f0
System.Linq.Expressions	818	0x06000333	System.Linq.Expressions.Interpreter.AndInstruction	get_ConsumedStack	0x2050	NoInlining	Public, Final, Virtual, HideBySig, SpecialName	0x10044c698	0x9484f697	0x10258a0f4	0x10258a0f4	mapped	0x10258a0f4
System.Linq.Expressions	819	0x06000334	System.Linq.Expressions.Interpreter.AndInstruction	get_ProducedStack	0x2050	NoInlining	Public, Final, Virtual, HideBySig, SpecialName	0x10044c69c	0x9484f698	0x10258a0fc	0x10258a0fc	mapped	0x10258a0fc
System.Linq.Expressions	820	0x06000335	System.Linq.Expressions.Interpreter.AndInstruction	get_InstructionName	0x2050	NoInlining	Public, Final, Virtual, HideBySig, SpecialName	0x10044c6a0	0x9484f699	0x10258a104	0x10258a104	mapped	0x10258a104
System.Linq.Expressions	821	0x06000336	System.Linq.Expressions.Interpreter.AndInstruction	.ctor	0x2050	NoInlining	Private, HideBySig, SpecialName, RTSpecialName	0x10044c6a4	0x9484f6a8	0x10258a144	0x10258a144	mapped	0x10258a144
System.Linq.Expressions	822	0x06000337	System.Linq.Expressions.Interpreter.AndInstruction	Create	0x2050	NoInlining	Public, Static, HideBySig	0x10044c6a8	0x9484f6a8	0x10258a148	0x10258a148	mapped	0x10258a148
System.Linq.Expressions	823	0x06000338	System.Linq.Expressions.Interpreter.AndInstruction+AndSByte	Run	0x2050	NoInlining	Public, Final, Virtual, HideBySig	0x10044c6ac	0x9484f71b	0x10258a318	0x10258a318	mapped	0x10258a318
System.Linq.Expressions	824	0x06000339	System.Linq.Expressions.Interpreter.AndInstruction+AndSByte	.ctor	0x2050	NoInlining	Public, HideBySig, SpecialName, RTSpecialName	0x10044c6b0	0x9484f77e	0x10258a4a8	0x10258a4a8	mapped	0x10258a4a8
System.Linq.Expressions	825	0x0600033a	System.Linq.Expressions.Interpreter.AndInstruction+AndInt16	Run	0x2050	NoInlining	Public, Final, Virtual, HideBySig	0x10044c6b4	0x9484f77e	0x10258a4ac	0x10258a4ac	mapped	0x10258a4ac
System.Linq.Expressions	826	0x0600033b	System.Linq.Expressions.Interpreter.AndInstruction+AndInt16	.ctor	0x2050	NoInlining	Public, HideBySig, SpecialName, RTSpecialName	0x10044c6b8	0x9484f7e1	0x10258a63c	0x10258a63c	mapped	0x10258a63c
System.Linq.Expressions	827	0x0600033c	System.Linq.Expressions.Interpreter.AndInstruction+AndInt32	Run	0x2050	NoInlining	Public, Final, Virtual, HideBySig	0x10044c6bc	0x9484f7e1	0x10258a640	0x10258a640	mapped	0x10258a640
System.Linq.Expressions	828	0x0600033d	System.Linq.Expressions.Interpreter.AndInstruction+AndInt32	.ctor	0x2050	NoInlining	Public, HideBySig, SpecialName, RTSpecialName	0x10044c6c0	0x9484f844	0x10258a7d0	0x10258a7d0	mapped	0x10258a7d0
System.Linq.Expressions	829	0x0600033e	System.Linq.Expressions.Interpreter.AndInstruction+AndInt64	Run	0x2050	NoInlining	Public, Final, Virtual, HideBySig	0x10044c6c4	0x9484f844	0x10258a7d4	0x10258a7d4	mapped	0x10258a7d4
System.Linq.Expressions	830	0x0600033f	System.Linq.Expressions.Interpreter.AndInstruction+AndInt64	.ctor	0x2050	NoInlining	Public, HideBySig, SpecialName, RTSpecialName	0x10044c6c8	0x9484f8b3	0x10258a994	0x10258a994	mapped	0x10258a994
System.Linq.Expressions	831	0x06000340	System.Linq.Expressions.Interpreter.AndInstruction+AndByte	Run	0x2050	NoInlining	Public, Final, Virtual, HideBySig	0x10044c6cc	0x9484f8b3	0x10258a998	0x10258a998	mapped	0x10258a998
System.Linq.Expressions	832	0x06000341	System.Linq.Expressions.Interpreter.AndInstruction+AndByte	.ctor	0x2050	NoInlining	Public, HideBySig, SpecialName, RTSpecialName	0x10044c6d0	0x9484f916	0x10258ab28	0x10258ab28	mapped	0x10258ab28
System.Linq.Expressions	833	0x06000342	System.Linq.Expressions.Interpreter.AndInstruction+AndUInt16	Run	0x2050	NoInlining	Public, Final, Virtual, HideBySig	0x10044c6d4	0x9484f916	0x10258ab2c	0x10258ab2c	mapped	0x10258ab2c
System.Linq.Expressions	834	0x06000343	System.Linq.Expressions.Interpreter.AndInstruction+AndUInt16	.ctor	0x2050	NoInlining	Public, HideBySig, SpecialName, RTSpecialName	0x10044c6d8	0x9484f979	0x10258acbc	0x10258acbc	mapped	0x10258acbc
System.Linq.Expressions	835	0x06000344	System.Linq.Expressions.Interpreter.AndInstruction+AndUInt32	Run	0x2050	NoInlining	Public, Final, Virtual, HideBySig	0x10044c6dc	0x9484f979	0x10258acc0	0x10258acc0	mapped	0x10258acc0
System.Linq.Expressions	836	0x06000345	System.Linq.Expressions.Interpreter.AndInstruction+AndUInt32	.ctor	0x2050	NoInlining	Public, HideBySig, SpecialName, RTSpecialName	0x10044c6e0	0x9484f9e8	0x10258ae80	0x10258ae80	mapped	0x10258ae80
System.Linq.Expressions	837	0x06000346	System.Linq.Expressions.Interpreter.AndInstruction+AndUInt64	Run	0x2050	NoInlining	Public, Final, Virtual, HideBySig	0x10044c6e4	0x9484f9e8	0x10258ae84	0x10258ae84	mapped	0x10258ae84
System.Linq.Expressions	838	0x06000347	System.Linq.Expressions.Interpreter.AndInstruction+AndUInt64	.ctor	0x2050	NoInlining	Public, HideBySig, SpecialName, RTSpecialName	0x10044c6e8	0x9484fa57	0x10258b044	0x10258b044	mapped	0x10258b044
System.Linq.Expressions	839	0x06000348	System.Linq.Expressions.Interpreter.AndInstruction+AndBoolean	Run	0x2050	NoInlining	Public, Final, Virtual, HideBySig	0x10044c6ec	0x9484fa57	0x10258b048	0x10258b048	mapped	0x10258b048
System.Linq.Expressions	840	0x06000349	System.Linq.Expressions.Interpreter.AndInstruction+AndBoolean	.ctor	0x2050	NoInlining	Public, HideBySig, SpecialName, RTSpecialName	0x10044c6f0	0x9484fae2	0x10258b278	0x10258b278	mapped	0x10258b278
System.Linq.Expressions	841	0x0600034a	System.Linq.Expressions.Interpreter.NewArrayInitInstruction	.ctor	0x2050	NoInlining	Assembly, HideBySig, SpecialName, RTSpecialName	0x10044c6f4	0x9484fae2	0x10258b27c	0x10258b27c	mapped	0x10258b27c
System.Linq.Expressions	842	0x0600034b	System.Linq.Expressions.Interpreter.NewArrayInitInstruction	get_ConsumedStack	0x2050	NoInlining	Public, Final, Virtual, HideBySig, SpecialName	0x10044c6f8	0x9484faf2	0x10258b2c0	0x10258b2c0	mapped	0x10258b2c0
System.Linq.Expressions	843	0x0600034c	System.Linq.Expressions.Interpreter.NewArrayInitInstruction	get_ProducedStack	0x2050	NoInlining	Public, Final, Virtual, HideBySig, SpecialName	0x10044c6fc	0x9484fafa	0x10258b2e4	0x10258b2e4	mapped	0x10258b2e4
System.Linq.Expressions	844	0x0600034d	System.Linq.Expressions.Interpreter.NewArrayInitInstruction	get_InstructionName	0x2050	NoInlining	Public, Final, Virtual, HideBySig, SpecialName	0x10044c700	0x9484fafb	0x10258b2ec	0x10258b2ec	mapped	0x10258b2ec
System.Linq.Expressions	845	0x0600034e	System.Linq.Expressions.Interpreter.NewArrayInitInstruction	Run	0x2050	NoInlining	Public, Final, Virtual, HideBySig	0x10044c704	0x9484fb0a	0x10258b32c	0x10258b32c	mapped	0x10258b32c
System.Linq.Expressions	846	0x0600034f	System.Linq.Expressions.Interpreter.NewArrayInstruction	.ctor	0x2050	NoInlining	Assembly, HideBySig, SpecialName, RTSpecialName	0x10044c708	0x9484fb59	0x10258b46c	0x10258b46c	mapped	0x10258b46c
System.Linq.Expressions	847	0x06000350	System.Linq.Expressions.Interpreter.NewArrayInstruction	get_ConsumedStack	0x2050	NoInlining	Public, Final, Virtual, HideBySig, SpecialName	0x10044c70c	0x9484fb68	0x10258b4ac	0x10258b4ac	mapped	0x10258b4ac
System.Linq.Expressions	848	0x06000351	System.Linq.Expressions.Interpreter.NewArrayInstruction	get_ProducedStack	0x2050	NoInlining	Public, Final, Virtual, HideBySig, SpecialName	0x10044c710	0x9484fb69	0x10258b4b4	0x10258b4b4	mapped	0x10258b4b4
System.Linq.Expressions	849	0x06000352	System.Linq.Expressions.Interpreter.NewArrayInstruction	get_InstructionName	0x2050	NoInlining	Public, Final, Virtual, HideBySig, SpecialName	0x10044c714	0x9484fb6a	0x10258b4bc	0x10258b4bc	mapped	0x10258b4bc
System.Linq.Expressions	850	0x06000353	System.Linq.Expressions.Interpreter.NewArrayInstruction	Run	0x2050	NoInlining	Public, Final, Virtual, HideBySig	0x10044c718	0x9484fb79	0x10258b4fc	0x10258b4fc	mapped	0x10258b4fc
System.Linq.Expressions	851	0x06000354	System.Linq.Expressions.Interpreter.NewArrayBoundsInstruction	.ctor	0x2050	NoInlining	Assembly, HideBySig, SpecialName, RTSpecialName	0x10044c71c	0x9484fbc0	0x10258b61c	0x10258b61c	mapped	0x10258b61c
System.Linq.Expressions	852	0x06000355	System.Linq.Expressions.Interpreter.NewArrayBoundsInstruction	get_ConsumedStack	0x2050	NoInlining	Public, Final, Virtual, HideBySig, SpecialName	0x10044c720	0x9484fbd0	0x10258b660	0x10258b660	mapped	0x10258b660
System.Linq.Expressions	853	0x06000356	System.Linq.Expressions.Interpreter.NewArrayBoundsInstruction	get_ProducedStack	0x2050	NoInlining	Public, Final, Virtual, HideBySig, SpecialName	0x10044c724	0x9484fbd8	0x10258b684	0x10258b684	mapped	0x10258b684
System.Linq.Expressions	854	0x06000357	System.Linq.Expressions.Interpreter.NewArrayBoundsInstruction	get_InstructionName	0x2050	NoInlining	Public, Final, Virtual, HideBySig, SpecialName	0x10044c728	0x9484fbd9	0x10258b68c	0x10258b68c	mapped	0x10258b68c
System.Linq.Expressions	855	0x06000358	System.Linq.Expressions.Interpreter.NewArrayBoundsInstruction	Run	0x2050	NoInlining	Public, Final, Virtual, HideBySig	0x10044c72c	0x9484fbe8	0x10258b6cc	0x10258b6cc	mapped	0x10258b6cc
System.Linq.Expressions	856	0x06000359	System.Linq.Expressions.Interpreter.GetArrayItemInstruction	.ctor	0x2050	NoInlining	Private, HideBySig, SpecialName, RTSpecialName	0x10044c730	0x9484fc4e	0x10258b868	0x10258b868	mapped	0x10258b868
System.Linq.Expressions	857	0x0600035a	System.Linq.Expressions.Interpreter.GetArrayItemInstruction	get_ConsumedStack	0x2050	NoInlining	Public, Final, Virtual, HideBySig, SpecialName	0x10044c734	0x9484fc5b	0x10258b8a0	0x10258b8a0	mapped	0x10258b8a0
System.Linq.Expressions	858	0x0600035b	System.Linq.Expressions.Interpreter.GetArrayItemInstruction	get_ProducedStack	0x2050	NoInlining	Public, Final, Virtual, HideBySig, SpecialName	0x10044c738	0x9484fc5c	0x10258b8a8	0x10258b8a8	mapped	0x10258b8a8
System.Linq.Expressions	859	0x0600035c	System.Linq.Expressions.Interpreter.GetArrayItemInstruction	get_InstructionName	0x2050	NoInlining	Public, Final, Virtual, HideBySig, SpecialName	0x10044c73c	0x9484fc5d	0x10258b8b0	0x10258b8b0	mapped	0x10258b8b0
System.Linq.Expressions	860	0x0600035d	System.Linq.Expressions.Interpreter.GetArrayItemInstruction	Run	0x2050	NoInlining	Public, Final, Virtual, HideBySig	0x10044c740	0x9484fc6c	0x10258b8f0	0x10258b8f0	mapped	0x10258b8f0
System.Linq.Expressions	861	0x0600035e	System.Linq.Expressions.Interpreter.GetArrayItemInstruction	.cctor	0x2050	NoInlining	Private, Static, HideBySig, SpecialName, RTSpecialName	0x10044c744	0x9484fcca	0x10258ba6c	0x10258ba6c	mapped	0x10258ba6c
System.Linq.Expressions	862	0x0600035f	System.Linq.Expressions.Interpreter.SetArrayItemInstruction	.ctor	0x2050	NoInlining	Private, HideBySig, SpecialName, RTSpecialName	0x10044c748	0x9484fce5	0x10258badc	0x10258badc	mapped	0x10258badc
System.Linq.Expressions	863	0x06000360	System.Linq.Expressions.Interpreter.SetArrayItemInstruction	get_ConsumedStack	0x2050	NoInlining	Public, Final, Virtual, HideBySig, SpecialName	0x10044c74c	0x9484fcf2	0x10258bb14	0x10258bb14	mapped	0x10258bb14
System.Linq.Expressions	864	0x06000361	System.Linq.Expressions.Interpreter.SetArrayItemInstruction	get_InstructionName	0x2050	NoInlining	Public, Final, Virtual, HideBySig, SpecialName	0x10044c750	0x9484fcf3	0x10258bb1c	0x10258bb1c	mapped	0x10258bb1c
System.Linq.Expressions	865	0x06000362	System.Linq.Expressions.Interpreter.SetArrayItemInstruction	Run	0x2050	NoInlining	Public, Final, Virtual, HideBySig	0x10044c754	0x9484fd02	0x10258bb5c	0x10258bb5c	mapped	0x10258bb5c
System.Linq.Expressions	866	0x06000363	System.Linq.Expressions.Interpreter.SetArrayItemInstruction	.cctor	0x2050	NoInlining	Private, Static, HideBySig, SpecialName, RTSpecialName	0x10044c758	0x9484fd5d	0x10258bccc	0x10258bccc	mapped	0x10258bccc
System.Linq.Expressions	867	0x06000364	System.Linq.Expressions.Interpreter.ArrayLengthInstruction	get_ConsumedStack	0x2050	NoInlining	Public, Final, Virtual, HideBySig, SpecialName	0x10044c75c	0x9484fd78	0x10258bd3c	0x10258bd3c	mapped	0x10258bd3c
System.Linq.Expressions	868	0x06000365	System.Linq.Expressions.Interpreter.ArrayLengthInstruction	get_ProducedStack	0x2050	NoInlining	Public, Final, Virtual, HideBySig, SpecialName	0x10044c760	0x9484fd79	0x10258bd44	0x10258bd44	mapped	0x10258bd44
System.Linq.Expressions	869	0x06000366	System.Linq.Expressions.Interpreter.ArrayLengthInstruction	get_InstructionName	0x2050	NoInlining	Public, Final, Virtual, HideBySig, SpecialName	0x10044c764	0x9484fd7a	0x10258bd4c	0x10258bd4c	mapped	0x10258bd4c
System.Linq.Expressions	870	0x06000367	System.Linq.Expressions.Interpreter.ArrayLengthInstruction	.ctor	0x2050	NoInlining	Private, HideBySig, SpecialName, RTSpecialName	0x10044c768	0x9484fd89	0x10258bd8c	0x10258bd8c	mapped	0x10258bd8c
System.Linq.Expressions	871	0x06000368	System.Linq.Expressions.Interpreter.ArrayLengthInstruction	Run	0x2050	NoInlining	Public, Final, Virtual, HideBySig	0x10044c76c	0x9484fd96	0x10258bdc4	0x10258bdc4	mapped	0x10258bdc4
System.Linq.Expressions	872	0x06000369	System.Linq.Expressions.Interpreter.ArrayLengthInstruction	.cctor	0x2050	NoInlining	Private, Static, HideBySig, SpecialName, RTSpecialName	0x10044c770	0x9484fdd8	0x10258bed0	0x10258bed0	mapped	0x10258bed0
System.Linq.Expressions	873	0x0600036a	System.Linq.Expressions.Interpreter.ConvertHelper	ToInt32NoNull	0x2050	NoInlining	Public, Static, HideBySig	0x10044c774	0x9484fdf3	0x10258bf40	0x10258bf40	mapped	0x10258bf40
System.Linq.Expressions	874	0x0600036b	System.Linq.Expressions.Interpreter.RuntimeLabel	.ctor	0x2050	NoInlining	Public, HideBySig, SpecialName, RTSpecialName	0x10044c778	0x9484fe16	0x10258bfd0	0x10258bfd0	mapped	0x10258bfd0
System.Linq.Expressions	875	0x0600036c	System.Linq.Expressions.Interpreter.RuntimeLabel	ToString	0x2050	NoInlining	Public, Final, Virtual, HideBySig	0x10044c77c	0x9484fe1f	0x10258bff8	0x10258bff8	mapped	0x10258bff8
System.Linq.Expressions	876	0x0600036d	System.Linq.Expressions.Interpreter.BranchLabel	get_LabelIndex	0x2050	NoInlining	Assembly, HideBySig, SpecialName	0x10044c780	0x9484fee2	0x10258c308	0x10258c308	mapped	0x10258c308
System.Linq.Expressions	877	0x0600036e	System.Linq.Expressions.Interpreter.BranchLabel	set_LabelIndex	0x2050	NoInlining	Assembly, HideBySig, SpecialName	0x10044c784	0x9484feea	0x10258c32c	0x10258c32c	mapped	0x10258c32c
System.Linq.Expressions	878	0x0600036f	System.Linq.Expressions.Interpreter.BranchLabel	get_HasRuntimeLabel	0x2050	NoInlining	Assembly, HideBySig, SpecialName	0x10044c788	0x9484fef2	0x10258c350	0x10258c350	mapped	0x10258c350
System.Linq.Expressions	879	0x06000370	System.Linq.Expressions.Interpreter.BranchLabel	get_TargetIndex	0x2050	NoInlining	Assembly, HideBySig, SpecialName	0x10044c78c	0x9484fefd	0x10258c380	0x10258c380	mapped	0x10258c380
System.Linq.Expressions	880	0x06000371	System.Linq.Expressions.Interpreter.BranchLabel	ToRuntimeLabel	0x2050	NoInlining	Assembly, HideBySig	0x10044c790	0x9484ff05	0x10258c3a4	0x10258c3a4	mapped	0x10258c3a4
System.Linq.Expressions	881	0x06000372	System.Linq.Expressions.Interpreter.BranchLabel	Mark	0x2050	NoInlining	Assembly, HideBySig	0x10044c794	0x9484ff15	0x10258c3e8	0x10258c3e8	mapped	0x10258c3e8
System.Linq.Expressions	882	0x06000373	System.Linq.Expressions.Interpreter.BranchLabel	AddBranch	0x2050	NoInlining	Assembly, HideBySig	0x10044c798	0x9484ff8d	0x10258c5cc	0x10258c5cc	mapped	0x10258c5cc
System.Linq.Expressions	883	0x06000374	System.Linq.Expressions.Interpreter.BranchLabel	FixupBranch	0x2050	NoInlining	Assembly, HideBySig	0x10044c79c	0x9484ffed	0x10258c750	0x10258c750	mapped	0x10258c750
System.Linq.Expressions	884	0x06000375	System.Linq.Expressions.Interpreter.BranchLabel	.ctor	0x2050	NoInlining	Public, HideBySig, SpecialName, RTSpecialName	0x10044c7a0	0x9485000b	0x10258c7cc	0x10258c7cc	mapped	0x10258c7cc
System.Linq.Expressions	885	0x06000376	System.Linq.Expressions.Interpreter.CallInstruction	get_ArgumentCount	0x0	NoInlining	Public, Virtual, HideBySig, VtableLayoutMask, Abstract, SpecialName	0x10044c7a4	0x97fffc8b	0x10044b9d0		absent	0x10044b9d0
System.Linq.Expressions	886	0x06000377	System.Linq.Expressions.Interpreter.CallInstruction	get_InstructionName	0x2050	NoInlining	Public, Final, Virtual, HideBySig, SpecialName	0x10044c7a8	0x94850014	0x10258c7f8	0x10258c7f8	mapped	0x10258c7f8
System.Linq.Expressions	887	0x06000378	System.Linq.Expressions.Interpreter.CallInstruction	Create	0x2050	NoInlining	Public, Static, HideBySig	0x10044c7ac	0x94850023	0x10258c838	0x10258c838	mapped	0x10258c838
System.Linq.Expressions	888	0x06000379	System.Linq.Expressions.Interpreter.CallInstruction	Create	0x2050	NoInlining	Public, Static, HideBySig	0x10044c7b0	0x94850033	0x10258c87c	0x10258c87c	mapped	0x10258c87c
System.Linq.Expressions	889	0x0600037a	System.Linq.Expressions.Interpreter.CallInstruction	GetArrayAccessor	0x2050	NoInlining	Private, Static, HideBySig	0x10044c7b4	0x9485008f	0x10258c9f0	0x10258c9f0	mapped	0x10258c9f0
System.Linq.Expressions	890	0x0600037b	System.Linq.Expressions.Interpreter.CallInstruction	ArrayItemSetter1	0x2050	NoInlining	Public, Static, HideBySig	0x10044c7b8	0x94850139	0x10258cc9c	0x10258cc9c	mapped	0x10258cc9c
System.Linq.Expressions	891	0x0600037c	System.Linq.Expressions.Interpreter.CallInstruction	ArrayItemSetter2	0x2050	NoInlining	Public, Static, HideBySig	0x10044c7bc	0x94850152	0x10258cd04	0x10258cd04	mapped	0x10258cd04
System.Linq.Expressions	892	0x0600037d	System.Linq.Expressions.Interpreter.CallInstruction	ArrayItemSetter3	0x2050	NoInlining	Public, Static, HideBySig	0x10044c7c0	0x9485016d	0x10258cd74	0x10258cd74	mapped	0x10258cd74
System.Linq.Expressions	893	0x0600037e	System.Linq.Expressions.Interpreter.CallInstruction	get_ConsumedStack	0x2050	NoInlining	Public, Final, Virtual, HideBySig, SpecialName	0x10044c7c4	0x9485018c	0x10258cdf4	0x10258cdf4	mapped	0x10258cdf4
System.Linq.Expressions	894	0x0600037f	System.Linq.Expressions.Interpreter.CallInstruction	TryGetLightLambdaTarget	0x2050	NoInlining	Family, Static, HideBySig	0x10044c7c8	0x948501a1	0x10258ce4c	0x10258ce4c	mapped	0x10258ce4c
System.Linq.Expressions	895	0x06000380	System.Linq.Expressions.Interpreter.CallInstruction	InterpretLambdaInvoke	0x2050	NoInlining	Family, HideBySig	0x10044c7cc	0x948501ea	0x10258cf74	0x10258cf74	mapped	0x10258cf74
System.Linq.Expressions	896	0x06000381	System.Linq.Expressions.Interpreter.CallInstruction	.ctor	0x2050	NoInlining	Family, HideBySig, SpecialName, RTSpecialName	0x10044c7d0	0x94850214	0x10258d020	0x10258d020	mapped	0x10258d020
System.Linq.Expressions	897	0x06000382	System.Linq.Expressions.Interpreter.MethodInfoCallInstruction	get_ArgumentCount	0x2050	NoInlining	Public, Final, Virtual, HideBySig, SpecialName	0x10044c7d4	0x94850214	0x10258d024	0x10258d024	mapped	0x10258d024
System.Linq.Expressions	898	0x06000383	System.Linq.Expressions.Interpreter.MethodInfoCallInstruction	.ctor	0x2050	NoInlining	Assembly, HideBySig, SpecialName, RTSpecialName	0x10044c7d8	0x9485021c	0x10258d048	0x10258d048	mapped	0x10258d048
System.Linq.Expressions	899	0x06000384	System.Linq.Expressions.Interpreter.MethodInfoCallInstruction	get_ProducedStack	0x2050	NoInlining	Public, Virtual, HideBySig, SpecialName	0x10044c7dc	0x9485022c	0x10258d08c	0x10258d08c	mapped	0x10258d08c
System.Linq.Expressions	900	0x06000385	System.Linq.Expressions.Interpreter.MethodInfoCallInstruction	Run	0x2050	NoInlining	Public, Virtual, HideBySig	0x10044c7e0	0x94850254	0x10258d130	0x10258d130	mapped	0x10258d130
System.Linq.Expressions	901	0x06000386	System.Linq.Expressions.Interpreter.MethodInfoCallInstruction	GetArgs	0x2050	NoInlining	Family, HideBySig	0x10044c7e4	0x948502ea	0x10258d38c	0x10258d38c	mapped	0x10258d38c
System.Linq.Expressions	902	0x06000387	System.Linq.Expressions.Interpreter.MethodInfoCallInstruction	ToString	0x2050	NoInlining	Public, Final, Virtual, HideBySig	0x10044c7e8	0x94850347	0x10258d504	0x10258d504	mapped	0x10258d504
System.Linq.Expressions	903	0x06000388	System.Linq.Expressions.Interpreter.ByRefMethodInfoCallInstruction	.ctor	0x2050	NoInlining	Assembly, HideBySig, SpecialName, RTSpecialName	0x10044c7ec	0x94850371	0x10258d5b0	0x10258d5b0	mapped	0x10258d5b0
System.Linq.Expressions	904	0x06000389	System.Linq.Expressions.Interpreter.ByRefMethodInfoCallInstruction	get_ProducedStack	0x2050	NoInlining	Public, Final, Virtual, HideBySig, SpecialName	0x10044c7f0	0x94850386	0x10258d608	0x10258d608	mapped	0x10258d608
System.Linq.Expressions	905	0x0600038a	System.Linq.Expressions.Interpreter.ByRefMethodInfoCallInstruction	Run	0x2050	NoInlining	Public, Final, Virtual, HideBySig	0x10044c7f4	0x97ffd35f	0x100441570	0x100441570	mapped	0x100441570
System.Linq.Expressions	906	0x0600038b	System.Linq.Expressions.Interpreter.OffsetInstruction	get_Cache	0x0	NoInlining	Public, Virtual, HideBySig, VtableLayoutMask, Abstract, SpecialName	0x10044c7f8	0x97fffc76	0x10044b9d0		absent	0x10044b9d0
System.Linq.Expressions	907	0x0600038c	System.Linq.Expressions.Interpreter.OffsetInstruction	Fixup	0x2050	NoInlining	Public, HideBySig	0x10044c7fc	0x948503ac	0x10258d6ac	0x10258d6ac	mapped	0x10258d6ac
System.Linq.Expressions	908	0x0600038d	System.Linq.Expressions.Interpreter.OffsetInstruction	ToString	0x2050	NoInlining	Public, Final, Virtual, HideBySig	0x10044c800	0x948503d2	0x10258d748	0x10258d748	mapped	0x10258d748
System.Linq.Expressions	909	0x0600038e	System.Linq.Expressions.Interpreter.OffsetInstruction	.ctor	0x2050	NoInlining	Family, HideBySig, SpecialName, RTSpecialName	0x10044c804	0x94850406	0x10258d81c	0x10258d81c	mapped	0x10258d81c
System.Linq.Expressions	910	0x0600038f	System.Linq.Expressions.Interpreter.BranchFalseInstruction	get_Cache	0x2050	NoInlining	Public, Final, Virtual, HideBySig, SpecialName	0x10044c808	0x94850410	0x10258d848	0x10258d848	mapped	0x10258d848
System.Linq.Expressions	911	0x06000390	System.Linq.Expressions.Interpreter.BranchFalseInstruction	get_InstructionName	0x2050	NoInlining	Public, Final, Virtual, HideBySig, SpecialName	0x10044c80c	0x9485042e	0x10258d8c4	0x10258d8c4	mapped	0x10258d8c4
System.Linq.Expressions	912	0x06000391	System.Linq.Expressions.Interpreter.BranchFalseInstruction	get_ConsumedStack	0x2050	NoInlining	Public, Final, Virtual, HideBySig, SpecialName	0x10044c810	0x9485043d	0x10258d904	0x10258d904	mapped	0x10258d904
System.Linq.Expressions	913	0x06000392	System.Linq.Expressions.Interpreter.BranchFalseInstruction	Run	0x2050	NoInlining	Public, Final, Virtual, HideBySig	0x10044c814	0x9485043e	0x10258d90c	0x10258d90c	mapped	0x10258d90c
System.Linq.Expressions	914	0x06000393	System.Linq.Expressions.Interpreter.BranchFalseInstruction	.ctor	0x2050	NoInlining	Public, HideBySig, SpecialName, RTSpecialName	0x10044c818	0x94850482	0x10258da20	0x10258da20	mapped	0x10258da20
System.Linq.Expressions	915	0x06000394	System.Linq.Expressions.Interpreter.BranchTrueInstruction	get_Cache	0x2050	NoInlining	Public, Final, Virtual, HideBySig, SpecialName	0x10044c81c	0x9485048c	0x10258da4c	0x10258da4c	mapped	0x10258da4c
System.Linq.Expressions	916	0x06000395	System.Linq.Expressions.Interpreter.BranchTrueInstruction	get_InstructionName	0x2050	NoInlining	Public, Final, Virtual, HideBySig, SpecialName	0x10044c820	0x948504aa	0x10258dac8	0x10258dac8	mapped	0x10258dac8
System.Linq.Expressions	917	0x06000396	System.Linq.Expressions.Interpreter.BranchTrueInstruction	get_ConsumedStack	0x2050	NoInlining	Public, Final, Virtual, HideBySig, SpecialName	0x10044c824	0x948504b9	0x10258db08	0x10258db08	mapped	0x10258db08
System.Linq.Expressions	918	0x06000397	System.Linq.Expressions.Interpreter.BranchTrueInstruction	Run	0x2050	NoInlining	Public, Final, Virtual, HideBySig	0x10044c828	0x948504ba	0x10258db10	0x10258db10	mapped	0x10258db10
System.Linq.Expressions	919	0x06000398	System.Linq.Expressions.Interpreter.BranchTrueInstruction	.ctor	0x2050	NoInlining	Public, HideBySig, SpecialName, RTSpecialName	0x10044c82c	0x948504fe	0x10258dc24	0x10258dc24	mapped	0x10258dc24
System.Linq.Expressions	920	0x06000399	System.Linq.Expressions.Interpreter.CoalescingBranchInstruction	get_Cache	0x2050	NoInlining	Public, Final, Virtual, HideBySig, SpecialName	0x10044c830	0x94850508	0x10258dc50	0x10258dc50	mapped	0x10258dc50
System.Linq.Expressions	921	0x0600039a	System.Linq.Expressions.Interpreter.CoalescingBranchInstruction	get_InstructionName	0x2050	NoInlining	Public, Final, Virtual, HideBySig, SpecialName	0x10044c834	0x94850526	0x10258dccc	0x10258dccc	mapped	0x10258dccc
System.Linq.Expressions	922	0x0600039b	System.Linq.Expressions.Interpreter.CoalescingBranchInstruction	get_ConsumedStack	0x2050	NoInlining	Public, Final, Virtual, HideBySig, SpecialName	0x10044c838	0x94850535	0x10258dd0c	0x10258dd0c	mapped	0x10258dd0c
System.Linq.Expressions	923	0x0600039c	System.Linq.Expressions.Interpreter.CoalescingBranchInstruction	get_ProducedStack	0x2050	NoInlining	Public, Final, Virtual, HideBySig, SpecialName	0x10044c83c	0x94850536	0x10258dd14	0x10258dd14	mapped	0x10258dd14
System.Linq.Expressions	924	0x0600039d	System.Linq.Expressions.Interpreter.CoalescingBranchInstruction	Run	0x2050	NoInlining	Public, Final, Virtual, HideBySig	0x10044c840	0x94850537	0x10258dd1c	0x10258dd1c	mapped	0x10258dd1c
System.Linq.Expressions	925	0x0600039e	System.Linq.Expressions.Interpreter.CoalescingBranchInstruction	.ctor	0x2050	NoInlining	Public, HideBySig, SpecialName, RTSpecialName	0x10044c844	0x94850557	0x10258dda0	0x10258dda0	mapped	0x10258dda0
System.Linq.Expressions	926	0x0600039f	System.Linq.Expressions.Interpreter.BranchInstruction	get_Cache	0x2050	NoInlining	Public, Final, Virtual, HideBySig, SpecialName	0x10044c848	0x94850561	0x10258ddcc	0x10258ddcc	mapped	0x10258ddcc
System.Linq.Expressions	927	0x060003a0	System.Linq.Expressions.Interpreter.BranchInstruction	.ctor	0x2050	NoInlining	Assembly, HideBySig, SpecialName, RTSpecialName	0x10044c84c	0x948505c5	0x10258df60	0x10258df60	mapped	0x10258df60
System.Linq.Expressions	928	0x060003a1	System.Linq.Expressions.Interpreter.BranchInstruction	.ctor	0x2050	NoInlining	Public, HideBySig, SpecialName, RTSpecialName	0x10044c850	0x948505d0	0x10258df90	0x10258df90	mapped	0x10258df90
System.Linq.Expressions	929	0x060003a2	System.Linq.Expressions.Interpreter.BranchInstruction	get_InstructionName	0x2050	NoInlining	Public, Final, Virtual, HideBySig, SpecialName	0x10044c854	0x948505dc	0x10258dfc4	0x10258dfc4	mapped	0x10258dfc4
System.Linq.Expressions	930	0x060003a3	System.Linq.Expressions.Interpreter.BranchInstruction	get_ConsumedStack	0x2050	NoInlining	Public, Final, Virtual, HideBySig, SpecialName	0x10044c858	0x948505eb	0x10258e004	0x10258e004	mapped	0x10258e004
System.Linq.Expressions	931	0x060003a4	System.Linq.Expressions.Interpreter.BranchInstruction	get_ProducedStack	0x2050	NoInlining	Public, Final, Virtual, HideBySig, SpecialName	0x10044c85c	0x948505f5	0x10258e030	0x10258e030	mapped	0x10258e030
System.Linq.Expressions	932	0x060003a5	System.Linq.Expressions.Interpreter.BranchInstruction	Run	0x2050	NoInlining	Public, Final, Virtual, HideBySig	0x10044c860	0x948505ff	0x10258e05c	0x10258e05c	mapped	0x10258e05c
System.Linq.Expressions	933	0x060003a6	System.Linq.Expressions.Interpreter.IndexedBranchInstruction	.ctor	0x2050	NoInlining	Public, HideBySig, SpecialName, RTSpecialName	0x10044c864	0x94850607	0x10258e080	0x10258e080	mapped	0x10258e080
System.Linq.Expressions	934	0x060003a7	System.Linq.Expressions.Interpreter.IndexedBranchInstruction	GetLabel	0x2050	NoInlining	Public, HideBySig	0x10044c868	0x9485060f	0x10258e0a4	0x10258e0a4	mapped	0x10258e0a4
System.Linq.Expressions	935	0x060003a8	System.Linq.Expressions.Interpreter.IndexedBranchInstruction	ToString	0x2050	NoInlining	Public, Virtual, HideBySig	0x10044c86c	0x94850632	0x10258e134	0x10258e134	mapped	0x10258e134
System.Linq.Expressions	936	0x060003a9	System.Linq.Expressions.Interpreter.GotoInstruction	get_InstructionName	0x2050	NoInlining	Public, Final, Virtual, HideBySig, SpecialName	0x10044c870	0x9485065e	0x10258e1e8	0x10258e1e8	mapped	0x10258e1e8
System.Linq.Expressions	937	0x060003aa	System.Linq.Expressions.Interpreter.GotoInstruction	get_ConsumedStack	0x2050	NoInlining	Public, Final, Virtual, HideBySig, SpecialName	0x10044c874	0x9485066d	0x10258e228	0x10258e228	mapped	0x10258e228
System.Linq.Expressions	938	0x060003ab	System.Linq.Expressions.Interpreter.GotoInstruction	get_ProducedStack	0x2050	NoInlining	Public, Final, Virtual, HideBySig, SpecialName	0x10044c878	0x94850677	0x10258e254	0x10258e254	mapped	0x10258e254
System.Linq.Expressions	939	0x060003ac	System.Linq.Expressions.Interpreter.GotoInstruction	.ctor	0x2050	NoInlining	Private, HideBySig, SpecialName, RTSpecialName	0x10044c87c	0x94850681	0x10258e280	0x10258e280	mapped	0x10258e280
System.Linq.Expressions	940	0x060003ad	System.Linq.Expressions.Interpreter.GotoInstruction	Create	0x2050	NoInlining	Assembly, Static, HideBySig	0x10044c880	0x948506a1	0x10258e304	0x10258e304	mapped	0x10258e304
System.Linq.Expressions	941	0x060003ae	System.Linq.Expressions.Interpreter.GotoInstruction	Run	0x2050	NoInlining	Public, Final, Virtual, HideBySig	0x10044c884	0x94850709	0x10258e4a8	0x10258e4a8	mapped	0x10258e4a8
System.Linq.Expressions	942	0x060003af	System.Linq.Expressions.Interpreter.GotoInstruction	.cctor	0x2050	NoInlining	Private, Static, HideBySig, SpecialName, RTSpecialName	0x10044c888	0x9485074b	0x10258e5b4	0x10258e5b4	mapped	0x10258e5b4
System.Linq.Expressions	943	0x060003b0	System.Linq.Expressions.Interpreter.EnterTryCatchFinallyInstruction	SetTryHandler	0x2050	NoInlining	Assembly, HideBySig	0x10044c88c	0x94850766	0x10258e624	0x10258e624	mapped	0x10258e624
System.Linq.Expressions	944	0x060003b1	System.Linq.Expressions.Interpreter.EnterTryCatchFinallyInstruction	get_ProducedContinuations	0x2050	NoInlining	Public, Final, Virtual, HideBySig, SpecialName	0x10044c890	0x94850775	0x10258e664	0x10258e664	mapped	0x10258e664
System.Linq.Expressions	945	0x060003b2	System.Linq.Expressions.Interpreter.EnterTryCatchFinallyInstruction	.ctor	0x2050	NoInlining	Private, HideBySig, SpecialName, RTSpecialName	0x10044c894	0x9485077f	0x10258e690	0x10258e690	mapped	0x10258e690
System.Linq.Expressions	946	0x060003b3	System.Linq.Expressions.Interpreter.EnterTryCatchFinallyInstruction	CreateTryFinally	0x2050	NoInlining	Assembly, Static, HideBySig	0x10044c898	0x94850788	0x10258e6b8	0x10258e6b8	mapped	0x10258e6b8
System.Linq.Expressions	947	0x060003b4	System.Linq.Expressions.Interpreter.EnterTryCatchFinallyInstruction	CreateTryCatch	0x2050	NoInlining	Assembly, Static, HideBySig	0x10044c89c	0x948507a5	0x10258e730	0x10258e730	mapped	0x10258e730
System.Linq.Expressions	948	0x060003b5	System.Linq.Expressions.Interpreter.EnterTryCatchFinallyInstruction	Run	0x2050	NoInlining	Public, Final, Virtual, HideBySig	0x10044c8a0	0x97ffd428	0x100441940	0x100441940	mapped	0x100441940
System.Linq.Expressions	949	0x060003b6	System.Linq.Expressions.Interpreter.EnterTryCatchFinallyInstruction	get_InstructionName	0x2050	NoInlining	Public, Final, Virtual, HideBySig, SpecialName	0x10044c8a4	0x948507be	0x10258e79c	0x10258e79c	mapped	0x10258e79c
System.Linq.Expressions	950	0x060003b7	System.Linq.Expressions.Interpreter.EnterTryCatchFinallyInstruction	ToString	0x2050	NoInlining	Public, Final, Virtual, HideBySig	0x10044c8a8	0x948507da	0x10258e810	0x10258e810	mapped	0x10258e810
System.Linq.Expressions	951	0x060003b8	System.Linq.Expressions.Interpreter.EnterTryFaultInstruction	.ctor	0x2050	NoInlining	Assembly, HideBySig, SpecialName, RTSpecialName	0x10044c8ac	0x94850804	0x10258e8bc	0x10258e8bc	mapped	0x10258e8bc
System.Linq.Expressions	952	0x060003b9	System.Linq.Expressions.Interpreter.EnterTryFaultInstruction	get_InstructionName	0x2050	NoInlining	Public, Final, Virtual, HideBySig, SpecialName	0x10044c8b0	0x9485080c	0x10258e8e0	0x10258e8e0	mapped	0x10258e8e0
System.Linq.Expressions	953	0x060003ba	System.Linq.Expressions.Interpreter.EnterTryFaultInstruction	get_ProducedContinuations	0x2050	NoInlining	Public, Final, Virtual, HideBySig, SpecialName	0x10044c8b4	0x9485081b	0x10258e920	0x10258e920	mapped	0x10258e920
System.Linq.Expressions	954	0x060003bb	System.Linq.Expressions.Interpreter.EnterTryFaultInstruction	SetTryHandler	0x2050	NoInlining	Assembly, HideBySig	0x10044c8b8	0x9485081c	0x10258e928	0x10258e928	mapped	0x10258e928
System.Linq.Expressions	955	0x060003bc	System.Linq.Expressions.Interpreter.EnterTryFaultInstruction	Run	0x2050	NoInlining	Public, Final, Virtual, HideBySig	0x10044c8bc	0x9485082b	0x10258e968	0x10258e968	mapped	0x10258e968
System.Linq.Expressions	956	0x060003bd	System.Linq.Expressions.Interpreter.EnterFinallyInstruction	.ctor	0x2050	NoInlining	Private, HideBySig, SpecialName, RTSpecialName	0x10044c8c0	0x9485092e	0x10258ed78	0x10258ed78	mapped	0x10258ed78
System.Linq.Expressions	957	0x060003be	System.Linq.Expressions.Interpreter.EnterFinallyInstruction	get_InstructionName	0x2050	NoInlining	Public, Final, Virtual, HideBySig, SpecialName	0x10044c8c4	0x94850946	0x10258eddc	0x10258eddc	mapped	0x10258eddc
System.Linq.Expressions	958	0x060003bf	System.Linq.Expressions.Interpreter.EnterFinallyInstruction	get_ProducedStack	0x2050	NoInlining	Public, Final, Virtual, HideBySig, SpecialName	0x10044c8c8	0x94850955	0x10258ee1c	0x10258ee1c	mapped	0x10258ee1c
System.Linq.Expressions	959	0x060003c0	System.Linq.Expressions.Interpreter.EnterFinallyInstruction	get_ConsumedContinuations	0x2050	NoInlining	Public, Final, Virtual, HideBySig, SpecialName	0x10044c8cc	0x94850956	0x10258ee24	0x10258ee24	mapped	0x10258ee24
System.Linq.Expressions	960	0x060003c1	System.Linq.Expressions.Interpreter.EnterFinallyInstruction	Create	0x2050	NoInlining	Assembly, Static, HideBySig	0x10044c8d0	0x94850957	0x10258ee2c	0x10258ee2c	mapped	0x10258ee2c
System.Linq.Expressions	961	0x060003c2	System.Linq.Expressions.Interpreter.EnterFinallyInstruction	Run	0x2050	NoInlining	Public, Final, Virtual, HideBySig	0x10044c8d4	0x948509a5	0x10258ef68	0x10258ef68	mapped	0x10258ef68
System.Linq.Expressions	962	0x060003c3	System.Linq.Expressions.Interpreter.EnterFinallyInstruction	.cctor	0x2050	NoInlining	Private, Static, HideBySig, SpecialName, RTSpecialName	0x10044c8d8	0x948509dd	0x10258f04c	0x10258f04c	mapped	0x10258f04c
System.Linq.Expressions	963	0x060003c4	System.Linq.Expressions.Interpreter.LeaveFinallyInstruction	.ctor	0x2050	NoInlining	Private, HideBySig, SpecialName, RTSpecialName	0x10044c8dc	0x948509f8	0x10258f0bc	0x10258f0bc	mapped	0x10258f0bc
System.Linq.Expressions	964	0x060003c5	System.Linq.Expressions.Interpreter.LeaveFinallyInstruction	get_ConsumedStack	0x2050	NoInlining	Public, Final, Virtual, HideBySig, SpecialName	0x10044c8e0	0x94850a05	0x10258f0f4	0x10258f0f4	mapped	0x10258f0f4
System.Linq.Expressions	965	0x060003c6	System.Linq.Expressions.Interpreter.LeaveFinallyInstruction	get_InstructionName	0x2050	NoInlining	Public, Final, Virtual, HideBySig, SpecialName	0x10044c8e4	0x94850a06	0x10258f0fc	0x10258f0fc	mapped	0x10258f0fc
System.Linq.Expressions	966	0x060003c7	System.Linq.Expressions.Interpreter.LeaveFinallyInstruction	Run	0x2050	NoInlining	Public, Final, Virtual, HideBySig	0x10044c8e8	0x94850a15	0x10258f13c	0x10258f13c	mapped	0x10258f13c
System.Linq.Expressions	967	0x060003c8	System.Linq.Expressions.Interpreter.LeaveFinallyInstruction	.cctor	0x2050	NoInlining	Private, Static, HideBySig, SpecialName, RTSpecialName	0x10044c8ec	0x94850a2e	0x10258f1a4	0x10258f1a4	mapped	0x10258f1a4
System.Linq.Expressions	968	0x060003c9	System.Linq.Expressions.Interpreter.EnterFaultInstruction	.ctor	0x2050	NoInlining	Private, HideBySig, SpecialName, RTSpecialName	0x10044c8f0	0x94850a49	0x10258f214	0x10258f214	mapped	0x10258f214
System.Linq.Expressions	969	0x060003ca	System.Linq.Expressions.Interpreter.EnterFaultInstruction	get_InstructionName	0x2050	NoInlining	Public, Final, Virtual, HideBySig, SpecialName	0x10044c8f4	0x94850a61	0x10258f278	0x10258f278	mapped	0x10258f278
System.Linq.Expressions	970	0x060003cb	System.Linq.Expressions.Interpreter.EnterFaultInstruction	get_ProducedStack	0x2050	NoInlining	Public, Final, Virtual, HideBySig, SpecialName	0x10044c8f8	0x94850a70	0x10258f2b8	0x10258f2b8	mapped	0x10258f2b8
System.Linq.Expressions	971	0x060003cc	System.Linq.Expressions.Interpreter.EnterFaultInstruction	Create	0x2050	NoInlining	Assembly, Static, HideBySig	0x10044c8fc	0x94850a71	0x10258f2c0	0x10258f2c0	mapped	0x10258f2c0
System.Linq.Expressions	972	0x060003cd	System.Linq.Expressions.Interpreter.EnterFaultInstruction	Run	0x2050	NoInlining	Public, Final, Virtual, HideBySig	0x10044c900	0x94850abf	0x10258f3fc	0x10258f3fc	mapped	0x10258f3fc
System.Linq.Expressions	973	0x060003ce	System.Linq.Expressions.Interpreter.EnterFaultInstruction	.cctor	0x2050	NoInlining	Private, Static, HideBySig, SpecialName, RTSpecialName	0x10044c904	0x94850af5	0x10258f4d8	0x10258f4d8	mapped	0x10258f4d8
System.Linq.Expressions	974	0x060003cf	System.Linq.Expressions.Interpreter.LeaveFaultInstruction	.ctor	0x2050	NoInlining	Private, HideBySig, SpecialName, RTSpecialName	0x10044c908	0x94850b10	0x10258f548	0x10258f548	mapped	0x10258f548
System.Linq.Expressions	975	0x060003d0	System.Linq.Expressions.Interpreter.LeaveFaultInstruction	get_ConsumedStack	0x2050	NoInlining	Public, Final, Virtual, HideBySig, SpecialName	0x10044c90c	0x94850b1d	0x10258f580	0x10258f580	mapped	0x10258f580
System.Linq.Expressions	976	0x060003d1	System.Linq.Expressions.Interpreter.LeaveFaultInstruction	get_ConsumedContinuations	0x2050	NoInlining	Public, Final, Virtual, HideBySig, SpecialName	0x10044c910	0x94850b1e	0x10258f588	0x10258f588	mapped	0x10258f588
System.Linq.Expressions	977	0x060003d2	System.Linq.Expressions.Interpreter.LeaveFaultInstruction	get_InstructionName	0x2050	NoInlining	Public, Final, Virtual, HideBySig, SpecialName	0x10044c914	0x94850b1f	0x10258f590	0x10258f590	mapped	0x10258f590
System.Linq.Expressions	978	0x060003d3	System.Linq.Expressions.Interpreter.LeaveFaultInstruction	Run	0x2050	NoInlining	Public, Final, Virtual, HideBySig	0x10044c918	0x94850b2e	0x10258f5d0	0x10258f5d0	mapped	0x10258f5d0
System.Linq.Expressions	979	0x060003d4	System.Linq.Expressions.Interpreter.LeaveFaultInstruction	.cctor	0x2050	NoInlining	Private, Static, HideBySig, SpecialName, RTSpecialName	0x10044c91c	0x94850b42	0x10258f624	0x10258f624	mapped	0x10258f624
System.Linq.Expressions	980	0x060003d5	System.Linq.Expressions.Interpreter.EnterExceptionFilterInstruction	.ctor	0x2050	NoInlining	Private, HideBySig, SpecialName, RTSpecialName	0x10044c920	0x94850b5d	0x10258f694	0x10258f694	mapped	0x10258f694
System.Linq.Expressions	981	0x060003d6	System.Linq.Expressions.Interpreter.EnterExceptionFilterInstruction	get_InstructionName	0x2050	NoInlining	Public, Final, Virtual, HideBySig, SpecialName	0x10044c924	0x94850b6a	0x10258f6cc	0x10258f6cc	mapped	0x10258f6cc
System.Linq.Expressions	982	0x060003d7	System.Linq.Expressions.Interpreter.EnterExceptionFilterInstruction	get_ProducedStack	0x2050	NoInlining	Public, Final, Virtual, HideBySig, SpecialName	0x10044c928	0x94850b79	0x10258f70c	0x10258f70c	mapped	0x10258f70c
System.Linq.Expressions	983	0x060003d8	System.Linq.Expressions.Interpreter.EnterExceptionFilterInstruction	Run	0x2050	NoInlining	Public, Final, Virtual, HideBySig	0x10044c92c	0x94850b7a	0x10258f714	0x10258f714	mapped	0x10258f714
System.Linq.Expressions	984	0x060003d9	System.Linq.Expressions.Interpreter.EnterExceptionFilterInstruction	.cctor	0x2050	NoInlining	Private, Static, HideBySig, SpecialName, RTSpecialName	0x10044c930	0x94850b7b	0x10258f71c	0x10258f71c	mapped	0x10258f71c
System.Linq.Expressions	985	0x060003da	System.Linq.Expressions.Interpreter.LeaveExceptionFilterInstruction	.ctor	0x2050	NoInlining	Private, HideBySig, SpecialName, RTSpecialName	0x10044c934	0x94850b96	0x10258f78c	0x10258f78c	mapped	0x10258f78c
System.Linq.Expressions	986	0x060003db	System.Linq.Expressions.Interpreter.LeaveExceptionFilterInstruction	get_InstructionName	0x2050	NoInlining	Public, Final, Virtual, HideBySig, SpecialName	0x10044c938	0x94850ba3	0x10258f7c4	0x10258f7c4	mapped	0x10258f7c4
System.Linq.Expressions	987	0x060003dc	System.Linq.Expressions.Interpreter.LeaveExceptionFilterInstruction	get_ConsumedStack	0x2050	NoInlining	Public, Final, Virtual, HideBySig, SpecialName	0x10044c93c	0x94850bb2	0x10258f804	0x10258f804	mapped	0x10258f804
System.Linq.Expressions	988	0x060003dd	System.Linq.Expressions.Interpreter.LeaveExceptionFilterInstruction	Run	0x2050	NoInlining	Public, Final, Virtual, HideBySig	0x10044c940	0x94850bb3	0x10258f80c	0x10258f80c	mapped	0x10258f80c
System.Linq.Expressions	989	0x060003de	System.Linq.Expressions.Interpreter.LeaveExceptionFilterInstruction	.cctor	0x2050	NoInlining	Private, Static, HideBySig, SpecialName, RTSpecialName	0x10044c944	0x94850bb4	0x10258f814	0x10258f814	mapped	0x10258f814
System.Linq.Expressions	990	0x060003df	System.Linq.Expressions.Interpreter.EnterExceptionHandlerInstruction	.ctor	0x2050	NoInlining	Private, HideBySig, SpecialName, RTSpecialName	0x10044c948	0x94850bcf	0x10258f884	0x10258f884	mapped	0x10258f884
System.Linq.Expressions	991	0x060003e0	System.Linq.Expressions.Interpreter.EnterExceptionHandlerInstruction	get_InstructionName	0x2050	NoInlining	Public, Final, Virtual, HideBySig, SpecialName	0x10044c94c	0x94850be7	0x10258f8e8	0x10258f8e8	mapped	0x10258f8e8
System.Linq.Expressions	992	0x060003e1	System.Linq.Expressions.Interpreter.EnterExceptionHandlerInstruction	get_ConsumedStack	0x2050	NoInlining	Public, Final, Virtual, HideBySig, SpecialName	0x10044c950	0x94850bf6	0x10258f928	0x10258f928	mapped	0x10258f928
System.Linq.Expressions	993	0x060003e2	System.Linq.Expressions.Interpreter.EnterExceptionHandlerInstruction	get_ProducedStack	0x2050	NoInlining	Public, Final, Virtual, HideBySig, SpecialName	0x10044c954	0x94850c00	0x10258f954	0x10258f954	mapped	0x10258f954
System.Linq.Expressions	994	0x060003e3	System.Linq.Expressions.Interpreter.EnterExceptionHandlerInstruction	Run	0x2050	NoInlining	Public, Final, Virtual, HideBySig	0x10044c958	0x94850c01	0x10258f95c	0x10258f95c	mapped	0x10258f95c
System.Linq.Expressions	995	0x060003e4	System.Linq.Expressions.Interpreter.EnterExceptionHandlerInstruction	.cctor	0x2050	NoInlining	Private, Static, HideBySig, SpecialName, RTSpecialName	0x10044c95c	0x94850c02	0x10258f964	0x10258f964	mapped	0x10258f964
System.Linq.Expressions	996	0x060003e5	System.Linq.Expressions.Interpreter.LeaveExceptionHandlerInstruction	.ctor	0x2050	NoInlining	Private, HideBySig, SpecialName, RTSpecialName	0x10044c960	0x94850c27	0x10258f9fc	0x10258f9fc	mapped	0x10258f9fc
System.Linq.Expressions	997	0x060003e6	System.Linq.Expressions.Interpreter.LeaveExceptionHandlerInstruction	get_InstructionName	0x2050	NoInlining	Public, Final, Virtual, HideBySig, SpecialName	0x10044c964	0x94850c41	0x10258fa68	0x10258fa68	mapped	0x10258fa68
System.Linq.Expressions	998	0x060003e7	System.Linq.Expressions.Interpreter.LeaveExceptionHandlerInstruction	get_ConsumedStack	0x2050	NoInlining	Public, Final, Virtual, HideBySig, SpecialName	0x10044c968	0x94850c50	0x10258faa8	0x10258faa8	mapped	0x10258faa8
System.Linq.Expressions	999	0x060003e8	System.Linq.Expressions.Interpreter.LeaveExceptionHandlerInstruction	get_ProducedStack	0x2050	NoInlining	Public, Final, Virtual, HideBySig, SpecialName	0x10044c96c	0x94850c5a	0x10258fad4	0x10258fad4	mapped	0x10258fad4
System.Linq.Expressions	1000	0x060003e9	System.Linq.Expressions.Interpreter.LeaveExceptionHandlerInstruction	Create	0x2050	NoInlining	Assembly, Static, HideBySig	0x10044c970	0x94850c64	0x10258fb00	0x10258fb00	mapped	0x10258fb00
System.Linq.Expressions	1001	0x060003ea	System.Linq.Expressions.Interpreter.LeaveExceptionHandlerInstruction	Run	0x2050	NoInlining	Public, Final, Virtual, HideBySig	0x10044c974	0x94850cb8	0x10258fc54	0x10258fc54	mapped	0x10258fc54
System.Linq.Expressions	1002	0x060003eb	System.Linq.Expressions.Interpreter.LeaveExceptionHandlerInstruction	.cctor	0x2050	NoInlining	Private, Static, HideBySig, SpecialName, RTSpecialName	0x10044c978	0x94850cdc	0x10258fce8	0x10258fce8	mapped	0x10258fce8
System.Linq.Expressions	1003	0x060003ec	System.Linq.Expressions.Interpreter.ThrowInstruction	.ctor	0x2050	NoInlining	Private, HideBySig, SpecialName, RTSpecialName	0x10044c97c	0x94850cf7	0x10258fd58	0x10258fd58	mapped	0x10258fd58
System.Linq.Expressions	1004	0x060003ed	System.Linq.Expressions.Interpreter.ThrowInstruction	get_InstructionName	0x2050	NoInlining	Public, Final, Virtual, HideBySig, SpecialName	0x10044c980	0x94850d11	0x10258fdc4	0x10258fdc4	mapped	0x10258fdc4
System.Linq.Expressions	1005	0x060003ee	System.Linq.Expressions.Interpreter.ThrowInstruction	get_ProducedStack	0x2050	NoInlining	Public, Final, Virtual, HideBySig, SpecialName	0x10044c984	0x94850d20	0x10258fe04	0x10258fe04	mapped	0x10258fe04
System.Linq.Expressions	1006	0x060003ef	System.Linq.Expressions.Interpreter.ThrowInstruction	get_ConsumedStack	0x2050	NoInlining	Public, Final, Virtual, HideBySig, SpecialName	0x10044c988	0x94850d2a	0x10258fe30	0x10258fe30	mapped	0x10258fe30
System.Linq.Expressions	1007	0x060003f0	System.Linq.Expressions.Interpreter.ThrowInstruction	Run	0x2050	NoInlining	Public, Final, Virtual, HideBySig	0x10044c98c	0x94850d2b	0x10258fe38	0x10258fe38	mapped	0x10258fe38
System.Linq.Expressions	1008	0x060003f1	System.Linq.Expressions.Interpreter.ThrowInstruction	WrapThrownObject	0x2050	NoInlining	Private, Static, HideBySig	0x10044c990	0x94850d66	0x10258ff28	0x10258ff28	mapped	0x10258ff28
System.Linq.Expressions	1009	0x060003f2	System.Linq.Expressions.Interpreter.ThrowInstruction	.cctor	0x2050	NoInlining	Private, Static, HideBySig, SpecialName, RTSpecialName	0x10044c994	0x94850d8f	0x10258ffd0	0x10258ffd0	mapped	0x10258ffd0
System.Linq.Expressions	1010	0x060003f3	System.Linq.Expressions.Interpreter.IntSwitchInstruction`1	.ctor	0x2050	NoInlining	Assembly, HideBySig, SpecialName, RTSpecialName	0x10044c998	0x94850dc6	0x1025900b0	0x1025900b0	mapped	0x1025900b0
System.Linq.Expressions	1011	0x060003f4	System.Linq.Expressions.Interpreter.IntSwitchInstruction`1	get_InstructionName	0x2050	NoInlining	Public, Final, Virtual, HideBySig, SpecialName	0x10044c99c	0x94850dd8	0x1025900fc	0x1025900fc	mapped	0x1025900fc
System.Linq.Expressions	1012	0x060003f5	System.Linq.Expressions.Interpreter.IntSwitchInstruction`1	get_ConsumedStack	0x2050	NoInlining	Public, Final, Virtual, HideBySig, SpecialName	0x10044c9a0	0x94850deb	0x10259014c	0x10259014c	mapped	0x10259014c
System.Linq.Expressions	1013	0x060003f6	System.Linq.Expressions.Interpreter.IntSwitchInstruction`1	Run	0x2050	NoInlining	Public, Final, Virtual, HideBySig	0x10044c9a4	0x94850def	0x102590160	0x102590160	mapped	0x102590160
System.Linq.Expressions	1014	0x060003f7	System.Linq.Expressions.Interpreter.StringSwitchInstruction	.ctor	0x2050	NoInlining	Assembly, HideBySig, SpecialName, RTSpecialName	0x10044c9a8	0x94850e44	0x1025902b8	0x1025902b8	mapped	0x1025902b8
System.Linq.Expressions	1015	0x060003f8	System.Linq.Expressions.Interpreter.StringSwitchInstruction	get_InstructionName	0x2050	NoInlining	Public, Final, Virtual, HideBySig, SpecialName	0x10044c9ac	0x94850e58	0x10259030c	0x10259030c	mapped	0x10259030c
System.Linq.Expressions	1016	0x060003f9	System.Linq.Expressions.Interpreter.StringSwitchInstruction	get_ConsumedStack	0x2050	NoInlining	Public, Final, Virtual, HideBySig, SpecialName	0x10044c9b0	0x94850e67	0x10259034c	0x10259034c	mapped	0x10259034c
System.Linq.Expressions	1017	0x060003fa	System.Linq.Expressions.Interpreter.StringSwitchInstruction	Run	0x2050	NoInlining	Public, Final, Virtual, HideBySig	0x10044c9b4	0x94850e68	0x102590354	0x102590354	mapped	0x102590354
System.Linq.Expressions	1018	0x060003fb	System.Linq.Expressions.Interpreter.DecrementInstruction	get_ConsumedStack	0x2050	NoInlining	Public, Final, Virtual, HideBySig, SpecialName	0x10044c9b8	0x94850ebc	0x1025904a8	0x1025904a8	mapped	0x1025904a8
System.Linq.Expressions	1019	0x060003fc	System.Linq.Expressions.Interpreter.DecrementInstruction	get_ProducedStack	0x2050	NoInlining	Public, Final, Virtual, HideBySig, SpecialName	0x10044c9bc	0x94850ebd	0x1025904b0	0x1025904b0	mapped	0x1025904b0
System.Linq.Expressions	1020	0x060003fd	System.Linq.Expressions.Interpreter.DecrementInstruction	get_InstructionName	0x2050	NoInlining	Public, Final, Virtual, HideBySig, SpecialName	0x10044c9c0	0x94850ebe	0x1025904b8	0x1025904b8	mapped	0x1025904b8
System.Linq.Expressions	1021	0x060003fe	System.Linq.Expressions.Interpreter.DecrementInstruction	.ctor	0x2050	NoInlining	Private, HideBySig, SpecialName, RTSpecialName	0x10044c9c4	0x94850ecd	0x1025904f8	0x1025904f8	mapped	0x1025904f8
System.Linq.Expressions	1022	0x060003ff	System.Linq.Expressions.Interpreter.DecrementInstruction	Create	0x2050	NoInlining	Public, Static, HideBySig	0x10044c9c8	0x94850ecd	0x1025904fc	0x1025904fc	mapped	0x1025904fc
System.Linq.Expressions	1023	0x06000400	System.Linq.Expressions.Interpreter.DecrementInstruction+DecrementInt16	Run	0x2050	NoInlining	Public, Final, Virtual, HideBySig	0x10044c9cc	0x94850f38	0x1025906ac	0x1025906ac	mapped	0x1025906ac
System.Linq.Expressions	1024	0x06000401	System.Linq.Expressions.Interpreter.DecrementInstruction+DecrementInt16	.ctor	0x2050	NoInlining	Public, HideBySig, SpecialName, RTSpecialName	0x10044c9d0	0x94850f83	0x1025907dc	0x1025907dc	mapped	0x1025907dc
System.Linq.Expressions	1025	0x06000402	System.Linq.Expressions.Interpreter.DecrementInstruction+DecrementInt32	Run	0x2050	NoInlining	Public, Final, Virtual, HideBySig	0x10044c9d4	0x94850f83	0x1025907e0	0x1025907e0	mapped	0x1025907e0
System.Linq.Expressions	1026	0x06000403	System.Linq.Expressions.Interpreter.DecrementInstruction+DecrementInt32	.ctor	0x2050	NoInlining	Public, HideBySig, SpecialName, RTSpecialName	0x10044c9d8	0x94850fce	0x102590910	0x102590910	mapped	0x102590910
System.Linq.Expressions	1027	0x06000404	System.Linq.Expressions.Interpreter.DecrementInstruction+DecrementInt64	Run	0x2050	NoInlining	Public, Final, Virtual, HideBySig	0x10044c9dc	0x94850fce	0x102590914	0x102590914	mapped	0x102590914
System.Linq.Expressions	1028	0x06000405	System.Linq.Expressions.Interpreter.DecrementInstruction+DecrementInt64	.ctor	0x2050	NoInlining	Public, HideBySig, SpecialName, RTSpecialName	0x10044c9e0	0x94851025	0x102590a74	0x102590a74	mapped	0x102590a74
System.Linq.Expressions	1029	0x06000406	System.Linq.Expressions.Interpreter.DecrementInstruction+DecrementUInt16	Run	0x2050	NoInlining	Public, Final, Virtual, HideBySig	0x10044c9e4	0x94851025	0x102590a78	0x102590a78	mapped	0x102590a78
System.Linq.Expressions	1030	0x06000407	System.Linq.Expressions.Interpreter.DecrementInstruction+DecrementUInt16	.ctor	0x2050	NoInlining	Public, HideBySig, SpecialName, RTSpecialName	0x10044c9e8	0x94851070	0x102590ba8	0x102590ba8	mapped	0x102590ba8
System.Linq.Expressions	1031	0x06000408	System.Linq.Expressions.Interpreter.DecrementInstruction+DecrementUInt32	Run	0x2050	NoInlining	Public, Final, Virtual, HideBySig	0x10044c9ec	0x94851070	0x102590bac	0x102590bac	mapped	0x102590bac
System.Linq.Expressions	1032	0x06000409	System.Linq.Expressions.Interpreter.DecrementInstruction+DecrementUInt32	.ctor	0x2050	NoInlining	Public, HideBySig, SpecialName, RTSpecialName	0x10044c9f0	0x948510c7	0x102590d0c	0x102590d0c	mapped	0x102590d0c
System.Linq.Expressions	1033	0x0600040a	System.Linq.Expressions.Interpreter.DecrementInstruction+DecrementUInt64	Run	0x2050	NoInlining	Public, Final, Virtual, HideBySig	0x10044c9f4	0x948510c7	0x102590d10	0x102590d10	mapped	0x102590d10
System.Linq.Expressions	1034	0x0600040b	System.Linq.Expressions.Interpreter.DecrementInstruction+DecrementUInt64	.ctor	0x2050	NoInlining	Public, HideBySig, SpecialName, RTSpecialName	0x10044c9f8	0x9485111e	0x102590e70	0x102590e70	mapped	0x102590e70
System.Linq.Expressions	1035	0x0600040c	System.Linq.Expressions.Interpreter.DecrementInstruction+DecrementSingle	Run	0x2050	NoInlining	Public, Final, Virtual, HideBySig	0x10044c9fc	0x9485111e	0x102590e74	0x102590e74	mapped	0x102590e74
System.Linq.Expressions	1036	0x0600040d	System.Linq.Expressions.Interpreter.DecrementInstruction+DecrementSingle	.ctor	0x2050	NoInlining	Public, HideBySig, SpecialName, RTSpecialName	0x10044ca00	0x94851178	0x102590fe0	0x102590fe0	mapped	0x102590fe0
System.Linq.Expressions	1037	0x0600040e	System.Linq.Expressions.Interpreter.DecrementInstruction+DecrementDouble	Run	0x2050	NoInlining	Public, Final, Virtual, HideBySig	0x10044ca04	0x94851178	0x102590fe4	0x102590fe4	mapped	0x102590fe4
System.Linq.Expressions	1038	0x0600040f	System.Linq.Expressions.Interpreter.DecrementInstruction+DecrementDouble	.ctor	0x2050	NoInlining	Public, HideBySig, SpecialName, RTSpecialName	0x10044ca08	0x948511d2	0x102591150	0x102591150	mapped	0x102591150
System.Linq.Expressions	1039	0x06000410	System.Linq.Expressions.Interpreter.DefaultValueInstruction	.ctor	0x2050	NoInlining	Assembly, HideBySig, SpecialName, RTSpecialName	0x10044ca0c	0x948511d2	0x102591154	0x102591154	mapped	0x102591154
System.Linq.Expressions	1040	0x06000411	System.Linq.Expressions.Interpreter.DefaultValueInstruction	get_ProducedStack	0x2050	NoInlining	Public, Final, Virtual, HideBySig, SpecialName	0x10044ca10	0x948511e1	0x102591194	0x102591194	mapped	0x102591194
System.Linq.Expressions	1041	0x06000412	System.Linq.Expressions.Interpreter.DefaultValueInstruction	get_InstructionName	0x2050	NoInlining	Public, Final, Virtual, HideBySig, SpecialName	0x10044ca14	0x948511e2	0x10259119c	0x10259119c	mapped	0x10259119c
System.Linq.Expressions	1042	0x06000413	System.Linq.Expressions.Interpreter.DefaultValueInstruction	Run	0x2050	NoInlining	Public, Final, Virtual, HideBySig	0x10044ca18	0x948511f1	0x1025911dc	0x1025911dc	mapped	0x1025911dc
System.Linq.Expressions	1043	0x06000414	System.Linq.Expressions.Interpreter.DefaultValueInstruction	ToString	0x2050	NoInlining	Public, Final, Virtual, HideBySig	0x10044ca1c	0x94851215	0x102591270	0x102591270	mapped	0x102591270
System.Linq.Expressions	1044	0x06000415	System.Linq.Expressions.Interpreter.DivInstruction	get_ConsumedStack	0x2050	NoInlining	Public, Final, Virtual, HideBySig, SpecialName	0x10044ca20	0x9485123d	0x102591314	0x102591314	mapped	0x102591314
System.Linq.Expressions	1045	0x06000416	System.Linq.Expressions.Interpreter.DivInstruction	get_ProducedStack	0x2050	NoInlining	Public, Final, Virtual, HideBySig, SpecialName	0x10044ca24	0x9485123e	0x10259131c	0x10259131c	mapped	0x10259131c
System.Linq.Expressions	1046	0x06000417	System.Linq.Expressions.Interpreter.DivInstruction	get_InstructionName	0x2050	NoInlining	Public, Final, Virtual, HideBySig, SpecialName	0x10044ca28	0x9485123f	0x102591324	0x102591324	mapped	0x102591324
System.Linq.Expressions	1047	0x06000418	System.Linq.Expressions.Interpreter.DivInstruction	.ctor	0x2050	NoInlining	Private, HideBySig, SpecialName, RTSpecialName	0x10044ca2c	0x9485124e	0x102591364	0x102591364	mapped	0x102591364
System.Linq.Expressions	1048	0x06000419	System.Linq.Expressions.Interpreter.DivInstruction	Create	0x2050	NoInlining	Public, Static, HideBySig	0x10044ca30	0x9485124e	0x102591368	0x102591368	mapped	0x102591368
System.Linq.Expressions	1049	0x0600041a	System.Linq.Expressions.Interpreter.DivInstruction+DivInt16	Run	0x2050	NoInlining	Public, Final, Virtual, HideBySig	0x10044ca34	0x948512b9	0x102591518	0x102591518	mapped	0x102591518
System.Linq.Expressions	1050	0x0600041b	System.Linq.Expressions.Interpreter.DivInstruction+DivInt16	.ctor	0x2050	NoInlining	Public, HideBySig, SpecialName, RTSpecialName	0x10044ca38	0x94851328	0x1025916d8	0x1025916d8	mapped	0x1025916d8
System.Linq.Expressions	1051	0x0600041c	System.Linq.Expressions.Interpreter.DivInstruction+DivInt32	Run	0x2050	NoInlining	Public, Final, Virtual, HideBySig	0x10044ca3c	0x94851328	0x1025916dc	0x1025916dc	mapped	0x1025916dc
System.Linq.Expressions	1052	0x0600041d	System.Linq.Expressions.Interpreter.DivInstruction+DivInt32	.ctor	0x2050	NoInlining	Public, HideBySig, SpecialName, RTSpecialName	0x10044ca40	0x9485139b	0x1025918ac	0x1025918ac	mapped	0x1025918ac
System.Linq.Expressions	1053	0x0600041e	System.Linq.Expressions.Interpreter.DivInstruction+DivInt64	Run	0x2050	NoInlining	Public, Final, Virtual, HideBySig	0x10044ca44	0x9485139b	0x1025918b0	0x1025918b0	mapped	0x1025918b0
System.Linq.Expressions	1054	0x0600041f	System.Linq.Expressions.Interpreter.DivInstruction+DivInt64	.ctor	0x2050	NoInlining	Public, HideBySig, SpecialName, RTSpecialName	0x10044ca48	0x94851414	0x102591a98	0x102591a98	mapped	0x102591a98
System.Linq.Expressions	1055	0x06000420	System.Linq.Expressions.Interpreter.DivInstruction+DivUInt16	Run	0x2050	NoInlining	Public, Final, Virtual, HideBySig	0x10044ca4c	0x94851414	0x102591a9c	0x102591a9c	mapped	0x102591a9c
System.Linq.Expressions	1056	0x06000421	System.Linq.Expressions.Interpreter.DivInstruction+DivUInt16	.ctor	0x2050	NoInlining	Public, HideBySig, SpecialName, RTSpecialName	0x10044ca50	0x94851483	0x102591c5c	0x102591c5c	mapped	0x102591c5c
System.Linq.Expressions	1057	0x06000422	System.Linq.Expressions.Interpreter.DivInstruction+DivUInt32	Run	0x2050	NoInlining	Public, Final, Virtual, HideBySig	0x10044ca54	0x94851483	0x102591c60	0x102591c60	mapped	0x102591c60
System.Linq.Expressions	1058	0x06000423	System.Linq.Expressions.Interpreter.DivInstruction+DivUInt32	.ctor	0x2050	NoInlining	Public, HideBySig, SpecialName, RTSpecialName	0x10044ca58	0x948514f2	0x102591e20	0x102591e20	mapped	0x102591e20
System.Linq.Expressions	1059	0x06000424	System.Linq.Expressions.Interpreter.DivInstruction+DivUInt64	Run	0x2050	NoInlining	Public, Final, Virtual, HideBySig	0x10044ca5c	0x948514f2	0x102591e24	0x102591e24	mapped	0x102591e24
System.Linq.Expressions	1060	0x06000425	System.Linq.Expressions.Interpreter.DivInstruction+DivUInt64	.ctor	0x2050	NoInlining	Public, HideBySig, SpecialName, RTSpecialName	0x10044ca60	0x94851561	0x102591fe4	0x102591fe4	mapped	0x102591fe4
System.Linq.Expressions	1061	0x06000426	System.Linq.Expressions.Interpreter.DivInstruction+DivSingle	Run	0x2050	NoInlining	Public, Final, Virtual, HideBySig	0x10044ca64	0x94851561	0x102591fe8	0x102591fe8	mapped	0x102591fe8
System.Linq.Expressions	1062	0x06000427	System.Linq.Expressions.Interpreter.DivInstruction+DivSingle	.ctor	0x2050	NoInlining	Public, HideBySig, SpecialName, RTSpecialName	0x10044ca68	0x948515ca	0x102592190	0x102592190	mapped	0x102592190
System.Linq.Expressions	1063	0x06000428	System.Linq.Expressions.Interpreter.DivInstruction+DivDouble	Run	0x2050	NoInlining	Public, Final, Virtual, HideBySig	0x10044ca6c	0x948515ca	0x102592194	0x102592194	mapped	0x102592194
System.Linq.Expressions	1064	0x06000429	System.Linq.Expressions.Interpreter.DivInstruction+DivDouble	.ctor	0x2050	NoInlining	Public, HideBySig, SpecialName, RTSpecialName	0x10044ca70	0x94851633	0x10259233c	0x10259233c	mapped	0x10259233c
System.Linq.Expressions	1065	0x0600042a	System.Linq.Expressions.Interpreter.EqualInstruction	get_ConsumedStack	0x2050	NoInlining	Public, Final, Virtual, HideBySig, SpecialName	0x10044ca74	0x94851633	0x102592340	0x102592340	mapped	0x102592340
System.Linq.Expressions	1066	0x0600042b	System.Linq.Expressions.Interpreter.EqualInstruction	get_ProducedStack	0x2050	NoInlining	Public, Final, Virtual, HideBySig, SpecialName	0x10044ca78	0x94851634	0x102592348	0x102592348	mapped	0x102592348
System.Linq.Expressions	1067	0x0600042c	System.Linq.Expressions.Interpreter.EqualInstruction	get_InstructionName	0x2050	NoInlining	Public, Final, Virtual, HideBySig, SpecialName	0x10044ca7c	0x94851635	0x102592350	0x102592350	mapped	0x102592350
System.Linq.Expressions	1068	0x0600042d	System.Linq.Expressions.Interpreter.EqualInstruction	.ctor	0x2050	NoInlining	Private, HideBySig, SpecialName, RTSpecialName	0x10044ca80	0x94851644	0x102592390	0x102592390	mapped	0x102592390
System.Linq.Expressions	1069	0x0600042e	System.Linq.Expressions.Interpreter.EqualInstruction	Create	0x2050	NoInlining	Public, Static, HideBySig	0x10044ca84	0x94851644	0x102592394	0x102592394	mapped	0x102592394
System.Linq.Expressions	1070	0x0600042f	System.Linq.Expressions.Interpreter.EqualInstruction+EqualBoolean	Run	0x2050	NoInlining	Public, Final, Virtual, HideBySig	0x10044ca88	0x94851741	0x10259278c	0x10259278c	mapped	0x10259278c
System.Linq.Expressions	1071	0x06000430	System.Linq.Expressions.Interpreter.EqualInstruction+EqualBoolean	.ctor	0x2050	NoInlining	Public, HideBySig, SpecialName, RTSpecialName	0x10044ca8c	0x948517a1	0x102592910	0x102592910	mapped	0x102592910
System.Linq.Expressions	1072	0x06000431	System.Linq.Expressions.Interpreter.EqualInstruction+EqualSByte	Run	0x2050	NoInlining	Public, Final, Virtual, HideBySig	0x10044ca90	0x948517a1	0x102592914	0x102592914	mapped	0x102592914
System.Linq.Expressions	1073	0x06000432	System.Linq.Expressions.Interpreter.EqualInstruction+EqualSByte	.ctor	0x2050	NoInlining	Public, HideBySig, SpecialName, RTSpecialName	0x10044ca94	0x94851801	0x102592a98	0x102592a98	mapped	0x102592a98
System.Linq.Expressions	1074	0x06000433	System.Linq.Expressions.Interpreter.EqualInstruction+EqualInt16	Run	0x2050	NoInlining	Public, Final, Virtual, HideBySig	0x10044ca98	0x94851801	0x102592a9c	0x102592a9c	mapped	0x102592a9c
System.Linq.Expressions	1075	0x06000434	System.Linq.Expressions.Interpreter.EqualInstruction+EqualInt16	.ctor	0x2050	NoInlining	Public, HideBySig, SpecialName, RTSpecialName	0x10044ca9c	0x94851861	0x102592c20	0x102592c20	mapped	0x102592c20
System.Linq.Expressions	1076	0x06000435	System.Linq.Expressions.Interpreter.EqualInstruction+EqualChar	Run	0x2050	NoInlining	Public, Final, Virtual, HideBySig	0x10044caa0	0x94851861	0x102592c24	0x102592c24	mapped	0x102592c24
System.Linq.Expressions	1077	0x06000436	System.Linq.Expressions.Interpreter.EqualInstruction+EqualChar	.ctor	0x2050	NoInlining	Public, HideBySig, SpecialName, RTSpecialName	0x10044caa4	0x948518c1	0x102592da8	0x102592da8	mapped	0x102592da8
System.Linq.Expressions	1078	0x06000437	System.Linq.Expressions.Interpreter.EqualInstruction+EqualInt32	Run	0x2050	NoInlining	Public, Final, Virtual, HideBySig	0x10044caa8	0x948518c1	0x102592dac	0x102592dac	mapped	0x102592dac
System.Linq.Expressions	1079	0x06000438	System.Linq.Expressions.Interpreter.EqualInstruction+EqualInt32	.ctor	0x2050	NoInlining	Public, HideBySig, SpecialName, RTSpecialName	0x10044caac	0x94851921	0x102592f30	0x102592f30	mapped	0x102592f30
System.Linq.Expressions	1080	0x06000439	System.Linq.Expressions.Interpreter.EqualInstruction+EqualInt64	Run	0x2050	NoInlining	Public, Final, Virtual, HideBySig	0x10044cab0	0x94851921	0x102592f34	0x102592f34	mapped	0x102592f34
System.Linq.Expressions	1081	0x0600043a	System.Linq.Expressions.Interpreter.EqualInstruction+EqualInt64	.ctor	0x2050	NoInlining	Public, HideBySig, SpecialName, RTSpecialName	0x10044cab4	0x94851981	0x1025930b8	0x1025930b8	mapped	0x1025930b8
System.Linq.Expressions	1082	0x0600043b	System.Linq.Expressions.Interpreter.EqualInstruction+EqualByte	Run	0x2050	NoInlining	Public, Final, Virtual, HideBySig	0x10044cab8	0x94851981	0x1025930bc	0x1025930bc	mapped	0x1025930bc
System.Linq.Expressions	1083	0x0600043c	System.Linq.Expressions.Interpreter.EqualInstruction+EqualByte	.ctor	0x2050	NoInlining	Public, HideBySig, SpecialName, RTSpecialName	0x10044cabc	0x948519e1	0x102593240	0x102593240	mapped	0x102593240
System.Linq.Expressions	1084	0x0600043d	System.Linq.Expressions.Interpreter.EqualInstruction+EqualUInt16	Run	0x2050	NoInlining	Public, Final, Virtual, HideBySig	0x10044cac0	0x948519e1	0x102593244	0x102593244	mapped	0x102593244
System.Linq.Expressions	1085	0x0600043e	System.Linq.Expressions.Interpreter.EqualInstruction+EqualUInt16	.ctor	0x2050	NoInlining	Public, HideBySig, SpecialName, RTSpecialName	0x10044cac4	0x94851a41	0x1025933c8	0x1025933c8	mapped	0x1025933c8
System.Linq.Expressions	1086	0x0600043f	System.Linq.Expressions.Interpreter.EqualInstruction+EqualUInt32	Run	0x2050	NoInlining	Public, Final, Virtual, HideBySig	0x10044cac8	0x94851a41	0x1025933cc	0x1025933cc	mapped	0x1025933cc
System.Linq.Expressions	1087	0x06000440	System.Linq.Expressions.Interpreter.EqualInstruction+EqualUInt32	.ctor	0x2050	NoInlining	Public, HideBySig, SpecialName, RTSpecialName	0x10044cacc	0x94851aa1	0x102593550	0x102593550	mapped	0x102593550
System.Linq.Expressions	1088	0x06000441	System.Linq.Expressions.Interpreter.EqualInstruction+EqualUInt64	Run	0x2050	NoInlining	Public, Final, Virtual, HideBySig	0x10044cad0	0x94851aa1	0x102593554	0x102593554	mapped	0x102593554
System.Linq.Expressions	1089	0x06000442	System.Linq.Expressions.Interpreter.EqualInstruction+EqualUInt64	.ctor	0x2050	NoInlining	Public, HideBySig, SpecialName, RTSpecialName	0x10044cad4	0x94851b01	0x1025936d8	0x1025936d8	mapped	0x1025936d8
System.Linq.Expressions	1090	0x06000443	System.Linq.Expressions.Interpreter.EqualInstruction+EqualSingle	Run	0x2050	NoInlining	Public, Final, Virtual, HideBySig	0x10044cad8	0x94851b01	0x1025936dc	0x1025936dc	mapped	0x1025936dc
System.Linq.Expressions	1091	0x06000444	System.Linq.Expressions.Interpreter.EqualInstruction+EqualSingle	.ctor	0x2050	NoInlining	Public, HideBySig, SpecialName, RTSpecialName	0x10044cadc	0x94851b61	0x102593860	0x102593860	mapped	0x102593860
System.Linq.Expressions	1092	0x06000445	System.Linq.Expressions.Interpreter.EqualInstruction+EqualDouble	Run	0x2050	NoInlining	Public, Final, Virtual, HideBySig	0x10044cae0	0x94851b61	0x102593864	0x102593864	mapped	0x102593864
System.Linq.Expressions	1093	0x06000446	System.Linq.Expressions.Interpreter.EqualInstruction+EqualDouble	.ctor	0x2050	NoInlining	Public, HideBySig, SpecialName, RTSpecialName	0x10044cae4	0x94851bc1	0x1025939e8	0x1025939e8	mapped	0x1025939e8
System.Linq.Expressions	1094	0x06000447	System.Linq.Expressions.Interpreter.EqualInstruction+EqualReference	Run	0x2050	NoInlining	Public, Final, Virtual, HideBySig	0x10044cae8	0x94851bc1	0x1025939ec	0x1025939ec	mapped	0x1025939ec
System.Linq.Expressions	1095	0x06000448	System.Linq.Expressions.Interpreter.EqualInstruction+EqualReference	.ctor	0x2050	NoInlining	Public, HideBySig, SpecialName, RTSpecialName	0x10044caec	0x94851bf1	0x102593ab0	0x102593ab0	mapped	0x102593ab0
System.Linq.Expressions	1096	0x06000449	System.Linq.Expressions.Interpreter.EqualInstruction+EqualBooleanLiftedToNull	Run	0x2050	NoInlining	Public, Final, Virtual, HideBySig	0x10044caf0	0x94851bf1	0x102593ab4	0x102593ab4	mapped	0x102593ab4
System.Linq.Expressions	1097	0x0600044a	System.Linq.Expressions.Interpreter.EqualInstruction+EqualBooleanLiftedToNull	.ctor	0x2050	NoInlining	Public, HideBySig, SpecialName, RTSpecialName	0x10044caf4	0x94851c55	0x102593c48	0x102593c48	mapped	0x102593c48
System.Linq.Expressions	1098	0x0600044b	System.Linq.Expressions.Interpreter.EqualInstruction+EqualSByteLiftedToNull	Run	0x2050	NoInlining	Public, Final, Virtual, HideBySig	0x10044caf8	0x94851c55	0x102593c4c	0x102593c4c	mapped	0x102593c4c
System.Linq.Expressions	1099	0x0600044c	System.Linq.Expressions.Interpreter.EqualInstruction+EqualSByteLiftedToNull	.ctor	0x2050	NoInlining	Public, HideBySig, SpecialName, RTSpecialName	0x10044cafc	0x94851cb9	0x102593de0	0x102593de0	mapped	0x102593de0
System.Linq.Expressions	1100	0x0600044d	System.Linq.Expressions.Interpreter.EqualInstruction+EqualInt16LiftedToNull	Run	0x2050	NoInlining	Public, Final, Virtual, HideBySig	0x10044cb00	0x94851cb9	0x102593de4	0x102593de4	mapped	0x102593de4
System.Linq.Expressions	1101	0x0600044e	System.Linq.Expressions.Interpreter.EqualInstruction+EqualInt16LiftedToNull	.ctor	0x2050	NoInlining	Public, HideBySig, SpecialName, RTSpecialName	0x10044cb04	0x94851d1d	0x102593f78	0x102593f78	mapped	0x102593f78
System.Linq.Expressions	1102	0x0600044f	System.Linq.Expressions.Interpreter.EqualInstruction+EqualCharLiftedToNull	Run	0x2050	NoInlining	Public, Final, Virtual, HideBySig	0x10044cb08	0x94851d1d	0x102593f7c	0x102593f7c	mapped	0x102593f7c
System.Linq.Expressions	1103	0x06000450	System.Linq.Expressions.Interpreter.EqualInstruction+EqualCharLiftedToNull	.ctor	0x2050	NoInlining	Public, HideBySig, SpecialName, RTSpecialName	0x10044cb0c	0x94851d81	0x102594110	0x102594110	mapped	0x102594110
System.Linq.Expressions	1104	0x06000451	System.Linq.Expressions.Interpreter.EqualInstruction+EqualInt32LiftedToNull	Run	0x2050	NoInlining	Public, Final, Virtual, HideBySig	0x10044cb10	0x94851d81	0x102594114	0x102594114	mapped	0x102594114
System.Linq.Expressions	1105	0x06000452	System.Linq.Expressions.Interpreter.EqualInstruction+EqualInt32LiftedToNull	.ctor	0x2050	NoInlining	Public, HideBySig, SpecialName, RTSpecialName	0x10044cb14	0x94851de5	0x1025942a8	0x1025942a8	mapped	0x1025942a8
System.Linq.Expressions	1106	0x06000453	System.Linq.Expressions.Interpreter.EqualInstruction+EqualInt64LiftedToNull	Run	0x2050	NoInlining	Public, Final, Virtual, HideBySig	0x10044cb18	0x94851de5	0x1025942ac	0x1025942ac	mapped	0x1025942ac
System.Linq.Expressions	1107	0x06000454	System.Linq.Expressions.Interpreter.EqualInstruction+EqualInt64LiftedToNull	.ctor	0x2050	NoInlining	Public, HideBySig, SpecialName, RTSpecialName	0x10044cb1c	0x94851e49	0x102594440	0x102594440	mapped	0x102594440
System.Linq.Expressions	1108	0x06000455	System.Linq.Expressions.Interpreter.EqualInstruction+EqualByteLiftedToNull	Run	0x2050	NoInlining	Public, Final, Virtual, HideBySig	0x10044cb20	0x94851e49	0x102594444	0x102594444	mapped	0x102594444
System.Linq.Expressions	1109	0x06000456	System.Linq.Expressions.Interpreter.EqualInstruction+EqualByteLiftedToNull	.ctor	0x2050	NoInlining	Public, HideBySig, SpecialName, RTSpecialName	0x10044cb24	0x94851ead	0x1025945d8	0x1025945d8	mapped	0x1025945d8
System.Linq.Expressions	1110	0x06000457	System.Linq.Expressions.Interpreter.EqualInstruction+EqualUInt16LiftedToNull	Run	0x2050	NoInlining	Public, Final, Virtual, HideBySig	0x10044cb28	0x94851ead	0x1025945dc	0x1025945dc	mapped	0x1025945dc
System.Linq.Expressions	1111	0x06000458	System.Linq.Expressions.Interpreter.EqualInstruction+EqualUInt16LiftedToNull	.ctor	0x2050	NoInlining	Public, HideBySig, SpecialName, RTSpecialName	0x10044cb2c	0x94851f11	0x102594770	0x102594770	mapped	0x102594770
System.Linq.Expressions	1112	0x06000459	System.Linq.Expressions.Interpreter.EqualInstruction+EqualUInt32LiftedToNull	Run	0x2050	NoInlining	Public, Final, Virtual, HideBySig	0x10044cb30	0x94851f11	0x102594774	0x102594774	mapped	0x102594774
System.Linq.Expressions	1113	0x0600045a	System.Linq.Expressions.Interpreter.EqualInstruction+EqualUInt32LiftedToNull	.ctor	0x2050	NoInlining	Public, HideBySig, SpecialName, RTSpecialName	0x10044cb34	0x94851f75	0x102594908	0x102594908	mapped	0x102594908
System.Linq.Expressions	1114	0x0600045b	System.Linq.Expressions.Interpreter.EqualInstruction+EqualUInt64LiftedToNull	Run	0x2050	NoInlining	Public, Final, Virtual, HideBySig	0x10044cb38	0x94851f75	0x10259490c	0x10259490c	mapped	0x10259490c
System.Linq.Expressions	1115	0x0600045c	System.Linq.Expressions.Interpreter.EqualInstruction+EqualUInt64LiftedToNull	.ctor	0x2050	NoInlining	Public, HideBySig, SpecialName, RTSpecialName	0x10044cb3c	0x94851fd9	0x102594aa0	0x102594aa0	mapped	0x102594aa0
System.Linq.Expressions	1116	0x0600045d	System.Linq.Expressions.Interpreter.EqualInstruction+EqualSingleLiftedToNull	Run	0x2050	NoInlining	Public, Final, Virtual, HideBySig	0x10044cb40	0x94851fd9	0x102594aa4	0x102594aa4	mapped	0x102594aa4
System.Linq.Expressions	1117	0x0600045e	System.Linq.Expressions.Interpreter.EqualInstruction+EqualSingleLiftedToNull	.ctor	0x2050	NoInlining	Public, HideBySig, SpecialName, RTSpecialName	0x10044cb44	0x9485203d	0x102594c38	0x102594c38	mapped	0x102594c38
System.Linq.Expressions	1118	0x0600045f	System.Linq.Expressions.Interpreter.EqualInstruction+EqualDoubleLiftedToNull	Run	0x2050	NoInlining	Public, Final, Virtual, HideBySig	0x10044cb48	0x9485203d	0x102594c3c	0x102594c3c	mapped	0x102594c3c
System.Linq.Expressions	1119	0x06000460	System.Linq.Expressions.Interpreter.EqualInstruction+EqualDoubleLiftedToNull	.ctor	0x2050	NoInlining	Public, HideBySig, SpecialName, RTSpecialName	0x10044cb4c	0x948520a1	0x102594dd0	0x102594dd0	mapped	0x102594dd0
System.Linq.Expressions	1120	0x06000461	System.Linq.Expressions.Interpreter.ExclusiveOrInstruction	get_ConsumedStack	0x2050	NoInlining	Public, Final, Virtual, HideBySig, SpecialName	0x10044cb50	0x948520a1	0x102594dd4	0x102594dd4	mapped	0x102594dd4
System.Linq.Expressions	1121	0x06000462	System.Linq.Expressions.Interpreter.ExclusiveOrInstruction	get_ProducedStack	0x2050	NoInlining	Public, Final, Virtual, HideBySig, SpecialName	0x10044cb54	0x948520a2	0x102594ddc	0x102594ddc	mapped	0x102594ddc
System.Linq.Expressions	1122	0x06000463	System.Linq.Expressions.Interpreter.ExclusiveOrInstruction	get_InstructionName	0x2050	NoInlining	Public, Final, Virtual, HideBySig, SpecialName	0x10044cb58	0x948520a3	0x102594de4	0x102594de4	mapped	0x102594de4
System.Linq.Expressions	1123	0x06000464	System.Linq.Expressions.Interpreter.ExclusiveOrInstruction	.ctor	0x2050	NoInlining	Private, HideBySig, SpecialName, RTSpecialName	0x10044cb5c	0x948520b2	0x102594e24	0x102594e24	mapped	0x102594e24
System.Linq.Expressions	1124	0x06000465	System.Linq.Expressions.Interpreter.ExclusiveOrInstruction	Create	0x2050	NoInlining	Public, Static, HideBySig	0x10044cb60	0x948520b2	0x102594e28	0x102594e28	mapped	0x102594e28
System.Linq.Expressions	1125	0x06000466	System.Linq.Expressions.Interpreter.ExclusiveOrInstruction+ExclusiveOrSByte	Run	0x2050	NoInlining	Public, Final, Virtual, HideBySig	0x10044cb64	0x94852125	0x102594ff8	0x102594ff8	mapped	0x102594ff8
System.Linq.Expressions	1126	0x06000467	System.Linq.Expressions.Interpreter.ExclusiveOrInstruction+ExclusiveOrSByte	.ctor	0x2050	NoInlining	Public, HideBySig, SpecialName, RTSpecialName	0x10044cb68	0x94852188	0x102595188	0x102595188	mapped	0x102595188
System.Linq.Expressions	1127	0x06000468	System.Linq.Expressions.Interpreter.ExclusiveOrInstruction+ExclusiveOrInt16	Run	0x2050	NoInlining	Public, Final, Virtual, HideBySig	0x10044cb6c	0x94852188	0x10259518c	0x10259518c	mapped	0x10259518c
System.Linq.Expressions	1128	0x06000469	System.Linq.Expressions.Interpreter.ExclusiveOrInstruction+ExclusiveOrInt16	.ctor	0x2050	NoInlining	Public, HideBySig, SpecialName, RTSpecialName	0x10044cb70	0x948521eb	0x10259531c	0x10259531c	mapped	0x10259531c
System.Linq.Expressions	1129	0x0600046a	System.Linq.Expressions.Interpreter.ExclusiveOrInstruction+ExclusiveOrInt32	Run	0x2050	NoInlining	Public, Final, Virtual, HideBySig	0x10044cb74	0x948521eb	0x102595320	0x102595320	mapped	0x102595320
System.Linq.Expressions	1130	0x0600046b	System.Linq.Expressions.Interpreter.ExclusiveOrInstruction+ExclusiveOrInt32	.ctor	0x2050	NoInlining	Public, HideBySig, SpecialName, RTSpecialName	0x10044cb78	0x9485224e	0x1025954b0	0x1025954b0	mapped	0x1025954b0
System.Linq.Expressions	1131	0x0600046c	System.Linq.Expressions.Interpreter.ExclusiveOrInstruction+ExclusiveOrInt64	Run	0x2050	NoInlining	Public, Final, Virtual, HideBySig	0x10044cb7c	0x9485224e	0x1025954b4	0x1025954b4	mapped	0x1025954b4
System.Linq.Expressions	1132	0x0600046d	System.Linq.Expressions.Interpreter.ExclusiveOrInstruction+ExclusiveOrInt64	.ctor	0x2050	NoInlining	Public, HideBySig, SpecialName, RTSpecialName	0x10044cb80	0x948522bd	0x102595674	0x102595674	mapped	0x102595674
System.Linq.Expressions	1133	0x0600046e	System.Linq.Expressions.Interpreter.ExclusiveOrInstruction+ExclusiveOrByte	Run	0x2050	NoInlining	Public, Final, Virtual, HideBySig	0x10044cb84	0x948522bd	0x102595678	0x102595678	mapped	0x102595678
System.Linq.Expressions	1134	0x0600046f	System.Linq.Expressions.Interpreter.ExclusiveOrInstruction+ExclusiveOrByte	.ctor	0x2050	NoInlining	Public, HideBySig, SpecialName, RTSpecialName	0x10044cb88	0x94852320	0x102595808	0x102595808	mapped	0x102595808
System.Linq.Expressions	1135	0x06000470	System.Linq.Expressions.Interpreter.ExclusiveOrInstruction+ExclusiveOrUInt16	Run	0x2050	NoInlining	Public, Final, Virtual, HideBySig	0x10044cb8c	0x94852320	0x10259580c	0x10259580c	mapped	0x10259580c
System.Linq.Expressions	1136	0x06000471	System.Linq.Expressions.Interpreter.ExclusiveOrInstruction+ExclusiveOrUInt16	.ctor	0x2050	NoInlining	Public, HideBySig, SpecialName, RTSpecialName	0x10044cb90	0x94852383	0x10259599c	0x10259599c	mapped	0x10259599c
System.Linq.Expressions	1137	0x06000472	System.Linq.Expressions.Interpreter.ExclusiveOrInstruction+ExclusiveOrUInt32	Run	0x2050	NoInlining	Public, Final, Virtual, HideBySig	0x10044cb94	0x94852383	0x1025959a0	0x1025959a0	mapped	0x1025959a0
System.Linq.Expressions	1138	0x06000473	System.Linq.Expressions.Interpreter.ExclusiveOrInstruction+ExclusiveOrUInt32	.ctor	0x2050	NoInlining	Public, HideBySig, SpecialName, RTSpecialName	0x10044cb98	0x948523f2	0x102595b60	0x102595b60	mapped	0x102595b60
System.Linq.Expressions	1139	0x06000474	System.Linq.Expressions.Interpreter.ExclusiveOrInstruction+ExclusiveOrUInt64	Run	0x2050	NoInlining	Public, Final, Virtual, HideBySig	0x10044cb9c	0x948523f2	0x102595b64	0x102595b64	mapped	0x102595b64
System.Linq.Expressions	1140	0x06000475	System.Linq.Expressions.Interpreter.ExclusiveOrInstruction+ExclusiveOrUInt64	.ctor	0x2050	NoInlining	Public, HideBySig, SpecialName, RTSpecialName	0x10044cba0	0x94852461	0x102595d24	0x102595d24	mapped	0x102595d24
System.Linq.Expressions	1141	0x06000476	System.Linq.Expressions.Interpreter.ExclusiveOrInstruction+ExclusiveOrBoolean	Run	0x2050	NoInlining	Public, Final, Virtual, HideBySig	0x10044cba4	0x94852461	0x102595d28	0x102595d28	mapped	0x102595d28
System.Linq.Expressions	1142	0x06000477	System.Linq.Expressions.Interpreter.ExclusiveOrInstruction+ExclusiveOrBoolean	.ctor	0x2050	NoInlining	Public, HideBySig, SpecialName, RTSpecialName	0x10044cba8	0x948524c4	0x102595eb8	0x102595eb8	mapped	0x102595eb8
System.Linq.Expressions	1143	0x06000478	System.Linq.Expressions.Interpreter.FieldInstruction	.ctor	0x2050	NoInlining	Public, HideBySig, SpecialName, RTSpecialName	0x10044cbac	0x948524c4	0x102595ebc	0x102595ebc	mapped	0x102595ebc
System.Linq.Expressions	1144	0x06000479	System.Linq.Expressions.Interpreter.FieldInstruction	ToString	0x2050	NoInlining	Public, Final, Virtual, HideBySig	0x10044cbb0	0x948524d3	0x102595efc	0x102595efc	mapped	0x102595efc
System.Linq.Expressions	1145	0x0600047a	System.Linq.Expressions.Interpreter.LoadStaticFieldInstruction	.ctor	0x2050	NoInlining	Public, HideBySig, SpecialName, RTSpecialName	0x10044cbb4	0x94852503	0x102595fc0	0x102595fc0	mapped	0x102595fc0
System.Linq.Expressions	1146	0x0600047b	System.Linq.Expressions.Interpreter.LoadStaticFieldInstruction	get_InstructionName	0x2050	NoInlining	Public, Final, Virtual, HideBySig, SpecialName	0x10044cbb8	0x94852512	0x102596000	0x102596000	mapped	0x102596000
System.Linq.Expressions	1147	0x0600047c	System.Linq.Expressions.Interpreter.LoadStaticFieldInstruction	get_ProducedStack	0x2050	NoInlining	Public, Final, Virtual, HideBySig, SpecialName	0x10044cbbc	0x94852521	0x102596040	0x102596040	mapped	0x102596040
System.Linq.Expressions	1148	0x0600047d	System.Linq.Expressions.Interpreter.LoadStaticFieldInstruction	Run	0x2050	NoInlining	Public, Final, Virtual, HideBySig	0x10044cbc0	0x94852522	0x102596048	0x102596048	mapped	0x102596048
System.Linq.Expressions	1149	0x0600047e	System.Linq.Expressions.Interpreter.LoadFieldInstruction	.ctor	0x2050	NoInlining	Public, HideBySig, SpecialName, RTSpecialName	0x10044cbc4	0x9485254c	0x1025960f4	0x1025960f4	mapped	0x1025960f4
System.Linq.Expressions	1150	0x0600047f	System.Linq.Expressions.Interpreter.LoadFieldInstruction	get_InstructionName	0x2050	NoInlining	Public, Final, Virtual, HideBySig, SpecialName	0x10044cbc8	0x9485255b	0x102596134	0x102596134	mapped	0x102596134
System.Linq.Expressions	1151	0x06000480	System.Linq.Expressions.Interpreter.LoadFieldInstruction	get_ConsumedStack	0x2050	NoInlining	Public, Final, Virtual, HideBySig, SpecialName	0x10044cbcc	0x9485256a	0x102596174	0x102596174	mapped	0x102596174
System.Linq.Expressions	1152	0x06000481	System.Linq.Expressions.Interpreter.LoadFieldInstruction	get_ProducedStack	0x2050	NoInlining	Public, Final, Virtual, HideBySig, SpecialName	0x10044cbd0	0x9485256b	0x10259617c	0x10259617c	mapped	0x10259617c
System.Linq.Expressions	1153	0x06000482	System.Linq.Expressions.Interpreter.LoadFieldInstruction	Run	0x2050	NoInlining	Public, Final, Virtual, HideBySig	0x10044cbd4	0x9485256c	0x102596184	0x102596184	mapped	0x102596184
System.Linq.Expressions	1154	0x06000483	System.Linq.Expressions.Interpreter.StoreFieldInstruction	.ctor	0x2050	NoInlining	Public, HideBySig, SpecialName, RTSpecialName	0x10044cbd8	0x948525ab	0x102596284	0x102596284	mapped	0x102596284
System.Linq.Expressions	1155	0x06000484	System.Linq.Expressions.Interpreter.StoreFieldInstruction	get_InstructionName	0x2050	NoInlining	Public, Final, Virtual, HideBySig, SpecialName	0x10044cbdc	0x948525ba	0x1025962c4	0x1025962c4	mapped	0x1025962c4
System.Linq.Expressions	1156	0x06000485	System.Linq.Expressions.Interpreter.StoreFieldInstruction	get_ConsumedStack	0x2050	NoInlining	Public, Final, Virtual, HideBySig, SpecialName	0x10044cbe0	0x948525c9	0x102596304	0x102596304	mapped	0x102596304
System.Linq.Expressions	1157	0x06000486	System.Linq.Expressions.Interpreter.StoreFieldInstruction	Run	0x2050	NoInlining	Public, Final, Virtual, HideBySig	0x10044cbe4	0x948525ca	0x10259630c	0x10259630c	mapped	0x10259630c
System.Linq.Expressions	1158	0x06000487	System.Linq.Expressions.Interpreter.StoreStaticFieldInstruction	.ctor	0x2050	NoInlining	Public, HideBySig, SpecialName, RTSpecialName	0x10044cbe8	0x94852604	0x1025963f8	0x1025963f8	mapped	0x1025963f8
System.Linq.Expressions	1159	0x06000488	System.Linq.Expressions.Interpreter.StoreStaticFieldInstruction	get_InstructionName	0x2050	NoInlining	Public, Final, Virtual, HideBySig, SpecialName	0x10044cbec	0x94852613	0x102596438	0x102596438	mapped	0x102596438
System.Linq.Expressions	1160	0x06000489	System.Linq.Expressions.Interpreter.StoreStaticFieldInstruction	get_ConsumedStack	0x2050	NoInlining	Public, Final, Virtual, HideBySig, SpecialName	0x10044cbf0	0x94852622	0x102596478	0x102596478	mapped	0x102596478
System.Linq.Expressions	1161	0x0600048a	System.Linq.Expressions.Interpreter.StoreStaticFieldInstruction	Run	0x2050	NoInlining	Public, Final, Virtual, HideBySig	0x10044cbf4	0x94852623	0x102596480	0x102596480	mapped	0x102596480
System.Linq.Expressions	1162	0x0600048b	System.Linq.Expressions.Interpreter.GreaterThanInstruction	get_ConsumedStack	0x2050	NoInlining	Public, Final, Virtual, HideBySig, SpecialName	0x10044cbf8	0x94852651	0x10259653c	0x10259653c	mapped	0x10259653c
System.Linq.Expressions	1163	0x0600048c	System.Linq.Expressions.Interpreter.GreaterThanInstruction	get_ProducedStack	0x2050	NoInlining	Public, Final, Virtual, HideBySig, SpecialName	0x10044cbfc	0x94852652	0x102596544	0x102596544	mapped	0x102596544
System.Linq.Expressions	1164	0x0600048d	System.Linq.Expressions.Interpreter.GreaterThanInstruction	get_InstructionName	0x2050	NoInlining	Public, Final, Virtual, HideBySig, SpecialName	0x10044cc00	0x94852653	0x10259654c	0x10259654c	mapped	0x10259654c
System.Linq.Expressions	1165	0x0600048e	System.Linq.Expressions.Interpreter.GreaterThanInstruction	.ctor	0x2050	NoInlining	Private, HideBySig, SpecialName, RTSpecialName	0x10044cc04	0x94852662	0x10259658c	0x10259658c	mapped	0x10259658c
System.Linq.Expressions	1166	0x0600048f	System.Linq.Expressions.Interpreter.GreaterThanInstruction	Create	0x2050	NoInlining	Public, Static, HideBySig	0x10044cc08	0x94852671	0x1025965cc	0x1025965cc	mapped	0x1025965cc
System.Linq.Expressions	1167	0x06000490	System.Linq.Expressions.Interpreter.GreaterThanInstruction+GreaterThanSByte	.ctor	0x2050	NoInlining	Public, HideBySig, SpecialName, RTSpecialName	0x10044cc0c	0x9485276d	0x1025969c0	0x1025969c0	mapped	0x1025969c0
System.Linq.Expressions	1168	0x06000491	System.Linq.Expressions.Interpreter.GreaterThanInstruction+GreaterThanSByte	Run	0x2050	NoInlining	Public, Final, Virtual, HideBySig	0x10044cc10	0x9485277c	0x102596a00	0x102596a00	mapped	0x102596a00
System.Linq.Expressions	1169	0x06000492	System.Linq.Expressions.Interpreter.GreaterThanInstruction+GreaterThanInt16	.ctor	0x2050	NoInlining	Public, HideBySig, SpecialName, RTSpecialName	0x10044cc14	0x948527e4	0x102596ba4	0x102596ba4	mapped	0x102596ba4
System.Linq.Expressions	1170	0x06000493	System.Linq.Expressions.Interpreter.GreaterThanInstruction+GreaterThanInt16	Run	0x2050	NoInlining	Public, Final, Virtual, HideBySig	0x10044cc18	0x948527f3	0x102596be4	0x102596be4	mapped	0x102596be4
System.Linq.Expressions	1171	0x06000494	System.Linq.Expressions.Interpreter.GreaterThanInstruction+GreaterThanChar	.ctor	0x2050	NoInlining	Public, HideBySig, SpecialName, RTSpecialName	0x10044cc1c	0x9485285b	0x102596d88	0x102596d88	mapped	0x102596d88
System.Linq.Expressions	1172	0x06000495	System.Linq.Expressions.Interpreter.GreaterThanInstruction+GreaterThanChar	Run	0x2050	NoInlining	Public, Final, Virtual, HideBySig	0x10044cc20	0x9485286a	0x102596dc8	0x102596dc8	mapped	0x102596dc8
System.Linq.Expressions	1173	0x06000496	System.Linq.Expressions.Interpreter.GreaterThanInstruction+GreaterThanInt32	.ctor	0x2050	NoInlining	Public, HideBySig, SpecialName, RTSpecialName	0x10044cc24	0x948528d2	0x102596f6c	0x102596f6c	mapped	0x102596f6c
System.Linq.Expressions	1174	0x06000497	System.Linq.Expressions.Interpreter.GreaterThanInstruction+GreaterThanInt32	Run	0x2050	NoInlining	Public, Final, Virtual, HideBySig	0x10044cc28	0x948528e1	0x102596fac	0x102596fac	mapped	0x102596fac
System.Linq.Expressions	1175	0x06000498	System.Linq.Expressions.Interpreter.GreaterThanInstruction+GreaterThanInt64	.ctor	0x2050	NoInlining	Public, HideBySig, SpecialName, RTSpecialName	0x10044cc2c	0x94852949	0x102597150	0x102597150	mapped	0x102597150
System.Linq.Expressions	1176	0x06000499	System.Linq.Expressions.Interpreter.GreaterThanInstruction+GreaterThanInt64	Run	0x2050	NoInlining	Public, Final, Virtual, HideBySig	0x10044cc30	0x94852958	0x102597190	0x102597190	mapped	0x102597190
System.Linq.Expressions	1177	0x0600049a	System.Linq.Expressions.Interpreter.GreaterThanInstruction+GreaterThanByte	.ctor	0x2050	NoInlining	Public, HideBySig, SpecialName, RTSpecialName	0x10044cc34	0x948529c0	0x102597334	0x102597334	mapped	0x102597334
System.Linq.Expressions	1178	0x0600049b	System.Linq.Expressions.Interpreter.GreaterThanInstruction+GreaterThanByte	Run	0x2050	NoInlining	Public, Final, Virtual, HideBySig	0x10044cc38	0x948529cf	0x102597374	0x102597374	mapped	0x102597374
System.Linq.Expressions	1179	0x0600049c	System.Linq.Expressions.Interpreter.GreaterThanInstruction+GreaterThanUInt16	.ctor	0x2050	NoInlining	Public, HideBySig, SpecialName, RTSpecialName	0x10044cc3c	0x94852a37	0x102597518	0x102597518	mapped	0x102597518
System.Linq.Expressions	1180	0x0600049d	System.Linq.Expressions.Interpreter.GreaterThanInstruction+GreaterThanUInt16	Run	0x2050	NoInlining	Public, Final, Virtual, HideBySig	0x10044cc40	0x94852a46	0x102597558	0x102597558	mapped	0x102597558
System.Linq.Expressions	1181	0x0600049e	System.Linq.Expressions.Interpreter.GreaterThanInstruction+GreaterThanUInt32	.ctor	0x2050	NoInlining	Public, HideBySig, SpecialName, RTSpecialName	0x10044cc44	0x94852aae	0x1025976fc	0x1025976fc	mapped	0x1025976fc
System.Linq.Expressions	1182	0x0600049f	System.Linq.Expressions.Interpreter.GreaterThanInstruction+GreaterThanUInt32	Run	0x2050	NoInlining	Public, Final, Virtual, HideBySig	0x10044cc48	0x94852abd	0x10259773c	0x10259773c	mapped	0x10259773c
System.Linq.Expressions	1183	0x060004a0	System.Linq.Expressions.Interpreter.GreaterThanInstruction+GreaterThanUInt64	.ctor	0x2050	NoInlining	Public, HideBySig, SpecialName, RTSpecialName	0x10044cc4c	0x94852b25	0x1025978e0	0x1025978e0	mapped	0x1025978e0
System.Linq.Expressions	1184	0x060004a1	System.Linq.Expressions.Interpreter.GreaterThanInstruction+GreaterThanUInt64	Run	0x2050	NoInlining	Public, Final, Virtual, HideBySig	0x10044cc50	0x94852b34	0x102597920	0x102597920	mapped	0x102597920
System.Linq.Expressions	1185	0x060004a2	System.Linq.Expressions.Interpreter.GreaterThanInstruction+GreaterThanSingle	.ctor	0x2050	NoInlining	Public, HideBySig, SpecialName, RTSpecialName	0x10044cc54	0x94852b9c	0x102597ac4	0x102597ac4	mapped	0x102597ac4
System.Linq.Expressions	1186	0x060004a3	System.Linq.Expressions.Interpreter.GreaterThanInstruction+GreaterThanSingle	Run	0x2050	NoInlining	Public, Final, Virtual, HideBySig	0x10044cc58	0x94852bab	0x102597b04	0x102597b04	mapped	0x102597b04
System.Linq.Expressions	1187	0x060004a4	System.Linq.Expressions.Interpreter.GreaterThanInstruction+GreaterThanDouble	.ctor	0x2050	NoInlining	Public, HideBySig, SpecialName, RTSpecialName	0x10044cc5c	0x94852c13	0x102597ca8	0x102597ca8	mapped	0x102597ca8
System.Linq.Expressions	1188	0x060004a5	System.Linq.Expressions.Interpreter.GreaterThanInstruction+GreaterThanDouble	Run	0x2050	NoInlining	Public, Final, Virtual, HideBySig	0x10044cc60	0x94852c22	0x102597ce8	0x102597ce8	mapped	0x102597ce8
System.Linq.Expressions	1189	0x060004a6	System.Linq.Expressions.Interpreter.GreaterThanOrEqualInstruction	get_ConsumedStack	0x2050	NoInlining	Public, Final, Virtual, HideBySig, SpecialName	0x10044cc64	0x94852c8a	0x102597e8c	0x102597e8c	mapped	0x102597e8c
System.Linq.Expressions	1190	0x060004a7	System.Linq.Expressions.Interpreter.GreaterThanOrEqualInstruction	get_ProducedStack	0x2050	NoInlining	Public, Final, Virtual, HideBySig, SpecialName	0x10044cc68	0x94852c8b	0x102597e94	0x102597e94	mapped	0x102597e94
System.Linq.Expressions	1191	0x060004a8	System.Linq.Expressions.Interpreter.GreaterThanOrEqualInstruction	get_InstructionName	0x2050	NoInlining	Public, Final, Virtual, HideBySig, SpecialName	0x10044cc6c	0x94852c8c	0x102597e9c	0x102597e9c	mapped	0x102597e9c
System.Linq.Expressions	1192	0x060004a9	System.Linq.Expressions.Interpreter.GreaterThanOrEqualInstruction	.ctor	0x2050	NoInlining	Private, HideBySig, SpecialName, RTSpecialName	0x10044cc70	0x94852c9b	0x102597edc	0x102597edc	mapped	0x102597edc
System.Linq.Expressions	1193	0x060004aa	System.Linq.Expressions.Interpreter.GreaterThanOrEqualInstruction	Create	0x2050	NoInlining	Public, Static, HideBySig	0x10044cc74	0x94852caa	0x102597f1c	0x102597f1c	mapped	0x102597f1c
System.Linq.Expressions	1194	0x060004ab	System.Linq.Expressions.Interpreter.GreaterThanOrEqualInstruction+GreaterThanOrEqualSByte	.ctor	0x2050	NoInlining	Public, HideBySig, SpecialName, RTSpecialName	0x10044cc78	0x94852da6	0x102598310	0x102598310	mapped	0x102598310
System.Linq.Expressions	1195	0x060004ac	System.Linq.Expressions.Interpreter.GreaterThanOrEqualInstruction+GreaterThanOrEqualSByte	Run	0x2050	NoInlining	Public, Final, Virtual, HideBySig	0x10044cc7c	0x94852db5	0x102598350	0x102598350	mapped	0x102598350
System.Linq.Expressions	1196	0x060004ad	System.Linq.Expressions.Interpreter.GreaterThanOrEqualInstruction+GreaterThanOrEqualInt16	.ctor	0x2050	NoInlining	Public, HideBySig, SpecialName, RTSpecialName	0x10044cc80	0x94852e1d	0x1025984f4	0x1025984f4	mapped	0x1025984f4
System.Linq.Expressions	1197	0x060004ae	System.Linq.Expressions.Interpreter.GreaterThanOrEqualInstruction+GreaterThanOrEqualInt16	Run	0x2050	NoInlining	Public, Final, Virtual, HideBySig	0x10044cc84	0x94852e2c	0x102598534	0x102598534	mapped	0x102598534
System.Linq.Expressions	1198	0x060004af	System.Linq.Expressions.Interpreter.GreaterThanOrEqualInstruction+GreaterThanOrEqualChar	.ctor	0x2050	NoInlining	Public, HideBySig, SpecialName, RTSpecialName	0x10044cc88	0x94852e94	0x1025986d8	0x1025986d8	mapped	0x1025986d8
System.Linq.Expressions	1199	0x060004b0	System.Linq.Expressions.Interpreter.GreaterThanOrEqualInstruction+GreaterThanOrEqualChar	Run	0x2050	NoInlining	Public, Final, Virtual, HideBySig	0x10044cc8c	0x94852ea3	0x102598718	0x102598718	mapped	0x102598718
System.Linq.Expressions	1200	0x060004b1	System.Linq.Expressions.Interpreter.GreaterThanOrEqualInstruction+GreaterThanOrEqualInt32	.ctor	0x2050	NoInlining	Public, HideBySig, SpecialName, RTSpecialName	0x10044cc90	0x94852f0b	0x1025988bc	0x1025988bc	mapped	0x1025988bc
System.Linq.Expressions	1201	0x060004b2	System.Linq.Expressions.Interpreter.GreaterThanOrEqualInstruction+GreaterThanOrEqualInt32	Run	0x2050	NoInlining	Public, Final, Virtual, HideBySig	0x10044cc94	0x94852f1a	0x1025988fc	0x1025988fc	mapped	0x1025988fc
System.Linq.Expressions	1202	0x060004b3	System.Linq.Expressions.Interpreter.GreaterThanOrEqualInstruction+GreaterThanOrEqualInt64	.ctor	0x2050	NoInlining	Public, HideBySig, SpecialName, RTSpecialName	0x10044cc98	0x94852f82	0x102598aa0	0x102598aa0	mapped	0x102598aa0
System.Linq.Expressions	1203	0x060004b4	System.Linq.Expressions.Interpreter.GreaterThanOrEqualInstruction+GreaterThanOrEqualInt64	Run	0x2050	NoInlining	Public, Final, Virtual, HideBySig	0x10044cc9c	0x94852f91	0x102598ae0	0x102598ae0	mapped	0x102598ae0
System.Linq.Expressions	1204	0x060004b5	System.Linq.Expressions.Interpreter.GreaterThanOrEqualInstruction+GreaterThanOrEqualByte	.ctor	0x2050	NoInlining	Public, HideBySig, SpecialName, RTSpecialName	0x10044cca0	0x94852ff9	0x102598c84	0x102598c84	mapped	0x102598c84
System.Linq.Expressions	1205	0x060004b6	System.Linq.Expressions.Interpreter.GreaterThanOrEqualInstruction+GreaterThanOrEqualByte	Run	0x2050	NoInlining	Public, Final, Virtual, HideBySig	0x10044cca4	0x94853008	0x102598cc4	0x102598cc4	mapped	0x102598cc4
System.Linq.Expressions	1206	0x060004b7	System.Linq.Expressions.Interpreter.GreaterThanOrEqualInstruction+GreaterThanOrEqualUInt16	.ctor	0x2050	NoInlining	Public, HideBySig, SpecialName, RTSpecialName	0x10044cca8	0x94853070	0x102598e68	0x102598e68	mapped	0x102598e68
System.Linq.Expressions	1207	0x060004b8	System.Linq.Expressions.Interpreter.GreaterThanOrEqualInstruction+GreaterThanOrEqualUInt16	Run	0x2050	NoInlining	Public, Final, Virtual, HideBySig	0x10044ccac	0x9485307f	0x102598ea8	0x102598ea8	mapped	0x102598ea8
System.Linq.Expressions	1208	0x060004b9	System.Linq.Expressions.Interpreter.GreaterThanOrEqualInstruction+GreaterThanOrEqualUInt32	.ctor	0x2050	NoInlining	Public, HideBySig, SpecialName, RTSpecialName	0x10044ccb0	0x948530e7	0x10259904c	0x10259904c	mapped	0x10259904c
System.Linq.Expressions	1209	0x060004ba	System.Linq.Expressions.Interpreter.GreaterThanOrEqualInstruction+GreaterThanOrEqualUInt32	Run	0x2050	NoInlining	Public, Final, Virtual, HideBySig	0x10044ccb4	0x948530f6	0x10259908c	0x10259908c	mapped	0x10259908c
System.Linq.Expressions	1210	0x060004bb	System.Linq.Expressions.Interpreter.GreaterThanOrEqualInstruction+GreaterThanOrEqualUInt64	.ctor	0x2050	NoInlining	Public, HideBySig, SpecialName, RTSpecialName	0x10044ccb8	0x9485315e	0x102599230	0x102599230	mapped	0x102599230
System.Linq.Expressions	1211	0x060004bc	System.Linq.Expressions.Interpreter.GreaterThanOrEqualInstruction+GreaterThanOrEqualUInt64	Run	0x2050	NoInlining	Public, Final, Virtual, HideBySig	0x10044ccbc	0x9485316d	0x102599270	0x102599270	mapped	0x102599270
System.Linq.Expressions	1212	0x060004bd	System.Linq.Expressions.Interpreter.GreaterThanOrEqualInstruction+GreaterThanOrEqualSingle	.ctor	0x2050	NoInlining	Public, HideBySig, SpecialName, RTSpecialName	0x10044ccc0	0x948531d5	0x102599414	0x102599414	mapped	0x102599414
System.Linq.Expressions	1213	0x060004be	System.Linq.Expressions.Interpreter.GreaterThanOrEqualInstruction+GreaterThanOrEqualSingle	Run	0x2050	NoInlining	Public, Final, Virtual, HideBySig	0x10044ccc4	0x948531e4	0x102599454	0x102599454	mapped	0x102599454
System.Linq.Expressions	1214	0x060004bf	System.Linq.Expressions.Interpreter.GreaterThanOrEqualInstruction+GreaterThanOrEqualDouble	.ctor	0x2050	NoInlining	Public, HideBySig, SpecialName, RTSpecialName	0x10044ccc8	0x9485324c	0x1025995f8	0x1025995f8	mapped	0x1025995f8
System.Linq.Expressions	1215	0x060004c0	System.Linq.Expressions.Interpreter.GreaterThanOrEqualInstruction+GreaterThanOrEqualDouble	Run	0x2050	NoInlining	Public, Final, Virtual, HideBySig	0x10044cccc	0x9485325b	0x102599638	0x102599638	mapped	0x102599638
System.Linq.Expressions	1216	0x060004c1	System.Linq.Expressions.Interpreter.IncrementInstruction	get_ConsumedStack	0x2050	NoInlining	Public, Final, Virtual, HideBySig, SpecialName	0x10044ccd0	0x948532c3	0x1025997dc	0x1025997dc	mapped	0x1025997dc
System.Linq.Expressions	1217	0x060004c2	System.Linq.Expressions.Interpreter.IncrementInstruction	get_ProducedStack	0x2050	NoInlining	Public, Final, Virtual, HideBySig, SpecialName	0x10044ccd4	0x948532c4	0x1025997e4	0x1025997e4	mapped	0x1025997e4
System.Linq.Expressions	1218	0x060004c3	System.Linq.Expressions.Interpreter.IncrementInstruction	get_InstructionName	0x2050	NoInlining	Public, Final, Virtual, HideBySig, SpecialName	0x10044ccd8	0x948532c5	0x1025997ec	0x1025997ec	mapped	0x1025997ec
System.Linq.Expressions	1219	0x060004c4	System.Linq.Expressions.Interpreter.IncrementInstruction	.ctor	0x2050	NoInlining	Private, HideBySig, SpecialName, RTSpecialName	0x10044ccdc	0x948532d4	0x10259982c	0x10259982c	mapped	0x10259982c
System.Linq.Expressions	1220	0x060004c5	System.Linq.Expressions.Interpreter.IncrementInstruction	Create	0x2050	NoInlining	Public, Static, HideBySig	0x10044cce0	0x948532d4	0x102599830	0x102599830	mapped	0x102599830
System.Linq.Expressions	1221	0x060004c6	System.Linq.Expressions.Interpreter.IncrementInstruction+IncrementInt16	Run	0x2050	NoInlining	Public, Final, Virtual, HideBySig	0x10044cce4	0x9485333f	0x1025999e0	0x1025999e0	mapped	0x1025999e0
System.Linq.Expressions	1222	0x060004c7	System.Linq.Expressions.Interpreter.IncrementInstruction+IncrementInt16	.ctor	0x2050	NoInlining	Public, HideBySig, SpecialName, RTSpecialName	0x10044cce8	0x9485338a	0x102599b10	0x102599b10	mapped	0x102599b10
System.Linq.Expressions	1223	0x060004c8	System.Linq.Expressions.Interpreter.IncrementInstruction+IncrementInt32	Run	0x2050	NoInlining	Public, Final, Virtual, HideBySig	0x10044ccec	0x9485338a	0x102599b14	0x102599b14	mapped	0x102599b14
System.Linq.Expressions	1224	0x060004c9	System.Linq.Expressions.Interpreter.IncrementInstruction+IncrementInt32	.ctor	0x2050	NoInlining	Public, HideBySig, SpecialName, RTSpecialName	0x10044ccf0	0x948533d5	0x102599c44	0x102599c44	mapped	0x102599c44
System.Linq.Expressions	1225	0x060004ca	System.Linq.Expressions.Interpreter.IncrementInstruction+IncrementInt64	Run	0x2050	NoInlining	Public, Final, Virtual, HideBySig	0x10044ccf4	0x948533d5	0x102599c48	0x102599c48	mapped	0x102599c48
System.Linq.Expressions	1226	0x060004cb	System.Linq.Expressions.Interpreter.IncrementInstruction+IncrementInt64	.ctor	0x2050	NoInlining	Public, HideBySig, SpecialName, RTSpecialName	0x10044ccf8	0x9485342c	0x102599da8	0x102599da8	mapped	0x102599da8
System.Linq.Expressions	1227	0x060004cc	System.Linq.Expressions.Interpreter.IncrementInstruction+IncrementUInt16	Run	0x2050	NoInlining	Public, Final, Virtual, HideBySig	0x10044ccfc	0x9485342c	0x102599dac	0x102599dac	mapped	0x102599dac
System.Linq.Expressions	1228	0x060004cd	System.Linq.Expressions.Interpreter.IncrementInstruction+IncrementUInt16	.ctor	0x2050	NoInlining	Public, HideBySig, SpecialName, RTSpecialName	0x10044cd00	0x94853477	0x102599edc	0x102599edc	mapped	0x102599edc
System.Linq.Expressions	1229	0x060004ce	System.Linq.Expressions.Interpreter.IncrementInstruction+IncrementUInt32	Run	0x2050	NoInlining	Public, Final, Virtual, HideBySig	0x10044cd04	0x94853477	0x102599ee0	0x102599ee0	mapped	0x102599ee0
System.Linq.Expressions	1230	0x060004cf	System.Linq.Expressions.Interpreter.IncrementInstruction+IncrementUInt32	.ctor	0x2050	NoInlining	Public, HideBySig, SpecialName, RTSpecialName	0x10044cd08	0x948534ce	0x10259a040	0x10259a040	mapped	0x10259a040
System.Linq.Expressions	1231	0x060004d0	System.Linq.Expressions.Interpreter.IncrementInstruction+IncrementUInt64	Run	0x2050	NoInlining	Public, Final, Virtual, HideBySig	0x10044cd0c	0x948534ce	0x10259a044	0x10259a044	mapped	0x10259a044
System.Linq.Expressions	1232	0x060004d1	System.Linq.Expressions.Interpreter.IncrementInstruction+IncrementUInt64	.ctor	0x2050	NoInlining	Public, HideBySig, SpecialName, RTSpecialName	0x10044cd10	0x94853525	0x10259a1a4	0x10259a1a4	mapped	0x10259a1a4
System.Linq.Expressions	1233	0x060004d2	System.Linq.Expressions.Interpreter.IncrementInstruction+IncrementSingle	Run	0x2050	NoInlining	Public, Final, Virtual, HideBySig	0x10044cd14	0x94853525	0x10259a1a8	0x10259a1a8	mapped	0x10259a1a8
System.Linq.Expressions	1234	0x060004d3	System.Linq.Expressions.Interpreter.IncrementInstruction+IncrementSingle	.ctor	0x2050	NoInlining	Public, HideBySig, SpecialName, RTSpecialName	0x10044cd18	0x9485357f	0x10259a314	0x10259a314	mapped	0x10259a314
System.Linq.Expressions	1235	0x060004d4	System.Linq.Expressions.Interpreter.IncrementInstruction+IncrementDouble	Run	0x2050	NoInlining	Public, Final, Virtual, HideBySig	0x10044cd1c	0x9485357f	0x10259a318	0x10259a318	mapped	0x10259a318
System.Linq.Expressions	1236	0x060004d5	System.Linq.Expressions.Interpreter.IncrementInstruction+IncrementDouble	.ctor	0x2050	NoInlining	Public, HideBySig, SpecialName, RTSpecialName	0x10044cd20	0x948535d9	0x10259a484	0x10259a484	mapped	0x10259a484
System.Linq.Expressions	1237	0x060004d6	System.Linq.Expressions.Interpreter.Instruction	get_ConsumedStack	0x2050	NoInlining	Public, Virtual, HideBySig, VtableLayoutMask, SpecialName	0x10044cd24	0x948535d9	0x10259a488	0x10259a488	mapped	0x10259a488
System.Linq.Expressions	1238	0x060004d7	System.Linq.Expressions.Interpreter.Instruction	get_ProducedStack	0x2050	NoInlining	Public, Virtual, HideBySig, VtableLayoutMask, SpecialName	0x10044cd28	0x948535da	0x10259a490	0x10259a490	mapped	0x10259a490
System.Linq.Expressions	1239	0x060004d8	System.Linq.Expressions.Interpreter.Instruction	get_ConsumedContinuations	0x2050	NoInlining	Public, Virtual, HideBySig, VtableLayoutMask, SpecialName	0x10044cd2c	0x948535db	0x10259a498	0x10259a498	mapped	0x10259a498
System.Linq.Expressions	1240	0x060004d9	System.Linq.Expressions.Interpreter.Instruction	get_ProducedContinuations	0x2050	NoInlining	Public, Virtual, HideBySig, VtableLayoutMask, SpecialName	0x10044cd30	0x948535dc	0x10259a4a0	0x10259a4a0	mapped	0x10259a4a0
System.Linq.Expressions	1241	0x060004da	System.Linq.Expressions.Interpreter.Instruction	Run	0x0	NoInlining	Public, Virtual, HideBySig, VtableLayoutMask, Abstract	0x10044cd34	0x97fffb27	0x10044b9d0		absent	0x10044b9d0
System.Linq.Expressions	1242	0x060004db	System.Linq.Expressions.Interpreter.Instruction	get_InstructionName	0x0	NoInlining	Public, Virtual, HideBySig, VtableLayoutMask, Abstract, SpecialName	0x10044cd38	0x97fffb26	0x10044b9d0		absent	0x10044b9d0
System.Linq.Expressions	1243	0x060004dc	System.Linq.Expressions.Interpreter.Instruction	ToString	0x2050	NoInlining	Public, Virtual, HideBySig	0x10044cd3c	0x948535db	0x10259a4a8	0x10259a4a8	mapped	0x10259a4a8
System.Linq.Expressions	1244	0x060004dd	System.Linq.Expressions.Interpreter.Instruction	NullCheck	0x2050	NoInlining	Family, Static, HideBySig	0x10044cd40	0x948535fe	0x10259a538	0x10259a538	mapped	0x10259a538
System.Linq.Expressions	1245	0x060004de	System.Linq.Expressions.Interpreter.Instruction	.ctor	0x2050	NoInlining	Family, HideBySig, SpecialName, RTSpecialName	0x10044cd44	0x94853605	0x10259a558	0x10259a558	mapped	0x10259a558
System.Linq.Expressions	1246	0x060004df	System.Linq.Expressions.Interpreter.InstructionArray	.ctor	0x2050	NoInlining	Assembly, HideBySig, SpecialName, RTSpecialName	0x10044cd48	0x94853605	0x10259a55c	0x10259a55c	mapped	0x10259a55c
System.Linq.Expressions	1247	0x060004e0	System.Linq.Expressions.Interpreter.InstructionList	Emit	0x2050	NoInlining	Public, HideBySig	0x10044cd4c	0x94853624	0x10259a5dc	0x10259a5dc	mapped	0x10259a5dc
System.Linq.Expressions	1248	0x060004e1	System.Linq.Expressions.Interpreter.InstructionList	UpdateStackDepth	0x2050	NoInlining	Private, HideBySig	0x10044cd50	0x94853660	0x10259a6d0	0x10259a6d0	mapped	0x10259a6d0
System.Linq.Expressions	1249	0x060004e2	System.Linq.Expressions.Interpreter.InstructionList	UnEmit	0x2050	NoInlining	Public, HideBySig	0x10044cd54	0x94853699	0x10259a7b8	0x10259a7b8	mapped	0x10259a7b8
System.Linq.Expressions	1250	0x060004e3	System.Linq.Expressions.Interpreter.InstructionList	get_Count	0x2050	NoInlining	Public, HideBySig, SpecialName	0x10044cd58	0x948536ec	0x10259a908	0x10259a908	mapped	0x10259a908
System.Linq.Expressions	1251	0x060004e4	System.Linq.Expressions.Interpreter.InstructionList	get_CurrentStackDepth	0x2050	NoInlining	Public, HideBySig, SpecialName	0x10044cd5c	0x948536f8	0x10259a93c	0x10259a93c	mapped	0x10259a93c
System.Linq.Expressions	1252	0x060004e5	System.Linq.Expressions.Interpreter.InstructionList	get_CurrentContinuationsDepth	0x2050	NoInlining	Public, HideBySig, SpecialName	0x10044cd60	0x94853700	0x10259a960	0x10259a960	mapped	0x10259a960
System.Linq.Expressions	1253	0x060004e6	System.Linq.Expressions.Interpreter.InstructionList	GetInstruction	0x2050	NoInlining	Assembly, HideBySig	0x10044cd64	0x94853708	0x10259a984	0x10259a984	mapped	0x10259a984
System.Linq.Expressions	1254	0x060004e7	System.Linq.Expressions.Interpreter.InstructionList	ToArray	0x2050	NoInlining	Public, HideBySig	0x10044cd68	0x94853731	0x10259aa2c	0x10259aa2c	mapped	0x10259aa2c
System.Linq.Expressions	1255	0x060004e8	System.Linq.Expressions.Interpreter.InstructionList	EmitLoad	0x2050	NoInlining	Public, HideBySig	0x10044cd6c	0x94853797	0x10259abc8	0x10259abc8	mapped	0x10259abc8
System.Linq.Expressions	1256	0x060004e9	System.Linq.Expressions.Interpreter.InstructionList	EmitLoad	0x2050	NoInlining	Public, HideBySig	0x10044cd70	0x948537a7	0x10259ac0c	0x10259ac0c	mapped	0x10259ac0c
System.Linq.Expressions	1257	0x060004ea	System.Linq.Expressions.Interpreter.InstructionList	EmitLoad	0x2050	NoInlining	Public, HideBySig	0x10044cd74	0x948537e4	0x10259ad04	0x10259ad04	mapped	0x10259ad04
System.Linq.Expressions	1258	0x060004eb	System.Linq.Expressions.Interpreter.InstructionList	EmitDup	0x2050	NoInlining	Public, HideBySig	0x10044cd78	0x948538f9	0x10259b15c	0x10259b15c	mapped	0x10259b15c
System.Linq.Expressions	1259	0x060004ec	System.Linq.Expressions.Interpreter.InstructionList	EmitPop	0x2050	NoInlining	Public, HideBySig	0x10044cd7c	0x94853914	0x10259b1cc	0x10259b1cc	mapped	0x10259b1cc
System.Linq.Expressions	1260	0x060004ed	System.Linq.Expressions.Interpreter.InstructionList	SwitchToBoxed	0x2050	NoInlining	Assembly, HideBySig	0x10044cd80	0x9485392f	0x10259b23c	0x10259b23c	mapped	0x10259b23c
System.Linq.Expressions	1261	0x060004ee	System.Linq.Expressions.Interpreter.InstructionList	EmitLoadLocal	0x2050	NoInlining	Public, HideBySig	0x10044cd84	0x94853983	0x10259b390	0x10259b390	mapped	0x10259b390
System.Linq.Expressions	1262	0x060004ef	System.Linq.Expressions.Interpreter.InstructionList	EmitLoadLocalBoxed	0x2050	NoInlining	Public, HideBySig	0x10044cd88	0x948539cd	0x10259b4bc	0x10259b4bc	mapped	0x10259b4bc
System.Linq.Expressions	1263	0x060004f0	System.Linq.Expressions.Interpreter.InstructionList	LoadLocalBoxed	0x2050	NoInlining	Assembly, Static, HideBySig	0x10044cd8c	0x948539de	0x10259b504	0x10259b504	mapped	0x10259b504
System.Linq.Expressions	1264	0x060004f1	System.Linq.Expressions.Interpreter.InstructionList	EmitLoadLocalFromClosure	0x2050	NoInlining	Public, HideBySig	0x10044cd90	0x94853a22	0x10259b618	0x10259b618	mapped	0x10259b618
System.Linq.Expressions	1265	0x060004f2	System.Linq.Expressions.Interpreter.InstructionList	EmitLoadLocalFromClosureBoxed	0x2050	NoInlining	Public, HideBySig	0x10044cd94	0x94853a6c	0x10259b744	0x10259b744	mapped	0x10259b744
System.Linq.Expressions	1266	0x060004f3	System.Linq.Expressions.Interpreter.InstructionList	EmitAssignLocal	0x2050	NoInlining	Public, HideBySig	0x10044cd98	0x94853ab6	0x10259b870	0x10259b870	mapped	0x10259b870
System.Linq.Expressions	1267	0x060004f4	System.Linq.Expressions.Interpreter.InstructionList	EmitStoreLocal	0x2050	NoInlining	Public, HideBySig	0x10044cd9c	0x94853b00	0x10259b99c	0x10259b99c	mapped	0x10259b99c
System.Linq.Expressions	1268	0x060004f5	System.Linq.Expressions.Interpreter.InstructionList	EmitAssignLocalBoxed	0x2050	NoInlining	Public, HideBySig	0x10044cda0	0x94853b4a	0x10259bac8	0x10259bac8	mapped	0x10259bac8
System.Linq.Expressions	1269	0x060004f6	System.Linq.Expressions.Interpreter.InstructionList	AssignLocalBoxed	0x2050	NoInlining	Assembly, Static, HideBySig	0x10044cda4	0x94853b5b	0x10259bb10	0x10259bb10	mapped	0x10259bb10
System.Linq.Expressions	1270	0x060004f7	System.Linq.Expressions.Interpreter.InstructionList	EmitStoreLocalBoxed	0x2050	NoInlining	Public, HideBySig	0x10044cda8	0x94853b9f	0x10259bc24	0x10259bc24	mapped	0x10259bc24
System.Linq.Expressions	1271	0x060004f8	System.Linq.Expressions.Interpreter.InstructionList	StoreLocalBoxed	0x2050	NoInlining	Assembly, Static, HideBySig	0x10044cdac	0x94853bb0	0x10259bc6c	0x10259bc6c	mapped	0x10259bc6c
System.Linq.Expressions	1272	0x060004f9	System.Linq.Expressions.Interpreter.InstructionList	EmitAssignLocalToClosure	0x2050	NoInlining	Public, HideBySig	0x10044cdb0	0x94853bf4	0x10259bd80	0x10259bd80	mapped	0x10259bd80
System.Linq.Expressions	1273	0x060004fa	System.Linq.Expressions.Interpreter.InstructionList	EmitStoreLocalToClosure	0x2050	NoInlining	Public, HideBySig	0x10044cdb4	0x94853c3e	0x10259beac	0x10259beac	mapped	0x10259beac
System.Linq.Expressions	1274	0x060004fb	System.Linq.Expressions.Interpreter.InstructionList	EmitInitializeLocal	0x2050	NoInlining	Public, HideBySig	0x10044cdb8	0x94853c4f	0x10259bef4	0x10259bef4	mapped	0x10259bef4
System.Linq.Expressions	1275	0x060004fc	System.Linq.Expressions.Interpreter.InstructionList	EmitInitializeParameter	0x2050	NoInlining	Assembly, HideBySig	0x10044cdbc	0x94853c9a	0x10259c024	0x10259c024	mapped	0x10259c024
System.Linq.Expressions	1276	0x060004fd	System.Linq.Expressions.Interpreter.InstructionList	Parameter	0x2050	NoInlining	Assembly, Static, HideBySig	0x10044cdc0	0x94853cb9	0x10259c0a4	0x10259c0a4	mapped	0x10259c0a4
System.Linq.Expressions	1277	0x060004fe	System.Linq.Expressions.Interpreter.InstructionList	ParameterBox	0x2050	NoInlining	Assembly, Static, HideBySig	0x10044cdc4	0x94853cd4	0x10259c114	0x10259c114	mapped	0x10259c114
System.Linq.Expressions	1278	0x060004ff	System.Linq.Expressions.Interpreter.InstructionList	InitReference	0x2050	NoInlining	Assembly, Static, HideBySig	0x10044cdc8	0x94853cef	0x10259c184	0x10259c184	mapped	0x10259c184
System.Linq.Expressions	1279	0x06000500	System.Linq.Expressions.Interpreter.InstructionList	InitImmutableRefBox	0x2050	NoInlining	Assembly, Static, HideBySig	0x10044cdcc	0x94853d0a	0x10259c1f4	0x10259c1f4	mapped	0x10259c1f4
System.Linq.Expressions	1280	0x06000501	System.Linq.Expressions.Interpreter.InstructionList	EmitNewRuntimeVariables	0x2050	NoInlining	Public, HideBySig	0x10044cdd0	0x94853d25	0x10259c264	0x10259c264	mapped	0x10259c264
System.Linq.Expressions	1281	0x06000502	System.Linq.Expressions.Interpreter.InstructionList	EmitGetArrayItem	0x2050	NoInlining	Public, HideBySig	0x10044cdd4	0x94853d44	0x10259c2e4	0x10259c2e4	mapped	0x10259c2e4
System.Linq.Expressions	1282	0x06000503	System.Linq.Expressions.Interpreter.InstructionList	EmitSetArrayItem	0x2050	NoInlining	Public, HideBySig	0x10044cdd8	0x94853d5f	0x10259c354	0x10259c354	mapped	0x10259c354
System.Linq.Expressions	1283	0x06000504	System.Linq.Expressions.Interpreter.InstructionList	EmitNewArray	0x2050	NoInlining	Public, HideBySig	0x10044cddc	0x94853d7a	0x10259c3c4	0x10259c3c4	mapped	0x10259c3c4
System.Linq.Expressions	1284	0x06000505	System.Linq.Expressions.Interpreter.InstructionList	EmitNewArrayBounds	0x2050	NoInlining	Public, HideBySig	0x10044cde0	0x94853da0	0x10259c460	0x10259c460	mapped	0x10259c460
System.Linq.Expressions	1285	0x06000506	System.Linq.Expressions.Interpreter.InstructionList	EmitNewArrayInit	0x2050	NoInlining	Public, HideBySig	0x10044cde4	0x94853dca	0x10259c50c	0x10259c50c	mapped	0x10259c50c
System.Linq.Expressions	1286	0x06000507	System.Linq.Expressions.Interpreter.InstructionList	EmitAdd	0x2050	NoInlining	Public, HideBySig	0x10044cde8	0x94853df4	0x10259c5b8	0x10259c5b8	mapped	0x10259c5b8
System.Linq.Expressions	1287	0x06000508	System.Linq.Expressions.Interpreter.InstructionList	EmitSub	0x2050	NoInlining	Public, HideBySig	0x10044cdec	0x94853e0c	0x10259c61c	0x10259c61c	mapped	0x10259c61c
System.Linq.Expressions	1288	0x06000509	System.Linq.Expressions.Interpreter.InstructionList	EmitMul	0x2050	NoInlining	Public, HideBySig	0x10044cdf0	0x94853e24	0x10259c680	0x10259c680	mapped	0x10259c680
System.Linq.Expressions	1289	0x0600050a	System.Linq.Expressions.Interpreter.InstructionList	EmitDiv	0x2050	NoInlining	Public, HideBySig	0x10044cdf4	0x94853e3c	0x10259c6e4	0x10259c6e4	mapped	0x10259c6e4
System.Linq.Expressions	1290	0x0600050b	System.Linq.Expressions.Interpreter.InstructionList	EmitModulo	0x2050	NoInlining	Public, HideBySig	0x10044cdf8	0x94853e4d	0x10259c72c	0x10259c72c	mapped	0x10259c72c
System.Linq.Expressions	1291	0x0600050c	System.Linq.Expressions.Interpreter.InstructionList	EmitExclusiveOr	0x2050	NoInlining	Public, HideBySig	0x10044cdfc	0x94853e5e	0x10259c774	0x10259c774	mapped	0x10259c774
System.Linq.Expressions	1292	0x0600050d	System.Linq.Expressions.Interpreter.InstructionList	EmitAnd	0x2050	NoInlining	Public, HideBySig	0x10044ce00	0x94853e6f	0x10259c7bc	0x10259c7bc	mapped	0x10259c7bc
System.Linq.Expressions	1293	0x0600050e	System.Linq.Expressions.Interpreter.InstructionList	EmitOr	0x2050	NoInlining	Public, HideBySig	0x10044ce04	0x94853e80	0x10259c804	0x10259c804	mapped	0x10259c804
System.Linq.Expressions	1294	0x0600050f	System.Linq.Expressions.Interpreter.InstructionList	EmitLeftShift	0x2050	NoInlining	Public, HideBySig	0x10044ce08	0x94853e91	0x10259c84c	0x10259c84c	mapped	0x10259c84c
System.Linq.Expressions	1295	0x06000510	System.Linq.Expressions.Interpreter.InstructionList	EmitRightShift	0x2050	NoInlining	Public, HideBySig	0x10044ce0c	0x94853ea2	0x10259c894	0x10259c894	mapped	0x10259c894
System.Linq.Expressions	1296	0x06000511	System.Linq.Expressions.Interpreter.InstructionList	EmitEqual	0x2050	NoInlining	Public, HideBySig	0x10044ce10	0x94853eb3	0x10259c8dc	0x10259c8dc	mapped	0x10259c8dc
System.Linq.Expressions	1297	0x06000512	System.Linq.Expressions.Interpreter.InstructionList	EmitNotEqual	0x2050	NoInlining	Public, HideBySig	0x10044ce14	0x94853ec8	0x10259c934	0x10259c934	mapped	0x10259c934
System.Linq.Expressions	1298	0x06000513	System.Linq.Expressions.Interpreter.InstructionList	EmitLessThan	0x2050	NoInlining	Public, HideBySig	0x10044ce18	0x94853edd	0x10259c98c	0x10259c98c	mapped	0x10259c98c
System.Linq.Expressions	1299	0x06000514	System.Linq.Expressions.Interpreter.InstructionList	EmitLessThanOrEqual	0x2050	NoInlining	Public, HideBySig	0x10044ce1c	0x94853ef2	0x10259c9e4	0x10259c9e4	mapped	0x10259c9e4
System.Linq.Expressions	1300	0x06000515	System.Linq.Expressions.Interpreter.InstructionList	EmitGreaterThan	0x2050	NoInlining	Public, HideBySig	0x10044ce20	0x94853f07	0x10259ca3c	0x10259ca3c	mapped	0x10259ca3c
System.Linq.Expressions	1301	0x06000516	System.Linq.Expressions.Interpreter.InstructionList	EmitGreaterThanOrEqual	0x2050	NoInlining	Public, HideBySig	0x10044ce24	0x94853f1c	0x10259ca94	0x10259ca94	mapped	0x10259ca94
System.Linq.Expressions	1302	0x06000517	System.Linq.Expressions.Interpreter.InstructionList	EmitNumericConvertChecked	0x2050	NoInlining	Public, HideBySig	0x10044ce28	0x94853f31	0x10259caec	0x10259caec	mapped	0x10259caec
System.Linq.Expressions	1303	0x06000518	System.Linq.Expressions.Interpreter.InstructionList	EmitNumericConvertUnchecked	0x2050	NoInlining	Public, HideBySig	0x10044ce2c	0x94853f55	0x10259cb80	0x10259cb80	mapped	0x10259cb80
System.Linq.Expressions	1304	0x06000519	System.Linq.Expressions.Interpreter.InstructionList	EmitConvertToUnderlying	0x2050	NoInlining	Public, HideBySig	0x10044ce30	0x94853f79	0x10259cc14	0x10259cc14	mapped	0x10259cc14
System.Linq.Expressions	1305	0x0600051a	System.Linq.Expressions.Interpreter.InstructionList	EmitCast	0x2050	NoInlining	Public, HideBySig	0x10044ce34	0x94853f9c	0x10259cca4	0x10259cca4	mapped	0x10259cca4
System.Linq.Expressions	1306	0x0600051b	System.Linq.Expressions.Interpreter.InstructionList	EmitCastToEnum	0x2050	NoInlining	Public, HideBySig	0x10044ce38	0x94853fad	0x10259ccec	0x10259ccec	mapped	0x10259ccec
System.Linq.Expressions	1307	0x0600051c	System.Linq.Expressions.Interpreter.InstructionList	EmitCastReferenceToEnum	0x2050	NoInlining	Public, HideBySig	0x10044ce3c	0x94853fd3	0x10259cd88	0x10259cd88	mapped	0x10259cd88
System.Linq.Expressions	1308	0x0600051d	System.Linq.Expressions.Interpreter.InstructionList	EmitNot	0x2050	NoInlining	Public, HideBySig	0x10044ce40	0x94853ff9	0x10259ce24	0x10259ce24	mapped	0x10259ce24
System.Linq.Expressions	1309	0x0600051e	System.Linq.Expressions.Interpreter.InstructionList	EmitDefaultValue	0x2050	NoInlining	Public, HideBySig	0x10044ce44	0x9485400a	0x10259ce6c	0x10259ce6c	mapped	0x10259ce6c
System.Linq.Expressions	1310	0x0600051f	System.Linq.Expressions.Interpreter.InstructionList	EmitNew	0x2050	NoInlining	Public, HideBySig	0x10044ce48	0x94854030	0x10259cf08	0x10259cf08	mapped	0x10259cf08
System.Linq.Expressions	1311	0x06000520	System.Linq.Expressions.Interpreter.InstructionList	EmitByRefNew	0x2050	NoInlining	Public, HideBySig	0x10044ce4c	0x94854061	0x10259cfd0	0x10259cfd0	mapped	0x10259cfd0
System.Linq.Expressions	1312	0x06000521	System.Linq.Expressions.Interpreter.InstructionList	EmitCreateDelegate	0x2050	NoInlining	Assembly, HideBySig	0x10044ce50	0x94854098	0x10259d0b0	0x10259d0b0	mapped	0x10259d0b0
System.Linq.Expressions	1313	0x06000522	System.Linq.Expressions.Interpreter.InstructionList	EmitTypeEquals	0x2050	NoInlining	Public, HideBySig	0x10044ce54	0x948540be	0x10259d14c	0x10259d14c	mapped	0x10259d14c
System.Linq.Expressions	1314	0x06000523	System.Linq.Expressions.Interpreter.InstructionList	EmitArrayLength	0x2050	NoInlining	Public, HideBySig	0x10044ce58	0x948540d9	0x10259d1bc	0x10259d1bc	mapped	0x10259d1bc
System.Linq.Expressions	1315	0x06000524	System.Linq.Expressions.Interpreter.InstructionList	EmitNegate	0x2050	NoInlining	Public, HideBySig	0x10044ce5c	0x948540f4	0x10259d22c	0x10259d22c	mapped	0x10259d22c
System.Linq.Expressions	1316	0x06000525	System.Linq.Expressions.Interpreter.InstructionList	EmitNegateChecked	0x2050	NoInlining	Public, HideBySig	0x10044ce60	0x94854105	0x10259d274	0x10259d274	mapped	0x10259d274
System.Linq.Expressions	1317	0x06000526	System.Linq.Expressions.Interpreter.InstructionList	EmitIncrement	0x2050	NoInlining	Public, HideBySig	0x10044ce64	0x94854116	0x10259d2bc	0x10259d2bc	mapped	0x10259d2bc
System.Linq.Expressions	1318	0x06000527	System.Linq.Expressions.Interpreter.InstructionList	EmitDecrement	0x2050	NoInlining	Public, HideBySig	0x10044ce68	0x94854127	0x10259d304	0x10259d304	mapped	0x10259d304
System.Linq.Expressions	1319	0x06000528	System.Linq.Expressions.Interpreter.InstructionList	EmitTypeIs	0x2050	NoInlining	Public, HideBySig	0x10044ce6c	0x94854138	0x10259d34c	0x10259d34c	mapped	0x10259d34c
System.Linq.Expressions	1320	0x06000529	System.Linq.Expressions.Interpreter.InstructionList	EmitTypeAs	0x2050	NoInlining	Public, HideBySig	0x10044ce70	0x9485415e	0x10259d3e8	0x10259d3e8	mapped	0x10259d3e8
System.Linq.Expressions	1321	0x0600052a	System.Linq.Expressions.Interpreter.InstructionList	EmitLoadField	0x2050	NoInlining	Public, HideBySig	0x10044ce74	0x94854184	0x10259d484	0x10259d484	mapped	0x10259d484
System.Linq.Expressions	1322	0x0600052b	System.Linq.Expressions.Interpreter.InstructionList	GetLoadField	0x2050	NoInlining	Private, Static, HideBySig	0x10044ce78	0x94854195	0x10259d4cc	0x10259d4cc	mapped	0x10259d4cc
System.Linq.Expressions	1323	0x0600052c	System.Linq.Expressions.Interpreter.InstructionList	EmitStoreField	0x2050	NoInlining	Public, HideBySig	0x10044ce7c	0x948541fc	0x10259d66c	0x10259d66c	mapped	0x10259d66c
System.Linq.Expressions	1324	0x0600052d	System.Linq.Expressions.Interpreter.InstructionList	EmitCall	0x2050	NoInlining	Public, HideBySig	0x10044ce80	0x9485422f	0x10259d73c	0x10259d73c	mapped	0x10259d73c
System.Linq.Expressions	1325	0x0600052e	System.Linq.Expressions.Interpreter.InstructionList	EmitCall	0x2050	NoInlining	Public, HideBySig	0x10044ce84	0x94854243	0x10259d790	0x10259d790	mapped	0x10259d790
System.Linq.Expressions	1326	0x0600052f	System.Linq.Expressions.Interpreter.InstructionList	EmitByRefCall	0x2050	NoInlining	Public, HideBySig	0x10044ce88	0x94854258	0x10259d7e8	0x10259d7e8	mapped	0x10259d7e8
System.Linq.Expressions	1327	0x06000530	System.Linq.Expressions.Interpreter.InstructionList	EmitNullableCall	0x2050	NoInlining	Public, HideBySig	0x10044ce8c	0x9485429c	0x10259d8fc	0x10259d8fc	mapped	0x10259d8fc
System.Linq.Expressions	1328	0x06000531	System.Linq.Expressions.Interpreter.InstructionList	BuildRuntimeLabels	0x2050	NoInlining	Private, HideBySig	0x10044ce90	0x948542be	0x10259d988	0x10259d988	mapped	0x10259d988
System.Linq.Expressions	1329	0x06000532	System.Linq.Expressions.Interpreter.InstructionList	MakeLabel	0x2050	NoInlining	Public, HideBySig	0x10044ce94	0x94854362	0x10259dc1c	0x10259dc1c	mapped	0x10259dc1c
System.Linq.Expressions	1330	0x06000533	System.Linq.Expressions.Interpreter.InstructionList	FixupBranch	0x2050	NoInlining	Assembly, HideBySig	0x10044ce98	0x948543b8	0x10259dd78	0x10259dd78	mapped	0x10259dd78
System.Linq.Expressions	1331	0x06000534	System.Linq.Expressions.Interpreter.InstructionList	EnsureLabelIndex	0x2050	NoInlining	Private, HideBySig	0x10044ce9c	0x94854419	0x10259df00	0x10259df00	mapped	0x10259df00
System.Linq.Expressions	1332	0x06000535	System.Linq.Expressions.Interpreter.InstructionList	MarkRuntimeLabel	0x2050	NoInlining	Public, HideBySig	0x10044cea0	0x9485442e	0x10259df58	0x10259df58	mapped	0x10259df58
System.Linq.Expressions	1333	0x06000536	System.Linq.Expressions.Interpreter.InstructionList	MarkLabel	0x2050	NoInlining	Public, HideBySig	0x10044cea4	0x94854442	0x10259dfac	0x10259dfac	mapped	0x10259dfac
System.Linq.Expressions	1334	0x06000537	System.Linq.Expressions.Interpreter.InstructionList	EmitGoto	0x2050	NoInlining	Public, HideBySig	0x10044cea8	0x94854457	0x10259e004	0x10259e004	mapped	0x10259e004
System.Linq.Expressions	1335	0x06000538	System.Linq.Expressions.Interpreter.InstructionList	EmitBranch	0x2050	NoInlining	Private, HideBySig	0x10044ceac	0x94854474	0x10259e07c	0x10259e07c	mapped	0x10259e07c
System.Linq.Expressions	1336	0x06000539	System.Linq.Expressions.Interpreter.InstructionList	EmitBranch	0x2050	NoInlining	Public, HideBySig	0x10044ceb0	0x94854499	0x10259e114	0x10259e114	mapped	0x10259e114
System.Linq.Expressions	1337	0x0600053a	System.Linq.Expressions.Interpreter.InstructionList	EmitBranch	0x2050	NoInlining	Public, HideBySig	0x10044ceb4	0x948544bb	0x10259e1a0	0x10259e1a0	mapped	0x10259e1a0
System.Linq.Expressions	1338	0x0600053b	System.Linq.Expressions.Interpreter.InstructionList	EmitCoalescingBranch	0x2050	NoInlining	Public, HideBySig	0x10044ceb8	0x948544e2	0x10259e240	0x10259e240	mapped	0x10259e240
System.Linq.Expressions	1339	0x0600053c	System.Linq.Expressions.Interpreter.InstructionList	EmitBranchTrue	0x2050	NoInlining	Public, HideBySig	0x10044cebc	0x94854503	0x10259e2c8	0x10259e2c8	mapped	0x10259e2c8
System.Linq.Expressions	1340	0x0600053d	System.Linq.Expressions.Interpreter.InstructionList	EmitBranchFalse	0x2050	NoInlining	Public, HideBySig	0x10044cec0	0x94854524	0x10259e350	0x10259e350	mapped	0x10259e350
System.Linq.Expressions	1341	0x0600053e	System.Linq.Expressions.Interpreter.InstructionList	EmitThrow	0x2050	NoInlining	Public, HideBySig	0x10044cec4	0x94854545	0x10259e3d8	0x10259e3d8	mapped	0x10259e3d8
System.Linq.Expressions	1342	0x0600053f	System.Linq.Expressions.Interpreter.InstructionList	EmitThrowVoid	0x2050	NoInlining	Public, HideBySig	0x10044cec8	0x94854560	0x10259e448	0x10259e448	mapped	0x10259e448
System.Linq.Expressions	1343	0x06000540	System.Linq.Expressions.Interpreter.InstructionList	EmitRethrow	0x2050	NoInlining	Public, HideBySig	0x10044cecc	0x9485457b	0x10259e4b8	0x10259e4b8	mapped	0x10259e4b8
System.Linq.Expressions	1344	0x06000541	System.Linq.Expressions.Interpreter.InstructionList	EmitRethrowVoid	0x2050	NoInlining	Public, HideBySig	0x10044ced0	0x94854596	0x10259e528	0x10259e528	mapped	0x10259e528
System.Linq.Expressions	1345	0x06000542	System.Linq.Expressions.Interpreter.InstructionList	EmitEnterTryFinally	0x2050	NoInlining	Public, HideBySig	0x10044ced4	0x948545b1	0x10259e598	0x10259e598	mapped	0x10259e598
System.Linq.Expressions	1346	0x06000543	System.Linq.Expressions.Interpreter.InstructionList	EmitEnterTryCatch	0x2050	NoInlining	Public, HideBySig	0x10044ced8	0x948545d6	0x10259e630	0x10259e630	mapped	0x10259e630
System.Linq.Expressions	1347	0x06000544	System.Linq.Expressions.Interpreter.InstructionList	EmitEnterTryFault	0x2050	NoInlining	Public, HideBySig	0x10044cedc	0x948545f6	0x10259e6b4	0x10259e6b4	mapped	0x10259e6b4
System.Linq.Expressions	1348	0x06000545	System.Linq.Expressions.Interpreter.InstructionList	EmitEnterFinally	0x2050	NoInlining	Public, HideBySig	0x10044cee0	0x9485461b	0x10259e74c	0x10259e74c	mapped	0x10259e74c
System.Linq.Expressions	1349	0x06000546	System.Linq.Expressions.Interpreter.InstructionList	EmitLeaveFinally	0x2050	NoInlining	Public, HideBySig	0x10044cee4	0x9485462e	0x10259e79c	0x10259e79c	mapped	0x10259e79c
System.Linq.Expressions	1350	0x06000547	System.Linq.Expressions.Interpreter.InstructionList	EmitEnterFault	0x2050	NoInlining	Public, HideBySig	0x10044cee8	0x94854649	0x10259e80c	0x10259e80c	mapped	0x10259e80c
System.Linq.Expressions	1351	0x06000548	System.Linq.Expressions.Interpreter.InstructionList	EmitLeaveFault	0x2050	NoInlining	Public, HideBySig	0x10044ceec	0x9485465c	0x10259e85c	0x10259e85c	mapped	0x10259e85c
System.Linq.Expressions	1352	0x06000549	System.Linq.Expressions.Interpreter.InstructionList	EmitEnterExceptionFilter	0x2050	NoInlining	Public, HideBySig	0x10044cef0	0x94854677	0x10259e8cc	0x10259e8cc	mapped	0x10259e8cc
System.Linq.Expressions	1353	0x0600054a	System.Linq.Expressions.Interpreter.InstructionList	EmitLeaveExceptionFilter	0x2050	NoInlining	Public, HideBySig	0x10044cef4	0x94854692	0x10259e93c	0x10259e93c	mapped	0x10259e93c
System.Linq.Expressions	1354	0x0600054b	System.Linq.Expressions.Interpreter.InstructionList	EmitEnterExceptionHandlerNonVoid	0x2050	NoInlining	Public, HideBySig	0x10044cef8	0x948546ad	0x10259e9ac	0x10259e9ac	mapped	0x10259e9ac
System.Linq.Expressions	1355	0x0600054c	System.Linq.Expressions.Interpreter.InstructionList	EmitEnterExceptionHandlerVoid	0x2050	NoInlining	Public, HideBySig	0x10044cefc	0x948546c8	0x10259ea1c	0x10259ea1c	mapped	0x10259ea1c
System.Linq.Expressions	1356	0x0600054d	System.Linq.Expressions.Interpreter.InstructionList	EmitLeaveExceptionHandler	0x2050	NoInlining	Public, HideBySig	0x10044cf00	0x948546e3	0x10259ea8c	0x10259ea8c	mapped	0x10259ea8c
System.Linq.Expressions	1357	0x0600054e	System.Linq.Expressions.Interpreter.InstructionList	EmitIntSwitch	0x2050	NoInlining	Public, HideBySig	0x10044cf04	0x948546fa	0x10259eaec	0x10259eaec	mapped	0x10259eaec
System.Linq.Expressions	1358	0x0600054f	System.Linq.Expressions.Interpreter.InstructionList	EmitStringSwitch	0x2050	NoInlining	Public, HideBySig	0x10044cf08	0x9485472b	0x10259ebb4	0x10259ebb4	mapped	0x10259ebb4
System.Linq.Expressions	1359	0x06000550	System.Linq.Expressions.Interpreter.InstructionList	.ctor	0x2050	NoInlining	Public, HideBySig, SpecialName, RTSpecialName	0x10044cf0c	0x94854759	0x10259ec70	0x10259ec70	mapped	0x10259ec70
System.Linq.Expressions	1360	0x06000551	System.Linq.Expressions.Interpreter.InstructionList	.cctor	0x2050	NoInlining	Private, Static, HideBySig, SpecialName, RTSpecialName	0x10044cf10	0x94854788	0x10259ed30	0x10259ed30	mapped	0x10259ed30
System.Linq.Expressions	1361	0x06000552	System.Linq.Expressions.Interpreter.InterpretedFrame	.ctor	0x2050	NoInlining	Assembly, HideBySig, SpecialName, RTSpecialName	0x10044cf14	0x948547b2	0x10259eddc	0x10259eddc	mapped	0x10259eddc
System.Linq.Expressions	1362	0x06000553	System.Linq.Expressions.Interpreter.InterpretedFrame	GetDebugInfo	0x2050	NoInlining	Public, HideBySig	0x10044cf18	0x94854805	0x10259ef2c	0x10259ef2c	mapped	0x10259ef2c
System.Linq.Expressions	1363	0x06000554	System.Linq.Expressions.Interpreter.InterpretedFrame	get_Name	0x2050	NoInlining	Public, HideBySig, SpecialName	0x10044cf1c	0x9485481e	0x10259ef94	0x10259ef94	mapped	0x10259ef94
System.Linq.Expressions	1364	0x06000555	System.Linq.Expressions.Interpreter.InterpretedFrame	Push	0x2050	NoInlining	Public, HideBySig	0x10044cf20	0x9485482a	0x10259efc8	0x10259efc8	mapped	0x10259efc8
System.Linq.Expressions	1365	0x06000556	System.Linq.Expressions.Interpreter.InterpretedFrame	Push	0x2050	NoInlining	Public, HideBySig	0x10044cf24	0x94854847	0x10259f040	0x10259f040	mapped	0x10259f040
System.Linq.Expressions	1366	0x06000557	System.Linq.Expressions.Interpreter.InterpretedFrame	Push	0x2050	NoInlining	Public, HideBySig	0x10044cf28	0x94854877	0x10259f104	0x10259f104	mapped	0x10259f104
System.Linq.Expressions	1367	0x06000558	System.Linq.Expressions.Interpreter.InterpretedFrame	Push	0x2050	NoInlining	Public, HideBySig	0x10044cf2c	0x9485489b	0x10259f198	0x10259f198	mapped	0x10259f198
System.Linq.Expressions	1368	0x06000559	System.Linq.Expressions.Interpreter.InterpretedFrame	Push	0x2050	NoInlining	Public, HideBySig	0x10044cf30	0x948548cb	0x10259f25c	0x10259f25c	mapped	0x10259f25c
System.Linq.Expressions	1369	0x0600055a	System.Linq.Expressions.Interpreter.InterpretedFrame	Push	0x2050	NoInlining	Public, HideBySig	0x10044cf34	0x948548fb	0x10259f320	0x10259f320	mapped	0x10259f320
System.Linq.Expressions	1370	0x0600055b	System.Linq.Expressions.Interpreter.InterpretedFrame	Push	0x2050	NoInlining	Public, HideBySig	0x10044cf38	0x9485492b	0x10259f3e4	0x10259f3e4	mapped	0x10259f3e4
System.Linq.Expressions	1371	0x0600055c	System.Linq.Expressions.Interpreter.InterpretedFrame	Pop	0x2050	NoInlining	Public, HideBySig	0x10044cf3c	0x9485495b	0x10259f4a8	0x10259f4a8	mapped	0x10259f4a8
System.Linq.Expressions	1372	0x0600055d	System.Linq.Expressions.Interpreter.InterpretedFrame	SetStackDepth	0x2050	NoInlining	Assembly, HideBySig	0x10044cf40	0x94854973	0x10259f50c	0x10259f50c	mapped	0x10259f50c
System.Linq.Expressions	1373	0x0600055e	System.Linq.Expressions.Interpreter.InterpretedFrame	Peek	0x2050	NoInlining	Public, HideBySig	0x10044cf44	0x94854981	0x10259f548	0x10259f548	mapped	0x10259f548
System.Linq.Expressions	1374	0x0600055f	System.Linq.Expressions.Interpreter.InterpretedFrame	Dup	0x2050	NoInlining	Public, HideBySig	0x10044cf48	0x94854999	0x10259f5ac	0x10259f5ac	mapped	0x10259f5ac
System.Linq.Expressions	1375	0x06000560	System.Linq.Expressions.Interpreter.InterpretedFrame	get_Parent	0x2050	NoInlining	Public, HideBySig, SpecialName	0x10044cf4c	0x948549c1	0x10259f650	0x10259f650	mapped	0x10259f650
System.Linq.Expressions	1376	0x06000561	System.Linq.Expressions.Interpreter.InterpretedFrame	GetStackTraceDebugInfo	0x2050	NoInlining	Public, HideBySig	0x10044cf50	0x948549c9	0x10259f674	0x10259f674	mapped	0x10259f674
System.Linq.Expressions	1377	0x06000562	System.Linq.Expressions.Interpreter.InterpretedFrame	SaveTraceToException	0x2050	NoInlining	Assembly, HideBySig	0x10044cf54	0x948549f1	0x10259f718	0x10259f718	mapped	0x10259f718
System.Linq.Expressions	1378	0x06000563	System.Linq.Expressions.Interpreter.InterpretedFrame	Enter	0x2050	NoInlining	Assembly, HideBySig	0x10044cf58	0x94854a3e	0x10259f850	0x10259f850	mapped	0x10259f850
System.Linq.Expressions	1379	0x06000564	System.Linq.Expressions.Interpreter.InterpretedFrame	Leave	0x2050	NoInlining	Assembly, Static, HideBySig	0x10044cf5c	0x94854a76	0x10259f934	0x10259f934	mapped	0x10259f934
System.Linq.Expressions	1380	0x06000565	System.Linq.Expressions.Interpreter.InterpretedFrame	IsJumpHappened	0x2050	NoInlining	Assembly, HideBySig	0x10044cf60	0x94854a98	0x10259f9c0	0x10259f9c0	mapped	0x10259f9c0
System.Linq.Expressions	1381	0x06000566	System.Linq.Expressions.Interpreter.InterpretedFrame	RemoveContinuation	0x2050	NoInlining	Public, HideBySig	0x10044cf64	0x94854aa2	0x10259f9ec	0x10259f9ec	mapped	0x10259f9ec
System.Linq.Expressions	1382	0x06000567	System.Linq.Expressions.Interpreter.InterpretedFrame	PushContinuation	0x2050	NoInlining	Public, HideBySig	0x10044cf68	0x94854aac	0x10259fa18	0x10259fa18	mapped	0x10259fa18
System.Linq.Expressions	1383	0x06000568	System.Linq.Expressions.Interpreter.InterpretedFrame	YieldToCurrentContinuation	0x2050	NoInlining	Public, HideBySig	0x10044cf6c	0x94854ac4	0x10259fa7c	0x10259fa7c	mapped	0x10259fa7c
System.Linq.Expressions	1384	0x06000569	System.Linq.Expressions.Interpreter.InterpretedFrame	YieldToPendingContinuation	0x2050	NoInlining	Public, HideBySig	0x10044cf70	0x94854af7	0x10259fb4c	0x10259fb4c	mapped	0x10259fb4c
System.Linq.Expressions	1385	0x0600056a	System.Linq.Expressions.Interpreter.InterpretedFrame	PushPendingContinuation	0x2050	NoInlining	Assembly, HideBySig	0x10044cf74	0x94854b68	0x10259fd14	0x10259fd14	mapped	0x10259fd14
System.Linq.Expressions	1386	0x0600056b	System.Linq.Expressions.Interpreter.InterpretedFrame	PopPendingContinuation	0x2050	NoInlining	Assembly, HideBySig	0x10044cf78	0x94854b9d	0x10259fdec	0x10259fdec	mapped	0x10259fdec
System.Linq.Expressions	1387	0x0600056c	System.Linq.Expressions.Interpreter.InterpretedFrame	Goto	0x2050	NoInlining	Public, HideBySig	0x10044cf7c	0x94854bef	0x10259ff38	0x10259ff38	mapped	0x10259ff38
System.Linq.Expressions	1388	0x0600056d	System.Linq.Expressions.Interpreter.InterpretedFrame+<GetStackTraceDebugInfo>d__29	.ctor	0x2050	NoInlining	Public, HideBySig, SpecialName, RTSpecialName	0x10044cf80	0x94854c48	0x1025a00a0	0x1025a00a0	mapped	0x1025a00a0
System.Linq.Expressions	1389	0x0600056e	System.Linq.Expressions.Interpreter.InterpretedFrame+<GetStackTraceDebugInfo>d__29	System.IDisposable.Dispose	0x2050	NoInlining	Private, Final, Virtual, HideBySig, VtableLayoutMask	0x10044cf84	0x94854c5d	0x1025a00f8	0x1025a00f8	mapped	0x1025a00f8
System.Linq.Expressions	1390	0x0600056f	System.Linq.Expressions.Interpreter.InterpretedFrame+<GetStackTraceDebugInfo>d__29	MoveNext	0x2050	NoInlining	Private, Final, Virtual, HideBySig, VtableLayoutMask	0x10044cf88	0x94854c5d	0x1025a00fc	0x1025a00fc	mapped	0x1025a00fc
System.Linq.Expressions	1391	0x06000570	System.Linq.Expressions.Interpreter.InterpretedFrame+<GetStackTraceDebugInfo>d__29	System.Collections.Generic.IEnumerator<System.Linq.Expressions.Interpreter.InterpretedFrameInfo>.get_Current	0x2050	NoInlining	Private, Final, Virtual, HideBySig, VtableLayoutMask, SpecialName	0x10044cf8c	0x94854cb7	0x1025a0268	0x1025a0268	mapped	0x1025a0268
System.Linq.Expressions	1392	0x06000571	System.Linq.Expressions.Interpreter.InterpretedFrame+<GetStackTraceDebugInfo>d__29	System.Collections.IEnumerator.Reset	0x2050	NoInlining	Private, Final, Virtual, HideBySig, VtableLayoutMask	0x10044cf90	0x94854cc1	0x1025a0294	0x1025a0294	mapped	0x1025a0294
System.Linq.Expressions	1393	0x06000572	System.Linq.Expressions.Interpreter.InterpretedFrame+<GetStackTraceDebugInfo>d__29	System.Collections.IEnumerator.get_Current	0x2050	NoInlining	Private, Final, Virtual, HideBySig, VtableLayoutMask, SpecialName	0x10044cf94	0x94854ccb	0x1025a02c0	0x1025a02c0	mapped	0x1025a02c0
System.Linq.Expressions	1394	0x06000573	System.Linq.Expressions.Interpreter.InterpretedFrame+<GetStackTraceDebugInfo>d__29	System.Collections.Generic.IEnumerable<System.Linq.Expressions.Interpreter.InterpretedFrameInfo>.GetEnumerator	0x2050	NoInlining	Private, Final, Virtual, HideBySig, VtableLayoutMask	0x10044cf98	0x94854cf8	0x1025a0378	0x1025a0378	mapped	0x1025a0378
System.Linq.Expressions	1395	0x06000574	System.Linq.Expressions.Interpreter.InterpretedFrame+<GetStackTraceDebugInfo>d__29	System.Collections.IEnumerable.GetEnumerator	0x2050	NoInlining	Private, Final, Virtual, HideBySig, VtableLayoutMask	0x10044cf9c	0x94854d30	0x1025a045c	0x1025a045c	mapped	0x1025a045c
System.Linq.Expressions	1396	0x06000575	System.Linq.Expressions.Interpreter.Interpreter	.ctor	0x2050	NoInlining	Assembly, HideBySig, SpecialName, RTSpecialName	0x10044cfa0	0x94854d3d	0x1025a0494	0x1025a0494	mapped	0x1025a0494
System.Linq.Expressions	1397	0x06000576	System.Linq.Expressions.Interpreter.Interpreter	get_Name	0x2050	NoInlining	Assembly, HideBySig, SpecialName	0x10044cfa4	0x94854d90	0x1025a05e4	0x1025a05e4	mapped	0x1025a05e4
System.Linq.Expressions	1398	0x06000577	System.Linq.Expressions.Interpreter.Interpreter	get_LocalCount	0x2050	NoInlining	Assembly, HideBySig, SpecialName	0x10044cfa8	0x94854d98	0x1025a0608	0x1025a0608	mapped	0x1025a0608
System.Linq.Expressions	1399	0x06000578	System.Linq.Expressions.Interpreter.Interpreter	get_ClosureSize	0x2050	NoInlining	Assembly, HideBySig, SpecialName	0x10044cfac	0x94854da0	0x1025a062c	0x1025a062c	mapped	0x1025a062c
System.Linq.Expressions	1400	0x06000579	System.Linq.Expressions.Interpreter.Interpreter	get_Instructions	0x2050	NoInlining	Assembly, HideBySig, SpecialName	0x10044cfb0	0x94854daf	0x1025a066c	0x1025a066c	mapped	0x1025a066c
System.Linq.Expressions	1401	0x0600057a	System.Linq.Expressions.Interpreter.Interpreter	get_ClosureVariables	0x2050	NoInlining	Assembly, HideBySig, SpecialName	0x10044cfb4	0x94854dd1	0x1025a06f8	0x1025a06f8	mapped	0x1025a06f8
System.Linq.Expressions	1402	0x0600057b	System.Linq.Expressions.Interpreter.Interpreter	Run	0x2050	NoInlining	Public, HideBySig	0x10044cfb8	0x94854dd9	0x1025a071c	0x1025a071c	mapped	0x1025a071c
System.Linq.Expressions	1403	0x0600057c	System.Linq.Expressions.Interpreter.Interpreter	.cctor	0x2050	NoInlining	Private, Static, HideBySig, SpecialName, RTSpecialName	0x10044cfbc	0x94854e1c	0x1025a082c	0x1025a082c	mapped	0x1025a082c
System.Linq.Expressions	1404	0x0600057d	System.Linq.Expressions.Interpreter.LabelInfo	.ctor	0x2050	NoInlining	Assembly, HideBySig, SpecialName, RTSpecialName	0x10044cfc0	0x94854e37	0x1025a089c	0x1025a089c	mapped	0x1025a089c
System.Linq.Expressions	1405	0x0600057e	System.Linq.Expressions.Interpreter.LabelInfo	GetLabel	0x2050	NoInlining	Assembly, HideBySig	0x10044cfc4	0x94854e6c	0x1025a0974	0x1025a0974	mapped	0x1025a0974
System.Linq.Expressions	1406	0x0600057f	System.Linq.Expressions.Interpreter.LabelInfo	Reference	0x2050	NoInlining	Assembly, HideBySig	0x10044cfc8	0x94854e81	0x1025a09cc	0x1025a09cc	mapped	0x1025a09cc
System.Linq.Expressions	1407	0x06000580	System.Linq.Expressions.Interpreter.LabelInfo	Define	0x2050	NoInlining	Assembly, HideBySig	0x10044cfcc	0x94854ec1	0x1025a0ad0	0x1025a0ad0	mapped	0x1025a0ad0
System.Linq.Expressions	1408	0x06000581	System.Linq.Expressions.Interpreter.LabelInfo	ValidateJump	0x2050	NoInlining	Private, HideBySig	0x10044cfd0	0x94854f49	0x1025a0cf4	0x1025a0cf4	mapped	0x1025a0cf4
System.Linq.Expressions	1409	0x06000582	System.Linq.Expressions.Interpreter.LabelInfo	ValidateFinish	0x2050	NoInlining	Assembly, HideBySig	0x10044cfd4	0x94854ffc	0x1025a0fc4	0x1025a0fc4	mapped	0x1025a0fc4
System.Linq.Expressions	1410	0x06000583	System.Linq.Expressions.Interpreter.LabelInfo	EnsureLabel	0x2050	NoInlining	Private, HideBySig	0x10044cfd8	0x9485501e	0x1025a1050	0x1025a1050	mapped	0x1025a1050
System.Linq.Expressions	1411	0x06000584	System.Linq.Expressions.Interpreter.LabelInfo	DefinedIn	0x2050	NoInlining	Private, HideBySig	0x10044cfdc	0x94855042	0x1025a10e4	0x1025a10e4	mapped	0x1025a10e4
System.Linq.Expressions	1412	0x06000585	System.Linq.Expressions.Interpreter.LabelInfo	get_HasDefinitions	0x2050	NoInlining	Private, HideBySig, SpecialName	0x10044cfe0	0x94855070	0x1025a11a0	0x1025a11a0	mapped	0x1025a11a0
System.Linq.Expressions	1413	0x06000586	System.Linq.Expressions.Interpreter.LabelInfo	FirstDefinition	0x2050	NoInlining	Private, HideBySig	0x10044cfe4	0x9485507a	0x1025a11cc	0x1025a11cc	mapped	0x1025a11cc
System.Linq.Expressions	1414	0x06000587	System.Linq.Expressions.Interpreter.LabelInfo	AddDefinition	0x2050	NoInlining	Private, HideBySig	0x10044cfe8	0x948550d9	0x1025a134c	0x1025a134c	mapped	0x1025a134c
System.Linq.Expressions	1415	0x06000588	System.Linq.Expressions.Interpreter.LabelInfo	get_HasMultipleDefinitions	0x2050	NoInlining	Private, HideBySig, SpecialName	0x10044cfec	0x94855126	0x1025a1484	0x1025a1484	mapped	0x1025a1484
System.Linq.Expressions	1416	0x06000589	System.Linq.Expressions.Interpreter.LabelInfo	CommonNode	0x2050	NoInlining	Assembly, Static, HideBySig	0x10044cff0	0x94855143	0x1025a14fc	0x1025a14fc	mapped	0x1025a14fc
System.Linq.Expressions	1417	0x0600058a	System.Linq.Expressions.Interpreter.LabelInfo+<>c	.cctor	0x2050	NoInlining	Private, Static, HideBySig, SpecialName, RTSpecialName	0x10044cff4	0x948551d6	0x1025a174c	0x1025a174c	mapped	0x1025a174c
System.Linq.Expressions	1418	0x0600058b	System.Linq.Expressions.Interpreter.LabelInfo+<>c	.ctor	0x2050	NoInlining	Public, HideBySig, SpecialName, RTSpecialName	0x10044cff8	0x948551f1	0x1025a17bc	0x1025a17bc	mapped	0x1025a17bc
System.Linq.Expressions	1419	0x0600058c	System.Linq.Expressions.Interpreter.LabelInfo+<>c	<ValidateJump>b__9_0	0x2050	NoInlining	Assembly, HideBySig	0x10044cffc	0x948551fe	0x1025a17f4	0x1025a17f4	mapped	0x1025a17f4
System.Linq.Expressions	1420	0x0600058d	System.Linq.Expressions.Interpreter.LabelScopeInfo	.ctor	0x2050	NoInlining	Assembly, HideBySig, SpecialName, RTSpecialName	0x10044d000	0x94855206	0x1025a1818	0x1025a1818	mapped	0x1025a1818
System.Linq.Expressions	1421	0x0600058e	System.Linq.Expressions.Interpreter.LabelScopeInfo	get_CanJumpInto	0x2050	NoInlining	Assembly, HideBySig, SpecialName	0x10044d004	0x94855216	0x1025a185c	0x1025a185c	mapped	0x1025a185c
System.Linq.Expressions	1422	0x0600058f	System.Linq.Expressions.Interpreter.LabelScopeInfo	ContainsTarget	0x2050	NoInlining	Assembly, HideBySig	0x10044d008	0x94855220	0x1025a1888	0x1025a1888	mapped	0x1025a1888
System.Linq.Expressions	1423	0x06000590	System.Linq.Expressions.Interpreter.LabelScopeInfo	TryGetLabelInfo	0x2050	NoInlining	Assembly, HideBySig	0x10044d00c	0x94855243	0x1025a1918	0x1025a1918	mapped	0x1025a1918
System.Linq.Expressions	1424	0x06000591	System.Linq.Expressions.Interpreter.LabelScopeInfo	AddLabelInfo	0x2050	NoInlining	Assembly, HideBySig	0x10044d010	0x94855272	0x1025a19d8	0x1025a19d8	mapped	0x1025a19d8
System.Linq.Expressions	1425	0x06000592	System.Linq.Expressions.Interpreter.LeftShiftInstruction	get_ConsumedStack	0x2050	NoInlining	Public, Final, Virtual, HideBySig, SpecialName	0x10044d014	0x948552a9	0x1025a1ab8	0x1025a1ab8	mapped	0x1025a1ab8
System.Linq.Expressions	1426	0x06000593	System.Linq.Expressions.Interpreter.LeftShiftInstruction	get_ProducedStack	0x2050	NoInlining	Public, Final, Virtual, HideBySig, SpecialName	0x10044d018	0x948552aa	0x1025a1ac0	0x1025a1ac0	mapped	0x1025a1ac0
System.Linq.Expressions	1427	0x06000594	System.Linq.Expressions.Interpreter.LeftShiftInstruction	get_InstructionName	0x2050	NoInlining	Public, Final, Virtual, HideBySig, SpecialName	0x10044d01c	0x948552ab	0x1025a1ac8	0x1025a1ac8	mapped	0x1025a1ac8
System.Linq.Expressions	1428	0x06000595	System.Linq.Expressions.Interpreter.LeftShiftInstruction	.ctor	0x2050	NoInlining	Private, HideBySig, SpecialName, RTSpecialName	0x10044d020	0x948552ba	0x1025a1b08	0x1025a1b08	mapped	0x1025a1b08
System.Linq.Expressions	1429	0x06000596	System.Linq.Expressions.Interpreter.LeftShiftInstruction	Create	0x2050	NoInlining	Public, Static, HideBySig	0x10044d024	0x948552ba	0x1025a1b0c	0x1025a1b0c	mapped	0x1025a1b0c
System.Linq.Expressions	1430	0x06000597	System.Linq.Expressions.Interpreter.LeftShiftInstruction+LeftShiftSByte	Run	0x2050	NoInlining	Public, Final, Virtual, HideBySig	0x10044d028	0x94855325	0x1025a1cbc	0x1025a1cbc	mapped	0x1025a1cbc
System.Linq.Expressions	1431	0x06000598	System.Linq.Expressions.Interpreter.LeftShiftInstruction+LeftShiftSByte	.ctor	0x2050	NoInlining	Public, HideBySig, SpecialName, RTSpecialName	0x10044d02c	0x9485538a	0x1025a1e54	0x1025a1e54	mapped	0x1025a1e54
System.Linq.Expressions	1432	0x06000599	System.Linq.Expressions.Interpreter.LeftShiftInstruction+LeftShiftInt16	Run	0x2050	NoInlining	Public, Final, Virtual, HideBySig	0x10044d030	0x9485538a	0x1025a1e58	0x1025a1e58	mapped	0x1025a1e58
System.Linq.Expressions	1433	0x0600059a	System.Linq.Expressions.Interpreter.LeftShiftInstruction+LeftShiftInt16	.ctor	0x2050	NoInlining	Public, HideBySig, SpecialName, RTSpecialName	0x10044d034	0x948553ef	0x1025a1ff0	0x1025a1ff0	mapped	0x1025a1ff0
System.Linq.Expressions	1434	0x0600059b	System.Linq.Expressions.Interpreter.LeftShiftInstruction+LeftShiftInt32	Run	0x2050	NoInlining	Public, Final, Virtual, HideBySig	0x10044d038	0x948553ef	0x1025a1ff4	0x1025a1ff4	mapped	0x1025a1ff4
System.Linq.Expressions	1435	0x0600059c	System.Linq.Expressions.Interpreter.LeftShiftInstruction+LeftShiftInt32	.ctor	0x2050	NoInlining	Public, HideBySig, SpecialName, RTSpecialName	0x10044d03c	0x94855452	0x1025a2184	0x1025a2184	mapped	0x1025a2184
System.Linq.Expressions	1436	0x0600059d	System.Linq.Expressions.Interpreter.LeftShiftInstruction+LeftShiftInt64	Run	0x2050	NoInlining	Public, Final, Virtual, HideBySig	0x10044d040	0x94855452	0x1025a2188	0x1025a2188	mapped	0x1025a2188
System.Linq.Expressions	1437	0x0600059e	System.Linq.Expressions.Interpreter.LeftShiftInstruction+LeftShiftInt64	.ctor	0x2050	NoInlining	Public, HideBySig, SpecialName, RTSpecialName	0x10044d044	0x948554c3	0x1025a2350	0x1025a2350	mapped	0x1025a2350
System.Linq.Expressions	1438	0x0600059f	System.Linq.Expressions.Interpreter.LeftShiftInstruction+LeftShiftByte	Run	0x2050	NoInlining	Public, Final, Virtual, HideBySig	0x10044d048	0x948554c3	0x1025a2354	0x1025a2354	mapped	0x1025a2354
System.Linq.Expressions	1439	0x060005a0	System.Linq.Expressions.Interpreter.LeftShiftInstruction+LeftShiftByte	.ctor	0x2050	NoInlining	Public, HideBySig, SpecialName, RTSpecialName	0x10044d04c	0x94855528	0x1025a24ec	0x1025a24ec	mapped	0x1025a24ec
System.Linq.Expressions	1440	0x060005a1	System.Linq.Expressions.Interpreter.LeftShiftInstruction+LeftShiftUInt16	Run	0x2050	NoInlining	Public, Final, Virtual, HideBySig	0x10044d050	0x94855528	0x1025a24f0	0x1025a24f0	mapped	0x1025a24f0
System.Linq.Expressions	1441	0x060005a2	System.Linq.Expressions.Interpreter.LeftShiftInstruction+LeftShiftUInt16	.ctor	0x2050	NoInlining	Public, HideBySig, SpecialName, RTSpecialName	0x10044d054	0x9485558d	0x1025a2688	0x1025a2688	mapped	0x1025a2688
System.Linq.Expressions	1442	0x060005a3	System.Linq.Expressions.Interpreter.LeftShiftInstruction+LeftShiftUInt32	Run	0x2050	NoInlining	Public, Final, Virtual, HideBySig	0x10044d058	0x9485558d	0x1025a268c	0x1025a268c	mapped	0x1025a268c
System.Linq.Expressions	1443	0x060005a4	System.Linq.Expressions.Interpreter.LeftShiftInstruction+LeftShiftUInt32	.ctor	0x2050	NoInlining	Public, HideBySig, SpecialName, RTSpecialName	0x10044d05c	0x948555fe	0x1025a2854	0x1025a2854	mapped	0x1025a2854
System.Linq.Expressions	1444	0x060005a5	System.Linq.Expressions.Interpreter.LeftShiftInstruction+LeftShiftUInt64	Run	0x2050	NoInlining	Public, Final, Virtual, HideBySig	0x10044d060	0x948555fe	0x1025a2858	0x1025a2858	mapped	0x1025a2858
System.Linq.Expressions	1445	0x060005a6	System.Linq.Expressions.Interpreter.LeftShiftInstruction+LeftShiftUInt64	.ctor	0x2050	NoInlining	Public, HideBySig, SpecialName, RTSpecialName	0x10044d064	0x9485566f	0x1025a2a20	0x1025a2a20	mapped	0x1025a2a20
System.Linq.Expressions	1446	0x060005a7	System.Linq.Expressions.Interpreter.LessThanInstruction	get_ConsumedStack	0x2050	NoInlining	Public, Final, Virtual, HideBySig, SpecialName	0x10044d068	0x9485566f	0x1025a2a24	0x1025a2a24	mapped	0x1025a2a24
System.Linq.Expressions	1447	0x060005a8	System.Linq.Expressions.Interpreter.LessThanInstruction	get_ProducedStack	0x2050	NoInlining	Public, Final, Virtual, HideBySig, SpecialName	0x10044d06c	0x94855670	0x1025a2a2c	0x1025a2a2c	mapped	0x1025a2a2c
System.Linq.Expressions	1448	0x060005a9	System.Linq.Expressions.Interpreter.LessThanInstruction	get_InstructionName	0x2050	NoInlining	Public, Final, Virtual, HideBySig, SpecialName	0x10044d070	0x94855671	0x1025a2a34	0x1025a2a34	mapped	0x1025a2a34
System.Linq.Expressions	1449	0x060005aa	System.Linq.Expressions.Interpreter.LessThanInstruction	.ctor	0x2050	NoInlining	Private, HideBySig, SpecialName, RTSpecialName	0x10044d074	0x94855680	0x1025a2a74	0x1025a2a74	mapped	0x1025a2a74
System.Linq.Expressions	1450	0x060005ab	System.Linq.Expressions.Interpreter.LessThanInstruction	Create	0x2050	NoInlining	Public, Static, HideBySig	0x10044d078	0x9485568f	0x1025a2ab4	0x1025a2ab4	mapped	0x1025a2ab4
System.Linq.Expressions	1451	0x060005ac	System.Linq.Expressions.Interpreter.LessThanInstruction+LessThanSByte	.ctor	0x2050	NoInlining	Public, HideBySig, SpecialName, RTSpecialName	0x10044d07c	0x9485578b	0x1025a2ea8	0x1025a2ea8	mapped	0x1025a2ea8
System.Linq.Expressions	1452	0x060005ad	System.Linq.Expressions.Interpreter.LessThanInstruction+LessThanSByte	Run	0x2050	NoInlining	Public, Final, Virtual, HideBySig	0x10044d080	0x9485579a	0x1025a2ee8	0x1025a2ee8	mapped	0x1025a2ee8
System.Linq.Expressions	1453	0x060005ae	System.Linq.Expressions.Interpreter.LessThanInstruction+LessThanInt16	.ctor	0x2050	NoInlining	Public, HideBySig, SpecialName, RTSpecialName	0x10044d084	0x94855802	0x1025a308c	0x1025a308c	mapped	0x1025a308c
System.Linq.Expressions	1454	0x060005af	System.Linq.Expressions.Interpreter.LessThanInstruction+LessThanInt16	Run	0x2050	NoInlining	Public, Final, Virtual, HideBySig	0x10044d088	0x94855811	0x1025a30cc	0x1025a30cc	mapped	0x1025a30cc
System.Linq.Expressions	1455	0x060005b0	System.Linq.Expressions.Interpreter.LessThanInstruction+LessThanChar	.ctor	0x2050	NoInlining	Public, HideBySig, SpecialName, RTSpecialName	0x10044d08c	0x94855879	0x1025a3270	0x1025a3270	mapped	0x1025a3270
System.Linq.Expressions	1456	0x060005b1	System.Linq.Expressions.Interpreter.LessThanInstruction+LessThanChar	Run	0x2050	NoInlining	Public, Final, Virtual, HideBySig	0x10044d090	0x94855888	0x1025a32b0	0x1025a32b0	mapped	0x1025a32b0
System.Linq.Expressions	1457	0x060005b2	System.Linq.Expressions.Interpreter.LessThanInstruction+LessThanInt32	.ctor	0x2050	NoInlining	Public, HideBySig, SpecialName, RTSpecialName	0x10044d094	0x948558f0	0x1025a3454	0x1025a3454	mapped	0x1025a3454
System.Linq.Expressions	1458	0x060005b3	System.Linq.Expressions.Interpreter.LessThanInstruction+LessThanInt32	Run	0x2050	NoInlining	Public, Final, Virtual, HideBySig	0x10044d098	0x948558ff	0x1025a3494	0x1025a3494	mapped	0x1025a3494
System.Linq.Expressions	1459	0x060005b4	System.Linq.Expressions.Interpreter.LessThanInstruction+LessThanInt64	.ctor	0x2050	NoInlining	Public, HideBySig, SpecialName, RTSpecialName	0x10044d09c	0x94855967	0x1025a3638	0x1025a3638	mapped	0x1025a3638
System.Linq.Expressions	1460	0x060005b5	System.Linq.Expressions.Interpreter.LessThanInstruction+LessThanInt64	Run	0x2050	NoInlining	Public, Final, Virtual, HideBySig	0x10044d0a0	0x94855976	0x1025a3678	0x1025a3678	mapped	0x1025a3678
System.Linq.Expressions	1461	0x060005b6	System.Linq.Expressions.Interpreter.LessThanInstruction+LessThanByte	.ctor	0x2050	NoInlining	Public, HideBySig, SpecialName, RTSpecialName	0x10044d0a4	0x948559de	0x1025a381c	0x1025a381c	mapped	0x1025a381c
System.Linq.Expressions	1462	0x060005b7	System.Linq.Expressions.Interpreter.LessThanInstruction+LessThanByte	Run	0x2050	NoInlining	Public, Final, Virtual, HideBySig	0x10044d0a8	0x948559ed	0x1025a385c	0x1025a385c	mapped	0x1025a385c
System.Linq.Expressions	1463	0x060005b8	System.Linq.Expressions.Interpreter.LessThanInstruction+LessThanUInt16	.ctor	0x2050	NoInlining	Public, HideBySig, SpecialName, RTSpecialName	0x10044d0ac	0x94855a55	0x1025a3a00	0x1025a3a00	mapped	0x1025a3a00
System.Linq.Expressions	1464	0x060005b9	System.Linq.Expressions.Interpreter.LessThanInstruction+LessThanUInt16	Run	0x2050	NoInlining	Public, Final, Virtual, HideBySig	0x10044d0b0	0x94855a64	0x1025a3a40	0x1025a3a40	mapped	0x1025a3a40
System.Linq.Expressions	1465	0x060005ba	System.Linq.Expressions.Interpreter.LessThanInstruction+LessThanUInt32	.ctor	0x2050	NoInlining	Public, HideBySig, SpecialName, RTSpecialName	0x10044d0b4	0x94855acc	0x1025a3be4	0x1025a3be4	mapped	0x1025a3be4
System.Linq.Expressions	1466	0x060005bb	System.Linq.Expressions.Interpreter.LessThanInstruction+LessThanUInt32	Run	0x2050	NoInlining	Public, Final, Virtual, HideBySig	0x10044d0b8	0x94855adb	0x1025a3c24	0x1025a3c24	mapped	0x1025a3c24
System.Linq.Expressions	1467	0x060005bc	System.Linq.Expressions.Interpreter.LessThanInstruction+LessThanUInt64	.ctor	0x2050	NoInlining	Public, HideBySig, SpecialName, RTSpecialName	0x10044d0bc	0x94855b43	0x1025a3dc8	0x1025a3dc8	mapped	0x1025a3dc8
System.Linq.Expressions	1468	0x060005bd	System.Linq.Expressions.Interpreter.LessThanInstruction+LessThanUInt64	Run	0x2050	NoInlining	Public, Final, Virtual, HideBySig	0x10044d0c0	0x94855b52	0x1025a3e08	0x1025a3e08	mapped	0x1025a3e08
System.Linq.Expressions	1469	0x060005be	System.Linq.Expressions.Interpreter.LessThanInstruction+LessThanSingle	.ctor	0x2050	NoInlining	Public, HideBySig, SpecialName, RTSpecialName	0x10044d0c4	0x94855bba	0x1025a3fac	0x1025a3fac	mapped	0x1025a3fac
System.Linq.Expressions	1470	0x060005bf	System.Linq.Expressions.Interpreter.LessThanInstruction+LessThanSingle	Run	0x2050	NoInlining	Public, Final, Virtual, HideBySig	0x10044d0c8	0x94855bc9	0x1025a3fec	0x1025a3fec	mapped	0x1025a3fec
System.Linq.Expressions	1471	0x060005c0	System.Linq.Expressions.Interpreter.LessThanInstruction+LessThanDouble	.ctor	0x2050	NoInlining	Public, HideBySig, SpecialName, RTSpecialName	0x10044d0cc	0x94855c31	0x1025a4190	0x1025a4190	mapped	0x1025a4190
System.Linq.Expressions	1472	0x060005c1	System.Linq.Expressions.Interpreter.LessThanInstruction+LessThanDouble	Run	0x2050	NoInlining	Public, Final, Virtual, HideBySig	0x10044d0d0	0x94855c40	0x1025a41d0	0x1025a41d0	mapped	0x1025a41d0
System.Linq.Expressions	1473	0x060005c2	System.Linq.Expressions.Interpreter.LessThanOrEqualInstruction	get_ConsumedStack	0x2050	NoInlining	Public, Final, Virtual, HideBySig, SpecialName	0x10044d0d4	0x94855ca8	0x1025a4374	0x1025a4374	mapped	0x1025a4374
System.Linq.Expressions	1474	0x060005c3	System.Linq.Expressions.Interpreter.LessThanOrEqualInstruction	get_ProducedStack	0x2050	NoInlining	Public, Final, Virtual, HideBySig, SpecialName	0x10044d0d8	0x94855ca9	0x1025a437c	0x1025a437c	mapped	0x1025a437c
System.Linq.Expressions	1475	0x060005c4	System.Linq.Expressions.Interpreter.LessThanOrEqualInstruction	get_InstructionName	0x2050	NoInlining	Public, Final, Virtual, HideBySig, SpecialName	0x10044d0dc	0x94855caa	0x1025a4384	0x1025a4384	mapped	0x1025a4384
System.Linq.Expressions	1476	0x060005c5	System.Linq.Expressions.Interpreter.LessThanOrEqualInstruction	.ctor	0x2050	NoInlining	Private, HideBySig, SpecialName, RTSpecialName	0x10044d0e0	0x94855cb9	0x1025a43c4	0x1025a43c4	mapped	0x1025a43c4
System.Linq.Expressions	1477	0x060005c6	System.Linq.Expressions.Interpreter.LessThanOrEqualInstruction	Create	0x2050	NoInlining	Public, Static, HideBySig	0x10044d0e4	0x94855cc8	0x1025a4404	0x1025a4404	mapped	0x1025a4404
System.Linq.Expressions	1478	0x060005c7	System.Linq.Expressions.Interpreter.LessThanOrEqualInstruction+LessThanOrEqualSByte	.ctor	0x2050	NoInlining	Public, HideBySig, SpecialName, RTSpecialName	0x10044d0e8	0x94855dc4	0x1025a47f8	0x1025a47f8	mapped	0x1025a47f8
System.Linq.Expressions	1479	0x060005c8	System.Linq.Expressions.Interpreter.LessThanOrEqualInstruction+LessThanOrEqualSByte	Run	0x2050	NoInlining	Public, Final, Virtual, HideBySig	0x10044d0ec	0x94855dd3	0x1025a4838	0x1025a4838	mapped	0x1025a4838
System.Linq.Expressions	1480	0x060005c9	System.Linq.Expressions.Interpreter.LessThanOrEqualInstruction+LessThanOrEqualInt16	.ctor	0x2050	NoInlining	Public, HideBySig, SpecialName, RTSpecialName	0x10044d0f0	0x94855e3b	0x1025a49dc	0x1025a49dc	mapped	0x1025a49dc
System.Linq.Expressions	1481	0x060005ca	System.Linq.Expressions.Interpreter.LessThanOrEqualInstruction+LessThanOrEqualInt16	Run	0x2050	NoInlining	Public, Final, Virtual, HideBySig	0x10044d0f4	0x94855e4a	0x1025a4a1c	0x1025a4a1c	mapped	0x1025a4a1c
System.Linq.Expressions	1482	0x060005cb	System.Linq.Expressions.Interpreter.LessThanOrEqualInstruction+LessThanOrEqualChar	.ctor	0x2050	NoInlining	Public, HideBySig, SpecialName, RTSpecialName	0x10044d0f8	0x94855eb2	0x1025a4bc0	0x1025a4bc0	mapped	0x1025a4bc0
System.Linq.Expressions	1483	0x060005cc	System.Linq.Expressions.Interpreter.LessThanOrEqualInstruction+LessThanOrEqualChar	Run	0x2050	NoInlining	Public, Final, Virtual, HideBySig	0x10044d0fc	0x94855ec1	0x1025a4c00	0x1025a4c00	mapped	0x1025a4c00
System.Linq.Expressions	1484	0x060005cd	System.Linq.Expressions.Interpreter.LessThanOrEqualInstruction+LessThanOrEqualInt32	.ctor	0x2050	NoInlining	Public, HideBySig, SpecialName, RTSpecialName	0x10044d100	0x94855f29	0x1025a4da4	0x1025a4da4	mapped	0x1025a4da4
System.Linq.Expressions	1485	0x060005ce	System.Linq.Expressions.Interpreter.LessThanOrEqualInstruction+LessThanOrEqualInt32	Run	0x2050	NoInlining	Public, Final, Virtual, HideBySig	0x10044d104	0x94855f38	0x1025a4de4	0x1025a4de4	mapped	0x1025a4de4
System.Linq.Expressions	1486	0x060005cf	System.Linq.Expressions.Interpreter.LessThanOrEqualInstruction+LessThanOrEqualInt64	.ctor	0x2050	NoInlining	Public, HideBySig, SpecialName, RTSpecialName	0x10044d108	0x94855fa0	0x1025a4f88	0x1025a4f88	mapped	0x1025a4f88
System.Linq.Expressions	1487	0x060005d0	System.Linq.Expressions.Interpreter.LessThanOrEqualInstruction+LessThanOrEqualInt64	Run	0x2050	NoInlining	Public, Final, Virtual, HideBySig	0x10044d10c	0x94855faf	0x1025a4fc8	0x1025a4fc8	mapped	0x1025a4fc8
System.Linq.Expressions	1488	0x060005d1	System.Linq.Expressions.Interpreter.LessThanOrEqualInstruction+LessThanOrEqualByte	.ctor	0x2050	NoInlining	Public, HideBySig, SpecialName, RTSpecialName	0x10044d110	0x94856017	0x1025a516c	0x1025a516c	mapped	0x1025a516c
System.Linq.Expressions	1489	0x060005d2	System.Linq.Expressions.Interpreter.LessThanOrEqualInstruction+LessThanOrEqualByte	Run	0x2050	NoInlining	Public, Final, Virtual, HideBySig	0x10044d114	0x94856026	0x1025a51ac	0x1025a51ac	mapped	0x1025a51ac
System.Linq.Expressions	1490	0x060005d3	System.Linq.Expressions.Interpreter.LessThanOrEqualInstruction+LessThanOrEqualUInt16	.ctor	0x2050	NoInlining	Public, HideBySig, SpecialName, RTSpecialName	0x10044d118	0x9485608e	0x1025a5350	0x1025a5350	mapped	0x1025a5350
System.Linq.Expressions	1491	0x060005d4	System.Linq.Expressions.Interpreter.LessThanOrEqualInstruction+LessThanOrEqualUInt16	Run	0x2050	NoInlining	Public, Final, Virtual, HideBySig	0x10044d11c	0x9485609d	0x1025a5390	0x1025a5390	mapped	0x1025a5390
System.Linq.Expressions	1492	0x060005d5	System.Linq.Expressions.Interpreter.LessThanOrEqualInstruction+LessThanOrEqualUInt32	.ctor	0x2050	NoInlining	Public, HideBySig, SpecialName, RTSpecialName	0x10044d120	0x94856105	0x1025a5534	0x1025a5534	mapped	0x1025a5534
System.Linq.Expressions	1493	0x060005d6	System.Linq.Expressions.Interpreter.LessThanOrEqualInstruction+LessThanOrEqualUInt32	Run	0x2050	NoInlining	Public, Final, Virtual, HideBySig	0x10044d124	0x94856114	0x1025a5574	0x1025a5574	mapped	0x1025a5574
System.Linq.Expressions	1494	0x060005d7	System.Linq.Expressions.Interpreter.LessThanOrEqualInstruction+LessThanOrEqualUInt64	.ctor	0x2050	NoInlining	Public, HideBySig, SpecialName, RTSpecialName	0x10044d128	0x9485617c	0x1025a5718	0x1025a5718	mapped	0x1025a5718
System.Linq.Expressions	1495	0x060005d8	System.Linq.Expressions.Interpreter.LessThanOrEqualInstruction+LessThanOrEqualUInt64	Run	0x2050	NoInlining	Public, Final, Virtual, HideBySig	0x10044d12c	0x9485618b	0x1025a5758	0x1025a5758	mapped	0x1025a5758
System.Linq.Expressions	1496	0x060005d9	System.Linq.Expressions.Interpreter.LessThanOrEqualInstruction+LessThanOrEqualSingle	.ctor	0x2050	NoInlining	Public, HideBySig, SpecialName, RTSpecialName	0x10044d130	0x948561f3	0x1025a58fc	0x1025a58fc	mapped	0x1025a58fc
System.Linq.Expressions	1497	0x060005da	System.Linq.Expressions.Interpreter.LessThanOrEqualInstruction+LessThanOrEqualSingle	Run	0x2050	NoInlining	Public, Final, Virtual, HideBySig	0x10044d134	0x94856202	0x1025a593c	0x1025a593c	mapped	0x1025a593c
System.Linq.Expressions	1498	0x060005db	System.Linq.Expressions.Interpreter.LessThanOrEqualInstruction+LessThanOrEqualDouble	.ctor	0x2050	NoInlining	Public, HideBySig, SpecialName, RTSpecialName	0x10044d138	0x9485626a	0x1025a5ae0	0x1025a5ae0	mapped	0x1025a5ae0
System.Linq.Expressions	1499	0x060005dc	System.Linq.Expressions.Interpreter.LessThanOrEqualInstruction+LessThanOrEqualDouble	Run	0x2050	NoInlining	Public, Final, Virtual, HideBySig	0x10044d13c	0x94856279	0x1025a5b20	0x1025a5b20	mapped	0x1025a5b20
System.Linq.Expressions	1500	0x060005dd	System.Linq.Expressions.Interpreter.ExceptionFilter	.ctor	0x2050	NoInlining	Assembly, HideBySig, SpecialName, RTSpecialName	0x10044d140	0x948562e1	0x1025a5cc4	0x1025a5cc4	mapped	0x1025a5cc4
System.Linq.Expressions	1501	0x060005de	System.Linq.Expressions.Interpreter.ExceptionHandler	.ctor	0x2050	NoInlining	Assembly, HideBySig, SpecialName, RTSpecialName	0x10044d144	0x948562ea	0x1025a5cec	0x1025a5cec	mapped	0x1025a5cec
System.Linq.Expressions	1502	0x060005df	System.Linq.Expressions.Interpreter.ExceptionHandler	Matches	0x2050	NoInlining	Public, HideBySig	0x10044d148	0x94856300	0x1025a5d48	0x1025a5d48	mapped	0x1025a5d48
System.Linq.Expressions	1503	0x060005e0	System.Linq.Expressions.Interpreter.ExceptionHandler	ToString	0x2050	NoInlining	Public, Final, Virtual, HideBySig	0x10044d14c	0x9485631a	0x1025a5db4	0x1025a5db4	mapped	0x1025a5db4
System.Linq.Expressions	1504	0x060005e1	System.Linq.Expressions.Interpreter.TryCatchFinallyHandler	get_IsFinallyBlockExist	0x2050	NoInlining	Assembly, HideBySig, SpecialName	0x10044d150	0x948563e2	0x1025a60d8	0x1025a60d8	mapped	0x1025a60d8
System.Linq.Expressions	1505	0x060005e2	System.Linq.Expressions.Interpreter.TryCatchFinallyHandler	get_IsCatchBlockExist	0x2050	NoInlining	Assembly, HideBySig, SpecialName	0x10044d154	0x948563ed	0x1025a6108	0x1025a6108	mapped	0x1025a6108
System.Linq.Expressions	1506	0x060005e3	System.Linq.Expressions.Interpreter.TryCatchFinallyHandler	.ctor	0x2050	NoInlining	Assembly, HideBySig, SpecialName, RTSpecialName	0x10044d158	0x948563f7	0x1025a6134	0x1025a6134	mapped	0x1025a6134
System.Linq.Expressions	1507	0x060005e4	System.Linq.Expressions.Interpreter.TryCatchFinallyHandler	.ctor	0x2050	NoInlining	Assembly, HideBySig, SpecialName, RTSpecialName	0x10044d15c	0x94856412	0x1025a61a4	0x1025a61a4	mapped	0x1025a61a4
System.Linq.Expressions	1508	0x060005e5	System.Linq.Expressions.Interpreter.TryCatchFinallyHandler	HasHandler	0x2050	NoInlining	Assembly, HideBySig	0x10044d160	0x94856423	0x1025a61ec	0x1025a61ec	mapped	0x1025a61ec
System.Linq.Expressions	1509	0x060005e6	System.Linq.Expressions.Interpreter.TryCatchFinallyHandler	FilterPasses	0x2050	NoInlining	Private, Static, HideBySig	0x10044d164	0x948564a1	0x1025a63e8	0x1025a63e8	mapped	0x1025a63e8
System.Linq.Expressions	1510	0x060005e7	System.Linq.Expressions.Interpreter.TryFaultHandler	.ctor	0x2050	NoInlining	Assembly, HideBySig, SpecialName, RTSpecialName	0x10044d168	0x9485655b	0x1025a66d4	0x1025a66d4	mapped	0x1025a66d4
System.Linq.Expressions	1511	0x060005e8	System.Linq.Expressions.Interpreter.RethrowException	.ctor	0x2050	NoInlining	Public, HideBySig, SpecialName, RTSpecialName	0x10044d16c	0x94856564	0x1025a66fc	0x1025a66fc	mapped	0x1025a66fc
System.Linq.Expressions	1512	0x060005e9	System.Linq.Expressions.Interpreter.DebugInfo	GetMatchingDebugInfo	0x2050	NoInlining	Public, Static, HideBySig	0x10044d170	0x9485656f	0x1025a672c	0x1025a672c	mapped	0x1025a672c
System.Linq.Expressions	1513	0x060005ea	System.Linq.Expressions.Interpreter.DebugInfo	ToString	0x2050	NoInlining	Public, Final, Virtual, HideBySig	0x10044d174	0x948565aa	0x1025a681c	0x1025a681c	mapped	0x1025a681c
System.Linq.Expressions	1514	0x060005eb	System.Linq.Expressions.Interpreter.DebugInfo	.ctor	0x2050	NoInlining	Public, HideBySig, SpecialName, RTSpecialName	0x10044d178	0x9485669b	0x1025a6be4	0x1025a6be4	mapped	0x1025a6be4
System.Linq.Expressions	1515	0x060005ec	System.Linq.Expressions.Interpreter.DebugInfo	.cctor	0x2050	NoInlining	Private, Static, HideBySig, SpecialName, RTSpecialName	0x10044d17c	0x948566a8	0x1025a6c1c	0x1025a6c1c	mapped	0x1025a6c1c
System.Linq.Expressions	1516	0x060005ed	System.Linq.Expressions.Interpreter.DebugInfo+DebugInfoComparer	System.Collections.Generic.IComparer<System.Linq.Expressions.Interpreter.DebugInfo>.Compare	0x2050	NoInlining	Private, Final, Virtual, HideBySig, VtableLayoutMask	0x10044d180	0x948566c3	0x1025a6c8c	0x1025a6c8c	mapped	0x1025a6c8c
System.Linq.Expressions	1517	0x060005ee	System.Linq.Expressions.Interpreter.DebugInfo+DebugInfoComparer	.ctor	0x2050	NoInlining	Public, HideBySig, SpecialName, RTSpecialName	0x10044d184	0x948566d4	0x1025a6cd4	0x1025a6cd4	mapped	0x1025a6cd4
System.Linq.Expressions	1518	0x060005ef	System.Linq.Expressions.Interpreter.InterpretedFrameInfo	.ctor	0x2050	NoInlining	Public, HideBySig, SpecialName, RTSpecialName	0x10044d188	0x948566d4	0x1025a6cd8	0x1025a6cd8	mapped	0x1025a6cd8
System.Linq.Expressions	1519	0x060005f0	System.Linq.Expressions.Interpreter.InterpretedFrameInfo	ToString	0x2050	NoInlining	Public, Final, Virtual, HideBySig	0x10044d18c	0x948566e7	0x1025a6d28	0x1025a6d28	mapped	0x1025a6d28
System.Linq.Expressions	1520	0x060005f1	System.Linq.Expressions.Interpreter.LightCompiler	.ctor	0x2050	NoInlining	Public, HideBySig, SpecialName, RTSpecialName	0x10044d190	0x94856710	0x1025a6dd0	0x1025a6dd0	mapped	0x1025a6dd0
System.Linq.Expressions	1521	0x060005f2	System.Linq.Expressions.Interpreter.LightCompiler	.ctor	0x2050	NoInlining	Private, HideBySig, SpecialName, RTSpecialName	0x10044d194	0x948567b2	0x1025a705c	0x1025a705c	mapped	0x1025a705c
System.Linq.Expressions	1522	0x060005f3	System.Linq.Expressions.Interpreter.LightCompiler	get_Instructions	0x2050	NoInlining	Public, HideBySig, SpecialName	0x10044d198	0x948567d8	0x1025a70f8	0x1025a70f8	mapped	0x1025a70f8
System.Linq.Expressions	1523	0x060005f4	System.Linq.Expressions.Interpreter.LightCompiler	CompileTop	0x2050	NoInlining	Public, HideBySig	0x10044d19c	0x948567e0	0x1025a711c	0x1025a711c	mapped	0x1025a711c
System.Linq.Expressions	1524	0x060005f5	System.Linq.Expressions.Interpreter.LightCompiler	MakeInterpreter	0x2050	NoInlining	Private, HideBySig	0x10044d1a0	0x94856860	0x1025a7320	0x1025a7320	mapped	0x1025a7320
System.Linq.Expressions	1525	0x060005f6	System.Linq.Expressions.Interpreter.LightCompiler	CompileConstantExpression	0x2050	NoInlining	Private, HideBySig	0x10044d1a4	0x948568ec	0x1025a7554	0x1025a7554	mapped	0x1025a7554
System.Linq.Expressions	1526	0x060005f7	System.Linq.Expressions.Interpreter.LightCompiler	CompileDefaultExpression	0x2050	NoInlining	Private, HideBySig	0x10044d1a8	0x94856927	0x1025a7644	0x1025a7644	mapped	0x1025a7644
System.Linq.Expressions	1527	0x060005f8	System.Linq.Expressions.Interpreter.LightCompiler	CompileDefaultExpression	0x2050	NoInlining	Private, HideBySig	0x10044d1ac	0x94856940	0x1025a76ac	0x1025a76ac	mapped	0x1025a76ac
System.Linq.Expressions	1528	0x060005f9	System.Linq.Expressions.Interpreter.LightCompiler	EnsureAvailableForClosure	0x2050	NoInlining	Private, HideBySig	0x10044d1b0	0x94856987	0x1025a77cc	0x1025a77cc	mapped	0x1025a77cc
System.Linq.Expressions	1529	0x060005fa	System.Linq.Expressions.Interpreter.LightCompiler	ResolveLocal	0x2050	NoInlining	Private, HideBySig	0x10044d1b4	0x948569de	0x1025a792c	0x1025a792c	mapped	0x1025a792c
System.Linq.Expressions	1530	0x060005fb	System.Linq.Expressions.Interpreter.LightCompiler	CompileGetVariable	0x2050	NoInlining	Private, HideBySig	0x10044d1b8	0x94856a02	0x1025a79c0	0x1025a79c0	mapped	0x1025a79c0
System.Linq.Expressions	1531	0x060005fc	System.Linq.Expressions.Interpreter.LightCompiler	EmitCopyValueType	0x2050	NoInlining	Private, HideBySig	0x10044d1bc	0x94856a1d	0x1025a7a30	0x1025a7a30	mapped	0x1025a7a30
System.Linq.Expressions	1532	0x060005fd	System.Linq.Expressions.Interpreter.LightCompiler	LoadLocalNoValueTypeCopy	0x2050	NoInlining	Private, HideBySig	0x10044d1c0	0x94856a46	0x1025a7ad8	0x1025a7ad8	mapped	0x1025a7ad8
System.Linq.Expressions	1533	0x060005fe	System.Linq.Expressions.Interpreter.LightCompiler	MaybeMutableValueType	0x2050	NoInlining	Private, Static, HideBySig	0x10044d1c4	0x94856a82	0x1025a7bcc	0x1025a7bcc	mapped	0x1025a7bcc
System.Linq.Expressions	1534	0x060005ff	System.Linq.Expressions.Interpreter.LightCompiler	CompileGetBoxedVariable	0x2050	NoInlining	Private, HideBySig	0x10044d1c8	0x94856aae	0x1025a7c80	0x1025a7c80	mapped	0x1025a7c80
System.Linq.Expressions	1535	0x06000600	System.Linq.Expressions.Interpreter.LightCompiler	CompileSetVariable	0x2050	NoInlining	Private, HideBySig	0x10044d1cc	0x94856adb	0x1025a7d38	0x1025a7d38	mapped	0x1025a7d38
System.Linq.Expressions	1536	0x06000601	System.Linq.Expressions.Interpreter.LightCompiler	CompileParameterExpression	0x2050	NoInlining	Private, HideBySig	0x10044d1d0	0x94856b44	0x1025a7ee0	0x1025a7ee0	mapped	0x1025a7ee0
System.Linq.Expressions	1537	0x06000602	System.Linq.Expressions.Interpreter.LightCompiler	CompileBlockExpression	0x2050	NoInlining	Private, HideBySig	0x10044d1d4	0x94856b6d	0x1025a7f88	0x1025a7f88	mapped	0x1025a7f88
System.Linq.Expressions	1538	0x06000603	System.Linq.Expressions.Interpreter.LightCompiler	CompileBlockStart	0x2050	NoInlining	Private, HideBySig	0x10044d1d8	0x94856bc5	0x1025a80ec	0x1025a80ec	mapped	0x1025a80ec
System.Linq.Expressions	1539	0x06000604	System.Linq.Expressions.Interpreter.LightCompiler	CompileBlockEnd	0x2050	NoInlining	Private, HideBySig	0x10044d1dc	0x94856caf	0x1025a8498	0x1025a8498	mapped	0x1025a8498
System.Linq.Expressions	1540	0x06000605	System.Linq.Expressions.Interpreter.LightCompiler	CompileIndexExpression	0x2050	NoInlining	Private, HideBySig	0x10044d1e0	0x94856ce4	0x1025a8570	0x1025a8570	mapped	0x1025a8570
System.Linq.Expressions	1541	0x06000606	System.Linq.Expressions.Interpreter.LightCompiler	EmitIndexGet	0x2050	NoInlining	Private, HideBySig	0x10044d1e4	0x94856d29	0x1025a8688	0x1025a8688	mapped	0x1025a8688
System.Linq.Expressions	1542	0x06000607	System.Linq.Expressions.Interpreter.LightCompiler	CompileIndexAssignment	0x2050	NoInlining	Private, HideBySig	0x10044d1e8	0x94856d71	0x1025a87ac	0x1025a87ac	mapped	0x1025a87ac
System.Linq.Expressions	1543	0x06000608	System.Linq.Expressions.Interpreter.LightCompiler	CompileMemberAssignment	0x2050	NoInlining	Private, HideBySig	0x10044d1ec	0x94856e41	0x1025a8af0	0x1025a8af0	mapped	0x1025a8af0
System.Linq.Expressions	1544	0x06000609	System.Linq.Expressions.Interpreter.LightCompiler	CompileMemberAssignment	0x2050	NoInlining	Private, HideBySig	0x10044d1f0	0x94856e82	0x1025a8bf8	0x1025a8bf8	mapped	0x1025a8bf8
System.Linq.Expressions	1545	0x0600060a	System.Linq.Expressions.Interpreter.LightCompiler	CompileVariableAssignment	0x2050	NoInlining	Private, HideBySig	0x10044d1f4	0x94856f8d	0x1025a9028	0x1025a9028	mapped	0x1025a9028
System.Linq.Expressions	1546	0x0600060b	System.Linq.Expressions.Interpreter.LightCompiler	CompileAssignBinaryExpression	0x2050	NoInlining	Private, HideBySig	0x10044d1f8	0x94856fc2	0x1025a9100	0x1025a9100	mapped	0x1025a9100
System.Linq.Expressions	1547	0x0600060c	System.Linq.Expressions.Interpreter.LightCompiler	CompileBinaryExpression	0x2050	NoInlining	Private, HideBySig	0x10044d1fc	0x94857018	0x1025a925c	0x1025a925c	mapped	0x1025a925c
System.Linq.Expressions	1548	0x0600060d	System.Linq.Expressions.Interpreter.LightCompiler	CompileEqual	0x2050	NoInlining	Private, HideBySig	0x10044d200	0x9485737a	0x1025a9fe8	0x1025a9fe8	mapped	0x1025a9fe8
System.Linq.Expressions	1549	0x0600060e	System.Linq.Expressions.Interpreter.LightCompiler	CompileNotEqual	0x2050	NoInlining	Private, HideBySig	0x10044d204	0x948573a7	0x1025aa0a0	0x1025aa0a0	mapped	0x1025aa0a0
System.Linq.Expressions	1550	0x0600060f	System.Linq.Expressions.Interpreter.LightCompiler	CompileComparison	0x2050	NoInlining	Private, HideBySig	0x10044d208	0x948573d4	0x1025aa158	0x1025aa158	mapped	0x1025aa158
System.Linq.Expressions	1551	0x06000610	System.Linq.Expressions.Interpreter.LightCompiler	CompileArithmetic	0x2050	NoInlining	Private, HideBySig	0x10044d20c	0x94857482	0x1025aa414	0x1025aa414	mapped	0x1025aa414
System.Linq.Expressions	1552	0x06000611	System.Linq.Expressions.Interpreter.LightCompiler	CompileConvertUnaryExpression	0x2050	NoInlining	Private, HideBySig	0x10044d210	0x94857541	0x1025aa714	0x1025aa714	mapped	0x1025aa714
System.Linq.Expressions	1553	0x06000612	System.Linq.Expressions.Interpreter.LightCompiler	CompileConvertToType	0x2050	NoInlining	Private, HideBySig	0x10044d214	0x948576ce	0x1025aad4c	0x1025aad4c	mapped	0x1025aad4c
System.Linq.Expressions	1554	0x06000613	System.Linq.Expressions.Interpreter.LightCompiler	CompileNotExpression	0x2050	NoInlining	Private, HideBySig	0x10044d218	0x94857807	0x1025ab234	0x1025ab234	mapped	0x1025ab234
System.Linq.Expressions	1555	0x06000614	System.Linq.Expressions.Interpreter.LightCompiler	CompileUnaryExpression	0x2050	NoInlining	Private, HideBySig	0x10044d21c	0x94857830	0x1025ab2dc	0x1025ab2dc	mapped	0x1025ab2dc
System.Linq.Expressions	1556	0x06000615	System.Linq.Expressions.Interpreter.LightCompiler	EmitUnaryMethodCall	0x2050	NoInlining	Private, HideBySig	0x10044d220	0x948578fa	0x1025ab608	0x1025ab608	mapped	0x1025ab608
System.Linq.Expressions	1557	0x06000616	System.Linq.Expressions.Interpreter.LightCompiler	EmitUnaryBoolCheck	0x2050	NoInlining	Private, HideBySig	0x10044d224	0x94857964	0x1025ab7b4	0x1025ab7b4	mapped	0x1025ab7b4
System.Linq.Expressions	1558	0x06000617	System.Linq.Expressions.Interpreter.LightCompiler	CompileAndAlsoBinaryExpression	0x2050	NoInlining	Private, HideBySig	0x10044d228	0x948579ee	0x1025ab9e0	0x1025ab9e0	mapped	0x1025ab9e0
System.Linq.Expressions	1559	0x06000618	System.Linq.Expressions.Interpreter.LightCompiler	CompileOrElseBinaryExpression	0x2050	NoInlining	Private, HideBySig	0x10044d22c	0x94857a18	0x1025aba8c	0x1025aba8c	mapped	0x1025aba8c
System.Linq.Expressions	1560	0x06000619	System.Linq.Expressions.Interpreter.LightCompiler	CompileLogicalBinaryExpression	0x2050	NoInlining	Private, HideBySig	0x10044d230	0x94857a42	0x1025abb38	0x1025abb38	mapped	0x1025abb38
System.Linq.Expressions	1561	0x0600061a	System.Linq.Expressions.Interpreter.LightCompiler	CompileMethodLogicalBinaryExpression	0x2050	NoInlining	Private, HideBySig	0x10044d234	0x94857a8f	0x1025abc70	0x1025abc70	mapped	0x1025abc70
System.Linq.Expressions	1562	0x0600061b	System.Linq.Expressions.Interpreter.LightCompiler	CompileLiftedLogicalBinaryExpression	0x2050	NoInlining	Private, HideBySig	0x10044d238	0x94857b04	0x1025abe48	0x1025abe48	mapped	0x1025abe48
System.Linq.Expressions	1563	0x0600061c	System.Linq.Expressions.Interpreter.LightCompiler	CompileUnliftedLogicalBinaryExpression	0x2050	NoInlining	Private, HideBySig	0x10044d23c	0x94857ce9	0x1025ac5e0	0x1025ac5e0	mapped	0x1025ac5e0
System.Linq.Expressions	1564	0x0600061d	System.Linq.Expressions.Interpreter.LightCompiler	CompileConditionalExpression	0x2050	NoInlining	Private, HideBySig	0x10044d240	0x94857d48	0x1025ac760	0x1025ac760	mapped	0x1025ac760
System.Linq.Expressions	1565	0x0600061e	System.Linq.Expressions.Interpreter.LightCompiler	CompileLoopExpression	0x2050	NoInlining	Private, HideBySig	0x10044d244	0x94857df5	0x1025aca18	0x1025aca18	mapped	0x1025aca18
System.Linq.Expressions	1566	0x0600061f	System.Linq.Expressions.Interpreter.LightCompiler	CompileSwitchExpression	0x2050	NoInlining	Private, HideBySig	0x10044d248	0x97ffd35a	0x100441fb0	0x100441fb0	mapped	0x100441fb0
System.Linq.Expressions	1567	0x06000620	System.Linq.Expressions.Interpreter.LightCompiler	CompileIntSwitchExpression	0x2050	NoInlining	Private, HideBySig	0x10044d24c	0x94857e30	0x1025acb0c	0x1025acb0c	mapped	0x1025acb0c
System.Linq.Expressions	1568	0x06000621	System.Linq.Expressions.Interpreter.LightCompiler	CompileStringSwitchExpression	0x2050	NoInlining	Private, HideBySig	0x10044d250	0x94857e61	0x1025acbd4	0x1025acbd4	mapped	0x1025acbd4
System.Linq.Expressions	1569	0x06000622	System.Linq.Expressions.Interpreter.LightCompiler	CompileLabelExpression	0x2050	NoInlining	Private, HideBySig	0x10044d254	0x94857e89	0x1025acc78	0x1025acc78	mapped	0x1025acc78
System.Linq.Expressions	1570	0x06000623	System.Linq.Expressions.Interpreter.LightCompiler	CompileGotoExpression	0x2050	NoInlining	Private, HideBySig	0x10044d258	0x94857f00	0x1025ace58	0x1025ace58	mapped	0x1025ace58
System.Linq.Expressions	1571	0x06000624	System.Linq.Expressions.Interpreter.LightCompiler	PushLabelBlock	0x2050	NoInlining	Private, HideBySig	0x10044d25c	0x94857f62	0x1025acfe4	0x1025acfe4	mapped	0x1025acfe4
System.Linq.Expressions	1572	0x06000625	System.Linq.Expressions.Interpreter.LightCompiler	PopLabelBlock	0x2050	NoInlining	Private, HideBySig	0x10044d260	0x94857f91	0x1025ad0a4	0x1025ad0a4	mapped	0x1025ad0a4
System.Linq.Expressions	1573	0x06000626	System.Linq.Expressions.Interpreter.LightCompiler	EnsureLabel	0x2050	NoInlining	Private, HideBySig	0x10044d264	0x94857fa4	0x1025ad0f4	0x1025ad0f4	mapped	0x1025ad0f4
System.Linq.Expressions	1574	0x06000627	System.Linq.Expressions.Interpreter.LightCompiler	ReferenceLabel	0x2050	NoInlining	Private, HideBySig	0x10044d268	0x94858001	0x1025ad26c	0x1025ad26c	mapped	0x1025ad26c
System.Linq.Expressions	1575	0x06000628	System.Linq.Expressions.Interpreter.LightCompiler	DefineLabel	0x2050	NoInlining	Private, HideBySig	0x10044d26c	0x9485801f	0x1025ad2e8	0x1025ad2e8	mapped	0x1025ad2e8
System.Linq.Expressions	1576	0x06000629	System.Linq.Expressions.Interpreter.LightCompiler	TryPushLabelBlock	0x2050	NoInlining	Private, HideBySig	0x10044d270	0x9485806f	0x1025ad42c	0x1025ad42c	mapped	0x1025ad42c
System.Linq.Expressions	1577	0x0600062a	System.Linq.Expressions.Interpreter.LightCompiler	DefineBlockLabels	0x2050	NoInlining	Private, HideBySig	0x10044d274	0x94858189	0x1025ad898	0x1025ad898	mapped	0x1025ad898
System.Linq.Expressions	1578	0x0600062b	System.Linq.Expressions.Interpreter.LightCompiler	CheckRethrow	0x2050	NoInlining	Private, HideBySig	0x10044d278	0x948581db	0x1025ad9e4	0x1025ad9e4	mapped	0x1025ad9e4
System.Linq.Expressions	1579	0x0600062c	System.Linq.Expressions.Interpreter.LightCompiler	CompileThrowUnaryExpression	0x2050	NoInlining	Private, HideBySig	0x10044d27c	0x948581fd	0x1025ada70	0x1025ada70	mapped	0x1025ada70
System.Linq.Expressions	1580	0x0600062d	System.Linq.Expressions.Interpreter.LightCompiler	CompileTryExpression	0x2050	NoInlining	Private, HideBySig	0x10044d280	0x9485825f	0x1025adbfc	0x1025adbfc	mapped	0x1025adbfc
System.Linq.Expressions	1581	0x0600062e	System.Linq.Expressions.Interpreter.LightCompiler	CompileTryFaultExpression	0x2050	NoInlining	Private, HideBySig	0x10044d284	0x94858287	0x1025adca0	0x1025adca0	mapped	0x1025adca0
System.Linq.Expressions	1582	0x0600062f	System.Linq.Expressions.Interpreter.LightCompiler	CompileMethodCallExpression	0x2050	NoInlining	Private, HideBySig	0x10044d288	0x948582d0	0x1025addc8	0x1025addc8	mapped	0x1025addc8
System.Linq.Expressions	1583	0x06000630	System.Linq.Expressions.Interpreter.LightCompiler	CompileMethodCallExpression	0x2050	NoInlining	Private, HideBySig	0x10044d28c	0x94858302	0x1025ade94	0x1025ade94	mapped	0x1025ade94
System.Linq.Expressions	1584	0x06000631	System.Linq.Expressions.Interpreter.LightCompiler	CompileArrayIndexAddress	0x2050	NoInlining	Private, HideBySig	0x10044d290	0x9485844d	0x1025ae3c4	0x1025ae3c4	mapped	0x1025ae3c4
System.Linq.Expressions	1585	0x06000632	System.Linq.Expressions.Interpreter.LightCompiler	EmitThisForMethodCall	0x2050	NoInlining	Private, HideBySig	0x10044d294	0x948584f6	0x1025ae66c	0x1025ae66c	mapped	0x1025ae66c
System.Linq.Expressions	1586	0x06000633	System.Linq.Expressions.Interpreter.LightCompiler	ShouldWritebackNode	0x2050	NoInlining	Private, Static, HideBySig	0x10044d298	0x94858506	0x1025ae6b0	0x1025ae6b0	mapped	0x1025ae6b0
System.Linq.Expressions	1587	0x06000634	System.Linq.Expressions.Interpreter.LightCompiler	CompileAddress	0x2050	NoInlining	Private, HideBySig	0x10044d29c	0x94858570	0x1025ae85c	0x1025ae85c	mapped	0x1025ae85c
System.Linq.Expressions	1588	0x06000635	System.Linq.Expressions.Interpreter.LightCompiler	CompileMultiDimArrayAccess	0x2050	NoInlining	Private, HideBySig	0x10044d2a0	0x948587bf	0x1025af19c	0x1025af19c	mapped	0x1025af19c
System.Linq.Expressions	1589	0x06000636	System.Linq.Expressions.Interpreter.LightCompiler	CompileNewExpression	0x2050	NoInlining	Private, HideBySig	0x10044d2a4	0x948588b6	0x1025af57c	0x1025af57c	mapped	0x1025af57c
System.Linq.Expressions	1590	0x06000637	System.Linq.Expressions.Interpreter.LightCompiler	CompileMemberExpression	0x2050	NoInlining	Private, HideBySig	0x10044d2a8	0x948588d9	0x1025af60c	0x1025af60c	mapped	0x1025af60c
System.Linq.Expressions	1591	0x06000638	System.Linq.Expressions.Interpreter.LightCompiler	CompileMember	0x2050	NoInlining	Private, HideBySig	0x10044d2ac	0x9485890c	0x1025af6dc	0x1025af6dc	mapped	0x1025af6dc
System.Linq.Expressions	1592	0x06000639	System.Linq.Expressions.Interpreter.LightCompiler	CompileNewArrayExpression	0x2050	NoInlining	Private, HideBySig	0x10044d2b0	0x948589da	0x1025afa18	0x1025afa18	mapped	0x1025afa18
System.Linq.Expressions	1593	0x0600063a	System.Linq.Expressions.Interpreter.LightCompiler	CompileDebugInfoExpression	0x2050	NoInlining	Private, HideBySig	0x10044d2b4	0x94858a02	0x1025afabc	0x1025afabc	mapped	0x1025afabc
System.Linq.Expressions	1594	0x0600063b	System.Linq.Expressions.Interpreter.LightCompiler	CompileRuntimeVariablesExpression	0x2050	NoInlining	Private, HideBySig	0x10044d2b8	0x94858a38	0x1025afb98	0x1025afb98	mapped	0x1025afb98
System.Linq.Expressions	1595	0x0600063c	System.Linq.Expressions.Interpreter.LightCompiler	CompileLambdaExpression	0x2050	NoInlining	Private, HideBySig	0x10044d2bc	0x94858a60	0x1025afc3c	0x1025afc3c	mapped	0x1025afc3c
System.Linq.Expressions	1596	0x0600063d	System.Linq.Expressions.Interpreter.LightCompiler	CompileCoalesceBinaryExpression	0x2050	NoInlining	Private, HideBySig	0x10044d2c0	0x94858ae3	0x1025afe4c	0x1025afe4c	mapped	0x1025afe4c
System.Linq.Expressions	1597	0x0600063e	System.Linq.Expressions.Interpreter.LightCompiler	CompileInvocationExpression	0x2050	NoInlining	Private, HideBySig	0x10044d2c4	0x94858c2f	0x1025b0380	0x1025b0380	mapped	0x1025b0380
System.Linq.Expressions	1598	0x0600063f	System.Linq.Expressions.Interpreter.LightCompiler	CompileListInitExpression	0x2050	NoInlining	Private, HideBySig	0x10044d2c8	0x94858c92	0x1025b0510	0x1025b0510	mapped	0x1025b0510
System.Linq.Expressions	1599	0x06000640	System.Linq.Expressions.Interpreter.LightCompiler	CompileListInit	0x2050	NoInlining	Private, HideBySig	0x10044d2cc	0x94858cb5	0x1025b05a0	0x1025b05a0	mapped	0x1025b05a0
System.Linq.Expressions	1600	0x06000641	System.Linq.Expressions.Interpreter.LightCompiler	CompileMemberInitExpression	0x2050	NoInlining	Private, HideBySig	0x10044d2d0	0x94858cf4	0x1025b06a0	0x1025b06a0	mapped	0x1025b06a0
System.Linq.Expressions	1601	0x06000642	System.Linq.Expressions.Interpreter.LightCompiler	CompileMemberInit	0x2050	NoInlining	Private, HideBySig	0x10044d2d4	0x94858d17	0x1025b0730	0x1025b0730	mapped	0x1025b0730
System.Linq.Expressions	1602	0x06000643	System.Linq.Expressions.Interpreter.LightCompiler	GetMemberType	0x2050	NoInlining	Private, Static, HideBySig	0x10044d2d8	0x94858d6a	0x1025b0880	0x1025b0880	mapped	0x1025b0880
System.Linq.Expressions	1603	0x06000644	System.Linq.Expressions.Interpreter.LightCompiler	CompileQuoteUnaryExpression	0x2050	NoInlining	Private, HideBySig	0x10044d2dc	0x94858d9d	0x1025b0950	0x1025b0950	mapped	0x1025b0950
System.Linq.Expressions	1604	0x06000645	System.Linq.Expressions.Interpreter.LightCompiler	CompileUnboxUnaryExpression	0x2050	NoInlining	Private, HideBySig	0x10044d2e0	0x94858e7c	0x1025b0cd0	0x1025b0cd0	mapped	0x1025b0cd0
System.Linq.Expressions	1605	0x06000646	System.Linq.Expressions.Interpreter.LightCompiler	CompileTypeEqualExpression	0x2050	NoInlining	Private, HideBySig	0x10044d2e4	0x94858ec4	0x1025b0df4	0x1025b0df4	mapped	0x1025b0df4
System.Linq.Expressions	1606	0x06000647	System.Linq.Expressions.Interpreter.LightCompiler	CompileTypeAsExpression	0x2050	NoInlining	Private, HideBySig	0x10044d2e8	0x94858ee7	0x1025b0e84	0x1025b0e84	mapped	0x1025b0e84
System.Linq.Expressions	1607	0x06000648	System.Linq.Expressions.Interpreter.LightCompiler	CompileTypeIsExpression	0x2050	NoInlining	Private, HideBySig	0x10044d2ec	0x94858f0c	0x1025b0f1c	0x1025b0f1c	mapped	0x1025b0f1c
System.Linq.Expressions	1608	0x06000649	System.Linq.Expressions.Interpreter.LightCompiler	Compile	0x2050	NoInlining	Private, HideBySig	0x10044d2f0	0x94858f2d	0x1025b0fa4	0x1025b0fa4	mapped	0x1025b0fa4
System.Linq.Expressions	1609	0x0600064a	System.Linq.Expressions.Interpreter.LightCompiler	CompileAsVoid	0x2050	NoInlining	Private, HideBySig	0x10044d2f4	0x94858f43	0x1025b1000	0x1025b1000	mapped	0x1025b1000
System.Linq.Expressions	1610	0x0600064b	System.Linq.Expressions.Interpreter.LightCompiler	CompileNoLabelPush	0x2050	NoInlining	Private, HideBySig	0x10044d2f8	0x94858fb2	0x1025b11c0	0x1025b11c0	mapped	0x1025b11c0
System.Linq.Expressions	1611	0x0600064c	System.Linq.Expressions.Interpreter.LightCompiler	Compile	0x2050	NoInlining	Private, HideBySig	0x10044d2fc	0x948590c6	0x1025b1614	0x1025b1614	mapped	0x1025b1614
System.Linq.Expressions	1612	0x0600064d	System.Linq.Expressions.Interpreter.LightCompiler	.cctor	0x2050	NoInlining	Private, Static, HideBySig, SpecialName, RTSpecialName	0x10044d300	0x948590ed	0x1025b16b4	0x1025b16b4	mapped	0x1025b16b4
System.Linq.Expressions	1613	0x0600064e	System.Linq.Expressions.Interpreter.LightCompiler+QuoteVisitor	VisitParameter	0x2050	NoInlining	FamORAssem, Final, Virtual, HideBySig	0x10044d304	0x9485910d	0x1025b1738	0x1025b1738	mapped	0x1025b1738
System.Linq.Expressions	1614	0x0600064f	System.Linq.Expressions.Interpreter.LightCompiler+QuoteVisitor	VisitBlock	0x2050	NoInlining	FamORAssem, Final, Virtual, HideBySig	0x10044d308	0x9485913f	0x1025b1804	0x1025b1804	mapped	0x1025b1804
System.Linq.Expressions	1615	0x06000650	System.Linq.Expressions.Interpreter.LightCompiler+QuoteVisitor	VisitLambda	0x2050	NoInlining	FamORAssem, Final, Virtual, HideBySig	0x10044d30c	0x94859163	0x1025b1898	0x1025b1898	mapped	0x1025b1898
System.Linq.Expressions	1616	0x06000651	System.Linq.Expressions.Interpreter.LightCompiler+QuoteVisitor	PushParameters	0x2050	NoInlining	Private, HideBySig	0x10044d310	0x948591dc	0x1025b1a80	0x1025b1a80	mapped	0x1025b1a80
System.Linq.Expressions	1617	0x06000652	System.Linq.Expressions.Interpreter.LightCompiler+QuoteVisitor	PopParameters	0x2050	NoInlining	Private, HideBySig	0x10044d314	0x94859257	0x1025b1c70	0x1025b1c70	mapped	0x1025b1c70
System.Linq.Expressions	1618	0x06000653	System.Linq.Expressions.Interpreter.LightCompiler+QuoteVisitor	.ctor	0x2050	NoInlining	Public, HideBySig, SpecialName, RTSpecialName	0x10044d318	0x948592d0	0x1025b1e58	0x1025b1e58	mapped	0x1025b1e58
System.Linq.Expressions	1619	0x06000654	System.Linq.Expressions.Interpreter.LightCompiler+<>c	.cctor	0x2050	NoInlining	Private, Static, HideBySig, SpecialName, RTSpecialName	0x10044d31c	0x94859308	0x1025b1f3c	0x1025b1f3c	mapped	0x1025b1f3c
System.Linq.Expressions	1620	0x06000655	System.Linq.Expressions.Interpreter.LightCompiler+<>c	.ctor	0x2050	NoInlining	Public, HideBySig, SpecialName, RTSpecialName	0x10044d320	0x94859323	0x1025b1fac	0x1025b1fac	mapped	0x1025b1fac
System.Linq.Expressions	1621	0x06000656	System.Linq.Expressions.Interpreter.LightCompiler+<>c	<CompileSwitchExpression>b__56_0	0x2050	NoInlining	Assembly, HideBySig	0x10044d324	0x94859330	0x1025b1fe4	0x1025b1fe4	mapped	0x1025b1fe4
System.Linq.Expressions	1622	0x06000657	System.Linq.Expressions.Interpreter.LightCompiler+<>c	<CompileSwitchExpression>b__56_1	0x2050	NoInlining	Assembly, HideBySig	0x10044d328	0x94859349	0x1025b204c	0x1025b204c	mapped	0x1025b204c
System.Linq.Expressions	1623	0x06000658	System.Linq.Expressions.Interpreter.LightCompiler+<>c	<CompileNoLabelPush>b__101_0	0x2050	NoInlining	Assembly, HideBySig	0x10044d32c	0x94859363	0x1025b20b8	0x1025b20b8	mapped	0x1025b20b8
System.Linq.Expressions	1624	0x06000659	System.Linq.Expressions.Interpreter.ByRefUpdater	.ctor	0x2050	NoInlining	Public, HideBySig, SpecialName, RTSpecialName	0x10044d330	0x94859378	0x1025b2110	0x1025b2110	mapped	0x1025b2110
System.Linq.Expressions	1625	0x0600065a	System.Linq.Expressions.Interpreter.ByRefUpdater	Update	0x0	NoInlining	Public, Virtual, HideBySig, VtableLayoutMask, Abstract	0x10044d334	0x97fff9a7	0x10044b9d0		absent	0x10044b9d0
System.Linq.Expressions	1626	0x0600065b	System.Linq.Expressions.Interpreter.ByRefUpdater	UndefineTemps	0x2050	NoInlining	Public, Virtual, HideBySig, VtableLayoutMask	0x10044d338	0x9485937f	0x1025b2134	0x1025b2134	mapped	0x1025b2134
System.Linq.Expressions	1627	0x0600065c	System.Linq.Expressions.Interpreter.ParameterByRefUpdater	.ctor	0x2050	NoInlining	Public, HideBySig, SpecialName, RTSpecialName	0x10044d33c	0x9485937f	0x1025b2138	0x1025b2138	mapped	0x1025b2138
System.Linq.Expressions	1628	0x0600065d	System.Linq.Expressions.Interpreter.ParameterByRefUpdater	Update	0x2050	NoInlining	Public, Final, Virtual, HideBySig	0x10044d340	0x9485938e	0x1025b2178	0x1025b2178	mapped	0x1025b2178
System.Linq.Expressions	1629	0x0600065e	System.Linq.Expressions.Interpreter.ArrayByRefUpdater	.ctor	0x2050	NoInlining	Public, HideBySig, SpecialName, RTSpecialName	0x10044d344	0x9485940c	0x1025b2374	0x1025b2374	mapped	0x1025b2374
System.Linq.Expressions	1630	0x0600065f	System.Linq.Expressions.Interpreter.ArrayByRefUpdater	Update	0x2050	NoInlining	Public, Final, Virtual, HideBySig	0x10044d348	0x94859421	0x1025b23cc	0x1025b23cc	mapped	0x1025b23cc
System.Linq.Expressions	1631	0x06000660	System.Linq.Expressions.Interpreter.ArrayByRefUpdater	UndefineTemps	0x2050	NoInlining	Public, Final, Virtual, HideBySig	0x10044d34c	0x9485948d	0x1025b2580	0x1025b2580	mapped	0x1025b2580
System.Linq.Expressions	1632	0x06000661	System.Linq.Expressions.Interpreter.FieldByRefUpdater	.ctor	0x2050	NoInlining	Public, HideBySig, SpecialName, RTSpecialName	0x10044d350	0x948594bb	0x1025b263c	0x1025b263c	mapped	0x1025b263c
System.Linq.Expressions	1633	0x06000662	System.Linq.Expressions.Interpreter.FieldByRefUpdater	Update	0x2050	NoInlining	Public, Final, Virtual, HideBySig	0x10044d354	0x948594d3	0x1025b26a0	0x1025b26a0	mapped	0x1025b26a0
System.Linq.Expressions	1634	0x06000663	System.Linq.Expressions.Interpreter.FieldByRefUpdater	UndefineTemps	0x2050	NoInlining	Public, Final, Virtual, HideBySig	0x10044d358	0x9485950c	0x1025b2788	0x1025b2788	mapped	0x1025b2788
System.Linq.Expressions	1635	0x06000664	System.Linq.Expressions.Interpreter.PropertyByRefUpdater	.ctor	0x2050	NoInlining	Public, HideBySig, SpecialName, RTSpecialName	0x10044d35c	0x94859538	0x1025b283c	0x1025b283c	mapped	0x1025b283c
System.Linq.Expressions	1636	0x06000665	System.Linq.Expressions.Interpreter.PropertyByRefUpdater	Update	0x2050	NoInlining	Public, Final, Virtual, HideBySig	0x10044d360	0x94859550	0x1025b28a0	0x1025b28a0	mapped	0x1025b28a0
System.Linq.Expressions	1637	0x06000666	System.Linq.Expressions.Interpreter.PropertyByRefUpdater	UndefineTemps	0x2050	NoInlining	Public, Final, Virtual, HideBySig	0x10044d364	0x94859596	0x1025b29bc	0x1025b29bc	mapped	0x1025b29bc
System.Linq.Expressions	1638	0x06000667	System.Linq.Expressions.Interpreter.IndexMethodByRefUpdater	.ctor	0x2050	NoInlining	Public, HideBySig, SpecialName, RTSpecialName	0x10044d368	0x948595c2	0x1025b2a70	0x1025b2a70	mapped	0x1025b2a70
System.Linq.Expressions	1639	0x06000668	System.Linq.Expressions.Interpreter.IndexMethodByRefUpdater	Update	0x2050	NoInlining	Public, Final, Virtual, HideBySig	0x10044d36c	0x948595df	0x1025b2ae8	0x1025b2ae8	mapped	0x1025b2ae8
System.Linq.Expressions	1640	0x06000669	System.Linq.Expressions.Interpreter.IndexMethodByRefUpdater	UndefineTemps	0x2050	NoInlining	Public, Final, Virtual, HideBySig	0x10044d370	0x94859678	0x1025b2d50	0x1025b2d50	mapped	0x1025b2d50
System.Linq.Expressions	1641	0x0600066a	System.Linq.Expressions.Interpreter.LightDelegateCreator	.ctor	0x2050	NoInlining	Assembly, HideBySig, SpecialName, RTSpecialName	0x10044d374	0x948596d4	0x1025b2ec4	0x1025b2ec4	mapped	0x1025b2ec4
System.Linq.Expressions	1642	0x0600066b	System.Linq.Expressions.Interpreter.LightDelegateCreator	get_Interpreter	0x2050	NoInlining	Assembly, HideBySig, SpecialName	0x10044d378	0x948596e8	0x1025b2f18	0x1025b2f18	mapped	0x1025b2f18
System.Linq.Expressions	1643	0x0600066c	System.Linq.Expressions.Interpreter.LightDelegateCreator	CreateDelegate	0x2050	NoInlining	Public, HideBySig	0x10044d37c	0x948596f0	0x1025b2f3c	0x1025b2f3c	mapped	0x1025b2f3c
System.Linq.Expressions	1644	0x0600066d	System.Linq.Expressions.Interpreter.LightDelegateCreator	CreateDelegate	0x2050	NoInlining	Assembly, HideBySig	0x10044d380	0x948596fe	0x1025b2f78	0x1025b2f78	mapped	0x1025b2f78
System.Linq.Expressions	1645	0x0600066e	System.Linq.Expressions.Interpreter.LightLambda	.ctor	0x2050	NoInlining	Assembly, HideBySig, SpecialName, RTSpecialName	0x10044d384	0x9485972c	0x1025b3034	0x1025b3034	mapped	0x1025b3034
System.Linq.Expressions	1646	0x0600066f	System.Linq.Expressions.Interpreter.LightLambda	MakeDelegate	0x2050	NoInlining	Assembly, HideBySig	0x10044d388	0x94859749	0x1025b30ac	0x1025b30ac	mapped	0x1025b30ac
System.Linq.Expressions	1647	0x06000670	System.Linq.Expressions.Interpreter.LightLambda	MakeFrame	0x2050	NoInlining	Private, HideBySig	0x10044d38c	0x94859799	0x1025b31f0	0x1025b31f0	mapped	0x1025b31f0
System.Linq.Expressions	1648	0x06000671	System.Linq.Expressions.Interpreter.LightLambda	Run	0x2050	NoInlining	Public, HideBySig	0x10044d390	0x948597bf	0x1025b328c	0x1025b328c	mapped	0x1025b328c
System.Linq.Expressions	1649	0x06000672	System.Linq.Expressions.Interpreter.LightLambda	RunVoid	0x2050	NoInlining	Public, HideBySig	0x10044d394	0x948598a7	0x1025b3630	0x1025b3630	mapped	0x1025b3630
System.Linq.Expressions	1650	0x06000673	System.Linq.Expressions.Interpreter.IBoxableInstruction	BoxIfIndexMatches	0x0	NoInlining	Public, Virtual, HideBySig, VtableLayoutMask, Abstract	0x10044d398	0x97fff98e	0x10044b9d0		absent	0x10044b9d0
System.Linq.Expressions	1651	0x06000674	System.Linq.Expressions.Interpreter.LocalAccessInstruction	.ctor	0x2050	NoInlining	Family, HideBySig, SpecialName, RTSpecialName	0x10044d39c	0x94859967	0x1025b3938	0x1025b3938	mapped	0x1025b3938
System.Linq.Expressions	1652	0x06000675	System.Linq.Expressions.Interpreter.LoadLocalInstruction	.ctor	0x2050	NoInlining	Assembly, HideBySig, SpecialName, RTSpecialName	0x10044d3a0	0x9485996f	0x1025b395c	0x1025b395c	mapped	0x1025b395c
System.Linq.Expressions	1653	0x06000676	System.Linq.Expressions.Interpreter.LoadLocalInstruction	get_ProducedStack	0x2050	NoInlining	Public, Final, Virtual, HideBySig, SpecialName	0x10044d3a4	0x94859977	0x1025b3980	0x1025b3980	mapped	0x1025b3980
System.Linq.Expressions	1654	0x06000677	System.Linq.Expressions.Interpreter.LoadLocalInstruction	get_InstructionName	0x2050	NoInlining	Public, Final, Virtual, HideBySig, SpecialName	0x10044d3a8	0x94859978	0x1025b3988	0x1025b3988	mapped	0x1025b3988
System.Linq.Expressions	1655	0x06000678	System.Linq.Expressions.Interpreter.LoadLocalInstruction	Run	0x2050	NoInlining	Public, Final, Virtual, HideBySig	0x10044d3ac	0x94859987	0x1025b39c8	0x1025b39c8	mapped	0x1025b39c8
System.Linq.Expressions	1656	0x06000679	System.Linq.Expressions.Interpreter.LoadLocalInstruction	BoxIfIndexMatches	0x2050	NoInlining	Public, Final, Virtual, HideBySig, VtableLayoutMask	0x10044d3b0	0x948599b4	0x1025b3a80	0x1025b3a80	mapped	0x1025b3a80
System.Linq.Expressions	1657	0x0600067a	System.Linq.Expressions.Interpreter.LoadLocalBoxedInstruction	.ctor	0x2050	NoInlining	Assembly, HideBySig, SpecialName, RTSpecialName	0x10044d3b4	0x948599cd	0x1025b3ae8	0x1025b3ae8	mapped	0x1025b3ae8
System.Linq.Expressions	1658	0x0600067b	System.Linq.Expressions.Interpreter.LoadLocalBoxedInstruction	get_ProducedStack	0x2050	NoInlining	Public, Final, Virtual, HideBySig, SpecialName	0x10044d3b8	0x948599d5	0x1025b3b0c	0x1025b3b0c	mapped	0x1025b3b0c
System.Linq.Expressions	1659	0x0600067c	System.Linq.Expressions.Interpreter.LoadLocalBoxedInstruction	get_InstructionName	0x2050	NoInlining	Public, Final, Virtual, HideBySig, SpecialName	0x10044d3bc	0x948599d6	0x1025b3b14	0x1025b3b14	mapped	0x1025b3b14
System.Linq.Expressions	1660	0x0600067d	System.Linq.Expressions.Interpreter.LoadLocalBoxedInstruction	Run	0x2050	NoInlining	Public, Final, Virtual, HideBySig	0x10044d3c0	0x948599e5	0x1025b3b54	0x1025b3b54	mapped	0x1025b3b54
System.Linq.Expressions	1661	0x0600067e	System.Linq.Expressions.Interpreter.LoadLocalFromClosureInstruction	.ctor	0x2050	NoInlining	Assembly, HideBySig, SpecialName, RTSpecialName	0x10044d3c4	0x94859a40	0x1025b3cc4	0x1025b3cc4	mapped	0x1025b3cc4
System.Linq.Expressions	1662	0x0600067f	System.Linq.Expressions.Interpreter.LoadLocalFromClosureInstruction	get_ProducedStack	0x2050	NoInlining	Public, Final, Virtual, HideBySig, SpecialName	0x10044d3c8	0x94859a48	0x1025b3ce8	0x1025b3ce8	mapped	0x1025b3ce8
System.Linq.Expressions	1663	0x06000680	System.Linq.Expressions.Interpreter.LoadLocalFromClosureInstruction	get_InstructionName	0x2050	NoInlining	Public, Final, Virtual, HideBySig, SpecialName	0x10044d3cc	0x94859a49	0x1025b3cf0	0x1025b3cf0	mapped	0x1025b3cf0
System.Linq.Expressions	1664	0x06000681	System.Linq.Expressions.Interpreter.LoadLocalFromClosureInstruction	Run	0x2050	NoInlining	Public, Final, Virtual, HideBySig	0x10044d3d0	0x94859a58	0x1025b3d30	0x1025b3d30	mapped	0x1025b3d30
System.Linq.Expressions	1665	0x06000682	System.Linq.Expressions.Interpreter.LoadLocalFromClosureBoxedInstruction	.ctor	0x2050	NoInlining	Assembly, HideBySig, SpecialName, RTSpecialName	0x10044d3d4	0x94859aa1	0x1025b3e58	0x1025b3e58	mapped	0x1025b3e58
System.Linq.Expressions	1666	0x06000683	System.Linq.Expressions.Interpreter.LoadLocalFromClosureBoxedInstruction	get_ProducedStack	0x2050	NoInlining	Public, Final, Virtual, HideBySig, SpecialName	0x10044d3d8	0x94859aa9	0x1025b3e7c	0x1025b3e7c	mapped	0x1025b3e7c
System.Linq.Expressions	1667	0x06000684	System.Linq.Expressions.Interpreter.LoadLocalFromClosureBoxedInstruction	get_InstructionName	0x2050	NoInlining	Public, Final, Virtual, HideBySig, SpecialName	0x10044d3dc	0x94859aaa	0x1025b3e84	0x1025b3e84	mapped	0x1025b3e84
System.Linq.Expressions	1668	0x06000685	System.Linq.Expressions.Interpreter.LoadLocalFromClosureBoxedInstruction	Run	0x2050	NoInlining	Public, Final, Virtual, HideBySig	0x10044d3e0	0x94859ab9	0x1025b3ec4	0x1025b3ec4	mapped	0x1025b3ec4
System.Linq.Expressions	1669	0x06000686	System.Linq.Expressions.Interpreter.AssignLocalInstruction	.ctor	0x2050	NoInlining	Assembly, HideBySig, SpecialName, RTSpecialName	0x10044d3e4	0x94859aea	0x1025b3f8c	0x1025b3f8c	mapped	0x1025b3f8c
System.Linq.Expressions	1670	0x06000687	System.Linq.Expressions.Interpreter.AssignLocalInstruction	get_ConsumedStack	0x2050	NoInlining	Public, Final, Virtual, HideBySig, SpecialName	0x10044d3e8	0x94859af2	0x1025b3fb0	0x1025b3fb0	mapped	0x1025b3fb0
System.Linq.Expressions	1671	0x06000688	System.Linq.Expressions.Interpreter.AssignLocalInstruction	get_ProducedStack	0x2050	NoInlining	Public, Final, Virtual, HideBySig, SpecialName	0x10044d3ec	0x94859af3	0x1025b3fb8	0x1025b3fb8	mapped	0x1025b3fb8
System.Linq.Expressions	1672	0x06000689	System.Linq.Expressions.Interpreter.AssignLocalInstruction	get_InstructionName	0x2050	NoInlining	Public, Final, Virtual, HideBySig, SpecialName	0x10044d3f0	0x94859af4	0x1025b3fc0	0x1025b3fc0	mapped	0x1025b3fc0
System.Linq.Expressions	1673	0x0600068a	System.Linq.Expressions.Interpreter.AssignLocalInstruction	Run	0x2050	NoInlining	Public, Final, Virtual, HideBySig	0x10044d3f4	0x94859b03	0x1025b4000	0x1025b4000	mapped	0x1025b4000
System.Linq.Expressions	1674	0x0600068b	System.Linq.Expressions.Interpreter.AssignLocalInstruction	BoxIfIndexMatches	0x2050	NoInlining	Public, Final, Virtual, HideBySig, VtableLayoutMask	0x10044d3f8	0x94859b2f	0x1025b40b4	0x1025b40b4	mapped	0x1025b40b4
System.Linq.Expressions	1675	0x0600068c	System.Linq.Expressions.Interpreter.StoreLocalInstruction	.ctor	0x2050	NoInlining	Assembly, HideBySig, SpecialName, RTSpecialName	0x10044d3fc	0x94859b48	0x1025b411c	0x1025b411c	mapped	0x1025b411c
System.Linq.Expressions	1676	0x0600068d	System.Linq.Expressions.Interpreter.StoreLocalInstruction	get_ConsumedStack	0x2050	NoInlining	Public, Final, Virtual, HideBySig, SpecialName	0x10044d400	0x94859b50	0x1025b4140	0x1025b4140	mapped	0x1025b4140
System.Linq.Expressions	1677	0x0600068e	System.Linq.Expressions.Interpreter.StoreLocalInstruction	get_InstructionName	0x2050	NoInlining	Public, Final, Virtual, HideBySig, SpecialName	0x10044d404	0x94859b51	0x1025b4148	0x1025b4148	mapped	0x1025b4148
System.Linq.Expressions	1678	0x0600068f	System.Linq.Expressions.Interpreter.StoreLocalInstruction	Run	0x2050	NoInlining	Public, Final, Virtual, HideBySig	0x10044d408	0x94859b60	0x1025b4188	0x1025b4188	mapped	0x1025b4188
System.Linq.Expressions	1679	0x06000690	System.Linq.Expressions.Interpreter.StoreLocalInstruction	BoxIfIndexMatches	0x2050	NoInlining	Public, Final, Virtual, HideBySig, VtableLayoutMask	0x10044d40c	0x94859b8c	0x1025b423c	0x1025b423c	mapped	0x1025b423c
System.Linq.Expressions	1680	0x06000691	System.Linq.Expressions.Interpreter.AssignLocalBoxedInstruction	.ctor	0x2050	NoInlining	Assembly, HideBySig, SpecialName, RTSpecialName	0x10044d410	0x94859ba5	0x1025b42a4	0x1025b42a4	mapped	0x1025b42a4
System.Linq.Expressions	1681	0x06000692	System.Linq.Expressions.Interpreter.AssignLocalBoxedInstruction	get_ConsumedStack	0x2050	NoInlining	Public, Final, Virtual, HideBySig, SpecialName	0x10044d414	0x94859bad	0x1025b42c8	0x1025b42c8	mapped	0x1025b42c8
System.Linq.Expressions	1682	0x06000693	System.Linq.Expressions.Interpreter.AssignLocalBoxedInstruction	get_ProducedStack	0x2050	NoInlining	Public, Final, Virtual, HideBySig, SpecialName	0x10044d418	0x94859bae	0x1025b42d0	0x1025b42d0	mapped	0x1025b42d0
System.Linq.Expressions	1683	0x06000694	System.Linq.Expressions.Interpreter.AssignLocalBoxedInstruction	get_InstructionName	0x2050	NoInlining	Public, Final, Virtual, HideBySig, SpecialName	0x10044d41c	0x94859baf	0x1025b42d8	0x1025b42d8	mapped	0x1025b42d8
System.Linq.Expressions	1684	0x06000695	System.Linq.Expressions.Interpreter.AssignLocalBoxedInstruction	Run	0x2050	NoInlining	Public, Final, Virtual, HideBySig	0x10044d420	0x94859bbe	0x1025b4318	0x1025b4318	mapped	0x1025b4318
System.Linq.Expressions	1685	0x06000696	System.Linq.Expressions.Interpreter.StoreLocalBoxedInstruction	.ctor	0x2050	NoInlining	Assembly, HideBySig, SpecialName, RTSpecialName	0x10044d424	0x94859c18	0x1025b4484	0x1025b4484	mapped	0x1025b4484
System.Linq.Expressions	1686	0x06000697	System.Linq.Expressions.Interpreter.StoreLocalBoxedInstruction	get_ConsumedStack	0x2050	NoInlining	Public, Final, Virtual, HideBySig, SpecialName	0x10044d428	0x94859c20	0x1025b44a8	0x1025b44a8	mapped	0x1025b44a8
System.Linq.Expressions	1687	0x06000698	System.Linq.Expressions.Interpreter.StoreLocalBoxedInstruction	get_InstructionName	0x2050	NoInlining	Public, Final, Virtual, HideBySig, SpecialName	0x10044d42c	0x94859c21	0x1025b44b0	0x1025b44b0	mapped	0x1025b44b0
System.Linq.Expressions	1688	0x06000699	System.Linq.Expressions.Interpreter.StoreLocalBoxedInstruction	Run	0x2050	NoInlining	Public, Final, Virtual, HideBySig	0x10044d430	0x94859c30	0x1025b44f0	0x1025b44f0	mapped	0x1025b44f0
System.Linq.Expressions	1689	0x0600069a	System.Linq.Expressions.Interpreter.AssignLocalToClosureInstruction	.ctor	0x2050	NoInlining	Assembly, HideBySig, SpecialName, RTSpecialName	0x10044d434	0x94859c8f	0x1025b4670	0x1025b4670	mapped	0x1025b4670
System.Linq.Expressions	1690	0x0600069b	System.Linq.Expressions.Interpreter.AssignLocalToClosureInstruction	get_ConsumedStack	0x2050	NoInlining	Public, Final, Virtual, HideBySig, SpecialName	0x10044d438	0x94859c97	0x1025b4694	0x1025b4694	mapped	0x1025b4694
System.Linq.Expressions	1691	0x0600069c	System.Linq.Expressions.Interpreter.AssignLocalToClosureInstruction	get_ProducedStack	0x2050	NoInlining	Public, Final, Virtual, HideBySig, SpecialName	0x10044d43c	0x94859c98	0x1025b469c	0x1025b469c	mapped	0x1025b469c
System.Linq.Expressions	1692	0x0600069d	System.Linq.Expressions.Interpreter.AssignLocalToClosureInstruction	get_InstructionName	0x2050	NoInlining	Public, Final, Virtual, HideBySig, SpecialName	0x10044d440	0x94859c99	0x1025b46a4	0x1025b46a4	mapped	0x1025b46a4
System.Linq.Expressions	1693	0x0600069e	System.Linq.Expressions.Interpreter.AssignLocalToClosureInstruction	Run	0x2050	NoInlining	Public, Final, Virtual, HideBySig	0x10044d444	0x94859ca8	0x1025b46e4	0x1025b46e4	mapped	0x1025b46e4
System.Linq.Expressions	1694	0x0600069f	System.Linq.Expressions.Interpreter.ValueTypeCopyInstruction	get_ConsumedStack	0x2050	NoInlining	Public, Final, Virtual, HideBySig, SpecialName	0x10044d448	0x94859cf2	0x1025b4810	0x1025b4810	mapped	0x1025b4810
System.Linq.Expressions	1695	0x060006a0	System.Linq.Expressions.Interpreter.ValueTypeCopyInstruction	get_ProducedStack	0x2050	NoInlining	Public, Final, Virtual, HideBySig, SpecialName	0x10044d44c	0x94859cf3	0x1025b4818	0x1025b4818	mapped	0x1025b4818
System.Linq.Expressions	1696	0x060006a1	System.Linq.Expressions.Interpreter.ValueTypeCopyInstruction	get_InstructionName	0x2050	NoInlining	Public, Final, Virtual, HideBySig, SpecialName	0x10044d450	0x94859cf4	0x1025b4820	0x1025b4820	mapped	0x1025b4820
System.Linq.Expressions	1697	0x060006a2	System.Linq.Expressions.Interpreter.ValueTypeCopyInstruction	Run	0x2050	NoInlining	Public, Final, Virtual, HideBySig	0x10044d454	0x94859d03	0x1025b4860	0x1025b4860	mapped	0x1025b4860
System.Linq.Expressions	1698	0x060006a3	System.Linq.Expressions.Interpreter.ValueTypeCopyInstruction	.ctor	0x2050	NoInlining	Public, HideBySig, SpecialName, RTSpecialName	0x10044d458	0x94859d39	0x1025b493c	0x1025b493c	mapped	0x1025b493c
System.Linq.Expressions	1699	0x060006a4	System.Linq.Expressions.Interpreter.ValueTypeCopyInstruction	.cctor	0x2050	NoInlining	Private, Static, HideBySig, SpecialName, RTSpecialName	0x10044d45c	0x94859d46	0x1025b4974	0x1025b4974	mapped	0x1025b4974
System.Linq.Expressions	1700	0x060006a5	System.Linq.Expressions.Interpreter.InitializeLocalInstruction	.ctor	0x2050	NoInlining	Assembly, HideBySig, SpecialName, RTSpecialName	0x10044d460	0x94859d61	0x1025b49e4	0x1025b49e4	mapped	0x1025b49e4
System.Linq.Expressions	1701	0x060006a6	System.Linq.Expressions.Interpreter.InitializeLocalInstruction+Reference	.ctor	0x2050	NoInlining	Assembly, HideBySig, SpecialName, RTSpecialName	0x10044d464	0x94859d69	0x1025b4a08	0x1025b4a08	mapped	0x1025b4a08
System.Linq.Expressions	1702	0x060006a7	System.Linq.Expressions.Interpreter.InitializeLocalInstruction+Reference	Run	0x2050	NoInlining	Public, Final, Virtual, HideBySig	0x10044d468	0x94859d71	0x1025b4a2c	0x1025b4a2c	mapped	0x1025b4a2c
System.Linq.Expressions	1703	0x060006a8	System.Linq.Expressions.Interpreter.InitializeLocalInstruction+Reference	BoxIfIndexMatches	0x2050	NoInlining	Public, Final, Virtual, HideBySig, VtableLayoutMask	0x10044d46c	0x94859d94	0x1025b4abc	0x1025b4abc	mapped	0x1025b4abc
System.Linq.Expressions	1704	0x060006a9	System.Linq.Expressions.Interpreter.InitializeLocalInstruction+Reference	get_InstructionName	0x2050	NoInlining	Public, Final, Virtual, HideBySig, SpecialName	0x10044d470	0x94859dbb	0x1025b4b5c	0x1025b4b5c	mapped	0x1025b4b5c
System.Linq.Expressions	1705	0x060006aa	System.Linq.Expressions.Interpreter.InitializeLocalInstruction+ImmutableValue	.ctor	0x2050	NoInlining	Assembly, HideBySig, SpecialName, RTSpecialName	0x10044d474	0x94859dca	0x1025b4b9c	0x1025b4b9c	mapped	0x1025b4b9c
System.Linq.Expressions	1706	0x060006ab	System.Linq.Expressions.Interpreter.InitializeLocalInstruction+ImmutableValue	Run	0x2050	NoInlining	Public, Final, Virtual, HideBySig	0x10044d478	0x94859dd9	0x1025b4bdc	0x1025b4bdc	mapped	0x1025b4bdc
System.Linq.Expressions	1707	0x060006ac	System.Linq.Expressions.Interpreter.InitializeLocalInstruction+ImmutableValue	BoxIfIndexMatches	0x2050	NoInlining	Public, Final, Virtual, HideBySig, VtableLayoutMask	0x10044d47c	0x94859df9	0x1025b4c60	0x1025b4c60	mapped	0x1025b4c60
System.Linq.Expressions	1708	0x060006ad	System.Linq.Expressions.Interpreter.InitializeLocalInstruction+ImmutableValue	get_InstructionName	0x2050	NoInlining	Public, Final, Virtual, HideBySig, SpecialName	0x10044d480	0x94859e29	0x1025b4d24	0x1025b4d24	mapped	0x1025b4d24
System.Linq.Expressions	1709	0x060006ae	System.Linq.Expressions.Interpreter.InitializeLocalInstruction+ImmutableBox	.ctor	0x2050	NoInlining	Assembly, HideBySig, SpecialName, RTSpecialName	0x10044d484	0x94859e38	0x1025b4d64	0x1025b4d64	mapped	0x1025b4d64
System.Linq.Expressions	1710	0x060006af	System.Linq.Expressions.Interpreter.InitializeLocalInstruction+ImmutableBox	Run	0x2050	NoInlining	Public, Final, Virtual, HideBySig	0x10044d488	0x94859e47	0x1025b4da4	0x1025b4da4	mapped	0x1025b4da4
System.Linq.Expressions	1711	0x060006b0	System.Linq.Expressions.Interpreter.InitializeLocalInstruction+ImmutableBox	get_InstructionName	0x2050	NoInlining	Public, Final, Virtual, HideBySig, SpecialName	0x10044d48c	0x94859e82	0x1025b4e94	0x1025b4e94	mapped	0x1025b4e94
System.Linq.Expressions	1712	0x060006b1	System.Linq.Expressions.Interpreter.InitializeLocalInstruction+ImmutableRefBox	.ctor	0x2050	NoInlining	Assembly, HideBySig, SpecialName, RTSpecialName	0x10044d490	0x94859e91	0x1025b4ed4	0x1025b4ed4	mapped	0x1025b4ed4
System.Linq.Expressions	1713	0x060006b2	System.Linq.Expressions.Interpreter.InitializeLocalInstruction+ImmutableRefBox	Run	0x2050	NoInlining	Public, Final, Virtual, HideBySig	0x10044d494	0x94859e99	0x1025b4ef8	0x1025b4ef8	mapped	0x1025b4ef8
System.Linq.Expressions	1714	0x060006b3	System.Linq.Expressions.Interpreter.InitializeLocalInstruction+ImmutableRefBox	get_InstructionName	0x2050	NoInlining	Public, Final, Virtual, HideBySig, SpecialName	0x10044d498	0x94859ecb	0x1025b4fc4	0x1025b4fc4	mapped	0x1025b4fc4
System.Linq.Expressions	1715	0x060006b4	System.Linq.Expressions.Interpreter.InitializeLocalInstruction+ParameterBox	.ctor	0x2050	NoInlining	Public, HideBySig, SpecialName, RTSpecialName	0x10044d49c	0x94859eda	0x1025b5004	0x1025b5004	mapped	0x1025b5004
System.Linq.Expressions	1716	0x060006b5	System.Linq.Expressions.Interpreter.InitializeLocalInstruction+ParameterBox	Run	0x2050	NoInlining	Public, Final, Virtual, HideBySig	0x10044d4a0	0x94859ee2	0x1025b5028	0x1025b5028	mapped	0x1025b5028
System.Linq.Expressions	1717	0x060006b6	System.Linq.Expressions.Interpreter.InitializeLocalInstruction+ParameterBox	get_InstructionName	0x2050	NoInlining	Public, Final, Virtual, HideBySig, SpecialName	0x10044d4a4	0x94859f26	0x1025b513c	0x1025b513c	mapped	0x1025b513c
System.Linq.Expressions	1718	0x060006b7	System.Linq.Expressions.Interpreter.InitializeLocalInstruction+Parameter	.ctor	0x2050	NoInlining	Assembly, HideBySig, SpecialName, RTSpecialName	0x10044d4a8	0x94859f35	0x1025b517c	0x1025b517c	mapped	0x1025b517c
System.Linq.Expressions	1719	0x060006b8	System.Linq.Expressions.Interpreter.InitializeLocalInstruction+Parameter	Run	0x2050	NoInlining	Public, Final, Virtual, HideBySig	0x10044d4ac	0x94859f3d	0x1025b51a0	0x1025b51a0	mapped	0x1025b51a0
System.Linq.Expressions	1720	0x060006b9	System.Linq.Expressions.Interpreter.InitializeLocalInstruction+Parameter	BoxIfIndexMatches	0x2050	NoInlining	Public, Final, Virtual, HideBySig, VtableLayoutMask	0x10044d4b0	0x94859f3e	0x1025b51a8	0x1025b51a8	mapped	0x1025b51a8
System.Linq.Expressions	1721	0x060006ba	System.Linq.Expressions.Interpreter.InitializeLocalInstruction+Parameter	get_InstructionName	0x2050	NoInlining	Public, Final, Virtual, HideBySig, SpecialName	0x10044d4b4	0x94859f65	0x1025b5248	0x1025b5248	mapped	0x1025b5248
System.Linq.Expressions	1722	0x060006bb	System.Linq.Expressions.Interpreter.InitializeLocalInstruction+MutableValue	.ctor	0x2050	NoInlining	Assembly, HideBySig, SpecialName, RTSpecialName	0x10044d4b8	0x94859f74	0x1025b5288	0x1025b5288	mapped	0x1025b5288
System.Linq.Expressions	1723	0x060006bc	System.Linq.Expressions.Interpreter.InitializeLocalInstruction+MutableValue	Run	0x2050	NoInlining	Public, Final, Virtual, HideBySig	0x10044d4bc	0x94859f83	0x1025b52c8	0x1025b52c8	mapped	0x1025b52c8
System.Linq.Expressions	1724	0x060006bd	System.Linq.Expressions.Interpreter.InitializeLocalInstruction+MutableValue	BoxIfIndexMatches	0x2050	NoInlining	Public, Final, Virtual, HideBySig, VtableLayoutMask	0x10044d4c0	0x94859fb7	0x1025b539c	0x1025b539c	mapped	0x1025b539c
System.Linq.Expressions	1725	0x060006be	System.Linq.Expressions.Interpreter.InitializeLocalInstruction+MutableValue	get_InstructionName	0x2050	NoInlining	Public, Final, Virtual, HideBySig, SpecialName	0x10044d4c4	0x94859fe7	0x1025b5460	0x1025b5460	mapped	0x1025b5460
System.Linq.Expressions	1726	0x060006bf	System.Linq.Expressions.Interpreter.InitializeLocalInstruction+MutableBox	.ctor	0x2050	NoInlining	Assembly, HideBySig, SpecialName, RTSpecialName	0x10044d4c8	0x94859ff6	0x1025b54a0	0x1025b54a0	mapped	0x1025b54a0
System.Linq.Expressions	1727	0x060006c0	System.Linq.Expressions.Interpreter.InitializeLocalInstruction+MutableBox	Run	0x2050	NoInlining	Public, Final, Virtual, HideBySig	0x10044d4cc	0x9485a005	0x1025b54e0	0x1025b54e0	mapped	0x1025b54e0
System.Linq.Expressions	1728	0x060006c1	System.Linq.Expressions.Interpreter.InitializeLocalInstruction+MutableBox	get_InstructionName	0x2050	NoInlining	Public, Final, Virtual, HideBySig, SpecialName	0x10044d4d0	0x9485a058	0x1025b5630	0x1025b5630	mapped	0x1025b5630
System.Linq.Expressions	1729	0x060006c2	System.Linq.Expressions.Interpreter.RuntimeVariablesInstruction	.ctor	0x2050	NoInlining	Public, HideBySig, SpecialName, RTSpecialName	0x10044d4d4	0x9485a067	0x1025b5670	0x1025b5670	mapped	0x1025b5670
System.Linq.Expressions	1730	0x060006c3	System.Linq.Expressions.Interpreter.RuntimeVariablesInstruction	get_ProducedStack	0x2050	NoInlining	Public, Final, Virtual, HideBySig, SpecialName	0x10044d4d8	0x9485a06f	0x1025b5694	0x1025b5694	mapped	0x1025b5694
System.Linq.Expressions	1731	0x060006c4	System.Linq.Expressions.Interpreter.RuntimeVariablesInstruction	get_ConsumedStack	0x2050	NoInlining	Public, Final, Virtual, HideBySig, SpecialName	0x10044d4dc	0x9485a070	0x1025b569c	0x1025b569c	mapped	0x1025b569c
System.Linq.Expressions	1732	0x060006c5	System.Linq.Expressions.Interpreter.RuntimeVariablesInstruction	get_InstructionName	0x2050	NoInlining	Public, Final, Virtual, HideBySig, SpecialName	0x10044d4e0	0x9485a078	0x1025b56c0	0x1025b56c0	mapped	0x1025b56c0
System.Linq.Expressions	1733	0x060006c6	System.Linq.Expressions.Interpreter.RuntimeVariablesInstruction	Run	0x2050	NoInlining	Public, Final, Virtual, HideBySig	0x10044d4e4	0x9485a087	0x1025b5700	0x1025b5700	mapped	0x1025b5700
System.Linq.Expressions	1734	0x060006c7	System.Linq.Expressions.Interpreter.LocalVariable	get_IsBoxed	0x2050	NoInlining	Public, HideBySig, SpecialName	0x10044d4e8	0x9485a100	0x1025b58e8	0x1025b58e8	mapped	0x1025b58e8
System.Linq.Expressions	1735	0x060006c8	System.Linq.Expressions.Interpreter.LocalVariable	set_IsBoxed	0x2050	NoInlining	Public, HideBySig, SpecialName	0x10044d4ec	0x9485a109	0x1025b5910	0x1025b5910	mapped	0x1025b5910
System.Linq.Expressions	1736	0x060006c9	System.Linq.Expressions.Interpreter.LocalVariable	get_InClosure	0x2050	NoInlining	Public, HideBySig, SpecialName	0x10044d4f0	0x9485a11b	0x1025b595c	0x1025b595c	mapped	0x1025b595c
System.Linq.Expressions	1737	0x060006ca	System.Linq.Expressions.Interpreter.LocalVariable	.ctor	0x2050	NoInlining	Assembly, HideBySig, SpecialName, RTSpecialName	0x10044d4f4	0x9485a124	0x1025b5984	0x1025b5984	mapped	0x1025b5984
System.Linq.Expressions	1738	0x060006cb	System.Linq.Expressions.Interpreter.LocalVariable	ToString	0x2050	NoInlining	Public, Final, Virtual, HideBySig	0x10044d4f8	0x9485a130	0x1025b59b8	0x1025b59b8	mapped	0x1025b59b8
System.Linq.Expressions	1739	0x060006cc	System.Linq.Expressions.Interpreter.LocalDefinition	.ctor	0x2050	NoInlining	Assembly, HideBySig, SpecialName, RTSpecialName	0x10044d4fc	0x9485a1bb	0x1025b5be8	0x1025b5be8	mapped	0x1025b5be8
System.Linq.Expressions	1740	0x060006cd	System.Linq.Expressions.Interpreter.LocalDefinition	get_Index	0x2050	NoInlining	Public, HideBySig, SpecialName	0x10044d500	0x9485a1ca	0x1025b5c28	0x1025b5c28	mapped	0x1025b5c28
System.Linq.Expressions	1741	0x060006ce	System.Linq.Expressions.Interpreter.LocalDefinition	get_Parameter	0x2050	NoInlining	Public, HideBySig, SpecialName	0x10044d504	0x9485a1d2	0x1025b5c4c	0x1025b5c4c	mapped	0x1025b5c4c
System.Linq.Expressions	1742	0x060006cf	System.Linq.Expressions.Interpreter.LocalDefinition	Equals	0x2050	NoInlining	Public, Final, Virtual, HideBySig	0x10044d508	0x9485a1da	0x1025b5c70	0x1025b5c70	mapped	0x1025b5c70
System.Linq.Expressions	1743	0x060006d0	System.Linq.Expressions.Interpreter.LocalDefinition	Equals	0x2050	NoInlining	Public, Final, Virtual, HideBySig, VtableLayoutMask	0x10044d50c	0x9485a20d	0x1025b5d40	0x1025b5d40	mapped	0x1025b5d40
System.Linq.Expressions	1744	0x060006d1	System.Linq.Expressions.Interpreter.LocalDefinition	GetHashCode	0x2050	NoInlining	Public, Final, Virtual, HideBySig	0x10044d510	0x9485a21d	0x1025b5d84	0x1025b5d84	mapped	0x1025b5d84
System.Linq.Expressions	1745	0x060006d2	System.Linq.Expressions.Interpreter.LocalVariables	DefineLocal	0x2050	NoInlining	Public, HideBySig	0x10044d514	0x9485a235	0x1025b5de8	0x1025b5de8	mapped	0x1025b5de8
System.Linq.Expressions	1746	0x060006d3	System.Linq.Expressions.Interpreter.LocalVariables	UndefineLocal	0x2050	NoInlining	Public, HideBySig	0x10044d518	0x9485a2ed	0x1025b60cc	0x1025b60cc	mapped	0x1025b60cc
System.Linq.Expressions	1747	0x060006d4	System.Linq.Expressions.Interpreter.LocalVariables	Box	0x2050	NoInlining	Assembly, HideBySig	0x10044d51c	0x9485a331	0x1025b61e0	0x1025b61e0	mapped	0x1025b61e0
System.Linq.Expressions	1748	0x060006d5	System.Linq.Expressions.Interpreter.LocalVariables	get_LocalCount	0x2050	NoInlining	Public, HideBySig, SpecialName	0x10044d520	0x9485a3b1	0x1025b63e4	0x1025b63e4	mapped	0x1025b63e4
System.Linq.Expressions	1749	0x060006d6	System.Linq.Expressions.Interpreter.LocalVariables	TryGetLocalOrClosure	0x2050	NoInlining	Public, HideBySig	0x10044d524	0x9485a3b9	0x1025b6408	0x1025b6408	mapped	0x1025b6408
System.Linq.Expressions	1750	0x060006d7	System.Linq.Expressions.Interpreter.LocalVariables	get_ClosureVariables	0x2050	NoInlining	Assembly, HideBySig, SpecialName	0x10044d528	0x9485a40a	0x1025b6550	0x1025b6550	mapped	0x1025b6550
System.Linq.Expressions	1751	0x060006d8	System.Linq.Expressions.Interpreter.LocalVariables	AddClosureVariable	0x2050	NoInlining	Assembly, HideBySig	0x10044d52c	0x9485a412	0x1025b6574	0x1025b6574	mapped	0x1025b6574
System.Linq.Expressions	1752	0x060006d9	System.Linq.Expressions.Interpreter.LocalVariables	.ctor	0x2050	NoInlining	Public, HideBySig, SpecialName, RTSpecialName	0x10044d530	0x9485a45b	0x1025b669c	0x1025b669c	mapped	0x1025b669c
System.Linq.Expressions	1753	0x060006da	System.Linq.Expressions.Interpreter.LocalVariables+VariableScope	.ctor	0x2050	NoInlining	Public, HideBySig, SpecialName, RTSpecialName	0x10044d534	0x9485a482	0x1025b673c	0x1025b673c	mapped	0x1025b673c
System.Linq.Expressions	1754	0x060006db	System.Linq.Expressions.Interpreter.ModuloInstruction	get_ConsumedStack	0x2050	NoInlining	Public, Final, Virtual, HideBySig, SpecialName	0x10044d538	0x9485a499	0x1025b679c	0x1025b679c	mapped	0x1025b679c
System.Linq.Expressions	1755	0x060006dc	System.Linq.Expressions.Interpreter.ModuloInstruction	get_ProducedStack	0x2050	NoInlining	Public, Final, Virtual, HideBySig, SpecialName	0x10044d53c	0x9485a49a	0x1025b67a4	0x1025b67a4	mapped	0x1025b67a4
System.Linq.Expressions	1756	0x060006dd	System.Linq.Expressions.Interpreter.ModuloInstruction	get_InstructionName	0x2050	NoInlining	Public, Final, Virtual, HideBySig, SpecialName	0x10044d540	0x9485a49b	0x1025b67ac	0x1025b67ac	mapped	0x1025b67ac
System.Linq.Expressions	1757	0x060006de	System.Linq.Expressions.Interpreter.ModuloInstruction	.ctor	0x2050	NoInlining	Private, HideBySig, SpecialName, RTSpecialName	0x10044d544	0x9485a4aa	0x1025b67ec	0x1025b67ec	mapped	0x1025b67ec
System.Linq.Expressions	1758	0x060006df	System.Linq.Expressions.Interpreter.ModuloInstruction	Create	0x2050	NoInlining	Public, Static, HideBySig	0x10044d548	0x9485a4aa	0x1025b67f0	0x1025b67f0	mapped	0x1025b67f0
System.Linq.Expressions	1759	0x060006e0	System.Linq.Expressions.Interpreter.ModuloInstruction+ModuloInt16	Run	0x2050	NoInlining	Public, Final, Virtual, HideBySig	0x10044d54c	0x9485a515	0x1025b69a0	0x1025b69a0	mapped	0x1025b69a0
System.Linq.Expressions	1760	0x060006e1	System.Linq.Expressions.Interpreter.ModuloInstruction+ModuloInt16	.ctor	0x2050	NoInlining	Public, HideBySig, SpecialName, RTSpecialName	0x10044d550	0x9485a585	0x1025b6b64	0x1025b6b64	mapped	0x1025b6b64
System.Linq.Expressions	1761	0x060006e2	System.Linq.Expressions.Interpreter.ModuloInstruction+ModuloInt32	Run	0x2050	NoInlining	Public, Final, Virtual, HideBySig	0x10044d554	0x9485a585	0x1025b6b68	0x1025b6b68	mapped	0x1025b6b68
System.Linq.Expressions	1762	0x060006e3	System.Linq.Expressions.Interpreter.ModuloInstruction+ModuloInt32	.ctor	0x2050	NoInlining	Public, HideBySig, SpecialName, RTSpecialName	0x10044d558	0x9485a5f9	0x1025b6d3c	0x1025b6d3c	mapped	0x1025b6d3c
System.Linq.Expressions	1763	0x060006e4	System.Linq.Expressions.Interpreter.ModuloInstruction+ModuloInt64	Run	0x2050	NoInlining	Public, Final, Virtual, HideBySig	0x10044d55c	0x9485a5f9	0x1025b6d40	0x1025b6d40	mapped	0x1025b6d40
System.Linq.Expressions	1764	0x060006e5	System.Linq.Expressions.Interpreter.ModuloInstruction+ModuloInt64	.ctor	0x2050	NoInlining	Public, HideBySig, SpecialName, RTSpecialName	0x10044d560	0x9485a673	0x1025b6f2c	0x1025b6f2c	mapped	0x1025b6f2c
System.Linq.Expressions	1765	0x060006e6	System.Linq.Expressions.Interpreter.ModuloInstruction+ModuloUInt16	Run	0x2050	NoInlining	Public, Final, Virtual, HideBySig	0x10044d564	0x9485a673	0x1025b6f30	0x1025b6f30	mapped	0x1025b6f30
System.Linq.Expressions	1766	0x060006e7	System.Linq.Expressions.Interpreter.ModuloInstruction+ModuloUInt16	.ctor	0x2050	NoInlining	Public, HideBySig, SpecialName, RTSpecialName	0x10044d568	0x9485a6e3	0x1025b70f4	0x1025b70f4	mapped	0x1025b70f4
System.Linq.Expressions	1767	0x060006e8	System.Linq.Expressions.Interpreter.ModuloInstruction+ModuloUInt32	Run	0x2050	NoInlining	Public, Final, Virtual, HideBySig	0x10044d56c	0x9485a6e3	0x1025b70f8	0x1025b70f8	mapped	0x1025b70f8
System.Linq.Expressions	1768	0x060006e9	System.Linq.Expressions.Interpreter.ModuloInstruction+ModuloUInt32	.ctor	0x2050	NoInlining	Public, HideBySig, SpecialName, RTSpecialName	0x10044d570	0x9485a753	0x1025b72bc	0x1025b72bc	mapped	0x1025b72bc
System.Linq.Expressions	1769	0x060006ea	System.Linq.Expressions.Interpreter.ModuloInstruction+ModuloUInt64	Run	0x2050	NoInlining	Public, Final, Virtual, HideBySig	0x10044d574	0x9485a753	0x1025b72c0	0x1025b72c0	mapped	0x1025b72c0
System.Linq.Expressions	1770	0x060006eb	System.Linq.Expressions.Interpreter.ModuloInstruction+ModuloUInt64	.ctor	0x2050	NoInlining	Public, HideBySig, SpecialName, RTSpecialName	0x10044d578	0x9485a7c3	0x1025b7484	0x1025b7484	mapped	0x1025b7484
System.Linq.Expressions	1771	0x060006ec	System.Linq.Expressions.Interpreter.ModuloInstruction+ModuloSingle	Run	0x2050	NoInlining	Public, Final, Virtual, HideBySig	0x10044d57c	0x9485a7c3	0x1025b7488	0x1025b7488	mapped	0x1025b7488
System.Linq.Expressions	1772	0x060006ed	System.Linq.Expressions.Interpreter.ModuloInstruction+ModuloSingle	.ctor	0x2050	NoInlining	Public, HideBySig, SpecialName, RTSpecialName	0x10044d580	0x9485a82d	0x1025b7634	0x1025b7634	mapped	0x1025b7634
System.Linq.Expressions	1773	0x060006ee	System.Linq.Expressions.Interpreter.ModuloInstruction+ModuloDouble	Run	0x2050	NoInlining	Public, Final, Virtual, HideBySig	0x10044d584	0x9485a82d	0x1025b7638	0x1025b7638	mapped	0x1025b7638
System.Linq.Expressions	1774	0x060006ef	System.Linq.Expressions.Interpreter.ModuloInstruction+ModuloDouble	.ctor	0x2050	NoInlining	Public, HideBySig, SpecialName, RTSpecialName	0x10044d588	0x9485a897	0x1025b77e4	0x1025b77e4	mapped	0x1025b77e4
System.Linq.Expressions	1775	0x060006f0	System.Linq.Expressions.Interpreter.MulInstruction	get_ConsumedStack	0x2050	NoInlining	Public, Final, Virtual, HideBySig, SpecialName	0x10044d58c	0x9485a897	0x1025b77e8	0x1025b77e8	mapped	0x1025b77e8
System.Linq.Expressions	1776	0x060006f1	System.Linq.Expressions.Interpreter.MulInstruction	get_ProducedStack	0x2050	NoInlining	Public, Final, Virtual, HideBySig, SpecialName	0x10044d590	0x9485a898	0x1025b77f0	0x1025b77f0	mapped	0x1025b77f0
System.Linq.Expressions	1777	0x060006f2	System.Linq.Expressions.Interpreter.MulInstruction	get_InstructionName	0x2050	NoInlining	Public, Final, Virtual, HideBySig, SpecialName	0x10044d594	0x9485a899	0x1025b77f8	0x1025b77f8	mapped	0x1025b77f8
System.Linq.Expressions	1778	0x060006f3	System.Linq.Expressions.Interpreter.MulInstruction	.ctor	0x2050	NoInlining	Private, HideBySig, SpecialName, RTSpecialName	0x10044d598	0x9485a8a8	0x1025b7838	0x1025b7838	mapped	0x1025b7838
System.Linq.Expressions	1779	0x060006f4	System.Linq.Expressions.Interpreter.MulInstruction	Create	0x2050	NoInlining	Public, Static, HideBySig	0x10044d59c	0x9485a8a8	0x1025b783c	0x1025b783c	mapped	0x1025b783c
System.Linq.Expressions	1780	0x060006f5	System.Linq.Expressions.Interpreter.MulInstruction+MulInt16	Run	0x2050	NoInlining	Public, Final, Virtual, HideBySig	0x10044d5a0	0x9485a913	0x1025b79ec	0x1025b79ec	mapped	0x1025b79ec
System.Linq.Expressions	1781	0x060006f6	System.Linq.Expressions.Interpreter.MulInstruction+MulInt16	.ctor	0x2050	NoInlining	Public, HideBySig, SpecialName, RTSpecialName	0x10044d5a4	0x9485a97c	0x1025b7b94	0x1025b7b94	mapped	0x1025b7b94
System.Linq.Expressions	1782	0x060006f7	System.Linq.Expressions.Interpreter.MulInstruction+MulInt32	Run	0x2050	NoInlining	Public, Final, Virtual, HideBySig	0x10044d5a8	0x9485a97c	0x1025b7b98	0x1025b7b98	mapped	0x1025b7b98
System.Linq.Expressions	1783	0x060006f8	System.Linq.Expressions.Interpreter.MulInstruction+MulInt32	.ctor	0x2050	NoInlining	Public, HideBySig, SpecialName, RTSpecialName	0x10044d5ac	0x9485a9df	0x1025b7d28	0x1025b7d28	mapped	0x1025b7d28
System.Linq.Expressions	1784	0x060006f9	System.Linq.Expressions.Interpreter.MulInstruction+MulInt64	Run	0x2050	NoInlining	Public, Final, Virtual, HideBySig	0x10044d5b0	0x9485a9df	0x1025b7d2c	0x1025b7d2c	mapped	0x1025b7d2c
System.Linq.Expressions	1785	0x060006fa	System.Linq.Expressions.Interpreter.MulInstruction+MulInt64	.ctor	0x2050	NoInlining	Public, HideBySig, SpecialName, RTSpecialName	0x10044d5b4	0x9485aa48	0x1025b7ed4	0x1025b7ed4	mapped	0x1025b7ed4
System.Linq.Expressions	1786	0x060006fb	System.Linq.Expressions.Interpreter.MulInstruction+MulUInt16	Run	0x2050	NoInlining	Public, Final, Virtual, HideBySig	0x10044d5b8	0x9485aa48	0x1025b7ed8	0x1025b7ed8	mapped	0x1025b7ed8
System.Linq.Expressions	1787	0x060006fc	System.Linq.Expressions.Interpreter.MulInstruction+MulUInt16	.ctor	0x2050	NoInlining	Public, HideBySig, SpecialName, RTSpecialName	0x10044d5bc	0x9485aab1	0x1025b8080	0x1025b8080	mapped	0x1025b8080
System.Linq.Expressions	1788	0x060006fd	System.Linq.Expressions.Interpreter.MulInstruction+MulUInt32	Run	0x2050	NoInlining	Public, Final, Virtual, HideBySig	0x10044d5c0	0x9485aab1	0x1025b8084	0x1025b8084	mapped	0x1025b8084
System.Linq.Expressions	1789	0x060006fe	System.Linq.Expressions.Interpreter.MulInstruction+MulUInt32	.ctor	0x2050	NoInlining	Public, HideBySig, SpecialName, RTSpecialName	0x10044d5c4	0x9485ab1a	0x1025b822c	0x1025b822c	mapped	0x1025b822c
System.Linq.Expressions	1790	0x060006ff	System.Linq.Expressions.Interpreter.MulInstruction+MulUInt64	Run	0x2050	NoInlining	Public, Final, Virtual, HideBySig	0x10044d5c8	0x9485ab1a	0x1025b8230	0x1025b8230	mapped	0x1025b8230
System.Linq.Expressions	1791	0x06000700	System.Linq.Expressions.Interpreter.MulInstruction+MulUInt64	.ctor	0x2050	NoInlining	Public, HideBySig, SpecialName, RTSpecialName	0x10044d5cc	0x9485ab83	0x1025b83d8	0x1025b83d8	mapped	0x1025b83d8
System.Linq.Expressions	1792	0x06000701	System.Linq.Expressions.Interpreter.MulInstruction+MulSingle	Run	0x2050	NoInlining	Public, Final, Virtual, HideBySig	0x10044d5d0	0x9485ab83	0x1025b83dc	0x1025b83dc	mapped	0x1025b83dc
System.Linq.Expressions	1793	0x06000702	System.Linq.Expressions.Interpreter.MulInstruction+MulSingle	.ctor	0x2050	NoInlining	Public, HideBySig, SpecialName, RTSpecialName	0x10044d5d4	0x9485abec	0x1025b8584	0x1025b8584	mapped	0x1025b8584
System.Linq.Expressions	1794	0x06000703	System.Linq.Expressions.Interpreter.MulInstruction+MulDouble	Run	0x2050	NoInlining	Public, Final, Virtual, HideBySig	0x10044d5d8	0x9485abec	0x1025b8588	0x1025b8588	mapped	0x1025b8588
System.Linq.Expressions	1795	0x06000704	System.Linq.Expressions.Interpreter.MulInstruction+MulDouble	.ctor	0x2050	NoInlining	Public, HideBySig, SpecialName, RTSpecialName	0x10044d5dc	0x9485ac55	0x1025b8730	0x1025b8730	mapped	0x1025b8730
System.Linq.Expressions	1796	0x06000705	System.Linq.Expressions.Interpreter.MulOvfInstruction	get_ConsumedStack	0x2050	NoInlining	Public, Final, Virtual, HideBySig, SpecialName	0x10044d5e0	0x9485ac55	0x1025b8734	0x1025b8734	mapped	0x1025b8734
System.Linq.Expressions	1797	0x06000706	System.Linq.Expressions.Interpreter.MulOvfInstruction	get_ProducedStack	0x2050	NoInlining	Public, Final, Virtual, HideBySig, SpecialName	0x10044d5e4	0x9485ac56	0x1025b873c	0x1025b873c	mapped	0x1025b873c
System.Linq.Expressions	1798	0x06000707	System.Linq.Expressions.Interpreter.MulOvfInstruction	get_InstructionName	0x2050	NoInlining	Public, Final, Virtual, HideBySig, SpecialName	0x10044d5e8	0x9485ac57	0x1025b8744	0x1025b8744	mapped	0x1025b8744
System.Linq.Expressions	1799	0x06000708	System.Linq.Expressions.Interpreter.MulOvfInstruction	.ctor	0x2050	NoInlining	Private, HideBySig, SpecialName, RTSpecialName	0x10044d5ec	0x9485ac66	0x1025b8784	0x1025b8784	mapped	0x1025b8784
System.Linq.Expressions	1800	0x06000709	System.Linq.Expressions.Interpreter.MulOvfInstruction	Create	0x2050	NoInlining	Public, Static, HideBySig	0x10044d5f0	0x9485ac66	0x1025b8788	0x1025b8788	mapped	0x1025b8788
System.Linq.Expressions	1801	0x0600070a	System.Linq.Expressions.Interpreter.MulOvfInstruction+MulOvfInt16	Run	0x2050	NoInlining	Public, Final, Virtual, HideBySig	0x10044d5f4	0x9485acc9	0x1025b8918	0x1025b8918	mapped	0x1025b8918
System.Linq.Expressions	1802	0x0600070b	System.Linq.Expressions.Interpreter.MulOvfInstruction+MulOvfInt16	.ctor	0x2050	NoInlining	Public, HideBySig, SpecialName, RTSpecialName	0x10044d5f8	0x9485ad40	0x1025b8af8	0x1025b8af8	mapped	0x1025b8af8
System.Linq.Expressions	1803	0x0600070c	System.Linq.Expressions.Interpreter.MulOvfInstruction+MulOvfInt32	Run	0x2050	NoInlining	Public, Final, Virtual, HideBySig	0x10044d5fc	0x9485ad40	0x1025b8afc	0x1025b8afc	mapped	0x1025b8afc
System.Linq.Expressions	1804	0x0600070d	System.Linq.Expressions.Interpreter.MulOvfInstruction+MulOvfInt32	.ctor	0x2050	NoInlining	Public, HideBySig, SpecialName, RTSpecialName	0x10044d600	0x9485ada3	0x1025b8c8c	0x1025b8c8c	mapped	0x1025b8c8c
System.Linq.Expressions	1805	0x0600070e	System.Linq.Expressions.Interpreter.MulOvfInstruction+MulOvfInt64	Run	0x2050	NoInlining	Public, Final, Virtual, HideBySig	0x10044d604	0x9485ada3	0x1025b8c90	0x1025b8c90	mapped	0x1025b8c90
System.Linq.Expressions	1806	0x0600070f	System.Linq.Expressions.Interpreter.MulOvfInstruction+MulOvfInt64	.ctor	0x2050	NoInlining	Public, HideBySig, SpecialName, RTSpecialName	0x10044d608	0x9485ae0d	0x1025b8e3c	0x1025b8e3c	mapped	0x1025b8e3c
System.Linq.Expressions	1807	0x06000710	System.Linq.Expressions.Interpreter.MulOvfInstruction+MulOvfUInt16	Run	0x2050	NoInlining	Public, Final, Virtual, HideBySig	0x10044d60c	0x9485ae0d	0x1025b8e40	0x1025b8e40	mapped	0x1025b8e40
System.Linq.Expressions	1808	0x06000711	System.Linq.Expressions.Interpreter.MulOvfInstruction+MulOvfUInt16	.ctor	0x2050	NoInlining	Public, HideBySig, SpecialName, RTSpecialName	0x10044d610	0x9485ae7e	0x1025b9008	0x1025b9008	mapped	0x1025b9008
System.Linq.Expressions	1809	0x06000712	System.Linq.Expressions.Interpreter.MulOvfInstruction+MulOvfUInt32	Run	0x2050	NoInlining	Public, Final, Virtual, HideBySig	0x10044d614	0x9485ae7e	0x1025b900c	0x1025b900c	mapped	0x1025b900c
System.Linq.Expressions	1810	0x06000713	System.Linq.Expressions.Interpreter.MulOvfInstruction+MulOvfUInt32	.ctor	0x2050	NoInlining	Public, HideBySig, SpecialName, RTSpecialName	0x10044d618	0x9485aee8	0x1025b91b8	0x1025b91b8	mapped	0x1025b91b8
System.Linq.Expressions	1811	0x06000714	System.Linq.Expressions.Interpreter.MulOvfInstruction+MulOvfUInt64	Run	0x2050	NoInlining	Public, Final, Virtual, HideBySig	0x10044d61c	0x9485aee8	0x1025b91bc	0x1025b91bc	mapped	0x1025b91bc
System.Linq.Expressions	1812	0x06000715	System.Linq.Expressions.Interpreter.MulOvfInstruction+MulOvfUInt64	.ctor	0x2050	NoInlining	Public, HideBySig, SpecialName, RTSpecialName	0x10044d620	0x9485af52	0x1025b9368	0x1025b9368	mapped	0x1025b9368
System.Linq.Expressions	1813	0x06000716	System.Linq.Expressions.Interpreter.NegateInstruction	get_ConsumedStack	0x2050	NoInlining	Public, Final, Virtual, HideBySig, SpecialName	0x10044d624	0x9485af52	0x1025b936c	0x1025b936c	mapped	0x1025b936c
System.Linq.Expressions	1814	0x06000717	System.Linq.Expressions.Interpreter.NegateInstruction	get_ProducedStack	0x2050	NoInlining	Public, Final, Virtual, HideBySig, SpecialName	0x10044d628	0x9485af53	0x1025b9374	0x1025b9374	mapped	0x1025b9374
System.Linq.Expressions	1815	0x06000718	System.Linq.Expressions.Interpreter.NegateInstruction	get_InstructionName	0x2050	NoInlining	Public, Final, Virtual, HideBySig, SpecialName	0x10044d62c	0x9485af54	0x1025b937c	0x1025b937c	mapped	0x1025b937c
System.Linq.Expressions	1816	0x06000719	System.Linq.Expressions.Interpreter.NegateInstruction	.ctor	0x2050	NoInlining	Private, HideBySig, SpecialName, RTSpecialName	0x10044d630	0x9485af63	0x1025b93bc	0x1025b93bc	mapped	0x1025b93bc
System.Linq.Expressions	1817	0x0600071a	System.Linq.Expressions.Interpreter.NegateInstruction	Create	0x2050	NoInlining	Public, Static, HideBySig	0x10044d634	0x9485af63	0x1025b93c0	0x1025b93c0	mapped	0x1025b93c0
System.Linq.Expressions	1818	0x0600071b	System.Linq.Expressions.Interpreter.NegateInstruction+NegateInt16	Run	0x2050	NoInlining	Public, Final, Virtual, HideBySig	0x10044d638	0x9485afb6	0x1025b9510	0x1025b9510	mapped	0x1025b9510
System.Linq.Expressions	1819	0x0600071c	System.Linq.Expressions.Interpreter.NegateInstruction+NegateInt16	.ctor	0x2050	NoInlining	Public, HideBySig, SpecialName, RTSpecialName	0x10044d63c	0x9485b001	0x1025b9640	0x1025b9640	mapped	0x1025b9640
System.Linq.Expressions	1820	0x0600071d	System.Linq.Expressions.Interpreter.NegateInstruction+NegateInt32	Run	0x2050	NoInlining	Public, Final, Virtual, HideBySig	0x10044d640	0x9485b001	0x1025b9644	0x1025b9644	mapped	0x1025b9644
System.Linq.Expressions	1821	0x0600071e	System.Linq.Expressions.Interpreter.NegateInstruction+NegateInt32	.ctor	0x2050	NoInlining	Public, HideBySig, SpecialName, RTSpecialName	0x10044d644	0x9485b04c	0x1025b9774	0x1025b9774	mapped	0x1025b9774
System.Linq.Expressions	1822	0x0600071f	System.Linq.Expressions.Interpreter.NegateInstruction+NegateInt64	Run	0x2050	NoInlining	Public, Final, Virtual, HideBySig	0x10044d648	0x9485b04c	0x1025b9778	0x1025b9778	mapped	0x1025b9778
System.Linq.Expressions	1823	0x06000720	System.Linq.Expressions.Interpreter.NegateInstruction+NegateInt64	.ctor	0x2050	NoInlining	Public, HideBySig, SpecialName, RTSpecialName	0x10044d64c	0x9485b0a3	0x1025b98d8	0x1025b98d8	mapped	0x1025b98d8
System.Linq.Expressions	1824	0x06000721	System.Linq.Expressions.Interpreter.NegateInstruction+NegateSingle	Run	0x2050	NoInlining	Public, Final, Virtual, HideBySig	0x10044d650	0x9485b0a3	0x1025b98dc	0x1025b98dc	mapped	0x1025b98dc
System.Linq.Expressions	1825	0x06000722	System.Linq.Expressions.Interpreter.NegateInstruction+NegateSingle	.ctor	0x2050	NoInlining	Public, HideBySig, SpecialName, RTSpecialName	0x10044d654	0x9485b0fc	0x1025b9a44	0x1025b9a44	mapped	0x1025b9a44
System.Linq.Expressions	1826	0x06000723	System.Linq.Expressions.Interpreter.NegateInstruction+NegateDouble	Run	0x2050	NoInlining	Public, Final, Virtual, HideBySig	0x10044d658	0x9485b0fc	0x1025b9a48	0x1025b9a48	mapped	0x1025b9a48
System.Linq.Expressions	1827	0x06000724	System.Linq.Expressions.Interpreter.NegateInstruction+NegateDouble	.ctor	0x2050	NoInlining	Public, HideBySig, SpecialName, RTSpecialName	0x10044d65c	0x9485b155	0x1025b9bb0	0x1025b9bb0	mapped	0x1025b9bb0
System.Linq.Expressions	1828	0x06000725	System.Linq.Expressions.Interpreter.NegateCheckedInstruction	get_ConsumedStack	0x2050	NoInlining	Public, Final, Virtual, HideBySig, SpecialName	0x10044d660	0x9485b155	0x1025b9bb4	0x1025b9bb4	mapped	0x1025b9bb4
System.Linq.Expressions	1829	0x06000726	System.Linq.Expressions.Interpreter.NegateCheckedInstruction	get_ProducedStack	0x2050	NoInlining	Public, Final, Virtual, HideBySig, SpecialName	0x10044d664	0x9485b156	0x1025b9bbc	0x1025b9bbc	mapped	0x1025b9bbc
System.Linq.Expressions	1830	0x06000727	System.Linq.Expressions.Interpreter.NegateCheckedInstruction	get_InstructionName	0x2050	NoInlining	Public, Final, Virtual, HideBySig, SpecialName	0x10044d668	0x9485b157	0x1025b9bc4	0x1025b9bc4	mapped	0x1025b9bc4
System.Linq.Expressions	1831	0x06000728	System.Linq.Expressions.Interpreter.NegateCheckedInstruction	.ctor	0x2050	NoInlining	Private, HideBySig, SpecialName, RTSpecialName	0x10044d66c	0x9485b166	0x1025b9c04	0x1025b9c04	mapped	0x1025b9c04
System.Linq.Expressions	1832	0x06000729	System.Linq.Expressions.Interpreter.NegateCheckedInstruction	Create	0x2050	NoInlining	Public, Static, HideBySig	0x10044d670	0x9485b166	0x1025b9c08	0x1025b9c08	mapped	0x1025b9c08
System.Linq.Expressions	1833	0x0600072a	System.Linq.Expressions.Interpreter.NegateCheckedInstruction+NegateCheckedInt32	Run	0x2050	NoInlining	Public, Final, Virtual, HideBySig	0x10044d674	0x9485b1ab	0x1025b9d20	0x1025b9d20	mapped	0x1025b9d20
System.Linq.Expressions	1834	0x0600072b	System.Linq.Expressions.Interpreter.NegateCheckedInstruction+NegateCheckedInt32	.ctor	0x2050	NoInlining	Public, HideBySig, SpecialName, RTSpecialName	0x10044d678	0x9485b1fc	0x1025b9e68	0x1025b9e68	mapped	0x1025b9e68
System.Linq.Expressions	1835	0x0600072c	System.Linq.Expressions.Interpreter.NegateCheckedInstruction+NegateCheckedInt16	Run	0x2050	NoInlining	Public, Final, Virtual, HideBySig	0x10044d67c	0x9485b1fc	0x1025b9e6c	0x1025b9e6c	mapped	0x1025b9e6c
System.Linq.Expressions	1836	0x0600072d	System.Linq.Expressions.Interpreter.NegateCheckedInstruction+NegateCheckedInt16	.ctor	0x2050	NoInlining	Public, HideBySig, SpecialName, RTSpecialName	0x10044d680	0x9485b24e	0x1025b9fb8	0x1025b9fb8	mapped	0x1025b9fb8
System.Linq.Expressions	1837	0x0600072e	System.Linq.Expressions.Interpreter.NegateCheckedInstruction+NegateCheckedInt64	Run	0x2050	NoInlining	Public, Final, Virtual, HideBySig	0x10044d684	0x9485b24e	0x1025b9fbc	0x1025b9fbc	mapped	0x1025b9fbc
System.Linq.Expressions	1838	0x0600072f	System.Linq.Expressions.Interpreter.NegateCheckedInstruction+NegateCheckedInt64	.ctor	0x2050	NoInlining	Public, HideBySig, SpecialName, RTSpecialName	0x10044d688	0x9485b2ab	0x1025ba134	0x1025ba134	mapped	0x1025ba134
System.Linq.Expressions	1839	0x06000730	System.Linq.Expressions.Interpreter.NewInstruction	.ctor	0x2050	NoInlining	Public, HideBySig, SpecialName, RTSpecialName	0x10044d68c	0x9485b2ab	0x1025ba138	0x1025ba138	mapped	0x1025ba138
System.Linq.Expressions	1840	0x06000731	System.Linq.Expressions.Interpreter.NewInstruction	get_ConsumedStack	0x2050	NoInlining	Public, Final, Virtual, HideBySig, SpecialName	0x10044d690	0x9485b2bb	0x1025ba17c	0x1025ba17c	mapped	0x1025ba17c
System.Linq.Expressions	1841	0x06000732	System.Linq.Expressions.Interpreter.NewInstruction	get_ProducedStack	0x2050	NoInlining	Public, Final, Virtual, HideBySig, SpecialName	0x10044d694	0x9485b2c3	0x1025ba1a0	0x1025ba1a0	mapped	0x1025ba1a0
System.Linq.Expressions	1842	0x06000733	System.Linq.Expressions.Interpreter.NewInstruction	get_InstructionName	0x2050	NoInlining	Public, Virtual, HideBySig, SpecialName	0x10044d698	0x9485b2c4	0x1025ba1a8	0x1025ba1a8	mapped	0x1025ba1a8
System.Linq.Expressions	1843	0x06000734	System.Linq.Expressions.Interpreter.NewInstruction	Run	0x2050	NoInlining	Public, Virtual, HideBySig	0x10044d69c	0x9485b2d3	0x1025ba1e8	0x1025ba1e8	mapped	0x1025ba1e8
System.Linq.Expressions	1844	0x06000735	System.Linq.Expressions.Interpreter.NewInstruction	GetArgs	0x2050	NoInlining	Family, HideBySig	0x10044d6a0	0x9485b314	0x1025ba2f0	0x1025ba2f0	mapped	0x1025ba2f0
System.Linq.Expressions	1845	0x06000736	System.Linq.Expressions.Interpreter.NewInstruction	ToString	0x2050	NoInlining	Public, Final, Virtual, HideBySig	0x10044d6a4	0x9485b36f	0x1025ba460	0x1025ba460	mapped	0x1025ba460
System.Linq.Expressions	1846	0x06000737	System.Linq.Expressions.Interpreter.ByRefNewInstruction	.ctor	0x2050	NoInlining	Assembly, HideBySig, SpecialName, RTSpecialName	0x10044d6a8	0x9485b3bf	0x1025ba5a4	0x1025ba5a4	mapped	0x1025ba5a4
System.Linq.Expressions	1847	0x06000738	System.Linq.Expressions.Interpreter.ByRefNewInstruction	get_InstructionName	0x2050	NoInlining	Public, Final, Virtual, HideBySig, SpecialName	0x10044d6ac	0x9485b3d4	0x1025ba5fc	0x1025ba5fc	mapped	0x1025ba5fc
System.Linq.Expressions	1848	0x06000739	System.Linq.Expressions.Interpreter.ByRefNewInstruction	Run	0x2050	NoInlining	Public, Final, Virtual, HideBySig	0x10044d6b0	0x97ffd430	0x100442770	0x100442770	mapped	0x100442770
System.Linq.Expressions	1849	0x0600073a	System.Linq.Expressions.Interpreter.NotEqualInstruction	get_ConsumedStack	0x2050	NoInlining	Public, Final, Virtual, HideBySig, SpecialName	0x10044d6b4	0x9485b3e2	0x1025ba63c	0x1025ba63c	mapped	0x1025ba63c
System.Linq.Expressions	1850	0x0600073b	System.Linq.Expressions.Interpreter.NotEqualInstruction	get_ProducedStack	0x2050	NoInlining	Public, Final, Virtual, HideBySig, SpecialName	0x10044d6b8	0x9485b3e3	0x1025ba644	0x1025ba644	mapped	0x1025ba644
System.Linq.Expressions	1851	0x0600073c	System.Linq.Expressions.Interpreter.NotEqualInstruction	get_InstructionName	0x2050	NoInlining	Public, Final, Virtual, HideBySig, SpecialName	0x10044d6bc	0x9485b3e4	0x1025ba64c	0x1025ba64c	mapped	0x1025ba64c
System.Linq.Expressions	1852	0x0600073d	System.Linq.Expressions.Interpreter.NotEqualInstruction	.ctor	0x2050	NoInlining	Private, HideBySig, SpecialName, RTSpecialName	0x10044d6c0	0x9485b3f3	0x1025ba68c	0x1025ba68c	mapped	0x1025ba68c
System.Linq.Expressions	1853	0x0600073e	System.Linq.Expressions.Interpreter.NotEqualInstruction	Create	0x2050	NoInlining	Public, Static, HideBySig	0x10044d6c4	0x9485b3f3	0x1025ba690	0x1025ba690	mapped	0x1025ba690
System.Linq.Expressions	1854	0x0600073f	System.Linq.Expressions.Interpreter.NotEqualInstruction+NotEqualBoolean	Run	0x2050	NoInlining	Public, Final, Virtual, HideBySig	0x10044d6c8	0x9485b517	0x1025bab24	0x1025bab24	mapped	0x1025bab24
System.Linq.Expressions	1855	0x06000740	System.Linq.Expressions.Interpreter.NotEqualInstruction+NotEqualBoolean	.ctor	0x2050	NoInlining	Public, HideBySig, SpecialName, RTSpecialName	0x10044d6cc	0x9485b578	0x1025bacac	0x1025bacac	mapped	0x1025bacac
System.Linq.Expressions	1856	0x06000741	System.Linq.Expressions.Interpreter.NotEqualInstruction+NotEqualSByte	Run	0x2050	NoInlining	Public, Final, Virtual, HideBySig	0x10044d6d0	0x9485b578	0x1025bacb0	0x1025bacb0	mapped	0x1025bacb0
System.Linq.Expressions	1857	0x06000742	System.Linq.Expressions.Interpreter.NotEqualInstruction+NotEqualSByte	.ctor	0x2050	NoInlining	Public, HideBySig, SpecialName, RTSpecialName	0x10044d6d4	0x9485b5d9	0x1025bae38	0x1025bae38	mapped	0x1025bae38
System.Linq.Expressions	1858	0x06000743	System.Linq.Expressions.Interpreter.NotEqualInstruction+NotEqualInt16	Run	0x2050	NoInlining	Public, Final, Virtual, HideBySig	0x10044d6d8	0x9485b5d9	0x1025bae3c	0x1025bae3c	mapped	0x1025bae3c
System.Linq.Expressions	1859	0x06000744	System.Linq.Expressions.Interpreter.NotEqualInstruction+NotEqualInt16	.ctor	0x2050	NoInlining	Public, HideBySig, SpecialName, RTSpecialName	0x10044d6dc	0x9485b63a	0x1025bafc4	0x1025bafc4	mapped	0x1025bafc4
System.Linq.Expressions	1860	0x06000745	System.Linq.Expressions.Interpreter.NotEqualInstruction+NotEqualChar	Run	0x2050	NoInlining	Public, Final, Virtual, HideBySig	0x10044d6e0	0x9485b63a	0x1025bafc8	0x1025bafc8	mapped	0x1025bafc8
System.Linq.Expressions	1861	0x06000746	System.Linq.Expressions.Interpreter.NotEqualInstruction+NotEqualChar	.ctor	0x2050	NoInlining	Public, HideBySig, SpecialName, RTSpecialName	0x10044d6e4	0x9485b69b	0x1025bb150	0x1025bb150	mapped	0x1025bb150
System.Linq.Expressions	1862	0x06000747	System.Linq.Expressions.Interpreter.NotEqualInstruction+NotEqualInt32	Run	0x2050	NoInlining	Public, Final, Virtual, HideBySig	0x10044d6e8	0x9485b69b	0x1025bb154	0x1025bb154	mapped	0x1025bb154
System.Linq.Expressions	1863	0x06000748	System.Linq.Expressions.Interpreter.NotEqualInstruction+NotEqualInt32	.ctor	0x2050	NoInlining	Public, HideBySig, SpecialName, RTSpecialName	0x10044d6ec	0x9485b6fc	0x1025bb2dc	0x1025bb2dc	mapped	0x1025bb2dc
System.Linq.Expressions	1864	0x06000749	System.Linq.Expressions.Interpreter.NotEqualInstruction+NotEqualInt64	Run	0x2050	NoInlining	Public, Final, Virtual, HideBySig	0x10044d6f0	0x9485b6fc	0x1025bb2e0	0x1025bb2e0	mapped	0x1025bb2e0
System.Linq.Expressions	1865	0x0600074a	System.Linq.Expressions.Interpreter.NotEqualInstruction+NotEqualInt64	.ctor	0x2050	NoInlining	Public, HideBySig, SpecialName, RTSpecialName	0x10044d6f4	0x9485b75d	0x1025bb468	0x1025bb468	mapped	0x1025bb468
System.Linq.Expressions	1866	0x0600074b	System.Linq.Expressions.Interpreter.NotEqualInstruction+NotEqualByte	Run	0x2050	NoInlining	Public, Final, Virtual, HideBySig	0x10044d6f8	0x9485b75d	0x1025bb46c	0x1025bb46c	mapped	0x1025bb46c
System.Linq.Expressions	1867	0x0600074c	System.Linq.Expressions.Interpreter.NotEqualInstruction+NotEqualByte	.ctor	0x2050	NoInlining	Public, HideBySig, SpecialName, RTSpecialName	0x10044d6fc	0x9485b7be	0x1025bb5f4	0x1025bb5f4	mapped	0x1025bb5f4
System.Linq.Expressions	1868	0x0600074d	System.Linq.Expressions.Interpreter.NotEqualInstruction+NotEqualUInt16	Run	0x2050	NoInlining	Public, Final, Virtual, HideBySig	0x10044d700	0x9485b7be	0x1025bb5f8	0x1025bb5f8	mapped	0x1025bb5f8
System.Linq.Expressions	1869	0x0600074e	System.Linq.Expressions.Interpreter.NotEqualInstruction+NotEqualUInt16	.ctor	0x2050	NoInlining	Public, HideBySig, SpecialName, RTSpecialName	0x10044d704	0x9485b81f	0x1025bb780	0x1025bb780	mapped	0x1025bb780
System.Linq.Expressions	1870	0x0600074f	System.Linq.Expressions.Interpreter.NotEqualInstruction+NotEqualUInt32	Run	0x2050	NoInlining	Public, Final, Virtual, HideBySig	0x10044d708	0x9485b81f	0x1025bb784	0x1025bb784	mapped	0x1025bb784
System.Linq.Expressions	1871	0x06000750	System.Linq.Expressions.Interpreter.NotEqualInstruction+NotEqualUInt32	.ctor	0x2050	NoInlining	Public, HideBySig, SpecialName, RTSpecialName	0x10044d70c	0x9485b880	0x1025bb90c	0x1025bb90c	mapped	0x1025bb90c
System.Linq.Expressions	1872	0x06000751	System.Linq.Expressions.Interpreter.NotEqualInstruction+NotEqualUInt64	Run	0x2050	NoInlining	Public, Final, Virtual, HideBySig	0x10044d710	0x9485b880	0x1025bb910	0x1025bb910	mapped	0x1025bb910
System.Linq.Expressions	1873	0x06000752	System.Linq.Expressions.Interpreter.NotEqualInstruction+NotEqualUInt64	.ctor	0x2050	NoInlining	Public, HideBySig, SpecialName, RTSpecialName	0x10044d714	0x9485b8e1	0x1025bba98	0x1025bba98	mapped	0x1025bba98
System.Linq.Expressions	1874	0x06000753	System.Linq.Expressions.Interpreter.NotEqualInstruction+NotEqualSingle	Run	0x2050	NoInlining	Public, Final, Virtual, HideBySig	0x10044d718	0x9485b8e1	0x1025bba9c	0x1025bba9c	mapped	0x1025bba9c
System.Linq.Expressions	1875	0x06000754	System.Linq.Expressions.Interpreter.NotEqualInstruction+NotEqualSingle	.ctor	0x2050	NoInlining	Public, HideBySig, SpecialName, RTSpecialName	0x10044d71c	0x9485b942	0x1025bbc24	0x1025bbc24	mapped	0x1025bbc24
System.Linq.Expressions	1876	0x06000755	System.Linq.Expressions.Interpreter.NotEqualInstruction+NotEqualDouble	Run	0x2050	NoInlining	Public, Final, Virtual, HideBySig	0x10044d720	0x9485b942	0x1025bbc28	0x1025bbc28	mapped	0x1025bbc28
System.Linq.Expressions	1877	0x06000756	System.Linq.Expressions.Interpreter.NotEqualInstruction+NotEqualDouble	.ctor	0x2050	NoInlining	Public, HideBySig, SpecialName, RTSpecialName	0x10044d724	0x9485b9a3	0x1025bbdb0	0x1025bbdb0	mapped	0x1025bbdb0
System.Linq.Expressions	1878	0x06000757	System.Linq.Expressions.Interpreter.NotEqualInstruction+NotEqualReference	Run	0x2050	NoInlining	Public, Final, Virtual, HideBySig	0x10044d728	0x9485b9a3	0x1025bbdb4	0x1025bbdb4	mapped	0x1025bbdb4
System.Linq.Expressions	1879	0x06000758	System.Linq.Expressions.Interpreter.NotEqualInstruction+NotEqualReference	.ctor	0x2050	NoInlining	Public, HideBySig, SpecialName, RTSpecialName	0x10044d72c	0x9485b9d3	0x1025bbe78	0x1025bbe78	mapped	0x1025bbe78
System.Linq.Expressions	1880	0x06000759	System.Linq.Expressions.Interpreter.NotEqualInstruction+NotEqualSByteLiftedToNull	Run	0x2050	NoInlining	Public, Final, Virtual, HideBySig	0x10044d730	0x9485b9d3	0x1025bbe7c	0x1025bbe7c	mapped	0x1025bbe7c
System.Linq.Expressions	1881	0x0600075a	System.Linq.Expressions.Interpreter.NotEqualInstruction+NotEqualSByteLiftedToNull	.ctor	0x2050	NoInlining	Public, HideBySig, SpecialName, RTSpecialName	0x10044d734	0x9485ba37	0x1025bc010	0x1025bc010	mapped	0x1025bc010
System.Linq.Expressions	1882	0x0600075b	System.Linq.Expressions.Interpreter.NotEqualInstruction+NotEqualInt16LiftedToNull	Run	0x2050	NoInlining	Public, Final, Virtual, HideBySig	0x10044d738	0x9485ba37	0x1025bc014	0x1025bc014	mapped	0x1025bc014
System.Linq.Expressions	1883	0x0600075c	System.Linq.Expressions.Interpreter.NotEqualInstruction+NotEqualInt16LiftedToNull	.ctor	0x2050	NoInlining	Public, HideBySig, SpecialName, RTSpecialName	0x10044d73c	0x9485ba9b	0x1025bc1a8	0x1025bc1a8	mapped	0x1025bc1a8
System.Linq.Expressions	1884	0x0600075d	System.Linq.Expressions.Interpreter.NotEqualInstruction+NotEqualCharLiftedToNull	Run	0x2050	NoInlining	Public, Final, Virtual, HideBySig	0x10044d740	0x9485ba9b	0x1025bc1ac	0x1025bc1ac	mapped	0x1025bc1ac
System.Linq.Expressions	1885	0x0600075e	System.Linq.Expressions.Interpreter.NotEqualInstruction+NotEqualCharLiftedToNull	.ctor	0x2050	NoInlining	Public, HideBySig, SpecialName, RTSpecialName	0x10044d744	0x9485baff	0x1025bc340	0x1025bc340	mapped	0x1025bc340
System.Linq.Expressions	1886	0x0600075f	System.Linq.Expressions.Interpreter.NotEqualInstruction+NotEqualInt32LiftedToNull	Run	0x2050	NoInlining	Public, Final, Virtual, HideBySig	0x10044d748	0x9485baff	0x1025bc344	0x1025bc344	mapped	0x1025bc344
System.Linq.Expressions	1887	0x06000760	System.Linq.Expressions.Interpreter.NotEqualInstruction+NotEqualInt32LiftedToNull	.ctor	0x2050	NoInlining	Public, HideBySig, SpecialName, RTSpecialName	0x10044d74c	0x9485bb63	0x1025bc4d8	0x1025bc4d8	mapped	0x1025bc4d8
System.Linq.Expressions	1888	0x06000761	System.Linq.Expressions.Interpreter.NotEqualInstruction+NotEqualInt64LiftedToNull	Run	0x2050	NoInlining	Public, Final, Virtual, HideBySig	0x10044d750	0x9485bb63	0x1025bc4dc	0x1025bc4dc	mapped	0x1025bc4dc
System.Linq.Expressions	1889	0x06000762	System.Linq.Expressions.Interpreter.NotEqualInstruction+NotEqualInt64LiftedToNull	.ctor	0x2050	NoInlining	Public, HideBySig, SpecialName, RTSpecialName	0x10044d754	0x9485bbc7	0x1025bc670	0x1025bc670	mapped	0x1025bc670
System.Linq.Expressions	1890	0x06000763	System.Linq.Expressions.Interpreter.NotEqualInstruction+NotEqualByteLiftedToNull	Run	0x2050	NoInlining	Public, Final, Virtual, HideBySig	0x10044d758	0x9485bbc7	0x1025bc674	0x1025bc674	mapped	0x1025bc674
System.Linq.Expressions	1891	0x06000764	System.Linq.Expressions.Interpreter.NotEqualInstruction+NotEqualByteLiftedToNull	.ctor	0x2050	NoInlining	Public, HideBySig, SpecialName, RTSpecialName	0x10044d75c	0x9485bc2b	0x1025bc808	0x1025bc808	mapped	0x1025bc808
System.Linq.Expressions	1892	0x06000765	System.Linq.Expressions.Interpreter.NotEqualInstruction+NotEqualUInt16LiftedToNull	Run	0x2050	NoInlining	Public, Final, Virtual, HideBySig	0x10044d760	0x9485bc2b	0x1025bc80c	0x1025bc80c	mapped	0x1025bc80c
System.Linq.Expressions	1893	0x06000766	System.Linq.Expressions.Interpreter.NotEqualInstruction+NotEqualUInt16LiftedToNull	.ctor	0x2050	NoInlining	Public, HideBySig, SpecialName, RTSpecialName	0x10044d764	0x9485bc8f	0x1025bc9a0	0x1025bc9a0	mapped	0x1025bc9a0
System.Linq.Expressions	1894	0x06000767	System.Linq.Expressions.Interpreter.NotEqualInstruction+NotEqualUInt32LiftedToNull	Run	0x2050	NoInlining	Public, Final, Virtual, HideBySig	0x10044d768	0x9485bc8f	0x1025bc9a4	0x1025bc9a4	mapped	0x1025bc9a4
System.Linq.Expressions	1895	0x06000768	System.Linq.Expressions.Interpreter.NotEqualInstruction+NotEqualUInt32LiftedToNull	.ctor	0x2050	NoInlining	Public, HideBySig, SpecialName, RTSpecialName	0x10044d76c	0x9485bcf3	0x1025bcb38	0x1025bcb38	mapped	0x1025bcb38
System.Linq.Expressions	1896	0x06000769	System.Linq.Expressions.Interpreter.NotEqualInstruction+NotEqualUInt64LiftedToNull	Run	0x2050	NoInlining	Public, Final, Virtual, HideBySig	0x10044d770	0x9485bcf3	0x1025bcb3c	0x1025bcb3c	mapped	0x1025bcb3c
System.Linq.Expressions	1897	0x0600076a	System.Linq.Expressions.Interpreter.NotEqualInstruction+NotEqualUInt64LiftedToNull	.ctor	0x2050	NoInlining	Public, HideBySig, SpecialName, RTSpecialName	0x10044d774	0x9485bd57	0x1025bccd0	0x1025bccd0	mapped	0x1025bccd0
System.Linq.Expressions	1898	0x0600076b	System.Linq.Expressions.Interpreter.NotEqualInstruction+NotEqualSingleLiftedToNull	Run	0x2050	NoInlining	Public, Final, Virtual, HideBySig	0x10044d778	0x9485bd57	0x1025bccd4	0x1025bccd4	mapped	0x1025bccd4
System.Linq.Expressions	1899	0x0600076c	System.Linq.Expressions.Interpreter.NotEqualInstruction+NotEqualSingleLiftedToNull	.ctor	0x2050	NoInlining	Public, HideBySig, SpecialName, RTSpecialName	0x10044d77c	0x9485bdbb	0x1025bce68	0x1025bce68	mapped	0x1025bce68
System.Linq.Expressions	1900	0x0600076d	System.Linq.Expressions.Interpreter.NotEqualInstruction+NotEqualDoubleLiftedToNull	Run	0x2050	NoInlining	Public, Final, Virtual, HideBySig	0x10044d780	0x9485bdbb	0x1025bce6c	0x1025bce6c	mapped	0x1025bce6c
System.Linq.Expressions	1901	0x0600076e	System.Linq.Expressions.Interpreter.NotEqualInstruction+NotEqualDoubleLiftedToNull	.ctor	0x2050	NoInlining	Public, HideBySig, SpecialName, RTSpecialName	0x10044d784	0x9485be1f	0x1025bd000	0x1025bd000	mapped	0x1025bd000
System.Linq.Expressions	1902	0x0600076f	System.Linq.Expressions.Interpreter.NotInstruction	.ctor	0x2050	NoInlining	Private, HideBySig, SpecialName, RTSpecialName	0x10044d788	0x9485be1f	0x1025bd004	0x1025bd004	mapped	0x1025bd004
System.Linq.Expressions	1903	0x06000770	System.Linq.Expressions.Interpreter.NotInstruction	get_ConsumedStack	0x2050	NoInlining	Public, Final, Virtual, HideBySig, SpecialName	0x10044d78c	0x9485be1f	0x1025bd008	0x1025bd008	mapped	0x1025bd008
System.Linq.Expressions	1904	0x06000771	System.Linq.Expressions.Interpreter.NotInstruction	get_ProducedStack	0x2050	NoInlining	Public, Final, Virtual, HideBySig, SpecialName	0x10044d790	0x9485be20	0x1025bd010	0x1025bd010	mapped	0x1025bd010
System.Linq.Expressions	1905	0x06000772	System.Linq.Expressions.Interpreter.NotInstruction	get_InstructionName	0x2050	NoInlining	Public, Final, Virtual, HideBySig, SpecialName	0x10044d794	0x9485be21	0x1025bd018	0x1025bd018	mapped	0x1025bd018
System.Linq.Expressions	1906	0x06000773	System.Linq.Expressions.Interpreter.NotInstruction	Create	0x2050	NoInlining	Public, Static, HideBySig	0x10044d798	0x9485be30	0x1025bd058	0x1025bd058	mapped	0x1025bd058
System.Linq.Expressions	1907	0x06000774	System.Linq.Expressions.Interpreter.NotInstruction+NotBoolean	Run	0x2050	NoInlining	Public, Final, Virtual, HideBySig	0x10044d79c	0x9485bea3	0x1025bd228	0x1025bd228	mapped	0x1025bd228
System.Linq.Expressions	1908	0x06000775	System.Linq.Expressions.Interpreter.NotInstruction+NotBoolean	.ctor	0x2050	NoInlining	Public, HideBySig, SpecialName, RTSpecialName	0x10044d7a0	0x9485beef	0x1025bd35c	0x1025bd35c	mapped	0x1025bd35c
System.Linq.Expressions	1909	0x06000776	System.Linq.Expressions.Interpreter.NotInstruction+NotInt64	Run	0x2050	NoInlining	Public, Final, Virtual, HideBySig	0x10044d7a4	0x9485beef	0x1025bd360	0x1025bd360	mapped	0x1025bd360
System.Linq.Expressions	1910	0x06000777	System.Linq.Expressions.Interpreter.NotInstruction+NotInt64	.ctor	0x2050	NoInlining	Public, HideBySig, SpecialName, RTSpecialName	0x10044d7a8	0x9485bf46	0x1025bd4c0	0x1025bd4c0	mapped	0x1025bd4c0
System.Linq.Expressions	1911	0x06000778	System.Linq.Expressions.Interpreter.NotInstruction+NotInt32	Run	0x2050	NoInlining	Public, Final, Virtual, HideBySig	0x10044d7ac	0x9485bf46	0x1025bd4c4	0x1025bd4c4	mapped	0x1025bd4c4
System.Linq.Expressions	1912	0x06000779	System.Linq.Expressions.Interpreter.NotInstruction+NotInt32	.ctor	0x2050	NoInlining	Public, HideBySig, SpecialName, RTSpecialName	0x10044d7b0	0x9485bf91	0x1025bd5f4	0x1025bd5f4	mapped	0x1025bd5f4
System.Linq.Expressions	1913	0x0600077a	System.Linq.Expressions.Interpreter.NotInstruction+NotInt16	Run	0x2050	NoInlining	Public, Final, Virtual, HideBySig	0x10044d7b4	0x9485bf91	0x1025bd5f8	0x1025bd5f8	mapped	0x1025bd5f8
System.Linq.Expressions	1914	0x0600077b	System.Linq.Expressions.Interpreter.NotInstruction+NotInt16	.ctor	0x2050	NoInlining	Public, HideBySig, SpecialName, RTSpecialName	0x10044d7b8	0x9485bfdc	0x1025bd728	0x1025bd728	mapped	0x1025bd728
System.Linq.Expressions	1915	0x0600077c	System.Linq.Expressions.Interpreter.NotInstruction+NotUInt64	Run	0x2050	NoInlining	Public, Final, Virtual, HideBySig	0x10044d7bc	0x9485bfdc	0x1025bd72c	0x1025bd72c	mapped	0x1025bd72c
System.Linq.Expressions	1916	0x0600077d	System.Linq.Expressions.Interpreter.NotInstruction+NotUInt64	.ctor	0x2050	NoInlining	Public, HideBySig, SpecialName, RTSpecialName	0x10044d7c0	0x9485c033	0x1025bd88c	0x1025bd88c	mapped	0x1025bd88c
System.Linq.Expressions	1917	0x0600077e	System.Linq.Expressions.Interpreter.NotInstruction+NotUInt32	Run	0x2050	NoInlining	Public, Final, Virtual, HideBySig	0x10044d7c4	0x9485c033	0x1025bd890	0x1025bd890	mapped	0x1025bd890
System.Linq.Expressions	1918	0x0600077f	System.Linq.Expressions.Interpreter.NotInstruction+NotUInt32	.ctor	0x2050	NoInlining	Public, HideBySig, SpecialName, RTSpecialName	0x10044d7c8	0x9485c08a	0x1025bd9f0	0x1025bd9f0	mapped	0x1025bd9f0
System.Linq.Expressions	1919	0x06000780	System.Linq.Expressions.Interpreter.NotInstruction+NotUInt16	Run	0x2050	NoInlining	Public, Final, Virtual, HideBySig	0x10044d7cc	0x9485c08a	0x1025bd9f4	0x1025bd9f4	mapped	0x1025bd9f4
System.Linq.Expressions	1920	0x06000781	System.Linq.Expressions.Interpreter.NotInstruction+NotUInt16	.ctor	0x2050	NoInlining	Public, HideBySig, SpecialName, RTSpecialName	0x10044d7d0	0x9485c0d5	0x1025bdb24	0x1025bdb24	mapped	0x1025bdb24
System.Linq.Expressions	1921	0x06000782	System.Linq.Expressions.Interpreter.NotInstruction+NotByte	Run	0x2050	NoInlining	Public, Final, Virtual, HideBySig	0x10044d7d4	0x9485c0d5	0x1025bdb28	0x1025bdb28	mapped	0x1025bdb28
System.Linq.Expressions	1922	0x06000783	System.Linq.Expressions.Interpreter.NotInstruction+NotByte	.ctor	0x2050	NoInlining	Public, HideBySig, SpecialName, RTSpecialName	0x10044d7d8	0x9485c120	0x1025bdc58	0x1025bdc58	mapped	0x1025bdc58
System.Linq.Expressions	1923	0x06000784	System.Linq.Expressions.Interpreter.NotInstruction+NotSByte	Run	0x2050	NoInlining	Public, Final, Virtual, HideBySig	0x10044d7dc	0x9485c120	0x1025bdc5c	0x1025bdc5c	mapped	0x1025bdc5c
System.Linq.Expressions	1924	0x06000785	System.Linq.Expressions.Interpreter.NotInstruction+NotSByte	.ctor	0x2050	NoInlining	Public, HideBySig, SpecialName, RTSpecialName	0x10044d7e0	0x9485c16b	0x1025bdd8c	0x1025bdd8c	mapped	0x1025bdd8c
System.Linq.Expressions	1925	0x06000786	System.Linq.Expressions.Interpreter.NumericConvertInstruction	.ctor	0x2050	NoInlining	Family, HideBySig, SpecialName, RTSpecialName	0x10044d7e4	0x9485c16b	0x1025bdd90	0x1025bdd90	mapped	0x1025bdd90
System.Linq.Expressions	1926	0x06000787	System.Linq.Expressions.Interpreter.NumericConvertInstruction	Run	0x2050	NoInlining	Public, Final, Virtual, HideBySig	0x10044d7e8	0x9485c174	0x1025bddb8	0x1025bddb8	mapped	0x1025bddb8
System.Linq.Expressions	1927	0x06000788	System.Linq.Expressions.Interpreter.NumericConvertInstruction	Convert	0x0	NoInlining	Family, Virtual, HideBySig, VtableLayoutMask, Abstract	0x10044d7ec	0x97fff879	0x10044b9d0		absent	0x10044b9d0
System.Linq.Expressions	1928	0x06000789	System.Linq.Expressions.Interpreter.NumericConvertInstruction	get_InstructionName	0x2050	NoInlining	Public, Virtual, HideBySig, SpecialName	0x10044d7f0	0x9485c1ca	0x1025bdf18	0x1025bdf18	mapped	0x1025bdf18
System.Linq.Expressions	1929	0x0600078a	System.Linq.Expressions.Interpreter.NumericConvertInstruction	get_ConsumedStack	0x2050	NoInlining	Public, Final, Virtual, HideBySig, SpecialName	0x10044d7f4	0x9485c1d9	0x1025bdf58	0x1025bdf58	mapped	0x1025bdf58
System.Linq.Expressions	1930	0x0600078b	System.Linq.Expressions.Interpreter.NumericConvertInstruction	get_ProducedStack	0x2050	NoInlining	Public, Final, Virtual, HideBySig, SpecialName	0x10044d7f8	0x9485c1da	0x1025bdf60	0x1025bdf60	mapped	0x1025bdf60
System.Linq.Expressions	1931	0x0600078c	System.Linq.Expressions.Interpreter.NumericConvertInstruction	ToString	0x2050	NoInlining	Public, Final, Virtual, HideBySig	0x10044d7fc	0x9485c1db	0x1025bdf68	0x1025bdf68	mapped	0x1025bdf68
System.Linq.Expressions	1932	0x0600078d	System.Linq.Expressions.Interpreter.NumericConvertInstruction+Unchecked	get_InstructionName	0x2050	NoInlining	Public, Final, Virtual, HideBySig, SpecialName	0x10044d800	0x9485c22a	0x1025be0a8	0x1025be0a8	mapped	0x1025be0a8
System.Linq.Expressions	1933	0x0600078e	System.Linq.Expressions.Interpreter.NumericConvertInstruction+Unchecked	.ctor	0x2050	NoInlining	Public, HideBySig, SpecialName, RTSpecialName	0x10044d804	0x9485c239	0x1025be0e8	0x1025be0e8	mapped	0x1025be0e8
System.Linq.Expressions	1934	0x0600078f	System.Linq.Expressions.Interpreter.NumericConvertInstruction+Unchecked	Convert	0x2050	NoInlining	Family, Final, Virtual, HideBySig	0x10044d808	0x9485c242	0x1025be110	0x1025be110	mapped	0x1025be110
System.Linq.Expressions	1935	0x06000790	System.Linq.Expressions.Interpreter.NumericConvertInstruction+Unchecked	ConvertInt32	0x2050	NoInlining	Private, HideBySig	0x10044d80c	0x9485c367	0x1025be5a8	0x1025be5a8	mapped	0x1025be5a8
System.Linq.Expressions	1936	0x06000791	System.Linq.Expressions.Interpreter.NumericConvertInstruction+Unchecked	ConvertInt64	0x2050	NoInlining	Private, HideBySig	0x10044d810	0x9485c3dc	0x1025be780	0x1025be780	mapped	0x1025be780
System.Linq.Expressions	1937	0x06000792	System.Linq.Expressions.Interpreter.NumericConvertInstruction+Unchecked	ConvertUInt64	0x2050	NoInlining	Private, HideBySig	0x10044d814	0x9485c447	0x1025be930	0x1025be930	mapped	0x1025be930
System.Linq.Expressions	1938	0x06000793	System.Linq.Expressions.Interpreter.NumericConvertInstruction+Unchecked	ConvertDouble	0x2050	NoInlining	Private, HideBySig	0x10044d818	0x9485c4af	0x1025bead4	0x1025bead4	mapped	0x1025bead4
System.Linq.Expressions	1939	0x06000794	System.Linq.Expressions.Interpreter.NumericConvertInstruction+Checked	get_InstructionName	0x2050	NoInlining	Public, Final, Virtual, HideBySig, SpecialName	0x10044d81c	0x9485c529	0x1025becc0	0x1025becc0	mapped	0x1025becc0
System.Linq.Expressions	1940	0x06000795	System.Linq.Expressions.Interpreter.NumericConvertInstruction+Checked	.ctor	0x2050	NoInlining	Public, HideBySig, SpecialName, RTSpecialName	0x10044d820	0x9485c538	0x1025bed00	0x1025bed00	mapped	0x1025bed00
System.Linq.Expressions	1941	0x06000796	System.Linq.Expressions.Interpreter.NumericConvertInstruction+Checked	Convert	0x2050	NoInlining	Family, Final, Virtual, HideBySig	0x10044d824	0x9485c541	0x1025bed28	0x1025bed28	mapped	0x1025bed28
System.Linq.Expressions	1942	0x06000797	System.Linq.Expressions.Interpreter.NumericConvertInstruction+Checked	ConvertInt32	0x2050	NoInlining	Private, HideBySig	0x10044d828	0x9485c666	0x1025bf1c0	0x1025bf1c0	mapped	0x1025bf1c0
System.Linq.Expressions	1943	0x06000798	System.Linq.Expressions.Interpreter.NumericConvertInstruction+Checked	ConvertInt64	0x2050	NoInlining	Private, HideBySig	0x10044d82c	0x9485c709	0x1025bf450	0x1025bf450	mapped	0x1025bf450
System.Linq.Expressions	1944	0x06000799	System.Linq.Expressions.Interpreter.NumericConvertInstruction+Checked	ConvertUInt64	0x2050	NoInlining	Private, HideBySig	0x10044d830	0x9485c7b4	0x1025bf700	0x1025bf700	mapped	0x1025bf700
System.Linq.Expressions	1945	0x0600079a	System.Linq.Expressions.Interpreter.NumericConvertInstruction+Checked	ConvertDouble	0x2050	NoInlining	Private, HideBySig	0x10044d834	0x9485c845	0x1025bf948	0x1025bf948	mapped	0x1025bf948
System.Linq.Expressions	1946	0x0600079b	System.Linq.Expressions.Interpreter.NumericConvertInstruction+ToUnderlying	get_InstructionName	0x2050	NoInlining	Public, Final, Virtual, HideBySig, SpecialName	0x10044d838	0x9485c906	0x1025bfc50	0x1025bfc50	mapped	0x1025bfc50
System.Linq.Expressions	1947	0x0600079c	System.Linq.Expressions.Interpreter.NumericConvertInstruction+ToUnderlying	.ctor	0x2050	NoInlining	Public, HideBySig, SpecialName, RTSpecialName	0x10044d83c	0x9485c915	0x1025bfc90	0x1025bfc90	mapped	0x1025bfc90
System.Linq.Expressions	1948	0x0600079d	System.Linq.Expressions.Interpreter.NumericConvertInstruction+ToUnderlying	Convert	0x2050	NoInlining	Family, Final, Virtual, HideBySig	0x10044d840	0x9485c91e	0x1025bfcb8	0x1025bfcb8	mapped	0x1025bfcb8
System.Linq.Expressions	1949	0x0600079e	System.Linq.Expressions.Interpreter.NullCheckInstruction	.ctor	0x2050	NoInlining	Private, HideBySig, SpecialName, RTSpecialName	0x10044d844	0x9485ca32	0x1025c010c	0x1025c010c	mapped	0x1025c010c
System.Linq.Expressions	1950	0x0600079f	System.Linq.Expressions.Interpreter.NullCheckInstruction	get_ConsumedStack	0x2050	NoInlining	Public, Final, Virtual, HideBySig, SpecialName	0x10044d848	0x9485ca3f	0x1025c0144	0x1025c0144	mapped	0x1025c0144
System.Linq.Expressions	1951	0x060007a0	System.Linq.Expressions.Interpreter.NullCheckInstruction	get_ProducedStack	0x2050	NoInlining	Public, Final, Virtual, HideBySig, SpecialName	0x10044d84c	0x9485ca40	0x1025c014c	0x1025c014c	mapped	0x1025c014c
System.Linq.Expressions	1952	0x060007a1	System.Linq.Expressions.Interpreter.NullCheckInstruction	get_InstructionName	0x2050	NoInlining	Public, Final, Virtual, HideBySig, SpecialName	0x10044d850	0x9485ca41	0x1025c0154	0x1025c0154	mapped	0x1025c0154
System.Linq.Expressions	1953	0x060007a2	System.Linq.Expressions.Interpreter.NullCheckInstruction	Run	0x2050	NoInlining	Public, Final, Virtual, HideBySig	0x10044d854	0x9485ca50	0x1025c0194	0x1025c0194	mapped	0x1025c0194
System.Linq.Expressions	1954	0x060007a3	System.Linq.Expressions.Interpreter.NullCheckInstruction	.cctor	0x2050	NoInlining	Private, Static, HideBySig, SpecialName, RTSpecialName	0x10044d858	0x9485ca6d	0x1025c020c	0x1025c020c	mapped	0x1025c020c
System.Linq.Expressions	1955	0x060007a4	System.Linq.Expressions.Interpreter.OrInstruction	get_ConsumedStack	0x2050	NoInlining	Public, Final, Virtual, HideBySig, SpecialName	0x10044d85c	0x9485ca88	0x1025c027c	0x1025c027c	mapped	0x1025c027c
System.Linq.Expressions	1956	0x060007a5	System.Linq.Expressions.Interpreter.OrInstruction	get_ProducedStack	0x2050	NoInlining	Public, Final, Virtual, HideBySig, SpecialName	0x10044d860	0x9485ca89	0x1025c0284	0x1025c0284	mapped	0x1025c0284
System.Linq.Expressions	1957	0x060007a6	System.Linq.Expressions.Interpreter.OrInstruction	get_InstructionName	0x2050	NoInlining	Public, Final, Virtual, HideBySig, SpecialName	0x10044d864	0x9485ca8a	0x1025c028c	0x1025c028c	mapped	0x1025c028c
System.Linq.Expressions	1958	0x060007a7	System.Linq.Expressions.Interpreter.OrInstruction	.ctor	0x2050	NoInlining	Private, HideBySig, SpecialName, RTSpecialName	0x10044d868	0x9485ca99	0x1025c02cc	0x1025c02cc	mapped	0x1025c02cc
System.Linq.Expressions	1959	0x060007a8	System.Linq.Expressions.Interpreter.OrInstruction	Create	0x2050	NoInlining	Public, Static, HideBySig	0x10044d86c	0x9485ca99	0x1025c02d0	0x1025c02d0	mapped	0x1025c02d0
System.Linq.Expressions	1960	0x060007a9	System.Linq.Expressions.Interpreter.OrInstruction+OrSByte	Run	0x2050	NoInlining	Public, Final, Virtual, HideBySig	0x10044d870	0x9485cb0c	0x1025c04a0	0x1025c04a0	mapped	0x1025c04a0
System.Linq.Expressions	1961	0x060007aa	System.Linq.Expressions.Interpreter.OrInstruction+OrSByte	.ctor	0x2050	NoInlining	Public, HideBySig, SpecialName, RTSpecialName	0x10044d874	0x9485cb6f	0x1025c0630	0x1025c0630	mapped	0x1025c0630
System.Linq.Expressions	1962	0x060007ab	System.Linq.Expressions.Interpreter.OrInstruction+OrInt16	Run	0x2050	NoInlining	Public, Final, Virtual, HideBySig	0x10044d878	0x9485cb6f	0x1025c0634	0x1025c0634	mapped	0x1025c0634
System.Linq.Expressions	1963	0x060007ac	System.Linq.Expressions.Interpreter.OrInstruction+OrInt16	.ctor	0x2050	NoInlining	Public, HideBySig, SpecialName, RTSpecialName	0x10044d87c	0x9485cbd2	0x1025c07c4	0x1025c07c4	mapped	0x1025c07c4
System.Linq.Expressions	1964	0x060007ad	System.Linq.Expressions.Interpreter.OrInstruction+OrInt32	Run	0x2050	NoInlining	Public, Final, Virtual, HideBySig	0x10044d880	0x9485cbd2	0x1025c07c8	0x1025c07c8	mapped	0x1025c07c8
System.Linq.Expressions	1965	0x060007ae	System.Linq.Expressions.Interpreter.OrInstruction+OrInt32	.ctor	0x2050	NoInlining	Public, HideBySig, SpecialName, RTSpecialName	0x10044d884	0x9485cc35	0x1025c0958	0x1025c0958	mapped	0x1025c0958
System.Linq.Expressions	1966	0x060007af	System.Linq.Expressions.Interpreter.OrInstruction+OrInt64	Run	0x2050	NoInlining	Public, Final, Virtual, HideBySig	0x10044d888	0x9485cc35	0x1025c095c	0x1025c095c	mapped	0x1025c095c
System.Linq.Expressions	1967	0x060007b0	System.Linq.Expressions.Interpreter.OrInstruction+OrInt64	.ctor	0x2050	NoInlining	Public, HideBySig, SpecialName, RTSpecialName	0x10044d88c	0x9485cca4	0x1025c0b1c	0x1025c0b1c	mapped	0x1025c0b1c
System.Linq.Expressions	1968	0x060007b1	System.Linq.Expressions.Interpreter.OrInstruction+OrByte	Run	0x2050	NoInlining	Public, Final, Virtual, HideBySig	0x10044d890	0x9485cca4	0x1025c0b20	0x1025c0b20	mapped	0x1025c0b20
System.Linq.Expressions	1969	0x060007b2	System.Linq.Expressions.Interpreter.OrInstruction+OrByte	.ctor	0x2050	NoInlining	Public, HideBySig, SpecialName, RTSpecialName	0x10044d894	0x9485cd07	0x1025c0cb0	0x1025c0cb0	mapped	0x1025c0cb0
System.Linq.Expressions	1970	0x060007b3	System.Linq.Expressions.Interpreter.OrInstruction+OrUInt16	Run	0x2050	NoInlining	Public, Final, Virtual, HideBySig	0x10044d898	0x9485cd07	0x1025c0cb4	0x1025c0cb4	mapped	0x1025c0cb4
System.Linq.Expressions	1971	0x060007b4	System.Linq.Expressions.Interpreter.OrInstruction+OrUInt16	.ctor	0x2050	NoInlining	Public, HideBySig, SpecialName, RTSpecialName	0x10044d89c	0x9485cd6a	0x1025c0e44	0x1025c0e44	mapped	0x1025c0e44
System.Linq.Expressions	1972	0x060007b5	System.Linq.Expressions.Interpreter.OrInstruction+OrUInt32	Run	0x2050	NoInlining	Public, Final, Virtual, HideBySig	0x10044d8a0	0x9485cd6a	0x1025c0e48	0x1025c0e48	mapped	0x1025c0e48
System.Linq.Expressions	1973	0x060007b6	System.Linq.Expressions.Interpreter.OrInstruction+OrUInt32	.ctor	0x2050	NoInlining	Public, HideBySig, SpecialName, RTSpecialName	0x10044d8a4	0x9485cdd9	0x1025c1008	0x1025c1008	mapped	0x1025c1008
System.Linq.Expressions	1974	0x060007b7	System.Linq.Expressions.Interpreter.OrInstruction+OrUInt64	Run	0x2050	NoInlining	Public, Final, Virtual, HideBySig	0x10044d8a8	0x9485cdd9	0x1025c100c	0x1025c100c	mapped	0x1025c100c
System.Linq.Expressions	1975	0x060007b8	System.Linq.Expressions.Interpreter.OrInstruction+OrUInt64	.ctor	0x2050	NoInlining	Public, HideBySig, SpecialName, RTSpecialName	0x10044d8ac	0x9485ce48	0x1025c11cc	0x1025c11cc	mapped	0x1025c11cc
System.Linq.Expressions	1976	0x060007b9	System.Linq.Expressions.Interpreter.OrInstruction+OrBoolean	Run	0x2050	NoInlining	Public, Final, Virtual, HideBySig	0x10044d8b0	0x9485ce48	0x1025c11d0	0x1025c11d0	mapped	0x1025c11d0
System.Linq.Expressions	1977	0x060007ba	System.Linq.Expressions.Interpreter.OrInstruction+OrBoolean	.ctor	0x2050	NoInlining	Public, HideBySig, SpecialName, RTSpecialName	0x10044d8b4	0x9485ced3	0x1025c1400	0x1025c1400	mapped	0x1025c1400
System.Linq.Expressions	1978	0x060007bb	System.Linq.Expressions.Interpreter.RightShiftInstruction	get_ConsumedStack	0x2050	NoInlining	Public, Final, Virtual, HideBySig, SpecialName	0x10044d8b8	0x9485ced3	0x1025c1404	0x1025c1404	mapped	0x1025c1404
System.Linq.Expressions	1979	0x060007bc	System.Linq.Expressions.Interpreter.RightShiftInstruction	get_ProducedStack	0x2050	NoInlining	Public, Final, Virtual, HideBySig, SpecialName	0x10044d8bc	0x9485ced4	0x1025c140c	0x1025c140c	mapped	0x1025c140c
System.Linq.Expressions	1980	0x060007bd	System.Linq.Expressions.Interpreter.RightShiftInstruction	get_InstructionName	0x2050	NoInlining	Public, Final, Virtual, HideBySig, SpecialName	0x10044d8c0	0x9485ced5	0x1025c1414	0x1025c1414	mapped	0x1025c1414
System.Linq.Expressions	1981	0x060007be	System.Linq.Expressions.Interpreter.RightShiftInstruction	.ctor	0x2050	NoInlining	Private, HideBySig, SpecialName, RTSpecialName	0x10044d8c4	0x9485cee4	0x1025c1454	0x1025c1454	mapped	0x1025c1454
System.Linq.Expressions	1982	0x060007bf	System.Linq.Expressions.Interpreter.RightShiftInstruction	Create	0x2050	NoInlining	Public, Static, HideBySig	0x10044d8c8	0x9485cee4	0x1025c1458	0x1025c1458	mapped	0x1025c1458
System.Linq.Expressions	1983	0x060007c0	System.Linq.Expressions.Interpreter.RightShiftInstruction+RightShiftSByte	Run	0x2050	NoInlining	Public, Final, Virtual, HideBySig	0x10044d8cc	0x9485cf4f	0x1025c1608	0x1025c1608	mapped	0x1025c1608
System.Linq.Expressions	1984	0x060007c1	System.Linq.Expressions.Interpreter.RightShiftInstruction+RightShiftSByte	.ctor	0x2050	NoInlining	Public, HideBySig, SpecialName, RTSpecialName	0x10044d8d0	0x9485cfb4	0x1025c17a0	0x1025c17a0	mapped	0x1025c17a0
System.Linq.Expressions	1985	0x060007c2	System.Linq.Expressions.Interpreter.RightShiftInstruction+RightShiftInt16	Run	0x2050	NoInlining	Public, Final, Virtual, HideBySig	0x10044d8d4	0x9485cfb4	0x1025c17a4	0x1025c17a4	mapped	0x1025c17a4
System.Linq.Expressions	1986	0x060007c3	System.Linq.Expressions.Interpreter.RightShiftInstruction+RightShiftInt16	.ctor	0x2050	NoInlining	Public, HideBySig, SpecialName, RTSpecialName	0x10044d8d8	0x9485d019	0x1025c193c	0x1025c193c	mapped	0x1025c193c
System.Linq.Expressions	1987	0x060007c4	System.Linq.Expressions.Interpreter.RightShiftInstruction+RightShiftInt32	Run	0x2050	NoInlining	Public, Final, Virtual, HideBySig	0x10044d8dc	0x9485d019	0x1025c1940	0x1025c1940	mapped	0x1025c1940
System.Linq.Expressions	1988	0x060007c5	System.Linq.Expressions.Interpreter.RightShiftInstruction+RightShiftInt32	.ctor	0x2050	NoInlining	Public, HideBySig, SpecialName, RTSpecialName	0x10044d8e0	0x9485d07c	0x1025c1ad0	0x1025c1ad0	mapped	0x1025c1ad0
System.Linq.Expressions	1989	0x060007c6	System.Linq.Expressions.Interpreter.RightShiftInstruction+RightShiftInt64	Run	0x2050	NoInlining	Public, Final, Virtual, HideBySig	0x10044d8e4	0x9485d07c	0x1025c1ad4	0x1025c1ad4	mapped	0x1025c1ad4
System.Linq.Expressions	1990	0x060007c7	System.Linq.Expressions.Interpreter.RightShiftInstruction+RightShiftInt64	.ctor	0x2050	NoInlining	Public, HideBySig, SpecialName, RTSpecialName	0x10044d8e8	0x9485d0ed	0x1025c1c9c	0x1025c1c9c	mapped	0x1025c1c9c
System.Linq.Expressions	1991	0x060007c8	System.Linq.Expressions.Interpreter.RightShiftInstruction+RightShiftByte	Run	0x2050	NoInlining	Public, Final, Virtual, HideBySig	0x10044d8ec	0x9485d0ed	0x1025c1ca0	0x1025c1ca0	mapped	0x1025c1ca0
System.Linq.Expressions	1992	0x060007c9	System.Linq.Expressions.Interpreter.RightShiftInstruction+RightShiftByte	.ctor	0x2050	NoInlining	Public, HideBySig, SpecialName, RTSpecialName	0x10044d8f0	0x9485d152	0x1025c1e38	0x1025c1e38	mapped	0x1025c1e38
System.Linq.Expressions	1993	0x060007ca	System.Linq.Expressions.Interpreter.RightShiftInstruction+RightShiftUInt16	Run	0x2050	NoInlining	Public, Final, Virtual, HideBySig	0x10044d8f4	0x9485d152	0x1025c1e3c	0x1025c1e3c	mapped	0x1025c1e3c
System.Linq.Expressions	1994	0x060007cb	System.Linq.Expressions.Interpreter.RightShiftInstruction+RightShiftUInt16	.ctor	0x2050	NoInlining	Public, HideBySig, SpecialName, RTSpecialName	0x10044d8f8	0x9485d1b7	0x1025c1fd4	0x1025c1fd4	mapped	0x1025c1fd4
System.Linq.Expressions	1995	0x060007cc	System.Linq.Expressions.Interpreter.RightShiftInstruction+RightShiftUInt32	Run	0x2050	NoInlining	Public, Final, Virtual, HideBySig	0x10044d8fc	0x9485d1b7	0x1025c1fd8	0x1025c1fd8	mapped	0x1025c1fd8
System.Linq.Expressions	1996	0x060007cd	System.Linq.Expressions.Interpreter.RightShiftInstruction+RightShiftUInt32	.ctor	0x2050	NoInlining	Public, HideBySig, SpecialName, RTSpecialName	0x10044d900	0x9485d228	0x1025c21a0	0x1025c21a0	mapped	0x1025c21a0
System.Linq.Expressions	1997	0x060007ce	System.Linq.Expressions.Interpreter.RightShiftInstruction+RightShiftUInt64	Run	0x2050	NoInlining	Public, Final, Virtual, HideBySig	0x10044d904	0x9485d228	0x1025c21a4	0x1025c21a4	mapped	0x1025c21a4
System.Linq.Expressions	1998	0x060007cf	System.Linq.Expressions.Interpreter.RightShiftInstruction+RightShiftUInt64	.ctor	0x2050	NoInlining	Public, HideBySig, SpecialName, RTSpecialName	0x10044d908	0x9485d299	0x1025c236c	0x1025c236c	mapped	0x1025c236c
System.Linq.Expressions	1999	0x060007d0	System.Linq.Expressions.Interpreter.RuntimeVariables	.ctor	0x2050	NoInlining	Private, HideBySig, SpecialName, RTSpecialName	0x10044d90c	0x9485d299	0x1025c2370	0x1025c2370	mapped	0x1025c2370
System.Linq.Expressions	2000	0x060007d1	System.Linq.Expressions.Interpreter.RuntimeVariables	Create	0x2050	NoInlining	Assembly, Static, HideBySig	0x10044d910	0x9485d2a8	0x1025c23b0	0x1025c23b0	mapped	0x1025c23b0
System.Linq.Expressions	2001	0x060007d2	System.Linq.Expressions.Interpreter.LoadObjectInstruction	.ctor	0x2050	NoInlining	Assembly, HideBySig, SpecialName, RTSpecialName	0x10044d914	0x9485d2ca	0x1025c243c	0x1025c243c	mapped	0x1025c243c
System.Linq.Expressions	2002	0x060007d3	System.Linq.Expressions.Interpreter.LoadObjectInstruction	get_ProducedStack	0x2050	NoInlining	Public, Final, Virtual, HideBySig, SpecialName	0x10044d918	0x9485d2d9	0x1025c247c	0x1025c247c	mapped	0x1025c247c
System.Linq.Expressions	2003	0x060007d4	System.Linq.Expressions.Interpreter.LoadObjectInstruction	get_InstructionName	0x2050	NoInlining	Public, Final, Virtual, HideBySig, SpecialName	0x10044d91c	0x9485d2da	0x1025c2484	0x1025c2484	mapped	0x1025c2484
System.Linq.Expressions	2004	0x060007d5	System.Linq.Expressions.Interpreter.LoadObjectInstruction	Run	0x2050	NoInlining	Public, Final, Virtual, HideBySig	0x10044d920	0x9485d2e9	0x1025c24c4	0x1025c24c4	mapped	0x1025c24c4
System.Linq.Expressions	2005	0x060007d6	System.Linq.Expressions.Interpreter.LoadObjectInstruction	ToString	0x2050	NoInlining	Public, Final, Virtual, HideBySig	0x10044d924	0x9485d30b	0x1025c2550	0x1025c2550	mapped	0x1025c2550
System.Linq.Expressions	2006	0x060007d7	System.Linq.Expressions.Interpreter.LoadCachedObjectInstruction	.ctor	0x2050	NoInlining	Assembly, HideBySig, SpecialName, RTSpecialName	0x10044d928	0x9485d339	0x1025c260c	0x1025c260c	mapped	0x1025c260c
System.Linq.Expressions	2007	0x060007d8	System.Linq.Expressions.Interpreter.LoadCachedObjectInstruction	get_ProducedStack	0x2050	NoInlining	Public, Final, Virtual, HideBySig, SpecialName	0x10044d92c	0x9485d341	0x1025c2630	0x1025c2630	mapped	0x1025c2630
System.Linq.Expressions	2008	0x060007d9	System.Linq.Expressions.Interpreter.LoadCachedObjectInstruction	get_InstructionName	0x2050	NoInlining	Public, Final, Virtual, HideBySig, SpecialName	0x10044d930	0x9485d342	0x1025c2638	0x1025c2638	mapped	0x1025c2638
System.Linq.Expressions	2009	0x060007da	System.Linq.Expressions.Interpreter.LoadCachedObjectInstruction	Run	0x2050	NoInlining	Public, Final, Virtual, HideBySig	0x10044d934	0x9485d351	0x1025c2678	0x1025c2678	mapped	0x1025c2678
System.Linq.Expressions	2010	0x060007db	System.Linq.Expressions.Interpreter.LoadCachedObjectInstruction	ToString	0x2050	NoInlining	Public, Final, Virtual, HideBySig	0x10044d938	0x9485d388	0x1025c2758	0x1025c2758	mapped	0x1025c2758
System.Linq.Expressions	2011	0x060007dc	System.Linq.Expressions.Interpreter.PopInstruction	.ctor	0x2050	NoInlining	Private, HideBySig, SpecialName, RTSpecialName	0x10044d93c	0x9485d3ad	0x1025c27f0	0x1025c27f0	mapped	0x1025c27f0
System.Linq.Expressions	2012	0x060007dd	System.Linq.Expressions.Interpreter.PopInstruction	get_ConsumedStack	0x2050	NoInlining	Public, Final, Virtual, HideBySig, SpecialName	0x10044d940	0x9485d3ba	0x1025c2828	0x1025c2828	mapped	0x1025c2828
System.Linq.Expressions	2013	0x060007de	System.Linq.Expressions.Interpreter.PopInstruction	get_InstructionName	0x2050	NoInlining	Public, Final, Virtual, HideBySig, SpecialName	0x10044d944	0x9485d3bb	0x1025c2830	0x1025c2830	mapped	0x1025c2830
System.Linq.Expressions	2014	0x060007df	System.Linq.Expressions.Interpreter.PopInstruction	Run	0x2050	NoInlining	Public, Final, Virtual, HideBySig	0x10044d948	0x9485d3ca	0x1025c2870	0x1025c2870	mapped	0x1025c2870
System.Linq.Expressions	2015	0x060007e0	System.Linq.Expressions.Interpreter.PopInstruction	.cctor	0x2050	NoInlining	Private, Static, HideBySig, SpecialName, RTSpecialName	0x10044d94c	0x9485d3e1	0x1025c28d0	0x1025c28d0	mapped	0x1025c28d0
System.Linq.Expressions	2016	0x060007e1	System.Linq.Expressions.Interpreter.DupInstruction	.ctor	0x2050	NoInlining	Private, HideBySig, SpecialName, RTSpecialName	0x10044d950	0x9485d3fc	0x1025c2940	0x1025c2940	mapped	0x1025c2940
System.Linq.Expressions	2017	0x060007e2	System.Linq.Expressions.Interpreter.DupInstruction	get_ProducedStack	0x2050	NoInlining	Public, Final, Virtual, HideBySig, SpecialName	0x10044d954	0x9485d409	0x1025c2978	0x1025c2978	mapped	0x1025c2978
System.Linq.Expressions	2018	0x060007e3	System.Linq.Expressions.Interpreter.DupInstruction	get_InstructionName	0x2050	NoInlining	Public, Final, Virtual, HideBySig, SpecialName	0x10044d958	0x9485d40a	0x1025c2980	0x1025c2980	mapped	0x1025c2980
System.Linq.Expressions	2019	0x060007e4	System.Linq.Expressions.Interpreter.DupInstruction	Run	0x2050	NoInlining	Public, Final, Virtual, HideBySig	0x10044d95c	0x9485d419	0x1025c29c0	0x1025c29c0	mapped	0x1025c29c0
System.Linq.Expressions	2020	0x060007e5	System.Linq.Expressions.Interpreter.DupInstruction	.cctor	0x2050	NoInlining	Private, Static, HideBySig, SpecialName, RTSpecialName	0x10044d960	0x9485d42d	0x1025c2a14	0x1025c2a14	mapped	0x1025c2a14
System.Linq.Expressions	2021	0x060007e6	System.Linq.Expressions.Interpreter.SubInstruction	get_ConsumedStack	0x2050	NoInlining	Public, Final, Virtual, HideBySig, SpecialName	0x10044d964	0x9485d448	0x1025c2a84	0x1025c2a84	mapped	0x1025c2a84
System.Linq.Expressions	2022	0x060007e7	System.Linq.Expressions.Interpreter.SubInstruction	get_ProducedStack	0x2050	NoInlining	Public, Final, Virtual, HideBySig, SpecialName	0x10044d968	0x9485d449	0x1025c2a8c	0x1025c2a8c	mapped	0x1025c2a8c
System.Linq.Expressions	2023	0x060007e8	System.Linq.Expressions.Interpreter.SubInstruction	get_InstructionName	0x2050	NoInlining	Public, Final, Virtual, HideBySig, SpecialName	0x10044d96c	0x9485d44a	0x1025c2a94	0x1025c2a94	mapped	0x1025c2a94
System.Linq.Expressions	2024	0x060007e9	System.Linq.Expressions.Interpreter.SubInstruction	.ctor	0x2050	NoInlining	Private, HideBySig, SpecialName, RTSpecialName	0x10044d970	0x9485d459	0x1025c2ad4	0x1025c2ad4	mapped	0x1025c2ad4
System.Linq.Expressions	2025	0x060007ea	System.Linq.Expressions.Interpreter.SubInstruction	Create	0x2050	NoInlining	Public, Static, HideBySig	0x10044d974	0x9485d459	0x1025c2ad8	0x1025c2ad8	mapped	0x1025c2ad8
System.Linq.Expressions	2026	0x060007eb	System.Linq.Expressions.Interpreter.SubInstruction+SubInt16	Run	0x2050	NoInlining	Public, Final, Virtual, HideBySig	0x10044d978	0x9485d4c4	0x1025c2c88	0x1025c2c88	mapped	0x1025c2c88
System.Linq.Expressions	2027	0x060007ec	System.Linq.Expressions.Interpreter.SubInstruction+SubInt16	.ctor	0x2050	NoInlining	Public, HideBySig, SpecialName, RTSpecialName	0x10044d97c	0x9485d52d	0x1025c2e30	0x1025c2e30	mapped	0x1025c2e30
System.Linq.Expressions	2028	0x060007ed	System.Linq.Expressions.Interpreter.SubInstruction+SubInt32	Run	0x2050	NoInlining	Public, Final, Virtual, HideBySig	0x10044d980	0x9485d52d	0x1025c2e34	0x1025c2e34	mapped	0x1025c2e34
System.Linq.Expressions	2029	0x060007ee	System.Linq.Expressions.Interpreter.SubInstruction+SubInt32	.ctor	0x2050	NoInlining	Public, HideBySig, SpecialName, RTSpecialName	0x10044d984	0x9485d590	0x1025c2fc4	0x1025c2fc4	mapped	0x1025c2fc4
System.Linq.Expressions	2030	0x060007ef	System.Linq.Expressions.Interpreter.SubInstruction+SubInt64	Run	0x2050	NoInlining	Public, Final, Virtual, HideBySig	0x10044d988	0x9485d590	0x1025c2fc8	0x1025c2fc8	mapped	0x1025c2fc8
System.Linq.Expressions	2031	0x060007f0	System.Linq.Expressions.Interpreter.SubInstruction+SubInt64	.ctor	0x2050	NoInlining	Public, HideBySig, SpecialName, RTSpecialName	0x10044d98c	0x9485d5f9	0x1025c3170	0x1025c3170	mapped	0x1025c3170
System.Linq.Expressions	2032	0x060007f1	System.Linq.Expressions.Interpreter.SubInstruction+SubUInt16	Run	0x2050	NoInlining	Public, Final, Virtual, HideBySig	0x10044d990	0x9485d5f9	0x1025c3174	0x1025c3174	mapped	0x1025c3174
System.Linq.Expressions	2033	0x060007f2	System.Linq.Expressions.Interpreter.SubInstruction+SubUInt16	.ctor	0x2050	NoInlining	Public, HideBySig, SpecialName, RTSpecialName	0x10044d994	0x9485d662	0x1025c331c	0x1025c331c	mapped	0x1025c331c
System.Linq.Expressions	2034	0x060007f3	System.Linq.Expressions.Interpreter.SubInstruction+SubUInt32	Run	0x2050	NoInlining	Public, Final, Virtual, HideBySig	0x10044d998	0x9485d662	0x1025c3320	0x1025c3320	mapped	0x1025c3320
System.Linq.Expressions	2035	0x060007f4	System.Linq.Expressions.Interpreter.SubInstruction+SubUInt32	.ctor	0x2050	NoInlining	Public, HideBySig, SpecialName, RTSpecialName	0x10044d99c	0x9485d6cb	0x1025c34c8	0x1025c34c8	mapped	0x1025c34c8
System.Linq.Expressions	2036	0x060007f5	System.Linq.Expressions.Interpreter.SubInstruction+SubUInt64	Run	0x2050	NoInlining	Public, Final, Virtual, HideBySig	0x10044d9a0	0x9485d6cb	0x1025c34cc	0x1025c34cc	mapped	0x1025c34cc
System.Linq.Expressions	2037	0x060007f6	System.Linq.Expressions.Interpreter.SubInstruction+SubUInt64	.ctor	0x2050	NoInlining	Public, HideBySig, SpecialName, RTSpecialName	0x10044d9a4	0x9485d734	0x1025c3674	0x1025c3674	mapped	0x1025c3674
System.Linq.Expressions	2038	0x060007f7	System.Linq.Expressions.Interpreter.SubInstruction+SubSingle	Run	0x2050	NoInlining	Public, Final, Virtual, HideBySig	0x10044d9a8	0x9485d734	0x1025c3678	0x1025c3678	mapped	0x1025c3678
System.Linq.Expressions	2039	0x060007f8	System.Linq.Expressions.Interpreter.SubInstruction+SubSingle	.ctor	0x2050	NoInlining	Public, HideBySig, SpecialName, RTSpecialName	0x10044d9ac	0x9485d79d	0x1025c3820	0x1025c3820	mapped	0x1025c3820
System.Linq.Expressions	2040	0x060007f9	System.Linq.Expressions.Interpreter.SubInstruction+SubDouble	Run	0x2050	NoInlining	Public, Final, Virtual, HideBySig	0x10044d9b0	0x9485d79d	0x1025c3824	0x1025c3824	mapped	0x1025c3824
System.Linq.Expressions	2041	0x060007fa	System.Linq.Expressions.Interpreter.SubInstruction+SubDouble	.ctor	0x2050	NoInlining	Public, HideBySig, SpecialName, RTSpecialName	0x10044d9b4	0x9485d806	0x1025c39cc	0x1025c39cc	mapped	0x1025c39cc
System.Linq.Expressions	2042	0x060007fb	System.Linq.Expressions.Interpreter.SubOvfInstruction	get_ConsumedStack	0x2050	NoInlining	Public, Final, Virtual, HideBySig, SpecialName	0x10044d9b8	0x9485d806	0x1025c39d0	0x1025c39d0	mapped	0x1025c39d0
System.Linq.Expressions	2043	0x060007fc	System.Linq.Expressions.Interpreter.SubOvfInstruction	get_ProducedStack	0x2050	NoInlining	Public, Final, Virtual, HideBySig, SpecialName	0x10044d9bc	0x9485d807	0x1025c39d8	0x1025c39d8	mapped	0x1025c39d8
System.Linq.Expressions	2044	0x060007fd	System.Linq.Expressions.Interpreter.SubOvfInstruction	get_InstructionName	0x2050	NoInlining	Public, Final, Virtual, HideBySig, SpecialName	0x10044d9c0	0x9485d808	0x1025c39e0	0x1025c39e0	mapped	0x1025c39e0
System.Linq.Expressions	2045	0x060007fe	System.Linq.Expressions.Interpreter.SubOvfInstruction	.ctor	0x2050	NoInlining	Private, HideBySig, SpecialName, RTSpecialName	0x10044d9c4	0x9485d817	0x1025c3a20	0x1025c3a20	mapped	0x1025c3a20
System.Linq.Expressions	2046	0x060007ff	System.Linq.Expressions.Interpreter.SubOvfInstruction	Create	0x2050	NoInlining	Public, Static, HideBySig	0x10044d9c8	0x9485d817	0x1025c3a24	0x1025c3a24	mapped	0x1025c3a24
System.Linq.Expressions	2047	0x06000800	System.Linq.Expressions.Interpreter.SubOvfInstruction+SubOvfInt16	Run	0x2050	NoInlining	Public, Final, Virtual, HideBySig	0x10044d9cc	0x9485d87a	0x1025c3bb4	0x1025c3bb4	mapped	0x1025c3bb4
System.Linq.Expressions	2048	0x06000801	System.Linq.Expressions.Interpreter.SubOvfInstruction+SubOvfInt16	.ctor	0x2050	NoInlining	Public, HideBySig, SpecialName, RTSpecialName	0x10044d9d0	0x9485d8f0	0x1025c3d90	0x1025c3d90	mapped	0x1025c3d90
System.Linq.Expressions	2049	0x06000802	System.Linq.Expressions.Interpreter.SubOvfInstruction+SubOvfInt32	Run	0x2050	NoInlining	Public, Final, Virtual, HideBySig	0x10044d9d4	0x9485d8f0	0x1025c3d94	0x1025c3d94	mapped	0x1025c3d94
System.Linq.Expressions	2050	0x06000803	System.Linq.Expressions.Interpreter.SubOvfInstruction+SubOvfInt32	.ctor	0x2050	NoInlining	Public, HideBySig, SpecialName, RTSpecialName	0x10044d9d8	0x9485d959	0x1025c3f3c	0x1025c3f3c	mapped	0x1025c3f3c
System.Linq.Expressions	2051	0x06000804	System.Linq.Expressions.Interpreter.SubOvfInstruction+SubOvfInt64	Run	0x2050	NoInlining	Public, Final, Virtual, HideBySig	0x10044d9dc	0x9485d959	0x1025c3f40	0x1025c3f40	mapped	0x1025c3f40
System.Linq.Expressions	2052	0x06000805	System.Linq.Expressions.Interpreter.SubOvfInstruction+SubOvfInt64	.ctor	0x2050	NoInlining	Public, HideBySig, SpecialName, RTSpecialName	0x10044d9e0	0x9485d9c8	0x1025c4100	0x1025c4100	mapped	0x1025c4100
System.Linq.Expressions	2053	0x06000806	System.Linq.Expressions.Interpreter.SubOvfInstruction+SubOvfUInt16	Run	0x2050	NoInlining	Public, Final, Virtual, HideBySig	0x10044d9e4	0x9485d9c8	0x1025c4104	0x1025c4104	mapped	0x1025c4104
System.Linq.Expressions	2054	0x06000807	System.Linq.Expressions.Interpreter.SubOvfInstruction+SubOvfUInt16	.ctor	0x2050	NoInlining	Public, HideBySig, SpecialName, RTSpecialName	0x10044d9e8	0x9485da38	0x1025c42c8	0x1025c42c8	mapped	0x1025c42c8
System.Linq.Expressions	2055	0x06000808	System.Linq.Expressions.Interpreter.SubOvfInstruction+SubOvfUInt32	Run	0x2050	NoInlining	Public, Final, Virtual, HideBySig	0x10044d9ec	0x9485da38	0x1025c42cc	0x1025c42cc	mapped	0x1025c42cc
System.Linq.Expressions	2056	0x06000809	System.Linq.Expressions.Interpreter.SubOvfInstruction+SubOvfUInt32	.ctor	0x2050	NoInlining	Public, HideBySig, SpecialName, RTSpecialName	0x10044d9f0	0x9485daa7	0x1025c448c	0x1025c448c	mapped	0x1025c448c
System.Linq.Expressions	2057	0x0600080a	System.Linq.Expressions.Interpreter.SubOvfInstruction+SubOvfUInt64	Run	0x2050	NoInlining	Public, Final, Virtual, HideBySig	0x10044d9f4	0x9485daa7	0x1025c4490	0x1025c4490	mapped	0x1025c4490
System.Linq.Expressions	2058	0x0600080b	System.Linq.Expressions.Interpreter.SubOvfInstruction+SubOvfUInt64	.ctor	0x2050	NoInlining	Public, HideBySig, SpecialName, RTSpecialName	0x10044d9f8	0x9485db16	0x1025c4650	0x1025c4650	mapped	0x1025c4650
System.Linq.Expressions	2059	0x0600080c	System.Linq.Expressions.Interpreter.CreateDelegateInstruction	.ctor	0x2050	NoInlining	Assembly, HideBySig, SpecialName, RTSpecialName	0x10044d9fc	0x9485db16	0x1025c4654	0x1025c4654	mapped	0x1025c4654
System.Linq.Expressions	2060	0x0600080d	System.Linq.Expressions.Interpreter.CreateDelegateInstruction	get_ConsumedStack	0x2050	NoInlining	Public, Final, Virtual, HideBySig, SpecialName	0x10044da00	0x9485db25	0x1025c4694	0x1025c4694	mapped	0x1025c4694
System.Linq.Expressions	2061	0x0600080e	System.Linq.Expressions.Interpreter.CreateDelegateInstruction	get_ProducedStack	0x2050	NoInlining	Public, Final, Virtual, HideBySig, SpecialName	0x10044da04	0x9485db3c	0x1025c46f4	0x1025c46f4	mapped	0x1025c46f4
System.Linq.Expressions	2062	0x0600080f	System.Linq.Expressions.Interpreter.CreateDelegateInstruction	get_InstructionName	0x2050	NoInlining	Public, Final, Virtual, HideBySig, SpecialName	0x10044da08	0x9485db3d	0x1025c46fc	0x1025c46fc	mapped	0x1025c46fc
System.Linq.Expressions	2063	0x06000810	System.Linq.Expressions.Interpreter.CreateDelegateInstruction	Run	0x2050	NoInlining	Public, Final, Virtual, HideBySig	0x10044da0c	0x9485db4c	0x1025c473c	0x1025c473c	mapped	0x1025c473c
System.Linq.Expressions	2064	0x06000811	System.Linq.Expressions.Interpreter.TypeIsInstruction	.ctor	0x2050	NoInlining	Assembly, HideBySig, SpecialName, RTSpecialName	0x10044da10	0x9485dbcc	0x1025c4940	0x1025c4940	mapped	0x1025c4940
System.Linq.Expressions	2065	0x06000812	System.Linq.Expressions.Interpreter.TypeIsInstruction	get_ConsumedStack	0x2050	NoInlining	Public, Final, Virtual, HideBySig, SpecialName	0x10044da14	0x9485dbdb	0x1025c4980	0x1025c4980	mapped	0x1025c4980
System.Linq.Expressions	2066	0x06000813	System.Linq.Expressions.Interpreter.TypeIsInstruction	get_ProducedStack	0x2050	NoInlining	Public, Final, Virtual, HideBySig, SpecialName	0x10044da18	0x9485dbdc	0x1025c4988	0x1025c4988	mapped	0x1025c4988
System.Linq.Expressions	2067	0x06000814	System.Linq.Expressions.Interpreter.TypeIsInstruction	get_InstructionName	0x2050	NoInlining	Public, Final, Virtual, HideBySig, SpecialName	0x10044da1c	0x9485dbdd	0x1025c4990	0x1025c4990	mapped	0x1025c4990
System.Linq.Expressions	2068	0x06000815	System.Linq.Expressions.Interpreter.TypeIsInstruction	Run	0x2050	NoInlining	Public, Final, Virtual, HideBySig	0x10044da20	0x9485dbec	0x1025c49d0	0x1025c49d0	mapped	0x1025c49d0
System.Linq.Expressions	2069	0x06000816	System.Linq.Expressions.Interpreter.TypeIsInstruction	ToString	0x2050	NoInlining	Public, Final, Virtual, HideBySig	0x10044da24	0x9485dc1e	0x1025c4a9c	0x1025c4a9c	mapped	0x1025c4a9c
System.Linq.Expressions	2070	0x06000817	System.Linq.Expressions.Interpreter.TypeAsInstruction	.ctor	0x2050	NoInlining	Assembly, HideBySig, SpecialName, RTSpecialName	0x10044da28	0x9485dc47	0x1025c4b44	0x1025c4b44	mapped	0x1025c4b44
System.Linq.Expressions	2071	0x06000818	System.Linq.Expressions.Interpreter.TypeAsInstruction	get_ConsumedStack	0x2050	NoInlining	Public, Final, Virtual, HideBySig, SpecialName	0x10044da2c	0x9485dc56	0x1025c4b84	0x1025c4b84	mapped	0x1025c4b84
System.Linq.Expressions	2072	0x06000819	System.Linq.Expressions.Interpreter.TypeAsInstruction	get_ProducedStack	0x2050	NoInlining	Public, Final, Virtual, HideBySig, SpecialName	0x10044da30	0x9485dc57	0x1025c4b8c	0x1025c4b8c	mapped	0x1025c4b8c
System.Linq.Expressions	2073	0x0600081a	System.Linq.Expressions.Interpreter.TypeAsInstruction	get_InstructionName	0x2050	NoInlining	Public, Final, Virtual, HideBySig, SpecialName	0x10044da34	0x9485dc58	0x1025c4b94	0x1025c4b94	mapped	0x1025c4b94
System.Linq.Expressions	2074	0x0600081b	System.Linq.Expressions.Interpreter.TypeAsInstruction	Run	0x2050	NoInlining	Public, Final, Virtual, HideBySig	0x10044da38	0x9485dc67	0x1025c4bd4	0x1025c4bd4	mapped	0x1025c4bd4
System.Linq.Expressions	2075	0x0600081c	System.Linq.Expressions.Interpreter.TypeAsInstruction	ToString	0x2050	NoInlining	Public, Final, Virtual, HideBySig	0x10044da3c	0x9485dca4	0x1025c4ccc	0x1025c4ccc	mapped	0x1025c4ccc
System.Linq.Expressions	2076	0x0600081d	System.Linq.Expressions.Interpreter.TypeEqualsInstruction	get_ConsumedStack	0x2050	NoInlining	Public, Final, Virtual, HideBySig, SpecialName	0x10044da40	0x9485dccd	0x1025c4d74	0x1025c4d74	mapped	0x1025c4d74
System.Linq.Expressions	2077	0x0600081e	System.Linq.Expressions.Interpreter.TypeEqualsInstruction	get_ProducedStack	0x2050	NoInlining	Public, Final, Virtual, HideBySig, SpecialName	0x10044da44	0x9485dcce	0x1025c4d7c	0x1025c4d7c	mapped	0x1025c4d7c
System.Linq.Expressions	2078	0x0600081f	System.Linq.Expressions.Interpreter.TypeEqualsInstruction	get_InstructionName	0x2050	NoInlining	Public, Final, Virtual, HideBySig, SpecialName	0x10044da48	0x9485dccf	0x1025c4d84	0x1025c4d84	mapped	0x1025c4d84
System.Linq.Expressions	2079	0x06000820	System.Linq.Expressions.Interpreter.TypeEqualsInstruction	.ctor	0x2050	NoInlining	Private, HideBySig, SpecialName, RTSpecialName	0x10044da4c	0x9485dcde	0x1025c4dc4	0x1025c4dc4	mapped	0x1025c4dc4
System.Linq.Expressions	2080	0x06000821	System.Linq.Expressions.Interpreter.TypeEqualsInstruction	Run	0x2050	NoInlining	Public, Final, Virtual, HideBySig	0x10044da50	0x9485dceb	0x1025c4dfc	0x1025c4dfc	mapped	0x1025c4dfc
System.Linq.Expressions	2081	0x06000822	System.Linq.Expressions.Interpreter.TypeEqualsInstruction	.cctor	0x2050	NoInlining	Private, Static, HideBySig, SpecialName, RTSpecialName	0x10044da54	0x9485dd1e	0x1025c4ecc	0x1025c4ecc	mapped	0x1025c4ecc
System.Linq.Expressions	2082	0x06000823	System.Linq.Expressions.Interpreter.NullableMethodCallInstruction	get_ConsumedStack	0x2050	NoInlining	Public, Virtual, HideBySig, SpecialName	0x10044da58	0x9485dd39	0x1025c4f3c	0x1025c4f3c	mapped	0x1025c4f3c
System.Linq.Expressions	2083	0x06000824	System.Linq.Expressions.Interpreter.NullableMethodCallInstruction	get_ProducedStack	0x2050	NoInlining	Public, Final, Virtual, HideBySig, SpecialName	0x10044da5c	0x9485dd3a	0x1025c4f44	0x1025c4f44	mapped	0x1025c4f44
System.Linq.Expressions	2084	0x06000825	System.Linq.Expressions.Interpreter.NullableMethodCallInstruction	get_InstructionName	0x2050	NoInlining	Public, Final, Virtual, HideBySig, SpecialName	0x10044da60	0x9485dd3b	0x1025c4f4c	0x1025c4f4c	mapped	0x1025c4f4c
System.Linq.Expressions	2085	0x06000826	System.Linq.Expressions.Interpreter.NullableMethodCallInstruction	.ctor	0x2050	NoInlining	Private, HideBySig, SpecialName, RTSpecialName	0x10044da64	0x9485dd4a	0x1025c4f8c	0x1025c4f8c	mapped	0x1025c4f8c
System.Linq.Expressions	2086	0x06000827	System.Linq.Expressions.Interpreter.NullableMethodCallInstruction	Create	0x2050	NoInlining	Public, Static, HideBySig	0x10044da68	0x9485dd4a	0x1025c4f90	0x1025c4f90	mapped	0x1025c4f90
System.Linq.Expressions	2087	0x06000828	System.Linq.Expressions.Interpreter.NullableMethodCallInstruction	CreateGetValue	0x2050	NoInlining	Public, Static, HideBySig	0x10044da6c	0x9485ddd4	0x1025c51bc	0x1025c51bc	mapped	0x1025c51bc
System.Linq.Expressions	2088	0x06000829	System.Linq.Expressions.Interpreter.NullableMethodCallInstruction+HasValue	Run	0x2050	NoInlining	Public, Final, Virtual, HideBySig	0x10044da70	0x9485ddf2	0x1025c5238	0x1025c5238	mapped	0x1025c5238
System.Linq.Expressions	2089	0x0600082a	System.Linq.Expressions.Interpreter.NullableMethodCallInstruction+HasValue	.ctor	0x2050	NoInlining	Public, HideBySig, SpecialName, RTSpecialName	0x10044da74	0x9485de19	0x1025c52d8	0x1025c52d8	mapped	0x1025c52d8
System.Linq.Expressions	2090	0x0600082b	System.Linq.Expressions.Interpreter.NullableMethodCallInstruction+GetValue	Run	0x2050	NoInlining	Public, Final, Virtual, HideBySig	0x10044da78	0x9485de19	0x1025c52dc	0x1025c52dc	mapped	0x1025c52dc
System.Linq.Expressions	2091	0x0600082c	System.Linq.Expressions.Interpreter.NullableMethodCallInstruction+GetValue	.ctor	0x2050	NoInlining	Public, HideBySig, SpecialName, RTSpecialName	0x10044da7c	0x9485de3f	0x1025c5378	0x1025c5378	mapped	0x1025c5378
System.Linq.Expressions	2092	0x0600082d	System.Linq.Expressions.Interpreter.NullableMethodCallInstruction+GetValueOrDefault	.ctor	0x2050	NoInlining	Public, HideBySig, SpecialName, RTSpecialName	0x10044da80	0x9485de3f	0x1025c537c	0x1025c537c	mapped	0x1025c537c
System.Linq.Expressions	2093	0x0600082e	System.Linq.Expressions.Interpreter.NullableMethodCallInstruction+GetValueOrDefault	Run	0x2050	NoInlining	Public, Final, Virtual, HideBySig	0x10044da84	0x9485de60	0x1025c5404	0x1025c5404	mapped	0x1025c5404
System.Linq.Expressions	2094	0x0600082f	System.Linq.Expressions.Interpreter.NullableMethodCallInstruction+GetValueOrDefault1	get_ConsumedStack	0x2050	NoInlining	Public, Final, Virtual, HideBySig, SpecialName	0x10044da88	0x9485de9e	0x1025c5500	0x1025c5500	mapped	0x1025c5500
System.Linq.Expressions	2095	0x06000830	System.Linq.Expressions.Interpreter.NullableMethodCallInstruction+GetValueOrDefault1	Run	0x2050	NoInlining	Public, Final, Virtual, HideBySig	0x10044da8c	0x9485de9f	0x1025c5508	0x1025c5508	mapped	0x1025c5508
System.Linq.Expressions	2096	0x06000831	System.Linq.Expressions.Interpreter.NullableMethodCallInstruction+GetValueOrDefault1	.ctor	0x2050	NoInlining	Public, HideBySig, SpecialName, RTSpecialName	0x10044da90	0x9485ded2	0x1025c55d8	0x1025c55d8	mapped	0x1025c55d8
System.Linq.Expressions	2097	0x06000832	System.Linq.Expressions.Interpreter.NullableMethodCallInstruction+EqualsClass	get_ConsumedStack	0x2050	NoInlining	Public, Final, Virtual, HideBySig, SpecialName	0x10044da94	0x9485ded2	0x1025c55dc	0x1025c55dc	mapped	0x1025c55dc
System.Linq.Expressions	2098	0x06000833	System.Linq.Expressions.Interpreter.NullableMethodCallInstruction+EqualsClass	Run	0x2050	NoInlining	Public, Final, Virtual, HideBySig	0x10044da98	0x9485ded3	0x1025c55e4	0x1025c55e4	mapped	0x1025c55e4
System.Linq.Expressions	2099	0x06000834	System.Linq.Expressions.Interpreter.NullableMethodCallInstruction+EqualsClass	.ctor	0x2050	NoInlining	Public, HideBySig, SpecialName, RTSpecialName	0x10044da9c	0x9485df20	0x1025c571c	0x1025c571c	mapped	0x1025c571c
System.Linq.Expressions	2100	0x06000835	System.Linq.Expressions.Interpreter.NullableMethodCallInstruction+ToStringClass	Run	0x2050	NoInlining	Public, Final, Virtual, HideBySig	0x10044daa0	0x9485df20	0x1025c5720	0x1025c5720	mapped	0x1025c5720
System.Linq.Expressions	2101	0x06000836	System.Linq.Expressions.Interpreter.NullableMethodCallInstruction+ToStringClass	.ctor	0x2050	NoInlining	Public, HideBySig, SpecialName, RTSpecialName	0x10044daa4	0x9485df64	0x1025c5834	0x1025c5834	mapped	0x1025c5834
System.Linq.Expressions	2102	0x06000837	System.Linq.Expressions.Interpreter.NullableMethodCallInstruction+GetHashCodeClass	Run	0x2050	NoInlining	Public, Final, Virtual, HideBySig	0x10044daa8	0x9485df64	0x1025c5838	0x1025c5838	mapped	0x1025c5838
System.Linq.Expressions	2103	0x06000838	System.Linq.Expressions.Interpreter.NullableMethodCallInstruction+GetHashCodeClass	.ctor	0x2050	NoInlining	Public, HideBySig, SpecialName, RTSpecialName	0x10044daac	0x9485df90	0x1025c58ec	0x1025c58ec	mapped	0x1025c58ec
System.Linq.Expressions	2104	0x06000839	System.Linq.Expressions.Interpreter.CastInstruction	get_ConsumedStack	0x2050	NoInlining	Public, Final, Virtual, HideBySig, SpecialName	0x10044dab0	0x9485df90	0x1025c58f0	0x1025c58f0	mapped	0x1025c58f0
System.Linq.Expressions	2105	0x0600083a	System.Linq.Expressions.Interpreter.CastInstruction	get_ProducedStack	0x2050	NoInlining	Public, Final, Virtual, HideBySig, SpecialName	0x10044dab4	0x9485df91	0x1025c58f8	0x1025c58f8	mapped	0x1025c58f8
System.Linq.Expressions	2106	0x0600083b	System.Linq.Expressions.Interpreter.CastInstruction	get_InstructionName	0x2050	NoInlining	Public, Final, Virtual, HideBySig, SpecialName	0x10044dab8	0x9485df92	0x1025c5900	0x1025c5900	mapped	0x1025c5900
System.Linq.Expressions	2107	0x0600083c	System.Linq.Expressions.Interpreter.CastInstruction	Create	0x2050	NoInlining	Public, Static, HideBySig	0x10044dabc	0x9485dfa1	0x1025c5940	0x1025c5940	mapped	0x1025c5940
System.Linq.Expressions	2108	0x0600083d	System.Linq.Expressions.Interpreter.CastInstruction	.ctor	0x2050	NoInlining	Family, HideBySig, SpecialName, RTSpecialName	0x10044dac0	0x9485e05d	0x1025c5c34	0x1025c5c34	mapped	0x1025c5c34
System.Linq.Expressions	2109	0x0600083e	System.Linq.Expressions.Interpreter.CastInstruction+CastInstructionT`1	Run	0x2050	NoInlining	Public, Final, Virtual, HideBySig	0x10044dac4	0x9485e05d	0x1025c5c38	0x1025c5c38	mapped	0x1025c5c38
System.Linq.Expressions	2110	0x0600083f	System.Linq.Expressions.Interpreter.CastInstruction+CastInstructionT`1	.ctor	0x2050	NoInlining	Public, HideBySig, SpecialName, RTSpecialName	0x10044dac8	0x9485e0a7	0x1025c5d64	0x1025c5d64	mapped	0x1025c5d64
System.Linq.Expressions	2111	0x06000840	System.Linq.Expressions.Interpreter.CastInstruction+CastInstructionNoT	.ctor	0x2050	NoInlining	Family, HideBySig, SpecialName, RTSpecialName	0x10044dacc	0x9485e0aa	0x1025c5d74	0x1025c5d74	mapped	0x1025c5d74
System.Linq.Expressions	2112	0x06000841	System.Linq.Expressions.Interpreter.CastInstruction+CastInstructionNoT	Create	0x2050	NoInlining	Public, Static, HideBySig	0x10044dad0	0x9485e0b9	0x1025c5db4	0x1025c5db4	mapped	0x1025c5db4
System.Linq.Expressions	2113	0x06000842	System.Linq.Expressions.Interpreter.CastInstruction+CastInstructionNoT	Run	0x2050	NoInlining	Public, Final, Virtual, HideBySig	0x10044dad4	0x9485e0ed	0x1025c5e88	0x1025c5e88	mapped	0x1025c5e88
System.Linq.Expressions	2114	0x06000843	System.Linq.Expressions.Interpreter.CastInstruction+CastInstructionNoT	ConvertNull	0x0	NoInlining	Family, Virtual, HideBySig, VtableLayoutMask, Abstract	0x10044dad8	0x97fff7be	0x10044b9d0		absent	0x10044b9d0
System.Linq.Expressions	2115	0x06000844	System.Linq.Expressions.Interpreter.CastInstruction+CastInstructionNoT+Ref	.ctor	0x2050	NoInlining	Public, HideBySig, SpecialName, RTSpecialName	0x10044dadc	0x9485e146	0x1025c5ff4	0x1025c5ff4	mapped	0x1025c5ff4
System.Linq.Expressions	2116	0x06000845	System.Linq.Expressions.Interpreter.CastInstruction+CastInstructionNoT+Ref	ConvertNull	0x2050	NoInlining	Family, Final, Virtual, HideBySig	0x10044dae0	0x9485e155	0x1025c6034	0x1025c6034	mapped	0x1025c6034
System.Linq.Expressions	2117	0x06000846	System.Linq.Expressions.Interpreter.CastInstruction+CastInstructionNoT+Value	.ctor	0x2050	NoInlining	Public, HideBySig, SpecialName, RTSpecialName	0x10044dae4	0x9485e171	0x1025c60a8	0x1025c60a8	mapped	0x1025c60a8
System.Linq.Expressions	2118	0x06000847	System.Linq.Expressions.Interpreter.CastInstruction+CastInstructionNoT+Value	ConvertNull	0x2050	NoInlining	Family, Final, Virtual, HideBySig	0x10044dae8	0x9485e180	0x1025c60e8	0x1025c60e8	mapped	0x1025c60e8
System.Linq.Expressions	2119	0x06000848	System.Linq.Expressions.Interpreter.CastToEnumInstruction	.ctor	0x2050	NoInlining	Public, HideBySig, SpecialName, RTSpecialName	0x10044daec	0x9485e18a	0x1025c6114	0x1025c6114	mapped	0x1025c6114
System.Linq.Expressions	2120	0x06000849	System.Linq.Expressions.Interpreter.CastToEnumInstruction	Run	0x2050	NoInlining	Public, Final, Virtual, HideBySig	0x10044daf0	0x9485e199	0x1025c6154	0x1025c6154	mapped	0x1025c6154
System.Linq.Expressions	2121	0x0600084a	System.Linq.Expressions.Interpreter.CastReferenceToEnumInstruction	.ctor	0x2050	NoInlining	Public, HideBySig, SpecialName, RTSpecialName	0x10044daf4	0x9485e1d4	0x1025c6244	0x1025c6244	mapped	0x1025c6244
System.Linq.Expressions	2122	0x0600084b	System.Linq.Expressions.Interpreter.CastReferenceToEnumInstruction	Run	0x2050	NoInlining	Public, Final, Virtual, HideBySig	0x10044daf8	0x9485e1e3	0x1025c6284	0x1025c6284	mapped	0x1025c6284
System.Linq.Expressions	2123	0x0600084c	System.Linq.Expressions.Interpreter.QuoteInstruction	.ctor	0x2050	NoInlining	Public, HideBySig, SpecialName, RTSpecialName	0x10044dafc	0x9485e352	0x1025c6844	0x1025c6844	mapped	0x1025c6844
System.Linq.Expressions	2124	0x0600084d	System.Linq.Expressions.Interpreter.QuoteInstruction	get_ProducedStack	0x2050	NoInlining	Public, Final, Virtual, HideBySig, SpecialName	0x10044db00	0x9485e366	0x1025c6898	0x1025c6898	mapped	0x1025c6898
System.Linq.Expressions	2125	0x0600084e	System.Linq.Expressions.Interpreter.QuoteInstruction	get_InstructionName	0x2050	NoInlining	Public, Final, Virtual, HideBySig, SpecialName	0x10044db04	0x9485e367	0x1025c68a0	0x1025c68a0	mapped	0x1025c68a0
System.Linq.Expressions	2126	0x0600084f	System.Linq.Expressions.Interpreter.QuoteInstruction	Run	0x2050	NoInlining	Public, Final, Virtual, HideBySig	0x10044db08	0x9485e376	0x1025c68e0	0x1025c68e0	mapped	0x1025c68e0
System.Linq.Expressions	2127	0x06000850	System.Linq.Expressions.Interpreter.QuoteInstruction+ExpressionQuoter	.ctor	0x2050	NoInlining	Assembly, HideBySig, SpecialName, RTSpecialName	0x10044db0c	0x9485e3b3	0x1025c69d8	0x1025c69d8	mapped	0x1025c69d8
System.Linq.Expressions	2128	0x06000851	System.Linq.Expressions.Interpreter.QuoteInstruction+ExpressionQuoter	VisitLambda	0x2050	NoInlining	FamORAssem, Final, Virtual, HideBySig	0x10044db10	0x9485e3f8	0x1025c6af0	0x1025c6af0	mapped	0x1025c6af0
System.Linq.Expressions	2129	0x06000852	System.Linq.Expressions.Interpreter.QuoteInstruction+ExpressionQuoter	VisitBlock	0x2050	NoInlining	FamORAssem, Final, Virtual, HideBySig	0x10044db14	0x9485e482	0x1025c6d1c	0x1025c6d1c	mapped	0x1025c6d1c
System.Linq.Expressions	2130	0x06000853	System.Linq.Expressions.Interpreter.QuoteInstruction+ExpressionQuoter	VisitParameter	0x2050	NoInlining	FamORAssem, Final, Virtual, HideBySig	0x10044db18	0x9485e4f2	0x1025c6ee0	0x1025c6ee0	mapped	0x1025c6ee0
System.Linq.Expressions	2131	0x06000854	System.Linq.Expressions.Interpreter.QuoteInstruction+ExpressionQuoter	GetBox	0x2050	NoInlining	Private, HideBySig	0x10044db1c	0x9485e52b	0x1025c6fc8	0x1025c6fc8	mapped	0x1025c6fc8
System.Linq.Expressions	2132	0x06000855	System.Linq.Expressions.Interpreter.ScriptingRuntimeHelpers	Int32ToObject	0x2050	NoInlining	Public, Static, HideBySig	0x10044db20	0x9485e598	0x1025c7180	0x1025c7180	mapped	0x1025c7180
System.Linq.Expressions	2133	0x06000856	System.Linq.Expressions.Interpreter.ScriptingRuntimeHelpers	GetPrimitiveDefaultValue	0x2050	NoInlining	Assembly, Static, HideBySig	0x10044db24	0x9485e5d1	0x1025c7268	0x1025c7268	mapped	0x1025c7268
System.Linq.Expressions	2134	0x06000857	System.Linq.Expressions.Interpreter.ExceptionHelpers	UnwrapAndRethrow	0x2050	NoInlining	Public, Static, HideBySig	0x10044db28	0x9485e631	0x1025c73ec	0x1025c73ec	mapped	0x1025c73ec
System.Linq.Expressions	2135	0x06000858	System.Linq.Expressions.Interpreter.HybridReferenceDictionary`2	TryGetValue	0x2050	NoInlining	Public, HideBySig	0x10044db2c	0x9485e644	0x1025c743c	0x1025c743c	mapped	0x1025c743c
System.Linq.Expressions	2136	0x06000859	System.Linq.Expressions.Interpreter.HybridReferenceDictionary`2	Remove	0x2050	NoInlining	Public, HideBySig	0x10044db30	0x9485e69d	0x1025c75a4	0x1025c75a4	mapped	0x1025c75a4
System.Linq.Expressions	2137	0x0600085a	System.Linq.Expressions.Interpreter.HybridReferenceDictionary`2	ContainsKey	0x2050	NoInlining	Public, HideBySig	0x10044db34	0x9485e6e4	0x1025c76c4	0x1025c76c4	mapped	0x1025c76c4
System.Linq.Expressions	2138	0x0600085b	System.Linq.Expressions.Interpreter.HybridReferenceDictionary`2	GetEnumerator	0x2050	NoInlining	Public, HideBySig	0x10044db38	0x9485e72d	0x1025c77ec	0x1025c77ec	mapped	0x1025c77ec
System.Linq.Expressions	2139	0x0600085c	System.Linq.Expressions.Interpreter.HybridReferenceDictionary`2	GetEnumeratorWorker	0x2050	NoInlining	Private, HideBySig	0x10044db3c	0x9485e782	0x1025c7944	0x1025c7944	mapped	0x1025c7944
System.Linq.Expressions	2140	0x0600085d	System.Linq.Expressions.Interpreter.HybridReferenceDictionary`2	get_Item	0x2050	NoInlining	Public, HideBySig, SpecialName	0x10044db40	0x9485e7b0	0x1025c7a00	0x1025c7a00	mapped	0x1025c7a00
System.Linq.Expressions	2141	0x0600085e	System.Linq.Expressions.Interpreter.HybridReferenceDictionary`2	set_Item	0x2050	NoInlining	Public, HideBySig, SpecialName	0x10044db44	0x9485e7f7	0x1025c7b20	0x1025c7b20	mapped	0x1025c7b20
System.Linq.Expressions	2142	0x0600085f	System.Linq.Expressions.Interpreter.HybridReferenceDictionary`2	.ctor	0x2050	NoInlining	Public, HideBySig, SpecialName, RTSpecialName	0x10044db48	0x9485e8d6	0x1025c7ea0	0x1025c7ea0	mapped	0x1025c7ea0
System.Linq.Expressions	2143	0x06000860	System.Linq.Expressions.Interpreter.HybridReferenceDictionary`2+<GetEnumeratorWorker>d__7	.ctor	0x2050	NoInlining	Public, HideBySig, SpecialName, RTSpecialName	0x10044db4c	0x9485e8d9	0x1025c7eb0	0x1025c7eb0	mapped	0x1025c7eb0
System.Linq.Expressions	2144	0x06000861	System.Linq.Expressions.Interpreter.HybridReferenceDictionary`2+<GetEnumeratorWorker>d__7	System.IDisposable.Dispose	0x2050	NoInlining	Private, Final, Virtual, HideBySig, VtableLayoutMask	0x10044db50	0x9485e8e4	0x1025c7ee0	0x1025c7ee0	mapped	0x1025c7ee0
System.Linq.Expressions	2145	0x06000862	System.Linq.Expressions.Interpreter.HybridReferenceDictionary`2+<GetEnumeratorWorker>d__7	MoveNext	0x2050	NoInlining	Private, Final, Virtual, HideBySig, VtableLayoutMask	0x10044db54	0x9485e8e7	0x1025c7ef0	0x1025c7ef0	mapped	0x1025c7ef0
System.Linq.Expressions	2146	0x06000863	System.Linq.Expressions.Interpreter.HybridReferenceDictionary`2+<GetEnumeratorWorker>d__7	System.Collections.Generic.IEnumerator<System.Collections.Generic.KeyValuePair<TKey,TValue>>.get_Current	0x2050	NoInlining	Private, Final, Virtual, HideBySig, VtableLayoutMask, SpecialName	0x10044db58	0x9485e930	0x1025c8018	0x1025c8018	mapped	0x1025c8018
System.Linq.Expressions	2147	0x06000864	System.Linq.Expressions.Interpreter.HybridReferenceDictionary`2+<GetEnumeratorWorker>d__7	System.Collections.IEnumerator.Reset	0x2050	NoInlining	Private, Final, Virtual, HideBySig, VtableLayoutMask	0x10044db5c	0x9485e93d	0x1025c8050	0x1025c8050	mapped	0x1025c8050
System.Linq.Expressions	2148	0x06000865	System.Linq.Expressions.Interpreter.HybridReferenceDictionary`2+<GetEnumeratorWorker>d__7	System.Collections.IEnumerator.get_Current	0x2050	NoInlining	Private, Final, Virtual, HideBySig, VtableLayoutMask, SpecialName	0x10044db60	0x9485e949	0x1025c8084	0x1025c8084	mapped	0x1025c8084
System.Linq.Expressions	2149	0x06000866	System.Dynamic.Utils.CacheDict`2	.ctor	0x2050	NoInlining	Assembly, HideBySig, SpecialName, RTSpecialName	0x10044db64	0x9485e981	0x1025c8168	0x1025c8168	mapped	0x1025c8168
System.Linq.Expressions	2150	0x06000867	System.Dynamic.Utils.CacheDict`2	AlignSize	0x2050	NoInlining	Private, Static, HideBySig	0x10044db68	0x9485e9be	0x1025c8260	0x1025c8260	mapped	0x1025c8260
System.Linq.Expressions	2151	0x06000868	System.Dynamic.Utils.CacheDict`2	TryGetValue	0x2050	NoInlining	Assembly, HideBySig	0x10044db6c	0x9485e9c8	0x1025c828c	0x1025c828c	mapped	0x1025c828c
System.Linq.Expressions	2152	0x06000869	System.Dynamic.Utils.CacheDict`2	Add	0x2050	NoInlining	Assembly, HideBySig	0x10044db70	0x9485ea18	0x1025c83d0	0x1025c83d0	mapped	0x1025c83d0
System.Linq.Expressions	2153	0x0600086a	System.Dynamic.Utils.CacheDict`2	set_Item	0x2050	NoInlining	Assembly, HideBySig, SpecialName	0x10044db74	0x9485ea9a	0x1025c85dc	0x1025c85dc	mapped	0x1025c85dc
System.Linq.Expressions	2154	0x0600086b	System.Dynamic.Utils.CacheDict`2+Entry	.ctor	0x2050	NoInlining	Assembly, HideBySig, SpecialName, RTSpecialName	0x10044db78	0x9485eac6	0x1025c8690	0x1025c8690	mapped	0x1025c8690
System.Linq.Expressions	2155	0x0600086c	System.Dynamic.Utils.ContractUtils	get_Unreachable	0x2050	NoInlining	Public, Static, HideBySig, SpecialName	0x10044db7c	0x9485eade	0x1025c86f4	0x1025c86f4	mapped	0x1025c86f4
System.Linq.Expressions	2156	0x0600086d	System.Dynamic.Utils.ContractUtils	RequiresNotNull	0x2050	NoInlining	Public, Static, HideBySig	0x10044db80	0x9485eaf8	0x1025c8760	0x1025c8760	mapped	0x1025c8760
System.Linq.Expressions	2157	0x0600086e	System.Dynamic.Utils.ContractUtils	GetParamName	0x2050	NoInlining	Private, Static, HideBySig	0x10044db84	0x9485eb11	0x1025c87c8	0x1025c87c8	mapped	0x1025c87c8
System.Linq.Expressions	2158	0x0600086f	System.Dynamic.Utils.ExpressionUtils	ReturnReadOnly	0x2050	NoInlining	Public, Static, HideBySig	0x10044db88	0x9485eb86	0x1025c89a0	0x1025c89a0	mapped	0x1025c89a0
System.Linq.Expressions	2159	0x06000870	System.Dynamic.Utils.ExpressionUtils	ReturnObject	0x2050	NoInlining	Public, Static, HideBySig	0x10044db8c	0x9485ebdb	0x1025c8af8	0x1025c8af8	mapped	0x1025c8af8
System.Linq.Expressions	2160	0x06000871	System.Dynamic.Utils.ExpressionUtils	ValidateArgumentTypes	0x2050	NoInlining	Public, Static, HideBySig	0x10044db90	0x9485ec20	0x1025c8c10	0x1025c8c10	mapped	0x1025c8c10
System.Linq.Expressions	2161	0x06000872	System.Dynamic.Utils.ExpressionUtils	ValidateArgumentCount	0x2050	NoInlining	Public, Static, HideBySig	0x10044db94	0x9485eccf	0x1025c8ed0	0x1025c8ed0	mapped	0x1025c8ed0
System.Linq.Expressions	2162	0x06000873	System.Dynamic.Utils.ExpressionUtils	ValidateOneArgument	0x2050	NoInlining	Public, Static, HideBySig	0x10044db98	0x9485ed05	0x1025c8fac	0x1025c8fac	mapped	0x1025c8fac
System.Linq.Expressions	2163	0x06000874	System.Dynamic.Utils.ExpressionUtils	RequiresCanRead	0x2050	NoInlining	Public, Static, HideBySig	0x10044db9c	0x9485ed84	0x1025c91ac	0x1025c91ac	mapped	0x1025c91ac
System.Linq.Expressions	2164	0x06000875	System.Dynamic.Utils.ExpressionUtils	RequiresCanRead	0x2050	NoInlining	Public, Static, HideBySig	0x10044dba0	0x9485ed94	0x1025c91f0	0x1025c91f0	mapped	0x1025c91f0
System.Linq.Expressions	2165	0x06000876	System.Dynamic.Utils.ExpressionUtils	TryQuote	0x2050	NoInlining	Public, Static, HideBySig	0x10044dba4	0x9485edee	0x1025c935c	0x1025c935c	mapped	0x1025c935c
System.Linq.Expressions	2166	0x06000877	System.Dynamic.Utils.ExpressionUtils	GetParametersForValidation	0x2050	NoInlining	Assembly, Static, HideBySig	0x10044dba8	0x9485ee27	0x1025c9444	0x1025c9444	mapped	0x1025c9444
System.Linq.Expressions	2167	0x06000878	System.Dynamic.Utils.ExpressionUtils	ValidateArgumentCount	0x2050	NoInlining	Public, Static, HideBySig	0x10044dbac	0x9485ee45	0x1025c94c0	0x1025c94c0	mapped	0x1025c94c0
System.Linq.Expressions	2168	0x06000879	System.Dynamic.Utils.ExpressionVisitorUtils	VisitBlockExpressions	0x2050	NoInlining	Public, Static, HideBySig	0x10044dbb0	0x9485ee6d	0x1025c9564	0x1025c9564	mapped	0x1025c9564
System.Linq.Expressions	2169	0x0600087a	System.Dynamic.Utils.ExpressionVisitorUtils	VisitParameters	0x2050	NoInlining	Public, Static, HideBySig	0x10044dbb4	0x9485eee4	0x1025c9744	0x1025c9744	mapped	0x1025c9744
System.Linq.Expressions	2170	0x0600087b	System.Dynamic.Utils.ExpressionVisitorUtils	VisitArguments	0x2050	NoInlining	Public, Static, HideBySig	0x10044dbb8	0x9485ef57	0x1025c9914	0x1025c9914	mapped	0x1025c9914
System.Linq.Expressions	2171	0x0600087c	System.Dynamic.Utils.TypeExtensions	GetAnyStaticMethodValidated	0x2050	NoInlining	Public, Static, HideBySig	0x10044dbbc	0x9485efd3	0x1025c9b08	0x1025c9b08	mapped	0x1025c9b08
System.Linq.Expressions	2172	0x0600087d	System.Dynamic.Utils.TypeExtensions	MatchesArgumentTypes	0x2050	NoInlining	Private, Static, HideBySig	0x10044dbc0	0x9485efff	0x1025c9bbc	0x1025c9bbc	mapped	0x1025c9bbc
System.Linq.Expressions	2173	0x0600087e	System.Dynamic.Utils.TypeExtensions	GetTypeCode	0x2050	NoInlining	Public, Static, HideBySig	0x10044dbc4	0x9485f042	0x1025c9ccc	0x1025c9ccc	mapped	0x1025c9ccc
System.Linq.Expressions	2174	0x0600087f	System.Dynamic.Utils.TypeExtensions	GetParametersCached	0x2050	NoInlining	Assembly, Static, HideBySig	0x10044dbc8	0x9485f05f	0x1025c9d44	0x1025c9d44	mapped	0x1025c9d44
System.Linq.Expressions	2175	0x06000880	System.Dynamic.Utils.TypeExtensions	.cctor	0x2050	NoInlining	Private, Static, HideBySig, SpecialName, RTSpecialName	0x10044dbcc	0x9485f0a3	0x1025c9e58	0x1025c9e58	mapped	0x1025c9e58
System.Linq.Expressions	2176	0x06000881	System.Dynamic.Utils.TypeUtils	GetNonNullableType	0x2050	NoInlining	Public, Static, HideBySig	0x10044dbd0	0x9485f0c3	0x1025c9edc	0x1025c9edc	mapped	0x1025c9edc
System.Linq.Expressions	2177	0x06000882	System.Dynamic.Utils.TypeUtils	LiftPrimitiveOrThrow	0x2050	NoInlining	Public, Static, HideBySig	0x10044dbd4	0x9485f0f2	0x1025c9f9c	0x1025c9f9c	mapped	0x1025c9f9c
System.Linq.Expressions	2178	0x06000883	System.Dynamic.Utils.TypeUtils	IsNullableType	0x2050	NoInlining	Public, Static, HideBySig	0x10044dbd8	0x9485f167	0x1025ca174	0x1025ca174	mapped	0x1025ca174
System.Linq.Expressions	2179	0x06000884	System.Dynamic.Utils.TypeUtils	IsNullableOrReferenceType	0x2050	NoInlining	Public, Static, HideBySig	0x10044dbdc	0x9485f192	0x1025ca224	0x1025ca224	mapped	0x1025ca224
System.Linq.Expressions	2180	0x06000885	System.Dynamic.Utils.TypeUtils	IsBool	0x2050	NoInlining	Public, Static, HideBySig	0x10044dbe0	0x9485f1b6	0x1025ca2b8	0x1025ca2b8	mapped	0x1025ca2b8
System.Linq.Expressions	2181	0x06000886	System.Dynamic.Utils.TypeUtils	IsNumeric	0x2050	NoInlining	Public, Static, HideBySig	0x10044dbe4	0x9485f1d1	0x1025ca328	0x1025ca328	mapped	0x1025ca328
System.Linq.Expressions	2182	0x06000887	System.Dynamic.Utils.TypeUtils	IsInteger	0x2050	NoInlining	Public, Static, HideBySig	0x10044dbe8	0x9485f1fc	0x1025ca3d8	0x1025ca3d8	mapped	0x1025ca3d8
System.Linq.Expressions	2183	0x06000888	System.Dynamic.Utils.TypeUtils	IsArithmetic	0x2050	NoInlining	Public, Static, HideBySig	0x10044dbec	0x9485f227	0x1025ca488	0x1025ca488	mapped	0x1025ca488
System.Linq.Expressions	2184	0x06000889	System.Dynamic.Utils.TypeUtils	IsUnsignedInt	0x2050	NoInlining	Public, Static, HideBySig	0x10044dbf0	0x9485f252	0x1025ca538	0x1025ca538	mapped	0x1025ca538
System.Linq.Expressions	2185	0x0600088a	System.Dynamic.Utils.TypeUtils	IsIntegerOrBool	0x2050	NoInlining	Public, Static, HideBySig	0x10044dbf4	0x9485f282	0x1025ca5fc	0x1025ca5fc	mapped	0x1025ca5fc
System.Linq.Expressions	2186	0x0600088b	System.Dynamic.Utils.TypeUtils	IsNumericOrBool	0x2050	NoInlining	Public, Static, HideBySig	0x10044dbf8	0x9485f2ae	0x1025ca6b0	0x1025ca6b0	mapped	0x1025ca6b0
System.Linq.Expressions	2187	0x0600088c	System.Dynamic.Utils.TypeUtils	IsValidInstanceType	0x2050	NoInlining	Public, Static, HideBySig	0x10044dbfc	0x9485f2cc	0x1025ca72c	0x1025ca72c	mapped	0x1025ca72c
System.Linq.Expressions	2188	0x0600088d	System.Dynamic.Utils.TypeUtils	HasIdentityPrimitiveOrNullableConversionTo	0x2050	NoInlining	Public, Static, HideBySig	0x10044dc00	0x9485f33b	0x1025ca8ec	0x1025ca8ec	mapped	0x1025ca8ec
System.Linq.Expressions	2189	0x0600088e	System.Dynamic.Utils.TypeUtils	HasReferenceConversionTo	0x2050	NoInlining	Public, Static, HideBySig	0x10044dc04	0x9485f391	0x1025caa48	0x1025caa48	mapped	0x1025caa48
System.Linq.Expressions	2190	0x0600088f	System.Dynamic.Utils.TypeUtils	StrictHasReferenceConversionTo	0x2050	NoInlining	Private, Static, HideBySig	0x10044dc08	0x9485f3f5	0x1025cabdc	0x1025cabdc	mapped	0x1025cabdc
System.Linq.Expressions	2191	0x06000890	System.Dynamic.Utils.TypeUtils	HasArrayToInterfaceConversion	0x2050	NoInlining	Private, Static, HideBySig	0x10044dc0c	0x9485f49d	0x1025cae80	0x1025cae80	mapped	0x1025cae80
System.Linq.Expressions	2192	0x06000891	System.Dynamic.Utils.TypeUtils	HasInterfaceToArrayConversion	0x2050	NoInlining	Private, Static, HideBySig	0x10044dc10	0x9485f508	0x1025cb030	0x1025cb030	mapped	0x1025cb030
System.Linq.Expressions	2193	0x06000892	System.Dynamic.Utils.TypeUtils	IsCovariant	0x2050	NoInlining	Private, Static, HideBySig	0x10044dc14	0x9485f575	0x1025cb1e8	0x1025cb1e8	mapped	0x1025cb1e8
System.Linq.Expressions	2194	0x06000893	System.Dynamic.Utils.TypeUtils	IsContravariant	0x2050	NoInlining	Private, Static, HideBySig	0x10044dc18	0x9485f596	0x1025cb270	0x1025cb270	mapped	0x1025cb270
System.Linq.Expressions	2195	0x06000894	System.Dynamic.Utils.TypeUtils	IsInvariant	0x2050	NoInlining	Private, Static, HideBySig	0x10044dc1c	0x9485f5b7	0x1025cb2f8	0x1025cb2f8	mapped	0x1025cb2f8
System.Linq.Expressions	2196	0x06000895	System.Dynamic.Utils.TypeUtils	IsDelegate	0x2050	NoInlining	Private, Static, HideBySig	0x10044dc20	0x9485f5d9	0x1025cb384	0x1025cb384	mapped	0x1025cb384
System.Linq.Expressions	2197	0x06000896	System.Dynamic.Utils.TypeUtils	IsLegalExplicitVariantDelegateConversion	0x2050	NoInlining	Public, Static, HideBySig	0x10044dc24	0x9485f5fb	0x1025cb410	0x1025cb410	mapped	0x1025cb410
System.Linq.Expressions	2198	0x06000897	System.Dynamic.Utils.TypeUtils	IsConvertible	0x2050	NoInlining	Public, Static, HideBySig	0x10044dc28	0x9485f6b9	0x1025cb70c	0x1025cb70c	mapped	0x1025cb70c
System.Linq.Expressions	2199	0x06000898	System.Dynamic.Utils.TypeUtils	HasReferenceEquality	0x2050	NoInlining	Public, Static, HideBySig	0x10044dc2c	0x9485f6e4	0x1025cb7bc	0x1025cb7bc	mapped	0x1025cb7bc
System.Linq.Expressions	2200	0x06000899	System.Dynamic.Utils.TypeUtils	HasBuiltInEqualityOperator	0x2050	NoInlining	Public, Static, HideBySig	0x10044dc30	0x9485f721	0x1025cb8b4	0x1025cb8b4	mapped	0x1025cb8b4
System.Linq.Expressions	2201	0x0600089a	System.Dynamic.Utils.TypeUtils	IsImplicitlyConvertibleTo	0x2050	NoInlining	Public, Static, HideBySig	0x10044dc34	0x9485f785	0x1025cba48	0x1025cba48	mapped	0x1025cba48
System.Linq.Expressions	2202	0x0600089b	System.Dynamic.Utils.TypeUtils	GetUserDefinedCoercionMethod	0x2050	NoInlining	Public, Static, HideBySig	0x10044dc38	0x9485f7b5	0x1025cbb0c	0x1025cbb0c	mapped	0x1025cbb0c
System.Linq.Expressions	2203	0x0600089c	System.Dynamic.Utils.TypeUtils	FindConversionOperator	0x2050	NoInlining	Private, Static, HideBySig	0x10044dc3c	0x9485f811	0x1025cbc80	0x1025cbc80	mapped	0x1025cbc80
System.Linq.Expressions	2204	0x0600089d	System.Dynamic.Utils.TypeUtils	IsImplicitNumericConversion	0x2050	NoInlining	Private, Static, HideBySig	0x10044dc40	0x9485f870	0x1025cbe00	0x1025cbe00	mapped	0x1025cbe00
System.Linq.Expressions	2205	0x0600089e	System.Dynamic.Utils.TypeUtils	IsImplicitReferenceConversion	0x2050	NoInlining	Private, Static, HideBySig	0x10044dc44	0x9485f8c0	0x1025cbf44	0x1025cbf44	mapped	0x1025cbf44
System.Linq.Expressions	2206	0x0600089f	System.Dynamic.Utils.TypeUtils	IsImplicitBoxingConversion	0x2050	NoInlining	Private, Static, HideBySig	0x10044dc48	0x9485f8e2	0x1025cbfd0	0x1025cbfd0	mapped	0x1025cbfd0
System.Linq.Expressions	2207	0x060008a0	System.Dynamic.Utils.TypeUtils	IsImplicitNullableConversion	0x2050	NoInlining	Private, Static, HideBySig	0x10044dc4c	0x9485f91d	0x1025cc0c0	0x1025cc0c0	mapped	0x1025cc0c0
System.Linq.Expressions	2208	0x060008a1	System.Dynamic.Utils.TypeUtils	FindGenericType	0x2050	NoInlining	Public, Static, HideBySig	0x10044dc50	0x9485f942	0x1025cc158	0x1025cc158	mapped	0x1025cc158
System.Linq.Expressions	2209	0x060008a2	System.Dynamic.Utils.TypeUtils	GetBooleanOperator	0x2050	NoInlining	Public, Static, HideBySig	0x10044dc54	0x9485f97f	0x1025cc250	0x1025cc250	mapped	0x1025cc250
System.Linq.Expressions	2210	0x060008a3	System.Dynamic.Utils.TypeUtils	GetNonRefType	0x2050	NoInlining	Public, Static, HideBySig	0x10044dc58	0x9485f9c8	0x1025cc378	0x1025cc378	mapped	0x1025cc378
System.Linq.Expressions	2211	0x060008a4	System.Dynamic.Utils.TypeUtils	AreEquivalent	0x2050	NoInlining	Public, Static, HideBySig	0x10044dc5c	0x9485f9ee	0x1025cc414	0x1025cc414	mapped	0x1025cc414
System.Linq.Expressions	2212	0x060008a5	System.Dynamic.Utils.TypeUtils	AreReferenceAssignable	0x2050	NoInlining	Public, Static, HideBySig	0x10044dc60	0x9485fa16	0x1025cc4b8	0x1025cc4b8	mapped	0x1025cc4b8
System.Linq.Expressions	2213	0x060008a6	System.Dynamic.Utils.TypeUtils	IsSameOrSubclass	0x2050	NoInlining	Public, Static, HideBySig	0x10044dc64	0x9485fa4d	0x1025cc598	0x1025cc598	mapped	0x1025cc598
System.Linq.Expressions	2214	0x060008a7	System.Dynamic.Utils.TypeUtils	ValidateType	0x2050	NoInlining	Public, Static, HideBySig	0x10044dc68	0x9485fa75	0x1025cc63c	0x1025cc63c	mapped	0x1025cc63c
System.Linq.Expressions	2215	0x060008a8	System.Dynamic.Utils.TypeUtils	ValidateType	0x2050	NoInlining	Public, Static, HideBySig	0x10044dc6c	0x9485fa91	0x1025cc6b0	0x1025cc6b0	mapped	0x1025cc6b0
System.Linq.Expressions	2216	0x060008a9	System.Dynamic.Utils.TypeUtils	ValidateType	0x2050	NoInlining	Public, Static, HideBySig	0x10044dc70	0x9485fad0	0x1025cc7b0	0x1025cc7b0	mapped	0x1025cc7b0
System.Linq.Expressions	2217	0x060008aa	System.Dynamic.Utils.TypeUtils	GetInvokeMethod	0x2050	NoInlining	Public, Static, HideBySig	0x10044dc74	0x9485fb0f	0x1025cc8b0	0x1025cc8b0	mapped	0x1025cc8b0
System.Linq.Expressions	2218	0x060008ab	System.Dynamic.Utils.TypeUtils	GetArrayGetMethod	0x2050	NoInlining	Public, Static, HideBySig	0x10044dc78	0x9485fb30	0x1025cc938	0x1025cc938	mapped	0x1025cc938
System.Linq.Expressions	2219	0x060008ac	System.Dynamic.Utils.TypeUtils	GetArraySetMethod	0x2050	NoInlining	Public, Static, HideBySig	0x10044dc7c	0x9485fb51	0x1025cc9c0	0x1025cc9c0	mapped	0x1025cc9c0
System.Linq.Expressions	2220	0x060008ad	System.Dynamic.Utils.TypeUtils	.cctor	0x2050	NoInlining	Private, Static, HideBySig, SpecialName, RTSpecialName	0x10044dc80	0x9485fb72	0x1025cca48	0x1025cca48	mapped	0x1025cca48
System.Linq.Expressions	2221	0x060008ae	System.Dynamic.Utils.TypeUtils	<IsValidInstanceType>g__GetTypeInterfaces|16_0	0x2050	NoInlining	Assembly, Static, HideBySig	0x10044dc84	0x9485fbee	0x1025ccc3c	0x1025ccc3c	mapped	0x1025ccc3c
System.Linq.Expressions	2222	0x060008af	System.Dynamic.Utils.TypeUtils+<>c	.cctor	0x2050	NoInlining	Private, Static, HideBySig, SpecialName, RTSpecialName	0x10044dc88	0x9485fc0e	0x1025cccc0	0x1025cccc0	mapped	0x1025cccc0
System.Linq.Expressions	2223	0x060008b0	System.Dynamic.Utils.TypeUtils+<>c	.ctor	0x2050	NoInlining	Public, HideBySig, SpecialName, RTSpecialName	0x10044dc8c	0x9485fc29	0x1025ccd30	0x1025ccd30	mapped	0x1025ccd30
System.Linq.Expressions	2224	0x060008b1	System.Dynamic.Utils.TypeUtils+<>c	<.cctor>b__54_0	0x2050	NoInlining	Assembly, HideBySig	0x10044dc90	0x9485fc36	0x1025ccd68	0x1025ccd68	mapped	0x1025ccd68
System.Linq.Expressions	2225	0x060008b2	System.Dynamic.Utils.TypeUtils+<>c	<.cctor>b__54_1	0x2050	NoInlining	Assembly, HideBySig	0x10044dc94	0x9485fc4b	0x1025ccdc0	0x1025ccdc0	mapped	0x1025ccdc0
System.Linq.Expressions	2226	0x060008b3	System.Dynamic.Utils.CollectionExtensions	RemoveFirst	0x2050	NoInlining	Public, Static, HideBySig	0x10044dc98	0x9485fc60	0x1025cce18	0x1025cce18	mapped	0x1025cce18
System.Linq.Expressions	2227	0x060008b4	System.Dynamic.Utils.CollectionExtensions	RemoveLast	0x2050	NoInlining	Public, Static, HideBySig	0x10044dc9c	0x9485fc95	0x1025ccef0	0x1025ccef0	mapped	0x1025ccef0
System.Linq.Expressions	2228	0x060008b5	System.Dynamic.Utils.CollectionExtensions	ToReadOnly	0x2050	NoInlining	Public, Static, HideBySig	0x10044dca0	0x9485fcc8	0x1025ccfc0	0x1025ccfc0	mapped	0x1025ccfc0
System.Linq.Expressions	2229	0x060008b6	System.Dynamic.Utils.DelegateHelpers	CreateObjectArrayDelegate	0x2050	NoInlining	Assembly, Static, HideBySig	0x10044dca4	0x9485fd1e	0x1025cd11c	0x1025cd11c	mapped	0x1025cd11c
System.Linq.Expressions	2230	0x060008b7	System.Dynamic.Utils.DelegateHelpers	ActionThunk	0x2050	NoInlining	Public, Static, HideBySig	0x10044dca8	0x9485fd38	0x1025cd188	0x1025cd188	mapped	0x1025cd188
System.Linq.Expressions	2231	0x060008b8	System.Dynamic.Utils.DelegateHelpers	ActionThunk1	0x2050	NoInlining	Public, Static, HideBySig	0x10044dcac	0x9485fd60	0x1025cd22c	0x1025cd22c	mapped	0x1025cd22c
System.Linq.Expressions	2232	0x060008b9	System.Dynamic.Utils.DelegateHelpers	ActionThunk2	0x2050	NoInlining	Public, Static, HideBySig	0x10044dcb0	0x9485fd8e	0x1025cd2e8	0x1025cd2e8	mapped	0x1025cd2e8
System.Linq.Expressions	2233	0x060008ba	System.Dynamic.Utils.DelegateHelpers	FuncThunk	0x2050	NoInlining	Public, Static, HideBySig	0x10044dcb4	0x9485fdc5	0x1025cd3c8	0x1025cd3c8	mapped	0x1025cd3c8
System.Linq.Expressions	2234	0x060008bb	System.Dynamic.Utils.DelegateHelpers	FuncThunk1	0x2050	NoInlining	Public, Static, HideBySig	0x10044dcb8	0x9485fdfc	0x1025cd4a8	0x1025cd4a8	mapped	0x1025cd4a8
System.Linq.Expressions	2235	0x060008bc	System.Dynamic.Utils.DelegateHelpers	FuncThunk2	0x2050	NoInlining	Public, Static, HideBySig	0x10044dcbc	0x9485fe35	0x1025cd590	0x1025cd590	mapped	0x1025cd590
System.Linq.Expressions	2236	0x060008bd	System.Dynamic.Utils.DelegateHelpers	GetEmptyObjectArrayMethod	0x2050	NoInlining	Private, Static, HideBySig	0x10044dcc0	0x9485fe77	0x1025cd69c	0x1025cd69c	mapped	0x1025cd69c
System.Linq.Expressions	2237	0x060008be	System.Dynamic.Utils.DelegateHelpers	GetActionThunks	0x2050	NoInlining	Private, Static, HideBySig	0x10044dcc4	0x9485fea0	0x1025cd744	0x1025cd744	mapped	0x1025cd744
System.Linq.Expressions	2238	0x060008bf	System.Dynamic.Utils.DelegateHelpers	GetFuncThunks	0x2050	NoInlining	Private, Static, HideBySig	0x10044dcc8	0x9485fedf	0x1025cd844	0x1025cd844	mapped	0x1025cd844
System.Linq.Expressions	2239	0x060008c0	System.Dynamic.Utils.DelegateHelpers	GetCSharpThunk	0x2050	NoInlining	Private, Static, HideBySig	0x10044dccc	0x9485ff1e	0x1025cd944	0x1025cd944	mapped	0x1025cd944
System.Linq.Expressions	2240	0x060008c1	System.Dynamic.Utils.DelegateHelpers	CreateObjectArrayDelegateRefEmit	0x2050	NoInlining	Private, Static, HideBySig	0x10044dcd0	0x9485ffd8	0x1025cdc30	0x1025cdc30	mapped	0x1025cdc30
System.Linq.Expressions	2241	0x060008c2	System.Dynamic.Utils.DelegateHelpers	ConvertToBoxableType	0x2050	NoInlining	Private, Static, HideBySig	0x10044dcd4	0x9486021b	0x1025ce540	0x1025ce540	mapped	0x1025ce540
System.Linq.Expressions	2242	0x060008c3	System.Dynamic.Utils.DelegateHelpers	.cctor	0x2050	NoInlining	Private, Static, HideBySig, SpecialName, RTSpecialName	0x10044dcd8	0x9486023d	0x1025ce5cc	0x1025ce5cc	mapped	0x1025ce5cc
System.Linq.Expressions	2243	0x060008c4	System.Dynamic.Utils.DelegateHelpers	<CreateObjectArrayDelegateRefEmit>g__CreateForceAllowDynamicCodeScope|21_0	0x2050	NoInlining	Assembly, Static, HideBySig	0x10044dcdc	0x94860275	0x1025ce6b0	0x1025ce6b0	mapped	0x1025ce6b0
System.Linq.Expressions	2244	0x060008c5	System.Dynamic.Utils.DelegateHelpers+ForceAllowDynamicCodeLightup	get_ForceAllowDynamicCodeDelegate	0x2050	NoInlining	Public, Static, HideBySig, SpecialName	0x10044dce0	0x94860294	0x1025ce730	0x1025ce730	mapped	0x1025ce730
System.Linq.Expressions	2245	0x060008c6	System.Dynamic.Utils.DelegateHelpers+ForceAllowDynamicCodeLightup	ForceAllowDynamicCodeDelegateInternal	0x2050	NoInlining	Private, Static, HideBySig	0x10044dce4	0x948602a4	0x1025ce774	0x1025ce774	mapped	0x1025ce774
System.Linq.Expressions	2246	0x060008c7	System.Dynamic.Utils.DelegateHelpers+ForceAllowDynamicCodeLightup	.cctor	0x2050	NoInlining	Private, Static, HideBySig, SpecialName, RTSpecialName	0x10044dce8	0x948602c1	0x1025ce7ec	0x1025ce7ec	mapped	0x1025ce7ec
System.Linq.Expressions	2247	0x060008c8	System.Collections.Generic.ArrayBuilder`1	.ctor	0x2050	NoInlining	Public, HideBySig, SpecialName, RTSpecialName	0x10044dcec	0x948602d9	0x1025ce850	0x1025ce850	mapped	0x1025ce850
System.Linq.Expressions	2248	0x060008c9	System.Collections.Generic.ArrayBuilder`1	ToArray	0x2050	NoInlining	Public, HideBySig	0x10044dcf0	0x94860309	0x1025ce914	0x1025ce914	mapped	0x1025ce914
System.Linq.Expressions	2249	0x060008ca	System.Collections.Generic.ArrayBuilder`1	UncheckedAdd	0x2050	NoInlining	Public, HideBySig	0x10044dcf4	0x9486034c	0x1025cea24	0x1025cea24	mapped	0x1025cea24
