assembly	index	token	type	method	rva	impl_attrs	attrs	call_entry	call_insn	initial_target	native_address	status	resolve_chain
System.Net.Http	0	0x06000001	Interop+CoreFoundation	CFStringCreateWithCString	0x2050	NoInlining	Private, Static, HideBySig	0x1004b19e0	0x94854b06	0x1026045f8	0x1026045f8	mapped	0x1026045f8
System.Net.Http	1	0x06000002	Interop+CoreFoundation	CFStringCreateWithCString	0x2050	NoInlining	Assembly, Static, HideBySig	0x1004b19e4	0x94854b59	0x102604748	0x102604748	mapped	0x102604748
System.Net.Http	2	0x06000003	Interop+CoreFoundation	CFRelease	0x0	136	Assembly, Static, HideBySig, PinvokeImpl	0x1004b19e8	0x97fffffe	0x1004b19e0		absent	0x1004b19e0
System.Net.Http	3	0x06000004	Interop+CoreFoundation	_CFArrayGetCount	0x2050	NoInlining	Private, Static, HideBySig	0x1004b19ec	0x94854b68	0x10260478c	0x10260478c	mapped	0x10260478c
System.Net.Http	4	0x06000005	Interop+CoreFoundation	CFArrayGetValueAtIndex	0x2050	NoInlining	Private, Static, HideBySig	0x1004b19f0	0x94854ba1	0x102604874	0x102604874	mapped	0x102604874
System.Net.Http	5	0x06000006	Interop+CoreFoundation	CFArrayGetCount	0x2050	NoInlining	Assembly, Static, HideBySig	0x1004b19f4	0x94854bdc	0x102604964	0x102604964	mapped	0x102604964
System.Net.Http	6	0x06000007	Interop+CoreFoundation	CFArrayGetValueAtIndex	0x2050	NoInlining	Assembly, Static, HideBySig	0x1004b19f8	0x94854be9	0x10260499c	0x10260499c	mapped	0x10260499c
System.Net.Http	7	0x06000008	Interop+CoreFoundation	CFDataGetBytePtr	0x2050	NoInlining	Private, Static, HideBySig	0x1004b19fc	0x94854bf8	0x1026049dc	0x1026049dc	mapped	0x1026049dc
System.Net.Http	8	0x06000009	Interop+CoreFoundation	CFDataGetLength	0x2050	NoInlining	Private, Static, HideBySig	0x1004b1a00	0x94854c31	0x102604ac4	0x102604ac4	mapped	0x102604ac4
System.Net.Http	9	0x0600000a	Interop+CoreFoundation	CFDictionaryGetValue	0x2050	NoInlining	Assembly, Static, HideBySig	0x1004b1a04	0x94854c6a	0x102604bac	0x102604bac	mapped	0x102604bac
System.Net.Http	10	0x0600000b	Interop+CoreFoundation	CFNetworkCopySystemProxySettings	0x2050	NoInlining	Assembly, Static, HideBySig	0x1004b1a08	0x94854ca5	0x102604c9c	0x102604c9c	mapped	0x102604c9c
System.Net.Http	11	0x0600000c	Interop+CoreFoundation	CFNetworkCopyProxiesForURL	0x2050	NoInlining	Assembly, Static, HideBySig	0x1004b1a0c	0x94854ce4	0x102604d9c	0x102604d9c	mapped	0x102604d9c
System.Net.Http	12	0x0600000d	Interop+CoreFoundation	CFNetworkExecuteProxyAutoConfigurationURL	0x2050	NoInlining	Assembly, Static, HideBySig	0x1004b1a10	0x97fef370	0x10046e7d0	0x10046e7d0	mapped	0x10046e7d0
System.Net.Http	13	0x0600000e	Interop+CoreFoundation	CFNetworkExecuteProxyAutoConfigurationScript	0x2050	NoInlining	Assembly, Static, HideBySig	0x1004b1a14	0x97fef3d3	0x10046e960	0x10046e960	mapped	0x10046e960
System.Net.Http	14	0x0600000f	Interop+CoreFoundation	CFURLCreateWithString	0x2050	NoInlining	Private, Static, HideBySig	0x1004b1a18	0x94854d3f	0x102604f14	0x102604f14	mapped	0x102604f14
System.Net.Http	15	0x06000010	Interop+CoreFoundation	CFURLCreateWithString	0x2050	NoInlining	Assembly, Static, HideBySig	0x1004b1a1c	0x94854d94	0x10260506c	0x10260506c	mapped	0x10260506c
System.Net.Http	16	0x06000011	Interop+CoreFoundation	CFStringGetCStringPtr	0x2050	NoInlining	Private, Static, HideBySig	0x1004b1a20	0x94854dd4	0x102605170	0x102605170	mapped	0x102605170
System.Net.Http	17	0x06000012	Interop+CoreFoundation	CFStringCreateExternalRepresentation	0x2050	NoInlining	Private, Static, HideBySig	0x1004b1a24	0x94854e0f	0x102605260	0x102605260	mapped	0x102605260
System.Net.Http	18	0x06000013	Interop+CoreFoundation	CFStringToString	0x2050	NoInlining	Assembly, Static, HideBySig	0x1004b1a28	0x97fef432	0x10046eaf0	0x10046eaf0	mapped	0x10046eaf0
System.Net.Http	19	0x06000014	Interop+CoreFoundation	CFNumberGetValue	0x0	136	Private, Static, HideBySig, PinvokeImpl	0x1004b1a2c	0x97ffffed	0x1004b19e0		absent	0x1004b19e0
System.Net.Http	20	0x06000015	Interop+CoreFoundation	<CFStringCreateWithCString>g____PInvoke|2_0	0x0	136	Assembly, Static, HideBySig, PinvokeImpl	0x1004b1a30	0x97ffffec	0x1004b19e0		absent	0x1004b19e0
System.Net.Http	21	0x06000016	Interop+CoreFoundation	<_CFArrayGetCount>g____PInvoke|12_0	0x0	136	Assembly, Static, HideBySig, PinvokeImpl	0x1004b1a34	0x97ffffeb	0x1004b19e0		absent	0x1004b19e0
System.Net.Http	22	0x06000017	Interop+CoreFoundation	<CFArrayGetValueAtIndex>g____PInvoke|13_0	0x0	136	Assembly, Static, HideBySig, PinvokeImpl	0x1004b1a38	0x97ffffea	0x1004b19e0		absent	0x1004b19e0
System.Net.Http	23	0x06000018	Interop+CoreFoundation	<CFDataGetBytePtr>g____PInvoke|16_0	0x0	136	Assembly, Static, HideBySig, PinvokeImpl	0x1004b1a3c	0x97ffffe9	0x1004b19e0		absent	0x1004b19e0
System.Net.Http	24	0x06000019	Interop+CoreFoundation	<CFDataGetLength>g____PInvoke|17_0	0x0	136	Assembly, Static, HideBySig, PinvokeImpl	0x1004b1a40	0x97ffffe8	0x1004b19e0		absent	0x1004b19e0
System.Net.Http	25	0x0600001a	Interop+CoreFoundation	<CFDictionaryGetValue>g____PInvoke|21_0	0x0	136	Assembly, Static, HideBySig, PinvokeImpl	0x1004b1a44	0x97ffffe7	0x1004b19e0		absent	0x1004b19e0
System.Net.Http	26	0x0600001b	Interop+CoreFoundation	<CFNetworkCopySystemProxySettings>g____PInvoke|22_0	0x0	136	Assembly, Static, HideBySig, PinvokeImpl	0x1004b1a48	0x97ffffe6	0x1004b19e0		absent	0x1004b19e0
System.Net.Http	27	0x0600001c	Interop+CoreFoundation	<CFNetworkCopyProxiesForURL>g____PInvoke|23_0	0x0	136	Assembly, Static, HideBySig, PinvokeImpl	0x1004b1a4c	0x97ffffe5	0x1004b19e0		absent	0x1004b19e0
System.Net.Http	28	0x0600001d	Interop+CoreFoundation	<CFNetworkExecuteProxyAutoConfigurationURL>g____PInvoke|25_0	0x0	136	Assembly, Static, HideBySig, PinvokeImpl	0x1004b1a50	0x97ffffe4	0x1004b19e0		absent	0x1004b19e0
System.Net.Http	29	0x0600001e	Interop+CoreFoundation	<CFNetworkExecuteProxyAutoConfigurationScript>g____PInvoke|26_0	0x0	136	Assembly, Static, HideBySig, PinvokeImpl	0x1004b1a54	0x97ffffe3	0x1004b19e0		absent	0x1004b19e0
System.Net.Http	30	0x0600001f	Interop+CoreFoundation	<CFURLCreateWithString>g____PInvoke|29_0	0x0	136	Assembly, Static, HideBySig, PinvokeImpl	0x1004b1a58	0x97ffffe2	0x1004b19e0		absent	0x1004b19e0
System.Net.Http	31	0x06000020	Interop+CoreFoundation	<CFStringGetCStringPtr>g____PInvoke|31_0	0x0	136	Assembly, Static, HideBySig, PinvokeImpl	0x1004b1a5c	0x97ffffe1	0x1004b19e0		absent	0x1004b19e0
System.Net.Http	32	0x06000021	Interop+CoreFoundation	<CFStringCreateExternalRepresentation>g____PInvoke|32_0	0x0	136	Assembly, Static, HideBySig, PinvokeImpl	0x1004b1a60	0x97ffffe0	0x1004b19e0		absent	0x1004b19e0
System.Net.Http	33	0x06000022	Interop+CoreFoundation+CFProxyAutoConfigurationResultCallback	.ctor	0x0	11	Public, HideBySig, SpecialName, RTSpecialName	0x1004b1a64	0x97ffffdf	0x1004b19e0		absent	0x1004b19e0
System.Net.Http	34	0x06000023	Interop+CoreFoundation+CFProxyAutoConfigurationResultCallback	Invoke	0x0	11	Public, Virtual, HideBySig, VtableLayoutMask	0x1004b1a68	0x97ffffde	0x1004b19e0		absent	0x1004b19e0
System.Net.Http	35	0x06000024	Interop+CoreFoundation+CFProxy	.cctor	0x2050	NoInlining	Private, Static, HideBySig, SpecialName, RTSpecialName	0x1004b1a6c	0x94854e55	0x1026053c0	0x1026053c0	mapped	0x1026053c0
System.Net.Http	36	0x06000025	Interop+CoreFoundation+CFProxy	.ctor	0x2050	NoInlining	Public, HideBySig, SpecialName, RTSpecialName	0x1004b1a70	0x94854ecd	0x1026055a4	0x1026055a4	mapped	0x1026055a4
System.Net.Http	37	0x06000026	Interop+CoreFoundation+CFProxy	LoadSymbol	0x2050	NoInlining	Private, Static, HideBySig	0x1004b1a74	0x94854eeb	0x102605620	0x102605620	mapped	0x102605620
System.Net.Http	38	0x06000027	Interop+CoreFoundation+CFProxy	LoadCFStringSymbol	0x2050	NoInlining	Private, Static, HideBySig	0x1004b1a78	0x94854f07	0x102605694	0x102605694	mapped	0x102605694
System.Net.Http	39	0x06000028	Interop+CoreFoundation+CFProxy	GetString	0x2050	NoInlining	Private, HideBySig	0x1004b1a7c	0x94854f4c	0x1026057ac	0x1026057ac	mapped	0x1026057ac
System.Net.Http	40	0x06000029	Interop+CoreFoundation+CFProxy	get_ProxyType	0x2050	NoInlining	Public, HideBySig, SpecialName	0x1004b1a80	0x94854f97	0x1026058dc	0x1026058dc	mapped	0x1026058dc
System.Net.Http	41	0x0600002a	Interop+CoreFoundation+CFProxy	get_HostName	0x2050	NoInlining	Public, HideBySig, SpecialName	0x1004b1a84	0x94854fb2	0x10260594c	0x10260594c	mapped	0x10260594c
System.Net.Http	42	0x0600002b	Interop+CoreFoundation+CFProxy	get_PortNumber	0x2050	NoInlining	Public, HideBySig, SpecialName	0x1004b1a88	0x94854fcd	0x1026059bc	0x1026059bc	mapped	0x1026059bc
System.Net.Http	43	0x0600002c	Interop+CoreFoundation+CFProxy	get_AutoConfigurationURL	0x2050	NoInlining	Public, HideBySig, SpecialName	0x1004b1a8c	0x94854ffb	0x102605a78	0x102605a78	mapped	0x102605a78
System.Net.Http	44	0x0600002d	Interop+CoreFoundation+CFProxy	get_AutoConfigurationJavaScript	0x2050	NoInlining	Public, HideBySig, SpecialName	0x1004b1a90	0x9485501c	0x102605b00	0x102605b00	mapped	0x102605b00
System.Net.Http	45	0x0600002e	Interop+RunLoop	CFRunLoopRunInMode	0x0	136	Assembly, Static, HideBySig, PinvokeImpl	0x1004b1a94	0x97ffffd3	0x1004b19e0		absent	0x1004b19e0
System.Net.Http	46	0x0600002f	Interop+RunLoop	CFRunLoopStop	0x0	136	Assembly, Static, HideBySig, PinvokeImpl	0x1004b1a98	0x97ffffd2	0x1004b19e0		absent	0x1004b19e0
System.Net.Http	47	0x06000030	Interop+RunLoop	CFRunLoopGetCurrent	0x0	136	Assembly, Static, HideBySig, PinvokeImpl	0x1004b1a9c	0x97ffffd1	0x1004b19e0		absent	0x1004b19e0
System.Net.Http	48	0x06000031	Interop+RunLoop	CFRunLoopAddSource	0x0	136	Assembly, Static, HideBySig, PinvokeImpl	0x1004b1aa0	0x97ffffd0	0x1004b19e0		absent	0x1004b19e0
System.Net.Http	49	0x06000032	Interop+RunLoop	CFRunLoopSourceInvalidate	0x0	136	Assembly, Static, HideBySig, PinvokeImpl	0x1004b1aa4	0x97ffffcf	0x1004b19e0		absent	0x1004b19e0
System.Net.Http	50	0x06000033	Microsoft.Win32.SafeHandles.SafeCFArrayHandle	.ctor	0x2050	NoInlining	Public, HideBySig, SpecialName, RTSpecialName	0x1004b1aa8	0x94855038	0x102605b88	0x102605b88	mapped	0x102605b88
System.Net.Http	51	0x06000034	Microsoft.Win32.SafeHandles.SafeCFArrayHandle	.ctor	0x2050	NoInlining	Assembly, HideBySig, SpecialName, RTSpecialName	0x1004b1aac	0x94855047	0x102605bc8	0x102605bc8	mapped	0x102605bc8
System.Net.Http	52	0x06000035	Microsoft.Win32.SafeHandles.SafeCFArrayHandle	ReleaseHandle	0x2050	NoInlining	Family, Final, Virtual, HideBySig	0x1004b1ab0	0x9485505a	0x102605c18	0x102605c18	mapped	0x102605c18
System.Net.Http	53	0x06000036	Microsoft.Win32.SafeHandles.SafeCFArrayHandle	get_IsInvalid	0x2050	NoInlining	Public, Final, Virtual, HideBySig, SpecialName	0x1004b1ab4	0x9485506f	0x102605c70	0x102605c70	mapped	0x102605c70
System.Net.Http	54	0x06000037	Microsoft.Win32.SafeHandles.SafeCFDataHandle	.ctor	0x2050	NoInlining	Public, HideBySig, SpecialName, RTSpecialName	0x1004b1ab8	0x94855079	0x102605c9c	0x102605c9c	mapped	0x102605c9c
System.Net.Http	55	0x06000038	Microsoft.Win32.SafeHandles.SafeCFDataHandle	ReleaseHandle	0x2050	NoInlining	Family, Final, Virtual, HideBySig	0x1004b1abc	0x94855088	0x102605cdc	0x102605cdc	mapped	0x102605cdc
System.Net.Http	56	0x06000039	Microsoft.Win32.SafeHandles.SafeCFDataHandle	get_IsInvalid	0x2050	NoInlining	Public, Final, Virtual, HideBySig, SpecialName	0x1004b1ac0	0x9485509d	0x102605d34	0x102605d34	mapped	0x102605d34
System.Net.Http	57	0x0600003a	Microsoft.Win32.SafeHandles.SafeCFDictionaryHandle	.ctor	0x2050	NoInlining	Public, HideBySig, SpecialName, RTSpecialName	0x1004b1ac4	0x948550a7	0x102605d60	0x102605d60	mapped	0x102605d60
System.Net.Http	58	0x0600003b	Microsoft.Win32.SafeHandles.SafeCFDictionaryHandle	.ctor	0x2050	NoInlining	Assembly, HideBySig, SpecialName, RTSpecialName	0x1004b1ac8	0x948550b6	0x102605da0	0x102605da0	mapped	0x102605da0
System.Net.Http	59	0x0600003c	Microsoft.Win32.SafeHandles.SafeCFDictionaryHandle	ReleaseHandle	0x2050	NoInlining	Family, Final, Virtual, HideBySig	0x1004b1acc	0x948550c9	0x102605df0	0x102605df0	mapped	0x102605df0
System.Net.Http	60	0x0600003d	Microsoft.Win32.SafeHandles.SafeCFDictionaryHandle	get_IsInvalid	0x2050	NoInlining	Public, Final, Virtual, HideBySig, SpecialName	0x1004b1ad0	0x948550de	0x102605e48	0x102605e48	mapped	0x102605e48
System.Net.Http	61	0x0600003e	Microsoft.Win32.SafeHandles.SafeCFStringHandle	.ctor	0x2050	NoInlining	Public, HideBySig, SpecialName, RTSpecialName	0x1004b1ad4	0x948550e8	0x102605e74	0x102605e74	mapped	0x102605e74
System.Net.Http	62	0x0600003f	Microsoft.Win32.SafeHandles.SafeCFStringHandle	.ctor	0x2050	NoInlining	Assembly, HideBySig, SpecialName, RTSpecialName	0x1004b1ad8	0x948550f7	0x102605eb4	0x102605eb4	mapped	0x102605eb4
System.Net.Http	63	0x06000040	Microsoft.Win32.SafeHandles.SafeCFStringHandle	ReleaseHandle	0x2050	NoInlining	Family, Final, Virtual, HideBySig	0x1004b1adc	0x9485510a	0x102605f04	0x102605f04	mapped	0x102605f04
System.Net.Http	64	0x06000041	Microsoft.Win32.SafeHandles.SafeCFStringHandle	get_IsInvalid	0x2050	NoInlining	Public, Final, Virtual, HideBySig, SpecialName	0x1004b1ae0	0x9485511f	0x102605f5c	0x102605f5c	mapped	0x102605f5c
System.Net.Http	65	0x06000042	Microsoft.Win32.SafeHandles.SafeCreateHandle	.ctor	0x2050	NoInlining	Public, HideBySig, SpecialName, RTSpecialName	0x1004b1ae4	0x94855129	0x102605f88	0x102605f88	mapped	0x102605f88
System.Net.Http	66	0x06000043	Microsoft.Win32.SafeHandles.SafeCreateHandle	ReleaseHandle	0x2050	NoInlining	Family, Final, Virtual, HideBySig	0x1004b1ae8	0x94855138	0x102605fc8	0x102605fc8	mapped	0x102605fc8
System.Net.Http	67	0x06000044	Microsoft.Win32.SafeHandles.SafeCreateHandle	get_IsInvalid	0x2050	NoInlining	Public, Final, Virtual, HideBySig, SpecialName	0x1004b1aec	0x9485514c	0x10260601c	0x10260601c	mapped	0x10260601c
System.Net.Http	68	0x06000045	System.HexConverter	ToCharsBuffer	0x2050	264	Public, Static, HideBySig	0x1004b1af0	0x94855156	0x102606048	0x102606048	mapped	0x102606048
System.Net.Http	69	0x06000046	System.HexConverter	EncodeToUtf16	0x2050	NoInlining	Public, Static, HideBySig	0x1004b1af4	0x94855180	0x1026060f4	0x1026060f4	mapped	0x1026060f4
System.Net.Http	70	0x06000047	System.HexConverter	ToString	0x2050	NoInlining	Public, Static, HideBySig	0x1004b1af8	0x948551cb	0x102606224	0x102606224	mapped	0x102606224
System.Net.Http	71	0x06000048	System.HexConverter	ToCharUpper	0x2050	264	Public, Static, HideBySig	0x1004b1afc	0x94855212	0x102606344	0x102606344	mapped	0x102606344
System.Net.Http	72	0x06000049	System.HexConverter	FromUpperChar	0x2050	264	Public, Static, HideBySig	0x1004b1b00	0x94855218	0x102606360	0x102606360	mapped	0x102606360
System.Net.Http	73	0x0600004a	System.HexConverter	get_CharToHexLookup	0x2050	NoInlining	Public, Static, HideBySig, SpecialName	0x1004b1b04	0x94855244	0x102606414	0x102606414	mapped	0x102606414
System.Net.Http	74	0x0600004b	System.HexConverter+<>c	.cctor	0x2050	NoInlining	Private, Static, HideBySig, SpecialName, RTSpecialName	0x1004b1b08	0x9485525a	0x102606470	0x102606470	mapped	0x102606470
System.Net.Http	75	0x0600004c	System.HexConverter+<>c	.ctor	0x2050	NoInlining	Public, HideBySig, SpecialName, RTSpecialName	0x1004b1b0c	0x94855275	0x1026064e0	0x1026064e0	mapped	0x1026064e0
System.Net.Http	76	0x0600004d	System.HexConverter+<>c	<ToString>b__4_0	0x2050	NoInlining	Assembly, HideBySig	0x1004b1b10	0x94855282	0x102606518	0x102606518	mapped	0x102606518
System.Net.Http	77	0x0600004e	System.SR	Format	0x2050	NoInlining	Assembly, Static, HideBySig	0x1004b1b14	0x9485529d	0x102606588	0x102606588	mapped	0x102606588
System.Net.Http	78	0x0600004f	System.SR	Format	0x2050	NoInlining	Assembly, Static, HideBySig	0x1004b1b18	0x948552c9	0x10260663c	0x10260663c	mapped	0x10260663c
System.Net.Http	79	0x06000050	System.SR	Format	0x2050	NoInlining	Assembly, Static, HideBySig	0x1004b1b1c	0x948552fe	0x102606714	0x102606714	mapped	0x102606714
System.Net.Http	80	0x06000051	System.SR	Format	0x2050	NoInlining	Assembly, Static, HideBySig	0x1004b1b20	0x9485533a	0x102606808	0x102606808	mapped	0x102606808
System.Net.Http	81	0x06000052	System.SR	Format	0x2050	NoInlining	Assembly, Static, HideBySig	0x1004b1b24	0x94855366	0x1026068bc	0x1026068bc	mapped	0x1026068bc
System.Net.Http	82	0x06000053	System.Threading.Tasks.TaskCompletionSourceWithCancellation`1	.ctor	0x2050	NoInlining	Public, HideBySig, SpecialName, RTSpecialName	0x1004b1b28	0x9485539b	0x102606994	0x102606994	mapped	0x102606994
System.Net.Http	83	0x06000054	System.Threading.Tasks.TaskCompletionSourceWithCancellation`1	WaitWithCancellationAsync	0x2050	NoInlining	Public, HideBySig	0x1004b1b2c	0x948553c2	0x102606a34	0x102606a34	mapped	0x102606a34
System.Net.Http	84	0x06000055	System.Threading.Tasks.TaskCompletionSourceWithCancellation`1	WaitWithCancellation	0x2050	NoInlining	Public, HideBySig	0x1004b1b30	0x9485541b	0x102606b9c	0x102606b9c	mapped	0x102606b9c
System.Net.Http	85	0x06000056	System.Threading.Tasks.TaskCompletionSourceWithCancellation`1	WaitWithCancellationAsync	0x2050	NoInlining	Public, HideBySig	0x1004b1b34	0x9485549b	0x102606da0	0x102606da0	mapped	0x102606da0
System.Net.Http	86	0x06000057	System.Threading.Tasks.TaskCompletionSourceWithCancellation`1+<>c	.cctor	0x2050	NoInlining	Private, Static, HideBySig, SpecialName, RTSpecialName	0x1004b1b38	0x948554f7	0x102606f14	0x102606f14	mapped	0x102606f14
System.Net.Http	87	0x06000058	System.Threading.Tasks.TaskCompletionSourceWithCancellation`1+<>c	.ctor	0x2050	NoInlining	Public, HideBySig, SpecialName, RTSpecialName	0x1004b1b3c	0x94855524	0x102606fcc	0x102606fcc	mapped	0x102606fcc
System.Net.Http	88	0x06000059	System.Threading.Tasks.TaskCompletionSourceWithCancellation`1+<>c	<WaitWithCancellationAsync>b__1_0	0x2050	NoInlining	Assembly, HideBySig	0x1004b1b40	0x94855535	0x102607014	0x102607014	mapped	0x102607014
System.Net.Http	89	0x0600005a	System.Threading.Tasks.TaskCompletionSourceWithCancellation`1+<>c	<WaitWithCancellation>b__2_0	0x2050	NoInlining	Assembly, HideBySig	0x1004b1b44	0x94855574	0x102607114	0x102607114	mapped	0x102607114
System.Net.Http	90	0x0600005b	System.Threading.Tasks.TaskCompletionSourceWithCancellation`1+<WaitWithCancellationAsync>d__1	MoveNext	0x2050	NoInlining	Private, Final, Virtual, HideBySig, VtableLayoutMask	0x1004b1b48	0x97fef46e	0x10046ed00	0x10046ed00	mapped	0x10046ed00
System.Net.Http	91	0x0600005c	System.Threading.Tasks.TaskCompletionSourceWithCancellation`1+<WaitWithCancellationAsync>d__1	SetStateMachine	0x2050	NoInlining	Private, Final, Virtual, HideBySig, VtableLayoutMask	0x1004b1b4c	0x948555b2	0x102607214	0x102607214	mapped	0x102607214
System.Net.Http	92	0x0600005d	System.Text.StringBuilderCache	Acquire	0x2050	NoInlining	Public, Static, HideBySig	0x1004b1b50	0x948555e2	0x1026072d8	0x1026072d8	mapped	0x1026072d8
System.Net.Http	93	0x0600005e	System.Text.StringBuilderCache	Release	0x2050	NoInlining	Public, Static, HideBySig	0x1004b1b54	0x94855627	0x1026073f0	0x1026073f0	mapped	0x1026073f0
System.Net.Http	94	0x0600005f	System.Text.StringBuilderCache	GetStringAndRelease	0x2050	NoInlining	Public, Static, HideBySig	0x1004b1b58	0x94855658	0x1026074b8	0x1026074b8	mapped	0x1026074b8
System.Net.Http	95	0x06000060	System.Text.ValueStringBuilder	.ctor	0x2050	NoInlining	Public, HideBySig, SpecialName, RTSpecialName	0x1004b1b5c	0x94855690	0x10260759c	0x10260759c	mapped	0x10260759c
System.Net.Http	96	0x06000061	System.Text.ValueStringBuilder	ToString	0x2050	NoInlining	Public, Final, Virtual, HideBySig	0x1004b1b60	0x9485569a	0x1026075c8	0x1026075c8	mapped	0x1026075c8
System.Net.Http	97	0x06000062	System.Text.ValueStringBuilder	Append	0x2050	264	Public, HideBySig	0x1004b1b64	0x948556e4	0x1026076f4	0x1026076f4	mapped	0x1026076f4
System.Net.Http	98	0x06000063	System.Text.ValueStringBuilder	Append	0x2050	264	Public, HideBySig	0x1004b1b68	0x94855707	0x102607784	0x102607784	mapped	0x102607784
System.Net.Http	99	0x06000064	System.Text.ValueStringBuilder	AppendSlow	0x2050	NoInlining	Private, HideBySig	0x1004b1b6c	0x94855735	0x102607840	0x102607840	mapped	0x102607840
System.Net.Http	100	0x06000065	System.Text.ValueStringBuilder	Append	0x2050	NoInlining	Public, HideBySig	0x1004b1b70	0x9485577f	0x10260796c	0x10260796c	mapped	0x10260796c
System.Net.Http	101	0x06000066	System.Text.ValueStringBuilder	AppendSpan	0x2050	264	Public, HideBySig	0x1004b1b74	0x948557c6	0x102607a8c	0x102607a8c	mapped	0x102607a8c
System.Net.Http	102	0x06000067	System.Text.ValueStringBuilder	GrowAndAppend	0x2050	NoInlining	Private, HideBySig	0x1004b1b78	0x948557f1	0x102607b3c	0x102607b3c	mapped	0x102607b3c
System.Net.Http	103	0x06000068	System.Text.ValueStringBuilder	Grow	0x2050	NoInlining	Private, HideBySig	0x1004b1b7c	0x94855816	0x102607bd4	0x102607bd4	mapped	0x102607bd4
System.Net.Http	104	0x06000069	System.Text.ValueStringBuilder	Dispose	0x2050	264	Public, HideBySig	0x1004b1b80	0x94855899	0x102607de4	0x102607de4	mapped	0x102607de4
System.Net.Http	105	0x0600006a	System.Text.ValueStringBuilder	AppendSpanFormattable	0x2050	NoInlining	Assembly, HideBySig	0x1004b1b84	0x948558cd	0x102607eb8	0x102607eb8	mapped	0x102607eb8
System.Net.Http	106	0x0600006b	System.Net.NetEventSource	HandlerMessage	0x2050	NoInlining	Public, HideBySig	0x1004b1b88	0x94855940	0x102608088	0x102608088	mapped	0x102608088
System.Net.Http	107	0x0600006c	System.Net.NetEventSource	WriteEvent	0x2050	NoInlining	Private, HideBySig	0x1004b1b8c	0x94855959	0x1026080f0	0x1026080f0	mapped	0x1026080f0
System.Net.Http	108	0x0600006d	System.Net.NetEventSource	.ctor	0x2050	NoInlining	Public, HideBySig, SpecialName, RTSpecialName	0x1004b1b90	0x948559bc	0x102608280	0x102608280	mapped	0x102608280
System.Net.Http	109	0x0600006e	System.Net.NetEventSource	.cctor	0x2050	NoInlining	Private, Static, HideBySig, SpecialName, RTSpecialName	0x1004b1b94	0x948559d1	0x1026082d8	0x1026082d8	mapped	0x1026082d8
System.Net.Http	110	0x0600006f	System.Net.HttpDateParser	TryParse	0x2050	NoInlining	Assembly, Static, HideBySig	0x1004b1b98	0x948559ec	0x102608348	0x102608348	mapped	0x102608348
System.Net.Http	111	0x06000070	System.Net.HttpDateParser	.cctor	0x2050	NoInlining	Private, Static, HideBySig, SpecialName, RTSpecialName	0x1004b1b9c	0x94855a4b	0x1026084c8	0x1026084c8	mapped	0x1026084c8
System.Net.Http	112	0x06000071	System.Net.ArrayBuffer	.ctor	0x2050	NoInlining	Public, HideBySig, SpecialName, RTSpecialName	0x1004b1ba0	0x94855acf	0x1026086dc	0x1026086dc	mapped	0x1026086dc
System.Net.Http	113	0x06000072	System.Net.ArrayBuffer	.ctor	0x2050	NoInlining	Public, HideBySig, SpecialName, RTSpecialName	0x1004b1ba4	0x94855b1d	0x102608818	0x102608818	mapped	0x102608818
System.Net.Http	114	0x06000073	System.Net.ArrayBuffer	Dispose	0x2050	NoInlining	Public, Final, Virtual, HideBySig, VtableLayoutMask	0x1004b1ba8	0x94855b2d	0x10260885c	0x10260885c	mapped	0x10260885c
System.Net.Http	115	0x06000074	System.Net.ArrayBuffer	ClearAndReturnBuffer	0x2050	NoInlining	Public, HideBySig	0x1004b1bac	0x94855b65	0x102608940	0x102608940	mapped	0x102608940
System.Net.Http	116	0x06000075	System.Net.ArrayBuffer	get_ActiveLength	0x2050	NoInlining	Public, HideBySig, SpecialName	0x1004b1bb0	0x94855baf	0x102608a6c	0x102608a6c	mapped	0x102608a6c
System.Net.Http	117	0x06000076	System.Net.ArrayBuffer	get_ActiveSpan	0x2050	NoInlining	Public, HideBySig, SpecialName	0x1004b1bb4	0x94855bb9	0x102608a98	0x102608a98	mapped	0x102608a98
System.Net.Http	118	0x06000077	System.Net.ArrayBuffer	get_ActiveReadOnlySpan	0x2050	NoInlining	Public, HideBySig, SpecialName	0x1004b1bb8	0x94855be6	0x102608b50	0x102608b50	mapped	0x102608b50
System.Net.Http	119	0x06000078	System.Net.ArrayBuffer	get_ActiveMemory	0x2050	NoInlining	Public, HideBySig, SpecialName	0x1004b1bbc	0x94855c08	0x102608bdc	0x102608bdc	mapped	0x102608bdc
System.Net.Http	120	0x06000079	System.Net.ArrayBuffer	get_AvailableLength	0x2050	NoInlining	Public, HideBySig, SpecialName	0x1004b1bc0	0x94855c3f	0x102608cbc	0x102608cbc	mapped	0x102608cbc
System.Net.Http	121	0x0600007a	System.Net.ArrayBuffer	get_AvailableSpan	0x2050	NoInlining	Public, HideBySig, SpecialName	0x1004b1bc4	0x94855c4d	0x102608cf8	0x102608cf8	mapped	0x102608cf8
System.Net.Http	122	0x0600007b	System.Net.ArrayBuffer	get_AvailableMemory	0x2050	NoInlining	Public, HideBySig, SpecialName	0x1004b1bc8	0x94855c7e	0x102608dc0	0x102608dc0	mapped	0x102608dc0
System.Net.Http	123	0x0600007c	System.Net.ArrayBuffer	AvailableMemorySliced	0x2050	NoInlining	Public, HideBySig	0x1004b1bcc	0x94855cb5	0x102608ea0	0x102608ea0	mapped	0x102608ea0
System.Net.Http	124	0x0600007d	System.Net.ArrayBuffer	get_Capacity	0x2050	NoInlining	Public, HideBySig, SpecialName	0x1004b1bd0	0x94855cec	0x102608f80	0x102608f80	mapped	0x102608f80
System.Net.Http	125	0x0600007e	System.Net.ArrayBuffer	get_ActiveStartOffset	0x2050	NoInlining	Public, HideBySig, SpecialName	0x1004b1bd4	0x94855cf8	0x102608fb4	0x102608fb4	mapped	0x102608fb4
System.Net.Http	126	0x0600007f	System.Net.ArrayBuffer	DangerousGetUnderlyingBuffer	0x2050	NoInlining	Public, HideBySig	0x1004b1bd8	0x94855d00	0x102608fd8	0x102608fd8	mapped	0x102608fd8
System.Net.Http	127	0x06000080	System.Net.ArrayBuffer	Discard	0x2050	NoInlining	Public, HideBySig	0x1004b1bdc	0x94855d08	0x102608ffc	0x102608ffc	mapped	0x102608ffc
System.Net.Http	128	0x06000081	System.Net.ArrayBuffer	Commit	0x2050	NoInlining	Public, HideBySig	0x1004b1be0	0x94855d16	0x102609038	0x102609038	mapped	0x102609038
System.Net.Http	129	0x06000082	System.Net.ArrayBuffer	EnsureAvailableSpace	0x2050	264	Public, HideBySig	0x1004b1be4	0x94855d20	0x102609064	0x102609064	mapped	0x102609064
System.Net.Http	130	0x06000083	System.Net.ArrayBuffer	EnsureAvailableSpaceCore	0x2050	NoInlining	Private, HideBySig	0x1004b1be8	0x94855d3e	0x1026090e0	0x1026090e0	mapped	0x1026090e0
System.Net.Http	131	0x06000084	System.Net.ArrayBuffer	Grow	0x2050	NoInlining	Public, HideBySig	0x1004b1bec	0x94855ddd	0x102609360	0x102609360	mapped	0x102609360
System.Net.Http	132	0x06000085	System.Net.ArrayBuffer	ReturnBufferIfPooled	0x2050	264	Private, HideBySig	0x1004b1bf0	0x94855df8	0x1026093d0	0x1026093d0	mapped	0x1026093d0
System.Net.Http	133	0x06000086	System.Net.MultiArrayBuffer	.ctor	0x2050	NoInlining	Public, HideBySig, SpecialName, RTSpecialName	0x1004b1bf4	0x94855e30	0x1026094b4	0x1026094b4	mapped	0x1026094b4
System.Net.Http	134	0x06000087	System.Net.MultiArrayBuffer	Dispose	0x2050	NoInlining	Public, Final, Virtual, HideBySig, VtableLayoutMask	0x1004b1bf8	0x94855e32	0x1026094c0	0x1026094c0	mapped	0x1026094c0
System.Net.Http	135	0x06000088	System.Net.MultiArrayBuffer	get_IsEmpty	0x2050	NoInlining	Public, HideBySig, SpecialName	0x1004b1bfc	0x94855e8f	0x102609638	0x102609638	mapped	0x102609638
System.Net.Http	136	0x06000089	System.Net.MultiArrayBuffer	get_ActiveMemory	0x2050	NoInlining	Public, HideBySig, SpecialName	0x1004b1c00	0x94855e9a	0x102609668	0x102609668	mapped	0x102609668
System.Net.Http	137	0x0600008a	System.Net.MultiArrayBuffer	get_AvailableMemory	0x2050	NoInlining	Public, HideBySig, SpecialName	0x1004b1c04	0x94855ebf	0x102609700	0x102609700	mapped	0x102609700
System.Net.Http	138	0x0600008b	System.Net.MultiArrayBuffer	Discard	0x2050	NoInlining	Public, HideBySig	0x1004b1c08	0x94855ee5	0x10260979c	0x10260979c	mapped	0x10260979c
System.Net.Http	139	0x0600008c	System.Net.MultiArrayBuffer	DiscardAll	0x2050	NoInlining	Public, HideBySig	0x1004b1c0c	0x94855f05	0x102609820	0x102609820	mapped	0x102609820
System.Net.Http	140	0x0600008d	System.Net.MultiArrayBuffer	FreeBlocks	0x2050	NoInlining	Private, HideBySig	0x1004b1c10	0x94855f1d	0x102609884	0x102609884	mapped	0x102609884
System.Net.Http	141	0x0600008e	System.Net.MultiArrayBuffer	Commit	0x2050	NoInlining	Public, HideBySig	0x1004b1c14	0x94855f77	0x1026099f0	0x1026099f0	mapped	0x1026099f0
System.Net.Http	142	0x0600008f	System.Net.MultiArrayBuffer	EnsureAvailableSpace	0x2050	NoInlining	Public, HideBySig	0x1004b1c18	0x94855f81	0x102609a1c	0x102609a1c	mapped	0x102609a1c
System.Net.Http	143	0x06000090	System.Net.MultiArrayBuffer	GrowAvailableSpace	0x2050	NoInlining	Public, HideBySig	0x1004b1c1c	0x94855f95	0x102609a70	0x102609a70	mapped	0x102609a70
System.Net.Http	144	0x06000091	System.Net.MultiMemory	.ctor	0x2050	NoInlining	Assembly, HideBySig, SpecialName, RTSpecialName	0x1004b1c20	0x9485608e	0x102609e58	0x102609e58	mapped	0x102609e58
System.Net.Http	145	0x06000092	System.Net.MultiMemory	GetBlockIndex	0x2050	NoInlining	Private, Static, HideBySig	0x1004b1c24	0x948560a5	0x102609eb8	0x102609eb8	mapped	0x102609eb8
System.Net.Http	146	0x06000093	System.Net.MultiMemory	GetOffsetInBlock	0x2050	NoInlining	Private, Static, HideBySig	0x1004b1c28	0x948560a6	0x102609ec0	0x102609ec0	mapped	0x102609ec0
System.Net.Http	147	0x06000094	System.Net.MultiMemory	get_Length	0x2050	NoInlining	Public, HideBySig, SpecialName	0x1004b1c2c	0x948560a7	0x102609ec8	0x102609ec8	mapped	0x102609ec8
System.Net.Http	148	0x06000095	System.Net.MultiMemory	get_BlockCount	0x2050	NoInlining	Public, HideBySig, SpecialName	0x1004b1c30	0x948560af	0x102609eec	0x102609eec	mapped	0x102609eec
System.Net.Http	149	0x06000096	System.Net.MultiMemory	GetBlock	0x2050	NoInlining	Public, HideBySig	0x1004b1c34	0x948560bd	0x102609f28	0x102609f28	mapped	0x102609f28
System.Net.Http	150	0x06000097	System.Net.MultiMemory	Slice	0x2050	NoInlining	Public, HideBySig	0x1004b1c38	0x94856122	0x10260a0c0	0x10260a0c0	mapped	0x10260a0c0
System.Net.Http	151	0x06000098	System.Net.MultiMemory	CopyTo	0x2050	NoInlining	Public, HideBySig	0x1004b1c3c	0x94856155	0x10260a190	0x10260a190	mapped	0x10260a190
System.Net.Http	152	0x06000099	System.Net.MultiMemory	CopyFrom	0x2050	NoInlining	Public, HideBySig	0x1004b1c40	0x948561c4	0x10260a350	0x10260a350	mapped	0x10260a350
System.Net.Http	153	0x0600009a	System.Net.HttpStatusDescription	Get	0x2050	NoInlining	Assembly, Static, HideBySig	0x1004b1c44	0x94856257	0x10260a5a0	0x10260a5a0	mapped	0x10260a5a0
System.Net.Http	154	0x0600009b	System.Net.HttpStatusDescription	Get	0x2050	NoInlining	Assembly, Static, HideBySig	0x1004b1c48	0x94856264	0x10260a5d8	0x10260a5d8	mapped	0x10260a5d8
System.Net.Http	155	0x0600009c	System.Net.Security.SslClientAuthenticationOptionsExtensions	ShallowClone	0x2050	NoInlining	Public, Static, HideBySig	0x1004b1c4c	0x94856361	0x10260a9d0	0x10260a9d0	mapped	0x10260a9d0
System.Net.Http	156	0x0600009d	System.Net.Http.ByteArrayContent	.ctor	0x2050	NoInlining	Public, HideBySig, SpecialName, RTSpecialName	0x1004b1c50	0x948563ce	0x10260ab88	0x10260ab88	mapped	0x10260ab88
System.Net.Http	157	0x0600009e	System.Net.Http.ByteArrayContent	.ctor	0x2050	NoInlining	Public, HideBySig, SpecialName, RTSpecialName	0x1004b1c54	0x9485640a	0x10260ac7c	0x10260ac7c	mapped	0x10260ac7c
System.Net.Http	158	0x0600009f	System.Net.Http.ByteArrayContent	SerializeToStream	0x2050	NoInlining	Family, Final, Virtual, HideBySig	0x1004b1c58	0x94856462	0x10260ade0	0x10260ade0	mapped	0x10260ade0
System.Net.Http	159	0x060000a0	System.Net.Http.ByteArrayContent	SerializeToStreamAsync	0x2050	NoInlining	Family, Final, Virtual, HideBySig	0x1004b1c5c	0x9485647d	0x10260ae50	0x10260ae50	mapped	0x10260ae50
System.Net.Http	160	0x060000a1	System.Net.Http.ByteArrayContent	SerializeToStreamAsync	0x2050	NoInlining	Family, Final, Virtual, HideBySig	0x1004b1c60	0x9485648d	0x10260ae94	0x10260ae94	mapped	0x10260ae94
System.Net.Http	161	0x060000a2	System.Net.Http.ByteArrayContent	SerializeToStreamAsyncCore	0x2050	NoInlining	FamANDAssem, HideBySig	0x1004b1c64	0x948564be	0x10260af5c	0x10260af5c	mapped	0x10260af5c
System.Net.Http	162	0x060000a3	System.Net.Http.ByteArrayContent	TryComputeLength	0x2050	NoInlining	FamORAssem, Final, Virtual, HideBySig	0x1004b1c68	0x948564dd	0x10260afdc	0x10260afdc	mapped	0x10260afdc
System.Net.Http	163	0x060000a4	System.Net.Http.ByteArrayContent	CreateContentReadStream	0x2050	NoInlining	Family, Final, Virtual, HideBySig	0x1004b1c6c	0x948564ec	0x10260b01c	0x10260b01c	mapped	0x10260b01c
System.Net.Http	164	0x060000a5	System.Net.Http.ByteArrayContent	CreateContentReadStreamAsync	0x2050	NoInlining	Family, Final, Virtual, HideBySig	0x1004b1c70	0x948564f9	0x10260b054	0x10260b054	mapped	0x10260b054
System.Net.Http	165	0x060000a6	System.Net.Http.ByteArrayContent	TryCreateContentReadStream	0x2050	NoInlining	Assembly, Final, Virtual, HideBySig, CheckAccessOnOverride	0x1004b1c74	0x94856514	0x10260b0c4	0x10260b0c4	mapped	0x10260b0c4
System.Net.Http	166	0x060000a7	System.Net.Http.ByteArrayContent	CreateMemoryStreamForByteArray	0x2050	NoInlining	Assembly, HideBySig	0x1004b1c78	0x9485653a	0x10260b160	0x10260b160	mapped	0x10260b160
System.Net.Http	167	0x060000a8	System.Net.Http.ByteArrayContent	get_AllowDuplex	0x2050	NoInlining	Assembly, Final, Virtual, HideBySig, CheckAccessOnOverride, SpecialName	0x1004b1c7c	0x94856563	0x10260b208	0x10260b208	mapped	0x10260b208
System.Net.Http	168	0x060000a9	System.Net.Http.CancellationHelper	ShouldWrapInOperationCanceledException	0x2050	NoInlining	Assembly, Static, HideBySig	0x1004b1c80	0x94856564	0x10260b210	0x10260b210	mapped	0x10260b210
System.Net.Http	169	0x060000aa	System.Net.Http.CancellationHelper	CreateOperationCanceledException	0x2050	NoInlining	Assembly, Static, HideBySig	0x1004b1c84	0x94856586	0x10260b29c	0x10260b29c	mapped	0x10260b29c
System.Net.Http	170	0x060000ab	System.Net.Http.CancellationHelper	ThrowOperationCanceledException	0x2050	NoInlining	Private, Static, HideBySig	0x1004b1c88	0x948565aa	0x10260b330	0x10260b330	mapped	0x10260b330
System.Net.Http	171	0x060000ac	System.Net.Http.CancellationHelper	ThrowIfCancellationRequested	0x2050	NoInlining	Assembly, Static, HideBySig	0x1004b1c8c	0x948565c0	0x10260b38c	0x10260b38c	mapped	0x10260b38c
System.Net.Http	172	0x060000ad	System.Net.Http.CancellationHelper	.cctor	0x2050	NoInlining	Private, Static, HideBySig, SpecialName, RTSpecialName	0x1004b1c90	0x948565de	0x10260b408	0x10260b408	mapped	0x10260b408
System.Net.Http	173	0x060000ae	System.Net.Http.EmptyContent	TryComputeLength	0x2050	NoInlining	FamORAssem, Final, Virtual, HideBySig	0x1004b1c94	0x948565ff	0x10260b490	0x10260b490	mapped	0x10260b490
System.Net.Http	174	0x060000af	System.Net.Http.EmptyContent	SerializeToStream	0x2050	NoInlining	Family, Final, Virtual, HideBySig	0x1004b1c98	0x94856609	0x10260b4bc	0x10260b4bc	mapped	0x10260b4bc
System.Net.Http	175	0x060000b0	System.Net.Http.EmptyContent	SerializeToStreamAsync	0x2050	NoInlining	Family, Final, Virtual, HideBySig	0x1004b1c9c	0x94856609	0x10260b4c0	0x10260b4c0	mapped	0x10260b4c0
System.Net.Http	176	0x060000b1	System.Net.Http.EmptyContent	SerializeToStreamAsync	0x2050	NoInlining	Family, Final, Virtual, HideBySig	0x1004b1ca0	0x94856625	0x10260b534	0x10260b534	mapped	0x10260b534
System.Net.Http	177	0x060000b2	System.Net.Http.EmptyContent	CreateContentReadStream	0x2050	NoInlining	Family, Final, Virtual, HideBySig	0x1004b1ca4	0x94856647	0x10260b5c0	0x10260b5c0	mapped	0x10260b5c0
System.Net.Http	178	0x060000b3	System.Net.Http.EmptyContent	CreateContentReadStreamAsync	0x2050	NoInlining	Family, Final, Virtual, HideBySig	0x1004b1ca8	0x94856663	0x10260b634	0x10260b634	mapped	0x10260b634
System.Net.Http	179	0x060000b4	System.Net.Http.EmptyContent	CreateContentReadStreamAsync	0x2050	NoInlining	Family, Final, Virtual, HideBySig	0x1004b1cac	0x94856682	0x10260b6b4	0x10260b6b4	mapped	0x10260b6b4
System.Net.Http	180	0x060000b5	System.Net.Http.EmptyContent	TryCreateContentReadStream	0x2050	NoInlining	Assembly, Final, Virtual, HideBySig, CheckAccessOnOverride	0x1004b1cb0	0x948566ab	0x10260b75c	0x10260b75c	mapped	0x10260b75c
System.Net.Http	181	0x060000b6	System.Net.Http.EmptyContent	get_AllowDuplex	0x2050	NoInlining	Assembly, Final, Virtual, HideBySig, CheckAccessOnOverride, SpecialName	0x1004b1cb4	0x948566c7	0x10260b7d0	0x10260b7d0	mapped	0x10260b7d0
System.Net.Http	182	0x060000b7	System.Net.Http.EmptyContent	.ctor	0x2050	NoInlining	Public, HideBySig, SpecialName, RTSpecialName	0x1004b1cb8	0x948566c8	0x10260b7d8	0x10260b7d8	mapped	0x10260b7d8
System.Net.Http	183	0x060000b8	System.Net.Http.EmptyReadStream	get_Instance	0x2050	NoInlining	Assembly, Static, HideBySig, SpecialName	0x1004b1cbc	0x948566f3	0x10260b888	0x10260b888	mapped	0x10260b888
System.Net.Http	184	0x060000b9	System.Net.Http.EmptyReadStream	.ctor	0x2050	NoInlining	Private, HideBySig, SpecialName, RTSpecialName	0x1004b1cc0	0x94856703	0x10260b8cc	0x10260b8cc	mapped	0x10260b8cc
System.Net.Http	185	0x060000ba	System.Net.Http.EmptyReadStream	get_CanRead	0x2050	NoInlining	Public, Final, Virtual, HideBySig, SpecialName	0x1004b1cc4	0x94856710	0x10260b904	0x10260b904	mapped	0x10260b904
System.Net.Http	186	0x060000bb	System.Net.Http.EmptyReadStream	get_CanWrite	0x2050	NoInlining	Public, Final, Virtual, HideBySig, SpecialName	0x1004b1cc8	0x94856711	0x10260b90c	0x10260b90c	mapped	0x10260b90c
System.Net.Http	187	0x060000bc	System.Net.Http.EmptyReadStream	Dispose	0x2050	NoInlining	Family, Final, Virtual, HideBySig	0x1004b1ccc	0x94856712	0x10260b914	0x10260b914	mapped	0x10260b914
System.Net.Http	188	0x060000bd	System.Net.Http.EmptyReadStream	Close	0x2050	NoInlining	Public, Final, Virtual, HideBySig	0x1004b1cd0	0x94856712	0x10260b918	0x10260b918	mapped	0x10260b918
System.Net.Http	189	0x060000be	System.Net.Http.EmptyReadStream	Read	0x2050	NoInlining	Public, Final, Virtual, HideBySig	0x1004b1cd4	0x94856712	0x10260b91c	0x10260b91c	mapped	0x10260b91c
System.Net.Http	190	0x060000bf	System.Net.Http.EmptyReadStream	ReadAsync	0x2050	NoInlining	Public, Final, Virtual, HideBySig	0x1004b1cd8	0x94856713	0x10260b924	0x10260b924	mapped	0x10260b924
System.Net.Http	191	0x060000c0	System.Net.Http.EmptyReadStream	CopyToAsync	0x2050	NoInlining	Public, Final, Virtual, HideBySig	0x1004b1cdc	0x94856734	0x10260b9ac	0x10260b9ac	mapped	0x10260b9ac
System.Net.Http	192	0x060000c1	System.Net.Http.EmptyReadStream	Write	0x2050	NoInlining	Public, Final, Virtual, HideBySig	0x1004b1ce0	0x94856748	0x10260ba00	0x10260ba00	mapped	0x10260ba00
System.Net.Http	193	0x060000c2	System.Net.Http.EmptyReadStream	WriteAsync	0x2050	NoInlining	Public, Final, Virtual, HideBySig	0x1004b1ce4	0x94856759	0x10260ba48	0x10260ba48	mapped	0x10260ba48
System.Net.Http	194	0x060000c3	System.Net.Http.EmptyReadStream	.cctor	0x2050	NoInlining	Private, Static, HideBySig, SpecialName, RTSpecialName	0x1004b1ce8	0x94856763	0x10260ba74	0x10260ba74	mapped	0x10260ba74
System.Net.Http	195	0x060000c4	System.Net.Http.GlobalHttpSettings+SocketsHttpHandler	get_AllowHttp2	0x2050	NoInlining	Public, Static, HideBySig, SpecialName	0x1004b1cec	0x9485677e	0x10260bae4	0x10260bae4	mapped	0x10260bae4
System.Net.Http	196	0x060000c5	System.Net.Http.GlobalHttpSettings+SocketsHttpHandler	get_AllowHttp3	0x2050	NoInlining	Public, Static, HideBySig, SpecialName	0x1004b1cf0	0x9485678e	0x10260bb28	0x10260bb28	mapped	0x10260bb28
System.Net.Http	197	0x060000c6	System.Net.Http.GlobalHttpSettings+SocketsHttpHandler	get_DisableDynamicHttp2WindowSizing	0x2050	NoInlining	Public, Static, HideBySig, SpecialName	0x1004b1cf4	0x9485679e	0x10260bb6c	0x10260bb6c	mapped	0x10260bb6c
System.Net.Http	198	0x060000c7	System.Net.Http.GlobalHttpSettings+SocketsHttpHandler	get_MaxHttp2StreamWindowSize	0x2050	NoInlining	Public, Static, HideBySig, SpecialName	0x1004b1cf8	0x948567ae	0x10260bbb0	0x10260bbb0	mapped	0x10260bbb0
System.Net.Http	199	0x060000c8	System.Net.Http.GlobalHttpSettings+SocketsHttpHandler	get_Http2StreamWindowScaleThresholdMultiplier	0x2050	NoInlining	Public, Static, HideBySig, SpecialName	0x1004b1cfc	0x948567be	0x10260bbf4	0x10260bbf4	mapped	0x10260bbf4
System.Net.Http	200	0x060000c9	System.Net.Http.GlobalHttpSettings+SocketsHttpHandler	get_PendingConnectionTimeoutOnRequestCompletion	0x2050	NoInlining	Public, Static, HideBySig, SpecialName	0x1004b1d00	0x948567ce	0x10260bc38	0x10260bc38	mapped	0x10260bc38
System.Net.Http	201	0x060000ca	System.Net.Http.GlobalHttpSettings+SocketsHttpHandler	GetMaxHttp2StreamWindowSize	0x2050	NoInlining	Private, Static, HideBySig	0x1004b1d04	0x948567de	0x10260bc7c	0x10260bc7c	mapped	0x10260bc7c
System.Net.Http	202	0x060000cb	System.Net.Http.GlobalHttpSettings+SocketsHttpHandler	GetHttp2StreamWindowScaleThresholdMultiplier	0x2050	NoInlining	Private, Static, HideBySig	0x1004b1d08	0x948567f8	0x10260bce8	0x10260bce8	mapped	0x10260bce8
System.Net.Http	203	0x060000cc	System.Net.Http.GlobalHttpSettings+SocketsHttpHandler	get_MaxConnectionsPerServer	0x2050	NoInlining	Public, Static, HideBySig, SpecialName	0x1004b1d0c	0x94856814	0x10260bd5c	0x10260bd5c	mapped	0x10260bd5c
System.Net.Http	204	0x060000cd	System.Net.Http.GlobalHttpSettings+SocketsHttpHandler	GetMaxConnectionsPerServer	0x2050	NoInlining	Private, Static, HideBySig	0x1004b1d10	0x94856824	0x10260bda0	0x10260bda0	mapped	0x10260bda0
System.Net.Http	205	0x060000ce	System.Net.Http.GlobalHttpSettings+SocketsHttpHandler	.cctor	0x2050	NoInlining	Private, Static, HideBySig, SpecialName, RTSpecialName	0x1004b1d14	0x94856840	0x10260be14	0x10260be14	mapped	0x10260be14
System.Net.Http	206	0x060000cf	System.Net.Http.HeaderEncodingSelector`1	.ctor	0x0	11	Public, HideBySig, SpecialName, RTSpecialName	0x1004b1d18	0x97ffff32	0x1004b19e0		absent	0x1004b19e0
System.Net.Http	207	0x060000d0	System.Net.Http.HeaderEncodingSelector`1	Invoke	0x0	11	Public, Virtual, HideBySig, VtableLayoutMask	0x1004b1d1c	0x97ffff31	0x1004b19e0		absent	0x1004b19e0
System.Net.Http	208	0x060000d1	System.Net.Http.HttpBaseStream	get_CanSeek	0x2050	NoInlining	Public, Final, Virtual, HideBySig, SpecialName	0x1004b1d20	0x948568c8	0x10260c040	0x10260c040	mapped	0x10260c040
System.Net.Http	209	0x060000d2	System.Net.Http.HttpBaseStream	BeginRead	0x2050	NoInlining	Public, Final, Virtual, HideBySig	0x1004b1d24	0x948568c9	0x10260c048	0x10260c048	mapped	0x10260c048
System.Net.Http	210	0x060000d3	System.Net.Http.HttpBaseStream	EndRead	0x2050	NoInlining	Public, Final, Virtual, HideBySig	0x1004b1d28	0x948568ee	0x10260c0e0	0x10260c0e0	mapped	0x10260c0e0
System.Net.Http	211	0x060000d4	System.Net.Http.HttpBaseStream	BeginWrite	0x2050	NoInlining	Public, Final, Virtual, HideBySig	0x1004b1d2c	0x94856908	0x10260c14c	0x10260c14c	mapped	0x10260c14c
System.Net.Http	212	0x060000d5	System.Net.Http.HttpBaseStream	EndWrite	0x2050	NoInlining	Public, Final, Virtual, HideBySig	0x1004b1d30	0x9485692d	0x10260c1e4	0x10260c1e4	mapped	0x10260c1e4
System.Net.Http	213	0x060000d6	System.Net.Http.HttpBaseStream	Seek	0x2050	NoInlining	Public, Final, Virtual, HideBySig	0x1004b1d34	0x9485693a	0x10260c21c	0x10260c21c	mapped	0x10260c21c
System.Net.Http	214	0x060000d7	System.Net.Http.HttpBaseStream	SetLength	0x2050	NoInlining	Public, Final, Virtual, HideBySig	0x1004b1d38	0x94856944	0x10260c248	0x10260c248	mapped	0x10260c248
System.Net.Http	215	0x060000d8	System.Net.Http.HttpBaseStream	get_Length	0x2050	NoInlining	Public, Final, Virtual, HideBySig, SpecialName	0x1004b1d3c	0x9485694e	0x10260c274	0x10260c274	mapped	0x10260c274
System.Net.Http	216	0x060000d9	System.Net.Http.HttpBaseStream	get_Position	0x2050	NoInlining	Public, Final, Virtual, HideBySig, SpecialName	0x1004b1d40	0x94856958	0x10260c2a0	0x10260c2a0	mapped	0x10260c2a0
System.Net.Http	217	0x060000da	System.Net.Http.HttpBaseStream	set_Position	0x2050	NoInlining	Public, Final, Virtual, HideBySig, SpecialName	0x1004b1d44	0x94856962	0x10260c2cc	0x10260c2cc	mapped	0x10260c2cc
System.Net.Http	218	0x060000db	System.Net.Http.HttpBaseStream	ReadByte	0x2050	NoInlining	Public, Final, Virtual, HideBySig	0x1004b1d48	0x9485696c	0x10260c2f8	0x10260c2f8	mapped	0x10260c2f8
System.Net.Http	219	0x060000dc	System.Net.Http.HttpBaseStream	Read	0x2050	NoInlining	Public, Final, Virtual, HideBySig	0x1004b1d4c	0x94856989	0x10260c370	0x10260c370	mapped	0x10260c370
System.Net.Http	220	0x060000dd	System.Net.Http.HttpBaseStream	ReadAsync	0x2050	NoInlining	Public, Final, Virtual, HideBySig	0x1004b1d50	0x948569c7	0x10260c46c	0x10260c46c	mapped	0x10260c46c
System.Net.Http	221	0x060000de	System.Net.Http.HttpBaseStream	Write	0x2050	NoInlining	Public, Virtual, HideBySig	0x1004b1d54	0x94856a1a	0x10260c5bc	0x10260c5bc	mapped	0x10260c5bc
System.Net.Http	222	0x060000df	System.Net.Http.HttpBaseStream	WriteByte	0x2050	NoInlining	Public, Final, Virtual, HideBySig	0x1004b1d58	0x94856a55	0x10260c6ac	0x10260c6ac	mapped	0x10260c6ac
System.Net.Http	223	0x060000e0	System.Net.Http.HttpBaseStream	WriteAsync	0x2050	NoInlining	Public, Final, Virtual, HideBySig	0x1004b1d5c	0x94856a6f	0x10260c718	0x10260c718	mapped	0x10260c718
System.Net.Http	224	0x060000e1	System.Net.Http.HttpBaseStream	Flush	0x2050	NoInlining	Public, Virtual, HideBySig	0x1004b1d60	0x94856ab4	0x10260c830	0x10260c830	mapped	0x10260c830
System.Net.Http	225	0x060000e2	System.Net.Http.HttpBaseStream	FlushAsync	0x2050	NoInlining	Public, Virtual, HideBySig	0x1004b1d64	0x94856ae7	0x10260c900	0x10260c900	mapped	0x10260c900
System.Net.Http	226	0x060000e3	System.Net.Http.HttpBaseStream	NopAsync	0x2050	NoInlining	Family, Static, HideBySig	0x1004b1d68	0x94856af4	0x10260c938	0x10260c938	mapped	0x10260c938
System.Net.Http	227	0x060000e4	System.Net.Http.HttpBaseStream	Read	0x0	NoInlining	Public, Virtual, HideBySig, Abstract	0x1004b1d6c	0x97ffff1d	0x1004b19e0		absent	0x1004b19e0
System.Net.Http	228	0x060000e5	System.Net.Http.HttpBaseStream	ReadAsync	0x0	NoInlining	Public, Virtual, HideBySig, Abstract	0x1004b1d70	0x97ffff1c	0x1004b19e0		absent	0x1004b19e0
System.Net.Http	229	0x060000e6	System.Net.Http.HttpBaseStream	WriteAsync	0x0	NoInlining	Public, Virtual, HideBySig, Abstract	0x1004b1d74	0x97ffff1b	0x1004b19e0		absent	0x1004b19e0
System.Net.Http	230	0x060000e7	System.Net.Http.HttpBaseStream	.ctor	0x2050	NoInlining	Family, HideBySig, SpecialName, RTSpecialName	0x1004b1d78	0x94856b17	0x10260c9d4	0x10260c9d4	mapped	0x10260c9d4
System.Net.Http	231	0x060000e8	System.Net.Http.HttpClient	get_DefaultProxy	0x2050	NoInlining	Public, Static, HideBySig, SpecialName	0x1004b1d7c	0x94856b17	0x10260c9d8	0x10260c9d8	mapped	0x10260c9d8
System.Net.Http	232	0x060000e9	System.Net.Http.HttpClient	set_Timeout	0x2050	NoInlining	Public, HideBySig, SpecialName	0x1004b1d80	0x94856b59	0x10260cae4	0x10260cae4	mapped	0x10260cae4
System.Net.Http	233	0x060000ea	System.Net.Http.HttpClient	.ctor	0x2050	NoInlining	Public, HideBySig, SpecialName, RTSpecialName	0x1004b1d84	0x94856b8e	0x10260cbbc	0x10260cbbc	mapped	0x10260cbbc
System.Net.Http	234	0x060000eb	System.Net.Http.HttpClient	.ctor	0x2050	NoInlining	Public, HideBySig, SpecialName, RTSpecialName	0x1004b1d88	0x94856ba9	0x10260cc2c	0x10260cc2c	mapped	0x10260cc2c
System.Net.Http	235	0x060000ec	System.Net.Http.HttpClient	GetStreamAsync	0x2050	NoInlining	Public, HideBySig	0x1004b1d8c	0x94856bed	0x10260cd40	0x10260cd40	mapped	0x10260cd40
System.Net.Http	236	0x060000ed	System.Net.Http.HttpClient	GetStreamAsync	0x2050	NoInlining	Public, HideBySig	0x1004b1d90	0x94856bfd	0x10260cd84	0x10260cd84	mapped	0x10260cd84
System.Net.Http	237	0x060000ee	System.Net.Http.HttpClient	GetStreamAsyncCore	0x2050	NoInlining	Private, HideBySig	0x1004b1d94	0x94856c2b	0x10260ce40	0x10260ce40	mapped	0x10260ce40
System.Net.Http	238	0x060000ef	System.Net.Http.HttpClient	Send	0x2050	NoInlining	Public, Final, Virtual, HideBySig	0x1004b1d98	0x94856c6f	0x10260cf54	0x10260cf54	mapped	0x10260cf54
System.Net.Http	239	0x060000f0	System.Net.Http.HttpClient	Send	0x2050	NoInlining	Public, HideBySig	0x1004b1d9c	0x97fef585	0x10046f3b0	0x10046f3b0	mapped	0x10046f3b0
System.Net.Http	240	0x060000f1	System.Net.Http.HttpClient	SendAsync	0x2050	NoInlining	Public, Final, Virtual, HideBySig	0x1004b1da0	0x94856c82	0x10260cfa8	0x10260cfa8	mapped	0x10260cfa8
System.Net.Http	241	0x060000f2	System.Net.Http.HttpClient	SendAsync	0x2050	NoInlining	Public, HideBySig	0x1004b1da4	0x94856ca2	0x10260d02c	0x10260d02c	mapped	0x10260d02c
System.Net.Http	242	0x060000f3	System.Net.Http.HttpClient	CheckRequestBeforeSend	0x2050	NoInlining	Private, HideBySig	0x1004b1da8	0x94856cc3	0x10260d0b4	0x10260d0b4	mapped	0x10260d0b4
System.Net.Http	243	0x060000f4	System.Net.Http.HttpClient	ThrowForNullResponse	0x2050	NoInlining	Private, Static, HideBySig	0x1004b1dac	0x94856cf5	0x10260d180	0x10260d180	mapped	0x10260d180
System.Net.Http	244	0x060000f5	System.Net.Http.HttpClient	ShouldBufferResponse	0x2050	NoInlining	Private, Static, HideBySig	0x1004b1db0	0x94856d16	0x10260d208	0x10260d208	mapped	0x10260d208
System.Net.Http	245	0x060000f6	System.Net.Http.HttpClient	HandleFailure	0x2050	NoInlining	Private, HideBySig	0x1004b1db4	0x94856d41	0x10260d2b8	0x10260d2b8	mapped	0x10260d2b8
System.Net.Http	246	0x060000f7	System.Net.Http.HttpClient	StartSend	0x2050	NoInlining	Private, Static, HideBySig	0x1004b1db8	0x94856e14	0x10260d608	0x10260d608	mapped	0x10260d608
System.Net.Http	247	0x060000f8	System.Net.Http.HttpClient	FinishSend	0x2050	NoInlining	Private, Static, HideBySig	0x1004b1dbc	0x94856e2b	0x10260d668	0x10260d668	mapped	0x10260d668
System.Net.Http	248	0x060000f9	System.Net.Http.HttpClient	Dispose	0x2050	NoInlining	Family, Final, Virtual, HideBySig	0x1004b1dc0	0x94856e53	0x10260d70c	0x10260d70c	mapped	0x10260d70c
System.Net.Http	249	0x060000fa	System.Net.Http.HttpClient	SetOperationStarted	0x2050	NoInlining	Private, HideBySig	0x1004b1dc4	0x94856e7e	0x10260d7bc	0x10260d7bc	mapped	0x10260d7bc
System.Net.Http	250	0x060000fb	System.Net.Http.HttpClient	CheckDisposedOrStarted	0x2050	NoInlining	Private, HideBySig	0x1004b1dc8	0x94856e8e	0x10260d800	0x10260d800	mapped	0x10260d800
System.Net.Http	251	0x060000fc	System.Net.Http.HttpClient	CheckRequestMessage	0x2050	NoInlining	Private, Static, HideBySig	0x1004b1dcc	0x94856eb2	0x10260d894	0x10260d894	mapped	0x10260d894
System.Net.Http	252	0x060000fd	System.Net.Http.HttpClient	PrepareRequestMessage	0x2050	NoInlining	Private, HideBySig	0x1004b1dd0	0x94856ee6	0x10260d968	0x10260d968	mapped	0x10260d968
System.Net.Http	253	0x060000fe	System.Net.Http.HttpClient	PrepareCancellationTokenSource	0x2050	NoInlining	Private, HideBySig	0x1004b1dd4	0x94856f60	0x10260db54	0x10260db54	mapped	0x10260db54
System.Net.Http	254	0x060000ff	System.Net.Http.HttpClient	CreateRequestMessage	0x2050	NoInlining	Private, HideBySig	0x1004b1dd8	0x94856fd6	0x10260dd30	0x10260dd30	mapped	0x10260dd30
System.Net.Http	255	0x06000100	System.Net.Http.HttpClient	.cctor	0x2050	NoInlining	Private, Static, HideBySig, SpecialName, RTSpecialName	0x1004b1ddc	0x94857008	0x10260ddfc	0x10260ddfc	mapped	0x10260ddfc
System.Net.Http	256	0x06000101	System.Net.Http.HttpClient	<>n__0	0x2050	NoInlining	Private, HideBySig	0x1004b1de0	0x9485702e	0x10260de98	0x10260de98	mapped	0x10260de98
System.Net.Http	257	0x06000102	System.Net.Http.HttpClient	<SendAsync>g__Core|83_0	0x2050	NoInlining	Private, HideBySig	0x1004b1de4	0x94857041	0x10260dee8	0x10260dee8	mapped	0x10260dee8
System.Net.Http	258	0x06000103	System.Net.Http.HttpClient+<<SendAsync>g__Core|83_0>d	MoveNext	0x2050	NoInlining	Private, Final, Virtual, HideBySig, VtableLayoutMask	0x1004b1de8	0x97fef66a	0x10046f790	0x10046f790	mapped	0x10046f790
System.Net.Http	259	0x06000104	System.Net.Http.HttpClient+<<SendAsync>g__Core|83_0>d	SetStateMachine	0x2050	NoInlining	Private, Final, Virtual, HideBySig, VtableLayoutMask	0x1004b1dec	0x94857098	0x10260e04c	0x10260e04c	mapped	0x10260e04c
System.Net.Http	260	0x06000105	System.Net.Http.HttpClient+<>c	.cctor	0x2050	NoInlining	Private, Static, HideBySig, SpecialName, RTSpecialName	0x1004b1df0	0x948570ba	0x10260e0d8	0x10260e0d8	mapped	0x10260e0d8
System.Net.Http	261	0x06000106	System.Net.Http.HttpClient+<>c	.ctor	0x2050	NoInlining	Public, HideBySig, SpecialName, RTSpecialName	0x1004b1df4	0x948570d5	0x10260e148	0x10260e148	mapped	0x10260e148
System.Net.Http	262	0x06000107	System.Net.Http.HttpClient+<>c	<get_DefaultProxy>b__15_0	0x2050	NoInlining	Assembly, HideBySig	0x1004b1df8	0x948570e2	0x10260e180	0x10260e180	mapped	0x10260e180
System.Net.Http	263	0x06000108	System.Net.Http.HttpClient+<GetStreamAsyncCore>d__51	MoveNext	0x2050	NoInlining	Private, Final, Virtual, HideBySig, VtableLayoutMask	0x1004b1dfc	0x97fef8c9	0x100470120	0x100470120	mapped	0x100470120
System.Net.Http	264	0x06000109	System.Net.Http.HttpClient+<GetStreamAsyncCore>d__51	SetStateMachine	0x2050	NoInlining	Private, Final, Virtual, HideBySig, VtableLayoutMask	0x1004b1e00	0x948570ea	0x10260e1a8	0x10260e1a8	mapped	0x10260e1a8
System.Net.Http	265	0x0600010a	System.Net.Http.HttpClientHandler	get_Handler	0x2050	NoInlining	Private, HideBySig, SpecialName	0x1004b1e04	0x9485710c	0x10260e234	0x10260e234	mapped	0x10260e234
System.Net.Http	266	0x0600010b	System.Net.Http.HttpClientHandler	.ctor	0x2050	NoInlining	Public, HideBySig, SpecialName, RTSpecialName	0x1004b1e08	0x9485714a	0x10260e330	0x10260e330	mapped	0x10260e330
System.Net.Http	267	0x0600010c	System.Net.Http.HttpClientHandler	Dispose	0x2050	NoInlining	Family, Final, Virtual, HideBySig	0x1004b1e0c	0x9485717b	0x10260e3f8	0x10260e3f8	mapped	0x10260e3f8
System.Net.Http	268	0x0600010d	System.Net.Http.HttpClientHandler	set_Credentials	0x2050	NoInlining	Public, HideBySig, SpecialName	0x1004b1e10	0x948571a4	0x10260e4a0	0x10260e4a0	mapped	0x10260e4a0
System.Net.Http	269	0x0600010e	System.Net.Http.HttpClientHandler	set_Proxy	0x2050	NoInlining	Public, HideBySig, SpecialName	0x1004b1e14	0x948571b3	0x10260e4e0	0x10260e4e0	mapped	0x10260e4e0
System.Net.Http	270	0x0600010f	System.Net.Http.HttpClientHandler	Send	0x2050	NoInlining	FamORAssem, Final, Virtual, HideBySig	0x1004b1e18	0x948571c2	0x10260e520	0x10260e520	mapped	0x10260e520
System.Net.Http	271	0x06000110	System.Net.Http.HttpClientHandler	SendAsync	0x2050	NoInlining	FamORAssem, Final, Virtual, HideBySig	0x1004b1e1c	0x948571cc	0x10260e54c	0x10260e54c	mapped	0x10260e54c
System.Net.Http	272	0x06000111	System.Net.Http.HttpClientHandler	SetProxy	0x2050	NoInlining	Private, HideBySig	0x1004b1e20	0x948571f6	0x10260e5f8	0x10260e5f8	mapped	0x10260e5f8
System.Net.Http	273	0x06000112	System.Net.Http.HttpClientHandler	SetCredentials	0x2050	NoInlining	Private, HideBySig	0x1004b1e24	0x94857239	0x10260e708	0x10260e708	mapped	0x10260e708
System.Net.Http	274	0x06000113	System.Net.Http.HttpClientHandler	CreateNativeHandler	0x2050	NoInlining	Private, Static, HideBySig	0x1004b1e28	0x9485727c	0x10260e818	0x10260e818	mapped	0x10260e818
System.Net.Http	275	0x06000114	System.Net.Http.HttpClientHandler	InvokeNativeHandlerSetter	0x2050	NoInlining	Private, HideBySig	0x1004b1e2c	0x948572b8	0x10260e90c	0x10260e90c	mapped	0x10260e90c
System.Net.Http	276	0x06000115	System.Net.Http.HttpClientHandler	InvokeNativeHandlerMethod	0x2050	NoInlining	Private, HideBySig	0x1004b1e30	0x948572e2	0x10260e9b8	0x10260e9b8	mapped	0x10260e9b8
System.Net.Http	277	0x06000116	System.Net.Http.HttpClientHandler	.cctor	0x2050	NoInlining	Private, Static, HideBySig, SpecialName, RTSpecialName	0x1004b1e34	0x9485734a	0x10260eb5c	0x10260eb5c	mapped	0x10260eb5c
System.Net.Http	278	0x06000117	System.Net.Http.HttpClientHandler+<>c	.cctor	0x2050	NoInlining	Private, Static, HideBySig, SpecialName, RTSpecialName	0x1004b1e38	0x94857369	0x10260ebdc	0x10260ebdc	mapped	0x10260ebdc
System.Net.Http	279	0x06000118	System.Net.Http.HttpClientHandler+<>c	.ctor	0x2050	NoInlining	Public, HideBySig, SpecialName, RTSpecialName	0x1004b1e3c	0x94857384	0x10260ec4c	0x10260ec4c	mapped	0x10260ec4c
System.Net.Http	280	0x06000119	System.Net.Http.HttpClientHandler+<>c	<SetProxy>b__113_0	0x2050	NoInlining	Assembly, HideBySig	0x1004b1e40	0x94857391	0x10260ec84	0x10260ec84	mapped	0x10260ec84
System.Net.Http	281	0x0600011a	System.Net.Http.HttpClientHandler+<>c	<SetCredentials>b__125_0	0x2050	NoInlining	Assembly, HideBySig	0x1004b1e44	0x948573b0	0x10260ed04	0x10260ed04	mapped	0x10260ed04
System.Net.Http	282	0x0600011b	System.Net.Http.HttpContent	get_Headers	0x2050	NoInlining	Public, HideBySig, SpecialName	0x1004b1e48	0x948573cf	0x10260ed84	0x10260ed84	mapped	0x10260ed84
System.Net.Http	283	0x0600011c	System.Net.Http.HttpContent	get_IsBuffered	0x2050	NoInlining	Private, HideBySig, SpecialName	0x1004b1e4c	0x94857402	0x10260ee54	0x10260ee54	mapped	0x10260ee54
System.Net.Http	284	0x0600011d	System.Net.Http.HttpContent	TryGetBuffer	0x2050	NoInlining	Assembly, HideBySig	0x1004b1e50	0x9485740c	0x10260ee80	0x10260ee80	mapped	0x10260ee80
System.Net.Http	285	0x0600011e	System.Net.Http.HttpContent	.ctor	0x2050	NoInlining	Family, HideBySig, SpecialName, RTSpecialName	0x1004b1e54	0x94857424	0x10260eee4	0x10260eee4	mapped	0x10260eee4
System.Net.Http	286	0x0600011f	System.Net.Http.HttpContent	ReadAsStringAsync	0x2050	NoInlining	Public, HideBySig	0x1004b1e58	0x94857441	0x10260ef5c	0x10260ef5c	mapped	0x10260ef5c
System.Net.Http	287	0x06000120	System.Net.Http.HttpContent	ReadAsStringAsync	0x2050	NoInlining	Public, HideBySig	0x1004b1e5c	0x9485744f	0x10260ef98	0x10260ef98	mapped	0x10260ef98
System.Net.Http	288	0x06000121	System.Net.Http.HttpContent	ReadBufferedContentAsString	0x2050	NoInlining	Private, HideBySig	0x1004b1e60	0x948574a2	0x10260f0e8	0x10260f0e8	mapped	0x10260f0e8
System.Net.Http	289	0x06000122	System.Net.Http.HttpContent	ReadBufferAsString	0x2050	NoInlining	Assembly, Static, HideBySig	0x1004b1e64	0x948574e7	0x10260f200	0x10260f200	mapped	0x10260f200
System.Net.Http	290	0x06000123	System.Net.Http.HttpContent	ReadAsByteArrayAsync	0x2050	NoInlining	Public, HideBySig	0x1004b1e68	0x94857560	0x10260f3e8	0x10260f3e8	mapped	0x10260f3e8
System.Net.Http	291	0x06000124	System.Net.Http.HttpContent	ReadAsByteArrayAsync	0x2050	NoInlining	Public, HideBySig	0x1004b1e6c	0x9485756e	0x10260f424	0x10260f424	mapped	0x10260f424
System.Net.Http	292	0x06000125	System.Net.Http.HttpContent	ReadBufferedContentAsByteArray	0x2050	NoInlining	Assembly, HideBySig	0x1004b1e70	0x948575c1	0x10260f574	0x10260f574	mapped	0x10260f574
System.Net.Http	293	0x06000126	System.Net.Http.HttpContent	ReadAsStream	0x2050	NoInlining	Public, HideBySig	0x1004b1e74	0x948575d8	0x10260f5d4	0x10260f5d4	mapped	0x10260f5d4
System.Net.Http	294	0x06000127	System.Net.Http.HttpContent	ReadAsStream	0x2050	NoInlining	Public, HideBySig	0x1004b1e78	0x948575e6	0x10260f610	0x10260f610	mapped	0x10260f610
System.Net.Http	295	0x06000128	System.Net.Http.HttpContent	ReadAsStreamAsync	0x2050	NoInlining	Public, HideBySig	0x1004b1e7c	0x94857647	0x10260f798	0x10260f798	mapped	0x10260f798
System.Net.Http	296	0x06000129	System.Net.Http.HttpContent	ReadAsStreamAsync	0x2050	NoInlining	Public, HideBySig	0x1004b1e80	0x94857655	0x10260f7d4	0x10260f7d4	mapped	0x10260f7d4
System.Net.Http	297	0x0600012a	System.Net.Http.HttpContent	TryReadAsStream	0x2050	NoInlining	Assembly, HideBySig	0x1004b1e84	0x948576b4	0x10260f954	0x10260f954	mapped	0x10260f954
System.Net.Http	298	0x0600012b	System.Net.Http.HttpContent	SerializeToStreamAsync	0x0	NoInlining	Family, Virtual, HideBySig, VtableLayoutMask, Abstract	0x1004b1e88	0x97fffed6	0x1004b19e0		absent	0x1004b19e0
System.Net.Http	299	0x0600012c	System.Net.Http.HttpContent	SerializeToStream	0x2050	NoInlining	Family, Virtual, HideBySig, VtableLayoutMask	0x1004b1e8c	0x94857718	0x10260faec	0x10260faec	mapped	0x10260faec
System.Net.Http	300	0x0600012d	System.Net.Http.HttpContent	SerializeToStreamAsync	0x2050	NoInlining	Family, Virtual, HideBySig, VtableLayoutMask	0x1004b1e90	0x94857740	0x10260fb90	0x10260fb90	mapped	0x10260fb90
System.Net.Http	301	0x0600012e	System.Net.Http.HttpContent	get_AllowDuplex	0x2050	NoInlining	Assembly, Virtual, HideBySig, VtableLayoutMask, CheckAccessOnOverride, SpecialName	0x1004b1e94	0x9485775b	0x10260fc00	0x10260fc00	mapped	0x10260fc00
System.Net.Http	302	0x0600012f	System.Net.Http.HttpContent	CopyTo	0x2050	NoInlining	Public, HideBySig	0x1004b1e98	0x97fefafa	0x100470a80	0x100470a80	mapped	0x100470a80
System.Net.Http	303	0x06000130	System.Net.Http.HttpContent	CopyToAsync	0x2050	NoInlining	Public, HideBySig	0x1004b1e9c	0x97fefb71	0x100470c60	0x100470c60	mapped	0x100470c60
System.Net.Http	304	0x06000131	System.Net.Http.HttpContent	InternalCopyToAsync	0x2050	NoInlining	Assembly, HideBySig	0x1004b1ea0	0x9485775a	0x10260fc08	0x10260fc08	mapped	0x10260fc08
System.Net.Http	305	0x06000132	System.Net.Http.HttpContent	LoadIntoBuffer	0x2050	NoInlining	Assembly, HideBySig	0x1004b1ea4	0x97fefbdf	0x100470e20	0x100470e20	mapped	0x100470e20
System.Net.Http	306	0x06000133	System.Net.Http.HttpContent	LoadIntoBufferAsync	0x2050	NoInlining	Public, HideBySig	0x1004b1ea8	0x948577b2	0x10260fd70	0x10260fd70	mapped	0x10260fd70
System.Net.Http	307	0x06000134	System.Net.Http.HttpContent	LoadIntoBufferAsync	0x2050	NoInlining	Public, HideBySig	0x1004b1eac	0x948577c1	0x10260fdb0	0x10260fdb0	mapped	0x10260fdb0
System.Net.Http	308	0x06000135	System.Net.Http.HttpContent	LoadIntoBufferAsync	0x2050	NoInlining	Assembly, HideBySig	0x1004b1eb0	0x948577d1	0x10260fdf4	0x10260fdf4	mapped	0x10260fdf4
System.Net.Http	309	0x06000136	System.Net.Http.HttpContent	LoadIntoBufferAsync	0x2050	NoInlining	Assembly, HideBySig	0x1004b1eb4	0x97fefcab	0x100471160	0x100471160	mapped	0x100471160
System.Net.Http	310	0x06000137	System.Net.Http.HttpContent	LoadIntoBufferAsyncCore	0x2050	NoInlining	Private, HideBySig	0x1004b1eb8	0x948577e0	0x10260fe38	0x10260fe38	mapped	0x10260fe38
System.Net.Http	311	0x06000138	System.Net.Http.HttpContent	CreateContentReadStream	0x2050	NoInlining	Family, Virtual, HideBySig, VtableLayoutMask	0x1004b1ebc	0x94857825	0x10260ff50	0x10260ff50	mapped	0x10260ff50
System.Net.Http	312	0x06000139	System.Net.Http.HttpContent	CreateContentReadStreamAsync	0x2050	NoInlining	Family, Virtual, HideBySig, VtableLayoutMask	0x1004b1ec0	0x9485783b	0x10260ffac	0x10260ffac	mapped	0x10260ffac
System.Net.Http	313	0x0600013a	System.Net.Http.HttpContent	CreateContentReadStreamAsync	0x2050	NoInlining	Family, Virtual, HideBySig, VtableLayoutMask	0x1004b1ec4	0x94857882	0x1026100cc	0x1026100cc	mapped	0x1026100cc
System.Net.Http	314	0x0600013b	System.Net.Http.HttpContent	TryCreateContentReadStream	0x2050	NoInlining	Assembly, Virtual, HideBySig, VtableLayoutMask, CheckAccessOnOverride	0x1004b1ec8	0x94857897	0x102610124	0x102610124	mapped	0x102610124
System.Net.Http	315	0x0600013c	System.Net.Http.HttpContent	TryComputeLength	0x0	NoInlining	FamORAssem, Virtual, HideBySig, VtableLayoutMask, Abstract	0x1004b1ecc	0x97fffec5	0x1004b19e0		absent	0x1004b19e0
System.Net.Http	316	0x0600013d	System.Net.Http.HttpContent	GetComputedOrBufferLength	0x2050	NoInlining	Assembly, HideBySig	0x1004b1ed0	0x94857897	0x10261012c	0x10261012c	mapped	0x10261012c
System.Net.Http	317	0x0600013e	System.Net.Http.HttpContent	CreateTemporaryBuffer	0x2050	NoInlining	Private, HideBySig	0x1004b1ed4	0x948578d1	0x102610218	0x102610218	mapped	0x102610218
System.Net.Http	318	0x0600013f	System.Net.Http.HttpContent	CreateMemoryStream	0x2050	NoInlining	Private, HideBySig	0x1004b1ed8	0x94857939	0x1026103bc	0x1026103bc	mapped	0x1026103bc
System.Net.Http	319	0x06000140	System.Net.Http.HttpContent	Dispose	0x2050	NoInlining	Family, Virtual, HideBySig, VtableLayoutMask	0x1004b1edc	0x94857982	0x1026104e4	0x1026104e4	mapped	0x1026104e4
System.Net.Http	320	0x06000141	System.Net.Http.HttpContent	Dispose	0x2050	NoInlining	Public, Final, Virtual, HideBySig, VtableLayoutMask	0x1004b1ee0	0x948579c4	0x1026105f0	0x1026105f0	mapped	0x1026105f0
System.Net.Http	321	0x06000142	System.Net.Http.HttpContent	CheckDisposed	0x2050	NoInlining	Private, HideBySig	0x1004b1ee4	0x948579dc	0x102610654	0x102610654	mapped	0x102610654
System.Net.Http	322	0x06000143	System.Net.Http.HttpContent	CheckTaskNotNull	0x2050	NoInlining	Private, HideBySig	0x1004b1ee8	0x948579f2	0x1026106b0	0x1026106b0	mapped	0x1026106b0
System.Net.Http	323	0x06000144	System.Net.Http.HttpContent	StreamCopyExceptionNeedsWrapping	0x2050	NoInlining	Assembly, Static, HideBySig	0x1004b1eec	0x94857a1e	0x102610764	0x102610764	mapped	0x102610764
System.Net.Http	324	0x06000145	System.Net.Http.HttpContent	GetStreamCopyException	0x2050	NoInlining	Private, Static, HideBySig	0x1004b1ef0	0x94857a3d	0x1026107e4	0x1026107e4	mapped	0x1026107e4
System.Net.Http	325	0x06000146	System.Net.Http.HttpContent	WrapStreamCopyException	0x2050	NoInlining	Assembly, Static, HideBySig	0x1004b1ef4	0x94857a64	0x102610884	0x102610884	mapped	0x102610884
System.Net.Http	326	0x06000147	System.Net.Http.HttpContent	GetPreambleLength	0x2050	NoInlining	Private, Static, HideBySig	0x1004b1ef8	0x94857aa2	0x102610980	0x102610980	mapped	0x102610980
System.Net.Http	327	0x06000148	System.Net.Http.HttpContent	TryDetectEncoding	0x2050	NoInlining	Private, Static, HideBySig	0x1004b1efc	0x94857b7c	0x102610cec	0x102610cec	mapped	0x102610cec
System.Net.Http	328	0x06000149	System.Net.Http.HttpContent	BufferHasPrefix	0x2050	NoInlining	Private, Static, HideBySig	0x1004b1f00	0x94857c56	0x102611058	0x102611058	mapped	0x102611058
System.Net.Http	329	0x0600014a	System.Net.Http.HttpContent	WaitAndReturnAsync	0x2050	NoInlining	Private, Static, HideBySig	0x1004b1f04	0x94857c99	0x102611168	0x102611168	mapped	0x102611168
System.Net.Http	330	0x0600014b	System.Net.Http.HttpContent	CreateOverCapacityException	0x2050	NoInlining	Private, Static, HideBySig	0x1004b1f08	0x94857cec	0x1026112b8	0x1026112b8	mapped	0x1026112b8
System.Net.Http	331	0x0600014c	System.Net.Http.HttpContent	.cctor	0x2050	NoInlining	Private, Static, HideBySig, SpecialName, RTSpecialName	0x1004b1f0c	0x94857d2a	0x1026113b4	0x1026113b4	mapped	0x1026113b4
System.Net.Http	332	0x0600014d	System.Net.Http.HttpContent	<CopyToAsync>g__WaitAsync|56_0	0x2050	NoInlining	Assembly, Static, HideBySig	0x1004b1f10	0x94857d4a	0x102611438	0x102611438	mapped	0x102611438
System.Net.Http	333	0x0600014e	System.Net.Http.HttpContent+LimitMemoryStream	.ctor	0x2050	NoInlining	Public, HideBySig, SpecialName, RTSpecialName	0x1004b1f14	0x94857d7a	0x1026114fc	0x1026114fc	mapped	0x1026114fc
System.Net.Http	334	0x0600014f	System.Net.Http.HttpContent+LimitMemoryStream	Write	0x2050	NoInlining	Public, Final, Virtual, HideBySig	0x1004b1f18	0x94857d92	0x102611560	0x102611560	mapped	0x102611560
System.Net.Http	335	0x06000150	System.Net.Http.HttpContent+LimitMemoryStream	WriteByte	0x2050	NoInlining	Public, Final, Virtual, HideBySig	0x1004b1f1c	0x94857daa	0x1026115c4	0x1026115c4	mapped	0x1026115c4
System.Net.Http	336	0x06000151	System.Net.Http.HttpContent+LimitMemoryStream	WriteAsync	0x2050	NoInlining	Public, Final, Virtual, HideBySig	0x1004b1f20	0x94857dbc	0x102611610	0x102611610	mapped	0x102611610
System.Net.Http	337	0x06000152	System.Net.Http.HttpContent+LimitMemoryStream	WriteAsync	0x2050	NoInlining	Public, Final, Virtual, HideBySig	0x1004b1f24	0x94857dd8	0x102611684	0x102611684	mapped	0x102611684
System.Net.Http	338	0x06000153	System.Net.Http.HttpContent+LimitMemoryStream	BeginWrite	0x2050	NoInlining	Public, Final, Virtual, HideBySig	0x1004b1f28	0x94857df3	0x1026116f4	0x1026116f4	mapped	0x1026116f4
System.Net.Http	339	0x06000154	System.Net.Http.HttpContent+LimitMemoryStream	EndWrite	0x2050	NoInlining	Public, Final, Virtual, HideBySig	0x1004b1f2c	0x94857e11	0x102611770	0x102611770	mapped	0x102611770
System.Net.Http	340	0x06000155	System.Net.Http.HttpContent+LimitMemoryStream	CopyToAsync	0x2050	NoInlining	Public, Final, Virtual, HideBySig	0x1004b1f30	0x94857e20	0x1026117b0	0x1026117b0	mapped	0x1026117b0
System.Net.Http	341	0x06000156	System.Net.Http.HttpContent+LimitMemoryStream	CheckSize	0x2050	NoInlining	Private, HideBySig	0x1004b1f34	0x94857e65	0x1026118c8	0x1026118c8	mapped	0x1026118c8
System.Net.Http	342	0x06000157	System.Net.Http.HttpContent+<<CopyToAsync>g__WaitAsync|56_0>d	MoveNext	0x2050	NoInlining	Private, Final, Virtual, HideBySig, VtableLayoutMask	0x1004b1f38	0x97fefd0a	0x100471360	0x100471360	mapped	0x100471360
System.Net.Http	343	0x06000158	System.Net.Http.HttpContent+<<CopyToAsync>g__WaitAsync|56_0>d	SetStateMachine	0x2050	NoInlining	Private, Final, Virtual, HideBySig, VtableLayoutMask	0x1004b1f3c	0x94857e84	0x10261194c	0x10261194c	mapped	0x10261194c
System.Net.Http	344	0x06000159	System.Net.Http.HttpContent+<>c	.cctor	0x2050	NoInlining	Private, Static, HideBySig, SpecialName, RTSpecialName	0x1004b1f40	0x94857e99	0x1026119a4	0x1026119a4	mapped	0x1026119a4
System.Net.Http	345	0x0600015a	System.Net.Http.HttpContent+<>c	.ctor	0x2050	NoInlining	Public, HideBySig, SpecialName, RTSpecialName	0x1004b1f44	0x94857eb4	0x102611a14	0x102611a14	mapped	0x102611a14
System.Net.Http	346	0x0600015b	System.Net.Http.HttpContent+<>c	<ReadAsStringAsync>b__36_0	0x2050	NoInlining	Assembly, HideBySig	0x1004b1f48	0x94857ec1	0x102611a4c	0x102611a4c	mapped	0x102611a4c
System.Net.Http	347	0x0600015c	System.Net.Http.HttpContent+<>c	<ReadAsByteArrayAsync>b__40_0	0x2050	NoInlining	Assembly, HideBySig	0x1004b1f4c	0x94857ed4	0x102611a9c	0x102611a9c	mapped	0x102611a9c
System.Net.Http	348	0x0600015d	System.Net.Http.HttpContent+<>c	<LoadIntoBuffer>b__58_0	0x2050	NoInlining	Assembly, HideBySig	0x1004b1f50	0x94857ee7	0x102611aec	0x102611aec	mapped	0x102611aec
System.Net.Http	349	0x0600015e	System.Net.Http.HttpContent+<>c	<CreateContentReadStreamAsync>b__65_0	0x2050	NoInlining	Assembly, HideBySig	0x1004b1f54	0x94857f16	0x102611bac	0x102611bac	mapped	0x102611bac
System.Net.Http	350	0x0600015f	System.Net.Http.HttpContent+<LoadIntoBufferAsyncCore>d__63	MoveNext	0x2050	NoInlining	Private, Final, Virtual, HideBySig, VtableLayoutMask	0x1004b1f58	0x97fefe72	0x100471920	0x100471920	mapped	0x100471920
System.Net.Http	351	0x06000160	System.Net.Http.HttpContent+<LoadIntoBufferAsyncCore>d__63	SetStateMachine	0x2050	NoInlining	Private, Final, Virtual, HideBySig, VtableLayoutMask	0x1004b1f5c	0x94857f1d	0x102611bd0	0x102611bd0	mapped	0x102611bd0
System.Net.Http	352	0x06000161	System.Net.Http.HttpContent+<WaitAndReturnAsync>d__82`2	MoveNext	0x2050	NoInlining	Private, Final, Virtual, HideBySig, VtableLayoutMask	0x1004b1f60	0x94857f32	0x102611c28	0x102611c28	mapped	0x102611c28
System.Net.Http	353	0x06000162	System.Net.Http.HttpContent+<WaitAndReturnAsync>d__82`2	SetStateMachine	0x2050	NoInlining	Private, Final, Virtual, HideBySig, VtableLayoutMask	0x1004b1f64	0x94857fdf	0x102611ee0	0x102611ee0	mapped	0x102611ee0
System.Net.Http	354	0x06000163	System.Net.Http.HttpMessageHandler	.ctor	0x2050	NoInlining	Family, HideBySig, SpecialName, RTSpecialName	0x1004b1f68	0x9485800f	0x102611fa4	0x102611fa4	mapped	0x102611fa4
System.Net.Http	355	0x06000164	System.Net.Http.HttpMessageHandler	Send	0x2050	NoInlining	FamORAssem, Virtual, HideBySig, VtableLayoutMask	0x1004b1f6c	0x94858025	0x102612000	0x102612000	mapped	0x102612000
System.Net.Http	356	0x06000165	System.Net.Http.HttpMessageHandler	SendAsync	0x0	NoInlining	FamORAssem, Virtual, HideBySig, VtableLayoutMask, Abstract	0x1004b1f70	0x97fffe9c	0x1004b19e0		absent	0x1004b19e0
System.Net.Http	357	0x06000166	System.Net.Http.HttpMessageHandler	Dispose	0x2050	NoInlining	Family, Virtual, HideBySig, VtableLayoutMask	0x1004b1f74	0x9485804c	0x1026120a4	0x1026120a4	mapped	0x1026120a4
System.Net.Http	358	0x06000167	System.Net.Http.HttpMessageHandler	Dispose	0x2050	NoInlining	Public, Final, Virtual, HideBySig, VtableLayoutMask	0x1004b1f78	0x9485804c	0x1026120a8	0x1026120a8	mapped	0x1026120a8
System.Net.Http	359	0x06000168	System.Net.Http.HttpMessageInvoker	.ctor	0x2050	NoInlining	Public, HideBySig, SpecialName, RTSpecialName	0x1004b1f7c	0x94858064	0x10261210c	0x10261210c	mapped	0x10261210c
System.Net.Http	360	0x06000169	System.Net.Http.HttpMessageInvoker	Send	0x2050	NoInlining	Public, Virtual, HideBySig, VtableLayoutMask	0x1004b1f80	0x94858097	0x1026121dc	0x1026121dc	mapped	0x1026121dc
System.Net.Http	361	0x0600016a	System.Net.Http.HttpMessageInvoker	SendAsync	0x2050	NoInlining	Public, Virtual, HideBySig, VtableLayoutMask	0x1004b1f84	0x948580d7	0x1026122e0	0x1026122e0	mapped	0x1026122e0
System.Net.Http	362	0x0600016b	System.Net.Http.HttpMessageInvoker	ShouldSendWithTelemetry	0x2050	NoInlining	Private, Static, HideBySig	0x1004b1f88	0x94858117	0x1026123e4	0x1026123e4	mapped	0x1026123e4
System.Net.Http	363	0x0600016c	System.Net.Http.HttpMessageInvoker	LogRequestFailed	0x2050	NoInlining	Assembly, Static, HideBySig	0x1004b1f8c	0x9485812e	0x102612444	0x102612444	mapped	0x102612444
System.Net.Http	364	0x0600016d	System.Net.Http.HttpMessageInvoker	Dispose	0x2050	NoInlining	Public, Final, Virtual, HideBySig, VtableLayoutMask	0x1004b1f90	0x94858145	0x1026124a4	0x1026124a4	mapped	0x1026124a4
System.Net.Http	365	0x0600016e	System.Net.Http.HttpMessageInvoker	Dispose	0x2050	NoInlining	Family, Virtual, HideBySig, VtableLayoutMask	0x1004b1f94	0x9485815d	0x102612508	0x102612508	mapped	0x102612508
System.Net.Http	366	0x0600016f	System.Net.Http.HttpMethod	get_Get	0x2050	NoInlining	Public, Static, HideBySig, SpecialName	0x1004b1f98	0x94858186	0x1026125b0	0x1026125b0	mapped	0x1026125b0
System.Net.Http	367	0x06000170	System.Net.Http.HttpMethod	get_Post	0x2050	NoInlining	Public, Static, HideBySig, SpecialName	0x1004b1f9c	0x94858196	0x1026125f4	0x1026125f4	mapped	0x1026125f4
System.Net.Http	368	0x06000171	System.Net.Http.HttpMethod	get_Delete	0x2050	NoInlining	Public, Static, HideBySig, SpecialName	0x1004b1fa0	0x948581a6	0x102612638	0x102612638	mapped	0x102612638
System.Net.Http	369	0x06000172	System.Net.Http.HttpMethod	get_Head	0x2050	NoInlining	Public, Static, HideBySig, SpecialName	0x1004b1fa4	0x948581b6	0x10261267c	0x10261267c	mapped	0x10261267c
System.Net.Http	370	0x06000173	System.Net.Http.HttpMethod	get_Options	0x2050	NoInlining	Public, Static, HideBySig, SpecialName	0x1004b1fa8	0x948581c6	0x1026126c0	0x1026126c0	mapped	0x1026126c0
System.Net.Http	371	0x06000174	System.Net.Http.HttpMethod	get_Connect	0x2050	NoInlining	Public, Static, HideBySig, SpecialName	0x1004b1fac	0x948581d6	0x102612704	0x102612704	mapped	0x102612704
System.Net.Http	372	0x06000175	System.Net.Http.HttpMethod	get_Method	0x2050	NoInlining	Public, HideBySig, SpecialName	0x1004b1fb0	0x948581e6	0x102612748	0x102612748	mapped	0x102612748
System.Net.Http	373	0x06000176	System.Net.Http.HttpMethod	.ctor	0x2050	NoInlining	Public, HideBySig, SpecialName, RTSpecialName	0x1004b1fb4	0x948581ee	0x10261276c	0x10261276c	mapped	0x10261276c
System.Net.Http	374	0x06000177	System.Net.Http.HttpMethod	.ctor	0x2050	NoInlining	Private, HideBySig, SpecialName, RTSpecialName	0x1004b1fb8	0x9485823b	0x1026128a4	0x1026128a4	mapped	0x1026128a4
System.Net.Http	375	0x06000178	System.Net.Http.HttpMethod	Equals	0x2050	NoInlining	Public, Final, Virtual, HideBySig, VtableLayoutMask	0x1004b1fbc	0x9485825e	0x102612934	0x102612934	mapped	0x102612934
System.Net.Http	376	0x06000179	System.Net.Http.HttpMethod	Equals	0x2050	NoInlining	Public, Final, Virtual, HideBySig	0x1004b1fc0	0x9485827a	0x1026129a8	0x1026129a8	mapped	0x1026129a8
System.Net.Http	377	0x0600017a	System.Net.Http.HttpMethod	GetHashCode	0x2050	NoInlining	Public, Final, Virtual, HideBySig	0x1004b1fc4	0x9485829b	0x102612a30	0x102612a30	mapped	0x102612a30
System.Net.Http	378	0x0600017b	System.Net.Http.HttpMethod	ToString	0x2050	NoInlining	Public, Final, Virtual, HideBySig	0x1004b1fc8	0x948582ca	0x102612af0	0x102612af0	mapped	0x102612af0
System.Net.Http	379	0x0600017c	System.Net.Http.HttpMethod	op_Equality	0x2050	NoInlining	Public, Static, HideBySig, SpecialName	0x1004b1fcc	0x948582d2	0x102612b14	0x102612b14	mapped	0x102612b14
System.Net.Http	380	0x0600017d	System.Net.Http.HttpMethod	op_Inequality	0x2050	NoInlining	Public, Static, HideBySig, SpecialName	0x1004b1fd0	0x948582f1	0x102612b94	0x102612b94	mapped	0x102612b94
System.Net.Http	381	0x0600017e	System.Net.Http.HttpMethod	Parse	0x2050	NoInlining	Public, Static, HideBySig	0x1004b1fd4	0x9485830d	0x102612c08	0x102612c08	mapped	0x102612c08
System.Net.Http	382	0x0600017f	System.Net.Http.HttpMethod	Normalize	0x2050	NoInlining	Assembly, Static, HideBySig	0x1004b1fd8	0x94858339	0x102612cbc	0x102612cbc	mapped	0x102612cbc
System.Net.Http	383	0x06000180	System.Net.Http.HttpMethod	GetKnownMethod	0x2050	NoInlining	Assembly, Static, HideBySig	0x1004b1fdc	0x94858362	0x102612d64	0x102612d64	mapped	0x102612d64
System.Net.Http	384	0x06000181	System.Net.Http.HttpMethod	get_MustHaveRequestBody	0x2050	NoInlining	Assembly, HideBySig, SpecialName	0x1004b1fe0	0x948583c3	0x102612eec	0x102612eec	mapped	0x102612eec
System.Net.Http	385	0x06000182	System.Net.Http.HttpMethod	.cctor	0x2050	NoInlining	Private, Static, HideBySig, SpecialName, RTSpecialName	0x1004b1fe4	0x9485840e	0x10261301c	0x10261301c	mapped	0x10261301c
System.Net.Http	386	0x06000183	System.Net.Http.HttpProtocolException	.ctor	0x2050	NoInlining	Public, HideBySig, SpecialName, RTSpecialName	0x1004b1fe8	0x948584d3	0x102613334	0x102613334	mapped	0x102613334
System.Net.Http	387	0x06000184	System.Net.Http.HttpProtocolException	CreateHttp2StreamException	0x2050	NoInlining	Assembly, Static, HideBySig	0x1004b1fec	0x948584f0	0x1026133ac	0x1026133ac	mapped	0x1026133ac
System.Net.Http	388	0x06000185	System.Net.Http.HttpProtocolException	CreateHttp2ConnectionException	0x2050	NoInlining	Assembly, Static, HideBySig	0x1004b1ff0	0x94858531	0x1026134b4	0x1026134b4	mapped	0x1026134b4
System.Net.Http	389	0x06000186	System.Net.Http.HttpProtocolException	GetName	0x2050	NoInlining	Private, Static, HideBySig	0x1004b1ff4	0x94858575	0x1026135c8	0x1026135c8	mapped	0x1026135c8
System.Net.Http	390	0x06000187	System.Net.Http.HttpRequestException	get_AllowRetry	0x2050	NoInlining	Assembly, HideBySig, SpecialName	0x1004b1ff8	0x9485858d	0x10261362c	0x10261362c	mapped	0x10261362c
System.Net.Http	391	0x06000188	System.Net.Http.HttpRequestException	.ctor	0x2050	NoInlining	Public, HideBySig, SpecialName, RTSpecialName	0x1004b1ffc	0x94858595	0x102613650	0x102613650	mapped	0x102613650
System.Net.Http	392	0x06000189	System.Net.Http.HttpRequestException	.ctor	0x2050	NoInlining	Public, HideBySig, SpecialName, RTSpecialName	0x1004b2000	0x948585a7	0x10261369c	0x10261369c	mapped	0x10261369c
System.Net.Http	393	0x0600018a	System.Net.Http.HttpRequestException	.ctor	0x2050	NoInlining	Public, HideBySig, SpecialName, RTSpecialName	0x1004b2004	0x948585c2	0x10261370c	0x10261370c	mapped	0x10261370c
System.Net.Http	394	0x0600018b	System.Net.Http.HttpRequestException	.ctor	0x2050	NoInlining	Public, HideBySig, SpecialName, RTSpecialName	0x1004b2008	0x948585de	0x102613780	0x102613780	mapped	0x102613780
System.Net.Http	395	0x0600018c	System.Net.Http.HttpRequestException	get_HttpRequestError	0x2050	NoInlining	Public, HideBySig, SpecialName	0x1004b200c	0x948585fb	0x1026137f8	0x1026137f8	mapped	0x1026137f8
System.Net.Http	396	0x0600018d	System.Net.Http.HttpRequestException	.ctor	0x2050	NoInlining	Assembly, HideBySig, SpecialName, RTSpecialName	0x1004b2010	0x94858603	0x10261381c	0x10261381c	mapped	0x10261381c
System.Net.Http	397	0x0600018e	System.Net.Http.HttpRequestMessage	get_DefaultRequestVersion	0x2050	NoInlining	Assembly, Static, HideBySig, SpecialName	0x1004b2014	0x94858620	0x102613894	0x102613894	mapped	0x102613894
System.Net.Http	398	0x0600018f	System.Net.Http.HttpRequestMessage	get_Version	0x2050	NoInlining	Public, HideBySig, SpecialName	0x1004b2018	0x94858630	0x1026138d8	0x1026138d8	mapped	0x1026138d8
System.Net.Http	399	0x06000190	System.Net.Http.HttpRequestMessage	set_Version	0x2050	NoInlining	Public, HideBySig, SpecialName	0x1004b201c	0x94858638	0x1026138fc	0x1026138fc	mapped	0x1026138fc
System.Net.Http	400	0x06000191	System.Net.Http.HttpRequestMessage	get_VersionPolicy	0x2050	NoInlining	Public, HideBySig, SpecialName	0x1004b2020	0x94858664	0x1026139b0	0x1026139b0	mapped	0x1026139b0
System.Net.Http	401	0x06000192	System.Net.Http.HttpRequestMessage	set_VersionPolicy	0x2050	NoInlining	Public, HideBySig, SpecialName	0x1004b2024	0x9485866c	0x1026139d4	0x1026139d4	mapped	0x1026139d4
System.Net.Http	402	0x06000193	System.Net.Http.HttpRequestMessage	get_Content	0x2050	NoInlining	Public, HideBySig, SpecialName	0x1004b2028	0x94858684	0x102613a38	0x102613a38	mapped	0x102613a38
System.Net.Http	403	0x06000194	System.Net.Http.HttpRequestMessage	set_Content	0x2050	NoInlining	Public, HideBySig, SpecialName	0x1004b202c	0x9485868c	0x102613a5c	0x102613a5c	mapped	0x102613a5c
System.Net.Http	404	0x06000195	System.Net.Http.HttpRequestMessage	get_Method	0x2050	NoInlining	Public, HideBySig, SpecialName	0x1004b2030	0x948586bc	0x102613b20	0x102613b20	mapped	0x102613b20
System.Net.Http	405	0x06000196	System.Net.Http.HttpRequestMessage	set_Method	0x2050	NoInlining	Public, HideBySig, SpecialName	0x1004b2034	0x948586c4	0x102613b44	0x102613b44	mapped	0x102613b44
System.Net.Http	406	0x06000197	System.Net.Http.HttpRequestMessage	get_RequestUri	0x2050	NoInlining	Public, HideBySig, SpecialName	0x1004b2038	0x948586f0	0x102613bf8	0x102613bf8	mapped	0x102613bf8
System.Net.Http	407	0x06000198	System.Net.Http.HttpRequestMessage	set_RequestUri	0x2050	NoInlining	Public, HideBySig, SpecialName	0x1004b203c	0x948586f8	0x102613c1c	0x102613c1c	mapped	0x102613c1c
System.Net.Http	408	0x06000199	System.Net.Http.HttpRequestMessage	get_Headers	0x2050	NoInlining	Public, HideBySig, SpecialName	0x1004b2040	0x94858716	0x102613c98	0x102613c98	mapped	0x102613c98
System.Net.Http	409	0x0600019a	System.Net.Http.HttpRequestMessage	get_HasHeaders	0x2050	NoInlining	Assembly, HideBySig, SpecialName	0x1004b2044	0x94858744	0x102613d54	0x102613d54	mapped	0x102613d54
System.Net.Http	410	0x0600019b	System.Net.Http.HttpRequestMessage	.ctor	0x2050	NoInlining	Public, HideBySig, SpecialName, RTSpecialName	0x1004b2048	0x9485874e	0x102613d80	0x102613d80	mapped	0x102613d80
System.Net.Http	411	0x0600019c	System.Net.Http.HttpRequestMessage	ToString	0x2050	NoInlining	Public, Final, Virtual, HideBySig	0x1004b204c	0x9485878d	0x102613e80	0x102613e80	mapped	0x102613e80
System.Net.Http	412	0x0600019d	System.Net.Http.HttpRequestMessage	MarkAsSent	0x2050	NoInlining	Assembly, HideBySig	0x1004b2050	0x9485880e	0x102614088	0x102614088	mapped	0x102614088
System.Net.Http	413	0x0600019e	System.Net.Http.HttpRequestMessage	MarkAsRedirected	0x2050	NoInlining	Assembly, HideBySig	0x1004b2054	0x94858825	0x1026140e8	0x1026140e8	mapped	0x1026140e8
System.Net.Http	414	0x0600019f	System.Net.Http.HttpRequestMessage	get_Disposed	0x2050	NoInlining	Private, HideBySig, SpecialName	0x1004b2058	0x9485882f	0x102614114	0x102614114	mapped	0x102614114
System.Net.Http	415	0x060001a0	System.Net.Http.HttpRequestMessage	set_Disposed	0x2050	NoInlining	Private, HideBySig, SpecialName	0x1004b205c	0x94858838	0x10261413c	0x10261413c	mapped	0x10261413c
System.Net.Http	416	0x060001a1	System.Net.Http.HttpRequestMessage	get_IsExtendedConnectRequest	0x2050	NoInlining	Assembly, HideBySig, SpecialName	0x1004b2060	0x94858842	0x102614168	0x102614168	mapped	0x102614168
System.Net.Http	417	0x060001a2	System.Net.Http.HttpRequestMessage	Dispose	0x2050	NoInlining	Family, HideBySig	0x1004b2064	0x94858888	0x102614284	0x102614284	mapped	0x102614284
System.Net.Http	418	0x060001a3	System.Net.Http.HttpRequestMessage	Dispose	0x2050	NoInlining	Public, Final, Virtual, HideBySig, VtableLayoutMask	0x1004b2068	0x948588aa	0x102614310	0x102614310	mapped	0x102614310
System.Net.Http	419	0x060001a4	System.Net.Http.HttpRequestMessage	CheckDisposed	0x2050	NoInlining	Private, HideBySig	0x1004b206c	0x948588ca	0x102614394	0x102614394	mapped	0x102614394
System.Net.Http	420	0x060001a5	System.Net.Http.HttpRequestOptions	System.Collections.Generic.IDictionary<System.String,System.Object>.get_Item	0x2050	NoInlining	Private, Final, Virtual, HideBySig, VtableLayoutMask, SpecialName	0x1004b2070	0x948588e0	0x1026143f0	0x1026143f0	mapped	0x1026143f0
System.Net.Http	421	0x060001a6	System.Net.Http.HttpRequestOptions	System.Collections.Generic.IDictionary<System.String,System.Object>.set_Item	0x2050	NoInlining	Private, Final, Virtual, HideBySig, VtableLayoutMask, SpecialName	0x1004b2074	0x948588f1	0x102614438	0x102614438	mapped	0x102614438
System.Net.Http	422	0x060001a7	System.Net.Http.HttpRequestOptions	System.Collections.Generic.IDictionary<System.String,System.Object>.get_Keys	0x2050	NoInlining	Private, Final, Virtual, HideBySig, VtableLayoutMask, SpecialName	0x1004b2078	0x94858902	0x102614480	0x102614480	mapped	0x102614480
System.Net.Http	423	0x060001a8	System.Net.Http.HttpRequestOptions	System.Collections.Generic.IDictionary<System.String,System.Object>.get_Values	0x2050	NoInlining	Private, Final, Virtual, HideBySig, VtableLayoutMask, SpecialName	0x1004b207c	0x94858913	0x1026144c8	0x1026144c8	mapped	0x1026144c8
System.Net.Http	424	0x060001a9	System.Net.Http.HttpRequestOptions	System.Collections.Generic.ICollection<System.Collections.Generic.KeyValuePair<System.String,System.Object>>.get_Count	0x2050	NoInlining	Private, Final, Virtual, HideBySig, VtableLayoutMask, SpecialName	0x1004b2080	0x94858924	0x102614510	0x102614510	mapped	0x102614510
System.Net.Http	425	0x060001aa	System.Net.Http.HttpRequestOptions	System.Collections.Generic.ICollection<System.Collections.Generic.KeyValuePair<System.String,System.Object>>.get_IsReadOnly	0x2050	NoInlining	Private, Final, Virtual, HideBySig, VtableLayoutMask, SpecialName	0x1004b2084	0x94858935	0x102614558	0x102614558	mapped	0x102614558
System.Net.Http	426	0x060001ab	System.Net.Http.HttpRequestOptions	System.Collections.Generic.IDictionary<System.String,System.Object>.Add	0x2050	NoInlining	Private, Final, Virtual, HideBySig, VtableLayoutMask	0x1004b2088	0x94858946	0x1026145a0	0x1026145a0	mapped	0x1026145a0
System.Net.Http	427	0x060001ac	System.Net.Http.HttpRequestOptions	System.Collections.Generic.ICollection<System.Collections.Generic.KeyValuePair<System.String,System.Object>>.Add	0x2050	NoInlining	Private, Final, Virtual, HideBySig, VtableLayoutMask	0x1004b208c	0x94858957	0x1026145e8	0x1026145e8	mapped	0x1026145e8
System.Net.Http	428	0x060001ad	System.Net.Http.HttpRequestOptions	System.Collections.Generic.ICollection<System.Collections.Generic.KeyValuePair<System.String,System.Object>>.Clear	0x2050	NoInlining	Private, Final, Virtual, HideBySig, VtableLayoutMask	0x1004b2090	0x94858968	0x102614630	0x102614630	mapped	0x102614630
System.Net.Http	429	0x060001ae	System.Net.Http.HttpRequestOptions	System.Collections.Generic.ICollection<System.Collections.Generic.KeyValuePair<System.String,System.Object>>.Contains	0x2050	NoInlining	Private, Final, Virtual, HideBySig, VtableLayoutMask	0x1004b2094	0x94858979	0x102614678	0x102614678	mapped	0x102614678
System.Net.Http	430	0x060001af	System.Net.Http.HttpRequestOptions	System.Collections.Generic.IDictionary<System.String,System.Object>.ContainsKey	0x2050	NoInlining	Private, Final, Virtual, HideBySig, VtableLayoutMask	0x1004b2098	0x9485898a	0x1026146c0	0x1026146c0	mapped	0x1026146c0
System.Net.Http	431	0x060001b0	System.Net.Http.HttpRequestOptions	System.Collections.Generic.ICollection<System.Collections.Generic.KeyValuePair<System.String,System.Object>>.CopyTo	0x2050	NoInlining	Private, Final, Virtual, HideBySig, VtableLayoutMask	0x1004b209c	0x9485899b	0x102614708	0x102614708	mapped	0x102614708
System.Net.Http	432	0x060001b1	System.Net.Http.HttpRequestOptions	System.Collections.Generic.IEnumerable<System.Collections.Generic.KeyValuePair<System.String,System.Object>>.GetEnumerator	0x2050	NoInlining	Private, Final, Virtual, HideBySig, VtableLayoutMask	0x1004b20a0	0x948589ac	0x102614750	0x102614750	mapped	0x102614750
System.Net.Http	433	0x060001b2	System.Net.Http.HttpRequestOptions	System.Collections.IEnumerable.GetEnumerator	0x2050	NoInlining	Private, Final, Virtual, HideBySig, VtableLayoutMask	0x1004b20a4	0x948589bd	0x102614798	0x102614798	mapped	0x102614798
System.Net.Http	434	0x060001b3	System.Net.Http.HttpRequestOptions	System.Collections.Generic.IDictionary<System.String,System.Object>.Remove	0x2050	NoInlining	Private, Final, Virtual, HideBySig, VtableLayoutMask	0x1004b20a8	0x948589ce	0x1026147e0	0x1026147e0	mapped	0x1026147e0
System.Net.Http	435	0x060001b4	System.Net.Http.HttpRequestOptions	System.Collections.Generic.ICollection<System.Collections.Generic.KeyValuePair<System.String,System.Object>>.Remove	0x2050	NoInlining	Private, Final, Virtual, HideBySig, VtableLayoutMask	0x1004b20ac	0x948589df	0x102614828	0x102614828	mapped	0x102614828
System.Net.Http	436	0x060001b5	System.Net.Http.HttpRequestOptions	System.Collections.Generic.IDictionary<System.String,System.Object>.TryGetValue	0x2050	NoInlining	Private, Final, Virtual, HideBySig, VtableLayoutMask	0x1004b20b0	0x948589f0	0x102614870	0x102614870	mapped	0x102614870
System.Net.Http	437	0x060001b6	System.Net.Http.HttpRequestOptionsKey`1	get_Key	0x2050	NoInlining	Public, HideBySig, SpecialName	0x1004b20b4	0x94858a01	0x1026148b8	0x1026148b8	mapped	0x1026148b8
System.Net.Http	438	0x060001b7	System.Net.Http.HttpRequestOptionsKey`1	.ctor	0x2050	NoInlining	Public, HideBySig, SpecialName, RTSpecialName	0x1004b20b8	0x94858a0c	0x1026148e8	0x1026148e8	mapped	0x1026148e8
System.Net.Http	439	0x060001b8	System.Net.Http.HttpResponseMessage	get_DefaultResponseVersion	0x2050	NoInlining	Private, Static, HideBySig, SpecialName	0x1004b20bc	0x94858a1e	0x102614934	0x102614934	mapped	0x102614934
System.Net.Http	440	0x060001b9	System.Net.Http.HttpResponseMessage	get_Version	0x2050	NoInlining	Public, HideBySig, SpecialName	0x1004b20c0	0x94858a2e	0x102614978	0x102614978	mapped	0x102614978
System.Net.Http	441	0x060001ba	System.Net.Http.HttpResponseMessage	set_Version	0x2050	NoInlining	Public, HideBySig, SpecialName	0x1004b20c4	0x94858a36	0x10261499c	0x10261499c	mapped	0x10261499c
System.Net.Http	442	0x060001bb	System.Net.Http.HttpResponseMessage	SetVersionWithoutValidation	0x2050	NoInlining	Assembly, HideBySig	0x1004b20c8	0x94858a62	0x102614a50	0x102614a50	mapped	0x102614a50
System.Net.Http	443	0x060001bc	System.Net.Http.HttpResponseMessage	get_Content	0x2050	NoInlining	Public, HideBySig, SpecialName	0x1004b20cc	0x94858a71	0x102614a90	0x102614a90	mapped	0x102614a90
System.Net.Http	444	0x060001bd	System.Net.Http.HttpResponseMessage	set_Content	0x2050	NoInlining	Public, HideBySig, SpecialName	0x1004b20d0	0x94858aab	0x102614b7c	0x102614b7c	mapped	0x102614b7c
System.Net.Http	445	0x060001be	System.Net.Http.HttpResponseMessage	get_StatusCode	0x2050	NoInlining	Public, HideBySig, SpecialName	0x1004b20d4	0x94858adb	0x102614c40	0x102614c40	mapped	0x102614c40
System.Net.Http	446	0x060001bf	System.Net.Http.HttpResponseMessage	set_StatusCode	0x2050	NoInlining	Public, HideBySig, SpecialName	0x1004b20d8	0x94858ae3	0x102614c64	0x102614c64	mapped	0x102614c64
System.Net.Http	447	0x060001c0	System.Net.Http.HttpResponseMessage	SetStatusCodeWithoutValidation	0x2050	NoInlining	Assembly, HideBySig	0x1004b20dc	0x94858b11	0x102614d20	0x102614d20	mapped	0x102614d20
System.Net.Http	448	0x060001c1	System.Net.Http.HttpResponseMessage	get_ReasonPhrase	0x2050	NoInlining	Public, HideBySig, SpecialName	0x1004b20e0	0x94858b19	0x102614d44	0x102614d44	mapped	0x102614d44
System.Net.Http	449	0x060001c2	System.Net.Http.HttpResponseMessage	set_ReasonPhrase	0x2050	NoInlining	Public, HideBySig, SpecialName	0x1004b20e4	0x94858b2e	0x102614d9c	0x102614d9c	mapped	0x102614d9c
System.Net.Http	450	0x060001c3	System.Net.Http.HttpResponseMessage	SetReasonPhraseWithoutValidation	0x2050	NoInlining	Assembly, HideBySig	0x1004b20e8	0x94858b5c	0x102614e58	0x102614e58	mapped	0x102614e58
System.Net.Http	451	0x060001c4	System.Net.Http.HttpResponseMessage	get_Headers	0x2050	NoInlining	Public, HideBySig, SpecialName	0x1004b20ec	0x94858b6b	0x102614e98	0x102614e98	mapped	0x102614e98
System.Net.Http	452	0x060001c5	System.Net.Http.HttpResponseMessage	get_TrailingHeaders	0x2050	NoInlining	Public, HideBySig, SpecialName	0x1004b20f0	0x94858b9a	0x102614f58	0x102614f58	mapped	0x102614f58
System.Net.Http	453	0x060001c6	System.Net.Http.HttpResponseMessage	StoreReceivedTrailingHeaders	0x2050	NoInlining	Assembly, HideBySig	0x1004b20f4	0x94858bc9	0x102615018	0x102615018	mapped	0x102615018
System.Net.Http	454	0x060001c7	System.Net.Http.HttpResponseMessage	get_RequestMessage	0x2050	NoInlining	Public, HideBySig, SpecialName	0x1004b20f8	0x94858be9	0x10261509c	0x10261509c	mapped	0x10261509c
System.Net.Http	455	0x060001c8	System.Net.Http.HttpResponseMessage	set_RequestMessage	0x2050	NoInlining	Public, HideBySig, SpecialName	0x1004b20fc	0x94858bf1	0x1026150c0	0x1026150c0	mapped	0x1026150c0
System.Net.Http	456	0x060001c9	System.Net.Http.HttpResponseMessage	get_IsSuccessStatusCode	0x2050	NoInlining	Public, HideBySig, SpecialName	0x1004b2100	0x94858c22	0x102615188	0x102615188	mapped	0x102615188
System.Net.Http	457	0x060001ca	System.Net.Http.HttpResponseMessage	.ctor	0x2050	NoInlining	Public, HideBySig, SpecialName, RTSpecialName	0x1004b2104	0x94858c2d	0x1026151b8	0x1026151b8	mapped	0x1026151b8
System.Net.Http	458	0x060001cb	System.Net.Http.HttpResponseMessage	.ctor	0x2050	NoInlining	Public, HideBySig, SpecialName, RTSpecialName	0x1004b2108	0x94858c3b	0x1026151f4	0x1026151f4	mapped	0x1026151f4
System.Net.Http	459	0x060001cc	System.Net.Http.HttpResponseMessage	EnsureSuccessStatusCode	0x2050	NoInlining	Public, HideBySig	0x1004b210c	0x94858c75	0x1026152e0	0x1026152e0	mapped	0x1026152e0
System.Net.Http	460	0x060001cd	System.Net.Http.HttpResponseMessage	ToString	0x2050	NoInlining	Public, Final, Virtual, HideBySig	0x1004b2110	0x94858cc0	0x102615410	0x102615410	mapped	0x102615410
System.Net.Http	461	0x060001ce	System.Net.Http.HttpResponseMessage	Dispose	0x2050	NoInlining	Family, HideBySig	0x1004b2114	0x94858d42	0x10261561c	0x10261561c	mapped	0x10261561c
System.Net.Http	462	0x060001cf	System.Net.Http.HttpResponseMessage	Dispose	0x2050	NoInlining	Public, Final, Virtual, HideBySig, VtableLayoutMask	0x1004b2118	0x94858d64	0x1026156a8	0x1026156a8	mapped	0x1026156a8
System.Net.Http	463	0x060001d0	System.Net.Http.HttpResponseMessage	CheckDisposed	0x2050	NoInlining	Private, HideBySig	0x1004b211c	0x94858d84	0x10261572c	0x10261572c	mapped	0x10261572c
System.Net.Http	464	0x060001d1	System.Net.Http.HttpIOException	.ctor	0x2050	NoInlining	Public, HideBySig, SpecialName, RTSpecialName	0x1004b2120	0x94858d9a	0x102615788	0x102615788	mapped	0x102615788
System.Net.Http	465	0x060001d2	System.Net.Http.HttpIOException	get_HttpRequestError	0x2050	NoInlining	Public, HideBySig, SpecialName	0x1004b2124	0x94858db5	0x1026157f8	0x1026157f8	mapped	0x1026157f8
System.Net.Http	466	0x060001d3	System.Net.Http.HttpIOException	get_Message	0x2050	NoInlining	Public, Final, Virtual, HideBySig, SpecialName	0x1004b2128	0x94858dbd	0x10261581c	0x10261581c	mapped	0x10261581c
System.Net.Http	467	0x060001d4	System.Net.Http.HttpRuleParser	get_DefaultHttpEncoding	0x2050	NoInlining	Assembly, Static, HideBySig, SpecialName	0x1004b212c	0x94858e34	0x1026159fc	0x1026159fc	mapped	0x1026159fc
System.Net.Http	468	0x060001d5	System.Net.Http.HttpRuleParser	GetTokenLength	0x2050	NoInlining	Assembly, Static, HideBySig	0x1004b2130	0x94858e50	0x102615a70	0x102615a70	mapped	0x102615a70
System.Net.Http	469	0x060001d6	System.Net.Http.HttpRuleParser	IsToken	0x2050	NoInlining	Assembly, Static, HideBySig	0x1004b2134	0x94858e83	0x102615b40	0x102615b40	mapped	0x102615b40
System.Net.Http	470	0x060001d7	System.Net.Http.HttpRuleParser	IsToken	0x2050	NoInlining	Assembly, Static, HideBySig	0x1004b2138	0x94858ea9	0x102615bdc	0x102615bdc	mapped	0x102615bdc
System.Net.Http	471	0x060001d8	System.Net.Http.HttpRuleParser	GetTokenString	0x2050	NoInlining	Assembly, Static, HideBySig	0x1004b213c	0x94858ecf	0x102615c78	0x102615c78	mapped	0x102615c78
System.Net.Http	472	0x060001d9	System.Net.Http.HttpRuleParser	GetWhitespaceLength	0x2050	NoInlining	Assembly, Static, HideBySig	0x1004b2140	0x94858ef8	0x102615d20	0x102615d20	mapped	0x102615d20
System.Net.Http	473	0x060001da	System.Net.Http.HttpRuleParser	ContainsNewLine	0x2050	NoInlining	Assembly, Static, HideBySig	0x1004b2144	0x94858f3b	0x102615e30	0x102615e30	mapped	0x102615e30
System.Net.Http	474	0x060001db	System.Net.Http.HttpRuleParser	GetNumberLength	0x2050	NoInlining	Assembly, Static, HideBySig	0x1004b2148	0x94858f66	0x102615ee0	0x102615ee0	mapped	0x102615ee0
System.Net.Http	475	0x060001dc	System.Net.Http.HttpRuleParser	GetHostLength	0x2050	NoInlining	Assembly, Static, HideBySig	0x1004b214c	0x94858fc3	0x102616058	0x102616058	mapped	0x102616058
System.Net.Http	476	0x060001dd	System.Net.Http.HttpRuleParser	GetCommentLength	0x2050	NoInlining	Assembly, Static, HideBySig	0x1004b2150	0x9485902d	0x102616204	0x102616204	mapped	0x102616204
System.Net.Http	477	0x060001de	System.Net.Http.HttpRuleParser	GetQuotedStringLength	0x2050	NoInlining	Assembly, Static, HideBySig	0x1004b2154	0x9485904f	0x102616290	0x102616290	mapped	0x102616290
System.Net.Http	478	0x060001df	System.Net.Http.HttpRuleParser	GetQuotedPairLength	0x2050	NoInlining	Assembly, Static, HideBySig	0x1004b2158	0x94859071	0x10261631c	0x10261631c	mapped	0x10261631c
System.Net.Http	479	0x060001e0	System.Net.Http.HttpRuleParser	GetExpressionLength	0x2050	NoInlining	Private, Static, HideBySig	0x1004b215c	0x948590ae	0x102616414	0x102616414	mapped	0x102616414
System.Net.Http	480	0x060001e1	System.Net.Http.HttpRuleParser	IsValidHostName	0x2050	NoInlining	Private, Static, HideBySig	0x1004b2160	0x94859138	0x102616640	0x102616640	mapped	0x102616640
System.Net.Http	481	0x060001e2	System.Net.Http.HttpRuleParser	.cctor	0x2050	NoInlining	Private, Static, HideBySig, SpecialName, RTSpecialName	0x1004b2164	0x948591aa	0x10261680c	0x10261680c	mapped	0x10261680c
System.Net.Http	482	0x060001e3	System.Net.Http.HttpTelemetry	RequestStop	0x2050	NoInlining	Public, HideBySig	0x1004b2168	0x948591d7	0x1026168c4	0x1026168c4	mapped	0x1026168c4
System.Net.Http	483	0x060001e4	System.Net.Http.HttpTelemetry	RequestStop	0x2050	NoInlining	Private, HideBySig	0x1004b216c	0x948591ea	0x102616914	0x102616914	mapped	0x102616914
System.Net.Http	484	0x060001e5	System.Net.Http.HttpTelemetry	RequestFailed	0x2050	NoInlining	Public, HideBySig	0x1004b2170	0x948591fd	0x102616964	0x102616964	mapped	0x102616964
System.Net.Http	485	0x060001e6	System.Net.Http.HttpTelemetry	ResponseContentStart	0x2050	NoInlining	Public, HideBySig	0x1004b2174	0x94859210	0x1026169b4	0x1026169b4	mapped	0x1026169b4
System.Net.Http	486	0x060001e7	System.Net.Http.HttpTelemetry	ResponseContentStop	0x2050	NoInlining	Public, HideBySig	0x1004b2178	0x94859210	0x1026169b8	0x1026169b8	mapped	0x1026169b8
System.Net.Http	487	0x060001e8	System.Net.Http.HttpTelemetry	.ctor	0x2050	NoInlining	Public, HideBySig, SpecialName, RTSpecialName	0x1004b217c	0x94859210	0x1026169bc	0x1026169bc	mapped	0x1026169bc
System.Net.Http	488	0x060001e9	System.Net.Http.HttpTelemetry	.cctor	0x2050	NoInlining	Private, Static, HideBySig, SpecialName, RTSpecialName	0x1004b2180	0x94859225	0x102616a14	0x102616a14	mapped	0x102616a14
System.Net.Http	489	0x060001ea	System.Net.Http.HttpMessageHandlerStage	Send	0x2050	NoInlining	FamORAssem, Final, Virtual, HideBySig	0x1004b2184	0x94859240	0x102616a84	0x102616a84	mapped	0x102616a84
System.Net.Http	490	0x060001eb	System.Net.Http.HttpMessageHandlerStage	SendAsync	0x2050	NoInlining	FamORAssem, Final, Virtual, HideBySig	0x1004b2188	0x948592b3	0x102616c54	0x102616c54	mapped	0x102616c54
System.Net.Http	491	0x060001ec	System.Net.Http.HttpMessageHandlerStage	SendAsync	0x0	NoInlining	Assembly, Virtual, HideBySig, VtableLayoutMask, CheckAccessOnOverride, Abstract	0x1004b218c	0x97fffe15	0x1004b19e0		absent	0x1004b19e0
System.Net.Http	492	0x060001ed	System.Net.Http.HttpMessageHandlerStage	.ctor	0x2050	NoInlining	Family, HideBySig, SpecialName, RTSpecialName	0x1004b2190	0x948592e1	0x102616d14	0x102616d14	mapped	0x102616d14
System.Net.Http	493	0x060001ee	System.Net.Http.RuntimeSettingParser	QueryRuntimeSettingSwitch	0x2050	NoInlining	Public, Static, HideBySig	0x1004b2194	0x94859303	0x102616da0	0x102616da0	mapped	0x102616da0
System.Net.Http	494	0x060001ef	System.Net.Http.RuntimeSettingParser	QueryRuntimeSettingInt32	0x2050	NoInlining	Public, Static, HideBySig	0x1004b2198	0x9485932d	0x102616e4c	0x102616e4c	mapped	0x102616e4c
System.Net.Http	495	0x060001f0	System.Net.Http.RuntimeSettingParser	ParseInt32EnvironmentVariableValue	0x2050	NoInlining	Public, Static, HideBySig	0x1004b219c	0x94859383	0x102616fa8	0x102616fa8	mapped	0x102616fa8
System.Net.Http	496	0x060001f1	System.Net.Http.RuntimeSettingParser	ParseDoubleEnvironmentVariableValue	0x2050	NoInlining	Public, Static, HideBySig	0x1004b21a0	0x948593b1	0x102617064	0x102617064	mapped	0x102617064
System.Net.Http	497	0x060001f2	System.Net.Http.SocketsHttpPlaintextStreamFilterContext	.ctor	0x2050	NoInlining	Assembly, HideBySig, SpecialName, RTSpecialName	0x1004b21a4	0x948593e1	0x102617128	0x102617128	mapped	0x102617128
System.Net.Http	498	0x060001f3	System.Net.Http.HttpHandlerDefaults	.cctor	0x2050	NoInlining	Private, Static, HideBySig, SpecialName, RTSpecialName	0x1004b21a8	0x948593fa	0x102617190	0x102617190	mapped	0x102617190
System.Net.Http	499	0x060001f4	System.Net.Http.AuthenticationHelper	TryGetChallengeDataForScheme	0x2050	NoInlining	Private, Static, HideBySig	0x1004b21ac	0x9485943d	0x1026172a0	0x1026172a0	mapped	0x1026172a0
System.Net.Http	500	0x060001f5	System.Net.Http.AuthenticationHelper	IsSessionAuthenticationChallenge	0x2050	NoInlining	Assembly, Static, HideBySig	0x1004b21b0	0x948594d2	0x1026174f8	0x1026174f8	mapped	0x1026174f8
System.Net.Http	501	0x060001f6	System.Net.Http.AuthenticationHelper	TryGetValidAuthenticationChallengeForScheme	0x2050	NoInlining	Private, Static, HideBySig	0x1004b21b4	0x9485956f	0x102617770	0x102617770	mapped	0x102617770
System.Net.Http	502	0x060001f7	System.Net.Http.AuthenticationHelper	TryGetAuthenticationChallenge	0x2050	NoInlining	Private, Static, HideBySig	0x1004b21b8	0x948595dc	0x102617928	0x102617928	mapped	0x102617928
System.Net.Http	503	0x060001f8	System.Net.Http.AuthenticationHelper	TryGetRepeatedChallenge	0x2050	NoInlining	Private, Static, HideBySig	0x1004b21bc	0x9485963b	0x102617aa8	0x102617aa8	mapped	0x102617aa8
System.Net.Http	504	0x060001f9	System.Net.Http.AuthenticationHelper	IsAuthenticationChallenge	0x2050	NoInlining	Private, Static, HideBySig	0x1004b21c0	0x9485966d	0x102617b74	0x102617b74	mapped	0x102617b74
System.Net.Http	505	0x060001fa	System.Net.Http.AuthenticationHelper	GetResponseAuthenticationHeaderValues	0x2050	NoInlining	Private, Static, HideBySig	0x1004b21c4	0x94859691	0x102617c08	0x102617c08	mapped	0x102617c08
System.Net.Http	506	0x060001fb	System.Net.Http.AuthenticationHelper	SetRequestAuthenticationHeaderValue	0x2050	NoInlining	Private, Static, HideBySig	0x1004b21c8	0x948596c4	0x102617cd8	0x102617cd8	mapped	0x102617cd8
System.Net.Http	507	0x060001fc	System.Net.Http.AuthenticationHelper	SetBasicAuthToken	0x2050	NoInlining	Private, Static, HideBySig	0x1004b21cc	0x948596fc	0x102617dbc	0x102617dbc	mapped	0x102617dbc
System.Net.Http	508	0x060001fd	System.Net.Http.AuthenticationHelper	TrySetDigestAuthToken	0x2050	NoInlining	Private, Static, HideBySig	0x1004b21d0	0x94859769	0x102617f74	0x102617f74	mapped	0x102617f74
System.Net.Http	509	0x060001fe	System.Net.Http.AuthenticationHelper	InnerSendAsync	0x2050	NoInlining	Private, Static, HideBySig	0x1004b21d4	0x948597aa	0x10261807c	0x10261807c	mapped	0x10261807c
System.Net.Http	510	0x060001ff	System.Net.Http.AuthenticationHelper	SendWithAuthAsync	0x2050	NoInlining	Private, Static, HideBySig	0x1004b21d8	0x94859800	0x1026181d8	0x1026181d8	mapped	0x1026181d8
System.Net.Http	511	0x06000200	System.Net.Http.AuthenticationHelper	SendWithProxyAuthAsync	0x2050	NoInlining	Public, Static, HideBySig	0x1004b21dc	0x9485986b	0x102618388	0x102618388	mapped	0x102618388
System.Net.Http	512	0x06000201	System.Net.Http.AuthenticationHelper	SendWithRequestAuthAsync	0x2050	NoInlining	Public, Static, HideBySig	0x1004b21e0	0x948598aa	0x102618488	0x102618488	mapped	0x102618488
System.Net.Http	513	0x06000202	System.Net.Http.AuthenticationHelper	GetDigestTokenForCredential	0x2050	NoInlining	Public, Static, HideBySig	0x1004b21e4	0x948598ec	0x102618594	0x102618594	mapped	0x102618594
System.Net.Http	514	0x06000203	System.Net.Http.AuthenticationHelper	IsServerNonceStale	0x2050	NoInlining	Public, Static, HideBySig	0x1004b21e8	0x94859935	0x1026186bc	0x1026186bc	mapped	0x1026186bc
System.Net.Http	515	0x06000204	System.Net.Http.AuthenticationHelper	GetRandomAlphaNumericString	0x2050	NoInlining	Private, Static, HideBySig	0x1004b21ec	0x94859966	0x102618784	0x102618784	mapped	0x102618784
System.Net.Http	516	0x06000205	System.Net.Http.AuthenticationHelper	ComputeHash	0x2050	NoInlining	Private, Static, HideBySig	0x1004b21f0	0x9485997f	0x1026187ec	0x1026187ec	mapped	0x1026187ec
System.Net.Http	517	0x06000206	System.Net.Http.AuthenticationHelper	get_UsePortInSpn	0x2050	NoInlining	Private, Static, HideBySig, SpecialName	0x1004b21f4	0x948599d4	0x102618944	0x102618944	mapped	0x102618944
System.Net.Http	518	0x06000207	System.Net.Http.AuthenticationHelper	InnerSendAsync	0x2050	NoInlining	Private, Static, HideBySig	0x1004b21f8	0x94859a15	0x102618a4c	0x102618a4c	mapped	0x102618a4c
System.Net.Http	519	0x06000208	System.Net.Http.AuthenticationHelper	ProxySupportsConnectionAuth	0x2050	NoInlining	Private, Static, HideBySig	0x1004b21fc	0x94859a4d	0x102618b30	0x102618b30	mapped	0x102618b30
System.Net.Http	520	0x06000209	System.Net.Http.AuthenticationHelper	SendWithNtAuthAsync	0x2050	NoInlining	Private, Static, HideBySig	0x1004b2200	0x94859af3	0x102618dcc	0x102618dcc	mapped	0x102618dcc
System.Net.Http	521	0x0600020a	System.Net.Http.AuthenticationHelper	SendWithNtProxyAuthAsync	0x2050	NoInlining	Public, Static, HideBySig	0x1004b2204	0x94859b54	0x102618f54	0x102618f54	mapped	0x102618f54
System.Net.Http	522	0x0600020b	System.Net.Http.AuthenticationHelper	SendWithNtConnectionAuthAsync	0x2050	NoInlining	Public, Static, HideBySig	0x1004b2208	0x94859b7f	0x102619004	0x102619004	mapped	0x102619004
System.Net.Http	523	0x0600020c	System.Net.Http.AuthenticationHelper	.cctor	0x2050	NoInlining	Private, Static, HideBySig, SpecialName, RTSpecialName	0x1004b220c	0x94859bad	0x1026190c0	0x1026190c0	mapped	0x1026190c0
System.Net.Http	524	0x0600020d	System.Net.Http.AuthenticationHelper+AuthenticationChallenge	get_AuthenticationType	0x2050	NoInlining	Public, HideBySig, SpecialName	0x1004b2210	0x94859bbf	0x10261910c	0x10261910c	mapped	0x10261910c
System.Net.Http	525	0x0600020e	System.Net.Http.AuthenticationHelper+AuthenticationChallenge	get_SchemeName	0x2050	NoInlining	Public, HideBySig, SpecialName	0x1004b2214	0x94859bc7	0x102619130	0x102619130	mapped	0x102619130
System.Net.Http	526	0x0600020f	System.Net.Http.AuthenticationHelper+AuthenticationChallenge	get_Credential	0x2050	NoInlining	Public, HideBySig, SpecialName	0x1004b2218	0x94859bcf	0x102619154	0x102619154	mapped	0x102619154
System.Net.Http	527	0x06000210	System.Net.Http.AuthenticationHelper+AuthenticationChallenge	get_ChallengeData	0x2050	NoInlining	Public, HideBySig, SpecialName	0x1004b221c	0x94859bd7	0x102619178	0x102619178	mapped	0x102619178
System.Net.Http	528	0x06000211	System.Net.Http.AuthenticationHelper+AuthenticationChallenge	.ctor	0x2050	NoInlining	Public, HideBySig, SpecialName, RTSpecialName	0x1004b2220	0x94859bdf	0x10261919c	0x10261919c	mapped	0x10261919c
System.Net.Http	529	0x06000212	System.Net.Http.AuthenticationHelper+DigestResponse	.ctor	0x2050	NoInlining	Assembly, HideBySig, SpecialName, RTSpecialName	0x1004b2224	0x94859bf9	0x102619208	0x102619208	mapped	0x102619208
System.Net.Http	530	0x06000213	System.Net.Http.AuthenticationHelper+DigestResponse	CharIsSpaceOrTab	0x2050	NoInlining	Private, Static, HideBySig	0x1004b2228	0x94859c36	0x102619300	0x102619300	mapped	0x102619300
System.Net.Http	531	0x06000214	System.Net.Http.AuthenticationHelper+DigestResponse	MustValueBeQuoted	0x2050	NoInlining	Private, Static, HideBySig	0x1004b222c	0x94859c3a	0x102619314	0x102619314	mapped	0x102619314
System.Net.Http	532	0x06000215	System.Net.Http.AuthenticationHelper+DigestResponse	GetNextKey	0x2050	NoInlining	Private, Static, HideBySig	0x1004b2230	0x94859c72	0x1026193f8	0x1026193f8	mapped	0x1026193f8
System.Net.Http	533	0x06000216	System.Net.Http.AuthenticationHelper+DigestResponse	GetNextValue	0x2050	NoInlining	Private, Static, HideBySig	0x1004b2234	0x94859d40	0x102619734	0x102619734	mapped	0x102619734
System.Net.Http	534	0x06000217	System.Net.Http.AuthenticationHelper+DigestResponse	Parse	0x2050	NoInlining	Private, HideBySig	0x1004b2238	0x94859e21	0x102619abc	0x102619abc	mapped	0x102619abc
System.Net.Http	535	0x06000218	System.Net.Http.AuthenticationHelper+<GetDigestTokenForCredential>d__40	MoveNext	0x2050	NoInlining	Private, Final, Virtual, HideBySig, VtableLayoutMask	0x1004b223c	0x94859e8f	0x102619c78	0x102619c78	mapped	0x102619c78
System.Net.Http	536	0x06000219	System.Net.Http.AuthenticationHelper+<GetDigestTokenForCredential>d__40	SetStateMachine	0x2050	NoInlining	Private, Final, Virtual, HideBySig, VtableLayoutMask	0x1004b2240	0x9485a261	0x10261abc4	0x10261abc4	mapped	0x10261abc4
System.Net.Http	537	0x0600021a	System.Net.Http.AuthenticationHelper+<SendWithAuthAsync>d__17	MoveNext	0x2050	NoInlining	Private, Final, Virtual, HideBySig, VtableLayoutMask	0x1004b2244	0x97fefef3	0x100471e10	0x100471e10	mapped	0x100471e10
System.Net.Http	538	0x0600021b	System.Net.Http.AuthenticationHelper+<SendWithAuthAsync>d__17	SetStateMachine	0x2050	NoInlining	Private, Final, Virtual, HideBySig, VtableLayoutMask	0x1004b2248	0x9485a282	0x10261ac50	0x10261ac50	mapped	0x10261ac50
System.Net.Http	539	0x0600021c	System.Net.Http.AuthenticationHelper+<SendWithNtAuthAsync>d__52	MoveNext	0x2050	NoInlining	Private, Final, Virtual, HideBySig, VtableLayoutMask	0x1004b224c	0x97ff0829	0x1004742f0	0x1004742f0	mapped	0x1004742f0
System.Net.Http	540	0x0600021d	System.Net.Http.AuthenticationHelper+<SendWithNtAuthAsync>d__52	SetStateMachine	0x2050	NoInlining	Private, Final, Virtual, HideBySig, VtableLayoutMask	0x1004b2250	0x9485a2a3	0x10261acdc	0x10261acdc	mapped	0x10261acdc
System.Net.Http	541	0x0600021e	System.Net.Http.AuthenticationHelper+<TrySetDigestAuthToken>d__15	MoveNext	0x2050	NoInlining	Private, Final, Virtual, HideBySig, VtableLayoutMask	0x1004b2254	0x9485a2c5	0x10261ad68	0x10261ad68	mapped	0x10261ad68
System.Net.Http	542	0x0600021f	System.Net.Http.AuthenticationHelper+<TrySetDigestAuthToken>d__15	SetStateMachine	0x2050	NoInlining	Private, Final, Virtual, HideBySig, VtableLayoutMask	0x1004b2258	0x9485a383	0x10261b064	0x10261b064	mapped	0x10261b064
System.Net.Http	543	0x06000220	System.Net.Http.StringBuilderExtensions	AppendKeyValue	0x2050	NoInlining	Public, Static, HideBySig	0x1004b225c	0x9485a3a5	0x10261b0f0	0x10261b0f0	mapped	0x10261b0f0
System.Net.Http	544	0x06000221	System.Net.Http.HttpConnection	.ctor	0x2050	NoInlining	Public, HideBySig, SpecialName, RTSpecialName	0x1004b2260	0x9485a430	0x10261b320	0x10261b320	mapped	0x10261b320
System.Net.Http	545	0x06000222	System.Net.Http.HttpConnection	Finalize	0x2050	NoInlining	Family, Final, Virtual, HideBySig	0x1004b2264	0x9485a48e	0x10261b49c	0x10261b49c	mapped	0x10261b49c
System.Net.Http	546	0x06000223	System.Net.Http.HttpConnection	Dispose	0x2050	NoInlining	Public, Final, Virtual, HideBySig	0x1004b2268	0x9485a4a7	0x10261b504	0x10261b504	mapped	0x10261b504
System.Net.Http	547	0x06000224	System.Net.Http.HttpConnection	Dispose	0x2050	NoInlining	Private, HideBySig	0x1004b226c	0x9485a4b5	0x10261b540	0x10261b540	mapped	0x10261b540
System.Net.Http	548	0x06000225	System.Net.Http.HttpConnection	PrepareForReuse	0x2050	NoInlining	Public, HideBySig	0x1004b2270	0x97ff1014	0x1004762c0	0x1004762c0	mapped	0x1004762c0
System.Net.Http	549	0x06000226	System.Net.Http.HttpConnection	CheckUsabilityOnScavenge	0x2050	NoInlining	Public, Final, Virtual, HideBySig	0x1004b2274	0x9485a4fc	0x10261b664	0x10261b664	mapped	0x10261b664
System.Net.Http	550	0x06000227	System.Net.Http.HttpConnection	get_ReadAheadTaskHasStarted	0x2050	NoInlining	Private, HideBySig, SpecialName	0x1004b2278	0x9485a53e	0x10261b770	0x10261b770	mapped	0x10261b770
System.Net.Http	551	0x06000228	System.Net.Http.HttpConnection	TryOwnReadAheadTaskCompletion	0x2050	NoInlining	Private, HideBySig	0x1004b227c	0x9485a548	0x10261b79c	0x10261b79c	mapped	0x10261b79c
System.Net.Http	552	0x06000229	System.Net.Http.HttpConnection	EnsureReadAheadTaskHasStarted	0x2050	NoInlining	Private, HideBySig	0x1004b2280	0x9485a561	0x10261b804	0x10261b804	mapped	0x10261b804
System.Net.Http	553	0x0600022a	System.Net.Http.HttpConnection	CheckKeepAliveTimeoutExceeded	0x2050	NoInlining	Private, HideBySig	0x1004b2284	0x9485a57f	0x10261b880	0x10261b880	mapped	0x10261b880
System.Net.Http	554	0x0600022b	System.Net.Http.HttpConnection	get_TransportContext	0x2050	NoInlining	Public, HideBySig, SpecialName	0x1004b2288	0x9485a59f	0x10261b904	0x10261b904	mapped	0x10261b904
System.Net.Http	555	0x0600022c	System.Net.Http.HttpConnection	get_Kind	0x2050	NoInlining	Public, HideBySig, SpecialName	0x1004b228c	0x9485a5a7	0x10261b928	0x10261b928	mapped	0x10261b928
System.Net.Http	556	0x0600022d	System.Net.Http.HttpConnection	get_ReadBufferSize	0x2050	NoInlining	Private, HideBySig, SpecialName	0x1004b2290	0x9485a5b3	0x10261b95c	0x10261b95c	mapped	0x10261b95c
System.Net.Http	557	0x0600022e	System.Net.Http.HttpConnection	get_RemainingBuffer	0x2050	NoInlining	Private, HideBySig, SpecialName	0x1004b2294	0x9485a5c5	0x10261b9a8	0x10261b9a8	mapped	0x10261b9a8
System.Net.Http	558	0x0600022f	System.Net.Http.HttpConnection	ConsumeFromRemainingBuffer	0x2050	NoInlining	Private, HideBySig	0x1004b2298	0x9485a5d8	0x10261b9f8	0x10261b9f8	mapped	0x10261b9f8
System.Net.Http	559	0x06000230	System.Net.Http.HttpConnection	WriteHeaders	0x2050	NoInlining	Private, HideBySig	0x1004b229c	0x9485a5ed	0x10261ba50	0x10261ba50	mapped	0x10261ba50
System.Net.Http	560	0x06000231	System.Net.Http.HttpConnection	WriteHeaderCollection	0x2050	NoInlining	Private, HideBySig	0x1004b22a0	0x9485a6fe	0x10261be98	0x10261be98	mapped	0x10261be98
System.Net.Http	561	0x06000232	System.Net.Http.HttpConnection	WriteCRLF	0x2050	NoInlining	Private, HideBySig	0x1004b22a4	0x9485a800	0x10261c2a4	0x10261c2a4	mapped	0x10261c2a4
System.Net.Http	562	0x06000233	System.Net.Http.HttpConnection	WriteBytes	0x2050	NoInlining	Private, HideBySig	0x1004b22a8	0x9485a83b	0x10261c394	0x10261c394	mapped	0x10261c394
System.Net.Http	563	0x06000234	System.Net.Http.HttpConnection	WriteAsciiString	0x2050	NoInlining	Private, HideBySig	0x1004b22ac	0x9485a881	0x10261c4b0	0x10261c4b0	mapped	0x10261c4b0
System.Net.Http	564	0x06000235	System.Net.Http.HttpConnection	WriteString	0x2050	NoInlining	Private, HideBySig	0x1004b22b0	0x9485a8cd	0x10261c5e4	0x10261c5e4	mapped	0x10261c5e4
System.Net.Http	565	0x06000236	System.Net.Http.HttpConnection	SendAsync	0x2050	NoInlining	Public, HideBySig	0x1004b22b4	0x9485a957	0x10261c810	0x10261c810	mapped	0x10261c810
System.Net.Http	566	0x06000237	System.Net.Http.HttpConnection	MapSendException	0x2050	NoInlining	Private, HideBySig	0x1004b22b8	0x9485a99e	0x10261c930	0x10261c930	mapped	0x10261c930
System.Net.Http	567	0x06000238	System.Net.Http.HttpConnection	CreateRequestContentStream	0x2050	NoInlining	Private, HideBySig	0x1004b22bc	0x9485aa43	0x10261cbc8	0x10261cbc8	mapped	0x10261cbc8
System.Net.Http	568	0x06000239	System.Net.Http.HttpConnection	RegisterCancellation	0x2050	NoInlining	Private, HideBySig	0x1004b22c0	0x9485aa93	0x10261cd0c	0x10261cd0c	mapped	0x10261cd0c
System.Net.Http	569	0x0600023a	System.Net.Http.HttpConnection	SendRequestContentAsync	0x2050	NoInlining	Private, HideBySig	0x1004b22c4	0x9485aad6	0x10261ce1c	0x10261ce1c	mapped	0x10261ce1c
System.Net.Http	570	0x0600023b	System.Net.Http.HttpConnection	SendRequestContentWithExpect100ContinueAsync	0x2050	NoInlining	Private, HideBySig	0x1004b22c8	0x9485ab18	0x10261cf28	0x10261cf28	mapped	0x10261cf28
System.Net.Http	571	0x0600023c	System.Net.Http.HttpConnection	ParseStatusLine	0x2050	NoInlining	Private, HideBySig	0x1004b22cc	0x9485ab72	0x10261d094	0x10261d094	mapped	0x10261d094
System.Net.Http	572	0x0600023d	System.Net.Http.HttpConnection	ParseStatusLineCore	0x2050	NoInlining	Private, Static, HideBySig	0x1004b22d0	0x9485abc1	0x10261d1d4	0x10261d1d4	mapped	0x10261d1d4
System.Net.Http	573	0x0600023e	System.Net.Http.HttpConnection	ParseHeaders	0x2050	NoInlining	Private, HideBySig	0x1004b22d4	0x9485ad1b	0x10261d740	0x10261d740	mapped	0x10261d740
System.Net.Http	574	0x0600023f	System.Net.Http.HttpConnection	ParseHeadersCore	0x2050	NoInlining	Private, HideBySig	0x1004b22d8	0x9485ad4d	0x10261d80c	0x10261d80c	mapped	0x10261d80c
System.Net.Http	575	0x06000240	System.Net.Http.HttpConnection	AddResponseHeader	0x2050	NoInlining	Private, HideBySig	0x1004b22dc	0x9485ae30	0x10261db9c	0x10261db9c	mapped	0x10261db9c
System.Net.Http	576	0x06000241	System.Net.Http.HttpConnection	ThrowExceededAllowedReadLineBytes	0x2050	NoInlining	Private, HideBySig	0x1004b22e0	0x9485af54	0x10261e030	0x10261e030	mapped	0x10261e030
System.Net.Http	577	0x06000242	System.Net.Http.HttpConnection	ProcessKeepAliveHeader	0x2050	NoInlining	Private, HideBySig	0x1004b22e4	0x9485af94	0x10261e134	0x10261e134	mapped	0x10261e134
System.Net.Http	578	0x06000243	System.Net.Http.HttpConnection	WriteToBuffer	0x2050	NoInlining	Private, HideBySig	0x1004b22e8	0x9485b022	0x10261e370	0x10261e370	mapped	0x10261e370
System.Net.Http	579	0x06000244	System.Net.Http.HttpConnection	Write	0x2050	NoInlining	Private, HideBySig	0x1004b22ec	0x9485b05b	0x10261e458	0x10261e458	mapped	0x10261e458
System.Net.Http	580	0x06000245	System.Net.Http.HttpConnection	WriteAsync	0x2050	NoInlining	Private, HideBySig	0x1004b22f0	0x9485b0b1	0x10261e5b4	0x10261e5b4	mapped	0x10261e5b4
System.Net.Http	581	0x06000246	System.Net.Http.HttpConnection	WriteWithoutBuffering	0x2050	NoInlining	Private, HideBySig	0x1004b22f4	0x9485b1a2	0x10261e97c	0x10261e97c	mapped	0x10261e97c
System.Net.Http	582	0x06000247	System.Net.Http.HttpConnection	WriteWithoutBufferingAsync	0x2050	NoInlining	Private, HideBySig	0x1004b22f8	0x9485b1e6	0x10261ea90	0x10261ea90	mapped	0x10261ea90
System.Net.Http	583	0x06000248	System.Net.Http.HttpConnection	FlushThenWriteWithoutBufferingAsync	0x2050	NoInlining	Private, HideBySig	0x1004b22fc	0x9485b24c	0x10261ec2c	0x10261ec2c	mapped	0x10261ec2c
System.Net.Http	584	0x06000249	System.Net.Http.HttpConnection	WriteHexInt32Async	0x2050	NoInlining	Private, HideBySig	0x1004b2300	0x9485b27f	0x10261ecfc	0x10261ecfc	mapped	0x10261ecfc
System.Net.Http	585	0x0600024a	System.Net.Http.HttpConnection	Flush	0x2050	NoInlining	Private, HideBySig	0x1004b2304	0x9485b30e	0x10261ef3c	0x10261ef3c	mapped	0x10261ef3c
System.Net.Http	586	0x0600024b	System.Net.Http.HttpConnection	FlushAsync	0x2050	NoInlining	Private, HideBySig	0x1004b2308	0x9485b32e	0x10261efc0	0x10261efc0	mapped	0x10261efc0
System.Net.Http	587	0x0600024c	System.Net.Http.HttpConnection	WriteToStream	0x2050	NoInlining	Private, HideBySig	0x1004b230c	0x9485b356	0x10261f064	0x10261f064	mapped	0x10261f064
System.Net.Http	588	0x0600024d	System.Net.Http.HttpConnection	WriteToStreamAsync	0x2050	NoInlining	Private, HideBySig	0x1004b2310	0x9485b385	0x10261f124	0x10261f124	mapped	0x10261f124
System.Net.Http	589	0x0600024e	System.Net.Http.HttpConnection	TryReadNextChunkedLine	0x2050	NoInlining	Private, HideBySig	0x1004b2314	0x9485b3de	0x10261f28c	0x10261f28c	mapped	0x10261f28c
System.Net.Http	590	0x0600024f	System.Net.Http.HttpConnection	InitialFillAsync	0x2050	NoInlining	Private, HideBySig	0x1004b2318	0x9485b437	0x10261f3f4	0x10261f3f4	mapped	0x10261f3f4
System.Net.Http	591	0x06000250	System.Net.Http.HttpConnection	FillAsync	0x2050	NoInlining	Private, HideBySig	0x1004b231c	0x9485b465	0x10261f4b0	0x10261f4b0	mapped	0x10261f4b0
System.Net.Http	592	0x06000251	System.Net.Http.HttpConnection	FillForHeadersAsync	0x2050	NoInlining	Private, HideBySig	0x1004b2320	0x9485b493	0x10261f56c	0x10261f56c	mapped	0x10261f56c
System.Net.Http	593	0x06000252	System.Net.Http.HttpConnection	ReadFromBuffer	0x2050	NoInlining	Private, HideBySig	0x1004b2324	0x9485b4b3	0x10261f5f0	0x10261f5f0	mapped	0x10261f5f0
System.Net.Http	594	0x06000253	System.Net.Http.HttpConnection	Read	0x2050	NoInlining	Private, HideBySig	0x1004b2328	0x9485b4f2	0x10261f6f0	0x10261f6f0	mapped	0x10261f6f0
System.Net.Http	595	0x06000254	System.Net.Http.HttpConnection	ReadAsync	0x2050	NoInlining	Private, HideBySig	0x1004b232c	0x9485b530	0x10261f7ec	0x10261f7ec	mapped	0x10261f7ec
System.Net.Http	596	0x06000255	System.Net.Http.HttpConnection	ReadBuffered	0x2050	NoInlining	Private, HideBySig	0x1004b2330	0x9485b565	0x10261f8c4	0x10261f8c4	mapped	0x10261f8c4
System.Net.Http	597	0x06000256	System.Net.Http.HttpConnection	ReadBufferedAsync	0x2050	NoInlining	Private, HideBySig	0x1004b2334	0x9485b5c3	0x10261fa40	0x10261fa40	mapped	0x10261fa40
System.Net.Http	598	0x06000257	System.Net.Http.HttpConnection	ReadBufferedAsyncCore	0x2050	NoInlining	Private, HideBySig	0x1004b2338	0x9485b5f0	0x10261faf8	0x10261faf8	mapped	0x10261faf8
System.Net.Http	599	0x06000258	System.Net.Http.HttpConnection	CopyFromBufferAsync	0x2050	NoInlining	Private, HideBySig	0x1004b233c	0x9485b625	0x10261fbd0	0x10261fbd0	mapped	0x10261fbd0
System.Net.Http	600	0x06000259	System.Net.Http.HttpConnection	CopyToUntilEofAsync	0x2050	NoInlining	Private, HideBySig	0x1004b2340	0x9485b693	0x10261fd8c	0x10261fd8c	mapped	0x10261fd8c
System.Net.Http	601	0x0600025a	System.Net.Http.HttpConnection	CopyToUntilEofWithExistingBufferedDataAsync	0x2050	NoInlining	Private, HideBySig	0x1004b2344	0x9485b6e5	0x10261fed8	0x10261fed8	mapped	0x10261fed8
System.Net.Http	602	0x0600025b	System.Net.Http.HttpConnection	CopyToContentLengthAsync	0x2050	NoInlining	Private, HideBySig	0x1004b2348	0x9485b72d	0x10261fffc	0x10261fffc	mapped	0x10261fffc
System.Net.Http	603	0x0600025c	System.Net.Http.HttpConnection	Acquire	0x2050	NoInlining	Assembly, HideBySig	0x1004b234c	0x9485b777	0x102620128	0x102620128	mapped	0x102620128
System.Net.Http	604	0x0600025d	System.Net.Http.HttpConnection	Release	0x2050	NoInlining	Assembly, HideBySig	0x1004b2350	0x9485b781	0x102620154	0x102620154	mapped	0x102620154
System.Net.Http	605	0x0600025e	System.Net.Http.HttpConnection	DetachFromPool	0x2050	NoInlining	Assembly, HideBySig	0x1004b2354	0x9485b797	0x1026201b0	0x1026201b0	mapped	0x1026201b0
System.Net.Http	606	0x0600025f	System.Net.Http.HttpConnection	CompleteResponse	0x2050	NoInlining	Private, HideBySig	0x1004b2358	0x9485b7a1	0x1026201dc	0x1026201dc	mapped	0x1026201dc
System.Net.Http	607	0x06000260	System.Net.Http.HttpConnection	DrainResponseAsync	0x2050	NoInlining	Public, HideBySig	0x1004b235c	0x9485b7d5	0x1026202b0	0x1026202b0	mapped	0x1026202b0
System.Net.Http	608	0x06000261	System.Net.Http.HttpConnection	ReturnConnectionToPool	0x2050	NoInlining	Private, HideBySig	0x1004b2360	0x9485b80c	0x102620390	0x102620390	mapped	0x102620390
System.Net.Http	609	0x06000262	System.Net.Http.HttpConnection	ToString	0x2050	NoInlining	Public, Final, Virtual, HideBySig	0x1004b2364	0x9485b83f	0x102620460	0x102620460	mapped	0x102620460
System.Net.Http	610	0x06000263	System.Net.Http.HttpConnection	.cctor	0x2050	NoInlining	Private, Static, HideBySig, SpecialName, RTSpecialName	0x1004b2368	0x9485b8b5	0x10262063c	0x10262063c	mapped	0x10262063c
System.Net.Http	611	0x06000264	System.Net.Http.HttpConnection	<EnsureReadAheadTaskHasStarted>g__ReadAheadWithZeroByteReadAsync|40_0	0x2050	NoInlining	Private, HideBySig	0x1004b236c	0x9485b8d4	0x1026206bc	0x1026206bc	mapped	0x1026206bc
System.Net.Http	612	0x06000265	System.Net.Http.HttpConnection	<WriteHeaders>g__WriteHost|51_0	0x2050	NoInlining	Private, HideBySig	0x1004b2370	0x9485b904	0x102620780	0x102620780	mapped	0x102620780
System.Net.Http	613	0x06000266	System.Net.Http.HttpConnection	<WriteString>g__ThrowForInvalidCharEncoding|56_0	0x2050	NoInlining	Assembly, Static, HideBySig	0x1004b2374	0x9485b967	0x102620910	0x102620910	mapped	0x102620910
System.Net.Http	614	0x06000267	System.Net.Http.HttpConnection	<ParseHeadersCore>g__ThrowForInvalidHeaderLine|66_0	0x2050	NoInlining	Assembly, Static, HideBySig	0x1004b2378	0x9485b984	0x102620988	0x102620988	mapped	0x102620988
System.Net.Http	615	0x06000268	System.Net.Http.HttpConnection	<AddResponseHeader>g__ThrowForEmptyHeaderName|67_0	0x2050	NoInlining	Assembly, Static, HideBySig	0x1004b237c	0x9485b9c3	0x102620a88	0x102620a88	mapped	0x102620a88
System.Net.Http	616	0x06000269	System.Net.Http.HttpConnection	<AddResponseHeader>g__ThrowForInvalidHeaderName|67_1	0x2050	NoInlining	Assembly, Static, HideBySig	0x1004b2380	0x9485b9eb	0x102620b2c	0x102620b2c	mapped	0x102620b2c
System.Net.Http	617	0x0600026a	System.Net.Http.HttpConnection	<WriteAsync>g__AwaitFlushAndWriteAsync|72_0	0x2050	NoInlining	Private, HideBySig	0x1004b2384	0x9485ba24	0x102620c14	0x102620c14	mapped	0x102620c14
System.Net.Http	618	0x0600026b	System.Net.Http.HttpConnection	<FillForHeadersAsync>g__ReadUntilEndOfHeaderAsync|84_0	0x2050	NoInlining	Private, HideBySig	0x1004b2388	0x9485ba5b	0x102620cf4	0x102620cf4	mapped	0x102620cf4
System.Net.Http	619	0x0600026c	System.Net.Http.HttpConnection	<FillForHeadersAsync>g__TryFindEndOfLine|84_1	0x2050	NoInlining	Assembly, Static, HideBySig	0x1004b238c	0x9485ba89	0x102620db0	0x102620db0	mapped	0x102620db0
System.Net.Http	620	0x0600026d	System.Net.Http.HttpConnection+ChunkedEncodingReadStream	.ctor	0x2050	NoInlining	Public, HideBySig, SpecialName, RTSpecialName	0x1004b2390	0x9485bae9	0x102620f34	0x102620f34	mapped	0x102620f34
System.Net.Http	621	0x0600026e	System.Net.Http.HttpConnection+ChunkedEncodingReadStream	Read	0x2050	NoInlining	Public, Final, Virtual, HideBySig	0x1004b2394	0x9485bafd	0x102620f88	0x102620f88	mapped	0x102620f88
System.Net.Http	622	0x0600026f	System.Net.Http.HttpConnection+ChunkedEncodingReadStream	ReadAsync	0x2050	NoInlining	Public, Final, Virtual, HideBySig	0x1004b2398	0x9485bb9c	0x102621208	0x102621208	mapped	0x102621208
System.Net.Http	623	0x06000270	System.Net.Http.HttpConnection+ChunkedEncodingReadStream	ReadAsyncCore	0x2050	NoInlining	Private, HideBySig	0x1004b239c	0x9485bc0f	0x1026213d8	0x1026213d8	mapped	0x1026213d8
System.Net.Http	624	0x06000271	System.Net.Http.HttpConnection+ChunkedEncodingReadStream	CopyToAsync	0x2050	NoInlining	Public, Final, Virtual, HideBySig	0x1004b23a0	0x9485bc48	0x1026214c0	0x1026214c0	mapped	0x1026214c0
System.Net.Http	625	0x06000272	System.Net.Http.HttpConnection+ChunkedEncodingReadStream	CopyToAsyncCore	0x2050	NoInlining	Private, HideBySig	0x1004b23a4	0x9485bc82	0x1026215ac	0x1026215ac	mapped	0x1026215ac
System.Net.Http	626	0x06000273	System.Net.Http.HttpConnection+ChunkedEncodingReadStream	PeekChunkFromConnectionBuffer	0x2050	NoInlining	Private, HideBySig	0x1004b23a8	0x9485bcc3	0x1026216b4	0x1026216b4	mapped	0x1026216b4
System.Net.Http	627	0x06000274	System.Net.Http.HttpConnection+ChunkedEncodingReadStream	ReadChunksFromConnectionBuffer	0x2050	NoInlining	Private, HideBySig	0x1004b23ac	0x9485bcd9	0x102621710	0x102621710	mapped	0x102621710
System.Net.Http	628	0x06000275	System.Net.Http.HttpConnection+ChunkedEncodingReadStream	ReadChunkFromConnectionBuffer	0x2050	NoInlining	Private, HideBySig	0x1004b23b0	0x9485bd3e	0x1026218a8	0x1026218a8	mapped	0x1026218a8
System.Net.Http	629	0x06000276	System.Net.Http.HttpConnection+ChunkedEncodingReadStream	ValidateChunkExtension	0x2050	NoInlining	Private, Static, HideBySig	0x1004b23b4	0x9485be91	0x102621df8	0x102621df8	mapped	0x102621df8
System.Net.Http	630	0x06000277	System.Net.Http.HttpConnection+ChunkedEncodingReadStream	get_NeedsDrain	0x2050	NoInlining	Public, Final, Virtual, HideBySig, SpecialName	0x1004b23b8	0x9485bede	0x102621f30	0x102621f30	mapped	0x102621f30
System.Net.Http	631	0x06000278	System.Net.Http.HttpConnection+ChunkedEncodingReadStream	DrainAsync	0x2050	NoInlining	Public, Final, Virtual, HideBySig	0x1004b23bc	0x9485beed	0x102621f70	0x102621f70	mapped	0x102621f70
System.Net.Http	632	0x06000279	System.Net.Http.HttpConnection+ChunkedEncodingReadStream	Fill	0x2050	NoInlining	Private, HideBySig	0x1004b23c0	0x9485bf21	0x102622044	0x102622044	mapped	0x102622044
System.Net.Http	633	0x0600027a	System.Net.Http.HttpConnection+ChunkedEncodingReadStream	FillAsync	0x2050	NoInlining	Private, HideBySig	0x1004b23c4	0x9485bf66	0x10262215c	0x10262215c	mapped	0x10262215c
System.Net.Http	634	0x0600027b	System.Net.Http.HttpConnection+ChunkedEncodingReadStream+<>c	.cctor	0x2050	NoInlining	Private, Static, HideBySig, SpecialName, RTSpecialName	0x1004b23c8	0x9485bf88	0x1026221e8	0x1026221e8	mapped	0x1026221e8
System.Net.Http	635	0x0600027c	System.Net.Http.HttpConnection+ChunkedEncodingReadStream+<>c	.ctor	0x2050	NoInlining	Public, HideBySig, SpecialName, RTSpecialName	0x1004b23cc	0x9485bfa3	0x102622258	0x102622258	mapped	0x102622258
System.Net.Http	636	0x0600027d	System.Net.Http.HttpConnection+ChunkedEncodingReadStream+<>c	<DrainAsync>b__16_0	0x2050	NoInlining	Assembly, HideBySig	0x1004b23d0	0x9485bfb0	0x102622290	0x102622290	mapped	0x102622290
System.Net.Http	637	0x0600027e	System.Net.Http.HttpConnection+ChunkedEncodingReadStream+<CopyToAsyncCore>d__8	MoveNext	0x2050	NoInlining	Private, Final, Virtual, HideBySig, VtableLayoutMask	0x1004b23d4	0x97ff10ff	0x1004767d0	0x1004767d0	mapped	0x1004767d0
System.Net.Http	638	0x0600027f	System.Net.Http.HttpConnection+ChunkedEncodingReadStream+<CopyToAsyncCore>d__8	SetStateMachine	0x2050	NoInlining	Private, Final, Virtual, HideBySig, VtableLayoutMask	0x1004b23d8	0x9485bfd8	0x102622338	0x102622338	mapped	0x102622338
System.Net.Http	639	0x06000280	System.Net.Http.HttpConnection+ChunkedEncodingReadStream+<DrainAsync>d__16	MoveNext	0x2050	NoInlining	Private, Final, Virtual, HideBySig, VtableLayoutMask	0x1004b23dc	0x97ff1415	0x100477430	0x100477430	mapped	0x100477430
System.Net.Http	640	0x06000281	System.Net.Http.HttpConnection+ChunkedEncodingReadStream+<DrainAsync>d__16	SetStateMachine	0x2050	NoInlining	Private, Final, Virtual, HideBySig, VtableLayoutMask	0x1004b23e0	0x9485bfec	0x102622390	0x102622390	mapped	0x102622390
System.Net.Http	641	0x06000282	System.Net.Http.HttpConnection+ChunkedEncodingReadStream+<ReadAsyncCore>d__6	MoveNext	0x2050	NoInlining	Private, Final, Virtual, HideBySig, VtableLayoutMask	0x1004b23e4	0x97ff16cf	0x100477f20	0x100477f20	mapped	0x100477f20
System.Net.Http	642	0x06000283	System.Net.Http.HttpConnection+ChunkedEncodingReadStream+<ReadAsyncCore>d__6	SetStateMachine	0x2050	NoInlining	Private, Final, Virtual, HideBySig, VtableLayoutMask	0x1004b23e8	0x9485c00d	0x10262241c	0x10262241c	mapped	0x10262241c
System.Net.Http	643	0x06000284	System.Net.Http.HttpConnection+ChunkedEncodingWriteStream	.ctor	0x2050	NoInlining	Public, HideBySig, SpecialName, RTSpecialName	0x1004b23ec	0x9485c02f	0x1026224a8	0x1026224a8	mapped	0x1026224a8
System.Net.Http	644	0x06000285	System.Net.Http.HttpConnection+ChunkedEncodingWriteStream	Write	0x2050	NoInlining	Public, Final, Virtual, HideBySig	0x1004b23f0	0x9485c04d	0x102622524	0x102622524	mapped	0x102622524
System.Net.Http	645	0x06000286	System.Net.Http.HttpConnection+ChunkedEncodingWriteStream	WriteAsync	0x2050	NoInlining	Public, Final, Virtual, HideBySig	0x1004b23f4	0x9485c0b7	0x1026226d0	0x1026226d0	mapped	0x1026226d0
System.Net.Http	646	0x06000287	System.Net.Http.HttpConnection+ChunkedEncodingWriteStream	FinishAsync	0x2050	NoInlining	Public, Final, Virtual, HideBySig	0x1004b23f8	0x9485c0ec	0x1026227a8	0x1026227a8	mapped	0x1026227a8
System.Net.Http	647	0x06000288	System.Net.Http.HttpConnection+ChunkedEncodingWriteStream	.cctor	0x2050	NoInlining	Private, Static, HideBySig, SpecialName, RTSpecialName	0x1004b23fc	0x9485c13d	0x1026228f0	0x1026228f0	mapped	0x1026228f0
System.Net.Http	648	0x06000289	System.Net.Http.HttpConnection+ChunkedEncodingWriteStream	<WriteAsync>g__WriteChunkAsync|4_0	0x2050	NoInlining	Assembly, Static, HideBySig	0x1004b2400	0x9485c169	0x1026229a4	0x1026229a4	mapped	0x1026229a4
System.Net.Http	649	0x0600028a	System.Net.Http.HttpConnection+ChunkedEncodingWriteStream+<<WriteAsync>g__WriteChunkAsync|4_0>d	MoveNext	0x2050	NoInlining	Private, Final, Virtual, HideBySig, VtableLayoutMask	0x1004b2404	0x9485c19b	0x102622a70	0x102622a70	mapped	0x102622a70
System.Net.Http	650	0x0600028b	System.Net.Http.HttpConnection+ChunkedEncodingWriteStream+<<WriteAsync>g__WriteChunkAsync|4_0>d	SetStateMachine	0x2050	NoInlining	Private, Final, Virtual, HideBySig, VtableLayoutMask	0x1004b2408	0x9485c3ab	0x1026232b4	0x1026232b4	mapped	0x1026232b4
System.Net.Http	651	0x0600028c	System.Net.Http.HttpConnection+ConnectionCloseReadStream	.ctor	0x2050	NoInlining	Public, HideBySig, SpecialName, RTSpecialName	0x1004b240c	0x9485c3c0	0x10262330c	0x10262330c	mapped	0x10262330c
System.Net.Http	652	0x0600028d	System.Net.Http.HttpConnection+ConnectionCloseReadStream	Read	0x2050	NoInlining	Public, Final, Virtual, HideBySig	0x1004b2410	0x9485c3cf	0x10262334c	0x10262334c	mapped	0x10262334c
System.Net.Http	653	0x0600028e	System.Net.Http.HttpConnection+ConnectionCloseReadStream	ReadAsync	0x2050	NoInlining	Public, Final, Virtual, HideBySig	0x1004b2414	0x9485c3f2	0x1026233dc	0x1026233dc	mapped	0x1026233dc
System.Net.Http	654	0x0600028f	System.Net.Http.HttpConnection+ConnectionCloseReadStream	CopyToAsync	0x2050	NoInlining	Public, Final, Virtual, HideBySig	0x1004b2418	0x9485c42a	0x1026234c0	0x1026234c0	mapped	0x1026234c0
System.Net.Http	655	0x06000290	System.Net.Http.HttpConnection+ConnectionCloseReadStream	CompleteCopyToAsync	0x2050	NoInlining	Private, HideBySig	0x1004b241c	0x9485c47b	0x102623608	0x102623608	mapped	0x102623608
System.Net.Http	656	0x06000291	System.Net.Http.HttpConnection+ConnectionCloseReadStream	Finish	0x2050	NoInlining	Private, HideBySig	0x1004b2420	0x9485c4c2	0x102623728	0x102623728	mapped	0x102623728
System.Net.Http	657	0x06000292	System.Net.Http.HttpConnection+ConnectionCloseReadStream+<CompleteCopyToAsync>d__4	MoveNext	0x2050	NoInlining	Private, Final, Virtual, HideBySig, VtableLayoutMask	0x1004b2424	0x97ff1bf7	0x100479400	0x100479400	mapped	0x100479400
System.Net.Http	658	0x06000293	System.Net.Http.HttpConnection+ConnectionCloseReadStream+<CompleteCopyToAsync>d__4	SetStateMachine	0x2050	NoInlining	Private, Final, Virtual, HideBySig, VtableLayoutMask	0x1004b2428	0x9485c4db	0x102623794	0x102623794	mapped	0x102623794
System.Net.Http	659	0x06000294	System.Net.Http.HttpConnection+ConnectionCloseReadStream+<ReadAsync>d__2	MoveNext	0x2050	NoInlining	Private, Final, Virtual, HideBySig, VtableLayoutMask	0x1004b242c	0x97ff1d79	0x100479a10	0x100479a10	mapped	0x100479a10
System.Net.Http	660	0x06000295	System.Net.Http.HttpConnection+ConnectionCloseReadStream+<ReadAsync>d__2	SetStateMachine	0x2050	NoInlining	Private, Final, Virtual, HideBySig, VtableLayoutMask	0x1004b2430	0x9485c4ef	0x1026237ec	0x1026237ec	mapped	0x1026237ec
System.Net.Http	661	0x06000296	System.Net.Http.HttpConnection+ContentLengthReadStream	.ctor	0x2050	NoInlining	Public, HideBySig, SpecialName, RTSpecialName	0x1004b2434	0x9485c511	0x102623878	0x102623878	mapped	0x102623878
System.Net.Http	662	0x06000297	System.Net.Http.HttpConnection+ContentLengthReadStream	Read	0x2050	NoInlining	Public, Final, Virtual, HideBySig	0x1004b2438	0x9485c521	0x1026238bc	0x1026238bc	mapped	0x1026238bc
System.Net.Http	663	0x06000298	System.Net.Http.HttpConnection+ContentLengthReadStream	ReadAsync	0x2050	NoInlining	Public, Final, Virtual, HideBySig	0x1004b243c	0x9485c57e	0x102623a34	0x102623a34	mapped	0x102623a34
System.Net.Http	664	0x06000299	System.Net.Http.HttpConnection+ContentLengthReadStream	CopyToAsync	0x2050	NoInlining	Public, Final, Virtual, HideBySig	0x1004b2440	0x9485c5b7	0x102623b1c	0x102623b1c	mapped	0x102623b1c
System.Net.Http	665	0x0600029a	System.Net.Http.HttpConnection+ContentLengthReadStream	CompleteCopyToAsync	0x2050	NoInlining	Private, HideBySig	0x1004b2444	0x9485c603	0x102623c50	0x102623c50	mapped	0x102623c50
System.Net.Http	666	0x0600029b	System.Net.Http.HttpConnection+ContentLengthReadStream	Finish	0x2050	NoInlining	Private, HideBySig	0x1004b2448	0x9485c644	0x102623d58	0x102623d58	mapped	0x102623d58
System.Net.Http	667	0x0600029c	System.Net.Http.HttpConnection+ContentLengthReadStream	ReadFromConnectionBuffer	0x2050	NoInlining	Private, HideBySig	0x1004b244c	0x9485c65d	0x102623dc0	0x102623dc0	mapped	0x102623dc0
System.Net.Http	668	0x0600029d	System.Net.Http.HttpConnection+ContentLengthReadStream	get_NeedsDrain	0x2050	NoInlining	Public, Final, Virtual, HideBySig, SpecialName	0x1004b2450	0x9485c6a5	0x102623ee4	0x102623ee4	mapped	0x102623ee4
System.Net.Http	669	0x0600029e	System.Net.Http.HttpConnection+ContentLengthReadStream	DrainAsync	0x2050	NoInlining	Public, Final, Virtual, HideBySig	0x1004b2454	0x9485c6b4	0x102623f24	0x102623f24	mapped	0x102623f24
System.Net.Http	670	0x0600029f	System.Net.Http.HttpConnection+ContentLengthReadStream+<>c	.cctor	0x2050	NoInlining	Private, Static, HideBySig, SpecialName, RTSpecialName	0x1004b2458	0x9485c6e7	0x102623ff4	0x102623ff4	mapped	0x102623ff4
System.Net.Http	671	0x060002a0	System.Net.Http.HttpConnection+ContentLengthReadStream+<>c	.ctor	0x2050	NoInlining	Public, HideBySig, SpecialName, RTSpecialName	0x1004b245c	0x9485c702	0x102624064	0x102624064	mapped	0x102624064
System.Net.Http	672	0x060002a1	System.Net.Http.HttpConnection+ContentLengthReadStream+<>c	<DrainAsync>b__10_0	0x2050	NoInlining	Assembly, HideBySig	0x1004b2460	0x9485c70f	0x10262409c	0x10262409c	mapped	0x10262409c
System.Net.Http	673	0x060002a2	System.Net.Http.HttpConnection+ContentLengthReadStream+<CompleteCopyToAsync>d__5	MoveNext	0x2050	NoInlining	Private, Final, Virtual, HideBySig, VtableLayoutMask	0x1004b2464	0x97ff2003	0x10047a470	0x10047a470	mapped	0x10047a470
System.Net.Http	674	0x060002a3	System.Net.Http.HttpConnection+ContentLengthReadStream+<CompleteCopyToAsync>d__5	SetStateMachine	0x2050	NoInlining	Private, Final, Virtual, HideBySig, VtableLayoutMask	0x1004b2468	0x9485c737	0x102624144	0x102624144	mapped	0x102624144
System.Net.Http	675	0x060002a4	System.Net.Http.HttpConnection+ContentLengthReadStream+<DrainAsync>d__10	MoveNext	0x2050	NoInlining	Private, Final, Virtual, HideBySig, VtableLayoutMask	0x1004b246c	0x97ff2179	0x10047aa50	0x10047aa50	mapped	0x10047aa50
System.Net.Http	676	0x060002a5	System.Net.Http.HttpConnection+ContentLengthReadStream+<DrainAsync>d__10	SetStateMachine	0x2050	NoInlining	Private, Final, Virtual, HideBySig, VtableLayoutMask	0x1004b2470	0x9485c74b	0x10262419c	0x10262419c	mapped	0x10262419c
System.Net.Http	677	0x060002a6	System.Net.Http.HttpConnection+ContentLengthReadStream+<ReadAsync>d__3	MoveNext	0x2050	NoInlining	Private, Final, Virtual, HideBySig, VtableLayoutMask	0x1004b2474	0x97ff240f	0x10047b4b0	0x10047b4b0	mapped	0x10047b4b0
System.Net.Http	678	0x060002a7	System.Net.Http.HttpConnection+ContentLengthReadStream+<ReadAsync>d__3	SetStateMachine	0x2050	NoInlining	Private, Final, Virtual, HideBySig, VtableLayoutMask	0x1004b2478	0x9485c76c	0x102624228	0x102624228	mapped	0x102624228
System.Net.Http	679	0x060002a8	System.Net.Http.HttpConnection+ContentLengthWriteStream	.ctor	0x2050	NoInlining	Public, HideBySig, SpecialName, RTSpecialName	0x1004b247c	0x9485c78e	0x1026242b4	0x1026242b4	mapped	0x1026242b4
System.Net.Http	680	0x060002a9	System.Net.Http.HttpConnection+ContentLengthWriteStream	Write	0x2050	NoInlining	Public, Final, Virtual, HideBySig	0x1004b2480	0x9485c79e	0x1026242f8	0x1026242f8	mapped	0x1026242f8
System.Net.Http	681	0x060002aa	System.Net.Http.HttpConnection+ContentLengthWriteStream	WriteAsync	0x2050	NoInlining	Public, Final, Virtual, HideBySig	0x1004b2484	0x9485c7da	0x1026243ec	0x1026243ec	mapped	0x1026243ec
System.Net.Http	682	0x060002ab	System.Net.Http.HttpConnection+ContentLengthWriteStream	FinishAsync	0x2050	NoInlining	Public, Final, Virtual, HideBySig	0x1004b2488	0x9485c81a	0x1026244f0	0x1026244f0	mapped	0x1026244f0
System.Net.Http	683	0x060002ac	System.Net.Http.HttpConnection+HttpContentReadStream	.ctor	0x2050	NoInlining	Public, HideBySig, SpecialName, RTSpecialName	0x1004b248c	0x9485c868	0x10262462c	0x10262462c	mapped	0x10262462c
System.Net.Http	684	0x060002ad	System.Net.Http.HttpConnection+HttpContentReadStream	get_CanRead	0x2050	NoInlining	Public, Final, Virtual, HideBySig, SpecialName	0x1004b2490	0x9485c877	0x10262466c	0x10262466c	mapped	0x10262466c
System.Net.Http	685	0x060002ae	System.Net.Http.HttpConnection+HttpContentReadStream	get_CanWrite	0x2050	NoInlining	Public, Final, Virtual, HideBySig, SpecialName	0x1004b2494	0x9485c881	0x102624698	0x102624698	mapped	0x102624698
System.Net.Http	686	0x060002af	System.Net.Http.HttpConnection+HttpContentReadStream	Write	0x2050	NoInlining	Public, Final, Virtual, HideBySig	0x1004b2498	0x9485c882	0x1026246a0	0x1026246a0	mapped	0x1026246a0
System.Net.Http	687	0x060002b0	System.Net.Http.HttpConnection+HttpContentReadStream	WriteAsync	0x2050	NoInlining	Public, Final, Virtual, HideBySig	0x1004b249c	0x9485c893	0x1026246e8	0x1026246e8	mapped	0x1026246e8
System.Net.Http	688	0x060002b1	System.Net.Http.HttpConnection+HttpContentReadStream	get_NeedsDrain	0x2050	NoInlining	Public, Virtual, HideBySig, VtableLayoutMask, SpecialName	0x1004b24a0	0x9485c89d	0x102624714	0x102624714	mapped	0x102624714
System.Net.Http	689	0x060002b2	System.Net.Http.HttpConnection+HttpContentReadStream	get_IsDisposed	0x2050	NoInlining	Family, HideBySig, SpecialName	0x1004b24a4	0x9485c89e	0x10262471c	0x10262471c	mapped	0x10262471c
System.Net.Http	690	0x060002b3	System.Net.Http.HttpConnection+HttpContentReadStream	get_CanReadFromConnection	0x2050	NoInlining	Family, HideBySig, SpecialName	0x1004b24a8	0x9485c8a8	0x102624748	0x102624748	mapped	0x102624748
System.Net.Http	691	0x060002b4	System.Net.Http.HttpConnection+HttpContentReadStream	DrainAsync	0x2050	NoInlining	Public, Virtual, HideBySig, VtableLayoutMask	0x1004b24ac	0x9485c8b7	0x102624788	0x102624788	mapped	0x102624788
System.Net.Http	692	0x060002b5	System.Net.Http.HttpConnection+HttpContentReadStream	Dispose	0x2050	NoInlining	Family, Final, Virtual, HideBySig	0x1004b24b0	0x9485c8b9	0x102624794	0x102624794	mapped	0x102624794
System.Net.Http	693	0x060002b6	System.Net.Http.HttpConnection+HttpContentReadStream	DrainOnDisposeAsync	0x2050	NoInlining	Private, HideBySig	0x1004b24b4	0x9485c8e8	0x102624854	0x102624854	mapped	0x102624854
System.Net.Http	694	0x060002b7	System.Net.Http.HttpConnection+HttpContentReadStream	<>n__0	0x2050	NoInlining	Private, HideBySig	0x1004b24b8	0x9485c91e	0x102624930	0x102624930	mapped	0x102624930
System.Net.Http	695	0x060002b8	System.Net.Http.HttpConnection+HttpContentReadStream+<DrainOnDisposeAsync>d__16	MoveNext	0x2050	NoInlining	Private, Final, Virtual, HideBySig, VtableLayoutMask	0x1004b24bc	0x97ff26f5	0x10047c090	0x10047c090	mapped	0x10047c090
System.Net.Http	696	0x060002b9	System.Net.Http.HttpConnection+HttpContentReadStream+<DrainOnDisposeAsync>d__16	SetStateMachine	0x2050	NoInlining	Private, Final, Virtual, HideBySig, VtableLayoutMask	0x1004b24c0	0x9485c92c	0x102624970	0x102624970	mapped	0x102624970
System.Net.Http	697	0x060002ba	System.Net.Http.HttpConnection+HttpContentWriteStream	get_BytesWritten	0x2050	NoInlining	Public, HideBySig, SpecialName	0x1004b24c4	0x9485c941	0x1026249c8	0x1026249c8	mapped	0x1026249c8
System.Net.Http	698	0x060002bb	System.Net.Http.HttpConnection+HttpContentWriteStream	set_BytesWritten	0x2050	NoInlining	Family, HideBySig, SpecialName	0x1004b24c8	0x9485c949	0x1026249ec	0x1026249ec	mapped	0x1026249ec
System.Net.Http	699	0x060002bc	System.Net.Http.HttpConnection+HttpContentWriteStream	.ctor	0x2050	NoInlining	Public, HideBySig, SpecialName, RTSpecialName	0x1004b24cc	0x9485c951	0x102624a10	0x102624a10	mapped	0x102624a10
System.Net.Http	700	0x060002bd	System.Net.Http.HttpConnection+HttpContentWriteStream	get_CanRead	0x2050	NoInlining	Public, Final, Virtual, HideBySig, SpecialName	0x1004b24d0	0x9485c960	0x102624a50	0x102624a50	mapped	0x102624a50
System.Net.Http	701	0x060002be	System.Net.Http.HttpConnection+HttpContentWriteStream	get_CanWrite	0x2050	NoInlining	Public, Final, Virtual, HideBySig, SpecialName	0x1004b24d4	0x9485c961	0x102624a58	0x102624a58	mapped	0x102624a58
System.Net.Http	702	0x060002bf	System.Net.Http.HttpConnection+HttpContentWriteStream	Flush	0x2050	NoInlining	Public, Final, Virtual, HideBySig	0x1004b24d8	0x9485c96b	0x102624a84	0x102624a84	mapped	0x102624a84
System.Net.Http	703	0x060002c0	System.Net.Http.HttpConnection+HttpContentWriteStream	FlushAsync	0x2050	NoInlining	Public, Final, Virtual, HideBySig	0x1004b24dc	0x9485c98d	0x102624b10	0x102624b10	mapped	0x102624b10
System.Net.Http	704	0x060002c1	System.Net.Http.HttpConnection+HttpContentWriteStream	Read	0x2050	NoInlining	Public, Final, Virtual, HideBySig	0x1004b24e0	0x9485c9bb	0x102624bcc	0x102624bcc	mapped	0x102624bcc
System.Net.Http	705	0x060002c2	System.Net.Http.HttpConnection+HttpContentWriteStream	ReadAsync	0x2050	NoInlining	Public, Final, Virtual, HideBySig	0x1004b24e4	0x9485c9c5	0x102624bf8	0x102624bf8	mapped	0x102624bf8
System.Net.Http	706	0x060002c3	System.Net.Http.HttpConnection+HttpContentWriteStream	CopyToAsync	0x2050	NoInlining	Public, Final, Virtual, HideBySig	0x1004b24e8	0x9485c9cf	0x102624c24	0x102624c24	mapped	0x102624c24
System.Net.Http	707	0x060002c4	System.Net.Http.HttpConnection+HttpContentWriteStream	FinishAsync	0x0	NoInlining	Public, Virtual, HideBySig, VtableLayoutMask, Abstract	0x1004b24ec	0x97fffd3d	0x1004b19e0		absent	0x1004b19e0
System.Net.Http	708	0x060002c5	System.Net.Http.HttpConnection+RawConnectionStream	.ctor	0x2050	NoInlining	Public, HideBySig, SpecialName, RTSpecialName	0x1004b24f0	0x9485c9d8	0x102624c50	0x102624c50	mapped	0x102624c50
System.Net.Http	709	0x060002c6	System.Net.Http.HttpConnection+RawConnectionStream	get_CanRead	0x2050	NoInlining	Public, Final, Virtual, HideBySig, SpecialName	0x1004b24f4	0x9485c9fd	0x102624ce8	0x102624ce8	mapped	0x102624ce8
System.Net.Http	710	0x060002c7	System.Net.Http.HttpConnection+RawConnectionStream	get_CanWrite	0x2050	NoInlining	Public, Final, Virtual, HideBySig, SpecialName	0x1004b24f8	0x9485ca07	0x102624d14	0x102624d14	mapped	0x102624d14
System.Net.Http	711	0x060002c8	System.Net.Http.HttpConnection+RawConnectionStream	Read	0x2050	NoInlining	Public, Final, Virtual, HideBySig	0x1004b24fc	0x9485ca11	0x102624d40	0x102624d40	mapped	0x102624d40
System.Net.Http	712	0x060002c9	System.Net.Http.HttpConnection+RawConnectionStream	ReadAsync	0x2050	NoInlining	Public, Final, Virtual, HideBySig	0x1004b2500	0x9485ca34	0x102624dd0	0x102624dd0	mapped	0x102624dd0
System.Net.Http	713	0x060002ca	System.Net.Http.HttpConnection+RawConnectionStream	CopyToAsync	0x2050	NoInlining	Public, Final, Virtual, HideBySig	0x1004b2504	0x9485ca6c	0x102624eb4	0x102624eb4	mapped	0x102624eb4
System.Net.Http	714	0x060002cb	System.Net.Http.HttpConnection+RawConnectionStream	CompleteCopyToAsync	0x2050	NoInlining	Private, HideBySig	0x1004b2508	0x9485cabf	0x102625004	0x102625004	mapped	0x102625004
System.Net.Http	715	0x060002cc	System.Net.Http.HttpConnection+RawConnectionStream	Finish	0x2050	NoInlining	Private, HideBySig	0x1004b250c	0x9485cb06	0x102625124	0x102625124	mapped	0x102625124
System.Net.Http	716	0x060002cd	System.Net.Http.HttpConnection+RawConnectionStream	Write	0x2050	NoInlining	Public, Final, Virtual, HideBySig	0x1004b2510	0x9485cb20	0x102625190	0x102625190	mapped	0x102625190
System.Net.Http	717	0x060002ce	System.Net.Http.HttpConnection+RawConnectionStream	WriteAsync	0x2050	NoInlining	Public, Final, Virtual, HideBySig	0x1004b2514	0x9485cb45	0x102625228	0x102625228	mapped	0x102625228
System.Net.Http	718	0x060002cf	System.Net.Http.HttpConnection+RawConnectionStream	Flush	0x2050	NoInlining	Public, Final, Virtual, HideBySig	0x1004b2518	0x9485cbc0	0x102625418	0x102625418	mapped	0x102625418
System.Net.Http	719	0x060002d0	System.Net.Http.HttpConnection+RawConnectionStream	FlushAsync	0x2050	NoInlining	Public, Final, Virtual, HideBySig	0x1004b251c	0x9485cbe2	0x1026254a4	0x1026254a4	mapped	0x1026254a4
System.Net.Http	720	0x060002d1	System.Net.Http.HttpConnection+RawConnectionStream	WaitWithConnectionCancellationAsync	0x2050	NoInlining	Private, Static, HideBySig	0x1004b2520	0x9485cc48	0x102625640	0x102625640	mapped	0x102625640
System.Net.Http	721	0x060002d2	System.Net.Http.HttpConnection+RawConnectionStream+<CompleteCopyToAsync>d__8	MoveNext	0x2050	NoInlining	Private, Final, Virtual, HideBySig, VtableLayoutMask	0x1004b2524	0x97ff2877	0x10047c700	0x10047c700	mapped	0x10047c700
System.Net.Http	722	0x060002d3	System.Net.Http.HttpConnection+RawConnectionStream+<CompleteCopyToAsync>d__8	SetStateMachine	0x2050	NoInlining	Private, Final, Virtual, HideBySig, VtableLayoutMask	0x1004b2528	0x9485cc85	0x10262573c	0x10262573c	mapped	0x10262573c
System.Net.Http	723	0x060002d4	System.Net.Http.HttpConnection+RawConnectionStream+<ReadAsync>d__6	MoveNext	0x2050	NoInlining	Private, Final, Virtual, HideBySig, VtableLayoutMask	0x1004b252c	0x97ff29f9	0x10047cd10	0x10047cd10	mapped	0x10047cd10
System.Net.Http	724	0x060002d5	System.Net.Http.HttpConnection+RawConnectionStream+<ReadAsync>d__6	SetStateMachine	0x2050	NoInlining	Private, Final, Virtual, HideBySig, VtableLayoutMask	0x1004b2530	0x9485cc99	0x102625794	0x102625794	mapped	0x102625794
System.Net.Http	725	0x060002d6	System.Net.Http.HttpConnection+RawConnectionStream+<WaitWithConnectionCancellationAsync>d__14	MoveNext	0x2050	NoInlining	Private, Final, Virtual, HideBySig, VtableLayoutMask	0x1004b2534	0x97ff2c8f	0x10047d770	0x10047d770	mapped	0x10047d770
System.Net.Http	726	0x060002d7	System.Net.Http.HttpConnection+RawConnectionStream+<WaitWithConnectionCancellationAsync>d__14	SetStateMachine	0x2050	NoInlining	Private, Final, Virtual, HideBySig, VtableLayoutMask	0x1004b2538	0x9485ccba	0x102625820	0x102625820	mapped	0x102625820
System.Net.Http	727	0x060002d8	System.Net.Http.HttpConnection+<<EnsureReadAheadTaskHasStarted>g__ReadAheadWithZeroByteReadAsync|40_0>d	MoveNext	0x2050	NoInlining	Private, Final, Virtual, HideBySig, VtableLayoutMask	0x1004b253c	0x97ff2e61	0x10047dec0	0x10047dec0	mapped	0x10047dec0
System.Net.Http	728	0x060002d9	System.Net.Http.HttpConnection+<<EnsureReadAheadTaskHasStarted>g__ReadAheadWithZeroByteReadAsync|40_0>d	SetStateMachine	0x2050	NoInlining	Private, Final, Virtual, HideBySig, VtableLayoutMask	0x1004b2540	0x9485ccce	0x102625878	0x102625878	mapped	0x102625878
System.Net.Http	729	0x060002da	System.Net.Http.HttpConnection+<<FillForHeadersAsync>g__ReadUntilEndOfHeaderAsync|84_0>d	MoveNext	0x2050	NoInlining	Private, Final, Virtual, HideBySig, VtableLayoutMask	0x1004b2544	0x9485ccf0	0x102625904	0x102625904	mapped	0x102625904
System.Net.Http	730	0x060002db	System.Net.Http.HttpConnection+<<FillForHeadersAsync>g__ReadUntilEndOfHeaderAsync|84_0>d	SetStateMachine	0x2050	NoInlining	Private, Final, Virtual, HideBySig, VtableLayoutMask	0x1004b2548	0x9485cde8	0x102625ce8	0x102625ce8	mapped	0x102625ce8
System.Net.Http	731	0x060002dc	System.Net.Http.HttpConnection+<<WriteAsync>g__AwaitFlushAndWriteAsync|72_0>d	MoveNext	0x2050	NoInlining	Private, Final, Virtual, HideBySig, VtableLayoutMask	0x1004b254c	0x9485cdfd	0x102625d40	0x102625d40	mapped	0x102625d40
System.Net.Http	732	0x060002dd	System.Net.Http.HttpConnection+<<WriteAsync>g__AwaitFlushAndWriteAsync|72_0>d	SetStateMachine	0x2050	NoInlining	Private, Final, Virtual, HideBySig, VtableLayoutMask	0x1004b2550	0x9485cf44	0x102626260	0x102626260	mapped	0x102626260
System.Net.Http	733	0x060002de	System.Net.Http.HttpConnection+<>c	.cctor	0x2050	NoInlining	Private, Static, HideBySig, SpecialName, RTSpecialName	0x1004b2554	0x9485cf59	0x1026262b8	0x1026262b8	mapped	0x1026262b8
System.Net.Http	734	0x060002df	System.Net.Http.HttpConnection+<>c	.ctor	0x2050	NoInlining	Public, HideBySig, SpecialName, RTSpecialName	0x1004b2558	0x9485cf74	0x102626328	0x102626328	mapped	0x102626328
System.Net.Http	735	0x060002e0	System.Net.Http.HttpConnection+<>c	<SendAsync>b__57_0	0x2050	NoInlining	Assembly, HideBySig	0x1004b255c	0x9485cf81	0x102626360	0x102626360	mapped	0x102626360
System.Net.Http	736	0x060002e1	System.Net.Http.HttpConnection+<>c	<RegisterCancellation>b__60_0	0x2050	NoInlining	Assembly, HideBySig	0x1004b2560	0x9485cfaf	0x10262641c	0x10262641c	mapped	0x10262641c
System.Net.Http	737	0x060002e2	System.Net.Http.HttpConnection+<CopyToContentLengthAsync>d__94	MoveNext	0x2050	NoInlining	Private, Final, Virtual, HideBySig, VtableLayoutMask	0x1004b2564	0x97ff315b	0x10047ead0	0x10047ead0	mapped	0x10047ead0
System.Net.Http	738	0x060002e3	System.Net.Http.HttpConnection+<CopyToContentLengthAsync>d__94	SetStateMachine	0x2050	NoInlining	Private, Final, Virtual, HideBySig, VtableLayoutMask	0x1004b2568	0x9485cfe2	0x1026264f0	0x1026264f0	mapped	0x1026264f0
System.Net.Http	739	0x060002e4	System.Net.Http.HttpConnection+<CopyToUntilEofWithExistingBufferedDataAsync>d__93	MoveNext	0x2050	NoInlining	Private, Final, Virtual, HideBySig, VtableLayoutMask	0x1004b256c	0x9485cff7	0x102626548	0x102626548	mapped	0x102626548
System.Net.Http	740	0x060002e5	System.Net.Http.HttpConnection+<CopyToUntilEofWithExistingBufferedDataAsync>d__93	SetStateMachine	0x2050	NoInlining	Private, Final, Virtual, HideBySig, VtableLayoutMask	0x1004b2570	0x9485d121	0x1026269f4	0x1026269f4	mapped	0x1026269f4
System.Net.Http	741	0x060002e6	System.Net.Http.HttpConnection+<DrainResponseAsync>d__99	MoveNext	0x2050	NoInlining	Private, Final, Virtual, HideBySig, VtableLayoutMask	0x1004b2574	0x9485d136	0x102626a4c	0x102626a4c	mapped	0x102626a4c
System.Net.Http	742	0x060002e7	System.Net.Http.HttpConnection+<DrainResponseAsync>d__99	SetStateMachine	0x2050	NoInlining	Private, Final, Virtual, HideBySig, VtableLayoutMask	0x1004b2578	0x9485d273	0x102626f44	0x102626f44	mapped	0x102626f44
System.Net.Http	743	0x060002e8	System.Net.Http.HttpConnection+<FillAsync>d__83	MoveNext	0x2050	NoInlining	Private, Final, Virtual, HideBySig, VtableLayoutMask	0x1004b257c	0x9485d288	0x102626f9c	0x102626f9c	mapped	0x102626f9c
System.Net.Http	744	0x060002e9	System.Net.Http.HttpConnection+<FillAsync>d__83	SetStateMachine	0x2050	NoInlining	Private, Final, Virtual, HideBySig, VtableLayoutMask	0x1004b2580	0x9485d3ab	0x10262742c	0x10262742c	mapped	0x10262742c
System.Net.Http	745	0x060002ea	System.Net.Http.HttpConnection+<FlushThenWriteWithoutBufferingAsync>d__75	MoveNext	0x2050	NoInlining	Private, Final, Virtual, HideBySig, VtableLayoutMask	0x1004b2584	0x9485d3c0	0x102627484	0x102627484	mapped	0x102627484
System.Net.Http	746	0x060002eb	System.Net.Http.HttpConnection+<FlushThenWriteWithoutBufferingAsync>d__75	SetStateMachine	0x2050	NoInlining	Private, Final, Virtual, HideBySig, VtableLayoutMask	0x1004b2588	0x9485d4de	0x102627900	0x102627900	mapped	0x102627900
System.Net.Http	747	0x060002ec	System.Net.Http.HttpConnection+<InitialFillAsync>d__82	MoveNext	0x2050	NoInlining	Private, Final, Virtual, HideBySig, VtableLayoutMask	0x1004b258c	0x9485d4f3	0x102627958	0x102627958	mapped	0x102627958
System.Net.Http	748	0x060002ed	System.Net.Http.HttpConnection+<InitialFillAsync>d__82	SetStateMachine	0x2050	NoInlining	Private, Final, Virtual, HideBySig, VtableLayoutMask	0x1004b2590	0x9485d5ed	0x102627d44	0x102627d44	mapped	0x102627d44
System.Net.Http	749	0x060002ee	System.Net.Http.HttpConnection+<ReadAsync>d__87	MoveNext	0x2050	NoInlining	Private, Final, Virtual, HideBySig, VtableLayoutMask	0x1004b2594	0x9485d602	0x102627d9c	0x102627d9c	mapped	0x102627d9c
System.Net.Http	750	0x060002ef	System.Net.Http.HttpConnection+<ReadAsync>d__87	SetStateMachine	0x2050	NoInlining	Private, Final, Virtual, HideBySig, VtableLayoutMask	0x1004b2598	0x9485d6f4	0x102628168	0x102628168	mapped	0x102628168
System.Net.Http	751	0x060002f0	System.Net.Http.HttpConnection+<ReadBufferedAsyncCore>d__90	MoveNext	0x2050	NoInlining	Private, Final, Virtual, HideBySig, VtableLayoutMask	0x1004b259c	0x9485d716	0x1026281f4	0x1026281f4	mapped	0x1026281f4
System.Net.Http	752	0x060002f1	System.Net.Http.HttpConnection+<ReadBufferedAsyncCore>d__90	SetStateMachine	0x2050	NoInlining	Private, Final, Virtual, HideBySig, VtableLayoutMask	0x1004b25a0	0x9485d81f	0x10262861c	0x10262861c	mapped	0x10262861c
System.Net.Http	753	0x060002f2	System.Net.Http.HttpConnection+<SendAsync>d__57	MoveNext	0x2050	NoInlining	Private, Final, Virtual, HideBySig, VtableLayoutMask	0x1004b25a4	0x97ff360f	0x10047fde0	0x10047fde0	mapped	0x10047fde0
System.Net.Http	754	0x060002f3	System.Net.Http.HttpConnection+<SendAsync>d__57	SetStateMachine	0x2050	NoInlining	Private, Final, Virtual, HideBySig, VtableLayoutMask	0x1004b25a8	0x9485d840	0x1026286a8	0x1026286a8	mapped	0x1026286a8
System.Net.Http	755	0x060002f4	System.Net.Http.HttpConnection+<SendRequestContentAsync>d__61	MoveNext	0x2050	NoInlining	Private, Final, Virtual, HideBySig, VtableLayoutMask	0x1004b25ac	0x9485d862	0x102628734	0x102628734	mapped	0x102628734
System.Net.Http	756	0x060002f5	System.Net.Http.HttpConnection+<SendRequestContentAsync>d__61	SetStateMachine	0x2050	NoInlining	Private, Final, Virtual, HideBySig, VtableLayoutMask	0x1004b25b0	0x9485d9de	0x102628d28	0x102628d28	mapped	0x102628d28
System.Net.Http	757	0x060002f6	System.Net.Http.HttpConnection+<SendRequestContentWithExpect100ContinueAsync>d__62	MoveNext	0x2050	NoInlining	Private, Final, Virtual, HideBySig, VtableLayoutMask	0x1004b25b4	0x97ff46fb	0x1004841a0	0x1004841a0	mapped	0x1004841a0
System.Net.Http	758	0x060002f7	System.Net.Http.HttpConnection+<SendRequestContentWithExpect100ContinueAsync>d__62	SetStateMachine	0x2050	NoInlining	Private, Final, Virtual, HideBySig, VtableLayoutMask	0x1004b25b8	0x9485d9f2	0x102628d80	0x102628d80	mapped	0x102628d80
System.Net.Http	759	0x060002f8	System.Net.Http.ConnectHelper	SetUpRemoteCertificateValidationCallback	0x2050	NoInlining	Private, Static, HideBySig	0x1004b25bc	0x9485da07	0x102628dd8	0x102628dd8	mapped	0x102628dd8
System.Net.Http	760	0x060002f9	System.Net.Http.ConnectHelper	EstablishSslConnectionAsync	0x2050	NoInlining	Public, Static, HideBySig	0x1004b25c0	0x9485da5f	0x102628f3c	0x102628f3c	mapped	0x102628f3c
System.Net.Http	761	0x060002fa	System.Net.Http.ConnectHelper	CreateWrappedException	0x2050	NoInlining	Assembly, Static, HideBySig	0x1004b25c4	0x9485dab3	0x102629090	0x102629090	mapped	0x102629090
System.Net.Http	762	0x060002fb	System.Net.Http.ConnectHelper	<CreateWrappedException>g__DeduceError|4_0	0x2050	NoInlining	Assembly, Static, HideBySig	0x1004b25c8	0x9485db84	0x1026293d8	0x1026293d8	mapped	0x1026293d8
System.Net.Http	763	0x060002fc	System.Net.Http.ConnectHelper+<>c	.cctor	0x2050	NoInlining	Private, Static, HideBySig, SpecialName, RTSpecialName	0x1004b25cc	0x9485dba7	0x102629468	0x102629468	mapped	0x102629468
System.Net.Http	764	0x060002fd	System.Net.Http.ConnectHelper+<>c	.ctor	0x2050	NoInlining	Public, HideBySig, SpecialName, RTSpecialName	0x1004b25d0	0x9485dbc2	0x1026294d8	0x1026294d8	mapped	0x1026294d8
System.Net.Http	765	0x060002fe	System.Net.Http.ConnectHelper+<>c	<EstablishSslConnectionAsync>b__2_0	0x2050	NoInlining	Assembly, HideBySig	0x1004b25d4	0x9485dbcf	0x102629510	0x102629510	mapped	0x102629510
System.Net.Http	766	0x060002ff	System.Net.Http.ConnectHelper+<>c__DisplayClass1_0	.ctor	0x2050	NoInlining	Public, HideBySig, SpecialName, RTSpecialName	0x1004b25d8	0x9485dbfa	0x1026295c0	0x1026295c0	mapped	0x1026295c0
System.Net.Http	767	0x06000300	System.Net.Http.ConnectHelper+<>c__DisplayClass1_0	<SetUpRemoteCertificateValidationCallback>b__0	0x2050	NoInlining	Assembly, HideBySig	0x1004b25dc	0x9485dbfa	0x1026295c4	0x1026295c4	mapped	0x1026295c4
System.Net.Http	768	0x06000301	System.Net.Http.ConnectHelper+<EstablishSslConnectionAsync>d__2	MoveNext	0x2050	NoInlining	Private, Final, Virtual, HideBySig, VtableLayoutMask	0x1004b25e0	0x97ff48f0	0x1004849a0	0x1004849a0	mapped	0x1004849a0
System.Net.Http	769	0x06000302	System.Net.Http.ConnectHelper+<EstablishSslConnectionAsync>d__2	SetStateMachine	0x2050	NoInlining	Private, Final, Virtual, HideBySig, VtableLayoutMask	0x1004b25e4	0x9485dc2d	0x102629698	0x102629698	mapped	0x102629698
System.Net.Http	770	0x06000303	System.Net.Http.CookieHelper	ProcessReceivedCookies	0x2050	NoInlining	Public, Static, HideBySig	0x1004b25e8	0x9485dc4f	0x102629724	0x102629724	mapped	0x102629724
System.Net.Http	771	0x06000304	System.Net.Http.CreditManager	.ctor	0x2050	NoInlining	Public, HideBySig, SpecialName, RTSpecialName	0x1004b25ec	0x9485dcf9	0x1026299d0	0x1026299d0	mapped	0x1026299d0
System.Net.Http	772	0x06000305	System.Net.Http.CreditManager	get_IsCreditAvailable	0x2050	NoInlining	Public, HideBySig, SpecialName	0x1004b25f0	0x9485dd28	0x102629a90	0x102629a90	mapped	0x102629a90
System.Net.Http	773	0x06000306	System.Net.Http.CreditManager	get_SyncObject	0x2050	NoInlining	Private, HideBySig, SpecialName	0x1004b25f4	0x9485dd36	0x102629acc	0x102629acc	mapped	0x102629acc
System.Net.Http	774	0x06000307	System.Net.Http.CreditManager	RequestCreditAsync	0x2050	NoInlining	Public, HideBySig	0x1004b25f8	0x9485dd36	0x102629ad0	0x102629ad0	mapped	0x102629ad0
System.Net.Http	775	0x06000308	System.Net.Http.CreditManager	AdjustCredit	0x2050	NoInlining	Public, HideBySig	0x1004b25fc	0x9485dde5	0x102629d90	0x102629d90	mapped	0x102629d90
System.Net.Http	776	0x06000309	System.Net.Http.CreditManager	Dispose	0x2050	NoInlining	Public, HideBySig	0x1004b2600	0x9485de5b	0x102629f6c	0x102629f6c	mapped	0x102629f6c
System.Net.Http	777	0x0600030a	System.Net.Http.CreditManager	TryRequestCreditNoLock	0x2050	NoInlining	Private, HideBySig	0x1004b2604	0x9485dea5	0x10262a098	0x10262a098	mapped	0x10262a098
System.Net.Http	778	0x0600030b	System.Net.Http.CreditWaiter	.ctor	0x2050	NoInlining	Public, HideBySig, SpecialName, RTSpecialName	0x1004b2608	0x9485ded7	0x10262a164	0x10262a164	mapped	0x10262a164
System.Net.Http	779	0x0600030c	System.Net.Http.CreditWaiter	ResetForAwait	0x2050	NoInlining	Public, HideBySig	0x1004b260c	0x9485def3	0x10262a1d8	0x10262a1d8	mapped	0x10262a1d8
System.Net.Http	780	0x0600030d	System.Net.Http.CreditWaiter	RegisterCancellation	0x2050	NoInlining	Private, HideBySig	0x1004b2610	0x9485df17	0x10262a26c	0x10262a26c	mapped	0x10262a26c
System.Net.Http	781	0x0600030e	System.Net.Http.CreditWaiter	AsValueTask	0x2050	NoInlining	Public, HideBySig	0x1004b2614	0x9485df6d	0x10262a3c8	0x10262a3c8	mapped	0x10262a3c8
System.Net.Http	782	0x0600030f	System.Net.Http.CreditWaiter	TrySetResult	0x2050	NoInlining	Public, HideBySig	0x1004b2618	0x9485df93	0x10262a464	0x10262a464	mapped	0x10262a464
System.Net.Http	783	0x06000310	System.Net.Http.CreditWaiter	Dispose	0x2050	NoInlining	Public, HideBySig	0x1004b261c	0x9485dfbc	0x10262a50c	0x10262a50c	mapped	0x10262a50c
System.Net.Http	784	0x06000311	System.Net.Http.CreditWaiter	UnregisterAndOwnCompletion	0x2050	NoInlining	Private, HideBySig	0x1004b2620	0x9485dff0	0x10262a5e0	0x10262a5e0	mapped	0x10262a5e0
System.Net.Http	785	0x06000312	System.Net.Http.CreditWaiter	System.Threading.Tasks.Sources.IValueTaskSource<System.Int32>.GetResult	0x2050	NoInlining	Private, Final, Virtual, HideBySig, VtableLayoutMask	0x1004b2624	0x9485e00f	0x10262a660	0x10262a660	mapped	0x10262a660
System.Net.Http	786	0x06000313	System.Net.Http.CreditWaiter	System.Threading.Tasks.Sources.IValueTaskSource<System.Int32>.GetStatus	0x2050	NoInlining	Private, Final, Virtual, HideBySig, VtableLayoutMask	0x1004b2628	0x9485e031	0x10262a6ec	0x10262a6ec	mapped	0x10262a6ec
System.Net.Http	787	0x06000314	System.Net.Http.CreditWaiter	System.Threading.Tasks.Sources.IValueTaskSource<System.Int32>.OnCompleted	0x2050	NoInlining	Private, Final, Virtual, HideBySig, VtableLayoutMask	0x1004b262c	0x9485e053	0x10262a778	0x10262a778	mapped	0x10262a778
System.Net.Http	788	0x06000315	System.Net.Http.CreditWaiter+<>c	.cctor	0x2050	NoInlining	Private, Static, HideBySig, SpecialName, RTSpecialName	0x1004b2630	0x9485e07f	0x10262a82c	0x10262a82c	mapped	0x10262a82c
System.Net.Http	789	0x06000316	System.Net.Http.CreditWaiter+<>c	.ctor	0x2050	NoInlining	Public, HideBySig, SpecialName, RTSpecialName	0x1004b2634	0x9485e09a	0x10262a89c	0x10262a89c	mapped	0x10262a89c
System.Net.Http	790	0x06000317	System.Net.Http.CreditWaiter+<>c	<RegisterCancellation>b__7_0	0x2050	NoInlining	Assembly, HideBySig	0x1004b2638	0x9485e0a7	0x10262a8d4	0x10262a8d4	mapped	0x10262a8d4
System.Net.Http	791	0x06000318	System.Net.Http.DecompressionHandler	.ctor	0x2050	NoInlining	Public, HideBySig, SpecialName, RTSpecialName	0x1004b263c	0x9485e0dd	0x10262a9b0	0x10262a9b0	mapped	0x10262a9b0
System.Net.Http	792	0x06000319	System.Net.Http.DecompressionHandler	get_GZipEnabled	0x2050	NoInlining	Assembly, HideBySig, SpecialName	0x1004b2640	0x9485e111	0x10262aa84	0x10262aa84	mapped	0x10262aa84
System.Net.Http	793	0x0600031a	System.Net.Http.DecompressionHandler	get_DeflateEnabled	0x2050	NoInlining	Assembly, HideBySig, SpecialName	0x1004b2644	0x9485e11a	0x10262aaac	0x10262aaac	mapped	0x10262aaac
System.Net.Http	794	0x0600031b	System.Net.Http.DecompressionHandler	get_BrotliEnabled	0x2050	NoInlining	Assembly, HideBySig, SpecialName	0x1004b2648	0x9485e123	0x10262aad4	0x10262aad4	mapped	0x10262aad4
System.Net.Http	795	0x0600031c	System.Net.Http.DecompressionHandler	EncodingExists	0x2050	NoInlining	Private, Static, HideBySig	0x1004b264c	0x9485e12c	0x10262aafc	0x10262aafc	mapped	0x10262aafc
System.Net.Http	796	0x0600031d	System.Net.Http.DecompressionHandler	SendAsync	0x2050	NoInlining	Assembly, Final, Virtual, HideBySig, CheckAccessOnOverride	0x1004b2650	0x9485e1a4	0x10262ace0	0x10262ace0	mapped	0x10262ace0
System.Net.Http	797	0x0600031e	System.Net.Http.DecompressionHandler	Dispose	0x2050	NoInlining	Family, Final, Virtual, HideBySig	0x1004b2654	0x9485e1ef	0x10262ae10	0x10262ae10	mapped	0x10262ae10
System.Net.Http	798	0x0600031f	System.Net.Http.DecompressionHandler	.cctor	0x2050	NoInlining	Private, Static, HideBySig, SpecialName, RTSpecialName	0x1004b2658	0x9485e20f	0x10262ae94	0x10262ae94	mapped	0x10262ae94
System.Net.Http	799	0x06000320	System.Net.Http.DecompressionHandler+DecompressedContent	.ctor	0x2050	NoInlining	Public, HideBySig, SpecialName, RTSpecialName	0x1004b265c	0x9485e249	0x10262af80	0x10262af80	mapped	0x10262af80
System.Net.Http	800	0x06000321	System.Net.Http.DecompressionHandler+DecompressedContent	GetDecompressedStream	0x0	NoInlining	Family, Virtual, HideBySig, VtableLayoutMask, Abstract	0x1004b2660	0x97fffce0	0x1004b19e0		absent	0x1004b19e0
System.Net.Http	801	0x06000322	System.Net.Http.DecompressionHandler+DecompressedContent	SerializeToStream	0x2050	NoInlining	Family, Final, Virtual, HideBySig	0x1004b2664	0x9485e306	0x10262b27c	0x10262b27c	mapped	0x10262b27c
System.Net.Http	802	0x06000323	System.Net.Http.DecompressionHandler+DecompressedContent	SerializeToStreamAsync	0x2050	NoInlining	Family, Final, Virtual, HideBySig	0x1004b2668	0x9485e34f	0x10262b3a4	0x10262b3a4	mapped	0x10262b3a4
System.Net.Http	803	0x06000324	System.Net.Http.DecompressionHandler+DecompressedContent	SerializeToStreamAsync	0x2050	NoInlining	Family, Final, Virtual, HideBySig	0x1004b266c	0x9485e36b	0x10262b418	0x10262b418	mapped	0x10262b418
System.Net.Http	804	0x06000325	System.Net.Http.DecompressionHandler+DecompressedContent	CreateContentReadStream	0x2050	NoInlining	Family, Final, Virtual, HideBySig	0x1004b2670	0x9485e3ac	0x10262b520	0x10262b520	mapped	0x10262b520
System.Net.Http	805	0x06000326	System.Net.Http.DecompressionHandler+DecompressedContent	CreateContentReadStreamAsync	0x2050	NoInlining	Family, Final, Virtual, HideBySig	0x1004b2674	0x9485e3e8	0x10262b614	0x10262b614	mapped	0x10262b614
System.Net.Http	806	0x06000327	System.Net.Http.DecompressionHandler+DecompressedContent	CreateContentReadStreamAsyncCore	0x2050	NoInlining	Private, HideBySig	0x1004b2678	0x9485e40c	0x10262b6a8	0x10262b6a8	mapped	0x10262b6a8
System.Net.Http	807	0x06000328	System.Net.Http.DecompressionHandler+DecompressedContent	TryCreateContentReadStream	0x2050	NoInlining	Assembly, Final, Virtual, HideBySig, CheckAccessOnOverride	0x1004b267c	0x9485e450	0x10262b7bc	0x10262b7bc	mapped	0x10262b7bc
System.Net.Http	808	0x06000329	System.Net.Http.DecompressionHandler+DecompressedContent	TryComputeLength	0x2050	NoInlining	FamORAssem, Final, Virtual, HideBySig	0x1004b2680	0x9485e46d	0x10262b834	0x10262b834	mapped	0x10262b834
System.Net.Http	809	0x0600032a	System.Net.Http.DecompressionHandler+DecompressedContent	get_AllowDuplex	0x2050	NoInlining	Assembly, Final, Virtual, HideBySig, CheckAccessOnOverride, SpecialName	0x1004b2684	0x9485e477	0x10262b860	0x10262b860	mapped	0x10262b860
System.Net.Http	810	0x0600032b	System.Net.Http.DecompressionHandler+DecompressedContent	Dispose	0x2050	NoInlining	Family, Final, Virtual, HideBySig	0x1004b2688	0x9485e478	0x10262b868	0x10262b868	mapped	0x10262b868
System.Net.Http	811	0x0600032c	System.Net.Http.DecompressionHandler+DecompressedContent+<CreateContentReadStreamAsyncCore>d__9	MoveNext	0x2050	NoInlining	Private, Final, Virtual, HideBySig, VtableLayoutMask	0x1004b268c	0x9485e49d	0x10262b900	0x10262b900	mapped	0x10262b900
System.Net.Http	812	0x0600032d	System.Net.Http.DecompressionHandler+DecompressedContent+<CreateContentReadStreamAsyncCore>d__9	SetStateMachine	0x2050	NoInlining	Private, Final, Virtual, HideBySig, VtableLayoutMask	0x1004b2690	0x9485e564	0x10262bc20	0x10262bc20	mapped	0x10262bc20
System.Net.Http	813	0x0600032e	System.Net.Http.DecompressionHandler+DecompressedContent+<SerializeToStreamAsync>d__6	MoveNext	0x2050	NoInlining	Private, Final, Virtual, HideBySig, VtableLayoutMask	0x1004b2694	0x97ff4aef	0x100485250	0x100485250	mapped	0x100485250
System.Net.Http	814	0x0600032f	System.Net.Http.DecompressionHandler+DecompressedContent+<SerializeToStreamAsync>d__6	SetStateMachine	0x2050	NoInlining	Private, Final, Virtual, HideBySig, VtableLayoutMask	0x1004b2698	0x9485e585	0x10262bcac	0x10262bcac	mapped	0x10262bcac
System.Net.Http	815	0x06000330	System.Net.Http.DecompressionHandler+GZipDecompressedContent	.ctor	0x2050	NoInlining	Public, HideBySig, SpecialName, RTSpecialName	0x1004b269c	0x9485e59a	0x10262bd04	0x10262bd04	mapped	0x10262bd04
System.Net.Http	816	0x06000331	System.Net.Http.DecompressionHandler+GZipDecompressedContent	GetDecompressedStream	0x2050	NoInlining	Family, Final, Virtual, HideBySig	0x1004b26a0	0x9485e5a9	0x10262bd44	0x10262bd44	mapped	0x10262bd44
System.Net.Http	817	0x06000332	System.Net.Http.DecompressionHandler+DeflateDecompressedContent	.ctor	0x2050	NoInlining	Public, HideBySig, SpecialName, RTSpecialName	0x1004b26a4	0x9485e5c8	0x10262bdc4	0x10262bdc4	mapped	0x10262bdc4
System.Net.Http	818	0x06000333	System.Net.Http.DecompressionHandler+DeflateDecompressedContent	GetDecompressedStream	0x2050	NoInlining	Family, Final, Virtual, HideBySig	0x1004b26a8	0x9485e5d7	0x10262be04	0x10262be04	mapped	0x10262be04
System.Net.Http	819	0x06000334	System.Net.Http.DecompressionHandler+DeflateDecompressedContent+ZLibOrDeflateStream	.ctor	0x2050	NoInlining	Public, HideBySig, SpecialName, RTSpecialName	0x1004b26ac	0x9485e604	0x10262bebc	0x10262bebc	mapped	0x10262bebc
System.Net.Http	820	0x06000335	System.Net.Http.DecompressionHandler+DeflateDecompressedContent+ZLibOrDeflateStream	Dispose	0x2050	NoInlining	Family, Final, Virtual, HideBySig	0x1004b26b0	0x9485e631	0x10262bf74	0x10262bf74	mapped	0x10262bf74
System.Net.Http	821	0x06000336	System.Net.Http.DecompressionHandler+DeflateDecompressedContent+ZLibOrDeflateStream	get_CanRead	0x2050	NoInlining	Public, Final, Virtual, HideBySig, SpecialName	0x1004b26b4	0x9485e64f	0x10262bff0	0x10262bff0	mapped	0x10262bff0
System.Net.Http	822	0x06000337	System.Net.Http.DecompressionHandler+DeflateDecompressedContent+ZLibOrDeflateStream	get_CanWrite	0x2050	NoInlining	Public, Final, Virtual, HideBySig, SpecialName	0x1004b26b8	0x9485e650	0x10262bff8	0x10262bff8	mapped	0x10262bff8
System.Net.Http	823	0x06000338	System.Net.Http.DecompressionHandler+DeflateDecompressedContent+ZLibOrDeflateStream	WriteAsync	0x2050	NoInlining	Public, Final, Virtual, HideBySig	0x1004b26bc	0x9485e651	0x10262c000	0x10262c000	mapped	0x10262c000
System.Net.Http	824	0x06000339	System.Net.Http.DecompressionHandler+DeflateDecompressedContent+ZLibOrDeflateStream	Read	0x2050	NoInlining	Public, Final, Virtual, HideBySig	0x1004b26c0	0x9485e65b	0x10262c02c	0x10262c02c	mapped	0x10262c02c
System.Net.Http	825	0x0600033a	System.Net.Http.DecompressionHandler+DeflateDecompressedContent+ZLibOrDeflateStream	ReadAsync	0x2050	NoInlining	Public, Final, Virtual, HideBySig	0x1004b26c4	0x9485e68b	0x10262c0f0	0x10262c0f0	mapped	0x10262c0f0
System.Net.Http	826	0x0600033b	System.Net.Http.DecompressionHandler+DeflateDecompressedContent+ZLibOrDeflateStream	CopyToAsync	0x2050	NoInlining	Public, Final, Virtual, HideBySig	0x1004b26c8	0x9485e6af	0x10262c184	0x10262c184	mapped	0x10262c184
System.Net.Http	827	0x0600033c	System.Net.Http.DecompressionHandler+DeflateDecompressedContent+ZLibOrDeflateStream	CreateDecompressionStream	0x2050	NoInlining	Private, Static, HideBySig	0x1004b26cc	0x9485e6c7	0x10262c1e8	0x10262c1e8	mapped	0x10262c1e8
System.Net.Http	828	0x0600033d	System.Net.Http.DecompressionHandler+DeflateDecompressedContent+ZLibOrDeflateStream	<ReadAsync>g__CreateAndReadAsync|10_0	0x2050	NoInlining	Assembly, Static, HideBySig	0x1004b26d0	0x9485e6f3	0x10262c29c	0x10262c29c	mapped	0x10262c29c
System.Net.Http	829	0x0600033e	System.Net.Http.DecompressionHandler+DeflateDecompressedContent+ZLibOrDeflateStream	<CopyToAsync>g__Core|11_0	0x2050	NoInlining	Private, HideBySig	0x1004b26d4	0x9485e72b	0x10262c380	0x10262c380	mapped	0x10262c380
System.Net.Http	830	0x0600033f	System.Net.Http.DecompressionHandler+DeflateDecompressedContent+ZLibOrDeflateStream+PeekFirstByteReadStream	.ctor	0x2050	NoInlining	Public, HideBySig, SpecialName, RTSpecialName	0x1004b26d8	0x9485e76e	0x10262c490	0x10262c490	mapped	0x10262c490
System.Net.Http	831	0x06000340	System.Net.Http.DecompressionHandler+DeflateDecompressedContent+ZLibOrDeflateStream+PeekFirstByteReadStream	Dispose	0x2050	NoInlining	Family, Final, Virtual, HideBySig	0x1004b26dc	0x9485e77d	0x10262c4d0	0x10262c4d0	mapped	0x10262c4d0
System.Net.Http	832	0x06000341	System.Net.Http.DecompressionHandler+DeflateDecompressedContent+ZLibOrDeflateStream+PeekFirstByteReadStream	get_CanRead	0x2050	NoInlining	Public, Final, Virtual, HideBySig, SpecialName	0x1004b26e0	0x9485e798	0x10262c540	0x10262c540	mapped	0x10262c540
System.Net.Http	833	0x06000342	System.Net.Http.DecompressionHandler+DeflateDecompressedContent+ZLibOrDeflateStream+PeekFirstByteReadStream	get_CanWrite	0x2050	NoInlining	Public, Final, Virtual, HideBySig, SpecialName	0x1004b26e4	0x9485e799	0x10262c548	0x10262c548	mapped	0x10262c548
System.Net.Http	834	0x06000343	System.Net.Http.DecompressionHandler+DeflateDecompressedContent+ZLibOrDeflateStream+PeekFirstByteReadStream	WriteAsync	0x2050	NoInlining	Public, Final, Virtual, HideBySig	0x1004b26e8	0x9485e79a	0x10262c550	0x10262c550	mapped	0x10262c550
System.Net.Http	835	0x06000344	System.Net.Http.DecompressionHandler+DeflateDecompressedContent+ZLibOrDeflateStream+PeekFirstByteReadStream	PeekFirstByte	0x2050	NoInlining	Public, HideBySig	0x1004b26ec	0x9485e7a4	0x10262c57c	0x10262c57c	mapped	0x10262c57c
System.Net.Http	836	0x06000345	System.Net.Http.DecompressionHandler+DeflateDecompressedContent+ZLibOrDeflateStream+PeekFirstByteReadStream	PeekFirstByteAsync	0x2050	NoInlining	Public, HideBySig	0x1004b26f0	0x9485e7c3	0x10262c5fc	0x10262c5fc	mapped	0x10262c5fc
System.Net.Http	837	0x06000346	System.Net.Http.DecompressionHandler+DeflateDecompressedContent+ZLibOrDeflateStream+PeekFirstByteReadStream	Read	0x2050	NoInlining	Public, Final, Virtual, HideBySig	0x1004b26f4	0x9485e7f5	0x10262c6c8	0x10262c6c8	mapped	0x10262c6c8
System.Net.Http	838	0x06000347	System.Net.Http.DecompressionHandler+DeflateDecompressedContent+ZLibOrDeflateStream+PeekFirstByteReadStream	ReadAsync	0x2050	NoInlining	Public, Final, Virtual, HideBySig	0x1004b26f8	0x9485e823	0x10262c784	0x10262c784	mapped	0x10262c784
System.Net.Http	839	0x06000348	System.Net.Http.DecompressionHandler+DeflateDecompressedContent+ZLibOrDeflateStream+PeekFirstByteReadStream	CopyToAsync	0x2050	NoInlining	Public, Final, Virtual, HideBySig	0x1004b26fc	0x9485e881	0x10262c900	0x10262c900	mapped	0x10262c900
System.Net.Http	840	0x06000349	System.Net.Http.DecompressionHandler+DeflateDecompressedContent+ZLibOrDeflateStream+PeekFirstByteReadStream+<CopyToAsync>d__14	MoveNext	0x2050	NoInlining	Private, Final, Virtual, HideBySig, VtableLayoutMask	0x1004b2700	0x9485e8c4	0x10262ca10	0x10262ca10	mapped	0x10262ca10
System.Net.Http	841	0x0600034a	System.Net.Http.DecompressionHandler+DeflateDecompressedContent+ZLibOrDeflateStream+PeekFirstByteReadStream+<CopyToAsync>d__14	SetStateMachine	0x2050	NoInlining	Private, Final, Virtual, HideBySig, VtableLayoutMask	0x1004b2704	0x9485e9fc	0x10262cef4	0x10262cef4	mapped	0x10262cef4
System.Net.Http	842	0x0600034b	System.Net.Http.DecompressionHandler+DeflateDecompressedContent+ZLibOrDeflateStream+PeekFirstByteReadStream+<PeekFirstByteAsync>d__11	MoveNext	0x2050	NoInlining	Private, Final, Virtual, HideBySig, VtableLayoutMask	0x1004b2708	0x9485ea11	0x10262cf4c	0x10262cf4c	mapped	0x10262cf4c
System.Net.Http	843	0x0600034c	System.Net.Http.DecompressionHandler+DeflateDecompressedContent+ZLibOrDeflateStream+PeekFirstByteReadStream+<PeekFirstByteAsync>d__11	SetStateMachine	0x2050	NoInlining	Private, Final, Virtual, HideBySig, VtableLayoutMask	0x1004b270c	0x9485eb1f	0x10262d388	0x10262d388	mapped	0x10262d388
System.Net.Http	844	0x0600034d	System.Net.Http.DecompressionHandler+DeflateDecompressedContent+ZLibOrDeflateStream+<<CopyToAsync>g__Core|11_0>d	MoveNext	0x2050	NoInlining	Private, Final, Virtual, HideBySig, VtableLayoutMask	0x1004b2710	0x9485eb41	0x10262d414	0x10262d414	mapped	0x10262d414
System.Net.Http	845	0x0600034e	System.Net.Http.DecompressionHandler+DeflateDecompressedContent+ZLibOrDeflateStream+<<CopyToAsync>g__Core|11_0>d	SetStateMachine	0x2050	NoInlining	Private, Final, Virtual, HideBySig, VtableLayoutMask	0x1004b2714	0x9485ec66	0x10262d8ac	0x10262d8ac	mapped	0x10262d8ac
System.Net.Http	846	0x0600034f	System.Net.Http.DecompressionHandler+DeflateDecompressedContent+ZLibOrDeflateStream+<<ReadAsync>g__CreateAndReadAsync|10_0>d	MoveNext	0x2050	NoInlining	Private, Final, Virtual, HideBySig, VtableLayoutMask	0x1004b2718	0x9485ec7b	0x10262d904	0x10262d904	mapped	0x10262d904
System.Net.Http	847	0x06000350	System.Net.Http.DecompressionHandler+DeflateDecompressedContent+ZLibOrDeflateStream+<<ReadAsync>g__CreateAndReadAsync|10_0>d	SetStateMachine	0x2050	NoInlining	Private, Final, Virtual, HideBySig, VtableLayoutMask	0x1004b271c	0x9485edc7	0x10262de38	0x10262de38	mapped	0x10262de38
System.Net.Http	848	0x06000351	System.Net.Http.DecompressionHandler+BrotliDecompressedContent	.ctor	0x2050	NoInlining	Public, HideBySig, SpecialName, RTSpecialName	0x1004b2720	0x9485ede9	0x10262dec4	0x10262dec4	mapped	0x10262dec4
System.Net.Http	849	0x06000352	System.Net.Http.DecompressionHandler+BrotliDecompressedContent	GetDecompressedStream	0x2050	NoInlining	Family, Final, Virtual, HideBySig	0x1004b2724	0x9485edf8	0x10262df04	0x10262df04	mapped	0x10262df04
System.Net.Http	850	0x06000353	System.Net.Http.DecompressionHandler+<SendAsync>d__16	MoveNext	0x2050	NoInlining	Private, Final, Virtual, HideBySig, VtableLayoutMask	0x1004b2728	0x97ff4c9e	0x1004859a0	0x1004859a0	mapped	0x1004859a0
System.Net.Http	851	0x06000354	System.Net.Http.DecompressionHandler+<SendAsync>d__16	SetStateMachine	0x2050	NoInlining	Private, Final, Virtual, HideBySig, VtableLayoutMask	0x1004b272c	0x9485ee16	0x10262df84	0x10262df84	mapped	0x10262df84
System.Net.Http	852	0x06000355	System.Net.Http.FailedProxyCache	GetProxyRenewTicks	0x2050	NoInlining	Public, HideBySig	0x1004b2730	0x9485ee38	0x10262e010	0x10262e010	mapped	0x10262e010
System.Net.Http	853	0x06000356	System.Net.Http.FailedProxyCache	SetProxyFailed	0x2050	NoInlining	Public, HideBySig	0x1004b2734	0x9485ee49	0x10262e058	0x10262e058	mapped	0x10262e058
System.Net.Http	854	0x06000357	System.Net.Http.FailedProxyCache	TryRenewProxy	0x2050	NoInlining	Public, HideBySig	0x1004b2738	0x9485ee5a	0x10262e0a0	0x10262e0a0	mapped	0x10262e0a0
System.Net.Http	855	0x06000358	System.Net.Http.Http2Connection	get_ProtocolLiteralHeaderBytes	0x2050	NoInlining	Private, Static, HideBySig, SpecialName	0x1004b273c	0x9485ee6b	0x10262e0e8	0x10262e0e8	mapped	0x10262e0e8
System.Net.Http	856	0x06000359	System.Net.Http.Http2Connection	get_Http2ConnectionPreface	0x2050	NoInlining	Private, Static, HideBySig, SpecialName	0x1004b2740	0x9485ee81	0x10262e144	0x10262e144	mapped	0x10262e144
System.Net.Http	857	0x0600035a	System.Net.Http.Http2Connection	.ctor	0x2050	NoInlining	Public, HideBySig, SpecialName, RTSpecialName	0x1004b2744	0x9485ee97	0x10262e1a0	0x10262e1a0	mapped	0x10262e1a0
System.Net.Http	858	0x0600035b	System.Net.Http.Http2Connection	Finalize	0x2050	NoInlining	Family, Final, Virtual, HideBySig	0x1004b2748	0x9485ef75	0x10262e51c	0x10262e51c	mapped	0x10262e51c
System.Net.Http	859	0x0600035c	System.Net.Http.Http2Connection	get_SyncObject	0x2050	NoInlining	Private, HideBySig, SpecialName	0x1004b274c	0x9485ef95	0x10262e5a0	0x10262e5a0	mapped	0x10262e5a0
System.Net.Http	860	0x0600035d	System.Net.Http.Http2Connection	get_InitialSettingsReceived	0x2050	NoInlining	Assembly, HideBySig, SpecialName	0x1004b2750	0x9485ef9d	0x10262e5c4	0x10262e5c4	mapped	0x10262e5c4
System.Net.Http	861	0x0600035e	System.Net.Http.Http2Connection	get_IsConnectEnabled	0x2050	NoInlining	Assembly, HideBySig, SpecialName	0x1004b2754	0x9485efda	0x10262e6bc	0x10262e6bc	mapped	0x10262e6bc
System.Net.Http	862	0x0600035f	System.Net.Http.Http2Connection	set_IsConnectEnabled	0x2050	NoInlining	Private, HideBySig, SpecialName	0x1004b2758	0x9485efe2	0x10262e6e0	0x10262e6e0	mapped	0x10262e6e0
System.Net.Http	863	0x06000360	System.Net.Http.Http2Connection	SetupAsync	0x2050	NoInlining	Public, HideBySig	0x1004b275c	0x9485efea	0x10262e704	0x10262e704	mapped	0x10262e704
System.Net.Http	864	0x06000361	System.Net.Http.Http2Connection	Shutdown	0x2050	NoInlining	Private, HideBySig	0x1004b2760	0x9485f018	0x10262e7c0	0x10262e7c0	mapped	0x10262e7c0
System.Net.Http	865	0x06000362	System.Net.Http.Http2Connection	TryReserveStream	0x2050	NoInlining	Public, HideBySig	0x1004b2764	0x9485f04c	0x10262e894	0x10262e894	mapped	0x10262e894
System.Net.Http	866	0x06000363	System.Net.Http.Http2Connection	ReleaseStream	0x2050	NoInlining	Public, HideBySig	0x1004b2768	0x9485f09f	0x10262e9e4	0x10262e9e4	mapped	0x10262e9e4
System.Net.Http	867	0x06000364	System.Net.Http.Http2Connection	WaitForAvailableStreamsAsync	0x2050	NoInlining	Public, HideBySig	0x1004b276c	0x9485f0f7	0x10262eb48	0x10262eb48	mapped	0x10262eb48
System.Net.Http	868	0x06000365	System.Net.Http.Http2Connection	SignalAvailableStreamsWaiter	0x2050	NoInlining	Private, HideBySig	0x1004b2770	0x9485f164	0x10262ed00	0x10262ed00	mapped	0x10262ed00
System.Net.Http	869	0x06000366	System.Net.Http.Http2Connection	FlushOutgoingBytesAsync	0x2050	NoInlining	Private, HideBySig	0x1004b2774	0x9485f18e	0x10262edac	0x10262edac	mapped	0x10262edac
System.Net.Http	870	0x06000367	System.Net.Http.Http2Connection	ReadFrameAsync	0x2050	NoInlining	Private, HideBySig	0x1004b2778	0x9485f1c4	0x10262ee88	0x10262ee88	mapped	0x10262ee88
System.Net.Http	871	0x06000368	System.Net.Http.Http2Connection	ProcessIncomingFramesAsync	0x2050	NoInlining	Private, HideBySig	0x1004b277c	0x9485f203	0x10262ef88	0x10262ef88	mapped	0x10262ef88
System.Net.Http	872	0x06000369	System.Net.Http.Http2Connection	GetStream	0x2050	NoInlining	Private, HideBySig	0x1004b2780	0x9485f23b	0x10262f06c	0x10262f06c	mapped	0x10262f06c
System.Net.Http	873	0x0600036a	System.Net.Http.Http2Connection	ProcessHeadersFrame	0x2050	NoInlining	Private, HideBySig	0x1004b2784	0x9485f294	0x10262f1d4	0x10262f1d4	mapped	0x10262f1d4
System.Net.Http	874	0x0600036b	System.Net.Http.Http2Connection	GetFrameData	0x2050	NoInlining	Private, Static, HideBySig	0x1004b2788	0x9485f2c8	0x10262f2a8	0x10262f2a8	mapped	0x10262f2a8
System.Net.Http	875	0x0600036c	System.Net.Http.Http2Connection	ProcessAltSvcFrame	0x2050	NoInlining	Private, HideBySig	0x1004b278c	0x9485f305	0x10262f3a0	0x10262f3a0	mapped	0x10262f3a0
System.Net.Http	876	0x0600036d	System.Net.Http.Http2Connection	ProcessDataFrame	0x2050	NoInlining	Private, HideBySig	0x1004b2790	0x9485f380	0x10262f590	0x10262f590	mapped	0x10262f590
System.Net.Http	877	0x0600036e	System.Net.Http.Http2Connection	ProcessSettingsFrame	0x2050	NoInlining	Private, HideBySig	0x1004b2794	0x9485f3c4	0x10262f6a4	0x10262f6a4	mapped	0x10262f6a4
System.Net.Http	878	0x0600036f	System.Net.Http.Http2Connection	ChangeMaxConcurrentStreams	0x2050	NoInlining	Private, HideBySig	0x1004b2798	0x9485f48b	0x10262f9c4	0x10262f9c4	mapped	0x10262f9c4
System.Net.Http	879	0x06000370	System.Net.Http.Http2Connection	ChangeInitialWindowSize	0x2050	NoInlining	Private, HideBySig	0x1004b279c	0x97ff4f51	0x1004864e0	0x1004864e0	mapped	0x1004864e0
System.Net.Http	880	0x06000371	System.Net.Http.Http2Connection	ProcessPriorityFrame	0x2050	NoInlining	Private, HideBySig	0x1004b27a0	0x9485f4d4	0x10262faf0	0x10262faf0	mapped	0x10262faf0
System.Net.Http	881	0x06000372	System.Net.Http.Http2Connection	ProcessPingFrame	0x2050	NoInlining	Private, HideBySig	0x1004b27a4	0x9485f4ed	0x10262fb58	0x10262fb58	mapped	0x10262fb58
System.Net.Http	882	0x06000373	System.Net.Http.Http2Connection	ProcessWindowUpdateFrame	0x2050	NoInlining	Private, HideBySig	0x1004b27a8	0x9485f540	0x10262fca8	0x10262fca8	mapped	0x10262fca8
System.Net.Http	883	0x06000374	System.Net.Http.Http2Connection	ProcessRstStreamFrame	0x2050	NoInlining	Private, HideBySig	0x1004b27ac	0x9485f58c	0x10262fddc	0x10262fddc	mapped	0x10262fddc
System.Net.Http	884	0x06000375	System.Net.Http.Http2Connection	ProcessGoAwayFrame	0x2050	NoInlining	Private, HideBySig	0x1004b27b0	0x97ff4fc4	0x1004866c0	0x1004866c0	mapped	0x1004866c0
System.Net.Http	885	0x06000376	System.Net.Http.Http2Connection	ReadGoAwayFrame	0x2050	NoInlining	Private, HideBySig	0x1004b27b4	0x9485f5de	0x10262ff2c	0x10262ff2c	mapped	0x10262ff2c
System.Net.Http	886	0x06000377	System.Net.Http.Http2Connection	FlushAsync	0x2050	NoInlining	Assembly, HideBySig	0x1004b27b8	0x9485f626	0x102630050	0x102630050	mapped	0x102630050
System.Net.Http	887	0x06000378	System.Net.Http.Http2Connection	PerformWriteAsync	0x2050	NoInlining	Private, HideBySig	0x1004b27bc	0x9485f66b	0x102630168	0x102630168	mapped	0x102630168
System.Net.Http	888	0x06000379	System.Net.Http.Http2Connection	ProcessOutgoingFramesAsync	0x2050	NoInlining	Private, HideBySig	0x1004b27c0	0x9485f6c8	0x1026302e0	0x1026302e0	mapped	0x1026302e0
System.Net.Http	889	0x0600037a	System.Net.Http.Http2Connection	SendSettingsAckAsync	0x2050	NoInlining	Private, HideBySig	0x1004b27c4	0x9485f6ff	0x1026303c0	0x1026303c0	mapped	0x1026303c0
System.Net.Http	890	0x0600037b	System.Net.Http.Http2Connection	SendPingAsync	0x2050	NoInlining	Private, HideBySig	0x1004b27c8	0x9485f743	0x1026304d4	0x1026304d4	mapped	0x1026304d4
System.Net.Http	891	0x0600037c	System.Net.Http.Http2Connection	SendRstStreamAsync	0x2050	NoInlining	Private, HideBySig	0x1004b27cc	0x9485f79d	0x102630640	0x102630640	mapped	0x102630640
System.Net.Http	892	0x0600037d	System.Net.Http.Http2Connection	HeartBeat	0x2050	NoInlining	Assembly, HideBySig	0x1004b27d0	0x9485f7f1	0x102630794	0x102630794	mapped	0x102630794
System.Net.Http	893	0x0600037e	System.Net.Http.Http2Connection	SplitBuffer	0x2050	NoInlining	Private, Static, HideBySig	0x1004b27d4	0x9485f829	0x102630878	0x102630878	mapped	0x102630878
System.Net.Http	894	0x0600037f	System.Net.Http.Http2Connection	WriteIndexedHeader	0x2050	NoInlining	Private, HideBySig	0x1004b27d8	0x9485f87f	0x1026309d4	0x1026309d4	mapped	0x1026309d4
System.Net.Http	895	0x06000380	System.Net.Http.Http2Connection	WriteIndexedHeader	0x2050	NoInlining	Private, HideBySig	0x1004b27dc	0x9485f8cb	0x102630b08	0x102630b08	mapped	0x102630b08
System.Net.Http	896	0x06000381	System.Net.Http.Http2Connection	WriteLiteralHeader	0x2050	NoInlining	Private, HideBySig	0x1004b27e0	0x9485f918	0x102630c40	0x102630c40	mapped	0x102630c40
System.Net.Http	897	0x06000382	System.Net.Http.Http2Connection	WriteLiteralHeaderValues	0x2050	NoInlining	Private, HideBySig	0x1004b27e4	0x9485f970	0x102630da4	0x102630da4	mapped	0x102630da4
System.Net.Http	898	0x06000383	System.Net.Http.Http2Connection	WriteLiteralHeaderValue	0x2050	NoInlining	Private, HideBySig	0x1004b27e8	0x9485f9c3	0x102630ef4	0x102630ef4	mapped	0x102630ef4
System.Net.Http	899	0x06000384	System.Net.Http.Http2Connection	WriteBytes	0x2050	NoInlining	Private, HideBySig	0x1004b27ec	0x9485fa0e	0x102631024	0x102631024	mapped	0x102631024
System.Net.Http	900	0x06000385	System.Net.Http.Http2Connection	WriteHeaderCollection	0x2050	NoInlining	Private, HideBySig	0x1004b27f0	0x9485fa55	0x102631144	0x102631144	mapped	0x102631144
System.Net.Http	901	0x06000386	System.Net.Http.Http2Connection	WriteHeaders	0x2050	NoInlining	Private, HideBySig	0x1004b27f4	0x9485fb6a	0x10263159c	0x10263159c	mapped	0x10263159c
System.Net.Http	902	0x06000387	System.Net.Http.Http2Connection	AddStream	0x2050	NoInlining	Private, HideBySig	0x1004b27f8	0x9485fcf0	0x102631bb8	0x102631bb8	mapped	0x102631bb8
System.Net.Http	903	0x06000388	System.Net.Http.Http2Connection	SendHeadersAsync	0x2050	NoInlining	Private, HideBySig	0x1004b27fc	0x9485fd62	0x102631d84	0x102631d84	mapped	0x102631d84
System.Net.Http	904	0x06000389	System.Net.Http.Http2Connection	SendStreamDataAsync	0x2050	NoInlining	Private, HideBySig	0x1004b2800	0x9485fdae	0x102631eb8	0x102631eb8	mapped	0x102631eb8
System.Net.Http	905	0x0600038a	System.Net.Http.Http2Connection	SendEndStreamAsync	0x2050	NoInlining	Private, HideBySig	0x1004b2804	0x9485fdf3	0x102631fd0	0x102631fd0	mapped	0x102631fd0
System.Net.Http	906	0x0600038b	System.Net.Http.Http2Connection	SendWindowUpdateAsync	0x2050	NoInlining	Private, HideBySig	0x1004b2808	0x9485fe46	0x102632120	0x102632120	mapped	0x102632120
System.Net.Http	907	0x0600038c	System.Net.Http.Http2Connection	ExtendWindow	0x2050	NoInlining	Private, HideBySig	0x1004b280c	0x9485fe9a	0x102632274	0x102632274	mapped	0x102632274
System.Net.Http	908	0x0600038d	System.Net.Http.Http2Connection	GetIdleTicks	0x2050	NoInlining	Public, Final, Virtual, HideBySig	0x1004b2810	0x9485ff0a	0x102632438	0x102632438	mapped	0x102632438
System.Net.Http	909	0x0600038e	System.Net.Http.Http2Connection	Abort	0x2050	NoInlining	Private, HideBySig	0x1004b2814	0x97ff50af	0x100486ad0	0x100486ad0	mapped	0x100486ad0
System.Net.Http	910	0x0600038f	System.Net.Http.Http2Connection	FinalTeardown	0x2050	NoInlining	Private, HideBySig	0x1004b2818	0x9485ff17	0x102632474	0x102632474	mapped	0x102632474
System.Net.Http	911	0x06000390	System.Net.Http.Http2Connection	Dispose	0x2050	NoInlining	Public, Final, Virtual, HideBySig	0x1004b281c	0x9485ff58	0x10263257c	0x10263257c	mapped	0x10263257c
System.Net.Http	912	0x06000391	System.Net.Http.Http2Connection	CreateSuccessfullyCompletedTcs	0x2050	NoInlining	Private, Static, HideBySig	0x1004b2820	0x9485ff88	0x102632640	0x102632640	mapped	0x102632640
System.Net.Http	913	0x06000392	System.Net.Http.Http2Connection	SendAsync	0x2050	NoInlining	Public, HideBySig	0x1004b2824	0x9485ffa9	0x1026326c8	0x1026326c8	mapped	0x1026326c8
System.Net.Http	914	0x06000393	System.Net.Http.Http2Connection	RemoveStream	0x2050	NoInlining	Private, HideBySig	0x1004b2828	0x9485ffee	0x1026327e0	0x1026327e0	mapped	0x1026327e0
System.Net.Http	915	0x06000394	System.Net.Http.Http2Connection	RefreshPingTimestamp	0x2050	NoInlining	Private, HideBySig	0x1004b282c	0x94860048	0x10263294c	0x10263294c	mapped	0x10263294c
System.Net.Http	916	0x06000395	System.Net.Http.Http2Connection	ProcessPingAck	0x2050	NoInlining	Private, HideBySig	0x1004b2830	0x9486005c	0x1026329a0	0x1026329a0	mapped	0x1026329a0
System.Net.Http	917	0x06000396	System.Net.Http.Http2Connection	VerifyKeepAlive	0x2050	NoInlining	Private, HideBySig	0x1004b2834	0x94860085	0x102632a48	0x102632a48	mapped	0x102632a48
System.Net.Http	918	0x06000397	System.Net.Http.Http2Connection	ToString	0x2050	NoInlining	Public, Final, Virtual, HideBySig	0x1004b2838	0x9486011e	0x102632cb0	0x102632cb0	mapped	0x102632cb0
System.Net.Http	919	0x06000398	System.Net.Http.Http2Connection	ThrowRetry	0x2050	NoInlining	Private, Static, HideBySig	0x1004b283c	0x94860194	0x102632e8c	0x102632e8c	mapped	0x102632e8c
System.Net.Http	920	0x06000399	System.Net.Http.Http2Connection	GetRequestAbortedException	0x2050	NoInlining	Private, Static, HideBySig	0x1004b2840	0x948601c1	0x102632f44	0x102632f44	mapped	0x102632f44
System.Net.Http	921	0x0600039a	System.Net.Http.Http2Connection	ThrowRequestAborted	0x2050	NoInlining	Private, Static, HideBySig	0x1004b2844	0x948601ed	0x102632ff8	0x102632ff8	mapped	0x102632ff8
System.Net.Http	922	0x0600039b	System.Net.Http.Http2Connection	ThrowProtocolError	0x2050	NoInlining	Private, Static, HideBySig	0x1004b2848	0x94860201	0x10263304c	0x10263304c	mapped	0x10263304c
System.Net.Http	923	0x0600039c	System.Net.Http.Http2Connection	ThrowProtocolError	0x2050	NoInlining	Private, Static, HideBySig	0x1004b284c	0x94860214	0x10263309c	0x10263309c	mapped	0x10263309c
System.Net.Http	924	0x0600039d	System.Net.Http.Http2Connection	.cctor	0x2050	NoInlining	Private, Static, HideBySig, SpecialName, RTSpecialName	0x1004b2850	0x9486022a	0x1026330f8	0x1026330f8	mapped	0x1026330f8
System.Net.Http	925	0x0600039e	System.Net.Http.Http2Connection	<.ctor>g__TimeSpanToMs|44_0	0x2050	NoInlining	Assembly, Static, HideBySig	0x1004b2854	0x9486024c	0x102633184	0x102633184	mapped	0x102633184
System.Net.Http	926	0x0600039f	System.Net.Http.Http2Connection	<ReadFrameAsync>g__ThrowPrematureEOF|61_0	0x2050	NoInlining	Private, HideBySig	0x1004b2858	0x94860269	0x1026331fc	0x1026331fc	mapped	0x1026331fc
System.Net.Http	927	0x060003a0	System.Net.Http.Http2Connection	<ReadFrameAsync>g__ThrowMissingFrame|61_1	0x2050	NoInlining	Assembly, Static, HideBySig	0x1004b285c	0x948602a0	0x1026332dc	0x1026332dc	mapped	0x1026332dc
System.Net.Http	928	0x060003a1	System.Net.Http.Http2Connection+NopHeadersHandler	System.Net.Http.IHttpStreamHeadersHandler.OnHeader	0x2050	NoInlining	Private, Final, Virtual, HideBySig, VtableLayoutMask	0x1004b2860	0x948602bf	0x10263335c	0x10263335c	mapped	0x10263335c
System.Net.Http	929	0x060003a2	System.Net.Http.Http2Connection+NopHeadersHandler	System.Net.Http.IHttpStreamHeadersHandler.OnStaticIndexedHeader	0x2050	NoInlining	Private, Final, Virtual, HideBySig, VtableLayoutMask	0x1004b2864	0x948602bf	0x102633360	0x102633360	mapped	0x102633360
System.Net.Http	930	0x060003a3	System.Net.Http.Http2Connection+NopHeadersHandler	System.Net.Http.IHttpStreamHeadersHandler.OnStaticIndexedHeader	0x2050	NoInlining	Private, Final, Virtual, HideBySig, VtableLayoutMask	0x1004b2868	0x948602bf	0x102633364	0x102633364	mapped	0x102633364
System.Net.Http	931	0x060003a4	System.Net.Http.Http2Connection+NopHeadersHandler	System.Net.Http.IHttpStreamHeadersHandler.OnDynamicIndexedHeader	0x2050	NoInlining	Private, Final, Virtual, HideBySig, VtableLayoutMask	0x1004b286c	0x948602bf	0x102633368	0x102633368	mapped	0x102633368
System.Net.Http	932	0x060003a5	System.Net.Http.Http2Connection+NopHeadersHandler	.ctor	0x2050	NoInlining	Public, HideBySig, SpecialName, RTSpecialName	0x1004b2870	0x948602bf	0x10263336c	0x10263336c	mapped	0x10263336c
System.Net.Http	933	0x060003a6	System.Net.Http.Http2Connection+NopHeadersHandler	.cctor	0x2050	NoInlining	Private, Static, HideBySig, SpecialName, RTSpecialName	0x1004b2874	0x948602cc	0x1026333a4	0x1026333a4	mapped	0x1026333a4
System.Net.Http	934	0x060003a7	System.Net.Http.Http2Connection+WriteQueueEntry	.ctor	0x2050	NoInlining	Public, HideBySig, SpecialName, RTSpecialName	0x1004b2878	0x948602e7	0x102633414	0x102633414	mapped	0x102633414
System.Net.Http	935	0x060003a8	System.Net.Http.Http2Connection+WriteQueueEntry	get_WriteBytes	0x2050	NoInlining	Public, HideBySig, SpecialName	0x1004b287c	0x9486033d	0x102633570	0x102633570	mapped	0x102633570
System.Net.Http	936	0x060003a9	System.Net.Http.Http2Connection+WriteQueueEntry	TryDisableCancellation	0x2050	NoInlining	Public, HideBySig	0x1004b2880	0x94860345	0x102633594	0x102633594	mapped	0x102633594
System.Net.Http	937	0x060003aa	System.Net.Http.Http2Connection+WriteQueueEntry	InvokeWriteAction	0x0	NoInlining	Public, Virtual, HideBySig, VtableLayoutMask, Abstract	0x1004b2884	0x97fffc57	0x1004b19e0		absent	0x1004b19e0
System.Net.Http	938	0x060003ab	System.Net.Http.Http2Connection+WriteQueueEntry+<>c	.cctor	0x2050	NoInlining	Private, Static, HideBySig, SpecialName, RTSpecialName	0x1004b2888	0x94860361	0x10263360c	0x10263360c	mapped	0x10263360c
System.Net.Http	939	0x060003ac	System.Net.Http.Http2Connection+WriteQueueEntry+<>c	.ctor	0x2050	NoInlining	Public, HideBySig, SpecialName, RTSpecialName	0x1004b288c	0x9486037c	0x10263367c	0x10263367c	mapped	0x10263367c
System.Net.Http	940	0x060003ad	System.Net.Http.Http2Connection+WriteQueueEntry+<>c	<.ctor>b__1_0	0x2050	NoInlining	Assembly, HideBySig	0x1004b2890	0x94860389	0x1026336b4	0x1026336b4	mapped	0x1026336b4
System.Net.Http	941	0x060003ae	System.Net.Http.Http2Connection+WriteQueueEntry`1	.ctor	0x2050	NoInlining	Public, HideBySig, SpecialName, RTSpecialName	0x1004b2894	0x948603b6	0x10263376c	0x10263376c	mapped	0x10263376c
System.Net.Http	942	0x060003af	System.Net.Http.Http2Connection+WriteQueueEntry`1	InvokeWriteAction	0x2050	NoInlining	Public, Final, Virtual, HideBySig	0x1004b2898	0x948603e2	0x102633820	0x102633820	mapped	0x102633820
System.Net.Http	943	0x060003b0	System.Net.Http.Http2Connection+FrameHeader	.ctor	0x2050	NoInlining	Public, HideBySig, SpecialName, RTSpecialName	0x1004b289c	0x94860416	0x1026338f4	0x1026338f4	mapped	0x1026338f4
System.Net.Http	944	0x060003b1	System.Net.Http.Http2Connection+FrameHeader	get_PaddedFlag	0x2050	NoInlining	Public, HideBySig, SpecialName	0x1004b28a0	0x94860421	0x102633924	0x102633924	mapped	0x102633924
System.Net.Http	945	0x060003b2	System.Net.Http.Http2Connection+FrameHeader	get_AckFlag	0x2050	NoInlining	Public, HideBySig, SpecialName	0x1004b28a4	0x9486042a	0x10263394c	0x10263394c	mapped	0x10263394c
System.Net.Http	946	0x060003b3	System.Net.Http.Http2Connection+FrameHeader	get_EndHeadersFlag	0x2050	NoInlining	Public, HideBySig, SpecialName	0x1004b28a8	0x94860433	0x102633974	0x102633974	mapped	0x102633974
System.Net.Http	947	0x060003b4	System.Net.Http.Http2Connection+FrameHeader	get_EndStreamFlag	0x2050	NoInlining	Public, HideBySig, SpecialName	0x1004b28ac	0x9486043c	0x10263399c	0x10263399c	mapped	0x10263399c
System.Net.Http	948	0x060003b5	System.Net.Http.Http2Connection+FrameHeader	get_PriorityFlag	0x2050	NoInlining	Public, HideBySig, SpecialName	0x1004b28b0	0x94860445	0x1026339c4	0x1026339c4	mapped	0x1026339c4
System.Net.Http	949	0x060003b6	System.Net.Http.Http2Connection+FrameHeader	ReadFrom	0x2050	NoInlining	Public, Static, HideBySig	0x1004b28b4	0x9486044e	0x1026339ec	0x1026339ec	mapped	0x1026339ec
System.Net.Http	950	0x060003b7	System.Net.Http.Http2Connection+FrameHeader	WriteTo	0x2050	NoInlining	Public, Static, HideBySig	0x1004b28b8	0x9486049b	0x102633b24	0x102633b24	mapped	0x102633b24
System.Net.Http	951	0x060003b8	System.Net.Http.Http2Connection+FrameHeader	ToString	0x2050	NoInlining	Public, Final, Virtual, HideBySig	0x1004b28bc	0x948604ed	0x102633c70	0x102633c70	mapped	0x102633c70
System.Net.Http	952	0x060003b9	System.Net.Http.Http2Connection+Http2Stream	get_StatusHeaderName	0x2050	NoInlining	Private, Static, HideBySig, SpecialName	0x1004b28c0	0x948605ab	0x102633f6c	0x102633f6c	mapped	0x102633f6c
System.Net.Http	953	0x060003ba	System.Net.Http.Http2Connection+Http2Stream	.ctor	0x2050	NoInlining	Public, HideBySig, SpecialName, RTSpecialName	0x1004b28c4	0x948605c1	0x102633fc8	0x102633fc8	mapped	0x102633fc8
System.Net.Http	954	0x060003bb	System.Net.Http.Http2Connection+Http2Stream	get_SyncObject	0x2050	NoInlining	Private, HideBySig, SpecialName	0x1004b28c8	0x948606c6	0x1026343e0	0x1026343e0	mapped	0x1026343e0
System.Net.Http	955	0x060003bc	System.Net.Http.Http2Connection+Http2Stream	Initialize	0x2050	NoInlining	Public, HideBySig	0x1004b28cc	0x948606c6	0x1026343e4	0x1026343e4	mapped	0x1026343e4
System.Net.Http	956	0x060003bd	System.Net.Http.Http2Connection+Http2Stream	get_StreamId	0x2050	NoInlining	Public, HideBySig, SpecialName	0x1004b28d0	0x948606e7	0x10263446c	0x10263446c	mapped	0x10263446c
System.Net.Http	957	0x060003be	System.Net.Http.Http2Connection+Http2Stream	set_StreamId	0x2050	NoInlining	Private, HideBySig, SpecialName	0x1004b28d4	0x948606ef	0x102634490	0x102634490	mapped	0x102634490
System.Net.Http	958	0x060003bf	System.Net.Http.Http2Connection+Http2Stream	get_SendRequestFinished	0x2050	NoInlining	Public, HideBySig, SpecialName	0x1004b28d8	0x948606f7	0x1026344b4	0x1026344b4	mapped	0x1026344b4
System.Net.Http	959	0x060003c0	System.Net.Http.Http2Connection+Http2Stream	get_ExpectResponseData	0x2050	NoInlining	Public, HideBySig, SpecialName	0x1004b28dc	0x94860701	0x1026344e0	0x1026344e0	mapped	0x1026344e0
System.Net.Http	960	0x060003c1	System.Net.Http.Http2Connection+Http2Stream	get_Connection	0x2050	NoInlining	Public, HideBySig, SpecialName	0x1004b28e0	0x9486070b	0x10263450c	0x10263450c	mapped	0x10263450c
System.Net.Http	961	0x060003c2	System.Net.Http.Http2Connection+Http2Stream	get_ConnectProtocolEstablished	0x2050	NoInlining	Public, HideBySig, SpecialName	0x1004b28e4	0x94860713	0x102634530	0x102634530	mapped	0x102634530
System.Net.Http	962	0x060003c3	System.Net.Http.Http2Connection+Http2Stream	set_ConnectProtocolEstablished	0x2050	NoInlining	Private, HideBySig, SpecialName	0x1004b28e8	0x9486071b	0x102634554	0x102634554	mapped	0x102634554
System.Net.Http	963	0x060003c4	System.Net.Http.Http2Connection+Http2Stream	GetAndClearResponse	0x2050	NoInlining	Public, HideBySig	0x1004b28ec	0x94860723	0x102634578	0x102634578	mapped	0x102634578
System.Net.Http	964	0x060003c5	System.Net.Http.Http2Connection+Http2Stream	SendRequestBodyAsync	0x2050	NoInlining	Public, HideBySig	0x1004b28f0	0x9486072e	0x1026345a8	0x1026345a8	mapped	0x1026345a8
System.Net.Http	965	0x060003c6	System.Net.Http.Http2Connection+Http2Stream	WaitFor100ContinueAsync	0x2050	NoInlining	Public, HideBySig	0x1004b28f4	0x94860767	0x102634690	0x102634690	mapped	0x102634690
System.Net.Http	966	0x060003c7	System.Net.Http.Http2Connection+Http2Stream	SendReset	0x2050	NoInlining	Private, HideBySig	0x1004b28f8	0x9486079c	0x102634768	0x102634768	mapped	0x102634768
System.Net.Http	967	0x060003c8	System.Net.Http.Http2Connection+Http2Stream	Complete	0x2050	NoInlining	Private, HideBySig	0x1004b28fc	0x948607cc	0x10263482c	0x10263482c	mapped	0x10263482c
System.Net.Http	968	0x060003c9	System.Net.Http.Http2Connection+Http2Stream	Cancel	0x2050	NoInlining	Private, HideBySig	0x1004b2900	0x94860816	0x102634958	0x102634958	mapped	0x102634958
System.Net.Http	969	0x060003ca	System.Net.Http.Http2Connection+Http2Stream	CancelResponseBody	0x2050	NoInlining	Private, HideBySig	0x1004b2904	0x948608aa	0x102634bac	0x102634bac	mapped	0x102634bac
System.Net.Http	970	0x060003cb	System.Net.Http.Http2Connection+Http2Stream	OnWindowUpdate	0x2050	NoInlining	Public, HideBySig	0x1004b2908	0x948608ca	0x102634c30	0x102634c30	mapped	0x102634c30
System.Net.Http	971	0x060003cc	System.Net.Http.Http2Connection+Http2Stream	get_HpackStaticStatusCodeTable	0x2050	NoInlining	Private, Static, HideBySig, SpecialName	0x1004b290c	0x94860912	0x102634d54	0x102634d54	mapped	0x102634d54
System.Net.Http	972	0x060003cd	System.Net.Http.Http2Connection+Http2Stream	System.Net.Http.IHttpStreamHeadersHandler.OnStaticIndexedHeader	0x2050	NoInlining	Private, Final, Virtual, HideBySig, VtableLayoutMask	0x1004b2910	0x94860922	0x102634d98	0x102634d98	mapped	0x102634d98
System.Net.Http	973	0x060003ce	System.Net.Http.Http2Connection+Http2Stream	System.Net.Http.IHttpStreamHeadersHandler.OnStaticIndexedHeader	0x2050	NoInlining	Private, Final, Virtual, HideBySig, VtableLayoutMask	0x1004b2914	0x9486097d	0x102634f08	0x102634f08	mapped	0x102634f08
System.Net.Http	974	0x060003cf	System.Net.Http.Http2Connection+Http2Stream	System.Net.Http.IHttpStreamHeadersHandler.OnDynamicIndexedHeader	0x2050	NoInlining	Private, Final, Virtual, HideBySig, VtableLayoutMask	0x1004b2918	0x948609d4	0x102635068	0x102635068	mapped	0x102635068
System.Net.Http	975	0x060003d0	System.Net.Http.Http2Connection+Http2Stream	AdjustHeaderBudget	0x2050	NoInlining	Private, HideBySig	0x1004b291c	0x948609ed	0x1026350d0	0x1026350d0	mapped	0x1026350d0
System.Net.Http	976	0x060003d1	System.Net.Http.Http2Connection+Http2Stream	OnStatus	0x2050	NoInlining	Private, HideBySig	0x1004b2920	0x94860a3d	0x102635214	0x102635214	mapped	0x102635214
System.Net.Http	977	0x060003d2	System.Net.Http.Http2Connection+Http2Stream	OnHeader	0x2050	NoInlining	Private, HideBySig	0x1004b2924	0x94860aef	0x1026354e0	0x1026354e0	mapped	0x1026354e0
System.Net.Http	978	0x060003d3	System.Net.Http.Http2Connection+Http2Stream	OnHeader	0x2050	NoInlining	Public, Final, Virtual, HideBySig, VtableLayoutMask	0x1004b2928	0x94860bf3	0x1026358f4	0x1026358f4	mapped	0x1026358f4
System.Net.Http	979	0x060003d4	System.Net.Http.Http2Connection+Http2Stream	OnHeadersStart	0x2050	NoInlining	Public, HideBySig	0x1004b292c	0x94860c70	0x102635aec	0x102635aec	mapped	0x102635aec
System.Net.Http	980	0x060003d5	System.Net.Http.Http2Connection+Http2Stream	OnHeadersComplete	0x2050	NoInlining	Public, Final, Virtual, HideBySig, VtableLayoutMask	0x1004b2930	0x94860cc9	0x102635c54	0x102635c54	mapped	0x102635c54
System.Net.Http	981	0x060003d6	System.Net.Http.Http2Connection+Http2Stream	OnResponseData	0x2050	NoInlining	Public, HideBySig	0x1004b2934	0x94860d69	0x102635ed8	0x102635ed8	mapped	0x102635ed8
System.Net.Http	982	0x060003d7	System.Net.Http.Http2Connection+Http2Stream	OnReset	0x2050	NoInlining	Public, HideBySig	0x1004b2938	0x94860e0b	0x102636164	0x102636164	mapped	0x102636164
System.Net.Http	983	0x060003d8	System.Net.Http.Http2Connection+Http2Stream	CheckResponseBodyState	0x2050	NoInlining	Private, HideBySig	0x1004b293c	0x94860ea7	0x1026363d8	0x1026363d8	mapped	0x1026363d8
System.Net.Http	984	0x060003d9	System.Net.Http.Http2Connection+Http2Stream	TryEnsureHeaders	0x2050	NoInlining	Private, HideBySig	0x1004b2940	0x94860ed1	0x102636484	0x102636484	mapped	0x102636484
System.Net.Http	985	0x060003da	System.Net.Http.Http2Connection+Http2Stream	ReadResponseHeadersAsync	0x2050	NoInlining	Public, HideBySig	0x1004b2944	0x94860f34	0x102636614	0x102636614	mapped	0x102636614
System.Net.Http	986	0x060003db	System.Net.Http.Http2Connection+Http2Stream	TryReadFromBuffer	0x2050	NoInlining	Private, HideBySig	0x1004b2948	0x94860f6c	0x1026366f8	0x1026366f8	mapped	0x1026366f8
System.Net.Http	987	0x060003dc	System.Net.Http.Http2Connection+Http2Stream	ReadData	0x2050	NoInlining	Public, HideBySig	0x1004b294c	0x9486100e	0x102636984	0x102636984	mapped	0x102636984
System.Net.Http	988	0x060003dd	System.Net.Http.Http2Connection+Http2Stream	ReadDataAsync	0x2050	NoInlining	Public, HideBySig	0x1004b2950	0x9486103e	0x102636a48	0x102636a48	mapped	0x102636a48
System.Net.Http	989	0x060003de	System.Net.Http.Http2Connection+Http2Stream	CopyTo	0x2050	NoInlining	Public, HideBySig	0x1004b2954	0x9486107e	0x102636b4c	0x102636b4c	mapped	0x102636b4c
System.Net.Http	990	0x060003df	System.Net.Http.Http2Connection+Http2Stream	CopyToAsync	0x2050	NoInlining	Public, HideBySig	0x1004b2958	0x94861113	0x102636da4	0x102636da4	mapped	0x102636da4
System.Net.Http	991	0x060003e0	System.Net.Http.Http2Connection+Http2Stream	MoveTrailersToResponseMessage	0x2050	NoInlining	Private, HideBySig	0x1004b295c	0x9486115e	0x102636ed4	0x102636ed4	mapped	0x102636ed4
System.Net.Http	992	0x060003e1	System.Net.Http.Http2Connection+Http2Stream	SendDataAsync	0x2050	NoInlining	Private, HideBySig	0x1004b2960	0x94861182	0x102636f68	0x102636f68	mapped	0x102636f68
System.Net.Http	993	0x060003e2	System.Net.Http.Http2Connection+Http2Stream	CloseResponseBody	0x2050	NoInlining	Private, HideBySig	0x1004b2964	0x948611b7	0x102637040	0x102637040	mapped	0x102637040
System.Net.Http	994	0x060003e3	System.Net.Http.Http2Connection+Http2Stream	RegisterRequestBodyCancellation	0x2050	NoInlining	Private, HideBySig	0x1004b2968	0x9486127f	0x102637364	0x102637364	mapped	0x102637364
System.Net.Http	995	0x060003e4	System.Net.Http.Http2Connection+Http2Stream	System.Threading.Tasks.Sources.IValueTaskSource.GetStatus	0x2050	NoInlining	Private, Final, Virtual, HideBySig, VtableLayoutMask	0x1004b296c	0x948612c7	0x102637488	0x102637488	mapped	0x102637488
System.Net.Http	996	0x060003e5	System.Net.Http.Http2Connection+Http2Stream	System.Threading.Tasks.Sources.IValueTaskSource.OnCompleted	0x2050	NoInlining	Private, Final, Virtual, HideBySig, VtableLayoutMask	0x1004b2970	0x948612e9	0x102637514	0x102637514	mapped	0x102637514
System.Net.Http	997	0x060003e6	System.Net.Http.Http2Connection+Http2Stream	System.Threading.Tasks.Sources.IValueTaskSource.GetResult	0x2050	NoInlining	Private, Final, Virtual, HideBySig, VtableLayoutMask	0x1004b2974	0x94861315	0x1026375c8	0x1026375c8	mapped	0x1026375c8
System.Net.Http	998	0x060003e7	System.Net.Http.Http2Connection+Http2Stream	WaitForData	0x2050	NoInlining	Private, HideBySig	0x1004b2978	0x9486133a	0x102637660	0x102637660	mapped	0x102637660
System.Net.Http	999	0x060003e8	System.Net.Http.Http2Connection+Http2Stream	WaitForDataAsync	0x2050	NoInlining	Private, HideBySig	0x1004b297c	0x9486137d	0x102637770	0x102637770	mapped	0x102637770
System.Net.Http	1000	0x060003e9	System.Net.Http.Http2Connection+Http2Stream	.cctor	0x2050	NoInlining	Private, Static, HideBySig, SpecialName, RTSpecialName	0x1004b2980	0x948613dc	0x1026378f0	0x1026378f0	mapped	0x1026378f0
System.Net.Http	1001	0x060003ea	System.Net.Http.Http2Connection+Http2Stream+Http2ReadStream	.ctor	0x2050	NoInlining	Public, HideBySig, SpecialName, RTSpecialName	0x1004b2984	0x94861b67	0x102639720	0x102639720	mapped	0x102639720
System.Net.Http	1002	0x060003eb	System.Net.Http.Http2Connection+Http2Stream+Http2ReadStream	get_CanWrite	0x2050	NoInlining	Public, Final, Virtual, HideBySig, SpecialName	0x1004b2988	0x94861b77	0x102639764	0x102639764	mapped	0x102639764
System.Net.Http	1003	0x060003ec	System.Net.Http.Http2Connection+Http2Stream+Http2ReadStream	Write	0x2050	NoInlining	Public, Final, Virtual, HideBySig	0x1004b298c	0x94861b78	0x10263976c	0x10263976c	mapped	0x10263976c
System.Net.Http	1004	0x060003ed	System.Net.Http.Http2Connection+Http2Stream+Http2ReadStream	WriteAsync	0x2050	NoInlining	Public, Final, Virtual, HideBySig	0x1004b2990	0x94861b89	0x1026397b4	0x1026397b4	mapped	0x1026397b4
System.Net.Http	1005	0x060003ee	System.Net.Http.Http2Connection+Http2Stream+Http2WriteStream	get_BytesWritten	0x2050	NoInlining	Public, HideBySig, SpecialName	0x1004b2994	0x94861ba7	0x102639830	0x102639830	mapped	0x102639830
System.Net.Http	1006	0x060003ef	System.Net.Http.Http2Connection+Http2Stream+Http2WriteStream	set_BytesWritten	0x2050	NoInlining	Private, HideBySig, SpecialName	0x1004b2998	0x94861baf	0x102639854	0x102639854	mapped	0x102639854
System.Net.Http	1007	0x060003f0	System.Net.Http.Http2Connection+Http2Stream+Http2WriteStream	get_ContentLength	0x2050	NoInlining	Public, HideBySig, SpecialName	0x1004b299c	0x94861bb7	0x102639878	0x102639878	mapped	0x102639878
System.Net.Http	1008	0x060003f1	System.Net.Http.Http2Connection+Http2Stream+Http2WriteStream	.ctor	0x2050	NoInlining	Public, HideBySig, SpecialName, RTSpecialName	0x1004b29a0	0x94861bbf	0x10263989c	0x10263989c	mapped	0x10263989c
System.Net.Http	1009	0x060003f2	System.Net.Http.Http2Connection+Http2Stream+Http2WriteStream	get_CanRead	0x2050	NoInlining	Public, Final, Virtual, HideBySig, SpecialName	0x1004b29a4	0x94861bd8	0x102639904	0x102639904	mapped	0x102639904
System.Net.Http	1010	0x060003f3	System.Net.Http.Http2Connection+Http2Stream+Http2WriteStream	Read	0x2050	NoInlining	Public, Final, Virtual, HideBySig	0x1004b29a8	0x94861bd9	0x10263990c	0x10263990c	mapped	0x10263990c
System.Net.Http	1011	0x060003f4	System.Net.Http.Http2Connection+Http2Stream+Http2WriteStream	ReadAsync	0x2050	NoInlining	Public, Final, Virtual, HideBySig	0x1004b29ac	0x94861bea	0x102639954	0x102639954	mapped	0x102639954
System.Net.Http	1012	0x060003f5	System.Net.Http.Http2Connection+Http2Stream+Http2WriteStream	CopyTo	0x2050	NoInlining	Public, Final, Virtual, HideBySig	0x1004b29b0	0x94861c0a	0x1026399d8	0x1026399d8	mapped	0x1026399d8
System.Net.Http	1013	0x060003f6	System.Net.Http.Http2Connection+Http2Stream+Http2WriteStream	CopyToAsync	0x2050	NoInlining	Public, Final, Virtual, HideBySig	0x1004b29b4	0x94861c1b	0x102639a20	0x102639a20	mapped	0x102639a20
System.Net.Http	1014	0x060003f7	System.Net.Http.Http2Connection+Http2Stream+Http2WriteStream	WriteAsync	0x2050	NoInlining	Public, Final, Virtual, HideBySig	0x1004b29b8	0x94861c39	0x102639a9c	0x102639a9c	mapped	0x102639a9c
System.Net.Http	1015	0x060003f8	System.Net.Http.Http2Connection+Http2Stream+Http2ReadWriteStream	.ctor	0x2050	NoInlining	Public, HideBySig, SpecialName, RTSpecialName	0x1004b29bc	0x94861c77	0x102639b98	0x102639b98	mapped	0x102639b98
System.Net.Http	1016	0x060003f9	System.Net.Http.Http2Connection+Http2Stream+Http2ReadWriteStream	Finalize	0x2050	NoInlining	Family, Final, Virtual, HideBySig	0x1004b29c0	0x97ff515c	0x100486f30	0x100486f30	mapped	0x100486f30
System.Net.Http	1017	0x060003fa	System.Net.Http.Http2Connection+Http2Stream+Http2ReadWriteStream	get_CloseResponseBodyOnDispose	0x2050	NoInlining	Family, HideBySig, SpecialName	0x1004b29c4	0x94861c90	0x102639c04	0x102639c04	mapped	0x102639c04
System.Net.Http	1018	0x060003fb	System.Net.Http.Http2Connection+Http2Stream+Http2ReadWriteStream	set_CloseResponseBodyOnDispose	0x2050	NoInlining	Private, HideBySig, SpecialName	0x1004b29c8	0x94861c98	0x102639c28	0x102639c28	mapped	0x102639c28
System.Net.Http	1019	0x060003fc	System.Net.Http.Http2Connection+Http2Stream+Http2ReadWriteStream	Dispose	0x2050	NoInlining	Family, Final, Virtual, HideBySig	0x1004b29cc	0x94861ca0	0x102639c4c	0x102639c4c	mapped	0x102639c4c
System.Net.Http	1020	0x060003fd	System.Net.Http.Http2Connection+Http2Stream+Http2ReadWriteStream	get_CanRead	0x2050	NoInlining	Public, Virtual, HideBySig, SpecialName	0x1004b29d0	0x94861cc5	0x102639ce4	0x102639ce4	mapped	0x102639ce4
System.Net.Http	1021	0x060003fe	System.Net.Http.Http2Connection+Http2Stream+Http2ReadWriteStream	get_CanWrite	0x2050	NoInlining	Public, Virtual, HideBySig, SpecialName	0x1004b29d4	0x94861ccf	0x102639d10	0x102639d10	mapped	0x102639d10
System.Net.Http	1022	0x060003ff	System.Net.Http.Http2Connection+Http2Stream+Http2ReadWriteStream	Read	0x2050	NoInlining	Public, Virtual, HideBySig	0x1004b29d8	0x94861cd9	0x102639d3c	0x102639d3c	mapped	0x102639d3c
System.Net.Http	1023	0x06000400	System.Net.Http.Http2Connection+Http2Stream+Http2ReadWriteStream	ReadAsync	0x2050	NoInlining	Public, Virtual, HideBySig	0x1004b29dc	0x94861d0e	0x102639e14	0x102639e14	mapped	0x102639e14
System.Net.Http	1024	0x06000401	System.Net.Http.Http2Connection+Http2Stream+Http2ReadWriteStream	CopyTo	0x2050	NoInlining	Public, Virtual, HideBySig	0x1004b29e0	0x94861d4e	0x102639f18	0x102639f18	mapped	0x102639f18
System.Net.Http	1025	0x06000402	System.Net.Http.Http2Connection+Http2Stream+Http2ReadWriteStream	CopyToAsync	0x2050	NoInlining	Public, Virtual, HideBySig	0x1004b29e4	0x94861d76	0x102639fbc	0x102639fbc	mapped	0x102639fbc
System.Net.Http	1026	0x06000403	System.Net.Http.Http2Connection+Http2Stream+Http2ReadWriteStream	WriteAsync	0x2050	NoInlining	Public, Virtual, HideBySig	0x1004b29e8	0x94861db8	0x10263a0c8	0x10263a0c8	mapped	0x10263a0c8
System.Net.Http	1027	0x06000404	System.Net.Http.Http2Connection+Http2Stream+Http2ReadWriteStream	FlushAsync	0x2050	NoInlining	Public, Final, Virtual, HideBySig	0x1004b29ec	0x94861deb	0x10263a198	0x10263a198	mapped	0x10263a198
System.Net.Http	1028	0x06000405	System.Net.Http.Http2Connection+Http2Stream+<>c	.cctor	0x2050	NoInlining	Private, Static, HideBySig, SpecialName, RTSpecialName	0x1004b29f0	0x94861e21	0x10263a274	0x10263a274	mapped	0x10263a274
System.Net.Http	1029	0x06000406	System.Net.Http.Http2Connection+Http2Stream+<>c	.ctor	0x2050	NoInlining	Public, HideBySig, SpecialName, RTSpecialName	0x1004b29f4	0x94861e3c	0x10263a2e4	0x10263a2e4	mapped	0x10263a2e4
System.Net.Http	1030	0x06000407	System.Net.Http.Http2Connection+Http2Stream+<>c	<WaitFor100ContinueAsync>b__46_0	0x2050	NoInlining	Assembly, HideBySig	0x1004b29f8	0x94861e49	0x10263a31c	0x10263a31c	mapped	0x10263a31c
System.Net.Http	1031	0x06000408	System.Net.Http.Http2Connection+Http2Stream+<>c	<WaitFor100ContinueAsync>b__46_1	0x2050	NoInlining	Assembly, HideBySig	0x1004b29fc	0x94861e77	0x10263a3d8	0x10263a3d8	mapped	0x10263a3d8
System.Net.Http	1032	0x06000409	System.Net.Http.Http2Connection+Http2Stream+<>c	<RegisterRequestBodyCancellation>b__83_0	0x2050	NoInlining	Assembly, HideBySig	0x1004b2a00	0x94861eae	0x10263a4b8	0x10263a4b8	mapped	0x10263a4b8
System.Net.Http	1033	0x0600040a	System.Net.Http.Http2Connection+Http2Stream+<>c	<WaitForDataAsync>b__88_0	0x2050	NoInlining	Assembly, HideBySig	0x1004b2a04	0x94861ed9	0x10263a568	0x10263a568	mapped	0x10263a568
System.Net.Http	1034	0x0600040b	System.Net.Http.Http2Connection+Http2Stream+<CopyToAsync>d__79	MoveNext	0x2050	NoInlining	Private, Final, Virtual, HideBySig, VtableLayoutMask	0x1004b2a08	0x97ff519a	0x100487070	0x100487070	mapped	0x100487070
System.Net.Http	1035	0x0600040c	System.Net.Http.Http2Connection+Http2Stream+<CopyToAsync>d__79	SetStateMachine	0x2050	NoInlining	Private, Final, Virtual, HideBySig, VtableLayoutMask	0x1004b2a0c	0x94861f3e	0x10263a704	0x10263a704	mapped	0x10263a704
System.Net.Http	1036	0x0600040d	System.Net.Http.Http2Connection+Http2Stream+<ReadDataAsync>d__77	MoveNext	0x2050	NoInlining	Private, Final, Virtual, HideBySig, VtableLayoutMask	0x1004b2a10	0x94861f53	0x10263a75c	0x10263a75c	mapped	0x10263a75c
System.Net.Http	1037	0x0600040e	System.Net.Http.Http2Connection+Http2Stream+<ReadDataAsync>d__77	SetStateMachine	0x2050	NoInlining	Private, Final, Virtual, HideBySig, VtableLayoutMask	0x1004b2a14	0x9486205d	0x10263ab88	0x10263ab88	mapped	0x10263ab88
System.Net.Http	1038	0x0600040f	System.Net.Http.Http2Connection+Http2Stream+<ReadResponseHeadersAsync>d__74	MoveNext	0x2050	NoInlining	Private, Final, Virtual, HideBySig, VtableLayoutMask	0x1004b2a18	0x97ff54fa	0x100487e00	0x100487e00	mapped	0x100487e00
System.Net.Http	1039	0x06000410	System.Net.Http.Http2Connection+Http2Stream+<ReadResponseHeadersAsync>d__74	SetStateMachine	0x2050	NoInlining	Private, Final, Virtual, HideBySig, VtableLayoutMask	0x1004b2a1c	0x9486207e	0x10263ac14	0x10263ac14	mapped	0x10263ac14
System.Net.Http	1040	0x06000411	System.Net.Http.Http2Connection+Http2Stream+<SendDataAsync>d__81	MoveNext	0x2050	NoInlining	Private, Final, Virtual, HideBySig, VtableLayoutMask	0x1004b2a20	0x97ff5708	0x100488640	0x100488640	mapped	0x100488640
System.Net.Http	1041	0x06000412	System.Net.Http.Http2Connection+Http2Stream+<SendDataAsync>d__81	SetStateMachine	0x2050	NoInlining	Private, Final, Virtual, HideBySig, VtableLayoutMask	0x1004b2a24	0x94862092	0x10263ac6c	0x10263ac6c	mapped	0x10263ac6c
System.Net.Http	1042	0x06000413	System.Net.Http.Http2Connection+Http2Stream+<SendRequestBodyAsync>d__45	MoveNext	0x2050	NoInlining	Private, Final, Virtual, HideBySig, VtableLayoutMask	0x1004b2a28	0x97ff5bb2	0x1004898f0	0x1004898f0	mapped	0x1004898f0
System.Net.Http	1043	0x06000414	System.Net.Http.Http2Connection+Http2Stream+<SendRequestBodyAsync>d__45	SetStateMachine	0x2050	NoInlining	Private, Final, Virtual, HideBySig, VtableLayoutMask	0x1004b2a2c	0x948620a6	0x10263acc4	0x10263acc4	mapped	0x10263acc4
System.Net.Http	1044	0x06000415	System.Net.Http.Http2Connection+Http2Stream+<WaitFor100ContinueAsync>d__46	MoveNext	0x2050	NoInlining	Private, Final, Virtual, HideBySig, VtableLayoutMask	0x1004b2a30	0x97ff6100	0x10048ae30	0x10048ae30	mapped	0x10048ae30
System.Net.Http	1045	0x06000416	System.Net.Http.Http2Connection+Http2Stream+<WaitFor100ContinueAsync>d__46	SetStateMachine	0x2050	NoInlining	Private, Final, Virtual, HideBySig, VtableLayoutMask	0x1004b2a34	0x948620ba	0x10263ad1c	0x10263ad1c	mapped	0x10263ad1c
System.Net.Http	1046	0x06000417	System.Net.Http.Http2Connection+Http2StreamWindowManager	get_WindowScaleThresholdMultiplier	0x2050	NoInlining	Private, Static, HideBySig, SpecialName	0x1004b2a38	0x948620dc	0x10263ada8	0x10263ada8	mapped	0x10263ada8
System.Net.Http	1047	0x06000418	System.Net.Http.Http2Connection+Http2StreamWindowManager	get_MaxStreamWindowSize	0x2050	NoInlining	Private, Static, HideBySig, SpecialName	0x1004b2a3c	0x948620f8	0x10263ae1c	0x10263ae1c	mapped	0x10263ae1c
System.Net.Http	1048	0x06000419	System.Net.Http.Http2Connection+Http2StreamWindowManager	get_WindowScalingEnabled	0x2050	NoInlining	Private, Static, HideBySig, SpecialName	0x1004b2a40	0x94862114	0x10263ae90	0x10263ae90	mapped	0x10263ae90
System.Net.Http	1049	0x0600041a	System.Net.Http.Http2Connection+Http2StreamWindowManager	.ctor	0x2050	NoInlining	Public, HideBySig, SpecialName, RTSpecialName	0x1004b2a44	0x94862132	0x10263af0c	0x10263af0c	mapped	0x10263af0c
System.Net.Http	1050	0x0600041b	System.Net.Http.Http2Connection+Http2StreamWindowManager	get_StreamWindowThreshold	0x2050	NoInlining	Assembly, HideBySig, SpecialName	0x1004b2a48	0x94862164	0x10263afd8	0x10263afd8	mapped	0x10263afd8
System.Net.Http	1051	0x0600041c	System.Net.Http.Http2Connection+Http2StreamWindowManager	get_StreamWindowSize	0x2050	NoInlining	Assembly, HideBySig, SpecialName	0x1004b2a4c	0x94862170	0x10263b00c	0x10263b00c	mapped	0x10263b00c
System.Net.Http	1052	0x0600041d	System.Net.Http.Http2Connection+Http2StreamWindowManager	Start	0x2050	NoInlining	Public, HideBySig	0x1004b2a50	0x94862178	0x10263b030	0x10263b030	mapped	0x10263b030
System.Net.Http	1053	0x0600041e	System.Net.Http.Http2Connection+Http2StreamWindowManager	AdjustWindow	0x2050	NoInlining	Public, HideBySig	0x1004b2a54	0x9486218a	0x10263b07c	0x10263b07c	mapped	0x10263b07c
System.Net.Http	1054	0x0600041f	System.Net.Http.Http2Connection+Http2StreamWindowManager	AjdustWindowStatic	0x2050	NoInlining	Private, HideBySig	0x1004b2a58	0x948621c0	0x10263b158	0x10263b158	mapped	0x10263b158
System.Net.Http	1055	0x06000420	System.Net.Http.Http2Connection+Http2StreamWindowManager	AdjustWindowDynamic	0x2050	NoInlining	Private, HideBySig	0x1004b2a5c	0x948621ec	0x10263b20c	0x10263b20c	mapped	0x10263b20c
System.Net.Http	1056	0x06000421	System.Net.Http.Http2Connection+RttEstimator	get_MinRtt	0x2050	NoInlining	Public, HideBySig, SpecialName	0x1004b2a60	0x9486228e	0x10263b498	0x10263b498	mapped	0x10263b498
System.Net.Http	1057	0x06000422	System.Net.Http.Http2Connection+RttEstimator	Create	0x2050	NoInlining	Public, Static, HideBySig	0x1004b2a64	0x94862296	0x10263b4bc	0x10263b4bc	mapped	0x10263b4bc
System.Net.Http	1058	0x06000423	System.Net.Http.Http2Connection+RttEstimator	OnInitialSettingsSent	0x2050	NoInlining	Assembly, HideBySig	0x1004b2a68	0x948622bf	0x10263b564	0x10263b564	mapped	0x10263b564
System.Net.Http	1059	0x06000424	System.Net.Http.Http2Connection+RttEstimator	OnInitialSettingsAckReceived	0x2050	NoInlining	Assembly, HideBySig	0x1004b2a6c	0x948622d4	0x10263b5bc	0x10263b5bc	mapped	0x10263b5bc
System.Net.Http	1060	0x06000425	System.Net.Http.Http2Connection+RttEstimator	OnDataOrHeadersReceived	0x2050	NoInlining	Assembly, HideBySig	0x1004b2a70	0x948622eb	0x10263b61c	0x10263b61c	mapped	0x10263b61c
System.Net.Http	1061	0x06000426	System.Net.Http.Http2Connection+RttEstimator	OnPingAckReceived	0x2050	NoInlining	Assembly, HideBySig	0x1004b2a74	0x94862331	0x10263b738	0x10263b738	mapped	0x10263b738
System.Net.Http	1062	0x06000427	System.Net.Http.Http2Connection+RttEstimator	OnGoAwayReceived	0x2050	NoInlining	Assembly, HideBySig	0x1004b2a78	0x9486236c	0x10263b828	0x10263b828	mapped	0x10263b828
System.Net.Http	1063	0x06000428	System.Net.Http.Http2Connection+RttEstimator	RefreshRtt	0x2050	NoInlining	Private, HideBySig	0x1004b2a7c	0x94862378	0x10263b85c	0x10263b85c	mapped	0x10263b85c
System.Net.Http	1064	0x06000429	System.Net.Http.Http2Connection+RttEstimator	.cctor	0x2050	NoInlining	Private, Static, HideBySig, SpecialName, RTSpecialName	0x1004b2a80	0x948623ac	0x10263b930	0x10263b930	mapped	0x10263b930
System.Net.Http	1065	0x0600042a	System.Net.Http.Http2Connection+<>c	.cctor	0x2050	NoInlining	Private, Static, HideBySig, SpecialName, RTSpecialName	0x1004b2a84	0x948623c2	0x10263b98c	0x10263b98c	mapped	0x10263b98c
System.Net.Http	1066	0x0600042b	System.Net.Http.Http2Connection+<>c	.ctor	0x2050	NoInlining	Public, HideBySig, SpecialName, RTSpecialName	0x1004b2a88	0x948623dd	0x10263b9fc	0x10263b9fc	mapped	0x10263b9fc
System.Net.Http	1067	0x0600042c	System.Net.Http.Http2Connection+<>c	<FlushAsync>b__78_0	0x2050	NoInlining	Assembly, HideBySig	0x1004b2a8c	0x948623ea	0x10263ba34	0x10263ba34	mapped	0x10263ba34
System.Net.Http	1068	0x0600042d	System.Net.Http.Http2Connection+<>c	<SendSettingsAckAsync>b__83_0	0x2050	NoInlining	Assembly, HideBySig	0x1004b2a90	0x948623eb	0x10263ba3c	0x10263ba3c	mapped	0x10263ba3c
System.Net.Http	1069	0x0600042e	System.Net.Http.Http2Connection+<>c	<SendPingAsync>b__84_0	0x2050	NoInlining	Assembly, HideBySig	0x1004b2a94	0x94862429	0x10263bb38	0x10263bb38	mapped	0x10263bb38
System.Net.Http	1070	0x0600042f	System.Net.Http.Http2Connection+<>c	<SendRstStreamAsync>b__85_0	0x2050	NoInlining	Assembly, HideBySig	0x1004b2a98	0x94862487	0x10263bcb4	0x10263bcb4	mapped	0x10263bcb4
System.Net.Http	1071	0x06000430	System.Net.Http.Http2Connection+<>c	<SendHeadersAsync>b__97_0	0x2050	NoInlining	Assembly, HideBySig	0x1004b2a9c	0x948624dd	0x10263be10	0x10263be10	mapped	0x10263be10
System.Net.Http	1072	0x06000431	System.Net.Http.Http2Connection+<>c	<SendStreamDataAsync>b__98_0	0x2050	NoInlining	Assembly, HideBySig	0x1004b2aa0	0x948625c4	0x10263c1b0	0x10263c1b0	mapped	0x10263c1b0
System.Net.Http	1073	0x06000432	System.Net.Http.Http2Connection+<>c	<SendEndStreamAsync>b__99_0	0x2050	NoInlining	Assembly, HideBySig	0x1004b2aa4	0x94862621	0x10263c328	0x10263c328	mapped	0x10263c328
System.Net.Http	1074	0x06000433	System.Net.Http.Http2Connection+<>c	<SendWindowUpdateAsync>b__100_0	0x2050	NoInlining	Assembly, HideBySig	0x1004b2aa8	0x94862662	0x10263c430	0x10263c430	mapped	0x10263c430
System.Net.Http	1075	0x06000434	System.Net.Http.Http2Connection+<FlushOutgoingBytesAsync>d__60	MoveNext	0x2050	NoInlining	Private, Final, Virtual, HideBySig, VtableLayoutMask	0x1004b2aac	0x97ff64c5	0x10048bdc0	0x10048bdc0	mapped	0x10048bdc0
System.Net.Http	1076	0x06000435	System.Net.Http.Http2Connection+<FlushOutgoingBytesAsync>d__60	SetStateMachine	0x2050	NoInlining	Private, Final, Virtual, HideBySig, VtableLayoutMask	0x1004b2ab0	0x948626b7	0x10263c58c	0x10263c58c	mapped	0x10263c58c
System.Net.Http	1077	0x06000436	System.Net.Http.Http2Connection+<ProcessHeadersFrame>d__64	MoveNext	0x2050	NoInlining	Private, Final, Virtual, HideBySig, VtableLayoutMask	0x1004b2ab4	0x948626cc	0x10263c5e4	0x10263c5e4	mapped	0x10263c5e4
System.Net.Http	1078	0x06000437	System.Net.Http.Http2Connection+<ProcessHeadersFrame>d__64	SetStateMachine	0x2050	NoInlining	Private, Final, Virtual, HideBySig, VtableLayoutMask	0x1004b2ab8	0x94862880	0x10263ccb8	0x10263ccb8	mapped	0x10263ccb8
System.Net.Http	1079	0x06000438	System.Net.Http.Http2Connection+<ProcessIncomingFramesAsync>d__62	MoveNext	0x2050	NoInlining	Private, Final, Virtual, HideBySig, VtableLayoutMask	0x1004b2abc	0x97ff665d	0x10048c430	0x10048c430	mapped	0x10048c430
System.Net.Http	1080	0x06000439	System.Net.Http.Http2Connection+<ProcessIncomingFramesAsync>d__62	SetStateMachine	0x2050	NoInlining	Private, Final, Virtual, HideBySig, VtableLayoutMask	0x1004b2ac0	0x94862894	0x10263cd10	0x10263cd10	mapped	0x10263cd10
System.Net.Http	1081	0x0600043a	System.Net.Http.Http2Connection+<ProcessOutgoingFramesAsync>d__82	MoveNext	0x2050	NoInlining	Private, Final, Virtual, HideBySig, VtableLayoutMask	0x1004b2ac4	0x97ff6e5b	0x10048e430	0x10048e430	mapped	0x10048e430
System.Net.Http	1082	0x0600043b	System.Net.Http.Http2Connection+<ProcessOutgoingFramesAsync>d__82	SetStateMachine	0x2050	NoInlining	Private, Final, Virtual, HideBySig, VtableLayoutMask	0x1004b2ac8	0x948628a8	0x10263cd68	0x10263cd68	mapped	0x10263cd68
System.Net.Http	1083	0x0600043c	System.Net.Http.Http2Connection+<ReadFrameAsync>d__61	MoveNext	0x2050	NoInlining	Private, Final, Virtual, HideBySig, VtableLayoutMask	0x1004b2acc	0x948628bd	0x10263cdc0	0x10263cdc0	mapped	0x10263cdc0
System.Net.Http	1084	0x0600043d	System.Net.Http.Http2Connection+<ReadFrameAsync>d__61	SetStateMachine	0x2050	NoInlining	Private, Final, Virtual, HideBySig, VtableLayoutMask	0x1004b2ad0	0x94862b78	0x10263d8b0	0x10263d8b0	mapped	0x10263d8b0
System.Net.Http	1085	0x0600043e	System.Net.Http.Http2Connection+<SendAsync>d__111	MoveNext	0x2050	NoInlining	Private, Final, Virtual, HideBySig, VtableLayoutMask	0x1004b2ad4	0x97ff7377	0x10048f8b0	0x10048f8b0	mapped	0x10048f8b0
System.Net.Http	1086	0x0600043f	System.Net.Http.Http2Connection+<SendAsync>d__111	SetStateMachine	0x2050	NoInlining	Private, Final, Virtual, HideBySig, VtableLayoutMask	0x1004b2ad8	0x94862b99	0x10263d93c	0x10263d93c	mapped	0x10263d93c
System.Net.Http	1087	0x06000440	System.Net.Http.Http2Connection+<SendHeadersAsync>d__97	MoveNext	0x2050	NoInlining	Private, Final, Virtual, HideBySig, VtableLayoutMask	0x1004b2adc	0x97ff78ad	0x100490d90	0x100490d90	mapped	0x100490d90
System.Net.Http	1088	0x06000441	System.Net.Http.Http2Connection+<SendHeadersAsync>d__97	SetStateMachine	0x2050	NoInlining	Private, Final, Virtual, HideBySig, VtableLayoutMask	0x1004b2ae0	0x94862bba	0x10263d9c8	0x10263d9c8	mapped	0x10263d9c8
System.Net.Http	1089	0x06000442	System.Net.Http.Http2Connection+<SendStreamDataAsync>d__98	MoveNext	0x2050	NoInlining	Private, Final, Virtual, HideBySig, VtableLayoutMask	0x1004b2ae4	0x97ff7b0f	0x100491720	0x100491720	mapped	0x100491720
System.Net.Http	1090	0x06000443	System.Net.Http.Http2Connection+<SendStreamDataAsync>d__98	SetStateMachine	0x2050	NoInlining	Private, Final, Virtual, HideBySig, VtableLayoutMask	0x1004b2ae8	0x94862bdb	0x10263da54	0x10263da54	mapped	0x10263da54
System.Net.Http	1091	0x06000444	System.Net.Http.Http2Connection+<SetupAsync>d__54	MoveNext	0x2050	NoInlining	Private, Final, Virtual, HideBySig, VtableLayoutMask	0x1004b2aec	0x97ff7e49	0x100492410	0x100492410	mapped	0x100492410
System.Net.Http	1092	0x06000445	System.Net.Http.Http2Connection+<SetupAsync>d__54	SetStateMachine	0x2050	NoInlining	Private, Final, Virtual, HideBySig, VtableLayoutMask	0x1004b2af0	0x94862bef	0x10263daac	0x10263daac	mapped	0x10263daac
System.Net.Http	1093	0x06000446	System.Net.Http.Http3Connection	Dispose	0x2050	NoInlining	Public, Final, Virtual, HideBySig	0x1004b2af4	0x94862c04	0x10263db04	0x10263db04	mapped	0x10263db04
System.Net.Http	1094	0x06000447	System.Net.Http.HttpAuthenticatedConnectionHandler	.ctor	0x2050	NoInlining	Public, HideBySig, SpecialName, RTSpecialName	0x1004b2af8	0x94862c15	0x10263db4c	0x10263db4c	mapped	0x10263db4c
System.Net.Http	1095	0x06000448	System.Net.Http.HttpAuthenticatedConnectionHandler	SendAsync	0x2050	NoInlining	Assembly, Final, Virtual, HideBySig, CheckAccessOnOverride	0x1004b2afc	0x94862c46	0x10263dc14	0x10263dc14	mapped	0x10263dc14
System.Net.Http	1096	0x06000449	System.Net.Http.HttpAuthenticatedConnectionHandler	Dispose	0x2050	NoInlining	Family, Final, Virtual, HideBySig	0x1004b2b00	0x94862c79	0x10263dce4	0x10263dce4	mapped	0x10263dce4
System.Net.Http	1097	0x0600044a	System.Net.Http.HttpAuthority	get_IdnHost	0x2050	NoInlining	Public, HideBySig, SpecialName	0x1004b2b04	0x94862c94	0x10263dd54	0x10263dd54	mapped	0x10263dd54
System.Net.Http	1098	0x0600044b	System.Net.Http.HttpAuthority	get_HostValue	0x2050	NoInlining	Public, HideBySig, SpecialName	0x1004b2b08	0x94862c9c	0x10263dd78	0x10263dd78	mapped	0x10263dd78
System.Net.Http	1099	0x0600044c	System.Net.Http.HttpAuthority	get_Port	0x2050	NoInlining	Public, HideBySig, SpecialName	0x1004b2b0c	0x94862ca4	0x10263dd9c	0x10263dd9c	mapped	0x10263dd9c
System.Net.Http	1100	0x0600044d	System.Net.Http.HttpAuthority	.ctor	0x2050	NoInlining	Public, HideBySig, SpecialName, RTSpecialName	0x1004b2b10	0x94862cac	0x10263ddc0	0x10263ddc0	mapped	0x10263ddc0
System.Net.Http	1101	0x0600044e	System.Net.Http.HttpAuthority	Equals	0x2050	NoInlining	Public, Final, Virtual, HideBySig, VtableLayoutMask	0x1004b2b14	0x94862d0b	0x10263df40	0x10263df40	mapped	0x10263df40
System.Net.Http	1102	0x0600044f	System.Net.Http.HttpAuthority	Equals	0x2050	NoInlining	Public, Final, Virtual, HideBySig	0x1004b2b18	0x94862d28	0x10263dfb8	0x10263dfb8	mapped	0x10263dfb8
System.Net.Http	1103	0x06000450	System.Net.Http.HttpAuthority	GetHashCode	0x2050	NoInlining	Public, Final, Virtual, HideBySig	0x1004b2b1c	0x94862d4b	0x10263e048	0x10263e048	mapped	0x10263e048
System.Net.Http	1104	0x06000451	System.Net.Http.HttpAuthority	ToString	0x2050	NoInlining	Public, Final, Virtual, HideBySig	0x1004b2b20	0x94862d6c	0x10263e0d0	0x10263e0d0	mapped	0x10263e0d0
System.Net.Http	1105	0x06000452	System.Net.Http.HttpConnectionBase	.ctor	0x2050	NoInlining	Public, HideBySig, SpecialName, RTSpecialName	0x1004b2b24	0x94862dc6	0x10263e23c	0x10263e23c	mapped	0x10263e23c
System.Net.Http	1106	0x06000453	System.Net.Http.HttpConnectionBase	MarkConnectionAsClosed	0x2050	NoInlining	Public, HideBySig	0x1004b2b28	0x94862e8a	0x10263e550	0x10263e550	mapped	0x10263e550
System.Net.Http	1107	0x06000454	System.Net.Http.HttpConnectionBase	MarkConnectionAsIdle	0x2050	NoInlining	Public, HideBySig	0x1004b2b2c	0x94862eb4	0x10263e5fc	0x10263e5fc	mapped	0x10263e5fc
System.Net.Http	1108	0x06000455	System.Net.Http.HttpConnectionBase	MarkConnectionAsNotIdle	0x2050	NoInlining	Public, HideBySig	0x1004b2b30	0x94862ecd	0x10263e664	0x10263e664	mapped	0x10263e664
System.Net.Http	1109	0x06000456	System.Net.Http.HttpConnectionBase	GetResponseHeaderValueWithCaching	0x2050	NoInlining	Public, HideBySig	0x1004b2b34	0x94862ee2	0x10263e6bc	0x10263e6bc	mapped	0x10263e6bc
System.Net.Http	1110	0x06000457	System.Net.Http.HttpConnectionBase	GetLifetimeTicks	0x2050	NoInlining	Public, HideBySig	0x1004b2b38	0x94862f25	0x10263e7cc	0x10263e7cc	mapped	0x10263e7cc
System.Net.Http	1111	0x06000458	System.Net.Http.HttpConnectionBase	GetIdleTicks	0x2050	NoInlining	Public, Virtual, HideBySig, VtableLayoutMask	0x1004b2b3c	0x94862f2e	0x10263e7f4	0x10263e7f4	mapped	0x10263e7f4
System.Net.Http	1112	0x06000459	System.Net.Http.HttpConnectionBase	CheckUsabilityOnScavenge	0x2050	NoInlining	Public, Virtual, HideBySig, VtableLayoutMask	0x1004b2b40	0x94862f37	0x10263e81c	0x10263e81c	mapped	0x10263e81c
System.Net.Http	1113	0x0600045a	System.Net.Http.HttpConnectionBase	IsDigit	0x2050	NoInlining	Assembly, Static, HideBySig	0x1004b2b44	0x94862f38	0x10263e824	0x10263e824	mapped	0x10263e824
System.Net.Http	1114	0x0600045b	System.Net.Http.HttpConnectionBase	ParseStatusCode	0x2050	NoInlining	Assembly, Static, HideBySig	0x1004b2b48	0x94862f4a	0x10263e870	0x10263e870	mapped	0x10263e870
System.Net.Http	1115	0x0600045c	System.Net.Http.HttpConnectionBase	LogExceptions	0x2050	NoInlining	Assembly, HideBySig	0x1004b2b4c	0x94862faa	0x10263e9f4	0x10263e9f4	mapped	0x10263e9f4
System.Net.Http	1116	0x0600045d	System.Net.Http.HttpConnectionBase	Dispose	0x0	NoInlining	Public, Virtual, HideBySig, VtableLayoutMask, Abstract	0x1004b2b50	0x97fffba4	0x1004b19e0		absent	0x1004b19e0
System.Net.Http	1117	0x0600045e	System.Net.Http.HttpConnectionBase	.cctor	0x2050	NoInlining	Private, Static, HideBySig, SpecialName, RTSpecialName	0x1004b2b54	0x94863009	0x10263eb78	0x10263eb78	mapped	0x10263eb78
System.Net.Http	1118	0x0600045f	System.Net.Http.HttpConnectionBase	<GetResponseHeaderValueWithCaching>g__GetOrAddCachedValue|14_0	0x2050	NoInlining	Assembly, Static, HideBySig	0x1004b2b58	0x9486301a	0x10263ebc0	0x10263ebc0	mapped	0x10263ebc0
System.Net.Http	1119	0x06000460	System.Net.Http.HttpConnectionBase	<LogExceptions>g__LogFaulted|23_1	0x2050	NoInlining	Assembly, Static, HideBySig	0x1004b2b5c	0x94863055	0x10263ecb0	0x10263ecb0	mapped	0x10263ecb0
System.Net.Http	1120	0x06000461	System.Net.Http.HttpConnectionBase+<>c	.cctor	0x2050	NoInlining	Private, Static, HideBySig, SpecialName, RTSpecialName	0x1004b2b60	0x9486307e	0x10263ed58	0x10263ed58	mapped	0x10263ed58
System.Net.Http	1121	0x06000462	System.Net.Http.HttpConnectionBase+<>c	.ctor	0x2050	NoInlining	Public, HideBySig, SpecialName, RTSpecialName	0x1004b2b64	0x94863099	0x10263edc8	0x10263edc8	mapped	0x10263edc8
System.Net.Http	1122	0x06000463	System.Net.Http.HttpConnectionBase+<>c	<LogExceptions>b__23_0	0x2050	NoInlining	Assembly, HideBySig	0x1004b2b68	0x948630a6	0x10263ee00	0x10263ee00	mapped	0x10263ee00
System.Net.Http	1123	0x06000464	System.Net.Http.HttpConnectionHandler	.ctor	0x2050	NoInlining	Public, HideBySig, SpecialName, RTSpecialName	0x1004b2b6c	0x948630ce	0x10263eea4	0x10263eea4	mapped	0x10263eea4
System.Net.Http	1124	0x06000465	System.Net.Http.HttpConnectionHandler	SendAsync	0x2050	NoInlining	Assembly, Final, Virtual, HideBySig, CheckAccessOnOverride	0x1004b2b70	0x948630ff	0x10263ef6c	0x10263ef6c	mapped	0x10263ef6c
System.Net.Http	1125	0x06000466	System.Net.Http.HttpConnectionHandler	Dispose	0x2050	NoInlining	Family, Final, Virtual, HideBySig	0x1004b2b74	0x94863132	0x10263f03c	0x10263f03c	mapped	0x10263f03c
System.Net.Http	1126	0x06000467	System.Net.Http.HttpConnectionPool	.ctor	0x2050	NoInlining	Public, HideBySig, SpecialName, RTSpecialName	0x1004b2b78	0x9486314d	0x10263f0ac	0x10263f0ac	mapped	0x10263f0ac
System.Net.Http	1127	0x06000468	System.Net.Http.HttpConnectionPool	ConstructSslOptions	0x2050	NoInlining	Private, Static, HideBySig	0x1004b2b7c	0x94863321	0x10263f800	0x10263f800	mapped	0x10263f800
System.Net.Http	1128	0x06000469	System.Net.Http.HttpConnectionPool	get_OriginAuthority	0x2050	NoInlining	Public, HideBySig, SpecialName	0x1004b2b80	0x9486337a	0x10263f968	0x10263f968	mapped	0x10263f968
System.Net.Http	1129	0x0600046a	System.Net.Http.HttpConnectionPool	get_Settings	0x2050	NoInlining	Public, HideBySig, SpecialName	0x1004b2b84	0x94863382	0x10263f98c	0x10263f98c	mapped	0x10263f98c
System.Net.Http	1130	0x0600046b	System.Net.Http.HttpConnectionPool	get_Kind	0x2050	NoInlining	Public, HideBySig, SpecialName	0x1004b2b88	0x9486338e	0x10263f9c0	0x10263f9c0	mapped	0x10263f9c0
System.Net.Http	1131	0x0600046c	System.Net.Http.HttpConnectionPool	get_IsSecure	0x2050	NoInlining	Public, HideBySig, SpecialName	0x1004b2b8c	0x94863396	0x10263f9e4	0x10263f9e4	mapped	0x10263f9e4
System.Net.Http	1132	0x0600046d	System.Net.Http.HttpConnectionPool	get_ProxyUri	0x2050	NoInlining	Public, HideBySig, SpecialName	0x1004b2b90	0x948633a5	0x10263fa24	0x10263fa24	mapped	0x10263fa24
System.Net.Http	1133	0x0600046e	System.Net.Http.HttpConnectionPool	get_ProxyCredentials	0x2050	NoInlining	Public, HideBySig, SpecialName	0x1004b2b94	0x948633ad	0x10263fa48	0x10263fa48	mapped	0x10263fa48
System.Net.Http	1134	0x0600046f	System.Net.Http.HttpConnectionPool	get_HostHeaderLineBytes	0x2050	NoInlining	Public, HideBySig, SpecialName	0x1004b2b98	0x948633b9	0x10263fa7c	0x10263fa7c	mapped	0x10263fa7c
System.Net.Http	1135	0x06000470	System.Net.Http.HttpConnectionPool	get_PreAuthCredentials	0x2050	NoInlining	Public, HideBySig, SpecialName	0x1004b2b9c	0x948633c1	0x10263faa0	0x10263faa0	mapped	0x10263faa0
System.Net.Http	1136	0x06000471	System.Net.Http.HttpConnectionPool	get_IsDefaultPort	0x2050	NoInlining	Public, HideBySig, SpecialName	0x1004b2ba0	0x948633c9	0x10263fac4	0x10263fac4	mapped	0x10263fac4
System.Net.Http	1137	0x06000472	System.Net.Http.HttpConnectionPool	get_Http2AltSvcOriginUri	0x2050	NoInlining	Public, HideBySig, SpecialName	0x1004b2ba4	0x948633eb	0x10263fb50	0x10263fb50	mapped	0x10263fb50
System.Net.Http	1138	0x06000473	System.Net.Http.HttpConnectionPool	get_EnableMultipleHttp2Connections	0x2050	NoInlining	Private, HideBySig, SpecialName	0x1004b2ba8	0x9486346c	0x10263fd58	0x10263fd58	mapped	0x10263fd58
System.Net.Http	1139	0x06000474	System.Net.Http.HttpConnectionPool	get_SyncObj	0x2050	NoInlining	Private, HideBySig, SpecialName	0x1004b2bac	0x9486347c	0x10263fd9c	0x10263fd9c	mapped	0x10263fd9c
System.Net.Http	1140	0x06000475	System.Net.Http.HttpConnectionPool	ThrowGetVersionException	0x2050	NoInlining	Private, Static, HideBySig	0x1004b2bb0	0x94863484	0x10263fdc0	0x10263fdc0	mapped	0x10263fdc0
System.Net.Http	1141	0x06000476	System.Net.Http.HttpConnectionPool	CheckExpirationOnGet	0x2050	NoInlining	Private, HideBySig	0x1004b2bb4	0x948634f9	0x10263ff98	0x10263ff98	mapped	0x10263ff98
System.Net.Http	1142	0x06000477	System.Net.Http.HttpConnectionPool	CreateConnectTimeoutException	0x2050	NoInlining	Private, Static, HideBySig	0x1004b2bb8	0x94863537	0x102640094	0x102640094	mapped	0x102640094
System.Net.Http	1143	0x06000478	System.Net.Http.HttpConnectionPool	AddHttp11ConnectionAsync	0x2050	NoInlining	Private, HideBySig	0x1004b2bbc	0x94863564	0x10264014c	0x10264014c	mapped	0x10264014c
System.Net.Http	1144	0x06000479	System.Net.Http.HttpConnectionPool	CheckForHttp11ConnectionInjection	0x2050	NoInlining	Private, HideBySig	0x1004b2bc0	0x948635a1	0x102640244	0x102640244	mapped	0x102640244
System.Net.Http	1145	0x0600047a	System.Net.Http.HttpConnectionPool	TryGetPooledHttp11Connection	0x2050	NoInlining	Private, HideBySig	0x1004b2bc4	0x948635f0	0x102640384	0x102640384	mapped	0x102640384
System.Net.Http	1146	0x0600047b	System.Net.Http.HttpConnectionPool	HandleHttp11Downgrade	0x2050	NoInlining	Private, HideBySig	0x1004b2bc8	0x9486370d	0x1026407fc	0x1026407fc	mapped	0x1026407fc
System.Net.Http	1147	0x0600047c	System.Net.Http.HttpConnectionPool	AddHttp2ConnectionAsync	0x2050	NoInlining	Private, HideBySig	0x1004b2bcc	0x94863763	0x102640958	0x102640958	mapped	0x102640958
System.Net.Http	1148	0x0600047d	System.Net.Http.HttpConnectionPool	CheckForHttp2ConnectionInjection	0x2050	NoInlining	Private, HideBySig	0x1004b2bd0	0x948637a2	0x102640a58	0x102640a58	mapped	0x102640a58
System.Net.Http	1149	0x0600047e	System.Net.Http.HttpConnectionPool	TryGetPooledHttp2Connection	0x2050	NoInlining	Private, HideBySig	0x1004b2bd4	0x948637f9	0x102640bb8	0x102640bb8	mapped	0x102640bb8
System.Net.Http	1150	0x0600047f	System.Net.Http.HttpConnectionPool	ProcessAltSvc	0x2050	NoInlining	Private, HideBySig	0x1004b2bd8	0x94863961	0x10264115c	0x10264115c	mapped	0x10264115c
System.Net.Http	1151	0x06000480	System.Net.Http.HttpConnectionPool	SendWithVersionDetectionAndRetryAsync	0x2050	NoInlining	Public, HideBySig	0x1004b2bdc	0x948639be	0x1026412d4	0x1026412d4	mapped	0x1026412d4
System.Net.Http	1152	0x06000481	System.Net.Http.HttpConnectionPool	CancelIfNecessary	0x2050	NoInlining	Private, HideBySig	0x1004b2be0	0x94863a11	0x102641424	0x102641424	mapped	0x102641424
System.Net.Http	1153	0x06000482	System.Net.Http.HttpConnectionPool	HandleAltSvc	0x2050	NoInlining	Assembly, HideBySig	0x1004b2be4	0x97ff81d3	0x100493330	0x100493330	mapped	0x100493330
System.Net.Http	1154	0x06000483	System.Net.Http.HttpConnectionPool	ExpireAltSvcAuthority	0x2050	NoInlining	Private, HideBySig	0x1004b2be8	0x94863a87	0x102641604	0x102641604	mapped	0x102641604
System.Net.Http	1155	0x06000484	System.Net.Http.HttpConnectionPool	IsAltSvcBlocked	0x2050	NoInlining	Private, HideBySig	0x1004b2bec	0x94863a91	0x102641630	0x102641630	mapped	0x102641630
System.Net.Http	1156	0x06000485	System.Net.Http.HttpConnectionPool	OnNetworkChanged	0x2050	NoInlining	Public, HideBySig	0x1004b2bf0	0x94863af5	0x1026417c4	0x1026417c4	mapped	0x1026417c4
System.Net.Http	1157	0x06000486	System.Net.Http.HttpConnectionPool	SendWithNtConnectionAuthAsync	0x2050	NoInlining	Public, HideBySig	0x1004b2bf4	0x94863b35	0x1026418c8	0x1026418c8	mapped	0x1026418c8
System.Net.Http	1158	0x06000487	System.Net.Http.HttpConnectionPool	get_DoProxyAuth	0x2050	NoInlining	Private, HideBySig, SpecialName	0x1004b2bf8	0x94863b68	0x102641998	0x102641998	mapped	0x102641998
System.Net.Http	1159	0x06000488	System.Net.Http.HttpConnectionPool	SendWithNtProxyAuthAsync	0x2050	NoInlining	Public, HideBySig	0x1004b2bfc	0x94863b73	0x1026419c8	0x1026419c8	mapped	0x1026419c8
System.Net.Http	1160	0x06000489	System.Net.Http.HttpConnectionPool	SendWithProxyAuthAsync	0x2050	NoInlining	Public, HideBySig	0x1004b2c00	0x94863ba8	0x102641aa0	0x102641aa0	mapped	0x102641aa0
System.Net.Http	1161	0x0600048a	System.Net.Http.HttpConnectionPool	SendAsync	0x2050	NoInlining	Public, HideBySig	0x1004b2c04	0x94863bf9	0x102641be8	0x102641be8	mapped	0x102641be8
System.Net.Http	1162	0x0600048b	System.Net.Http.HttpConnectionPool	GetConnectTimeoutCancellationTokenSource	0x2050	NoInlining	Private, HideBySig	0x1004b2c08	0x94863c7d	0x102641dfc	0x102641dfc	mapped	0x102641dfc
System.Net.Http	1163	0x0600048c	System.Net.Http.HttpConnectionPool	ConnectAsync	0x2050	NoInlining	Private, HideBySig	0x1004b2c0c	0x94863d01	0x102642010	0x102642010	mapped	0x102642010
System.Net.Http	1164	0x0600048d	System.Net.Http.HttpConnectionPool	ConnectToTcpHostAsync	0x2050	NoInlining	Private, HideBySig	0x1004b2c10	0x94863d58	0x102642170	0x102642170	mapped	0x102642170
System.Net.Http	1165	0x0600048e	System.Net.Http.HttpConnectionPool	CreateHttp11ConnectionAsync	0x2050	NoInlining	Assembly, HideBySig	0x1004b2c14	0x94863dae	0x1026422cc	0x1026422cc	mapped	0x1026422cc
System.Net.Http	1166	0x0600048f	System.Net.Http.HttpConnectionPool	GetSslOptionsForRequest	0x2050	NoInlining	Private, HideBySig	0x1004b2c18	0x94863dfb	0x102642404	0x102642404	mapped	0x102642404
System.Net.Http	1167	0x06000490	System.Net.Http.HttpConnectionPool	ApplyPlaintextFilterAsync	0x2050	NoInlining	Private, HideBySig	0x1004b2c1c	0x94863e19	0x102642480	0x102642480	mapped	0x102642480
System.Net.Http	1168	0x06000491	System.Net.Http.HttpConnectionPool	ConstructHttp11ConnectionAsync	0x2050	NoInlining	Private, HideBySig	0x1004b2c20	0x94863e72	0x1026425e8	0x1026425e8	mapped	0x1026425e8
System.Net.Http	1169	0x06000492	System.Net.Http.HttpConnectionPool	ConstructHttp2ConnectionAsync	0x2050	NoInlining	Private, HideBySig	0x1004b2c24	0x94863ed4	0x102642774	0x102642774	mapped	0x102642774
System.Net.Http	1170	0x06000493	System.Net.Http.HttpConnectionPool	EstablishProxyTunnelAsync	0x2050	NoInlining	Private, HideBySig	0x1004b2c28	0x94863f2c	0x1026428d8	0x1026428d8	mapped	0x1026428d8
System.Net.Http	1171	0x06000494	System.Net.Http.HttpConnectionPool	EstablishSocksTunnel	0x2050	NoInlining	Private, HideBySig	0x1004b2c2c	0x94863f71	0x1026429f0	0x1026429f0	mapped	0x1026429f0
System.Net.Http	1172	0x06000495	System.Net.Http.HttpConnectionPool	HandleHttp11ConnectionFailure	0x2050	NoInlining	Private, HideBySig	0x1004b2c30	0x94863fbd	0x102642b24	0x102642b24	mapped	0x102642b24
System.Net.Http	1173	0x06000496	System.Net.Http.HttpConnectionPool	HandleHttp2ConnectionFailure	0x2050	NoInlining	Private, HideBySig	0x1004b2c34	0x9486400c	0x102642c64	0x102642c64	mapped	0x102642c64
System.Net.Http	1174	0x06000497	System.Net.Http.HttpConnectionPool	InvalidateHttp11Connection	0x2050	NoInlining	Public, HideBySig	0x1004b2c38	0x9486405e	0x102642db0	0x102642db0	mapped	0x102642db0
System.Net.Http	1175	0x06000498	System.Net.Http.HttpConnectionPool	InvalidateHttp2Connection	0x2050	NoInlining	Public, HideBySig	0x1004b2c3c	0x94864091	0x102642e80	0x102642e80	mapped	0x102642e80
System.Net.Http	1176	0x06000499	System.Net.Http.HttpConnectionPool	CheckExpirationOnReturn	0x2050	NoInlining	Private, HideBySig	0x1004b2c40	0x948640f5	0x102643014	0x102643014	mapped	0x102643014
System.Net.Http	1177	0x0600049a	System.Net.Http.HttpConnectionPool	RecycleHttp11Connection	0x2050	NoInlining	Public, HideBySig	0x1004b2c44	0x9486413a	0x10264312c	0x10264312c	mapped	0x10264312c
System.Net.Http	1178	0x0600049b	System.Net.Http.HttpConnectionPool	ReturnHttp11Connection	0x2050	NoInlining	Private, HideBySig	0x1004b2c48	0x9486414b	0x102643174	0x102643174	mapped	0x102643174
System.Net.Http	1179	0x0600049c	System.Net.Http.HttpConnectionPool	ReturnHttp2Connection	0x2050	NoInlining	Private, HideBySig	0x1004b2c4c	0x94864260	0x1026435cc	0x1026435cc	mapped	0x1026435cc
System.Net.Http	1180	0x0600049d	System.Net.Http.HttpConnectionPool	DisableHttp2Connection	0x2050	NoInlining	Private, HideBySig	0x1004b2c50	0x9486442c	0x102643d00	0x102643d00	mapped	0x102643d00
System.Net.Http	1181	0x0600049e	System.Net.Http.HttpConnectionPool	Dispose	0x2050	NoInlining	Public, Final, Virtual, HideBySig, VtableLayoutMask	0x1004b2c54	0x9486444f	0x102643d90	0x102643d90	mapped	0x102643d90
System.Net.Http	1182	0x0600049f	System.Net.Http.HttpConnectionPool	CleanCacheAndDisposeIfUnused	0x2050	NoInlining	Public, HideBySig	0x1004b2c58	0x94864534	0x102644128	0x102644128	mapped	0x102644128
System.Net.Http	1183	0x060004a0	System.Net.Http.HttpConnectionPool	GetIsWindows7Or2008R2	0x2050	NoInlining	Private, Static, HideBySig	0x1004b2c5c	0x94864606	0x102644474	0x102644474	mapped	0x102644474
System.Net.Http	1184	0x060004a1	System.Net.Http.HttpConnectionPool	HeartBeat	0x2050	NoInlining	Assembly, HideBySig	0x1004b2c60	0x9486462e	0x102644518	0x102644518	mapped	0x102644518
System.Net.Http	1185	0x060004a2	System.Net.Http.HttpConnectionPool	ToString	0x2050	NoInlining	Public, Final, Virtual, HideBySig	0x1004b2c64	0x9486469f	0x1026446e0	0x1026446e0	mapped	0x1026446e0
System.Net.Http	1186	0x060004a3	System.Net.Http.HttpConnectionPool	Trace	0x2050	NoInlining	Private, HideBySig	0x1004b2c68	0x948647de	0x102644be0	0x102644be0	mapped	0x102644be0
System.Net.Http	1187	0x060004a4	System.Net.Http.HttpConnectionPool	.cctor	0x2050	NoInlining	Private, Static, HideBySig, SpecialName, RTSpecialName	0x1004b2c6c	0x9486480f	0x102644ca8	0x102644ca8	mapped	0x102644ca8
System.Net.Http	1188	0x060004a5	System.Net.Http.HttpConnectionPool	<ConnectAsync>g__GetRemoteEndPoint|103_0	0x2050	NoInlining	Assembly, Static, HideBySig	0x1004b2c70	0x948648e9	0x102645014	0x102645014	mapped	0x102645014
System.Net.Http	1189	0x060004a6	System.Net.Http.HttpConnectionPool	<DisableHttp2Connection>g__DisableHttp2ConnectionAsync|120_0	0x2050	NoInlining	Private, HideBySig	0x1004b2c74	0x94864914	0x1026450c4	0x1026450c4	mapped	0x1026450c4
System.Net.Http	1190	0x060004a7	System.Net.Http.HttpConnectionPool	<CleanCacheAndDisposeIfUnused>g__ScavengeConnectionList|123_1	0x2050	NoInlining	Assembly, Static, HideBySig	0x1004b2c78	0x94864950	0x1026451b8	0x1026451b8	mapped	0x1026451b8
System.Net.Http	1191	0x060004a8	System.Net.Http.HttpConnectionPool	<CleanCacheAndDisposeIfUnused>g__IsUsableConnection|123_2	0x2050	NoInlining	Assembly, Static, HideBySig	0x1004b2c7c	0x94864a54	0x1026455cc	0x1026455cc	mapped	0x1026455cc
System.Net.Http	1192	0x060004a9	System.Net.Http.HttpConnectionPool+RequestQueue`1	.ctor	0x2050	NoInlining	Public, HideBySig, SpecialName, RTSpecialName	0x1004b2c80	0x94864ab8	0x102645760	0x102645760	mapped	0x102645760
System.Net.Http	1193	0x060004aa	System.Net.Http.HttpConnectionPool+RequestQueue`1	Enqueue	0x2050	NoInlining	Private, HideBySig	0x1004b2c84	0x94864af1	0x102645848	0x102645848	mapped	0x102645848
System.Net.Http	1194	0x060004ab	System.Net.Http.HttpConnectionPool+RequestQueue`1	Dequeue	0x2050	NoInlining	Private, HideBySig	0x1004b2c88	0x94864b55	0x1026459dc	0x1026459dc	mapped	0x1026459dc
System.Net.Http	1195	0x060004ac	System.Net.Http.HttpConnectionPool+RequestQueue`1	TryPeek	0x2050	NoInlining	Private, HideBySig	0x1004b2c8c	0x94864b8a	0x102645ab4	0x102645ab4	mapped	0x102645ab4
System.Net.Http	1196	0x060004ad	System.Net.Http.HttpConnectionPool+RequestQueue`1	MoveNext	0x2050	NoInlining	Private, HideBySig	0x1004b2c90	0x94864bb7	0x102645b6c	0x102645b6c	mapped	0x102645b6c
System.Net.Http	1197	0x060004ae	System.Net.Http.HttpConnectionPool+RequestQueue`1	Grow	0x2050	NoInlining	Private, HideBySig	0x1004b2c94	0x94864bd0	0x102645bd4	0x102645bd4	mapped	0x102645bd4
System.Net.Http	1198	0x060004af	System.Net.Http.HttpConnectionPool+RequestQueue`1	EnqueueRequest	0x2050	NoInlining	Public, HideBySig	0x1004b2c98	0x94864c28	0x102645d38	0x102645d38	mapped	0x102645d38
System.Net.Http	1199	0x060004b0	System.Net.Http.HttpConnectionPool+RequestQueue`1	PruneCompletedRequestsFromHeadOfQueue	0x2050	NoInlining	Public, HideBySig	0x1004b2c9c	0x94864c6b	0x102645e48	0x102645e48	mapped	0x102645e48
System.Net.Http	1200	0x060004b1	System.Net.Http.HttpConnectionPool+RequestQueue`1	TryDequeueWaiter	0x2050	NoInlining	Public, HideBySig	0x1004b2ca0	0x94864cc0	0x102645fa0	0x102645fa0	mapped	0x102645fa0
System.Net.Http	1201	0x060004b2	System.Net.Http.HttpConnectionPool+RequestQueue`1	TryDequeueSpecificWaiter	0x2050	NoInlining	Public, HideBySig	0x1004b2ca4	0x94864d09	0x1026460c8	0x1026460c8	mapped	0x1026460c8
System.Net.Http	1202	0x060004b3	System.Net.Http.HttpConnectionPool+RequestQueue`1	PeekNextRequestForConnectionAttempt	0x2050	NoInlining	Public, HideBySig	0x1004b2ca8	0x94864d3d	0x10264619c	0x10264619c	mapped	0x10264619c
System.Net.Http	1203	0x060004b4	System.Net.Http.HttpConnectionPool+RequestQueue`1	get_Count	0x2050	NoInlining	Public, HideBySig, SpecialName	0x1004b2cac	0x94864d5d	0x102646220	0x102646220	mapped	0x102646220
System.Net.Http	1204	0x060004b5	System.Net.Http.HttpConnectionPool+RequestQueue`1	get_RequestsWithoutAConnectionAttempt	0x2050	NoInlining	Public, HideBySig, SpecialName	0x1004b2cb0	0x94864d68	0x102646250	0x102646250	mapped	0x102646250
System.Net.Http	1205	0x060004b6	System.Net.Http.HttpConnectionPool+HttpConnectionWaiter`1	get_CancelledByOriginatingRequestCompletion	0x2050	NoInlining	Public, HideBySig, SpecialName	0x1004b2cb4	0x94864d75	0x102646288	0x102646288	mapped	0x102646288
System.Net.Http	1206	0x060004b7	System.Net.Http.HttpConnectionPool+HttpConnectionWaiter`1	set_CancelledByOriginatingRequestCompletion	0x2050	NoInlining	Public, HideBySig, SpecialName	0x1004b2cb8	0x94864d80	0x1026462b8	0x1026462b8	mapped	0x1026462b8
System.Net.Http	1207	0x060004b8	System.Net.Http.HttpConnectionPool+HttpConnectionWaiter`1	WaitForConnectionAsync	0x2050	NoInlining	Public, HideBySig	0x1004b2cbc	0x94864d8b	0x1026462e8	0x1026462e8	mapped	0x1026462e8
System.Net.Http	1208	0x060004b9	System.Net.Http.HttpConnectionPool+HttpConnectionWaiter`1	WaitForConnectionWithTelemetryAsync	0x2050	NoInlining	Private, HideBySig	0x1004b2cc0	0x94864e02	0x1026464c8	0x1026464c8	mapped	0x1026464c8
System.Net.Http	1209	0x060004ba	System.Net.Http.HttpConnectionPool+HttpConnectionWaiter`1	.ctor	0x2050	NoInlining	Public, HideBySig, SpecialName, RTSpecialName	0x1004b2cc4	0x94864e6d	0x102646678	0x102646678	mapped	0x102646678
System.Net.Http	1210	0x060004bb	System.Net.Http.HttpConnectionPool+HttpConnectionWaiter`1+<WaitForConnectionWithTelemetryAsync>d__6	MoveNext	0x2050	NoInlining	Private, Final, Virtual, HideBySig, VtableLayoutMask	0x1004b2cc8	0x97ff83be	0x100493bc0	0x100493bc0	mapped	0x100493bc0
System.Net.Http	1211	0x060004bc	System.Net.Http.HttpConnectionPool+HttpConnectionWaiter`1+<WaitForConnectionWithTelemetryAsync>d__6	SetStateMachine	0x2050	NoInlining	Private, Final, Virtual, HideBySig, VtableLayoutMask	0x1004b2ccc	0x94864e92	0x102646714	0x102646714	mapped	0x102646714
System.Net.Http	1212	0x060004bd	System.Net.Http.HttpConnectionPool+<<DisableHttp2Connection>g__DisableHttp2ConnectionAsync|120_0>d	MoveNext	0x2050	NoInlining	Private, Final, Virtual, HideBySig, VtableLayoutMask	0x1004b2cd0	0x97ff85b4	0x1004943a0	0x1004943a0	mapped	0x1004943a0
System.Net.Http	1213	0x060004be	System.Net.Http.HttpConnectionPool+<<DisableHttp2Connection>g__DisableHttp2ConnectionAsync|120_0>d	SetStateMachine	0x2050	NoInlining	Private, Final, Virtual, HideBySig, VtableLayoutMask	0x1004b2cd4	0x94864ec1	0x1026467d8	0x1026467d8	mapped	0x1026467d8
System.Net.Http	1214	0x060004bf	System.Net.Http.HttpConnectionPool+<>c	.cctor	0x2050	NoInlining	Private, Static, HideBySig, SpecialName, RTSpecialName	0x1004b2cd8	0x94864ed6	0x102646830	0x102646830	mapped	0x102646830
System.Net.Http	1215	0x060004c0	System.Net.Http.HttpConnectionPool+<>c	.ctor	0x2050	NoInlining	Public, HideBySig, SpecialName, RTSpecialName	0x1004b2cdc	0x94864ef1	0x1026468a0	0x1026468a0	mapped	0x1026468a0
System.Net.Http	1216	0x060004c1	System.Net.Http.HttpConnectionPool+<>c	<HandleAltSvc>b__91_0	0x2050	NoInlining	Assembly, HideBySig	0x1004b2ce0	0x94864efe	0x1026468d8	0x1026468d8	mapped	0x1026468d8
System.Net.Http	1217	0x060004c2	System.Net.Http.HttpConnectionPool+<>c	<ConnectToTcpHostAsync>b__104_0	0x2050	NoInlining	Assembly, HideBySig	0x1004b2ce4	0x94864f41	0x1026469e8	0x1026469e8	mapped	0x1026469e8
System.Net.Http	1218	0x060004c3	System.Net.Http.HttpConnectionPool+<>c	<Dispose>b__122_0	0x2050	NoInlining	Assembly, HideBySig	0x1004b2ce8	0x94864f69	0x102646a8c	0x102646a8c	mapped	0x102646a8c
System.Net.Http	1219	0x060004c4	System.Net.Http.HttpConnectionPool+<>c	<CleanCacheAndDisposeIfUnused>b__123_0	0x2050	NoInlining	Assembly, HideBySig	0x1004b2cec	0x94864f7e	0x102646ae4	0x102646ae4	mapped	0x102646ae4
System.Net.Http	1220	0x060004c5	System.Net.Http.HttpConnectionPool+<>c	<CleanCacheAndDisposeIfUnused>b__123_3	0x2050	NoInlining	Assembly, HideBySig	0x1004b2cf0	0x94864fd4	0x102646c40	0x102646c40	mapped	0x102646c40
System.Net.Http	1221	0x060004c6	System.Net.Http.HttpConnectionPool+<AddHttp11ConnectionAsync>d__79	MoveNext	0x2050	NoInlining	Private, Final, Virtual, HideBySig, VtableLayoutMask	0x1004b2cf4	0x97ff86ab	0x1004947a0	0x1004947a0	mapped	0x1004947a0
System.Net.Http	1222	0x060004c7	System.Net.Http.HttpConnectionPool+<AddHttp11ConnectionAsync>d__79	SetStateMachine	0x2050	NoInlining	Private, Final, Virtual, HideBySig, VtableLayoutMask	0x1004b2cf8	0x94864fe8	0x102646c98	0x102646c98	mapped	0x102646c98
System.Net.Http	1223	0x060004c8	System.Net.Http.HttpConnectionPool+<AddHttp2ConnectionAsync>d__83	MoveNext	0x2050	NoInlining	Private, Final, Virtual, HideBySig, VtableLayoutMask	0x1004b2cfc	0x97ff8a25	0x100495590	0x100495590	mapped	0x100495590
System.Net.Http	1224	0x060004c9	System.Net.Http.HttpConnectionPool+<AddHttp2ConnectionAsync>d__83	SetStateMachine	0x2050	NoInlining	Private, Final, Virtual, HideBySig, VtableLayoutMask	0x1004b2d00	0x94864ffc	0x102646cf0	0x102646cf0	mapped	0x102646cf0
System.Net.Http	1225	0x060004ca	System.Net.Http.HttpConnectionPool+<ApplyPlaintextFilterAsync>d__107	MoveNext	0x2050	NoInlining	Private, Final, Virtual, HideBySig, VtableLayoutMask	0x1004b2d04	0x97ff9217	0x100497560	0x100497560	mapped	0x100497560
System.Net.Http	1226	0x060004cb	System.Net.Http.HttpConnectionPool+<ApplyPlaintextFilterAsync>d__107	SetStateMachine	0x2050	NoInlining	Private, Final, Virtual, HideBySig, VtableLayoutMask	0x1004b2d08	0x94865010	0x102646d48	0x102646d48	mapped	0x102646d48
System.Net.Http	1227	0x060004cc	System.Net.Http.HttpConnectionPool+<ConnectAsync>d__103	MoveNext	0x2050	NoInlining	Private, Final, Virtual, HideBySig, VtableLayoutMask	0x1004b2d0c	0x94865032	0x102646dd4	0x102646dd4	mapped	0x102646dd4
System.Net.Http	1228	0x060004cd	System.Net.Http.HttpConnectionPool+<ConnectAsync>d__103	SetStateMachine	0x2050	NoInlining	Private, Final, Virtual, HideBySig, VtableLayoutMask	0x1004b2d10	0x948654c8	0x102648030	0x102648030	mapped	0x102648030
System.Net.Http	1229	0x060004ce	System.Net.Http.HttpConnectionPool+<ConnectToTcpHostAsync>d__104	MoveNext	0x2050	NoInlining	Private, Final, Virtual, HideBySig, VtableLayoutMask	0x1004b2d14	0x97ff94af	0x100497fd0	0x100497fd0	mapped	0x100497fd0
System.Net.Http	1230	0x060004cf	System.Net.Http.HttpConnectionPool+<ConnectToTcpHostAsync>d__104	SetStateMachine	0x2050	NoInlining	Private, Final, Virtual, HideBySig, VtableLayoutMask	0x1004b2d18	0x948654e9	0x1026480bc	0x1026480bc	mapped	0x1026480bc
System.Net.Http	1231	0x060004d0	System.Net.Http.HttpConnectionPool+<ConstructHttp11ConnectionAsync>d__108	MoveNext	0x2050	NoInlining	Private, Final, Virtual, HideBySig, VtableLayoutMask	0x1004b2d1c	0x9486550b	0x102648148	0x102648148	mapped	0x102648148
System.Net.Http	1232	0x060004d1	System.Net.Http.HttpConnectionPool+<ConstructHttp11ConnectionAsync>d__108	SetStateMachine	0x2050	NoInlining	Private, Final, Virtual, HideBySig, VtableLayoutMask	0x1004b2d20	0x94865603	0x10264852c	0x10264852c	mapped	0x10264852c
System.Net.Http	1233	0x060004d2	System.Net.Http.HttpConnectionPool+<ConstructHttp2ConnectionAsync>d__109	MoveNext	0x2050	NoInlining	Private, Final, Virtual, HideBySig, VtableLayoutMask	0x1004b2d24	0x97ff991b	0x100499190	0x100499190	mapped	0x100499190
System.Net.Http	1234	0x060004d3	System.Net.Http.HttpConnectionPool+<ConstructHttp2ConnectionAsync>d__109	SetStateMachine	0x2050	NoInlining	Private, Final, Virtual, HideBySig, VtableLayoutMask	0x1004b2d28	0x94865624	0x1026485b8	0x1026485b8	mapped	0x1026485b8
System.Net.Http	1235	0x060004d4	System.Net.Http.HttpConnectionPool+<CreateHttp11ConnectionAsync>d__105	MoveNext	0x2050	NoInlining	Private, Final, Virtual, HideBySig, VtableLayoutMask	0x1004b2d2c	0x94865646	0x102648644	0x102648644	mapped	0x102648644
System.Net.Http	1236	0x060004d5	System.Net.Http.HttpConnectionPool+<CreateHttp11ConnectionAsync>d__105	SetStateMachine	0x2050	NoInlining	Private, Final, Virtual, HideBySig, VtableLayoutMask	0x1004b2d30	0x948657c7	0x102648c4c	0x102648c4c	mapped	0x102648c4c
System.Net.Http	1237	0x060004d6	System.Net.Http.HttpConnectionPool+<EstablishProxyTunnelAsync>d__110	MoveNext	0x2050	NoInlining	Private, Final, Virtual, HideBySig, VtableLayoutMask	0x1004b2d34	0x97ff9c53	0x100499e80	0x100499e80	mapped	0x100499e80
System.Net.Http	1238	0x060004d7	System.Net.Http.HttpConnectionPool+<EstablishProxyTunnelAsync>d__110	SetStateMachine	0x2050	NoInlining	Private, Final, Virtual, HideBySig, VtableLayoutMask	0x1004b2d38	0x948657e8	0x102648cd8	0x102648cd8	mapped	0x102648cd8
System.Net.Http	1239	0x060004d8	System.Net.Http.HttpConnectionPool+<EstablishSocksTunnel>d__111	MoveNext	0x2050	NoInlining	Private, Final, Virtual, HideBySig, VtableLayoutMask	0x1004b2d3c	0x97ff9f09	0x10049a960	0x10049a960	mapped	0x10049a960
System.Net.Http	1240	0x060004d9	System.Net.Http.HttpConnectionPool+<EstablishSocksTunnel>d__111	SetStateMachine	0x2050	NoInlining	Private, Final, Virtual, HideBySig, VtableLayoutMask	0x1004b2d40	0x94865809	0x102648d64	0x102648d64	mapped	0x102648d64
System.Net.Http	1241	0x060004da	System.Net.Http.HttpConnectionPool+<HandleHttp11Downgrade>d__82	MoveNext	0x2050	NoInlining	Private, Final, Virtual, HideBySig, VtableLayoutMask	0x1004b2d44	0x97ffa23f	0x10049b640	0x10049b640	mapped	0x10049b640
System.Net.Http	1242	0x060004db	System.Net.Http.HttpConnectionPool+<HandleHttp11Downgrade>d__82	SetStateMachine	0x2050	NoInlining	Private, Final, Virtual, HideBySig, VtableLayoutMask	0x1004b2d48	0x9486582a	0x102648df0	0x102648df0	mapped	0x102648df0
System.Net.Http	1243	0x060004dc	System.Net.Http.HttpConnectionPool+<SendWithVersionDetectionAndRetryAsync>d__89	MoveNext	0x2050	NoInlining	Private, Final, Virtual, HideBySig, VtableLayoutMask	0x1004b2d4c	0x97ffa515	0x10049c1a0	0x10049c1a0	mapped	0x10049c1a0
System.Net.Http	1244	0x060004dd	System.Net.Http.HttpConnectionPool+<SendWithVersionDetectionAndRetryAsync>d__89	SetStateMachine	0x2050	NoInlining	Private, Final, Virtual, HideBySig, VtableLayoutMask	0x1004b2d50	0x9486583e	0x102648e48	0x102648e48	mapped	0x102648e48
System.Net.Http	1245	0x060004de	System.Net.Http.HttpConnectionPoolManager	get_SyncObj	0x2050	NoInlining	Private, HideBySig, SpecialName	0x1004b2d54	0x94865860	0x102648ed4	0x102648ed4	mapped	0x102648ed4
System.Net.Http	1246	0x060004df	System.Net.Http.HttpConnectionPoolManager	.ctor	0x2050	NoInlining	Public, HideBySig, SpecialName, RTSpecialName	0x1004b2d58	0x94865868	0x102648ef8	0x102648ef8	mapped	0x102648ef8
System.Net.Http	1247	0x060004e0	System.Net.Http.HttpConnectionPoolManager	StartMonitoringNetworkChanges	0x2050	NoInlining	Public, HideBySig	0x1004b2d5c	0x97ffb0ad	0x10049f010	0x10049f010	mapped	0x10049f010
System.Net.Http	1248	0x060004e1	System.Net.Http.HttpConnectionPoolManager	get_Settings	0x2050	NoInlining	Public, HideBySig, SpecialName	0x1004b2d60	0x948659e3	0x1026494ec	0x1026494ec	mapped	0x1026494ec
System.Net.Http	1249	0x060004e2	System.Net.Http.HttpConnectionPoolManager	get_ProxyCredentials	0x2050	NoInlining	Public, HideBySig, SpecialName	0x1004b2d64	0x948659eb	0x102649510	0x102649510	mapped	0x102649510
System.Net.Http	1250	0x060004e3	System.Net.Http.HttpConnectionPoolManager	ParseHostNameFromHeader	0x2050	NoInlining	Private, Static, HideBySig	0x1004b2d68	0x948659f3	0x102649534	0x102649534	mapped	0x102649534
System.Net.Http	1251	0x060004e4	System.Net.Http.HttpConnectionPoolManager	GetConnectionKey	0x2050	NoInlining	Private, HideBySig	0x1004b2d6c	0x94865a2f	0x102649628	0x102649628	mapped	0x102649628
System.Net.Http	1252	0x060004e5	System.Net.Http.HttpConnectionPoolManager	SendAsyncCore	0x2050	NoInlining	Public, HideBySig	0x1004b2d70	0x94865bc8	0x102649c90	0x102649c90	mapped	0x102649c90
System.Net.Http	1253	0x060004e6	System.Net.Http.HttpConnectionPoolManager	SendProxyConnectAsync	0x2050	NoInlining	Public, HideBySig	0x1004b2d74	0x94865c77	0x102649f50	0x102649f50	mapped	0x102649f50
System.Net.Http	1254	0x060004e7	System.Net.Http.HttpConnectionPoolManager	SendAsync	0x2050	NoInlining	Public, HideBySig	0x1004b2d78	0x94865ca5	0x10264a00c	0x10264a00c	mapped	0x10264a00c
System.Net.Http	1255	0x060004e8	System.Net.Http.HttpConnectionPoolManager	SendAsyncMultiProxy	0x2050	NoInlining	Private, HideBySig	0x1004b2d7c	0x94865d81	0x10264a380	0x10264a380	mapped	0x10264a380
System.Net.Http	1256	0x060004e9	System.Net.Http.HttpConnectionPoolManager	Dispose	0x2050	NoInlining	Public, Final, Virtual, HideBySig, VtableLayoutMask	0x1004b2d80	0x94865de2	0x10264a508	0x10264a508	mapped	0x10264a508
System.Net.Http	1257	0x060004ea	System.Net.Http.HttpConnectionPoolManager	SetCleaningTimer	0x2050	NoInlining	Private, HideBySig	0x1004b2d84	0x94865e72	0x10264a74c	0x10264a74c	mapped	0x10264a74c
System.Net.Http	1258	0x060004eb	System.Net.Http.HttpConnectionPoolManager	RemoveStalePools	0x2050	NoInlining	Private, HideBySig	0x1004b2d88	0x94865ea0	0x10264a808	0x10264a808	mapped	0x10264a808
System.Net.Http	1259	0x060004ec	System.Net.Http.HttpConnectionPoolManager	HeartBeat	0x2050	NoInlining	Private, HideBySig	0x1004b2d8c	0x94865f62	0x10264ab14	0x10264ab14	mapped	0x10264ab14
System.Net.Http	1260	0x060004ed	System.Net.Http.HttpConnectionPoolManager	GetIdentityIfDefaultCredentialsUsed	0x2050	NoInlining	Private, Static, HideBySig	0x1004b2d90	0x94865fd2	0x10264acd8	0x10264acd8	mapped	0x10264acd8
System.Net.Http	1261	0x060004ee	System.Net.Http.HttpConnectionPoolManager+NetworkChangeCleanup	.ctor	0x2050	NoInlining	Public, HideBySig, SpecialName, RTSpecialName	0x1004b2d94	0x94865fe2	0x10264ad1c	0x10264ad1c	mapped	0x10264ad1c
System.Net.Http	1262	0x060004ef	System.Net.Http.HttpConnectionPoolManager+NetworkChangeCleanup	Finalize	0x2050	NoInlining	Family, Final, Virtual, HideBySig	0x1004b2d98	0x94865ff1	0x10264ad5c	0x10264ad5c	mapped	0x10264ad5c
System.Net.Http	1263	0x060004f0	System.Net.Http.HttpConnectionPoolManager+NetworkChangeCleanup	Dispose	0x2050	NoInlining	Public, Final, Virtual, HideBySig, VtableLayoutMask	0x1004b2d9c	0x9486600f	0x10264add8	0x10264add8	mapped	0x10264add8
System.Net.Http	1264	0x060004f1	System.Net.Http.HttpConnectionPoolManager+HttpConnectionKey	.ctor	0x2050	NoInlining	Public, HideBySig, SpecialName, RTSpecialName	0x1004b2da0	0x94866024	0x10264ae30	0x10264ae30	mapped	0x10264ae30
System.Net.Http	1265	0x060004f2	System.Net.Http.HttpConnectionPoolManager+HttpConnectionKey	GetHashCode	0x2050	NoInlining	Public, Final, Virtual, HideBySig	0x1004b2da4	0x94866044	0x10264aeb4	0x10264aeb4	mapped	0x10264aeb4
System.Net.Http	1266	0x060004f3	System.Net.Http.HttpConnectionPoolManager+HttpConnectionKey	Equals	0x2050	NoInlining	Public, Final, Virtual, HideBySig	0x1004b2da8	0x94866073	0x10264af74	0x10264af74	mapped	0x10264af74
System.Net.Http	1267	0x060004f4	System.Net.Http.HttpConnectionPoolManager+HttpConnectionKey	Equals	0x2050	NoInlining	Public, Final, Virtual, HideBySig, VtableLayoutMask	0x1004b2dac	0x948660ac	0x10264b05c	0x10264b05c	mapped	0x10264b05c
System.Net.Http	1268	0x060004f5	System.Net.Http.HttpConnectionPoolManager+<>c	.cctor	0x2050	NoInlining	Private, Static, HideBySig, SpecialName, RTSpecialName	0x1004b2db0	0x948660da	0x10264b118	0x10264b118	mapped	0x10264b118
System.Net.Http	1269	0x060004f6	System.Net.Http.HttpConnectionPoolManager+<>c	.ctor	0x2050	NoInlining	Public, HideBySig, SpecialName, RTSpecialName	0x1004b2db4	0x948660f5	0x10264b188	0x10264b188	mapped	0x10264b188
System.Net.Http	1270	0x060004f7	System.Net.Http.HttpConnectionPoolManager+<>c	<.ctor>b__11_0	0x2050	NoInlining	Assembly, HideBySig	0x1004b2db8	0x94866102	0x10264b1c0	0x10264b1c0	mapped	0x10264b1c0
System.Net.Http	1271	0x060004f8	System.Net.Http.HttpConnectionPoolManager+<>c	<.ctor>b__11_1	0x2050	NoInlining	Assembly, HideBySig	0x1004b2dbc	0x94866144	0x10264b2cc	0x10264b2cc	mapped	0x10264b2cc
System.Net.Http	1272	0x060004f9	System.Net.Http.HttpConnectionPoolManager+<>c__DisplayClass12_0	.ctor	0x2050	NoInlining	Public, HideBySig, SpecialName, RTSpecialName	0x1004b2dc0	0x94866186	0x10264b3d8	0x10264b3d8	mapped	0x10264b3d8
System.Net.Http	1273	0x060004fa	System.Net.Http.HttpConnectionPoolManager+<>c__DisplayClass12_0	<StartMonitoringNetworkChanges>b__0	0x2050	NoInlining	Assembly, HideBySig	0x1004b2dc4	0x94866186	0x10264b3dc	0x10264b3dc	mapped	0x10264b3dc
System.Net.Http	1274	0x060004fb	System.Net.Http.HttpConnectionPoolManager+<SendAsyncMultiProxy>d__23	MoveNext	0x2050	NoInlining	Private, Final, Virtual, HideBySig, VtableLayoutMask	0x1004b2dc8	0x97ffb166	0x10049f360	0x10049f360	mapped	0x10049f360
System.Net.Http	1275	0x060004fc	System.Net.Http.HttpConnectionPoolManager+<SendAsyncMultiProxy>d__23	SetStateMachine	0x2050	NoInlining	Private, Final, Virtual, HideBySig, VtableLayoutMask	0x1004b2dcc	0x94866204	0x10264b5dc	0x10264b5dc	mapped	0x10264b5dc
System.Net.Http	1276	0x060004fd	System.Net.Http.HttpConnectionResponseContent	SetStream	0x2050	NoInlining	Public, HideBySig	0x1004b2dd0	0x94866226	0x10264b668	0x10264b668	mapped	0x10264b668
System.Net.Http	1277	0x060004fe	System.Net.Http.HttpConnectionResponseContent	ConsumeStream	0x2050	NoInlining	Private, HideBySig	0x1004b2dd4	0x94866235	0x10264b6a8	0x10264b6a8	mapped	0x10264b6a8
System.Net.Http	1278	0x060004ff	System.Net.Http.HttpConnectionResponseContent	SerializeToStream	0x2050	NoInlining	Family, Final, Virtual, HideBySig	0x1004b2dd8	0x94866256	0x10264b730	0x10264b730	mapped	0x10264b730
System.Net.Http	1279	0x06000500	System.Net.Http.HttpConnectionResponseContent	SerializeToStreamAsync	0x2050	NoInlining	Family, Final, Virtual, HideBySig	0x1004b2ddc	0x9486629c	0x10264b84c	0x10264b84c	mapped	0x10264b84c
System.Net.Http	1280	0x06000501	System.Net.Http.HttpConnectionResponseContent	SerializeToStreamAsync	0x2050	NoInlining	Family, Final, Virtual, HideBySig	0x1004b2de0	0x948662b8	0x10264b8c0	0x10264b8c0	mapped	0x10264b8c0
System.Net.Http	1281	0x06000502	System.Net.Http.HttpConnectionResponseContent	TryComputeLength	0x2050	NoInlining	FamORAssem, Final, Virtual, HideBySig	0x1004b2de4	0x948662da	0x10264b94c	0x10264b94c	mapped	0x10264b94c
System.Net.Http	1282	0x06000503	System.Net.Http.HttpConnectionResponseContent	CreateContentReadStream	0x2050	NoInlining	Family, Final, Virtual, HideBySig	0x1004b2de8	0x948662e4	0x10264b978	0x10264b978	mapped	0x10264b978
System.Net.Http	1283	0x06000504	System.Net.Http.HttpConnectionResponseContent	CreateContentReadStreamAsync	0x2050	NoInlining	Family, Final, Virtual, HideBySig	0x1004b2dec	0x948662f1	0x10264b9b0	0x10264b9b0	mapped	0x10264b9b0
System.Net.Http	1284	0x06000505	System.Net.Http.HttpConnectionResponseContent	TryCreateContentReadStream	0x2050	NoInlining	Assembly, Final, Virtual, HideBySig	0x1004b2df0	0x9486630c	0x10264ba20	0x10264ba20	mapped	0x10264ba20
System.Net.Http	1285	0x06000506	System.Net.Http.HttpConnectionResponseContent	get_AllowDuplex	0x2050	NoInlining	Assembly, Final, Virtual, HideBySig, CheckAccessOnOverride, SpecialName	0x1004b2df4	0x94866319	0x10264ba58	0x10264ba58	mapped	0x10264ba58
System.Net.Http	1286	0x06000507	System.Net.Http.HttpConnectionResponseContent	Dispose	0x2050	NoInlining	Family, Final, Virtual, HideBySig	0x1004b2df8	0x9486631a	0x10264ba60	0x10264ba60	mapped	0x10264ba60
System.Net.Http	1287	0x06000508	System.Net.Http.HttpConnectionResponseContent	.ctor	0x2050	NoInlining	Public, HideBySig, SpecialName, RTSpecialName	0x1004b2dfc	0x94866336	0x10264bad4	0x10264bad4	mapped	0x10264bad4
System.Net.Http	1288	0x06000509	System.Net.Http.HttpConnectionResponseContent	<SerializeToStreamAsync>g__Impl|6_0	0x2050	NoInlining	Private, HideBySig	0x1004b2e00	0x94866361	0x10264bb84	0x10264bb84	mapped	0x10264bb84
System.Net.Http	1289	0x0600050a	System.Net.Http.HttpConnectionResponseContent+<<SerializeToStreamAsync>g__Impl|6_0>d	MoveNext	0x2050	NoInlining	Private, Final, Virtual, HideBySig, VtableLayoutMask	0x1004b2e04	0x97ffb40f	0x10049fe40	0x10049fe40	mapped	0x10049fe40
System.Net.Http	1290	0x0600050b	System.Net.Http.HttpConnectionResponseContent+<<SerializeToStreamAsync>g__Impl|6_0>d	SetStateMachine	0x2050	NoInlining	Private, Final, Virtual, HideBySig, VtableLayoutMask	0x1004b2e08	0x948663a0	0x10264bc88	0x10264bc88	mapped	0x10264bc88
System.Net.Http	1291	0x0600050c	System.Net.Http.HttpConnectionSettings	.ctor	0x2050	NoInlining	Public, HideBySig, SpecialName, RTSpecialName	0x1004b2e0c	0x948663b5	0x10264bce0	0x10264bce0	mapped	0x10264bce0
System.Net.Http	1292	0x0600050d	System.Net.Http.HttpConnectionSettings	CloneAndNormalize	0x2050	NoInlining	Public, HideBySig	0x1004b2e10	0x94866432	0x10264bed8	0x10264bed8	mapped	0x10264bed8
System.Net.Http	1293	0x0600050e	System.Net.Http.HttpConnectionSettings	get_MaxResponseHeadersByteLength	0x2050	NoInlining	Public, HideBySig, SpecialName	0x1004b2e14	0x94866513	0x10264c260	0x10264c260	mapped	0x10264c260
System.Net.Http	1294	0x0600050f	System.Net.Http.HttpConnectionSettings	get_EnableMultipleHttp2Connections	0x2050	NoInlining	Public, HideBySig, SpecialName	0x1004b2e18	0x9486651f	0x10264c294	0x10264c294	mapped	0x10264c294
System.Net.Http	1295	0x06000510	System.Net.Http.HttpContentStream	.ctor	0x2050	NoInlining	Public, HideBySig, SpecialName, RTSpecialName	0x1004b2e1c	0x94866527	0x10264c2b8	0x10264c2b8	mapped	0x10264c2b8
System.Net.Http	1296	0x06000511	System.Net.Http.HttpContentStream	Write	0x2050	NoInlining	Public, Final, Virtual, HideBySig	0x1004b2e20	0x94866536	0x10264c2f8	0x10264c2f8	mapped	0x10264c2f8
System.Net.Http	1297	0x06000512	System.Net.Http.HttpContentStream	Dispose	0x2050	NoInlining	Family, Virtual, HideBySig	0x1004b2e24	0x94866569	0x10264c3c8	0x10264c3c8	mapped	0x10264c3c8
System.Net.Http	1298	0x06000513	System.Net.Http.HttpContentStream	GetConnectionOrThrow	0x2050	NoInlining	Family, HideBySig	0x1004b2e28	0x94866584	0x10264c438	0x10264c438	mapped	0x10264c438
System.Net.Http	1299	0x06000514	System.Net.Http.HttpUtilities	IsSupportedScheme	0x2050	NoInlining	Assembly, Static, HideBySig	0x1004b2e2c	0x9486659a	0x10264c494	0x10264c494	mapped	0x10264c494
System.Net.Http	1300	0x06000515	System.Net.Http.HttpUtilities	IsSupportedNonSecureScheme	0x2050	NoInlining	Assembly, Static, HideBySig	0x1004b2e30	0x948665ad	0x10264c4e4	0x10264c4e4	mapped	0x10264c4e4
System.Net.Http	1301	0x06000516	System.Net.Http.HttpUtilities	IsSupportedSecureScheme	0x2050	NoInlining	Assembly, Static, HideBySig	0x1004b2e34	0x948665ce	0x10264c56c	0x10264c56c	mapped	0x10264c56c
System.Net.Http	1302	0x06000517	System.Net.Http.HttpUtilities	IsNonSecureWebSocketScheme	0x2050	NoInlining	Assembly, Static, HideBySig	0x1004b2e38	0x948665ef	0x10264c5f4	0x10264c5f4	mapped	0x10264c5f4
System.Net.Http	1303	0x06000518	System.Net.Http.HttpUtilities	IsSecureWebSocketScheme	0x2050	NoInlining	Assembly, Static, HideBySig	0x1004b2e3c	0x9486660a	0x10264c664	0x10264c664	mapped	0x10264c664
System.Net.Http	1304	0x06000519	System.Net.Http.HttpUtilities	IsSupportedProxyScheme	0x2050	NoInlining	Assembly, Static, HideBySig	0x1004b2e40	0x94866625	0x10264c6d4	0x10264c6d4	mapped	0x10264c6d4
System.Net.Http	1305	0x0600051a	System.Net.Http.HttpUtilities	IsSocksScheme	0x2050	NoInlining	Assembly, Static, HideBySig	0x1004b2e44	0x9486664d	0x10264c778	0x10264c778	mapped	0x10264c778
System.Net.Http	1306	0x0600051b	System.Net.Http.IMultiWebProxy	GetMultiProxy	0x0	NoInlining	Public, Virtual, HideBySig, VtableLayoutMask, Abstract	0x1004b2e48	0x97fffae6	0x1004b19e0		absent	0x1004b19e0
System.Net.Http	1307	0x0600051c	System.Net.Http.MultiProxy	ReadNext	0x2050	NoInlining	Public, HideBySig	0x1004b2e4c	0x94866677	0x10264c828	0x10264c828	mapped	0x10264c828
System.Net.Http	1308	0x0600051d	System.Net.Http.MultiProxy	ReadNextHelper	0x2050	NoInlining	Private, HideBySig	0x1004b2e50	0x948666a9	0x10264c8f4	0x10264c8f4	mapped	0x10264c8f4
System.Net.Http	1309	0x0600051e	System.Net.Http.MultiProxy	TryParseProxyConfigPart	0x2050	NoInlining	Private, Static, HideBySig	0x1004b2e54	0x94866726	0x10264caec	0x10264caec	mapped	0x10264caec
System.Net.Http	1310	0x0600051f	System.Net.Http.RedirectHandler	.ctor	0x2050	NoInlining	Public, HideBySig, SpecialName, RTSpecialName	0x1004b2e58	0x94866878	0x10264d038	0x10264d038	mapped	0x10264d038
System.Net.Http	1311	0x06000520	System.Net.Http.RedirectHandler	SendAsync	0x2050	NoInlining	Assembly, Final, Virtual, HideBySig, CheckAccessOnOverride	0x1004b2e5c	0x948668b3	0x10264d128	0x10264d128	mapped	0x10264d128
System.Net.Http	1312	0x06000521	System.Net.Http.RedirectHandler	GetUriForRedirect	0x2050	NoInlining	Private, HideBySig	0x1004b2e60	0x948668ff	0x10264d25c	0x10264d25c	mapped	0x10264d25c
System.Net.Http	1313	0x06000522	System.Net.Http.RedirectHandler	RequestRequiresForceGet	0x2050	NoInlining	Private, Static, HideBySig	0x1004b2e64	0x94866974	0x10264d434	0x10264d434	mapped	0x10264d434
System.Net.Http	1314	0x06000523	System.Net.Http.RedirectHandler	Dispose	0x2050	NoInlining	Family, Final, Virtual, HideBySig	0x1004b2e68	0x948669b5	0x10264d53c	0x10264d53c	mapped	0x10264d53c
System.Net.Http	1315	0x06000524	System.Net.Http.RedirectHandler+<SendAsync>d__4	MoveNext	0x2050	NoInlining	Private, Final, Virtual, HideBySig, VtableLayoutMask	0x1004b2e6c	0x948669e0	0x10264d5ec	0x10264d5ec	mapped	0x10264d5ec
System.Net.Http	1316	0x06000525	System.Net.Http.RedirectHandler+<SendAsync>d__4	SetStateMachine	0x2050	NoInlining	Private, Final, Virtual, HideBySig, VtableLayoutMask	0x1004b2e70	0x94866be7	0x10264de0c	0x10264de0c	mapped	0x10264de0c
System.Net.Http	1317	0x06000526	System.Net.Http.SocketsHttpConnectionContext	.ctor	0x2050	NoInlining	Assembly, HideBySig, SpecialName, RTSpecialName	0x1004b2e74	0x94866c09	0x10264de98	0x10264de98	mapped	0x10264de98
System.Net.Http	1318	0x06000527	System.Net.Http.SocketsHttpConnectionContext	get_DnsEndPoint	0x2050	NoInlining	Public, HideBySig, SpecialName	0x1004b2e78	0x94866c1d	0x10264deec	0x10264deec	mapped	0x10264deec
System.Net.Http	1319	0x06000528	System.Net.Http.SocketsHttpHandler	CheckDisposedOrStarted	0x2050	NoInlining	Private, HideBySig	0x1004b2e7c	0x94866c25	0x10264df10	0x10264df10	mapped	0x10264df10
System.Net.Http	1320	0x06000529	System.Net.Http.SocketsHttpHandler	set_UseCookies	0x2050	NoInlining	Public, HideBySig, SpecialName	0x1004b2e80	0x94866c47	0x10264df9c	0x10264df9c	mapped	0x10264df9c
System.Net.Http	1321	0x0600052a	System.Net.Http.SocketsHttpHandler	set_CookieContainer	0x2050	NoInlining	Public, HideBySig, SpecialName	0x1004b2e84	0x94866c5f	0x10264e000	0x10264e000	mapped	0x10264e000
System.Net.Http	1322	0x0600052b	System.Net.Http.SocketsHttpHandler	set_AutomaticDecompression	0x2050	NoInlining	Public, HideBySig, SpecialName	0x1004b2e88	0x94866c7e	0x10264e080	0x10264e080	mapped	0x10264e080
System.Net.Http	1323	0x0600052c	System.Net.Http.SocketsHttpHandler	set_UseProxy	0x2050	NoInlining	Public, HideBySig, SpecialName	0x1004b2e8c	0x94866c98	0x10264e0ec	0x10264e0ec	mapped	0x10264e0ec
System.Net.Http	1324	0x0600052d	System.Net.Http.SocketsHttpHandler	set_Proxy	0x2050	NoInlining	Public, HideBySig, SpecialName	0x1004b2e90	0x94866cb0	0x10264e150	0x10264e150	mapped	0x10264e150
System.Net.Http	1325	0x0600052e	System.Net.Http.SocketsHttpHandler	set_DefaultProxyCredentials	0x2050	NoInlining	Public, HideBySig, SpecialName	0x1004b2e94	0x94866ccf	0x10264e1d0	0x10264e1d0	mapped	0x10264e1d0
System.Net.Http	1326	0x0600052f	System.Net.Http.SocketsHttpHandler	set_PreAuthenticate	0x2050	NoInlining	Public, HideBySig, SpecialName	0x1004b2e98	0x94866cee	0x10264e250	0x10264e250	mapped	0x10264e250
System.Net.Http	1327	0x06000530	System.Net.Http.SocketsHttpHandler	set_Credentials	0x2050	NoInlining	Public, HideBySig, SpecialName	0x1004b2e9c	0x94866d06	0x10264e2b4	0x10264e2b4	mapped	0x10264e2b4
System.Net.Http	1328	0x06000531	System.Net.Http.SocketsHttpHandler	set_AllowAutoRedirect	0x2050	NoInlining	Public, HideBySig, SpecialName	0x1004b2ea0	0x94866d25	0x10264e334	0x10264e334	mapped	0x10264e334
System.Net.Http	1329	0x06000532	System.Net.Http.SocketsHttpHandler	set_MaxAutomaticRedirections	0x2050	NoInlining	Public, HideBySig, SpecialName	0x1004b2ea4	0x94866d3d	0x10264e398	0x10264e398	mapped	0x10264e398
System.Net.Http	1330	0x06000533	System.Net.Http.SocketsHttpHandler	set_MaxResponseHeadersLength	0x2050	NoInlining	Public, HideBySig, SpecialName	0x1004b2ea8	0x94866d66	0x10264e440	0x10264e440	mapped	0x10264e440
System.Net.Http	1331	0x06000534	System.Net.Http.SocketsHttpHandler	get_SslOptions	0x2050	NoInlining	Public, HideBySig, SpecialName	0x1004b2eac	0x94866d8f	0x10264e4e8	0x10264e4e8	mapped	0x10264e4e8
System.Net.Http	1332	0x06000535	System.Net.Http.SocketsHttpHandler	set_ConnectCallback	0x2050	NoInlining	Public, HideBySig, SpecialName	0x1004b2eb0	0x94866dbe	0x10264e5a8	0x10264e5a8	mapped	0x10264e5a8
System.Net.Http	1333	0x06000536	System.Net.Http.SocketsHttpHandler	Dispose	0x2050	NoInlining	Family, Final, Virtual, HideBySig	0x1004b2eb4	0x94866ddd	0x10264e628	0x10264e628	mapped	0x10264e628
System.Net.Http	1334	0x06000537	System.Net.Http.SocketsHttpHandler	SetupHandlerChain	0x2050	NoInlining	Private, HideBySig	0x1004b2eb8	0x94866dff	0x10264e6b4	0x10264e6b4	mapped	0x10264e6b4
System.Net.Http	1335	0x06000538	System.Net.Http.SocketsHttpHandler	EnsureDecompressionHandlerFactory	0x2050	NoInlining	Private, HideBySig	0x1004b2ebc	0x94866ee6	0x10264ea54	0x10264ea54	mapped	0x10264ea54
System.Net.Http	1336	0x06000539	System.Net.Http.SocketsHttpHandler	Send	0x2050	NoInlining	FamORAssem, Final, Virtual, HideBySig	0x1004b2ec0	0x94866f32	0x10264eb88	0x10264eb88	mapped	0x10264eb88
System.Net.Http	1337	0x0600053a	System.Net.Http.SocketsHttpHandler	SendAsync	0x2050	NoInlining	FamORAssem, Final, Virtual, HideBySig	0x1004b2ec4	0x94866fa1	0x10264ed48	0x10264ed48	mapped	0x10264ed48
System.Net.Http	1338	0x0600053b	System.Net.Http.SocketsHttpHandler	ValidateAndNormalizeRequest	0x2050	NoInlining	Private, Static, HideBySig	0x1004b2ec8	0x94866fe7	0x10264ee64	0x10264ee64	mapped	0x10264ee64
System.Net.Http	1339	0x0600053c	System.Net.Http.SocketsHttpHandler	.ctor	0x2050	NoInlining	Public, HideBySig, SpecialName, RTSpecialName	0x1004b2ecc	0x948670b1	0x10264f190	0x10264f190	mapped	0x10264f190
System.Net.Http	1340	0x0600053d	System.Net.Http.SocketsHttpHandler+<>c	.cctor	0x2050	NoInlining	Private, Static, HideBySig, SpecialName, RTSpecialName	0x1004b2ed0	0x948670e7	0x10264f26c	0x10264f26c	mapped	0x10264f26c
System.Net.Http	1341	0x0600053e	System.Net.Http.SocketsHttpHandler+<>c	.ctor	0x2050	NoInlining	Public, HideBySig, SpecialName, RTSpecialName	0x1004b2ed4	0x94867102	0x10264f2dc	0x10264f2dc	mapped	0x10264f2dc
System.Net.Http	1342	0x0600053f	System.Net.Http.SocketsHttpHandler+<>c	<EnsureDecompressionHandlerFactory>b__107_0	0x2050	NoInlining	Assembly, HideBySig	0x1004b2ed8	0x9486710f	0x10264f314	0x10264f314	mapped	0x10264f314
System.Net.Http	1343	0x06000540	System.Net.Http.SystemProxyInfo	get_Proxy	0x2050	NoInlining	Public, Static, HideBySig, SpecialName	0x1004b2edc	0x9486714a	0x10264f404	0x10264f404	mapped	0x10264f404
System.Net.Http	1344	0x06000541	System.Net.Http.SystemProxyInfo	ConstructSystemProxy	0x2050	NoInlining	Public, Static, HideBySig	0x1004b2ee0	0x94867169	0x10264f484	0x10264f484	mapped	0x10264f484
System.Net.Http	1345	0x06000542	System.Net.Http.SystemProxyInfo	.cctor	0x2050	NoInlining	Private, Static, HideBySig, SpecialName, RTSpecialName	0x1004b2ee4	0x94867189	0x10264f508	0x10264f508	mapped	0x10264f508
System.Net.Http	1346	0x06000543	System.Net.Http.SocksHelper	EstablishSocksTunnelAsync	0x2050	NoInlining	Public, Static, HideBySig	0x1004b2ee8	0x948671b8	0x10264f5c8	0x10264f5c8	mapped	0x10264f5c8
System.Net.Http	1347	0x06000544	System.Net.Http.SocksHelper	EstablishSocks5TunnelAsync	0x2050	NoInlining	Private, Static, HideBySig	0x1004b2eec	0x94867203	0x10264f6f8	0x10264f6f8	mapped	0x10264f6f8
System.Net.Http	1348	0x06000545	System.Net.Http.SocksHelper	EstablishSocks4TunnelAsync	0x2050	NoInlining	Private, Static, HideBySig	0x1004b2ef0	0x94867244	0x10264f800	0x10264f800	mapped	0x10264f800
System.Net.Http	1349	0x06000546	System.Net.Http.SocksHelper	EncodeString	0x2050	NoInlining	Private, Static, HideBySig	0x1004b2ef4	0x9486728c	0x10264f924	0x10264f924	mapped	0x10264f924
System.Net.Http	1350	0x06000547	System.Net.Http.SocksHelper	VerifyProtocolVersion	0x2050	NoInlining	Private, Static, HideBySig	0x1004b2ef8	0x948672d7	0x10264fa54	0x10264fa54	mapped	0x10264fa54
System.Net.Http	1351	0x06000548	System.Net.Http.SocksHelper	WriteAsync	0x2050	NoInlining	Private, Static, HideBySig	0x1004b2efc	0x9486730c	0x10264fb2c	0x10264fb2c	mapped	0x10264fb2c
System.Net.Http	1352	0x06000549	System.Net.Http.SocksHelper	ReadToFillAsync	0x2050	NoInlining	Private, Static, HideBySig	0x1004b2f00	0x94867357	0x10264fc5c	0x10264fc5c	mapped	0x10264fc5c
System.Net.Http	1353	0x0600054a	System.Net.Http.SocksHelper+<>c	.cctor	0x2050	NoInlining	Private, Static, HideBySig, SpecialName, RTSpecialName	0x1004b2f04	0x9486738a	0x10264fd2c	0x10264fd2c	mapped	0x10264fd2c
System.Net.Http	1354	0x0600054b	System.Net.Http.SocksHelper+<>c	.ctor	0x2050	NoInlining	Public, HideBySig, SpecialName, RTSpecialName	0x1004b2f08	0x948673a5	0x10264fd9c	0x10264fd9c	mapped	0x10264fd9c
System.Net.Http	1355	0x0600054c	System.Net.Http.SocksHelper+<>c	<EstablishSocksTunnelAsync>b__13_0	0x2050	NoInlining	Assembly, HideBySig	0x1004b2f0c	0x948673b2	0x10264fdd4	0x10264fdd4	mapped	0x10264fdd4
System.Net.Http	1356	0x0600054d	System.Net.Http.SocksHelper+<EstablishSocks4TunnelAsync>d__15	MoveNext	0x2050	NoInlining	Private, Final, Virtual, HideBySig, VtableLayoutMask	0x1004b2f10	0x97ffb500	0x1004a0310	0x1004a0310	mapped	0x1004a0310
System.Net.Http	1357	0x0600054e	System.Net.Http.SocksHelper+<EstablishSocks4TunnelAsync>d__15	SetStateMachine	0x2050	NoInlining	Private, Final, Virtual, HideBySig, VtableLayoutMask	0x1004b2f14	0x948673dc	0x10264fe84	0x10264fe84	mapped	0x10264fe84
System.Net.Http	1358	0x0600054f	System.Net.Http.SocksHelper+<EstablishSocks5TunnelAsync>d__14	MoveNext	0x2050	NoInlining	Private, Final, Virtual, HideBySig, VtableLayoutMask	0x1004b2f18	0x97ffbab6	0x1004a19f0	0x1004a19f0	mapped	0x1004a19f0
System.Net.Http	1359	0x06000550	System.Net.Http.SocksHelper+<EstablishSocks5TunnelAsync>d__14	SetStateMachine	0x2050	NoInlining	Private, Final, Virtual, HideBySig, VtableLayoutMask	0x1004b2f1c	0x948673f0	0x10264fedc	0x10264fedc	mapped	0x10264fedc
System.Net.Http	1360	0x06000551	System.Net.Http.SocksHelper+<EstablishSocksTunnelAsync>d__13	MoveNext	0x2050	NoInlining	Private, Final, Virtual, HideBySig, VtableLayoutMask	0x1004b2f20	0x97ffc634	0x1004a47f0	0x1004a47f0	mapped	0x1004a47f0
System.Net.Http	1361	0x06000552	System.Net.Http.SocksHelper+<EstablishSocksTunnelAsync>d__13	SetStateMachine	0x2050	NoInlining	Private, Final, Virtual, HideBySig, VtableLayoutMask	0x1004b2f24	0x94867404	0x10264ff34	0x10264ff34	mapped	0x10264ff34
System.Net.Http	1362	0x06000553	System.Net.Http.SocksHelper+<ReadToFillAsync>d__19	MoveNext	0x2050	NoInlining	Private, Final, Virtual, HideBySig, VtableLayoutMask	0x1004b2f28	0x94867419	0x10264ff8c	0x10264ff8c	mapped	0x10264ff8c
System.Net.Http	1363	0x06000554	System.Net.Http.SocksHelper+<ReadToFillAsync>d__19	SetStateMachine	0x2050	NoInlining	Private, Final, Virtual, HideBySig, VtableLayoutMask	0x1004b2f2c	0x94867519	0x102650390	0x102650390	mapped	0x102650390
System.Net.Http	1364	0x06000555	System.Net.Http.SocksException	.ctor	0x2050	NoInlining	Public, HideBySig, SpecialName, RTSpecialName	0x1004b2f30	0x9486752e	0x1026503e8	0x1026503e8	mapped	0x1026503e8
System.Net.Http	1365	0x06000556	System.Net.Http.SocksException	.ctor	0x2050	NoInlining	Public, HideBySig, SpecialName, RTSpecialName	0x1004b2f34	0x94867543	0x102650440	0x102650440	mapped	0x102650440
System.Net.Http	1366	0x06000557	System.Net.Http.IHttpStreamHeadersHandler	OnStaticIndexedHeader	0x0	NoInlining	Public, Virtual, HideBySig, VtableLayoutMask, Abstract	0x1004b2f38	0x97fffaaa	0x1004b19e0		absent	0x1004b19e0
System.Net.Http	1367	0x06000558	System.Net.Http.IHttpStreamHeadersHandler	OnStaticIndexedHeader	0x0	NoInlining	Public, Virtual, HideBySig, VtableLayoutMask, Abstract	0x1004b2f3c	0x97fffaa9	0x1004b19e0		absent	0x1004b19e0
System.Net.Http	1368	0x06000559	System.Net.Http.IHttpStreamHeadersHandler	OnHeader	0x0	NoInlining	Public, Virtual, HideBySig, VtableLayoutMask, Abstract	0x1004b2f40	0x97fffaa8	0x1004b19e0		absent	0x1004b19e0
System.Net.Http	1369	0x0600055a	System.Net.Http.IHttpStreamHeadersHandler	OnDynamicIndexedHeader	0x0	NoInlining	Public, Virtual, HideBySig, VtableLayoutMask, Abstract	0x1004b2f44	0x97fffaa7	0x1004b19e0		absent	0x1004b19e0
System.Net.Http	1370	0x0600055b	System.Net.Http.HttpEnvironmentProxyCredentials	.ctor	0x2050	NoInlining	Public, HideBySig, SpecialName, RTSpecialName	0x1004b2f48	0x94867559	0x1026504ac	0x1026504ac	mapped	0x1026504ac
System.Net.Http	1371	0x0600055c	System.Net.Http.HttpEnvironmentProxyCredentials	GetCredential	0x2050	NoInlining	Public, Final, Virtual, HideBySig, VtableLayoutMask	0x1004b2f4c	0x94867577	0x102650528	0x102650528	mapped	0x102650528
System.Net.Http	1372	0x0600055d	System.Net.Http.HttpEnvironmentProxyCredentials	TryCreate	0x2050	NoInlining	Public, Static, HideBySig	0x1004b2f50	0x948675a7	0x1026505ec	0x1026505ec	mapped	0x1026505ec
System.Net.Http	1373	0x0600055e	System.Net.Http.HttpEnvironmentProxyCredentials	GetCredentialsFromString	0x2050	NoInlining	Private, Static, HideBySig	0x1004b2f54	0x948675fe	0x10265074c	0x10265074c	mapped	0x10265074c
System.Net.Http	1374	0x0600055f	System.Net.Http.HttpEnvironmentProxy	.ctor	0x2050	NoInlining	Private, HideBySig, SpecialName, RTSpecialName	0x1004b2f58	0x9486766c	0x102650908	0x102650908	mapped	0x102650908
System.Net.Http	1375	0x06000560	System.Net.Http.HttpEnvironmentProxy	GetUriFromString	0x2050	NoInlining	Private, Static, HideBySig	0x1004b2f5c	0x948676a4	0x1026509ec	0x1026509ec	mapped	0x1026509ec
System.Net.Http	1376	0x06000561	System.Net.Http.HttpEnvironmentProxy	IsMatchInBypassList	0x2050	NoInlining	Private, HideBySig	0x1004b2f60	0x94867aae	0x102651a18	0x102651a18	mapped	0x102651a18
System.Net.Http	1377	0x06000562	System.Net.Http.HttpEnvironmentProxy	GetProxy	0x2050	NoInlining	Public, Final, Virtual, HideBySig, VtableLayoutMask	0x1004b2f64	0x94867b1a	0x102651bcc	0x102651bcc	mapped	0x102651bcc
System.Net.Http	1378	0x06000563	System.Net.Http.HttpEnvironmentProxy	IsBypassed	0x2050	NoInlining	Public, Final, Virtual, HideBySig, VtableLayoutMask	0x1004b2f68	0x94867b3d	0x102651c5c	0x102651c5c	mapped	0x102651c5c
System.Net.Http	1379	0x06000564	System.Net.Http.HttpEnvironmentProxy	get_Credentials	0x2050	NoInlining	Public, Final, Virtual, HideBySig, VtableLayoutMask, SpecialName	0x1004b2f6c	0x94867b55	0x102651cc0	0x102651cc0	mapped	0x102651cc0
System.Net.Http	1380	0x06000565	System.Net.Http.HttpEnvironmentProxy	TryCreate	0x2050	NoInlining	Public, Static, HideBySig	0x1004b2f70	0x94867b5d	0x102651ce4	0x102651ce4	mapped	0x102651ce4
System.Net.Http	1381	0x06000566	System.Net.Http.CurrentUserIdentityProvider	GetIdentity	0x2050	NoInlining	Public, Static, HideBySig	0x1004b2f74	0x94867bf7	0x102651f50	0x102651f50	mapped	0x102651f50
System.Net.Http	1382	0x06000567	System.Net.Http.MacProxy	get_Credentials	0x2050	NoInlining	Public, Final, Virtual, HideBySig, VtableLayoutMask, SpecialName	0x1004b2f78	0x94867c07	0x102651f94	0x102651f94	mapped	0x102651f94
System.Net.Http	1383	0x06000568	System.Net.Http.MacProxy	GetProxyUri	0x2050	NoInlining	Private, Static, HideBySig	0x1004b2f7c	0x94867c0f	0x102651fb8	0x102651fb8	mapped	0x102651fb8
System.Net.Http	1384	0x06000569	System.Net.Http.MacProxy	ExecuteProxyAutoConfiguration	0x2050	NoInlining	Private, Static, HideBySig	0x1004b2f80	0x94867c3d	0x102652074	0x102652074	mapped	0x102652074
System.Net.Http	1385	0x0600056a	System.Net.Http.MacProxy	GetProxy	0x2050	NoInlining	Public, Final, Virtual, HideBySig, VtableLayoutMask	0x1004b2f84	0x97ffca6b	0x1004a5930	0x1004a5930	mapped	0x1004a5930
System.Net.Http	1386	0x0600056b	System.Net.Http.MacProxy	IsBypassed	0x2050	NoInlining	Public, Final, Virtual, HideBySig, VtableLayoutMask	0x1004b2f88	0x94867cf4	0x102652358	0x102652358	mapped	0x102652358
System.Net.Http	1387	0x0600056c	System.Net.Http.MacProxy	.ctor	0x2050	NoInlining	Public, HideBySig, SpecialName, RTSpecialName	0x1004b2f8c	0x94867d1c	0x1026523fc	0x1026523fc	mapped	0x1026523fc
System.Net.Http	1388	0x0600056d	System.Net.Http.MacProxy+<>c__DisplayClass5_0	.ctor	0x2050	NoInlining	Public, HideBySig, SpecialName, RTSpecialName	0x1004b2f90	0x94867d1c	0x102652400	0x102652400	mapped	0x102652400
System.Net.Http	1389	0x0600056e	System.Net.Http.MacProxy+<>c__DisplayClass5_0	<ExecuteProxyAutoConfiguration>b__0	0x2050	NoInlining	Assembly, HideBySig	0x1004b2f94	0x97ffcb9f	0x1004a5e10	0x1004a5e10	mapped	0x1004a5e10
System.Net.Http	1390	0x0600056f	System.Net.Http.QPack.QPackEncoder	EncodeLiteralHeaderFieldWithStaticNameReference	0x2050	NoInlining	Public, Static, HideBySig	0x1004b2f98	0x94867d1b	0x102652404	0x102652404	mapped	0x102652404
System.Net.Http	1391	0x06000570	System.Net.Http.QPack.QPackEncoder	EncodeLiteralHeaderFieldWithStaticNameReference	0x2050	NoInlining	Public, Static, HideBySig	0x1004b2f9c	0x94867d35	0x102652470	0x102652470	mapped	0x102652470
System.Net.Http	1392	0x06000571	System.Net.Http.QPack.QPackEncoder	EncodeLiteralHeaderFieldWithStaticNameReferenceToArray	0x2050	NoInlining	Public, Static, HideBySig	0x1004b2fa0	0x94867d7b	0x10265258c	0x10265258c	mapped	0x10265258c
System.Net.Http	1393	0x06000572	System.Net.Http.QPack.QPackEncoder	EncodeLiteralHeaderFieldWithStaticNameReferenceToArray	0x2050	NoInlining	Public, Static, HideBySig	0x1004b2fa4	0x94867dc0	0x1026526a4	0x1026526a4	mapped	0x1026526a4
System.Net.Http	1394	0x06000573	System.Net.Http.QPack.QPackEncoder	EncodeLiteralHeaderFieldWithoutNameReferenceToArray	0x2050	NoInlining	Public, Static, HideBySig	0x1004b2fa8	0x94867e18	0x102652808	0x102652808	mapped	0x102652808
System.Net.Http	1395	0x06000574	System.Net.Http.QPack.QPackEncoder	EncodeValueString	0x2050	NoInlining	Private, Static, HideBySig	0x1004b2fac	0x94867e6b	0x102652958	0x102652958	mapped	0x102652958
System.Net.Http	1396	0x06000575	System.Net.Http.QPack.QPackEncoder	EncodeValueStringPart	0x2050	NoInlining	Private, Static, HideBySig	0x1004b2fb0	0x94867edc	0x102652b20	0x102652b20	mapped	0x102652b20
System.Net.Http	1397	0x06000576	System.Net.Http.QPack.QPackEncoder	EncodeNameString	0x2050	NoInlining	Private, Static, HideBySig	0x1004b2fb4	0x94867f31	0x102652c78	0x102652c78	mapped	0x102652c78
System.Net.Http	1398	0x06000577	System.Net.Http.QPack.QPackEncodingException	.ctor	0x2050	NoInlining	Public, HideBySig, SpecialName, RTSpecialName	0x1004b2fb8	0x94867f9b	0x102652e24	0x102652e24	mapped	0x102652e24
System.Net.Http	1399	0x06000578	System.Net.Http.HPack.H2StaticTable	get_Count	0x2050	NoInlining	Public, Static, HideBySig, SpecialName	0x1004b2fbc	0x94867fad	0x102652e70	0x102652e70	mapped	0x102652e70
System.Net.Http	1400	0x06000579	System.Net.Http.HPack.H2StaticTable	Get	0x2050	NoInlining	Public, Static, HideBySig	0x1004b2fc0	0x94867fc3	0x102652ecc	0x102652ecc	mapped	0x102652ecc
System.Net.Http	1401	0x0600057a	System.Net.Http.HPack.H2StaticTable	CreateHeaderField	0x2050	NoInlining	Private, Static, HideBySig	0x1004b2fc4	0x94867fe5	0x102652f58	0x102652f58	mapped	0x102652f58
System.Net.Http	1402	0x0600057b	System.Net.Http.HPack.H2StaticTable	.cctor	0x2050	NoInlining	Private, Static, HideBySig, SpecialName, RTSpecialName	0x1004b2fc8	0x94868060	0x102653148	0x102653148	mapped	0x102653148
System.Net.Http	1403	0x0600057c	System.Net.Http.HPack.DynamicTable	.ctor	0x2050	NoInlining	Public, HideBySig, SpecialName, RTSpecialName	0x1004b2fcc	0x948684bd	0x1026542c0	0x1026542c0	mapped	0x1026542c0
System.Net.Http	1404	0x0600057d	System.Net.Http.HPack.DynamicTable	get_Item	0x2050	NoInlining	Public, HideBySig, SpecialName	0x1004b2fd0	0x948684e9	0x102654374	0x102654374	mapped	0x102654374
System.Net.Http	1405	0x0600057e	System.Net.Http.HPack.DynamicTable	Insert	0x2050	NoInlining	Public, HideBySig	0x1004b2fd4	0x9486851d	0x102654448	0x102654448	mapped	0x102654448
System.Net.Http	1406	0x0600057f	System.Net.Http.HPack.DynamicTable	Insert	0x2050	NoInlining	Public, HideBySig	0x1004b2fd8	0x94868537	0x1026544b4	0x1026544b4	mapped	0x1026544b4
System.Net.Http	1407	0x06000580	System.Net.Http.HPack.DynamicTable	Resize	0x2050	NoInlining	Public, HideBySig	0x1004b2fdc	0x948685af	0x102654698	0x102654698	mapped	0x102654698
System.Net.Http	1408	0x06000581	System.Net.Http.HPack.DynamicTable	EnsureAvailable	0x2050	NoInlining	Private, HideBySig	0x1004b2fe0	0x94868601	0x1026547e4	0x1026547e4	mapped	0x1026547e4
System.Net.Http	1409	0x06000582	System.Net.Http.HPack.HeaderField	.ctor	0x2050	NoInlining	Public, HideBySig, SpecialName, RTSpecialName	0x1004b2fe4	0x9486866a	0x10265498c	0x10265498c	mapped	0x10265498c
System.Net.Http	1410	0x06000583	System.Net.Http.HPack.HeaderField	get_StaticTableIndex	0x2050	NoInlining	Public, HideBySig, SpecialName	0x1004b2fe8	0x9486869f	0x102654a64	0x102654a64	mapped	0x102654a64
System.Net.Http	1411	0x06000584	System.Net.Http.HPack.HeaderField	get_Name	0x2050	NoInlining	Public, HideBySig, SpecialName	0x1004b2fec	0x948686a7	0x102654a88	0x102654a88	mapped	0x102654a88
System.Net.Http	1412	0x06000585	System.Net.Http.HPack.HeaderField	get_Value	0x2050	NoInlining	Public, HideBySig, SpecialName	0x1004b2ff0	0x948686af	0x102654aac	0x102654aac	mapped	0x102654aac
System.Net.Http	1413	0x06000586	System.Net.Http.HPack.HeaderField	get_Length	0x2050	NoInlining	Public, HideBySig, SpecialName	0x1004b2ff4	0x948686b7	0x102654ad0	0x102654ad0	mapped	0x102654ad0
System.Net.Http	1414	0x06000587	System.Net.Http.HPack.HeaderField	GetLength	0x2050	NoInlining	Public, Static, HideBySig	0x1004b2ff8	0x948686cc	0x102654b28	0x102654b28	mapped	0x102654b28
System.Net.Http	1415	0x06000588	System.Net.Http.HPack.HeaderField	ToString	0x2050	NoInlining	Public, Final, Virtual, HideBySig	0x1004b2ffc	0x948686ce	0x102654b34	0x102654b34	mapped	0x102654b34
System.Net.Http	1416	0x06000589	System.Net.Http.HPack.HPackDecoder	.ctor	0x2050	NoInlining	Public, HideBySig, SpecialName, RTSpecialName	0x1004b3000	0x94868714	0x102654c50	0x102654c50	mapped	0x102654c50
System.Net.Http	1417	0x0600058a	System.Net.Http.HPack.HPackDecoder	.ctor	0x2050	NoInlining	Assembly, HideBySig, SpecialName, RTSpecialName	0x1004b3004	0x94868748	0x102654d24	0x102654d24	mapped	0x102654d24
System.Net.Http	1418	0x0600058b	System.Net.Http.HPack.HPackDecoder	Decode	0x2050	NoInlining	Public, HideBySig	0x1004b3008	0x9486878a	0x102654e30	0x102654e30	mapped	0x102654e30
System.Net.Http	1419	0x0600058c	System.Net.Http.HPack.HPackDecoder	DecodeInternal	0x2050	NoInlining	Private, HideBySig	0x1004b300c	0x948687a5	0x102654ea0	0x102654ea0	mapped	0x102654ea0
System.Net.Http	1420	0x0600058d	System.Net.Http.HPack.HPackDecoder	ParseDynamicTableSizeUpdate	0x2050	NoInlining	Private, HideBySig	0x1004b3010	0x94868881	0x102655214	0x102655214	mapped	0x102655214
System.Net.Http	1421	0x0600058e	System.Net.Http.HPack.HPackDecoder	ParseHeaderValueLength	0x2050	NoInlining	Private, HideBySig	0x1004b3014	0x948688a5	0x1026552a8	0x1026552a8	mapped	0x1026552a8
System.Net.Http	1422	0x0600058f	System.Net.Http.HPack.HPackDecoder	ParseHeaderNameLengthContinue	0x2050	NoInlining	Private, HideBySig	0x1004b3018	0x94868904	0x102655428	0x102655428	mapped	0x102655428
System.Net.Http	1423	0x06000590	System.Net.Http.HPack.HPackDecoder	ParseHeaderValueLengthContinue	0x2050	NoInlining	Private, HideBySig	0x1004b301c	0x9486892c	0x1026554cc	0x1026554cc	mapped	0x1026554cc
System.Net.Http	1424	0x06000591	System.Net.Http.HPack.HPackDecoder	ParseHeaderFieldIndex	0x2050	NoInlining	Private, HideBySig	0x1004b3020	0x94868954	0x102655570	0x102655570	mapped	0x102655570
System.Net.Http	1425	0x06000592	System.Net.Http.HPack.HPackDecoder	ParseHeaderNameIndex	0x2050	NoInlining	Private, HideBySig	0x1004b3024	0x94868976	0x1026555fc	0x1026555fc	mapped	0x1026555fc
System.Net.Http	1426	0x06000593	System.Net.Http.HPack.HPackDecoder	ParseHeaderNameLength	0x2050	NoInlining	Private, HideBySig	0x1004b3028	0x9486899d	0x10265569c	0x10265569c	mapped	0x10265569c
System.Net.Http	1427	0x06000594	System.Net.Http.HPack.HPackDecoder	Parse	0x2050	NoInlining	Private, HideBySig	0x1004b302c	0x94868a10	0x10265586c	0x10265586c	mapped	0x10265586c
System.Net.Http	1428	0x06000595	System.Net.Http.HPack.HPackDecoder	ParseLiteralHeaderField	0x2050	NoInlining	Private, HideBySig	0x1004b3030	0x94868aa5	0x102655ac4	0x102655ac4	mapped	0x102655ac4
System.Net.Http	1429	0x06000596	System.Net.Http.HPack.HPackDecoder	ParseHeaderName	0x2050	NoInlining	Private, HideBySig	0x1004b3034	0x94868af2	0x102655bfc	0x102655bfc	mapped	0x102655bfc
System.Net.Http	1430	0x06000597	System.Net.Http.HPack.HPackDecoder	ParseHeaderValue	0x2050	NoInlining	Private, HideBySig	0x1004b3038	0x94868b65	0x102655dcc	0x102655dcc	mapped	0x102655dcc
System.Net.Http	1431	0x06000598	System.Net.Http.HPack.HPackDecoder	CheckIncompleteHeaderBlock	0x2050	NoInlining	Private, HideBySig	0x1004b303c	0x94868bd7	0x102655f98	0x102655f98	mapped	0x102655f98
System.Net.Http	1432	0x06000599	System.Net.Http.HPack.HPackDecoder	ProcessHeaderValue	0x2050	NoInlining	Private, HideBySig	0x1004b3040	0x94868c09	0x102656064	0x102656064	mapped	0x102656064
System.Net.Http	1433	0x0600059a	System.Net.Http.HPack.HPackDecoder	CompleteDecode	0x2050	NoInlining	Public, HideBySig	0x1004b3044	0x94868cc6	0x10265635c	0x10265635c	mapped	0x10265635c
System.Net.Http	1434	0x0600059b	System.Net.Http.HPack.HPackDecoder	OnIndexedHeaderField	0x2050	NoInlining	Private, HideBySig	0x1004b3048	0x94868cf3	0x102656414	0x102656414	mapped	0x102656414
System.Net.Http	1435	0x0600059c	System.Net.Http.HPack.HPackDecoder	OnIndexedHeaderName	0x2050	NoInlining	Private, HideBySig	0x1004b304c	0x94868d4e	0x102656584	0x102656584	mapped	0x102656584
System.Net.Http	1436	0x0600059d	System.Net.Http.HPack.HPackDecoder	OnStringLength	0x2050	NoInlining	Private, HideBySig	0x1004b3050	0x94868d99	0x1026566b4	0x1026566b4	mapped	0x1026566b4
System.Net.Http	1437	0x0600059e	System.Net.Http.HPack.HPackDecoder	OnString	0x2050	NoInlining	Private, HideBySig	0x1004b3054	0x94868ded	0x102656808	0x102656808	mapped	0x102656808
System.Net.Http	1438	0x0600059f	System.Net.Http.HPack.HPackDecoder	EnsureStringCapacity	0x2050	NoInlining	Private, HideBySig	0x1004b3058	0x94868e38	0x102656938	0x102656938	mapped	0x102656938
System.Net.Http	1439	0x060005a0	System.Net.Http.HPack.HPackDecoder	TryDecodeInteger	0x2050	NoInlining	Private, HideBySig	0x1004b305c	0x94868e78	0x102656a3c	0x102656a3c	mapped	0x102656a3c
System.Net.Http	1440	0x060005a1	System.Net.Http.HPack.HPackDecoder	IsHuffmanEncoded	0x2050	NoInlining	Private, Static, HideBySig	0x1004b3060	0x94868ec1	0x102656b64	0x102656b64	mapped	0x102656b64
System.Net.Http	1441	0x060005a2	System.Net.Http.HPack.HPackDecoder	GetDynamicHeader	0x2050	NoInlining	Private, HideBySig	0x1004b3064	0x94868ec2	0x102656b6c	0x102656b6c	mapped	0x102656b6c
System.Net.Http	1442	0x060005a3	System.Net.Http.HPack.HPackDecoder	SetDynamicHeaderTableSize	0x2050	NoInlining	Private, HideBySig	0x1004b3068	0x94868f0c	0x102656c98	0x102656c98	mapped	0x102656c98
System.Net.Http	1443	0x060005a4	System.Net.Http.HPack.HPackDecoder	<OnString>g__Decode|57_0	0x2050	NoInlining	Private, HideBySig	0x1004b306c	0x94868f4f	0x102656da8	0x102656da8	mapped	0x102656da8
System.Net.Http	1444	0x060005a5	System.Net.Http.HPack.HPackDecodingException	.ctor	0x2050	NoInlining	Public, HideBySig, SpecialName, RTSpecialName	0x1004b3070	0x94868f82	0x102656e78	0x102656e78	mapped	0x102656e78
System.Net.Http	1445	0x060005a6	System.Net.Http.HPack.HPackDecodingException	.ctor	0x2050	NoInlining	Public, HideBySig, SpecialName, RTSpecialName	0x1004b3074	0x94868f94	0x102656ec4	0x102656ec4	mapped	0x102656ec4
System.Net.Http	1446	0x060005a7	System.Net.Http.HPack.HPackEncoder	EncodeIndexedHeaderField	0x2050	NoInlining	Public, Static, HideBySig	0x1004b3078	0x94868fab	0x102656f24	0x102656f24	mapped	0x102656f24
System.Net.Http	1447	0x060005a8	System.Net.Http.HPack.HPackEncoder	EncodeLiteralHeaderFieldWithoutIndexing	0x2050	NoInlining	Public, Static, HideBySig	0x1004b307c	0x94868fd4	0x102656fcc	0x102656fcc	mapped	0x102656fcc
System.Net.Http	1448	0x060005a9	System.Net.Http.HPack.HPackEncoder	EncodeLiteralHeaderFieldWithoutIndexing	0x2050	NoInlining	Public, Static, HideBySig	0x1004b3080	0x94869018	0x1026570e0	0x1026570e0	mapped	0x1026570e0
System.Net.Http	1449	0x060005aa	System.Net.Http.HPack.HPackEncoder	EncodeLiteralHeaderFieldWithoutIndexingNewName	0x2050	NoInlining	Public, Static, HideBySig	0x1004b3084	0x9486904b	0x1026571b0	0x1026571b0	mapped	0x1026571b0
System.Net.Http	1450	0x060005ab	System.Net.Http.HPack.HPackEncoder	EncodeLiteralHeaderFieldWithoutIndexingNewName	0x2050	NoInlining	Public, Static, HideBySig	0x1004b3088	0x94869097	0x1026572e4	0x1026572e4	mapped	0x1026572e4
System.Net.Http	1451	0x060005ac	System.Net.Http.HPack.HPackEncoder	EncodeLiteralHeaderName	0x2050	NoInlining	Private, Static, HideBySig	0x1004b308c	0x948690cb	0x1026573b8	0x1026573b8	mapped	0x1026573b8
System.Net.Http	1452	0x060005ad	System.Net.Http.HPack.HPackEncoder	EncodeValueStringPart	0x2050	NoInlining	Private, Static, HideBySig	0x1004b3090	0x94869134	0x102657560	0x102657560	mapped	0x102657560
System.Net.Http	1453	0x060005ae	System.Net.Http.HPack.HPackEncoder	EncodeStringLiteral	0x2050	NoInlining	Public, Static, HideBySig	0x1004b3094	0x94869189	0x1026576b8	0x1026576b8	mapped	0x1026576b8
System.Net.Http	1454	0x060005af	System.Net.Http.HPack.HPackEncoder	EncodeStringLiterals	0x2050	NoInlining	Public, Static, HideBySig	0x1004b3098	0x948691fa	0x102657880	0x102657880	mapped	0x102657880
System.Net.Http	1455	0x060005b0	System.Net.Http.HPack.HPackEncoder	EncodeLiteralHeaderFieldWithoutIndexingToAllocatedArray	0x2050	NoInlining	Public, Static, HideBySig	0x1004b309c	0x9486933a	0x102657d84	0x102657d84	mapped	0x102657d84
System.Net.Http	1456	0x060005b1	System.Net.Http.HPack.HPackEncoder	EncodeLiteralHeaderFieldWithoutIndexingNewNameToAllocatedArray	0x2050	NoInlining	Public, Static, HideBySig	0x1004b30a0	0x9486937b	0x102657e8c	0x102657e8c	mapped	0x102657e8c
System.Net.Http	1457	0x060005b2	System.Net.Http.HPack.HPackEncoder	EncodeLiteralHeaderFieldWithoutIndexingToAllocatedArray	0x2050	NoInlining	Public, Static, HideBySig	0x1004b30a4	0x948693bc	0x102657f94	0x102657f94	mapped	0x102657f94
System.Net.Http	1458	0x060005b3	System.Net.Http.HPack.Huffman	get_EncodingTableCodes	0x2050	NoInlining	Private, Static, HideBySig, SpecialName	0x1004b30a8	0x94869424	0x102658138	0x102658138	mapped	0x102658138
System.Net.Http	1459	0x060005b4	System.Net.Http.HPack.Huffman	get_EncodingTableBitLengths	0x2050	NoInlining	Private, Static, HideBySig, SpecialName	0x1004b30ac	0x94869434	0x10265817c	0x10265817c	mapped	0x10265817c
System.Net.Http	1460	0x060005b5	System.Net.Http.HPack.Huffman	GenerateDecodingLookupTree	0x2050	NoInlining	Private, Static, HideBySig	0x1004b30b0	0x9486944a	0x1026581d8	0x1026581d8	mapped	0x1026581d8
System.Net.Http	1461	0x060005b6	System.Net.Http.HPack.Huffman	Decode	0x2050	NoInlining	Public, Static, HideBySig	0x1004b30b4	0x948694ef	0x102658470	0x102658470	mapped	0x102658470
System.Net.Http	1462	0x060005b7	System.Net.Http.HPack.Huffman	.cctor	0x2050	NoInlining	Private, Static, HideBySig, SpecialName, RTSpecialName	0x1004b30b8	0x9486960d	0x1026588ec	0x1026588ec	mapped	0x1026588ec
System.Net.Http	1463	0x060005b8	System.Net.Http.HPack.HuffmanDecodingException	.ctor	0x2050	NoInlining	Public, HideBySig, SpecialName, RTSpecialName	0x1004b30bc	0x94869625	0x102658950	0x102658950	mapped	0x102658950
System.Net.Http	1464	0x060005b9	System.Net.Http.HPack.HuffmanDecodingException	System.Runtime.Serialization.ISerializable.GetObjectData	0x2050	NoInlining	Private, Final, Virtual, HideBySig, VtableLayoutMask	0x1004b30c0	0x94869637	0x10265899c	0x10265899c	mapped	0x10265899c
System.Net.Http	1465	0x060005ba	System.Net.Http.HPack.HuffmanDecodingException	GetObjectData	0x2050	NoInlining	Public, Final, Virtual, HideBySig	0x1004b30c4	0x9486964c	0x1026589f4	0x1026589f4	mapped	0x1026589f4
System.Net.Http	1466	0x060005bb	System.Net.Http.HPack.IntegerDecoder	BeginTryDecode	0x2050	NoInlining	Public, HideBySig	0x1004b30c8	0x94869661	0x102658a4c	0x102658a4c	mapped	0x102658a4c
System.Net.Http	1467	0x060005bc	System.Net.Http.HPack.IntegerDecoder	TryDecode	0x2050	NoInlining	Public, HideBySig	0x1004b30cc	0x9486967c	0x102658abc	0x102658abc	mapped	0x102658abc
System.Net.Http	1468	0x060005bd	System.Net.Http.HPack.IntegerEncoder	Encode	0x2050	NoInlining	Public, Static, HideBySig	0x1004b30d0	0x948696ca	0x102658bf8	0x102658bf8	mapped	0x102658bf8
System.Net.Http	1469	0x060005be	System.Net.Http.HPack.IntegerEncoder	MaskHigh	0x2050	NoInlining	Private, Static, HideBySig	0x1004b30d4	0x94869749	0x102658df8	0x102658df8	mapped	0x102658df8
System.Net.Http	1470	0x060005bf	System.Net.Http.Metrics.HttpMetricsEnrichmentContext	.ctor	0x2050	NoInlining	Private, HideBySig, SpecialName, RTSpecialName	0x1004b30d8	0x9486974c	0x102658e08	0x102658e08	mapped	0x102658e08
System.Net.Http	1471	0x060005c0	System.Net.Http.Metrics.HttpMetricsEnrichmentContext	GetEnrichmentCallbacksForRequest	0x2050	NoInlining	Assembly, Static, HideBySig	0x1004b30dc	0x94869759	0x102658e40	0x102658e40	mapped	0x102658e40
System.Net.Http	1472	0x060005c1	System.Net.Http.Metrics.HttpMetricsEnrichmentContext	RecordDurationWithEnrichment	0x2050	NoInlining	Assembly, Static, HideBySig	0x1004b30e0	0x94869796	0x102658f38	0x102658f38	mapped	0x102658f38
System.Net.Http	1473	0x060005c2	System.Net.Http.Metrics.HttpMetricsEnrichmentContext	.cctor	0x2050	NoInlining	Private, Static, HideBySig, SpecialName, RTSpecialName	0x1004b30e4	0x9486983a	0x1026591cc	0x1026591cc	mapped	0x1026591cc
System.Net.Http	1474	0x060005c3	System.Net.Http.Metrics.MetricsHandler	.ctor	0x2050	NoInlining	Public, HideBySig, SpecialName, RTSpecialName	0x1004b30e8	0x9486985b	0x102659254	0x102659254	mapped	0x102659254
System.Net.Http	1475	0x060005c4	System.Net.Http.Metrics.MetricsHandler	SendAsync	0x2050	NoInlining	Assembly, Final, Virtual, HideBySig, CheckAccessOnOverride	0x1004b30ec	0x948698d1	0x102659430	0x102659430	mapped	0x102659430
System.Net.Http	1476	0x060005c5	System.Net.Http.Metrics.MetricsHandler	SendAsyncWithMetrics	0x2050	NoInlining	Private, HideBySig	0x1004b30f0	0x9486995b	0x10265965c	0x10265965c	mapped	0x10265965c
System.Net.Http	1477	0x060005c6	System.Net.Http.Metrics.MetricsHandler	Dispose	0x2050	NoInlining	Family, Final, Virtual, HideBySig	0x1004b30f4	0x948699a7	0x102659790	0x102659790	mapped	0x102659790
System.Net.Http	1478	0x060005c7	System.Net.Http.Metrics.MetricsHandler	RequestStart	0x2050	NoInlining	Private, HideBySig	0x1004b30f8	0x948699c7	0x102659814	0x102659814	mapped	0x102659814
System.Net.Http	1479	0x060005c8	System.Net.Http.Metrics.MetricsHandler	RequestStop	0x2050	NoInlining	Private, HideBySig	0x1004b30fc	0x94869a0b	0x102659928	0x102659928	mapped	0x102659928
System.Net.Http	1480	0x060005c9	System.Net.Http.Metrics.MetricsHandler	TryGetErrorType	0x2050	NoInlining	Private, Static, HideBySig	0x1004b3100	0x94869a9d	0x102659b74	0x102659b74	mapped	0x102659b74
System.Net.Http	1481	0x060005ca	System.Net.Http.Metrics.MetricsHandler	GetProtocolVersionString	0x2050	NoInlining	Private, Static, HideBySig	0x1004b3104	0x94869b12	0x102659d4c	0x102659d4c	mapped	0x102659d4c
System.Net.Http	1482	0x060005cb	System.Net.Http.Metrics.MetricsHandler	InitializeCommonTags	0x2050	NoInlining	Private, Static, HideBySig	0x1004b3108	0x94869b4c	0x102659e38	0x102659e38	mapped	0x102659e38
System.Net.Http	1483	0x060005cc	System.Net.Http.Metrics.MetricsHandler	GetMethodTag	0x2050	NoInlining	Assembly, Static, HideBySig	0x1004b310c	0x94869bac	0x102659fbc	0x102659fbc	mapped	0x102659fbc
System.Net.Http	1484	0x060005cd	System.Net.Http.Metrics.MetricsHandler	GetBoxedStatusCode	0x2050	NoInlining	Private, Static, HideBySig	0x1004b3110	0x94869be9	0x10265a0b4	0x10265a0b4	mapped	0x10265a0b4
System.Net.Http	1485	0x060005ce	System.Net.Http.Metrics.MetricsHandler	GetErrorStatusCodeString	0x2050	NoInlining	Private, Static, HideBySig	0x1004b3114	0x94869c4e	0x10265a24c	0x10265a24c	mapped	0x10265a24c
System.Net.Http	1486	0x060005cf	System.Net.Http.Metrics.MetricsHandler+SharedMeter	get_Instance	0x2050	NoInlining	Public, Static, HideBySig, SpecialName	0x1004b3118	0x94869cbc	0x10265a408	0x10265a408	mapped	0x10265a408
System.Net.Http	1487	0x060005d0	System.Net.Http.Metrics.MetricsHandler+SharedMeter	.ctor	0x2050	NoInlining	Private, HideBySig, SpecialName, RTSpecialName	0x1004b311c	0x94869ccc	0x10265a44c	0x10265a44c	mapped	0x10265a44c
System.Net.Http	1488	0x060005d1	System.Net.Http.Metrics.MetricsHandler+SharedMeter	Dispose	0x2050	NoInlining	Family, Final, Virtual, HideBySig	0x1004b3120	0x94869ce6	0x10265a4b8	0x10265a4b8	mapped	0x10265a4b8
System.Net.Http	1489	0x060005d2	System.Net.Http.Metrics.MetricsHandler+SharedMeter	.cctor	0x2050	NoInlining	Private, Static, HideBySig, SpecialName, RTSpecialName	0x1004b3124	0x94869ce6	0x10265a4bc	0x10265a4bc	mapped	0x10265a4bc
System.Net.Http	1490	0x060005d3	System.Net.Http.Metrics.MetricsHandler+<>c	.cctor	0x2050	NoInlining	Private, Static, HideBySig, SpecialName, RTSpecialName	0x1004b3128	0x94869d03	0x10265a534	0x10265a534	mapped	0x10265a534
System.Net.Http	1491	0x060005d4	System.Net.Http.Metrics.MetricsHandler+<>c	.ctor	0x2050	NoInlining	Public, HideBySig, SpecialName, RTSpecialName	0x1004b312c	0x94869d1e	0x10265a5a4	0x10265a5a4	mapped	0x10265a5a4
System.Net.Http	1492	0x060005d5	System.Net.Http.Metrics.MetricsHandler+<>c	<GetBoxedStatusCode>b__15_0	0x2050	NoInlining	Assembly, HideBySig	0x1004b3130	0x94869d2b	0x10265a5dc	0x10265a5dc	mapped	0x10265a5dc
System.Net.Http	1493	0x060005d6	System.Net.Http.Metrics.MetricsHandler+<>c	<GetErrorStatusCodeString>b__16_0	0x2050	NoInlining	Assembly, HideBySig	0x1004b3134	0x94869d42	0x10265a63c	0x10265a63c	mapped	0x10265a63c
System.Net.Http	1494	0x060005d7	System.Net.Http.Metrics.MetricsHandler+<SendAsyncWithMetrics>d__5	MoveNext	0x2050	NoInlining	Private, Final, Virtual, HideBySig, VtableLayoutMask	0x1004b3138	0x97ffcc12	0x1004a6180	0x1004a6180	mapped	0x1004a6180
System.Net.Http	1495	0x060005d8	System.Net.Http.Metrics.MetricsHandler+<SendAsyncWithMetrics>d__5	SetStateMachine	0x2050	NoInlining	Private, Final, Virtual, HideBySig, VtableLayoutMask	0x1004b313c	0x94869d58	0x10265a69c	0x10265a69c	mapped	0x10265a69c
System.Net.Http	1496	0x060005d9	System.Net.Http.Metrics.ConnectionMetrics	.ctor	0x2050	NoInlining	Public, HideBySig, SpecialName, RTSpecialName	0x1004b3140	0x94869d7a	0x10265a728	0x10265a728	mapped	0x10265a728
System.Net.Http	1497	0x060005da	System.Net.Http.Metrics.ConnectionMetrics	GetTags	0x2050	NoInlining	Private, HideBySig	0x1004b3144	0x94869dd7	0x10265a8a0	0x10265a8a0	mapped	0x10265a8a0
System.Net.Http	1498	0x060005db	System.Net.Http.Metrics.ConnectionMetrics	GetStateTag	0x2050	NoInlining	Private, Static, HideBySig	0x1004b3148	0x94869e25	0x10265a9dc	0x10265a9dc	mapped	0x10265a9dc
System.Net.Http	1499	0x060005dc	System.Net.Http.Metrics.ConnectionMetrics	ConnectionEstablished	0x2050	NoInlining	Public, HideBySig	0x1004b314c	0x94869e4b	0x10265aa78	0x10265aa78	mapped	0x10265aa78
System.Net.Http	1500	0x060005dd	System.Net.Http.Metrics.ConnectionMetrics	ConnectionClosed	0x2050	NoInlining	Public, HideBySig	0x1004b3150	0x94869e97	0x10265abac	0x10265abac	mapped	0x10265abac
System.Net.Http	1501	0x060005de	System.Net.Http.Metrics.ConnectionMetrics	IdleStateChanged	0x2050	NoInlining	Public, HideBySig	0x1004b3154	0x94869f00	0x10265ad54	0x10265ad54	mapped	0x10265ad54
System.Net.Http	1502	0x060005df	System.Net.Http.Metrics.SocketsHttpHandlerMetrics	.ctor	0x2050	NoInlining	Public, HideBySig, SpecialName, RTSpecialName	0x1004b3158	0x94869f7c	0x10265af48	0x10265af48	mapped	0x10265af48
System.Net.Http	1503	0x060005e0	System.Net.Http.Metrics.SocketsHttpHandlerMetrics	RequestLeftQueue	0x2050	NoInlining	Public, HideBySig	0x1004b315c	0x94869fcc	0x10265b08c	0x10265b08c	mapped	0x10265b08c
System.Net.Http	1504	0x060005e1	System.Net.Http.Headers.KnownHeader	.ctor	0x2050	NoInlining	Public, HideBySig, SpecialName, RTSpecialName	0x1004b3160	0x9486a060	0x10265b2e0	0x10265b2e0	mapped	0x10265b2e0
System.Net.Http	1505	0x060005e2	System.Net.Http.Headers.KnownHeader	.ctor	0x2050	NoInlining	Public, HideBySig, SpecialName, RTSpecialName	0x1004b3164	0x9486a078	0x10265b344	0x10265b344	mapped	0x10265b344
System.Net.Http	1506	0x060005e3	System.Net.Http.Headers.KnownHeader	Initialize	0x2050	NoInlining	Private, HideBySig	0x1004b3168	0x9486a0fc	0x10265b558	0x10265b558	mapped	0x10265b558
System.Net.Http	1507	0x060005e4	System.Net.Http.Headers.KnownHeader	get_Name	0x2050	NoInlining	Public, HideBySig, SpecialName	0x1004b316c	0x9486a12e	0x10265b624	0x10265b624	mapped	0x10265b624
System.Net.Http	1508	0x060005e5	System.Net.Http.Headers.KnownHeader	get_Parser	0x2050	NoInlining	Public, HideBySig, SpecialName	0x1004b3170	0x9486a136	0x10265b648	0x10265b648	mapped	0x10265b648
System.Net.Http	1509	0x060005e6	System.Net.Http.Headers.KnownHeader	get_HeaderType	0x2050	NoInlining	Public, HideBySig, SpecialName	0x1004b3174	0x9486a13e	0x10265b66c	0x10265b66c	mapped	0x10265b66c
System.Net.Http	1510	0x060005e7	System.Net.Http.Headers.KnownHeader	get_KnownValues	0x2050	NoInlining	Public, HideBySig, SpecialName	0x1004b3178	0x9486a146	0x10265b690	0x10265b690	mapped	0x10265b690
System.Net.Http	1511	0x060005e8	System.Net.Http.Headers.KnownHeader	get_AsciiBytesWithColonSpace	0x2050	NoInlining	Public, HideBySig, SpecialName	0x1004b317c	0x9486a14e	0x10265b6b4	0x10265b6b4	mapped	0x10265b6b4
System.Net.Http	1512	0x060005e9	System.Net.Http.Headers.KnownHeader	get_Descriptor	0x2050	NoInlining	Public, HideBySig, SpecialName	0x1004b3180	0x9486a156	0x10265b6d8	0x10265b6d8	mapped	0x10265b6d8
System.Net.Http	1513	0x060005ea	System.Net.Http.Headers.KnownHeader	get_Http2EncodedName	0x2050	NoInlining	Public, HideBySig, SpecialName	0x1004b3184	0x9486a162	0x10265b70c	0x10265b70c	mapped	0x10265b70c
System.Net.Http	1514	0x060005eb	System.Net.Http.Headers.KnownHeader	set_Http2EncodedName	0x2050	NoInlining	Private, HideBySig, SpecialName	0x1004b3188	0x9486a16a	0x10265b730	0x10265b730	mapped	0x10265b730
System.Net.Http	1515	0x060005ec	System.Net.Http.Headers.KnownHeader	set_Http3EncodedName	0x2050	NoInlining	Private, HideBySig, SpecialName	0x1004b318c	0x9486a179	0x10265b770	0x10265b770	mapped	0x10265b770
System.Net.Http	1516	0x060005ed	System.Net.Http.Headers.KnownHeaders	GetAltSvcHeaderParser	0x2050	NoInlining	Private, Static, HideBySig	0x1004b3190	0x9486a188	0x10265b7b0	0x10265b7b0	mapped	0x10265b7b0
System.Net.Http	1517	0x060005ee	System.Net.Http.Headers.KnownHeaders	GetCandidate	0x2050	NoInlining	Private, Static, HideBySig	0x1004b3194	0x97fffa13	0x1004b19e0		absent	0x1004b19e0
System.Net.Http	1518	0x060005ef	System.Net.Http.Headers.KnownHeaders	TryGetKnownHeader	0x2050	NoInlining	Assembly, Static, HideBySig	0x1004b3198	0x9486a1a3	0x10265b824	0x10265b824	mapped	0x10265b824
System.Net.Http	1519	0x060005f0	System.Net.Http.Headers.KnownHeaders	TryGetKnownHeader	0x2050	NoInlining	Assembly, Static, HideBySig	0x1004b319c	0x9486a1df	0x10265b918	0x10265b918	mapped	0x10265b918
System.Net.Http	1520	0x060005f1	System.Net.Http.Headers.KnownHeaders	.cctor	0x2050	NoInlining	Private, Static, HideBySig, SpecialName, RTSpecialName	0x1004b31a0	0x9486a209	0x10265b9c4	0x10265b9c4	mapped	0x10265b9c4
System.Net.Http	1521	0x060005f2	System.Net.Http.Headers.KnownHeaders+IHeaderNameAccessor	get_Length	0x0	NoInlining	Public, Virtual, HideBySig, VtableLayoutMask, Abstract, SpecialName	0x1004b31a4	0x97fffa0f	0x1004b19e0		absent	0x1004b19e0
System.Net.Http	1522	0x060005f3	System.Net.Http.Headers.KnownHeaders+IHeaderNameAccessor	get_Item	0x0	NoInlining	Public, Virtual, HideBySig, VtableLayoutMask, Abstract, SpecialName	0x1004b31a8	0x97fffa0e	0x1004b19e0		absent	0x1004b19e0
System.Net.Http	1523	0x060005f4	System.Net.Http.Headers.KnownHeaders+StringAccessor	.ctor	0x2050	NoInlining	Public, HideBySig, SpecialName, RTSpecialName	0x1004b31ac	0x9486aa9c	0x10265dc1c	0x10265dc1c	mapped	0x10265dc1c
System.Net.Http	1524	0x060005f5	System.Net.Http.Headers.KnownHeaders+StringAccessor	get_Length	0x2050	NoInlining	Public, Final, Virtual, HideBySig, VtableLayoutMask, SpecialName	0x1004b31b0	0x9486aaab	0x10265dc5c	0x10265dc5c	mapped	0x10265dc5c
System.Net.Http	1525	0x060005f6	System.Net.Http.Headers.KnownHeaders+StringAccessor	get_Item	0x2050	NoInlining	Public, Final, Virtual, HideBySig, VtableLayoutMask, SpecialName	0x1004b31b4	0x9486aab7	0x10265dc90	0x10265dc90	mapped	0x10265dc90
System.Net.Http	1526	0x060005f7	System.Net.Http.Headers.KnownHeaders+BytePtrAccessor	.ctor	0x2050	NoInlining	Public, HideBySig, SpecialName, RTSpecialName	0x1004b31b8	0x9486aacc	0x10265dce8	0x10265dce8	mapped	0x10265dce8
System.Net.Http	1527	0x060005f8	System.Net.Http.Headers.KnownHeaders+BytePtrAccessor	get_Length	0x2050	NoInlining	Public, Final, Virtual, HideBySig, VtableLayoutMask, SpecialName	0x1004b31bc	0x9486aad5	0x10265dd10	0x10265dd10	mapped	0x10265dd10
System.Net.Http	1528	0x060005f9	System.Net.Http.Headers.KnownHeaders+BytePtrAccessor	get_Item	0x2050	NoInlining	Public, Final, Virtual, HideBySig, VtableLayoutMask, SpecialName	0x1004b31c0	0x9486aadd	0x10265dd34	0x10265dd34	mapped	0x10265dd34
System.Net.Http	1529	0x060005fa	System.Net.Http.Headers.AuthenticationHeaderValue	get_Scheme	0x2050	NoInlining	Public, HideBySig, SpecialName	0x1004b31c4	0x9486aaeb	0x10265dd70	0x10265dd70	mapped	0x10265dd70
System.Net.Http	1530	0x060005fb	System.Net.Http.Headers.AuthenticationHeaderValue	get_Parameter	0x2050	NoInlining	Public, HideBySig, SpecialName	0x1004b31c8	0x9486aaf3	0x10265dd94	0x10265dd94	mapped	0x10265dd94
System.Net.Http	1531	0x060005fc	System.Net.Http.Headers.AuthenticationHeaderValue	.ctor	0x2050	NoInlining	Public, HideBySig, SpecialName, RTSpecialName	0x1004b31cc	0x9486aafb	0x10265ddb8	0x10265ddb8	mapped	0x10265ddb8
System.Net.Http	1532	0x060005fd	System.Net.Http.Headers.AuthenticationHeaderValue	.ctor	0x2050	NoInlining	Public, HideBySig, SpecialName, RTSpecialName	0x1004b31d0	0x9486ab0b	0x10265ddfc	0x10265ddfc	mapped	0x10265ddfc
System.Net.Http	1533	0x060005fe	System.Net.Http.Headers.AuthenticationHeaderValue	.ctor	0x2050	NoInlining	Private, HideBySig, SpecialName, RTSpecialName	0x1004b31d4	0x9486ab4b	0x10265df00	0x10265df00	mapped	0x10265df00
System.Net.Http	1534	0x060005ff	System.Net.Http.Headers.AuthenticationHeaderValue	ToString	0x2050	NoInlining	Public, Final, Virtual, HideBySig	0x1004b31d8	0x9486ab65	0x10265df6c	0x10265df6c	mapped	0x10265df6c
System.Net.Http	1535	0x06000600	System.Net.Http.Headers.AuthenticationHeaderValue	Equals	0x2050	NoInlining	Public, Final, Virtual, HideBySig	0x1004b31dc	0x9486ab8b	0x10265e008	0x10265e008	mapped	0x10265e008
System.Net.Http	1536	0x06000601	System.Net.Http.Headers.AuthenticationHeaderValue	GetHashCode	0x2050	NoInlining	Public, Final, Virtual, HideBySig	0x1004b31e0	0x9486abc9	0x10265e104	0x10265e104	mapped	0x10265e104
System.Net.Http	1537	0x06000602	System.Net.Http.Headers.AuthenticationHeaderValue	GetAuthenticationLength	0x2050	NoInlining	Assembly, Static, HideBySig	0x1004b31e4	0x9486ac00	0x10265e1e4	0x10265e1e4	mapped	0x10265e1e4
System.Net.Http	1538	0x06000603	System.Net.Http.Headers.AuthenticationHeaderValue	TrySkipFirstBlob	0x2050	NoInlining	Private, Static, HideBySig	0x1004b31e8	0x9486aca3	0x10265e474	0x10265e474	mapped	0x10265e474
System.Net.Http	1539	0x06000604	System.Net.Http.Headers.AuthenticationHeaderValue	TryGetParametersEndIndex	0x2050	NoInlining	Private, Static, HideBySig	0x1004b31ec	0x9486acff	0x10265e5e8	0x10265e5e8	mapped	0x10265e5e8
System.Net.Http	1540	0x06000605	System.Net.Http.Headers.AuthenticationHeaderValue	System.ICloneable.Clone	0x2050	NoInlining	Private, Final, Virtual, HideBySig, VtableLayoutMask	0x1004b31f0	0x9486ad65	0x10265e784	0x10265e784	mapped	0x10265e784
System.Net.Http	1541	0x06000606	System.Net.Http.Headers.BaseHeaderParser	.ctor	0x2050	NoInlining	Family, HideBySig, SpecialName, RTSpecialName	0x1004b31f4	0x9486ad83	0x10265e800	0x10265e800	mapped	0x10265e800
System.Net.Http	1542	0x06000607	System.Net.Http.Headers.BaseHeaderParser	GetParsedValueLength	0x0	NoInlining	Family, Virtual, HideBySig, VtableLayoutMask, Abstract	0x1004b31f8	0x97fff9fa	0x1004b19e0		absent	0x1004b19e0
System.Net.Http	1543	0x06000608	System.Net.Http.Headers.BaseHeaderParser	TryParseValue	0x2050	NoInlining	Public, Final, Virtual, HideBySig	0x1004b31fc	0x9486ada5	0x10265e890	0x10265e890	mapped	0x10265e890
System.Net.Http	1544	0x06000609	System.Net.Http.Headers.ByteArrayHeaderParser	.ctor	0x2050	NoInlining	Private, HideBySig, SpecialName, RTSpecialName	0x1004b3200	0x9486ae06	0x10265ea18	0x10265ea18	mapped	0x10265ea18
System.Net.Http	1545	0x0600060a	System.Net.Http.Headers.ByteArrayHeaderParser	ToString	0x2050	NoInlining	Public, Final, Virtual, HideBySig	0x1004b3204	0x9486ae1b	0x10265ea70	0x10265ea70	mapped	0x10265ea70
System.Net.Http	1546	0x0600060b	System.Net.Http.Headers.ByteArrayHeaderParser	TryParseValue	0x2050	NoInlining	Public, Final, Virtual, HideBySig	0x1004b3208	0x9486ae4e	0x10265eb40	0x10265eb40	mapped	0x10265eb40
System.Net.Http	1547	0x0600060c	System.Net.Http.Headers.ByteArrayHeaderParser	.cctor	0x2050	NoInlining	Private, Static, HideBySig, SpecialName, RTSpecialName	0x1004b320c	0x9486aea1	0x10265ec90	0x10265ec90	mapped	0x10265ec90
System.Net.Http	1548	0x0600060d	System.Net.Http.Headers.CacheControlHeaderParser	.ctor	0x2050	NoInlining	Private, HideBySig, SpecialName, RTSpecialName	0x1004b3210	0x9486aebd	0x10265ed04	0x10265ed04	mapped	0x10265ed04
System.Net.Http	1549	0x0600060e	System.Net.Http.Headers.CacheControlHeaderParser	GetParsedValueLength	0x2050	NoInlining	Family, Final, Virtual, HideBySig	0x1004b3214	0x9486aedb	0x10265ed80	0x10265ed80	mapped	0x10265ed80
System.Net.Http	1550	0x0600060f	System.Net.Http.Headers.CacheControlHeaderParser	.cctor	0x2050	NoInlining	Private, Static, HideBySig, SpecialName, RTSpecialName	0x1004b3218	0x9486af5f	0x10265ef94	0x10265ef94	mapped	0x10265ef94
System.Net.Http	1551	0x06000610	System.Net.Http.Headers.CacheControlHeaderValue	SetTimeSpan	0x2050	NoInlining	Private, HideBySig	0x1004b321c	0x9486af85	0x10265f030	0x10265f030	mapped	0x10265f030
System.Net.Http	1552	0x06000611	System.Net.Http.Headers.CacheControlHeaderValue	SetFlag	0x2050	NoInlining	Private, HideBySig	0x1004b3220	0x9486afa4	0x10265f0b0	0x10265f0b0	mapped	0x10265f0b0
System.Net.Http	1553	0x06000612	System.Net.Http.Headers.CacheControlHeaderValue	get_NoCache	0x2050	NoInlining	Public, HideBySig, SpecialName	0x1004b3224	0x9486afc9	0x10265f148	0x10265f148	mapped	0x10265f148
System.Net.Http	1554	0x06000613	System.Net.Http.Headers.CacheControlHeaderValue	set_NoCache	0x2050	NoInlining	Public, HideBySig, SpecialName	0x1004b3228	0x9486afd2	0x10265f170	0x10265f170	mapped	0x10265f170
System.Net.Http	1555	0x06000614	System.Net.Http.Headers.CacheControlHeaderValue	get_NoCacheHeaders	0x2050	NoInlining	Public, HideBySig, SpecialName	0x1004b322c	0x9486afe2	0x10265f1b4	0x10265f1b4	mapped	0x10265f1b4
System.Net.Http	1556	0x06000615	System.Net.Http.Headers.CacheControlHeaderValue	get_NoStore	0x2050	NoInlining	Public, HideBySig, SpecialName	0x1004b3230	0x9486b00b	0x10265f25c	0x10265f25c	mapped	0x10265f25c
System.Net.Http	1557	0x06000616	System.Net.Http.Headers.CacheControlHeaderValue	set_NoStore	0x2050	NoInlining	Public, HideBySig, SpecialName	0x1004b3234	0x9486b014	0x10265f284	0x10265f284	mapped	0x10265f284
System.Net.Http	1558	0x06000617	System.Net.Http.Headers.CacheControlHeaderValue	set_MaxAge	0x2050	NoInlining	Public, HideBySig, SpecialName	0x1004b3238	0x9486b024	0x10265f2c8	0x10265f2c8	mapped	0x10265f2c8
System.Net.Http	1559	0x06000618	System.Net.Http.Headers.CacheControlHeaderValue	get_MaxStale	0x2050	NoInlining	Public, HideBySig, SpecialName	0x1004b323c	0x9486b03f	0x10265f338	0x10265f338	mapped	0x10265f338
System.Net.Http	1560	0x06000619	System.Net.Http.Headers.CacheControlHeaderValue	set_MaxStale	0x2050	NoInlining	Public, HideBySig, SpecialName	0x1004b3240	0x9486b048	0x10265f360	0x10265f360	mapped	0x10265f360
System.Net.Http	1561	0x0600061a	System.Net.Http.Headers.CacheControlHeaderValue	set_MaxStaleLimit	0x2050	NoInlining	Public, HideBySig, SpecialName	0x1004b3244	0x9486b058	0x10265f3a4	0x10265f3a4	mapped	0x10265f3a4
System.Net.Http	1562	0x0600061b	System.Net.Http.Headers.CacheControlHeaderValue	set_MinFresh	0x2050	NoInlining	Public, HideBySig, SpecialName	0x1004b3248	0x9486b073	0x10265f414	0x10265f414	mapped	0x10265f414
System.Net.Http	1563	0x0600061c	System.Net.Http.Headers.CacheControlHeaderValue	get_NoTransform	0x2050	NoInlining	Public, HideBySig, SpecialName	0x1004b324c	0x9486b08e	0x10265f484	0x10265f484	mapped	0x10265f484
System.Net.Http	1564	0x0600061d	System.Net.Http.Headers.CacheControlHeaderValue	get_OnlyIfCached	0x2050	NoInlining	Public, HideBySig, SpecialName	0x1004b3250	0x9486b097	0x10265f4ac	0x10265f4ac	mapped	0x10265f4ac
System.Net.Http	1565	0x0600061e	System.Net.Http.Headers.CacheControlHeaderValue	set_OnlyIfCached	0x2050	NoInlining	Public, HideBySig, SpecialName	0x1004b3254	0x9486b0a0	0x10265f4d4	0x10265f4d4	mapped	0x10265f4d4
System.Net.Http	1566	0x0600061f	System.Net.Http.Headers.CacheControlHeaderValue	get_Public	0x2050	NoInlining	Public, HideBySig, SpecialName	0x1004b3258	0x9486b0b0	0x10265f518	0x10265f518	mapped	0x10265f518
System.Net.Http	1567	0x06000620	System.Net.Http.Headers.CacheControlHeaderValue	get_Private	0x2050	NoInlining	Public, HideBySig, SpecialName	0x1004b325c	0x9486b0b9	0x10265f540	0x10265f540	mapped	0x10265f540
System.Net.Http	1568	0x06000621	System.Net.Http.Headers.CacheControlHeaderValue	get_PrivateHeaders	0x2050	NoInlining	Public, HideBySig, SpecialName	0x1004b3260	0x9486b0c2	0x10265f568	0x10265f568	mapped	0x10265f568
System.Net.Http	1569	0x06000622	System.Net.Http.Headers.CacheControlHeaderValue	get_MustRevalidate	0x2050	NoInlining	Public, HideBySig, SpecialName	0x1004b3264	0x9486b0eb	0x10265f610	0x10265f610	mapped	0x10265f610
System.Net.Http	1570	0x06000623	System.Net.Http.Headers.CacheControlHeaderValue	get_ProxyRevalidate	0x2050	NoInlining	Public, HideBySig, SpecialName	0x1004b3268	0x9486b0f4	0x10265f638	0x10265f638	mapped	0x10265f638
System.Net.Http	1571	0x06000624	System.Net.Http.Headers.CacheControlHeaderValue	get_Extensions	0x2050	NoInlining	Public, HideBySig, SpecialName	0x1004b326c	0x9486b0fd	0x10265f660	0x10265f660	mapped	0x10265f660
System.Net.Http	1572	0x06000625	System.Net.Http.Headers.CacheControlHeaderValue	.ctor	0x2050	NoInlining	Public, HideBySig, SpecialName, RTSpecialName	0x1004b3270	0x9486b126	0x10265f708	0x10265f708	mapped	0x10265f708
System.Net.Http	1573	0x06000626	System.Net.Http.Headers.CacheControlHeaderValue	.ctor	0x2050	NoInlining	Private, HideBySig, SpecialName, RTSpecialName	0x1004b3274	0x9486b133	0x10265f740	0x10265f740	mapped	0x10265f740
System.Net.Http	1574	0x06000627	System.Net.Http.Headers.CacheControlHeaderValue	ToString	0x2050	NoInlining	Public, Final, Virtual, HideBySig	0x1004b3278	0x9486b27f	0x10265fc74	0x10265fc74	mapped	0x10265fc74
System.Net.Http	1575	0x06000628	System.Net.Http.Headers.CacheControlHeaderValue	Equals	0x2050	NoInlining	Public, Final, Virtual, HideBySig	0x1004b327c	0x9486b3b2	0x102660144	0x102660144	mapped	0x102660144
System.Net.Http	1576	0x06000629	System.Net.Http.Headers.CacheControlHeaderValue	GetHashCode	0x2050	NoInlining	Public, Final, Virtual, HideBySig	0x1004b3280	0x9486b41a	0x1026602e8	0x1026602e8	mapped	0x1026602e8
System.Net.Http	1577	0x0600062a	System.Net.Http.Headers.CacheControlHeaderValue	GetCacheControlLength	0x2050	NoInlining	Assembly, Static, HideBySig	0x1004b3284	0x9486b475	0x102660458	0x102660458	mapped	0x102660458
System.Net.Http	1578	0x0600062b	System.Net.Http.Headers.CacheControlHeaderValue	TrySetCacheControlValues	0x2050	NoInlining	Private, Static, HideBySig	0x1004b3288	0x9486b513	0x1026606d4	0x1026606d4	mapped	0x1026606d4
System.Net.Http	1579	0x0600062c	System.Net.Http.Headers.CacheControlHeaderValue	TrySetOptionalTokenList	0x2050	NoInlining	Private, Static, HideBySig	0x1004b328c	0x9486b62d	0x102660b40	0x102660b40	mapped	0x102660b40
System.Net.Http	1580	0x0600062d	System.Net.Http.Headers.CacheControlHeaderValue	TrySetTimeSpan	0x2050	NoInlining	Private, Static, HideBySig	0x1004b3290	0x9486b6b0	0x102660d50	0x102660d50	mapped	0x102660d50
System.Net.Http	1581	0x0600062e	System.Net.Http.Headers.CacheControlHeaderValue	AppendValueIfRequired	0x2050	NoInlining	Private, Static, HideBySig	0x1004b3294	0x9486b6df	0x102660e10	0x102660e10	mapped	0x102660e10
System.Net.Http	1582	0x0600062f	System.Net.Http.Headers.CacheControlHeaderValue	AppendValueWithSeparatorIfRequired	0x2050	NoInlining	Private, Static, HideBySig	0x1004b3298	0x9486b700	0x102660e98	0x102660e98	mapped	0x102660e98
System.Net.Http	1583	0x06000630	System.Net.Http.Headers.CacheControlHeaderValue	AppendValues	0x2050	NoInlining	Private, Static, HideBySig	0x1004b329c	0x9486b728	0x102660f3c	0x102660f3c	mapped	0x102660f3c
System.Net.Http	1584	0x06000631	System.Net.Http.Headers.CacheControlHeaderValue	System.ICloneable.Clone	0x2050	NoInlining	Private, Final, Virtual, HideBySig, VtableLayoutMask	0x1004b32a0	0x9486b78e	0x1026610d8	0x1026610d8	mapped	0x1026610d8
System.Net.Http	1585	0x06000632	System.Net.Http.Headers.CacheControlHeaderValue	.cctor	0x2050	NoInlining	Private, Static, HideBySig, SpecialName, RTSpecialName	0x1004b32a4	0x9486b7ac	0x102661154	0x102661154	mapped	0x102661154
System.Net.Http	1586	0x06000633	System.Net.Http.Headers.CacheControlHeaderValue+TokenObjectCollection	Validate	0x2050	NoInlining	Public, Final, Virtual, HideBySig	0x1004b32a8	0x9486b7c0	0x1026611a8	0x1026611a8	mapped	0x1026611a8
System.Net.Http	1587	0x06000634	System.Net.Http.Headers.CacheControlHeaderValue+TokenObjectCollection	GetHashCode	0x2050	NoInlining	Public, HideBySig	0x1004b32ac	0x9486b7da	0x102661214	0x102661214	mapped	0x102661214
System.Net.Http	1588	0x06000635	System.Net.Http.Headers.CacheControlHeaderValue+TokenObjectCollection	.ctor	0x2050	NoInlining	Public, HideBySig, SpecialName, RTSpecialName	0x1004b32b0	0x9486b836	0x102661388	0x102661388	mapped	0x102661388
System.Net.Http	1589	0x06000636	System.Net.Http.Headers.ContentDispositionHeaderValue	get_Parameters	0x2050	NoInlining	Public, HideBySig, SpecialName	0x1004b32b4	0x9486b836	0x10266138c	0x10266138c	mapped	0x10266138c
System.Net.Http	1590	0x06000637	System.Net.Http.Headers.ContentDispositionHeaderValue	.ctor	0x2050	NoInlining	Assembly, HideBySig, SpecialName, RTSpecialName	0x1004b32b8	0x9486b85f	0x102661434	0x102661434	mapped	0x102661434
System.Net.Http	1591	0x06000638	System.Net.Http.Headers.ContentDispositionHeaderValue	.ctor	0x2050	NoInlining	Family, HideBySig, SpecialName, RTSpecialName	0x1004b32bc	0x9486b85f	0x102661438	0x102661438	mapped	0x102661438
System.Net.Http	1592	0x06000639	System.Net.Http.Headers.ContentDispositionHeaderValue	ToString	0x2050	NoInlining	Public, Final, Virtual, HideBySig	0x1004b32c0	0x9486b886	0x1026614d8	0x1026614d8	mapped	0x1026614d8
System.Net.Http	1593	0x0600063a	System.Net.Http.Headers.ContentDispositionHeaderValue	Equals	0x2050	NoInlining	Public, Final, Virtual, HideBySig	0x1004b32c4	0x9486b8a8	0x102661564	0x102661564	mapped	0x102661564
System.Net.Http	1594	0x0600063b	System.Net.Http.Headers.ContentDispositionHeaderValue	GetHashCode	0x2050	NoInlining	Public, Final, Virtual, HideBySig	0x1004b32c8	0x9486b8d8	0x102661628	0x102661628	mapped	0x102661628
System.Net.Http	1595	0x0600063c	System.Net.Http.Headers.ContentDispositionHeaderValue	System.ICloneable.Clone	0x2050	NoInlining	Private, Final, Virtual, HideBySig, VtableLayoutMask	0x1004b32cc	0x9486b908	0x1026616ec	0x1026616ec	mapped	0x1026616ec
System.Net.Http	1596	0x0600063d	System.Net.Http.Headers.ContentDispositionHeaderValue	GetDispositionTypeLength	0x2050	NoInlining	Assembly, Static, HideBySig	0x1004b32d0	0x9486b926	0x102661768	0x102661768	mapped	0x102661768
System.Net.Http	1597	0x0600063e	System.Net.Http.Headers.ContentDispositionHeaderValue	GetDispositionTypeExpressionLength	0x2050	NoInlining	Private, Static, HideBySig	0x1004b32d4	0x9486b9ae	0x10266198c	0x10266198c	mapped	0x10266198c
System.Net.Http	1598	0x0600063f	System.Net.Http.Headers.ContentRangeHeaderValue	get_HasLength	0x2050	NoInlining	Public, HideBySig, SpecialName	0x1004b32d8	0x9486b9da	0x102661a40	0x102661a40	mapped	0x102661a40
System.Net.Http	1599	0x06000640	System.Net.Http.Headers.ContentRangeHeaderValue	get_HasRange	0x2050	NoInlining	Public, HideBySig, SpecialName	0x1004b32dc	0x9486b9e4	0x102661a6c	0x102661a6c	mapped	0x102661a6c
System.Net.Http	1600	0x06000641	System.Net.Http.Headers.ContentRangeHeaderValue	.ctor	0x2050	NoInlining	Private, HideBySig, SpecialName, RTSpecialName	0x1004b32e0	0x9486b9ee	0x102661a98	0x102661a98	mapped	0x102661a98
System.Net.Http	1601	0x06000642	System.Net.Http.Headers.ContentRangeHeaderValue	.ctor	0x2050	NoInlining	Private, HideBySig, SpecialName, RTSpecialName	0x1004b32e4	0x9486b9f9	0x102661ac8	0x102661ac8	mapped	0x102661ac8
System.Net.Http	1602	0x06000643	System.Net.Http.Headers.ContentRangeHeaderValue	Equals	0x2050	NoInlining	Public, Final, Virtual, HideBySig	0x1004b32e8	0x9486ba13	0x102661b34	0x102661b34	mapped	0x102661b34
System.Net.Http	1603	0x06000644	System.Net.Http.Headers.ContentRangeHeaderValue	GetHashCode	0x2050	NoInlining	Public, Final, Virtual, HideBySig	0x1004b32ec	0x9486ba47	0x102661c08	0x102661c08	mapped	0x102661c08
System.Net.Http	1604	0x06000645	System.Net.Http.Headers.ContentRangeHeaderValue	ToString	0x2050	NoInlining	Public, Final, Virtual, HideBySig	0x1004b32f0	0x9486ba78	0x102661cd0	0x102661cd0	mapped	0x102661cd0
System.Net.Http	1605	0x06000646	System.Net.Http.Headers.ContentRangeHeaderValue	GetContentRangeLength	0x2050	NoInlining	Assembly, Static, HideBySig	0x1004b32f4	0x9486bb2c	0x102661fa4	0x102661fa4	mapped	0x102661fa4
System.Net.Http	1606	0x06000647	System.Net.Http.Headers.ContentRangeHeaderValue	TryGetLengthLength	0x2050	NoInlining	Private, Static, HideBySig	0x1004b32f8	0x9486bb9a	0x102662160	0x102662160	mapped	0x102662160
System.Net.Http	1607	0x06000648	System.Net.Http.Headers.ContentRangeHeaderValue	TryGetRangeLength	0x2050	NoInlining	Private, Static, HideBySig	0x1004b32fc	0x9486bbd9	0x102662260	0x102662260	mapped	0x102662260
System.Net.Http	1608	0x06000649	System.Net.Http.Headers.ContentRangeHeaderValue	TryCreateContentRange	0x2050	NoInlining	Private, Static, HideBySig	0x1004b3300	0x9486bc4f	0x10266243c	0x10266243c	mapped	0x10266243c
System.Net.Http	1609	0x0600064a	System.Net.Http.Headers.ContentRangeHeaderValue	System.ICloneable.Clone	0x2050	NoInlining	Private, Final, Virtual, HideBySig, VtableLayoutMask	0x1004b3304	0x9486bcc6	0x10266261c	0x10266261c	mapped	0x10266261c
System.Net.Http	1610	0x0600064b	System.Net.Http.Headers.CookieHeaderParser	.ctor	0x2050	NoInlining	Private, HideBySig, SpecialName, RTSpecialName	0x1004b3308	0x9486bce4	0x102662698	0x102662698	mapped	0x102662698
System.Net.Http	1611	0x0600064c	System.Net.Http.Headers.CookieHeaderParser	TryParseValue	0x2050	NoInlining	Public, Final, Virtual, HideBySig	0x1004b330c	0x9486bd02	0x102662714	0x102662714	mapped	0x102662714
System.Net.Http	1612	0x0600064d	System.Net.Http.Headers.CookieHeaderParser	.cctor	0x2050	NoInlining	Private, Static, HideBySig, SpecialName, RTSpecialName	0x1004b3310	0x9486bd25	0x1026627a4	0x1026627a4	mapped	0x1026627a4
System.Net.Http	1613	0x0600064e	System.Net.Http.Headers.DateHeaderParser	.ctor	0x2050	NoInlining	Private, HideBySig, SpecialName, RTSpecialName	0x1004b3314	0x9486bd4b	0x102662840	0x102662840	mapped	0x102662840
System.Net.Http	1614	0x0600064f	System.Net.Http.Headers.DateHeaderParser	ToString	0x2050	NoInlining	Public, Final, Virtual, HideBySig	0x1004b3318	0x9486bd60	0x102662898	0x102662898	mapped	0x102662898
System.Net.Http	1615	0x06000650	System.Net.Http.Headers.DateHeaderParser	TryParseValue	0x2050	NoInlining	Public, Final, Virtual, HideBySig	0x1004b331c	0x9486bd95	0x102662970	0x102662970	mapped	0x102662970
System.Net.Http	1616	0x06000651	System.Net.Http.Headers.DateHeaderParser	.cctor	0x2050	NoInlining	Private, Static, HideBySig, SpecialName, RTSpecialName	0x1004b3320	0x9486bde5	0x102662ab4	0x102662ab4	mapped	0x102662ab4
System.Net.Http	1617	0x06000652	System.Net.Http.Headers.EntityTagHeaderValue	get_Any	0x2050	NoInlining	Public, Static, HideBySig, SpecialName	0x1004b3324	0x9486be01	0x102662b28	0x102662b28	mapped	0x102662b28
System.Net.Http	1618	0x06000653	System.Net.Http.Headers.EntityTagHeaderValue	.ctor	0x2050	NoInlining	Private, HideBySig, SpecialName, RTSpecialName	0x1004b3328	0x9486be11	0x102662b6c	0x102662b6c	mapped	0x102662b6c
System.Net.Http	1619	0x06000654	System.Net.Http.Headers.EntityTagHeaderValue	.ctor	0x2050	NoInlining	Public, HideBySig, SpecialName, RTSpecialName	0x1004b332c	0x9486be2e	0x102662be4	0x102662be4	mapped	0x102662be4
System.Net.Http	1620	0x06000655	System.Net.Http.Headers.EntityTagHeaderValue	.ctor	0x2050	NoInlining	Public, HideBySig, SpecialName, RTSpecialName	0x1004b3330	0x9486be49	0x102662c54	0x102662c54	mapped	0x102662c54
System.Net.Http	1621	0x06000656	System.Net.Http.Headers.EntityTagHeaderValue	.ctor	0x2050	NoInlining	Private, HideBySig, SpecialName, RTSpecialName	0x1004b3334	0x9486be8f	0x102662d70	0x102662d70	mapped	0x102662d70
System.Net.Http	1622	0x06000657	System.Net.Http.Headers.EntityTagHeaderValue	ToString	0x2050	NoInlining	Public, Final, Virtual, HideBySig	0x1004b3338	0x9486beb4	0x102662e08	0x102662e08	mapped	0x102662e08
System.Net.Http	1623	0x06000658	System.Net.Http.Headers.EntityTagHeaderValue	Equals	0x2050	NoInlining	Public, Final, Virtual, HideBySig	0x1004b333c	0x9486bed8	0x102662e9c	0x102662e9c	mapped	0x102662e9c
System.Net.Http	1624	0x06000659	System.Net.Http.Headers.EntityTagHeaderValue	GetHashCode	0x2050	NoInlining	Public, Final, Virtual, HideBySig	0x1004b3340	0x9486bf04	0x102662f50	0x102662f50	mapped	0x102662f50
System.Net.Http	1625	0x0600065a	System.Net.Http.Headers.EntityTagHeaderValue	GetEntityTagLength	0x2050	NoInlining	Assembly, Static, HideBySig	0x1004b3344	0x9486bf25	0x102662fd8	0x102662fd8	mapped	0x102662fd8
System.Net.Http	1626	0x0600065b	System.Net.Http.Headers.EntityTagHeaderValue	System.ICloneable.Clone	0x2050	NoInlining	Private, Final, Virtual, HideBySig, VtableLayoutMask	0x1004b3348	0x9486bfb9	0x10266322c	0x10266322c	mapped	0x10266322c
System.Net.Http	1627	0x0600065c	System.Net.Http.Headers.EntityTagHeaderValue	.cctor	0x2050	NoInlining	Private, Static, HideBySig, SpecialName, RTSpecialName	0x1004b334c	0x9486bfe7	0x1026632e8	0x1026632e8	mapped	0x1026632e8
System.Net.Http	1628	0x0600065d	System.Net.Http.Headers.GenericHeaderParser	get_Comparer	0x2050	NoInlining	Public, Final, Virtual, HideBySig, SpecialName	0x1004b3350	0x9486c00c	0x102663380	0x102663380	mapped	0x102663380
System.Net.Http	1629	0x0600065e	System.Net.Http.Headers.GenericHeaderParser	.ctor	0x2050	NoInlining	Private, HideBySig, SpecialName, RTSpecialName	0x1004b3354	0x9486c014	0x1026633a4	0x1026633a4	mapped	0x1026633a4
System.Net.Http	1630	0x0600065f	System.Net.Http.Headers.GenericHeaderParser	.ctor	0x2050	NoInlining	Private, HideBySig, SpecialName, RTSpecialName	0x1004b3358	0x9486c046	0x102663470	0x102663470	mapped	0x102663470
System.Net.Http	1631	0x06000660	System.Net.Http.Headers.GenericHeaderParser	GetParsedValueLength	0x2050	NoInlining	Family, Final, Virtual, HideBySig	0x1004b335c	0x9486c07b	0x102663548	0x102663548	mapped	0x102663548
System.Net.Http	1632	0x06000661	System.Net.Http.Headers.GenericHeaderParser	ParseNameValue	0x2050	NoInlining	Private, Static, HideBySig	0x1004b3360	0x9486c09a	0x1026635c8	0x1026635c8	mapped	0x1026635c8
System.Net.Http	1633	0x06000662	System.Net.Http.Headers.GenericHeaderParser	ParseProduct	0x2050	NoInlining	Private, Static, HideBySig	0x1004b3364	0x9486c0c9	0x102663688	0x102663688	mapped	0x102663688
System.Net.Http	1634	0x06000663	System.Net.Http.Headers.GenericHeaderParser	ParseSingleEntityTag	0x2050	NoInlining	Private, Static, HideBySig	0x1004b3368	0x9486c0f8	0x102663748	0x102663748	mapped	0x102663748
System.Net.Http	1635	0x06000664	System.Net.Http.Headers.GenericHeaderParser	ParseMultipleEntityTags	0x2050	NoInlining	Private, Static, HideBySig	0x1004b336c	0x9486c138	0x10266384c	0x10266384c	mapped	0x10266384c
System.Net.Http	1636	0x06000665	System.Net.Http.Headers.GenericHeaderParser	ParseWithoutValidation	0x2050	NoInlining	Private, Static, HideBySig	0x1004b3370	0x9486c167	0x10266390c	0x10266390c	mapped	0x10266390c
System.Net.Http	1637	0x06000666	System.Net.Http.Headers.GenericHeaderParser	ParseHost	0x2050	NoInlining	Private, Static, HideBySig	0x1004b3374	0x9486c1a6	0x102663a0c	0x102663a0c	mapped	0x102663a0c
System.Net.Http	1638	0x06000667	System.Net.Http.Headers.GenericHeaderParser	ParseTokenList	0x2050	NoInlining	Private, Static, HideBySig	0x1004b3378	0x9486c1dc	0x102663ae8	0x102663ae8	mapped	0x102663ae8
System.Net.Http	1639	0x06000668	System.Net.Http.Headers.GenericHeaderParser	.cctor	0x2050	NoInlining	Private, Static, HideBySig, SpecialName, RTSpecialName	0x1004b337c	0x9486c211	0x102663bc0	0x102663bc0	mapped	0x102663bc0
System.Net.Http	1640	0x06000669	System.Net.Http.Headers.GenericHeaderParser+GetParsedValueLengthDelegate	.ctor	0x0	11	Public, HideBySig, SpecialName, RTSpecialName	0x1004b3380	0x97fff998	0x1004b19e0		absent	0x1004b19e0
System.Net.Http	1641	0x0600066a	System.Net.Http.Headers.GenericHeaderParser+GetParsedValueLengthDelegate	Invoke	0x0	11	Public, Virtual, HideBySig, VtableLayoutMask	0x1004b3384	0x97fff997	0x1004b19e0		absent	0x1004b19e0
System.Net.Http	1642	0x0600066b	System.Net.Http.Headers.HeaderDescriptor	.ctor	0x2050	NoInlining	Public, HideBySig, SpecialName, RTSpecialName	0x1004b3388	0x9486c566	0x102664920	0x102664920	mapped	0x102664920
System.Net.Http	1643	0x0600066c	System.Net.Http.Headers.HeaderDescriptor	.ctor	0x2050	NoInlining	Assembly, HideBySig, SpecialName, RTSpecialName	0x1004b338c	0x9486c575	0x102664960	0x102664960	mapped	0x102664960
System.Net.Http	1644	0x0600066d	System.Net.Http.Headers.HeaderDescriptor	get_Name	0x2050	NoInlining	Public, HideBySig, SpecialName	0x1004b3390	0x9486c584	0x1026649a0	0x1026649a0	mapped	0x1026649a0
System.Net.Http	1645	0x0600066e	System.Net.Http.Headers.HeaderDescriptor	get_Parser	0x2050	NoInlining	Public, HideBySig, SpecialName	0x1004b3394	0x9486c5a7	0x102664a30	0x102664a30	mapped	0x102664a30
System.Net.Http	1646	0x0600066f	System.Net.Http.Headers.HeaderDescriptor	get_HeaderType	0x2050	NoInlining	Public, HideBySig, SpecialName	0x1004b3398	0x9486c5c5	0x102664aac	0x102664aac	mapped	0x102664aac
System.Net.Http	1647	0x06000670	System.Net.Http.Headers.HeaderDescriptor	get_KnownHeader	0x2050	NoInlining	Public, HideBySig, SpecialName	0x1004b339c	0x9486c5e3	0x102664b28	0x102664b28	mapped	0x102664b28
System.Net.Http	1648	0x06000671	System.Net.Http.Headers.HeaderDescriptor	Equals	0x2050	NoInlining	Public, HideBySig	0x1004b33a0	0x9486c600	0x102664ba0	0x102664ba0	mapped	0x102664ba0
System.Net.Http	1649	0x06000672	System.Net.Http.Headers.HeaderDescriptor	Equals	0x2050	NoInlining	Public, Final, Virtual, HideBySig, VtableLayoutMask	0x1004b33a4	0x9486c60a	0x102664bcc	0x102664bcc	mapped	0x102664bcc
System.Net.Http	1650	0x06000673	System.Net.Http.Headers.HeaderDescriptor	GetHashCode	0x2050	NoInlining	Public, Final, Virtual, HideBySig	0x1004b33a8	0x9486c639	0x102664c8c	0x102664c8c	mapped	0x102664c8c
System.Net.Http	1651	0x06000674	System.Net.Http.Headers.HeaderDescriptor	Equals	0x2050	NoInlining	Public, Final, Virtual, HideBySig	0x1004b33ac	0x9486c66e	0x102664d64	0x102664d64	mapped	0x102664d64
System.Net.Http	1652	0x06000675	System.Net.Http.Headers.HeaderDescriptor	TryGet	0x2050	NoInlining	Public, Static, HideBySig	0x1004b33b0	0x9486c678	0x102664d90	0x102664d90	mapped	0x102664d90
System.Net.Http	1653	0x06000676	System.Net.Http.Headers.HeaderDescriptor	TryGet	0x2050	NoInlining	Public, Static, HideBySig	0x1004b33b4	0x9486c6da	0x102664f1c	0x102664f1c	mapped	0x102664f1c
System.Net.Http	1654	0x06000677	System.Net.Http.Headers.HeaderDescriptor	AsCustomHeader	0x2050	NoInlining	Public, HideBySig	0x1004b33b8	0x9486c73a	0x1026650a0	0x1026650a0	mapped	0x1026650a0
System.Net.Http	1655	0x06000678	System.Net.Http.Headers.HeaderDescriptor	GetHeaderValue	0x2050	NoInlining	Public, HideBySig	0x1004b33bc	0x9486c753	0x102665108	0x102665108	mapped	0x102665108
System.Net.Http	1656	0x06000679	System.Net.Http.Headers.HeaderDescriptor	GetKnownContentType	0x2050	NoInlining	Assembly, Static, HideBySig	0x1004b33c0	0x9486c7ca	0x1026652e8	0x1026652e8	mapped	0x1026652e8
System.Net.Http	1657	0x0600067a	System.Net.Http.Headers.HeaderDescriptor	TryDecodeUtf8	0x2050	NoInlining	Private, Static, HideBySig	0x1004b33c4	0x9486c889	0x1026655e8	0x1026655e8	mapped	0x1026655e8
System.Net.Http	1658	0x0600067b	System.Net.Http.Headers.HeaderStringValues	.ctor	0x2050	NoInlining	Assembly, HideBySig, SpecialName, RTSpecialName	0x1004b33c8	0x9486c913	0x102665814	0x102665814	mapped	0x102665814
System.Net.Http	1659	0x0600067c	System.Net.Http.Headers.HeaderStringValues	.ctor	0x2050	NoInlining	Assembly, HideBySig, SpecialName, RTSpecialName	0x1004b33cc	0x9486c926	0x102665864	0x102665864	mapped	0x102665864
System.Net.Http	1660	0x0600067d	System.Net.Http.Headers.HeaderStringValues	get_Count	0x2050	NoInlining	Public, Final, Virtual, HideBySig, VtableLayoutMask, SpecialName	0x1004b33d0	0x9486c939	0x1026658b4	0x1026658b4	mapped	0x1026658b4
System.Net.Http	1661	0x0600067e	System.Net.Http.Headers.HeaderStringValues	ToString	0x2050	NoInlining	Public, Final, Virtual, HideBySig	0x1004b33d4	0x9486c966	0x10266596c	0x10266596c	mapped	0x10266596c
System.Net.Http	1662	0x0600067f	System.Net.Http.Headers.HeaderStringValues	GetEnumerator	0x2050	NoInlining	Public, HideBySig	0x1004b33d8	0x9486c9ac	0x102665a88	0x102665a88	mapped	0x102665a88
System.Net.Http	1663	0x06000680	System.Net.Http.Headers.HeaderStringValues	System.Collections.Generic.IEnumerable<System.String>.GetEnumerator	0x2050	NoInlining	Private, Final, Virtual, HideBySig, VtableLayoutMask	0x1004b33dc	0x9486c9d3	0x102665b28	0x102665b28	mapped	0x102665b28
System.Net.Http	1664	0x06000681	System.Net.Http.Headers.HeaderStringValues	System.Collections.IEnumerable.GetEnumerator	0x2050	NoInlining	Private, Final, Virtual, HideBySig, VtableLayoutMask	0x1004b33e0	0x9486ca02	0x102665be8	0x102665be8	mapped	0x102665be8
System.Net.Http	1665	0x06000682	System.Net.Http.Headers.HeaderStringValues+Enumerator	.ctor	0x2050	NoInlining	Assembly, HideBySig, SpecialName, RTSpecialName	0x1004b33e4	0x9486ca31	0x102665ca8	0x102665ca8	mapped	0x102665ca8
System.Net.Http	1666	0x06000683	System.Net.Http.Headers.HeaderStringValues+Enumerator	MoveNext	0x2050	NoInlining	Public, Final, Virtual, HideBySig, VtableLayoutMask	0x1004b33e8	0x9486ca74	0x102665db8	0x102665db8	mapped	0x102665db8
System.Net.Http	1667	0x06000684	System.Net.Http.Headers.HeaderStringValues+Enumerator	get_Current	0x2050	NoInlining	Public, Final, Virtual, HideBySig, VtableLayoutMask, SpecialName	0x1004b33ec	0x9486ca99	0x102665e50	0x102665e50	mapped	0x102665e50
System.Net.Http	1668	0x06000685	System.Net.Http.Headers.HeaderStringValues+Enumerator	System.Collections.IEnumerator.get_Current	0x2050	NoInlining	Private, Final, Virtual, HideBySig, VtableLayoutMask, SpecialName	0x1004b33f0	0x9486caa1	0x102665e74	0x102665e74	mapped	0x102665e74
System.Net.Http	1669	0x06000686	System.Net.Http.Headers.HeaderStringValues+Enumerator	Dispose	0x2050	NoInlining	Public, Final, Virtual, HideBySig, VtableLayoutMask	0x1004b33f4	0x9486caa9	0x102665e98	0x102665e98	mapped	0x102665e98
System.Net.Http	1670	0x06000687	System.Net.Http.Headers.HeaderStringValues+Enumerator	System.Collections.IEnumerator.Reset	0x2050	NoInlining	Private, Final, Virtual, HideBySig, VtableLayoutMask	0x1004b33f8	0x9486caa9	0x102665e9c	0x102665e9c	mapped	0x102665e9c
System.Net.Http	1671	0x06000688	System.Net.Http.Headers.HeaderUtilities	Encode5987	0x2050	NoInlining	Assembly, Static, HideBySig	0x1004b33fc	0x9486cab3	0x102665ec8	0x102665ec8	mapped	0x102665ec8
System.Net.Http	1672	0x06000689	System.Net.Http.Headers.HeaderUtilities	AddHexEscaped	0x2050	NoInlining	Private, Static, HideBySig	0x1004b3400	0x9486cbbc	0x1026662f0	0x1026662f0	mapped	0x1026662f0
System.Net.Http	1673	0x0600068a	System.Net.Http.Headers.HeaderUtilities	CheckValidToken	0x2050	NoInlining	Assembly, Static, HideBySig	0x1004b3404	0x9486cc17	0x102666460	0x102666460	mapped	0x102666460
System.Net.Http	1674	0x0600068b	System.Net.Http.Headers.HeaderUtilities	CheckValidComment	0x2050	NoInlining	Assembly, Static, HideBySig	0x1004b3408	0x9486cc50	0x102666548	0x102666548	mapped	0x102666548
System.Net.Http	1675	0x0600068c	System.Net.Http.Headers.HeaderUtilities	CheckValidQuotedString	0x2050	NoInlining	Assembly, Static, HideBySig	0x1004b340c	0x9486cc90	0x10266664c	0x10266664c	mapped	0x10266664c
System.Net.Http	1676	0x0600068d	System.Net.Http.Headers.HeaderUtilities	AreEqualCollections	0x2050	NoInlining	Assembly, Static, HideBySig	0x1004b3410	0x9486ccd0	0x102666750	0x102666750	mapped	0x102666750
System.Net.Http	1677	0x0600068e	System.Net.Http.Headers.HeaderUtilities	AreEqualCollections	0x2050	NoInlining	Assembly, Static, HideBySig	0x1004b3414	0x97ffcd07	0x1004a6830	0x1004a6830	mapped	0x1004a6830
System.Net.Http	1678	0x0600068f	System.Net.Http.Headers.HeaderUtilities	GetNextNonEmptyOrWhitespaceIndex	0x2050	NoInlining	Assembly, Static, HideBySig	0x1004b3418	0x9486ccfa	0x102666800	0x102666800	mapped	0x102666800
System.Net.Http	1679	0x06000690	System.Net.Http.Headers.HeaderUtilities	GetTimeSpanValue	0x2050	NoInlining	Assembly, Static, HideBySig	0x1004b341c	0x9486cd56	0x102666974	0x102666974	mapped	0x102666974
System.Net.Http	1680	0x06000691	System.Net.Http.Headers.HeaderUtilities	TryParseInt32	0x2050	NoInlining	Assembly, Static, HideBySig	0x1004b3420	0x9486cd95	0x102666a74	0x102666a74	mapped	0x102666a74
System.Net.Http	1681	0x06000692	System.Net.Http.Headers.HeaderUtilities	TryParseInt32	0x2050	NoInlining	Assembly, Static, HideBySig	0x1004b3424	0x9486cdb9	0x102666b08	0x102666b08	mapped	0x102666b08
System.Net.Http	1682	0x06000693	System.Net.Http.Headers.HeaderUtilities	TryParseInt64	0x2050	NoInlining	Assembly, Static, HideBySig	0x1004b3428	0x9486cdff	0x102666c24	0x102666c24	mapped	0x102666c24
System.Net.Http	1683	0x06000694	System.Net.Http.Headers.HeaderUtilities	DumpHeaders	0x2050	NoInlining	Assembly, Static, HideBySig	0x1004b342c	0x97ffcdd9	0x1004a6b90	0x1004a6b90	mapped	0x1004a6b90
System.Net.Http	1684	0x06000695	System.Net.Http.Headers.HeaderUtilities	Clone	0x2050	NoInlining	Assembly, Static, HideBySig	0x1004b3430	0x9486ce44	0x102666d40	0x102666d40	mapped	0x102666d40
System.Net.Http	1685	0x06000696	System.Net.Http.Headers.HeaderUtilities	.cctor	0x2050	NoInlining	Private, Static, HideBySig, SpecialName, RTSpecialName	0x1004b3434	0x9486ceb0	0x102666ef4	0x102666ef4	mapped	0x102666ef4
System.Net.Http	1686	0x06000697	System.Net.Http.Headers.HttpContentHeaders	get_ContentEncoding	0x2050	NoInlining	Public, HideBySig, SpecialName	0x1004b3438	0x9486cee5	0x102666fcc	0x102666fcc	mapped	0x102666fcc
System.Net.Http	1687	0x06000698	System.Net.Http.Headers.HttpContentHeaders	get_ContentLength	0x2050	NoInlining	Public, HideBySig, SpecialName	0x1004b343c	0x9486cf28	0x1026670dc	0x1026670dc	mapped	0x1026670dc
System.Net.Http	1688	0x06000699	System.Net.Http.Headers.HttpContentHeaders	set_ContentLength	0x2050	NoInlining	Public, HideBySig, SpecialName	0x1004b3440	0x9486cfc9	0x102667364	0x102667364	mapped	0x102667364
System.Net.Http	1689	0x0600069a	System.Net.Http.Headers.HttpContentHeaders	get_ContentType	0x2050	NoInlining	Public, HideBySig, SpecialName	0x1004b3444	0x9486d00c	0x102667474	0x102667474	mapped	0x102667474
System.Net.Http	1690	0x0600069b	System.Net.Http.Headers.HttpContentHeaders	.ctor	0x2050	NoInlining	Assembly, HideBySig, SpecialName, RTSpecialName	0x1004b3448	0x9486d047	0x102667564	0x102667564	mapped	0x102667564
System.Net.Http	1691	0x0600069c	System.Net.Http.Headers.HttpGeneralHeaders	set_CacheControl	0x2050	NoInlining	Public, HideBySig, SpecialName	0x1004b344c	0x9486d064	0x1026675dc	0x1026675dc	mapped	0x1026675dc
System.Net.Http	1692	0x0600069d	System.Net.Http.Headers.HttpGeneralHeaders	get_ConnectionClose	0x2050	NoInlining	Public, HideBySig, SpecialName	0x1004b3450	0x9486d09e	0x1026676c8	0x1026676c8	mapped	0x1026676c8
System.Net.Http	1693	0x0600069e	System.Net.Http.Headers.HttpGeneralHeaders	set_ConnectionClose	0x2050	NoInlining	Public, HideBySig, SpecialName	0x1004b3454	0x9486d0b2	0x10266771c	0x10266771c	mapped	0x10266771c
System.Net.Http	1694	0x0600069f	System.Net.Http.Headers.HttpGeneralHeaders	GetConnectionClose	0x2050	NoInlining	Assembly, Static, HideBySig	0x1004b3458	0x9486d132	0x102667920	0x102667920	mapped	0x102667920
System.Net.Http	1695	0x060006a0	System.Net.Http.Headers.HttpGeneralHeaders	get_Pragma	0x2050	NoInlining	Public, HideBySig, SpecialName	0x1004b345c	0x9486d176	0x102667a34	0x102667a34	mapped	0x102667a34
System.Net.Http	1696	0x060006a1	System.Net.Http.Headers.HttpGeneralHeaders	GetTransferEncodingChunked	0x2050	NoInlining	Assembly, Static, HideBySig	0x1004b3460	0x9486d1bc	0x102667b50	0x102667b50	mapped	0x102667b50
System.Net.Http	1697	0x060006a2	System.Net.Http.Headers.HttpGeneralHeaders	get_TransferEncodingChunked	0x2050	NoInlining	Public, HideBySig, SpecialName	0x1004b3464	0x9486d22c	0x102667d14	0x102667d14	mapped	0x102667d14
System.Net.Http	1698	0x060006a3	System.Net.Http.Headers.HttpGeneralHeaders	set_TransferEncodingChunked	0x2050	NoInlining	Public, HideBySig, SpecialName	0x1004b3468	0x9486d240	0x102667d68	0x102667d68	mapped	0x102667d68
System.Net.Http	1699	0x060006a4	System.Net.Http.Headers.HttpGeneralHeaders	get_Connection	0x2050	NoInlining	Public, HideBySig, SpecialName	0x1004b346c	0x9486d2c3	0x102667f78	0x102667f78	mapped	0x102667f78
System.Net.Http	1700	0x060006a5	System.Net.Http.Headers.HttpGeneralHeaders	.ctor	0x2050	NoInlining	Assembly, HideBySig, SpecialName, RTSpecialName	0x1004b3470	0x9486d309	0x102668094	0x102668094	mapped	0x102668094
System.Net.Http	1701	0x060006a6	System.Net.Http.Headers.HttpGeneralHeaders	AddSpecialsFrom	0x2050	NoInlining	Assembly, HideBySig	0x1004b3474	0x9486d318	0x1026680d4	0x1026680d4	mapped	0x1026680d4
System.Net.Http	1702	0x060006a7	System.Net.Http.Headers.HttpHeaderParser	get_SupportsMultipleValues	0x2050	NoInlining	Public, HideBySig, SpecialName	0x1004b3478	0x9486d340	0x102668178	0x102668178	mapped	0x102668178
System.Net.Http	1703	0x060006a8	System.Net.Http.Headers.HttpHeaderParser	get_Separator	0x2050	NoInlining	Public, HideBySig, SpecialName	0x1004b347c	0x9486d348	0x10266819c	0x10266819c	mapped	0x10266819c
System.Net.Http	1704	0x060006a9	System.Net.Http.Headers.HttpHeaderParser	get_Comparer	0x2050	NoInlining	Public, Virtual, HideBySig, VtableLayoutMask, SpecialName	0x1004b3480	0x9486d350	0x1026681c0	0x1026681c0	mapped	0x1026681c0
System.Net.Http	1705	0x060006aa	System.Net.Http.Headers.HttpHeaderParser	.ctor	0x2050	NoInlining	Family, HideBySig, SpecialName, RTSpecialName	0x1004b3484	0x9486d351	0x1026681c8	0x1026681c8	mapped	0x1026681c8
System.Net.Http	1706	0x060006ab	System.Net.Http.Headers.HttpHeaderParser	.ctor	0x2050	NoInlining	Family, HideBySig, SpecialName, RTSpecialName	0x1004b3488	0x9486d374	0x102668258	0x102668258	mapped	0x102668258
System.Net.Http	1707	0x060006ac	System.Net.Http.Headers.HttpHeaderParser	TryParseValue	0x0	NoInlining	Public, Virtual, HideBySig, VtableLayoutMask, Abstract	0x1004b348c	0x97fff955	0x1004b19e0		absent	0x1004b19e0
System.Net.Http	1708	0x060006ad	System.Net.Http.Headers.HttpHeaderParser	ToString	0x2050	NoInlining	Public, Virtual, HideBySig, VtableLayoutMask	0x1004b3490	0x9486d382	0x102668298	0x102668298	mapped	0x102668298
System.Net.Http	1709	0x060006ae	System.Net.Http.Headers.HeaderEntry	.ctor	0x2050	NoInlining	Public, HideBySig, SpecialName, RTSpecialName	0x1004b3494	0x9486d397	0x1026682f0	0x1026682f0	mapped	0x1026682f0
System.Net.Http	1710	0x060006af	System.Net.Http.Headers.HttpHeaders	.ctor	0x2050	NoInlining	Assembly, HideBySig, SpecialName, RTSpecialName	0x1004b3498	0x9486d3aa	0x102668340	0x102668340	mapped	0x102668340
System.Net.Http	1711	0x060006b0	System.Net.Http.Headers.HttpHeaders	get_NonValidated	0x2050	NoInlining	Public, HideBySig, SpecialName	0x1004b349c	0x9486d3b6	0x102668374	0x102668374	mapped	0x102668374
System.Net.Http	1712	0x060006b1	System.Net.Http.Headers.HttpHeaders	TryAddWithoutValidation	0x2050	NoInlining	Public, HideBySig	0x1004b34a0	0x9486d3c2	0x1026683a8	0x1026683a8	mapped	0x1026683a8
System.Net.Http	1713	0x060006b2	System.Net.Http.Headers.HttpHeaders	TryAddWithoutValidation	0x2050	NoInlining	Assembly, HideBySig	0x1004b34a4	0x9486d3e1	0x102668428	0x102668428	mapped	0x102668428
System.Net.Http	1714	0x060006b3	System.Net.Http.Headers.HttpHeaders	TryGetValues	0x2050	NoInlining	Assembly, HideBySig	0x1004b34a8	0x9486d42c	0x102668558	0x102668558	mapped	0x102668558
System.Net.Http	1715	0x060006b4	System.Net.Http.Headers.HttpHeaders	ToString	0x2050	NoInlining	Public, Final, Virtual, HideBySig	0x1004b34ac	0x9486d45d	0x102668620	0x102668620	mapped	0x102668620
System.Net.Http	1716	0x060006b5	System.Net.Http.Headers.HttpHeaders	GetHeaderString	0x2050	NoInlining	Assembly, HideBySig	0x1004b34b0	0x9486d590	0x102668af0	0x102668af0	mapped	0x102668af0
System.Net.Http	1717	0x060006b6	System.Net.Http.Headers.HttpHeaders	GetEnumerator	0x2050	NoInlining	Public, Final, Virtual, HideBySig, VtableLayoutMask	0x1004b34b4	0x9486d5d4	0x102668c04	0x102668c04	mapped	0x102668c04
System.Net.Http	1718	0x060006b7	System.Net.Http.Headers.HttpHeaders	GetEnumeratorCore	0x2050	NoInlining	Private, HideBySig	0x1004b34b8	0x9486d612	0x102668d00	0x102668d00	mapped	0x102668d00
System.Net.Http	1719	0x060006b8	System.Net.Http.Headers.HttpHeaders	System.Collections.IEnumerable.GetEnumerator	0x2050	NoInlining	Private, Final, Virtual, HideBySig, VtableLayoutMask	0x1004b34bc	0x9486d635	0x102668d90	0x102668d90	mapped	0x102668d90
System.Net.Http	1720	0x060006b9	System.Net.Http.Headers.HttpHeaders	AddParsedValue	0x2050	NoInlining	Assembly, HideBySig	0x1004b34c0	0x9486d642	0x102668dc8	0x102668dc8	mapped	0x102668dc8
System.Net.Http	1721	0x060006ba	System.Net.Http.Headers.HttpHeaders	SetParsedValue	0x2050	NoInlining	Assembly, HideBySig	0x1004b34c4	0x9486d661	0x102668e48	0x102668e48	mapped	0x102668e48
System.Net.Http	1722	0x060006bb	System.Net.Http.Headers.HttpHeaders	SetOrRemoveParsedValue	0x2050	NoInlining	Assembly, HideBySig	0x1004b34c8	0x9486d686	0x102668ee0	0x102668ee0	mapped	0x102668ee0
System.Net.Http	1723	0x060006bc	System.Net.Http.Headers.HttpHeaders	RemoveParsedValue	0x2050	NoInlining	Assembly, HideBySig	0x1004b34cc	0x9486d69c	0x102668f3c	0x102668f3c	mapped	0x102668f3c
System.Net.Http	1724	0x060006bd	System.Net.Http.Headers.HttpHeaders	ContainsParsedValue	0x2050	NoInlining	Assembly, HideBySig	0x1004b34d0	0x9486d778	0x1026692b0	0x1026692b0	mapped	0x1026692b0
System.Net.Http	1725	0x060006be	System.Net.Http.Headers.HttpHeaders	AddHeaders	0x2050	NoInlining	Assembly, Virtual, HideBySig, VtableLayoutMask, CheckAccessOnOverride	0x1004b34d4	0x9486d805	0x1026694e8	0x1026694e8	mapped	0x1026694e8
System.Net.Http	1726	0x060006bf	System.Net.Http.Headers.HttpHeaders	CloneHeaderInfo	0x2050	NoInlining	Private, Static, HideBySig	0x1004b34d8	0x97ffce6e	0x1004a6e90	0x1004a6e90	mapped	0x1004a6e90
System.Net.Http	1727	0x060006c0	System.Net.Http.Headers.HttpHeaders	CloneAndAddValue	0x2050	NoInlining	Private, Static, HideBySig	0x1004b34dc	0x9486d8d1	0x102669820	0x102669820	mapped	0x102669820
System.Net.Http	1728	0x060006c1	System.Net.Http.Headers.HttpHeaders	CloneStringHeaderInfoValues	0x2050	NoInlining	Private, Static, HideBySig	0x1004b34e0	0x9486d8ff	0x1026698dc	0x1026698dc	mapped	0x1026698dc
System.Net.Http	1729	0x060006c2	System.Net.Http.Headers.HttpHeaders	GetOrCreateHeaderInfo	0x2050	NoInlining	Private, HideBySig	0x1004b34e4	0x9486d92a	0x10266998c	0x10266998c	mapped	0x10266998c
System.Net.Http	1730	0x060006c3	System.Net.Http.Headers.HttpHeaders	CreateAndAddHeaderToStore	0x2050	NoInlining	Private, HideBySig	0x1004b34e8	0x9486d944	0x1026699f8	0x1026699f8	mapped	0x1026699f8
System.Net.Http	1731	0x060006c4	System.Net.Http.Headers.HttpHeaders	TryGetHeaderValue	0x2050	NoInlining	Assembly, HideBySig	0x1004b34ec	0x9486d970	0x102669aac	0x102669aac	mapped	0x102669aac
System.Net.Http	1732	0x060006c5	System.Net.Http.Headers.HttpHeaders	TryGetAndParseHeaderInfo	0x2050	NoInlining	Private, HideBySig	0x1004b34f0	0x9486d999	0x102669b54	0x102669b54	mapped	0x102669b54
System.Net.Http	1733	0x060006c6	System.Net.Http.Headers.HttpHeaders	ParseRawHeaderValues	0x2050	NoInlining	Private, Static, HideBySig	0x1004b34f4	0x97ffcf13	0x1004a7140	0x1004a7140	mapped	0x1004a7140
System.Net.Http	1734	0x060006c7	System.Net.Http.Headers.HttpHeaders	ParseSingleRawHeaderValue	0x2050	NoInlining	Private, Static, HideBySig	0x1004b34f8	0x9486d9f1	0x102669cbc	0x102669cbc	mapped	0x102669cbc
System.Net.Http	1735	0x060006c8	System.Net.Http.Headers.HttpHeaders	TryParseAndAddRawHeaderValue	0x2050	NoInlining	Private, Static, HideBySig	0x1004b34fc	0x9486da38	0x102669ddc	0x102669ddc	mapped	0x102669ddc
System.Net.Http	1736	0x060006c9	System.Net.Http.Headers.HttpHeaders	AddParsedValue	0x2050	NoInlining	Private, Static, HideBySig	0x1004b3500	0x9486db6a	0x10266a2a8	0x10266a2a8	mapped	0x10266a2a8
System.Net.Http	1737	0x060006ca	System.Net.Http.Headers.HttpHeaders	AddInvalidValue	0x2050	NoInlining	Private, Static, HideBySig	0x1004b3504	0x9486db8c	0x10266a334	0x10266a334	mapped	0x10266a334
System.Net.Http	1738	0x060006cb	System.Net.Http.Headers.HttpHeaders	AddRawValue	0x2050	NoInlining	Private, Static, HideBySig	0x1004b3508	0x9486dbb9	0x10266a3ec	0x10266a3ec	mapped	0x10266a3ec
System.Net.Http	1739	0x060006cc	System.Net.Http.Headers.HttpHeaders	AddValueToStoreValue	0x2050	NoInlining	Private, Static, HideBySig	0x1004b350c	0x9486dbdb	0x10266a478	0x10266a478	mapped	0x10266a478
System.Net.Http	1740	0x060006cd	System.Net.Http.Headers.HttpHeaders	GetSingleParsedValue	0x2050	NoInlining	Assembly, HideBySig	0x1004b3510	0x9486dc37	0x10266a5ec	0x10266a5ec	mapped	0x10266a5ec
System.Net.Http	1741	0x060006ce	System.Net.Http.Headers.HttpHeaders	GetParsedAndInvalidValues	0x2050	NoInlining	Assembly, HideBySig	0x1004b3514	0x9486dc56	0x10266a66c	0x10266a66c	mapped	0x10266a66c
System.Net.Http	1742	0x060006cf	System.Net.Http.Headers.HttpHeaders	TryGetHeaderDescriptor	0x2050	NoInlining	Assembly, HideBySig	0x1004b3518	0x9486dc74	0x10266a6e8	0x10266a6e8	mapped	0x10266a6e8
System.Net.Http	1743	0x060006d0	System.Net.Http.Headers.HttpHeaders	CheckContainsNewLine	0x2050	NoInlining	Assembly, Static, HideBySig	0x1004b351c	0x9486dccc	0x10266a84c	0x10266a84c	mapped	0x10266a84c
System.Net.Http	1744	0x060006d1	System.Net.Http.Headers.HttpHeaders	GetStoreValuesAsStringArray	0x2050	NoInlining	Assembly, Static, HideBySig	0x1004b3520	0x9486dce8	0x10266a8c0	0x10266a8c0	mapped	0x10266a8c0
System.Net.Http	1745	0x060006d2	System.Net.Http.Headers.HttpHeaders	GetStoreValuesAsStringOrStringArray	0x2050	NoInlining	Assembly, Static, HideBySig	0x1004b3524	0x9486dd12	0x10266a96c	0x10266a96c	mapped	0x10266a96c
System.Net.Http	1746	0x060006d3	System.Net.Http.Headers.HttpHeaders	GetStoreValuesIntoStringArray	0x2050	NoInlining	Assembly, Static, HideBySig	0x1004b3528	0x9486ddcf	0x10266ac64	0x10266ac64	mapped	0x10266ac64
System.Net.Http	1747	0x060006d4	System.Net.Http.Headers.HttpHeaders	GetValueCount	0x2050	NoInlining	Private, Static, HideBySig	0x1004b352c	0x9486debc	0x10266b01c	0x10266b01c	mapped	0x10266b01c
System.Net.Http	1748	0x060006d5	System.Net.Http.Headers.HttpHeaders	ReadStoreValues	0x2050	NoInlining	Private, Static, HideBySig	0x1004b3530	0x9486deed	0x10266b0e4	0x10266b0e4	mapped	0x10266b0e4
System.Net.Http	1749	0x060006d6	System.Net.Http.Headers.HttpHeaders	AreEqual	0x2050	NoInlining	Private, Static, HideBySig	0x1004b3534	0x9486df99	0x10266b398	0x10266b398	mapped	0x10266b398
System.Net.Http	1750	0x060006d7	System.Net.Http.Headers.HttpHeaders	GetEntriesArray	0x2050	NoInlining	Assembly, HideBySig	0x1004b3538	0x9486dfc7	0x10266b454	0x10266b454	mapped	0x10266b454
System.Net.Http	1751	0x060006d8	System.Net.Http.Headers.HttpHeaders	GetEntries	0x2050	NoInlining	Assembly, HideBySig	0x1004b353c	0x9486dff5	0x10266b510	0x10266b510	mapped	0x10266b510
System.Net.Http	1752	0x060006d9	System.Net.Http.Headers.HttpHeaders	get_Count	0x2050	NoInlining	Assembly, HideBySig, SpecialName	0x1004b3540	0x9486e013	0x10266b58c	0x10266b58c	mapped	0x10266b58c
System.Net.Http	1753	0x060006da	System.Net.Http.Headers.HttpHeaders	get_EntriesAreLiveView	0x2050	NoInlining	Private, HideBySig, SpecialName	0x1004b3544	0x9486e01b	0x10266b5b0	0x10266b5b0	mapped	0x10266b5b0
System.Net.Http	1754	0x060006db	System.Net.Http.Headers.HttpHeaders	GetValueRefOrNullRef	0x2050	NoInlining	Private, HideBySig	0x1004b3548	0x9486e041	0x10266b64c	0x10266b64c	mapped	0x10266b64c
System.Net.Http	1755	0x060006dc	System.Net.Http.Headers.HttpHeaders	GetValueRefOrAddDefault	0x2050	NoInlining	Private, HideBySig	0x1004b354c	0x9486e097	0x10266b7a8	0x10266b7a8	mapped	0x10266b7a8
System.Net.Http	1756	0x060006dd	System.Net.Http.Headers.HttpHeaders	AddEntryToStore	0x2050	NoInlining	Private, HideBySig	0x1004b3550	0x9486e121	0x10266b9d4	0x10266b9d4	mapped	0x10266b9d4
System.Net.Http	1757	0x060006de	System.Net.Http.Headers.HttpHeaders	Remove	0x2050	NoInlining	Assembly, HideBySig	0x1004b3554	0x9486e173	0x10266bb20	0x10266bb20	mapped	0x10266bb20
System.Net.Http	1758	0x060006df	System.Net.Http.Headers.HttpHeaders	<GetValueCount>g__Count|59_0	0x2050	NoInlining	Assembly, Static, HideBySig	0x1004b3558	0x9486e1ff	0x10266bd54	0x10266bd54	mapped	0x10266bd54
System.Net.Http	1759	0x060006e0	System.Net.Http.Headers.HttpHeaders	<GetEntriesArray>g__GetEntriesFromDictionary|66_0	0x2050	NoInlining	Private, HideBySig	0x1004b355c	0x9486e232	0x10266be24	0x10266be24	mapped	0x10266be24
System.Net.Http	1760	0x060006e1	System.Net.Http.Headers.HttpHeaders	<GetValueRefOrAddDefault>g__GrowEntriesAndAddDefault|73_0	0x2050	NoInlining	Private, HideBySig	0x1004b3560	0x9486e2ba	0x10266c048	0x10266c048	mapped	0x10266c048
System.Net.Http	1761	0x060006e2	System.Net.Http.Headers.HttpHeaders	<GetValueRefOrAddDefault>g__ConvertToDictionaryAndAddDefault|73_1	0x2050	NoInlining	Private, HideBySig	0x1004b3564	0x9486e325	0x10266c1f8	0x10266c1f8	mapped	0x10266c1f8
System.Net.Http	1762	0x060006e3	System.Net.Http.Headers.HttpHeaders	<GetValueRefOrAddDefault>g__DictionaryGetValueRefOrAddDefault|73_2	0x2050	NoInlining	Private, HideBySig	0x1004b3568	0x9486e38b	0x10266c394	0x10266c394	mapped	0x10266c394
System.Net.Http	1763	0x060006e4	System.Net.Http.Headers.HttpHeaders+InvalidValue	.ctor	0x2050	NoInlining	Public, HideBySig, SpecialName, RTSpecialName	0x1004b356c	0x9486e3c6	0x10266c484	0x10266c484	mapped	0x10266c484
System.Net.Http	1764	0x060006e5	System.Net.Http.Headers.HttpHeaders+InvalidValue	ToString	0x2050	NoInlining	Public, Final, Virtual, HideBySig	0x1004b3570	0x9486e3d5	0x10266c4c4	0x10266c4c4	mapped	0x10266c4c4
System.Net.Http	1765	0x060006e6	System.Net.Http.Headers.HttpHeaders+HeaderStoreItemInfo	.ctor	0x2050	NoInlining	Assembly, HideBySig, SpecialName, RTSpecialName	0x1004b3574	0x9486e3dd	0x10266c4e8	0x10266c4e8	mapped	0x10266c4e8
System.Net.Http	1766	0x060006e7	System.Net.Http.Headers.HttpHeaders+HeaderStoreItemInfo	CanAddParsedValue	0x2050	NoInlining	Public, HideBySig	0x1004b3578	0x9486e3dd	0x10266c4ec	0x10266c4ec	mapped	0x10266c4ec
System.Net.Http	1767	0x060006e8	System.Net.Http.Headers.HttpHeaders+HeaderStoreItemInfo	GetSingleParsedValue	0x2050	NoInlining	Public, HideBySig	0x1004b357c	0x9486e3ef	0x10266c538	0x10266c538	mapped	0x10266c538
System.Net.Http	1768	0x060006e9	System.Net.Http.Headers.HttpHeaders+HeaderStoreItemInfo	get_IsEmpty	0x2050	NoInlining	Public, HideBySig, SpecialName	0x1004b3580	0x9486e457	0x10266c6dc	0x10266c6dc	mapped	0x10266c6dc
System.Net.Http	1769	0x060006ea	System.Net.Http.Headers.HttpHeaders+<GetEnumeratorCore>d__24	.ctor	0x2050	NoInlining	Public, HideBySig, SpecialName, RTSpecialName	0x1004b3584	0x9486e466	0x10266c71c	0x10266c71c	mapped	0x10266c71c
System.Net.Http	1770	0x060006eb	System.Net.Http.Headers.HttpHeaders+<GetEnumeratorCore>d__24	System.IDisposable.Dispose	0x2050	NoInlining	Private, Final, Virtual, HideBySig, VtableLayoutMask	0x1004b3588	0x9486e46e	0x10266c740	0x10266c740	mapped	0x10266c740
System.Net.Http	1771	0x060006ec	System.Net.Http.Headers.HttpHeaders+<GetEnumeratorCore>d__24	MoveNext	0x2050	NoInlining	Private, Final, Virtual, HideBySig, VtableLayoutMask	0x1004b358c	0x9486e46e	0x10266c744	0x10266c744	mapped	0x10266c744
System.Net.Http	1772	0x060006ed	System.Net.Http.Headers.HttpHeaders+<GetEnumeratorCore>d__24	System.Collections.Generic.IEnumerator<System.Collections.Generic.KeyValuePair<System.String,System.Collections.Generic.IEnumerable<System.String>>>.get_Current	0x2050	NoInlining	Private, Final, Virtual, HideBySig, VtableLayoutMask, SpecialName	0x1004b3590	0x9486e532	0x10266ca58	0x10266ca58	mapped	0x10266ca58
System.Net.Http	1773	0x060006ee	System.Net.Http.Headers.HttpHeaders+<GetEnumeratorCore>d__24	System.Collections.IEnumerator.Reset	0x2050	NoInlining	Private, Final, Virtual, HideBySig, VtableLayoutMask	0x1004b3594	0x9486e53c	0x10266ca84	0x10266ca84	mapped	0x10266ca84
System.Net.Http	1774	0x060006ef	System.Net.Http.Headers.HttpHeaders+<GetEnumeratorCore>d__24	System.Collections.IEnumerator.get_Current	0x2050	NoInlining	Private, Final, Virtual, HideBySig, VtableLayoutMask, SpecialName	0x1004b3598	0x9486e546	0x10266cab0	0x10266cab0	mapped	0x10266cab0
System.Net.Http	1775	0x060006f0	System.Net.Http.Headers.HttpHeadersNonValidated	.ctor	0x2050	NoInlining	Assembly, HideBySig, SpecialName, RTSpecialName	0x1004b359c	0x9486e573	0x10266cb68	0x10266cb68	mapped	0x10266cb68
System.Net.Http	1776	0x060006f1	System.Net.Http.Headers.HttpHeadersNonValidated	get_Count	0x2050	NoInlining	Public, Final, Virtual, HideBySig, VtableLayoutMask, SpecialName	0x1004b35a0	0x9486e582	0x10266cba8	0x10266cba8	mapped	0x10266cba8
System.Net.Http	1777	0x060006f2	System.Net.Http.Headers.HttpHeadersNonValidated	TryGetValues	0x2050	NoInlining	Public, HideBySig	0x1004b35a4	0x9486e58f	0x10266cbe0	0x10266cbe0	mapped	0x10266cbe0
System.Net.Http	1778	0x060006f3	System.Net.Http.Headers.HttpHeadersNonValidated	System.Collections.Generic.IReadOnlyDictionary<System.String,System.Net.Http.Headers.HeaderStringValues>.TryGetValue	0x2050	NoInlining	Private, Final, Virtual, HideBySig, VtableLayoutMask	0x1004b35a8	0x9486e5ed	0x10266cd5c	0x10266cd5c	mapped	0x10266cd5c
System.Net.Http	1779	0x060006f4	System.Net.Http.Headers.HttpHeadersNonValidated	GetEnumerator	0x2050	NoInlining	Public, HideBySig	0x1004b35ac	0x9486e600	0x10266cdac	0x10266cdac	mapped	0x10266cdac
System.Net.Http	1780	0x060006f5	System.Net.Http.Headers.HttpHeadersNonValidated	System.Collections.Generic.IEnumerable<System.Collections.Generic.KeyValuePair<System.String,System.Net.Http.Headers.HeaderStringValues>>.GetEnumerator	0x2050	NoInlining	Private, Final, Virtual, HideBySig, VtableLayoutMask	0x1004b35b0	0x9486e644	0x10266cec0	0x10266cec0	mapped	0x10266cec0
System.Net.Http	1781	0x060006f6	System.Net.Http.Headers.HttpHeadersNonValidated	System.Collections.IEnumerable.GetEnumerator	0x2050	NoInlining	Private, Final, Virtual, HideBySig, VtableLayoutMask	0x1004b35b4	0x9486e67c	0x10266cfa4	0x10266cfa4	mapped	0x10266cfa4
System.Net.Http	1782	0x060006f7	System.Net.Http.Headers.HttpHeadersNonValidated+Enumerator	.ctor	0x2050	NoInlining	Assembly, HideBySig, SpecialName, RTSpecialName	0x1004b35b8	0x9486e6b4	0x10266d088	0x10266d088	mapped	0x10266d088
System.Net.Http	1783	0x060006f8	System.Net.Http.Headers.HttpHeadersNonValidated+Enumerator	MoveNext	0x2050	NoInlining	Public, Final, Virtual, HideBySig, VtableLayoutMask	0x1004b35bc	0x9486e6c6	0x10266d0d4	0x10266d0d4	mapped	0x10266d0d4
System.Net.Http	1784	0x060006f9	System.Net.Http.Headers.HttpHeadersNonValidated+Enumerator	get_Current	0x2050	NoInlining	Public, Final, Virtual, HideBySig, VtableLayoutMask, SpecialName	0x1004b35c0	0x9486e723	0x10266d24c	0x10266d24c	mapped	0x10266d24c
System.Net.Http	1785	0x060006fa	System.Net.Http.Headers.HttpHeadersNonValidated+Enumerator	System.Collections.IEnumerator.get_Current	0x2050	NoInlining	Private, Final, Virtual, HideBySig, VtableLayoutMask, SpecialName	0x1004b35c4	0x9486e73f	0x10266d2c0	0x10266d2c0	mapped	0x10266d2c0
System.Net.Http	1786	0x060006fb	System.Net.Http.Headers.HttpHeadersNonValidated+Enumerator	Dispose	0x2050	NoInlining	Public, Final, Virtual, HideBySig, VtableLayoutMask	0x1004b35c8	0x9486e771	0x10266d38c	0x10266d38c	mapped	0x10266d38c
System.Net.Http	1787	0x060006fc	System.Net.Http.Headers.HttpHeadersNonValidated+Enumerator	System.Collections.IEnumerator.Reset	0x2050	NoInlining	Private, Final, Virtual, HideBySig, VtableLayoutMask	0x1004b35cc	0x9486e771	0x10266d390	0x10266d390	mapped	0x10266d390
System.Net.Http	1788	0x060006fd	System.Net.Http.Headers.HttpHeaderValueCollection`1	get_Count	0x2050	NoInlining	Public, Final, Virtual, HideBySig, VtableLayoutMask, SpecialName	0x1004b35d0	0x9486e77b	0x10266d3bc	0x10266d3bc	mapped	0x10266d3bc
System.Net.Http	1789	0x060006fe	System.Net.Http.Headers.HttpHeaderValueCollection`1	get_IsReadOnly	0x2050	NoInlining	Public, Final, Virtual, HideBySig, VtableLayoutMask, SpecialName	0x1004b35d4	0x9486e7a1	0x10266d458	0x10266d458	mapped	0x10266d458
System.Net.Http	1790	0x060006ff	System.Net.Http.Headers.HttpHeaderValueCollection`1	.ctor	0x2050	NoInlining	Assembly, HideBySig, SpecialName, RTSpecialName	0x1004b35d8	0x9486e7a5	0x10266d46c	0x10266d46c	mapped	0x10266d46c
System.Net.Http	1791	0x06000700	System.Net.Http.Headers.HttpHeaderValueCollection`1	Add	0x2050	NoInlining	Public, Final, Virtual, HideBySig, VtableLayoutMask	0x1004b35dc	0x9486e7bc	0x10266d4cc	0x10266d4cc	mapped	0x10266d4cc
System.Net.Http	1792	0x06000701	System.Net.Http.Headers.HttpHeaderValueCollection`1	Clear	0x2050	NoInlining	Public, Final, Virtual, HideBySig, VtableLayoutMask	0x1004b35e0	0x9486e7ff	0x10266d5dc	0x10266d5dc	mapped	0x10266d5dc
System.Net.Http	1793	0x06000702	System.Net.Http.Headers.HttpHeaderValueCollection`1	Contains	0x2050	NoInlining	Public, Final, Virtual, HideBySig, VtableLayoutMask	0x1004b35e4	0x9486e81a	0x10266d64c	0x10266d64c	mapped	0x10266d64c
System.Net.Http	1794	0x06000703	System.Net.Http.Headers.HttpHeaderValueCollection`1	CopyTo	0x2050	NoInlining	Public, Final, Virtual, HideBySig, VtableLayoutMask	0x1004b35e8	0x9486e851	0x10266d72c	0x10266d72c	mapped	0x10266d72c
System.Net.Http	1795	0x06000704	System.Net.Http.Headers.HttpHeaderValueCollection`1	Remove	0x2050	NoInlining	Public, Final, Virtual, HideBySig, VtableLayoutMask	0x1004b35ec	0x9486e90c	0x10266da1c	0x10266da1c	mapped	0x10266da1c
System.Net.Http	1796	0x06000705	System.Net.Http.Headers.HttpHeaderValueCollection`1	GetEnumerator	0x2050	NoInlining	Public, Final, Virtual, HideBySig, VtableLayoutMask	0x1004b35f0	0x9486e943	0x10266dafc	0x10266dafc	mapped	0x10266dafc
System.Net.Http	1797	0x06000706	System.Net.Http.Headers.HttpHeaderValueCollection`1	System.Collections.IEnumerable.GetEnumerator	0x2050	NoInlining	Private, Final, Virtual, HideBySig, VtableLayoutMask	0x1004b35f4	0x9486e999	0x10266dc58	0x10266dc58	mapped	0x10266dc58
System.Net.Http	1798	0x06000707	System.Net.Http.Headers.HttpHeaderValueCollection`1	ToString	0x2050	NoInlining	Public, Final, Virtual, HideBySig	0x1004b35f8	0x9486e9bf	0x10266dcf4	0x10266dcf4	mapped	0x10266dcf4
System.Net.Http	1799	0x06000708	System.Net.Http.Headers.HttpHeaderValueCollection`1	CheckValue	0x2050	NoInlining	Private, HideBySig	0x1004b35fc	0x9486e9da	0x10266dd64	0x10266dd64	mapped	0x10266dd64
System.Net.Http	1800	0x06000709	System.Net.Http.Headers.HttpHeaderValueCollection`1	GetCount	0x2050	NoInlining	Private, HideBySig	0x1004b3600	0x9486ea21	0x10266de84	0x10266de84	mapped	0x10266de84
System.Net.Http	1801	0x0600070a	System.Net.Http.Headers.HttpHeaderValueCollection`1	<GetEnumerator>g__Iterate|14_0	0x2050	NoInlining	Assembly, Static, HideBySig	0x1004b3604	0x9486ea8d	0x10266e038	0x10266e038	mapped	0x10266e038
System.Net.Http	1802	0x0600070b	System.Net.Http.Headers.HttpHeaderValueCollection`1+<<GetEnumerator>g__Iterate|14_0>d	.ctor	0x2050	NoInlining	Public, HideBySig, SpecialName, RTSpecialName	0x1004b3608	0x9486eabb	0x10266e0f4	0x10266e0f4	mapped	0x10266e0f4
System.Net.Http	1803	0x0600070c	System.Net.Http.Headers.HttpHeaderValueCollection`1+<<GetEnumerator>g__Iterate|14_0>d	System.IDisposable.Dispose	0x2050	NoInlining	Private, Final, Virtual, HideBySig, VtableLayoutMask	0x1004b360c	0x9486eac6	0x10266e124	0x10266e124	mapped	0x10266e124
System.Net.Http	1804	0x0600070d	System.Net.Http.Headers.HttpHeaderValueCollection`1+<<GetEnumerator>g__Iterate|14_0>d	MoveNext	0x2050	NoInlining	Private, Final, Virtual, HideBySig, VtableLayoutMask	0x1004b3610	0x9486eb07	0x10266e22c	0x10266e22c	mapped	0x10266e22c
System.Net.Http	1805	0x0600070e	System.Net.Http.Headers.HttpHeaderValueCollection`1+<<GetEnumerator>g__Iterate|14_0>d	<>m__Finally1	0x2050	NoInlining	Private, HideBySig	0x1004b3614	0x9486ebbe	0x10266e50c	0x10266e50c	mapped	0x10266e50c
System.Net.Http	1806	0x0600070f	System.Net.Http.Headers.HttpHeaderValueCollection`1+<<GetEnumerator>g__Iterate|14_0>d	System.Collections.Generic.IEnumerator<T>.get_Current	0x2050	NoInlining	Private, Final, Virtual, HideBySig, VtableLayoutMask, SpecialName	0x1004b3618	0x9486ebd0	0x10266e558	0x10266e558	mapped	0x10266e558
System.Net.Http	1807	0x06000710	System.Net.Http.Headers.HttpHeaderValueCollection`1+<<GetEnumerator>g__Iterate|14_0>d	System.Collections.IEnumerator.Reset	0x2050	NoInlining	Private, Final, Virtual, HideBySig, VtableLayoutMask	0x1004b361c	0x9486ebdb	0x10266e588	0x10266e588	mapped	0x10266e588
System.Net.Http	1808	0x06000711	System.Net.Http.Headers.HttpHeaderValueCollection`1+<<GetEnumerator>g__Iterate|14_0>d	System.Collections.IEnumerator.get_Current	0x2050	NoInlining	Private, Final, Virtual, HideBySig, VtableLayoutMask, SpecialName	0x1004b3620	0x9486ebe7	0x10266e5bc	0x10266e5bc	mapped	0x10266e5bc
System.Net.Http	1809	0x06000712	System.Net.Http.Headers.HttpRequestHeaders	GetSpecializedCollection	0x2050	NoInlining	Private, HideBySig	0x1004b3624	0x9486ebf2	0x10266e5ec	0x10266e5ec	mapped	0x10266e5ec
System.Net.Http	1810	0x06000713	System.Net.Http.Headers.HttpRequestHeaders	get_AcceptEncoding	0x2050	NoInlining	Public, HideBySig, SpecialName	0x1004b3628	0x9486ec50	0x10266e768	0x10266e768	mapped	0x10266e768
System.Net.Http	1811	0x06000714	System.Net.Http.Headers.HttpRequestHeaders	get_Authorization	0x2050	NoInlining	Public, HideBySig, SpecialName	0x1004b362c	0x9486ec92	0x10266e874	0x10266e874	mapped	0x10266e874
System.Net.Http	1812	0x06000715	System.Net.Http.Headers.HttpRequestHeaders	set_Authorization	0x2050	NoInlining	Public, HideBySig, SpecialName	0x1004b3630	0x9486ecca	0x10266e958	0x10266e958	mapped	0x10266e958
System.Net.Http	1813	0x06000716	System.Net.Http.Headers.HttpRequestHeaders	get_ExpectContinue	0x2050	NoInlining	Public, HideBySig, SpecialName	0x1004b3634	0x9486ecfc	0x10266ea24	0x10266ea24	mapped	0x10266ea24
System.Net.Http	1814	0x06000717	System.Net.Http.Headers.HttpRequestHeaders	set_ExpectContinue	0x2050	NoInlining	Public, HideBySig, SpecialName	0x1004b3638	0x9486ed3e	0x10266eb30	0x10266eb30	mapped	0x10266eb30
System.Net.Http	1815	0x06000718	System.Net.Http.Headers.HttpRequestHeaders	get_Host	0x2050	NoInlining	Public, HideBySig, SpecialName	0x1004b363c	0x9486edb4	0x10266ed0c	0x10266ed0c	mapped	0x10266ed0c
System.Net.Http	1816	0x06000719	System.Net.Http.Headers.HttpRequestHeaders	set_Host	0x2050	NoInlining	Public, HideBySig, SpecialName	0x1004b3640	0x9486edec	0x10266edf0	0x10266edf0	mapped	0x10266edf0
System.Net.Http	1817	0x0600071a	System.Net.Http.Headers.HttpRequestHeaders	get_Protocol	0x2050	NoInlining	Public, HideBySig, SpecialName	0x1004b3644	0x9486ee37	0x10266ef20	0x10266ef20	mapped	0x10266ef20
System.Net.Http	1818	0x0600071b	System.Net.Http.Headers.HttpRequestHeaders	set_ProxyAuthorization	0x2050	NoInlining	Public, HideBySig, SpecialName	0x1004b3648	0x9486ee62	0x10266efd0	0x10266efd0	mapped	0x10266efd0
System.Net.Http	1819	0x0600071c	System.Net.Http.Headers.HttpRequestHeaders	set_CacheControl	0x2050	NoInlining	Public, HideBySig, SpecialName	0x1004b364c	0x9486ee94	0x10266f09c	0x10266f09c	mapped	0x10266f09c
System.Net.Http	1820	0x0600071d	System.Net.Http.Headers.HttpRequestHeaders	get_Connection	0x2050	NoInlining	Public, HideBySig, SpecialName	0x1004b3650	0x9486eec5	0x10266f164	0x10266f164	mapped	0x10266f164
System.Net.Http	1821	0x0600071e	System.Net.Http.Headers.HttpRequestHeaders	set_ConnectionClose	0x2050	NoInlining	Public, HideBySig, SpecialName	0x1004b3654	0x9486eef4	0x10266f224	0x10266f224	mapped	0x10266f224
System.Net.Http	1822	0x0600071f	System.Net.Http.Headers.HttpRequestHeaders	get_Pragma	0x2050	NoInlining	Public, HideBySig, SpecialName	0x1004b3658	0x9486ef25	0x10266f2ec	0x10266f2ec	mapped	0x10266f2ec
System.Net.Http	1823	0x06000720	System.Net.Http.Headers.HttpRequestHeaders	get_TransferEncodingChunked	0x2050	NoInlining	Public, HideBySig, SpecialName	0x1004b365c	0x9486ef54	0x10266f3ac	0x10266f3ac	mapped	0x10266f3ac
System.Net.Http	1824	0x06000721	System.Net.Http.Headers.HttpRequestHeaders	set_TransferEncodingChunked	0x2050	NoInlining	Public, HideBySig, SpecialName	0x1004b3660	0x9486ef68	0x10266f400	0x10266f400	mapped	0x10266f400
System.Net.Http	1825	0x06000722	System.Net.Http.Headers.HttpRequestHeaders	.ctor	0x2050	NoInlining	Assembly, HideBySig, SpecialName, RTSpecialName	0x1004b3664	0x9486ef99	0x10266f4c8	0x10266f4c8	mapped	0x10266f4c8
System.Net.Http	1826	0x06000723	System.Net.Http.Headers.HttpRequestHeaders	AddHeaders	0x2050	NoInlining	Assembly, Final, Virtual, HideBySig, CheckAccessOnOverride	0x1004b3668	0x9486efa8	0x10266f508	0x10266f508	mapped	0x10266f508
System.Net.Http	1827	0x06000724	System.Net.Http.Headers.HttpRequestHeaders	get_GeneralHeaders	0x2050	NoInlining	Private, HideBySig, SpecialName	0x1004b366c	0x9486eff0	0x10266f62c	0x10266f62c	mapped	0x10266f62c
System.Net.Http	1828	0x06000725	System.Net.Http.Headers.HttpRequestHeaders+<>c	.cctor	0x2050	NoInlining	Private, Static, HideBySig, SpecialName, RTSpecialName	0x1004b3670	0x9486f01e	0x10266f6e8	0x10266f6e8	mapped	0x10266f6e8
System.Net.Http	1829	0x06000726	System.Net.Http.Headers.HttpRequestHeaders+<>c	.ctor	0x2050	NoInlining	Public, HideBySig, SpecialName, RTSpecialName	0x1004b3674	0x9486f039	0x10266f758	0x10266f758	mapped	0x10266f758
System.Net.Http	1830	0x06000727	System.Net.Http.Headers.HttpRequestHeaders+<>c	<get_AcceptEncoding>b__20_0	0x2050	NoInlining	Assembly, HideBySig	0x1004b3678	0x9486f046	0x10266f790	0x10266f790	mapped	0x10266f790
System.Net.Http	1831	0x06000728	System.Net.Http.Headers.HttpResponseHeaders	GetSpecializedCollection	0x2050	NoInlining	Private, HideBySig	0x1004b367c	0x9486f07f	0x10266f878	0x10266f878	mapped	0x10266f878
System.Net.Http	1832	0x06000729	System.Net.Http.Headers.HttpResponseHeaders	get_Age	0x2050	NoInlining	Public, HideBySig, SpecialName	0x1004b3680	0x9486f0d9	0x10266f9e4	0x10266f9e4	mapped	0x10266f9e4
System.Net.Http	1833	0x0600072a	System.Net.Http.Headers.HttpResponseHeaders	get_Location	0x2050	NoInlining	Public, HideBySig, SpecialName	0x1004b3684	0x9486f106	0x10266fa9c	0x10266fa9c	mapped	0x10266fa9c
System.Net.Http	1834	0x0600072b	System.Net.Http.Headers.HttpResponseHeaders	get_ProxyAuthenticate	0x2050	NoInlining	Public, HideBySig, SpecialName	0x1004b3688	0x9486f13e	0x10266fb80	0x10266fb80	mapped	0x10266fb80
System.Net.Http	1835	0x0600072c	System.Net.Http.Headers.HttpResponseHeaders	get_WwwAuthenticate	0x2050	NoInlining	Public, HideBySig, SpecialName	0x1004b368c	0x9486f180	0x10266fc8c	0x10266fc8c	mapped	0x10266fc8c
System.Net.Http	1836	0x0600072d	System.Net.Http.Headers.HttpResponseHeaders	get_ConnectionClose	0x2050	NoInlining	Public, HideBySig, SpecialName	0x1004b3690	0x9486f1c2	0x10266fd98	0x10266fd98	mapped	0x10266fd98
System.Net.Http	1837	0x0600072e	System.Net.Http.Headers.HttpResponseHeaders	get_TransferEncodingChunked	0x2050	NoInlining	Public, HideBySig, SpecialName	0x1004b3694	0x9486f1d6	0x10266fdec	0x10266fdec	mapped	0x10266fdec
System.Net.Http	1838	0x0600072f	System.Net.Http.Headers.HttpResponseHeaders	.ctor	0x2050	NoInlining	Assembly, HideBySig, SpecialName, RTSpecialName	0x1004b3698	0x9486f1ea	0x10266fe40	0x10266fe40	mapped	0x10266fe40
System.Net.Http	1839	0x06000730	System.Net.Http.Headers.HttpResponseHeaders	AddHeaders	0x2050	NoInlining	Assembly, Final, Virtual, HideBySig, CheckAccessOnOverride	0x1004b369c	0x9486f206	0x10266feb4	0x10266feb4	mapped	0x10266feb4
System.Net.Http	1840	0x06000731	System.Net.Http.Headers.HttpResponseHeaders	get_GeneralHeaders	0x2050	NoInlining	Private, HideBySig, SpecialName	0x1004b36a0	0x9486f244	0x10266ffb0	0x10266ffb0	mapped	0x10266ffb0
System.Net.Http	1841	0x06000732	System.Net.Http.Headers.HttpResponseHeaders+<>c	.cctor	0x2050	NoInlining	Private, Static, HideBySig, SpecialName, RTSpecialName	0x1004b36a4	0x9486f272	0x10267006c	0x10267006c	mapped	0x10267006c
System.Net.Http	1842	0x06000733	System.Net.Http.Headers.HttpResponseHeaders+<>c	.ctor	0x2050	NoInlining	Public, HideBySig, SpecialName, RTSpecialName	0x1004b36a8	0x9486f28d	0x1026700dc	0x1026700dc	mapped	0x1026700dc
System.Net.Http	1843	0x06000734	System.Net.Http.Headers.HttpResponseHeaders+<>c	<get_ProxyAuthenticate>b__22_0	0x2050	NoInlining	Assembly, HideBySig	0x1004b36ac	0x9486f29a	0x102670114	0x102670114	mapped	0x102670114
System.Net.Http	1844	0x06000735	System.Net.Http.Headers.HttpResponseHeaders+<>c	<get_WwwAuthenticate>b__31_0	0x2050	NoInlining	Assembly, HideBySig	0x1004b36b0	0x9486f2d3	0x1026701fc	0x1026701fc	mapped	0x1026701fc
System.Net.Http	1845	0x06000736	System.Net.Http.Headers.Int32NumberHeaderParser	.ctor	0x2050	NoInlining	Private, HideBySig, SpecialName, RTSpecialName	0x1004b36b4	0x9486f30c	0x1026702e4	0x1026702e4	mapped	0x1026702e4
System.Net.Http	1846	0x06000737	System.Net.Http.Headers.Int32NumberHeaderParser	ToString	0x2050	NoInlining	Public, Final, Virtual, HideBySig	0x1004b36b8	0x9486f321	0x10267033c	0x10267033c	mapped	0x10267033c
System.Net.Http	1847	0x06000738	System.Net.Http.Headers.Int32NumberHeaderParser	GetParsedValueLength	0x2050	NoInlining	Family, Final, Virtual, HideBySig	0x1004b36bc	0x9486f356	0x102670414	0x102670414	mapped	0x102670414
System.Net.Http	1848	0x06000739	System.Net.Http.Headers.Int32NumberHeaderParser	.cctor	0x2050	NoInlining	Private, Static, HideBySig, SpecialName, RTSpecialName	0x1004b36c0	0x9486f39b	0x10267052c	0x10267052c	mapped	0x10267052c
System.Net.Http	1849	0x0600073a	System.Net.Http.Headers.Int64NumberHeaderParser	.ctor	0x2050	NoInlining	Private, HideBySig, SpecialName, RTSpecialName	0x1004b36c4	0x9486f3b7	0x1026705a0	0x1026705a0	mapped	0x1026705a0
System.Net.Http	1850	0x0600073b	System.Net.Http.Headers.Int64NumberHeaderParser	ToString	0x2050	NoInlining	Public, Final, Virtual, HideBySig	0x1004b36c8	0x9486f3cc	0x1026705f8	0x1026705f8	mapped	0x1026705f8
System.Net.Http	1851	0x0600073c	System.Net.Http.Headers.Int64NumberHeaderParser	GetParsedValueLength	0x2050	NoInlining	Family, Final, Virtual, HideBySig	0x1004b36cc	0x9486f401	0x1026706d0	0x1026706d0	mapped	0x1026706d0
System.Net.Http	1852	0x0600073d	System.Net.Http.Headers.Int64NumberHeaderParser	.cctor	0x2050	NoInlining	Private, Static, HideBySig, SpecialName, RTSpecialName	0x1004b36d0	0x9486f446	0x1026707e8	0x1026707e8	mapped	0x1026707e8
System.Net.Http	1853	0x0600073e	System.Net.Http.Headers.MediaTypeHeaderParser	.ctor	0x2050	NoInlining	Private, HideBySig, SpecialName, RTSpecialName	0x1004b36d4	0x9486f462	0x10267085c	0x10267085c	mapped	0x10267085c
System.Net.Http	1854	0x0600073f	System.Net.Http.Headers.MediaTypeHeaderParser	GetParsedValueLength	0x2050	NoInlining	Family, Final, Virtual, HideBySig	0x1004b36d8	0x9486f48f	0x102670914	0x102670914	mapped	0x102670914
System.Net.Http	1855	0x06000740	System.Net.Http.Headers.MediaTypeHeaderParser	CreateMediaType	0x2050	NoInlining	Private, Static, HideBySig	0x1004b36dc	0x9486f4b9	0x1026709c0	0x1026709c0	mapped	0x1026709c0
System.Net.Http	1856	0x06000741	System.Net.Http.Headers.MediaTypeHeaderParser	CreateMediaTypeWithQuality	0x2050	NoInlining	Private, Static, HideBySig	0x1004b36e0	0x9486f4d0	0x102670a20	0x102670a20	mapped	0x102670a20
System.Net.Http	1857	0x06000742	System.Net.Http.Headers.MediaTypeHeaderParser	.cctor	0x2050	NoInlining	Private, Static, HideBySig, SpecialName, RTSpecialName	0x1004b36e4	0x9486f4e7	0x102670a80	0x102670a80	mapped	0x102670a80
System.Net.Http	1858	0x06000743	System.Net.Http.Headers.MediaTypeHeaderValue	get_CharSet	0x2050	NoInlining	Public, HideBySig, SpecialName	0x1004b36e8	0x9486f55b	0x102670c54	0x102670c54	mapped	0x102670c54
System.Net.Http	1859	0x06000744	System.Net.Http.Headers.MediaTypeHeaderValue	get_Parameters	0x2050	NoInlining	Public, HideBySig, SpecialName	0x1004b36ec	0x9486f57d	0x102670ce0	0x102670ce0	mapped	0x102670ce0
System.Net.Http	1860	0x06000745	System.Net.Http.Headers.MediaTypeHeaderValue	.ctor	0x2050	NoInlining	Assembly, HideBySig, SpecialName, RTSpecialName	0x1004b36f0	0x9486f5a6	0x102670d88	0x102670d88	mapped	0x102670d88
System.Net.Http	1861	0x06000746	System.Net.Http.Headers.MediaTypeHeaderValue	.ctor	0x2050	NoInlining	Family, HideBySig, SpecialName, RTSpecialName	0x1004b36f4	0x9486f5a6	0x102670d8c	0x102670d8c	mapped	0x102670d8c
System.Net.Http	1862	0x06000747	System.Net.Http.Headers.MediaTypeHeaderValue	ToString	0x2050	NoInlining	Public, Final, Virtual, HideBySig	0x1004b36f8	0x9486f5cd	0x102670e2c	0x102670e2c	mapped	0x102670e2c
System.Net.Http	1863	0x06000748	System.Net.Http.Headers.MediaTypeHeaderValue	Equals	0x2050	NoInlining	Public, Final, Virtual, HideBySig	0x1004b36fc	0x9486f603	0x102670f08	0x102670f08	mapped	0x102670f08
System.Net.Http	1864	0x06000749	System.Net.Http.Headers.MediaTypeHeaderValue	GetHashCode	0x2050	NoInlining	Public, Final, Virtual, HideBySig	0x1004b3700	0x9486f636	0x102670fd8	0x102670fd8	mapped	0x102670fd8
System.Net.Http	1865	0x0600074a	System.Net.Http.Headers.MediaTypeHeaderValue	GetMediaTypeLength	0x2050	NoInlining	Assembly, Static, HideBySig	0x1004b3704	0x9486f666	0x10267109c	0x10267109c	mapped	0x10267109c
System.Net.Http	1866	0x0600074b	System.Net.Http.Headers.MediaTypeHeaderValue	GetMediaTypeExpressionLength	0x2050	NoInlining	Private, Static, HideBySig	0x1004b3708	0x9486f6fd	0x1026712fc	0x1026712fc	mapped	0x1026712fc
System.Net.Http	1867	0x0600074c	System.Net.Http.Headers.MediaTypeHeaderValue	System.ICloneable.Clone	0x2050	NoInlining	Private, Final, Virtual, HideBySig, VtableLayoutMask	0x1004b370c	0x9486f76c	0x1026714bc	0x1026714bc	mapped	0x1026714bc
System.Net.Http	1868	0x0600074d	System.Net.Http.Headers.MediaTypeWithQualityHeaderValue	.ctor	0x2050	NoInlining	Assembly, HideBySig, SpecialName, RTSpecialName	0x1004b3710	0x9486f78a	0x102671538	0x102671538	mapped	0x102671538
System.Net.Http	1869	0x0600074e	System.Net.Http.Headers.MediaTypeWithQualityHeaderValue	.ctor	0x2050	NoInlining	Private, HideBySig, SpecialName, RTSpecialName	0x1004b3714	0x9486f78a	0x10267153c	0x10267153c	mapped	0x10267153c
System.Net.Http	1870	0x0600074f	System.Net.Http.Headers.MediaTypeWithQualityHeaderValue	System.ICloneable.Clone	0x2050	NoInlining	Private, Final, Virtual, HideBySig, VtableLayoutMask	0x1004b3718	0x9486f799	0x10267157c	0x10267157c	mapped	0x10267157c
System.Net.Http	1871	0x06000750	System.Net.Http.Headers.NameValueHeaderValue	get_Name	0x2050	NoInlining	Public, HideBySig, SpecialName	0x1004b371c	0x9486f7b7	0x1026715f8	0x1026715f8	mapped	0x1026715f8
System.Net.Http	1872	0x06000751	System.Net.Http.Headers.NameValueHeaderValue	get_Value	0x2050	NoInlining	Public, HideBySig, SpecialName	0x1004b3720	0x9486f7bf	0x10267161c	0x10267161c	mapped	0x10267161c
System.Net.Http	1873	0x06000752	System.Net.Http.Headers.NameValueHeaderValue	.ctor	0x2050	NoInlining	Assembly, HideBySig, SpecialName, RTSpecialName	0x1004b3724	0x9486f7c7	0x102671640	0x102671640	mapped	0x102671640
System.Net.Http	1874	0x06000753	System.Net.Http.Headers.NameValueHeaderValue	.ctor	0x2050	NoInlining	Public, HideBySig, SpecialName, RTSpecialName	0x1004b3728	0x9486f7d4	0x102671678	0x102671678	mapped	0x102671678
System.Net.Http	1875	0x06000754	System.Net.Http.Headers.NameValueHeaderValue	.ctor	0x2050	NoInlining	Public, HideBySig, SpecialName, RTSpecialName	0x1004b372c	0x9486f7ef	0x1026716e8	0x1026716e8	mapped	0x1026716e8
System.Net.Http	1876	0x06000755	System.Net.Http.Headers.NameValueHeaderValue	.ctor	0x2050	NoInlining	FamORAssem, HideBySig, SpecialName, RTSpecialName	0x1004b3730	0x9486f81e	0x1026717a8	0x1026717a8	mapped	0x1026717a8
System.Net.Http	1877	0x06000756	System.Net.Http.Headers.NameValueHeaderValue	GetHashCode	0x2050	NoInlining	Public, Virtual, HideBySig	0x1004b3734	0x9486f847	0x102671850	0x102671850	mapped	0x102671850
System.Net.Http	1878	0x06000757	System.Net.Http.Headers.NameValueHeaderValue	Equals	0x2050	NoInlining	Public, Virtual, HideBySig	0x1004b3738	0x9486f890	0x102671978	0x102671978	mapped	0x102671978
System.Net.Http	1879	0x06000758	System.Net.Http.Headers.NameValueHeaderValue	ToString	0x2050	NoInlining	Public, Virtual, HideBySig	0x1004b373c	0x9486f8d2	0x102671a84	0x102671a84	mapped	0x102671a84
System.Net.Http	1880	0x06000759	System.Net.Http.Headers.NameValueHeaderValue	AddToStringBuilder	0x2050	NoInlining	Private, HideBySig	0x1004b3740	0x9486f8f8	0x102671b20	0x102671b20	mapped	0x102671b20
System.Net.Http	1881	0x0600075a	System.Net.Http.Headers.NameValueHeaderValue	ToString	0x2050	NoInlining	Assembly, Static, HideBySig	0x1004b3744	0x9486f935	0x102671c18	0x102671c18	mapped	0x102671c18
System.Net.Http	1882	0x0600075b	System.Net.Http.Headers.NameValueHeaderValue	GetHashCode	0x2050	NoInlining	Assembly, Static, HideBySig	0x1004b3748	0x9486f9a0	0x102671dc8	0x102671dc8	mapped	0x102671dc8
System.Net.Http	1883	0x0600075c	System.Net.Http.Headers.NameValueHeaderValue	GetNameValueLength	0x2050	NoInlining	Assembly, Static, HideBySig	0x1004b374c	0x9486f9ff	0x102671f48	0x102671f48	mapped	0x102671f48
System.Net.Http	1884	0x0600075d	System.Net.Http.Headers.NameValueHeaderValue	GetNameValueLength	0x2050	NoInlining	Assembly, Static, HideBySig	0x1004b3750	0x9486fa20	0x102671fd0	0x102671fd0	mapped	0x102671fd0
System.Net.Http	1885	0x0600075e	System.Net.Http.Headers.NameValueHeaderValue	GetNameValueListLength	0x2050	NoInlining	Assembly, Static, HideBySig	0x1004b3754	0x9486faba	0x10267223c	0x10267223c	mapped	0x10267223c
System.Net.Http	1886	0x0600075f	System.Net.Http.Headers.NameValueHeaderValue	Find	0x2050	NoInlining	Assembly, Static, HideBySig	0x1004b3758	0x9486fb25	0x1026723ec	0x1026723ec	mapped	0x1026723ec
System.Net.Http	1887	0x06000760	System.Net.Http.Headers.NameValueHeaderValue	GetValueLength	0x2050	NoInlining	Assembly, Static, HideBySig	0x1004b375c	0x9486fb93	0x1026725a8	0x1026725a8	mapped	0x1026725a8
System.Net.Http	1888	0x06000761	System.Net.Http.Headers.NameValueHeaderValue	CheckNameValueFormat	0x2050	NoInlining	Private, Static, HideBySig	0x1004b3760	0x9486fbc3	0x10267266c	0x10267266c	mapped	0x10267266c
System.Net.Http	1889	0x06000762	System.Net.Http.Headers.NameValueHeaderValue	CheckValueFormat	0x2050	NoInlining	Private, Static, HideBySig	0x1004b3764	0x9486fbe0	0x1026726e4	0x1026726e4	mapped	0x1026726e4
System.Net.Http	1890	0x06000763	System.Net.Http.Headers.NameValueHeaderValue	CreateNameValue	0x2050	NoInlining	Private, Static, HideBySig	0x1004b3768	0x9486fc2d	0x10267281c	0x10267281c	mapped	0x10267281c
System.Net.Http	1891	0x06000764	System.Net.Http.Headers.NameValueHeaderValue	System.ICloneable.Clone	0x2050	NoInlining	Private, Final, Virtual, HideBySig, VtableLayoutMask	0x1004b376c	0x9486fc44	0x10267287c	0x10267287c	mapped	0x10267287c
System.Net.Http	1892	0x06000765	System.Net.Http.Headers.NameValueHeaderValue	.cctor	0x2050	NoInlining	Private, Static, HideBySig, SpecialName, RTSpecialName	0x1004b3770	0x9486fc62	0x1026728f8	0x1026728f8	mapped	0x1026728f8
System.Net.Http	1893	0x06000766	System.Net.Http.Headers.NameValueHeaderValue	<CheckValueFormat>g__ThrowFormatException|26_0	0x2050	NoInlining	Assembly, Static, HideBySig	0x1004b3774	0x9486fc87	0x102672990	0x102672990	mapped	0x102672990
System.Net.Http	1894	0x06000767	System.Net.Http.Headers.NameValueWithParametersHeaderValue	get_Parameters	0x2050	NoInlining	Public, HideBySig, SpecialName	0x1004b3778	0x9486fcab	0x102672a24	0x102672a24	mapped	0x102672a24
System.Net.Http	1895	0x06000768	System.Net.Http.Headers.NameValueWithParametersHeaderValue	.ctor	0x2050	NoInlining	Public, HideBySig, SpecialName, RTSpecialName	0x1004b377c	0x9486fcd4	0x102672acc	0x102672acc	mapped	0x102672acc
System.Net.Http	1896	0x06000769	System.Net.Http.Headers.NameValueWithParametersHeaderValue	.ctor	0x2050	NoInlining	Assembly, HideBySig, SpecialName, RTSpecialName	0x1004b3780	0x9486fcee	0x102672b38	0x102672b38	mapped	0x102672b38
System.Net.Http	1897	0x0600076a	System.Net.Http.Headers.NameValueWithParametersHeaderValue	.ctor	0x2050	NoInlining	Family, HideBySig, SpecialName, RTSpecialName	0x1004b3784	0x9486fcfb	0x102672b70	0x102672b70	mapped	0x102672b70
System.Net.Http	1898	0x0600076b	System.Net.Http.Headers.NameValueWithParametersHeaderValue	Equals	0x2050	NoInlining	Public, Final, Virtual, HideBySig	0x1004b3788	0x9486fd27	0x102672c24	0x102672c24	mapped	0x102672c24
System.Net.Http	1899	0x0600076c	System.Net.Http.Headers.NameValueWithParametersHeaderValue	GetHashCode	0x2050	NoInlining	Public, Final, Virtual, HideBySig	0x1004b378c	0x9486fd58	0x102672cec	0x102672cec	mapped	0x102672cec
System.Net.Http	1900	0x0600076d	System.Net.Http.Headers.NameValueWithParametersHeaderValue	ToString	0x2050	NoInlining	Public, Final, Virtual, HideBySig	0x1004b3790	0x9486fd6f	0x102672d4c	0x102672d4c	mapped	0x102672d4c
System.Net.Http	1901	0x0600076e	System.Net.Http.Headers.NameValueWithParametersHeaderValue	GetNameValueWithParametersLength	0x2050	NoInlining	Assembly, Static, HideBySig	0x1004b3794	0x9486fd94	0x102672de4	0x102672de4	mapped	0x102672de4
System.Net.Http	1902	0x0600076f	System.Net.Http.Headers.NameValueWithParametersHeaderValue	CreateNameValue	0x2050	NoInlining	Private, Static, HideBySig	0x1004b3798	0x9486fe15	0x102672fec	0x102672fec	mapped	0x102672fec
System.Net.Http	1903	0x06000770	System.Net.Http.Headers.NameValueWithParametersHeaderValue	System.ICloneable.Clone	0x2050	NoInlining	Private, Final, Virtual, HideBySig, VtableLayoutMask	0x1004b379c	0x9486fe2c	0x10267304c	0x10267304c	mapped	0x10267304c
System.Net.Http	1904	0x06000771	System.Net.Http.Headers.NameValueWithParametersHeaderValue	.cctor	0x2050	NoInlining	Private, Static, HideBySig, SpecialName, RTSpecialName	0x1004b37a0	0x9486fe4a	0x1026730c8	0x1026730c8	mapped	0x1026730c8
System.Net.Http	1905	0x06000772	System.Net.Http.Headers.UnvalidatedObjectCollection`1	Validate	0x2050	NoInlining	Public, Final, Virtual, HideBySig	0x1004b37a4	0x9486fe6f	0x102673160	0x102673160	mapped	0x102673160
System.Net.Http	1906	0x06000773	System.Net.Http.Headers.UnvalidatedObjectCollection`1	.ctor	0x2050	NoInlining	Public, HideBySig, SpecialName, RTSpecialName	0x1004b37a8	0x9486fe8d	0x1026731dc	0x1026731dc	mapped	0x1026731dc
System.Net.Http	1907	0x06000774	System.Net.Http.Headers.ObjectCollection`1	.ctor	0x2050	NoInlining	Public, HideBySig, SpecialName, RTSpecialName	0x1004b37ac	0x9486fe90	0x1026731ec	0x1026731ec	mapped	0x1026731ec
System.Net.Http	1908	0x06000775	System.Net.Http.Headers.ObjectCollection`1	get_Count	0x2050	NoInlining	Public, Final, Virtual, HideBySig, VtableLayoutMask, SpecialName	0x1004b37b0	0x9486fe93	0x1026731fc	0x1026731fc	mapped	0x1026731fc
System.Net.Http	1909	0x06000776	System.Net.Http.Headers.ObjectCollection`1	get_IsReadOnly	0x2050	NoInlining	Public, Final, Virtual, HideBySig, VtableLayoutMask, SpecialName	0x1004b37b4	0x9486fe9e	0x10267322c	0x10267322c	mapped	0x10267322c
System.Net.Http	1910	0x06000777	System.Net.Http.Headers.ObjectCollection`1	Validate	0x0	NoInlining	Public, Virtual, HideBySig, VtableLayoutMask, Abstract	0x1004b37b8	0x97fff88a	0x1004b19e0		absent	0x1004b19e0
System.Net.Http	1911	0x06000778	System.Net.Http.Headers.ObjectCollection`1	Add	0x2050	NoInlining	Public, Final, Virtual, HideBySig, VtableLayoutMask	0x1004b37bc	0x9486fea1	0x102673240	0x102673240	mapped	0x102673240
System.Net.Http	1912	0x06000779	System.Net.Http.Headers.ObjectCollection`1	Clear	0x2050	NoInlining	Public, Final, Virtual, HideBySig, VtableLayoutMask	0x1004b37c0	0x9486ff2a	0x102673468	0x102673468	mapped	0x102673468
System.Net.Http	1913	0x0600077a	System.Net.Http.Headers.ObjectCollection`1	Contains	0x2050	NoInlining	Public, Final, Virtual, HideBySig, VtableLayoutMask	0x1004b37c4	0x9486ff36	0x10267349c	0x10267349c	mapped	0x10267349c
System.Net.Http	1914	0x0600077b	System.Net.Http.Headers.ObjectCollection`1	CopyTo	0x2050	NoInlining	Public, Final, Virtual, HideBySig, VtableLayoutMask	0x1004b37c8	0x9486ff83	0x1026735d4	0x1026735d4	mapped	0x1026735d4
System.Net.Http	1915	0x0600077c	System.Net.Http.Headers.ObjectCollection`1	Remove	0x2050	NoInlining	Public, Final, Virtual, HideBySig, VtableLayoutMask	0x1004b37cc	0x9486ffe2	0x102673754	0x102673754	mapped	0x102673754
System.Net.Http	1916	0x0600077d	System.Net.Http.Headers.ObjectCollection`1	GetEnumerator	0x2050	NoInlining	Public, HideBySig	0x1004b37d0	0x94870044	0x1026738e0	0x1026738e0	mapped	0x1026738e0
System.Net.Http	1917	0x0600077e	System.Net.Http.Headers.ObjectCollection`1	System.Collections.Generic.IEnumerable<T>.GetEnumerator	0x2050	NoInlining	Private, Final, Virtual, HideBySig, VtableLayoutMask	0x1004b37d4	0x9487005e	0x10267394c	0x10267394c	mapped	0x10267394c
System.Net.Http	1918	0x0600077f	System.Net.Http.Headers.ObjectCollection`1	System.Collections.IEnumerable.GetEnumerator	0x2050	NoInlining	Private, Final, Virtual, HideBySig, VtableLayoutMask	0x1004b37d8	0x9487009a	0x102673a40	0x102673a40	mapped	0x102673a40
System.Net.Http	1919	0x06000780	System.Net.Http.Headers.ObjectCollection`1+Enumerator	.ctor	0x2050	NoInlining	Assembly, HideBySig, SpecialName, RTSpecialName	0x1004b37dc	0x948700d6	0x102673b34	0x102673b34	mapped	0x102673b34
System.Net.Http	1920	0x06000781	System.Net.Http.Headers.ObjectCollection`1+Enumerator	Dispose	0x2050	NoInlining	Public, Final, Virtual, HideBySig, VtableLayoutMask	0x1004b37e0	0x948700ea	0x102673b88	0x102673b88	mapped	0x102673b88
System.Net.Http	1921	0x06000782	System.Net.Http.Headers.ObjectCollection`1+Enumerator	MoveNext	0x2050	NoInlining	Public, Final, Virtual, HideBySig, VtableLayoutMask	0x1004b37e4	0x948700ed	0x102673b98	0x102673b98	mapped	0x102673b98
System.Net.Http	1922	0x06000783	System.Net.Http.Headers.ObjectCollection`1+Enumerator	get_Current	0x2050	NoInlining	Public, Final, Virtual, HideBySig, VtableLayoutMask, SpecialName	0x1004b37e8	0x94870143	0x102673cf4	0x102673cf4	mapped	0x102673cf4
System.Net.Http	1923	0x06000784	System.Net.Http.Headers.ObjectCollection`1+Enumerator	System.Collections.IEnumerator.get_Current	0x2050	NoInlining	Private, Final, Virtual, HideBySig, VtableLayoutMask, SpecialName	0x1004b37ec	0x9487014e	0x102673d24	0x102673d24	mapped	0x102673d24
System.Net.Http	1924	0x06000785	System.Net.Http.Headers.ObjectCollection`1+Enumerator	System.Collections.IEnumerator.Reset	0x2050	NoInlining	Private, Final, Virtual, HideBySig, VtableLayoutMask	0x1004b37f0	0x94870159	0x102673d54	0x102673d54	mapped	0x102673d54
System.Net.Http	1925	0x06000786	System.Net.Http.Headers.ProductHeaderValue	.ctor	0x2050	NoInlining	Public, HideBySig, SpecialName, RTSpecialName	0x1004b37f4	0x94870165	0x102673d88	0x102673d88	mapped	0x102673d88
System.Net.Http	1926	0x06000787	System.Net.Http.Headers.ProductHeaderValue	.ctor	0x2050	NoInlining	Public, HideBySig, SpecialName, RTSpecialName	0x1004b37f8	0x94870175	0x102673dcc	0x102673dcc	mapped	0x102673dcc
System.Net.Http	1927	0x06000788	System.Net.Http.Headers.ProductHeaderValue	.ctor	0x2050	NoInlining	Private, HideBySig, SpecialName, RTSpecialName	0x1004b37fc	0x948701b5	0x102673ed0	0x102673ed0	mapped	0x102673ed0
System.Net.Http	1928	0x06000789	System.Net.Http.Headers.ProductHeaderValue	ToString	0x2050	NoInlining	Public, Final, Virtual, HideBySig	0x1004b3800	0x948701cf	0x102673f3c	0x102673f3c	mapped	0x102673f3c
System.Net.Http	1929	0x0600078a	System.Net.Http.Headers.ProductHeaderValue	Equals	0x2050	NoInlining	Public, Final, Virtual, HideBySig	0x1004b3804	0x948701f5	0x102673fd8	0x102673fd8	mapped	0x102673fd8
System.Net.Http	1930	0x0600078b	System.Net.Http.Headers.ProductHeaderValue	GetHashCode	0x2050	NoInlining	Public, Final, Virtual, HideBySig	0x1004b3808	0x94870224	0x102674098	0x102674098	mapped	0x102674098
System.Net.Http	1931	0x0600078c	System.Net.Http.Headers.ProductHeaderValue	GetProductLength	0x2050	NoInlining	Assembly, Static, HideBySig	0x1004b380c	0x94870265	0x1026741a0	0x1026741a0	mapped	0x1026741a0
System.Net.Http	1932	0x0600078d	System.Net.Http.Headers.ProductHeaderValue	System.ICloneable.Clone	0x2050	NoInlining	Private, Final, Virtual, HideBySig, VtableLayoutMask	0x1004b3810	0x948702e3	0x10267439c	0x10267439c	mapped	0x10267439c
System.Net.Http	1933	0x0600078e	System.Net.Http.Headers.ProductInfoHeaderParser	.ctor	0x2050	NoInlining	Private, HideBySig, SpecialName, RTSpecialName	0x1004b3814	0x94870301	0x102674418	0x102674418	mapped	0x102674418
System.Net.Http	1934	0x0600078f	System.Net.Http.Headers.ProductInfoHeaderParser	TryParseValue	0x2050	NoInlining	Public, Final, Virtual, HideBySig	0x1004b3818	0x94870322	0x1026744a0	0x1026744a0	mapped	0x1026744a0
System.Net.Http	1935	0x06000790	System.Net.Http.Headers.ProductInfoHeaderParser	.cctor	0x2050	NoInlining	Private, Static, HideBySig, SpecialName, RTSpecialName	0x1004b381c	0x9487036e	0x1026745d4	0x1026745d4	mapped	0x1026745d4
System.Net.Http	1936	0x06000791	System.Net.Http.Headers.ProductInfoHeaderValue	.ctor	0x2050	NoInlining	Public, HideBySig, SpecialName, RTSpecialName	0x1004b3820	0x948703a4	0x1026746b0	0x1026746b0	mapped	0x1026746b0
System.Net.Http	1937	0x06000792	System.Net.Http.Headers.ProductInfoHeaderValue	.ctor	0x2050	NoInlining	Public, HideBySig, SpecialName, RTSpecialName	0x1004b3824	0x948703cc	0x102674754	0x102674754	mapped	0x102674754
System.Net.Http	1938	0x06000793	System.Net.Http.Headers.ProductInfoHeaderValue	.ctor	0x2050	NoInlining	Private, HideBySig, SpecialName, RTSpecialName	0x1004b3828	0x948703f4	0x1026747f8	0x1026747f8	mapped	0x1026747f8
System.Net.Http	1939	0x06000794	System.Net.Http.Headers.ProductInfoHeaderValue	ToString	0x2050	NoInlining	Public, Final, Virtual, HideBySig	0x1004b382c	0x9487040e	0x102674864	0x102674864	mapped	0x102674864
System.Net.Http	1940	0x06000795	System.Net.Http.Headers.ProductInfoHeaderValue	Equals	0x2050	NoInlining	Public, Final, Virtual, HideBySig	0x1004b3830	0x94870426	0x1026748c8	0x1026748c8	mapped	0x1026748c8
System.Net.Http	1941	0x06000796	System.Net.Http.Headers.ProductInfoHeaderValue	GetHashCode	0x2050	NoInlining	Public, Final, Virtual, HideBySig	0x1004b3834	0x94870456	0x10267498c	0x10267498c	mapped	0x10267498c
System.Net.Http	1942	0x06000797	System.Net.Http.Headers.ProductInfoHeaderValue	GetProductInfoLength	0x2050	NoInlining	Assembly, Static, HideBySig	0x1004b3838	0x94870471	0x1026749fc	0x1026749fc	mapped	0x1026749fc
System.Net.Http	1943	0x06000798	System.Net.Http.Headers.ProductInfoHeaderValue	System.ICloneable.Clone	0x2050	NoInlining	Private, Final, Virtual, HideBySig, VtableLayoutMask	0x1004b383c	0x948704d6	0x102674b94	0x102674b94	mapped	0x102674b94
System.Net.Http	1944	0x06000799	System.Net.Http.Headers.RangeConditionHeaderValue	.ctor	0x2050	NoInlining	Public, HideBySig, SpecialName, RTSpecialName	0x1004b3840	0x948704f4	0x102674c10	0x102674c10	mapped	0x102674c10
System.Net.Http	1945	0x0600079a	System.Net.Http.Headers.RangeConditionHeaderValue	.ctor	0x2050	NoInlining	Public, HideBySig, SpecialName, RTSpecialName	0x1004b3844	0x948704fc	0x102674c34	0x102674c34	mapped	0x102674c34
System.Net.Http	1946	0x0600079b	System.Net.Http.Headers.RangeConditionHeaderValue	.ctor	0x2050	NoInlining	Private, HideBySig, SpecialName, RTSpecialName	0x1004b3848	0x94870524	0x102674cd8	0x102674cd8	mapped	0x102674cd8
System.Net.Http	1947	0x0600079c	System.Net.Http.Headers.RangeConditionHeaderValue	ToString	0x2050	NoInlining	Public, Final, Virtual, HideBySig	0x1004b384c	0x9487053a	0x102674d34	0x102674d34	mapped	0x102674d34
System.Net.Http	1948	0x0600079d	System.Net.Http.Headers.RangeConditionHeaderValue	Equals	0x2050	NoInlining	Public, Final, Virtual, HideBySig	0x1004b3850	0x94870560	0x102674dd0	0x102674dd0	mapped	0x102674dd0
System.Net.Http	1949	0x0600079e	System.Net.Http.Headers.RangeConditionHeaderValue	GetHashCode	0x2050	NoInlining	Public, Final, Virtual, HideBySig	0x1004b3854	0x94870594	0x102674ea4	0x102674ea4	mapped	0x102674ea4
System.Net.Http	1950	0x0600079f	System.Net.Http.Headers.RangeConditionHeaderValue	GetRangeConditionLength	0x2050	NoInlining	Assembly, Static, HideBySig	0x1004b3858	0x948705ad	0x102674f0c	0x102674f0c	mapped	0x102674f0c
System.Net.Http	1951	0x060007a0	System.Net.Http.Headers.RangeConditionHeaderValue	System.ICloneable.Clone	0x2050	NoInlining	Private, Final, Virtual, HideBySig, VtableLayoutMask	0x1004b385c	0x94870626	0x1026750f4	0x1026750f4	mapped	0x1026750f4
System.Net.Http	1952	0x060007a1	System.Net.Http.Headers.RangeHeaderValue	get_Ranges	0x2050	NoInlining	Public, HideBySig, SpecialName	0x1004b3860	0x94870644	0x102675170	0x102675170	mapped	0x102675170
System.Net.Http	1953	0x060007a2	System.Net.Http.Headers.RangeHeaderValue	.ctor	0x2050	NoInlining	Public, HideBySig, SpecialName, RTSpecialName	0x1004b3864	0x9487066d	0x102675218	0x102675218	mapped	0x102675218
System.Net.Http	1954	0x060007a3	System.Net.Http.Headers.RangeHeaderValue	.ctor	0x2050	NoInlining	Private, HideBySig, SpecialName, RTSpecialName	0x1004b3868	0x9487068a	0x102675290	0x102675290	mapped	0x102675290
System.Net.Http	1955	0x060007a4	System.Net.Http.Headers.RangeHeaderValue	ToString	0x2050	NoInlining	Public, Final, Virtual, HideBySig	0x1004b386c	0x94870710	0x1026754ac	0x1026754ac	mapped	0x1026754ac
System.Net.Http	1956	0x060007a5	System.Net.Http.Headers.RangeHeaderValue	Equals	0x2050	NoInlining	Public, Final, Virtual, HideBySig	0x1004b3870	0x948707fd	0x102675864	0x102675864	mapped	0x102675864
System.Net.Http	1957	0x060007a6	System.Net.Http.Headers.RangeHeaderValue	GetHashCode	0x2050	NoInlining	Public, Final, Virtual, HideBySig	0x1004b3874	0x9487082d	0x102675928	0x102675928	mapped	0x102675928
System.Net.Http	1958	0x060007a7	System.Net.Http.Headers.RangeHeaderValue	GetRangeLength	0x2050	NoInlining	Assembly, Static, HideBySig	0x1004b3878	0x9487089d	0x102675aec	0x102675aec	mapped	0x102675aec
System.Net.Http	1959	0x060007a8	System.Net.Http.Headers.RangeHeaderValue	System.ICloneable.Clone	0x2050	NoInlining	Private, Final, Virtual, HideBySig, VtableLayoutMask	0x1004b387c	0x94870915	0x102675cd0	0x102675cd0	mapped	0x102675cd0
System.Net.Http	1960	0x060007a9	System.Net.Http.Headers.RangeItemHeaderValue	get_From	0x2050	NoInlining	Public, HideBySig, SpecialName	0x1004b3880	0x94870933	0x102675d4c	0x102675d4c	mapped	0x102675d4c
System.Net.Http	1961	0x060007aa	System.Net.Http.Headers.RangeItemHeaderValue	get_To	0x2050	NoInlining	Public, HideBySig, SpecialName	0x1004b3884	0x94870948	0x102675da4	0x102675da4	mapped	0x102675da4
System.Net.Http	1962	0x060007ab	System.Net.Http.Headers.RangeItemHeaderValue	.ctor	0x2050	NoInlining	Public, HideBySig, SpecialName, RTSpecialName	0x1004b3888	0x9487095d	0x102675dfc	0x102675dfc	mapped	0x102675dfc
System.Net.Http	1963	0x060007ac	System.Net.Http.Headers.RangeItemHeaderValue	.ctor	0x2050	NoInlining	Assembly, HideBySig, SpecialName, RTSpecialName	0x1004b388c	0x948709af	0x102675f48	0x102675f48	mapped	0x102675f48
System.Net.Http	1964	0x060007ad	System.Net.Http.Headers.RangeItemHeaderValue	ToString	0x2050	NoInlining	Public, Final, Virtual, HideBySig	0x1004b3890	0x948709bf	0x102675f8c	0x102675f8c	mapped	0x102675f8c
System.Net.Http	1965	0x060007ae	System.Net.Http.Headers.RangeItemHeaderValue	Equals	0x2050	NoInlining	Public, Final, Virtual, HideBySig	0x1004b3894	0x94870a9d	0x102676308	0x102676308	mapped	0x102676308
System.Net.Http	1966	0x060007af	System.Net.Http.Headers.RangeItemHeaderValue	GetHashCode	0x2050	NoInlining	Public, Final, Virtual, HideBySig	0x1004b3898	0x94870ac3	0x1026763a4	0x1026763a4	mapped	0x1026763a4
System.Net.Http	1967	0x060007b0	System.Net.Http.Headers.RangeItemHeaderValue	GetRangeItemListLength	0x2050	NoInlining	Assembly, Static, HideBySig	0x1004b389c	0x94870ae3	0x102676428	0x102676428	mapped	0x102676428
System.Net.Http	1968	0x060007b1	System.Net.Http.Headers.RangeItemHeaderValue	GetRangeItemLength	0x2050	NoInlining	Assembly, Static, HideBySig	0x1004b38a0	0x94870b3c	0x102676590	0x102676590	mapped	0x102676590
System.Net.Http	1969	0x060007b2	System.Net.Http.Headers.RangeItemHeaderValue	System.ICloneable.Clone	0x2050	NoInlining	Private, Final, Virtual, HideBySig, VtableLayoutMask	0x1004b38a4	0x94870be2	0x10267682c	0x10267682c	mapped	0x10267682c
System.Net.Http	1970	0x060007b3	System.Net.Http.Headers.RetryConditionHeaderValue	.ctor	0x2050	NoInlining	Public, HideBySig, SpecialName, RTSpecialName	0x1004b38a8	0x94870c00	0x1026768a8	0x1026768a8	mapped	0x1026768a8
System.Net.Http	1971	0x060007b4	System.Net.Http.Headers.RetryConditionHeaderValue	.ctor	0x2050	NoInlining	Public, HideBySig, SpecialName, RTSpecialName	0x1004b38ac	0x94870c0b	0x1026768d8	0x1026768d8	mapped	0x1026768d8
System.Net.Http	1972	0x060007b5	System.Net.Http.Headers.RetryConditionHeaderValue	.ctor	0x2050	NoInlining	Private, HideBySig, SpecialName, RTSpecialName	0x1004b38b0	0x94870c35	0x102676984	0x102676984	mapped	0x102676984
System.Net.Http	1973	0x060007b6	System.Net.Http.Headers.RetryConditionHeaderValue	ToString	0x2050	NoInlining	Public, Final, Virtual, HideBySig	0x1004b38b4	0x94870c45	0x1026769c8	0x1026769c8	mapped	0x1026769c8
System.Net.Http	1974	0x060007b7	System.Net.Http.Headers.RetryConditionHeaderValue	Equals	0x2050	NoInlining	Public, Final, Virtual, HideBySig	0x1004b38b8	0x94870c7c	0x102676aa8	0x102676aa8	mapped	0x102676aa8
System.Net.Http	1975	0x060007b8	System.Net.Http.Headers.RetryConditionHeaderValue	GetHashCode	0x2050	NoInlining	Public, Final, Virtual, HideBySig	0x1004b38bc	0x94870ca7	0x102676b58	0x102676b58	mapped	0x102676b58
System.Net.Http	1976	0x060007b9	System.Net.Http.Headers.RetryConditionHeaderValue	GetRetryConditionLength	0x2050	NoInlining	Assembly, Static, HideBySig	0x1004b38c0	0x94870cc8	0x102676be0	0x102676be0	mapped	0x102676be0
System.Net.Http	1977	0x060007ba	System.Net.Http.Headers.RetryConditionHeaderValue	System.ICloneable.Clone	0x2050	NoInlining	Private, Final, Virtual, HideBySig, VtableLayoutMask	0x1004b38c4	0x94870d44	0x102676dd4	0x102676dd4	mapped	0x102676dd4
System.Net.Http	1978	0x060007bb	System.Net.Http.Headers.StringWithQualityHeaderValue	get_Value	0x2050	NoInlining	Public, HideBySig, SpecialName	0x1004b38c8	0x94870d62	0x102676e50	0x102676e50	mapped	0x102676e50
System.Net.Http	1979	0x060007bc	System.Net.Http.Headers.StringWithQualityHeaderValue	.ctor	0x2050	NoInlining	Public, HideBySig, SpecialName, RTSpecialName	0x1004b38cc	0x94870d6a	0x102676e74	0x102676e74	mapped	0x102676e74
System.Net.Http	1980	0x060007bd	System.Net.Http.Headers.StringWithQualityHeaderValue	.ctor	0x2050	NoInlining	Public, HideBySig, SpecialName, RTSpecialName	0x1004b38d0	0x94870d94	0x102676f20	0x102676f20	mapped	0x102676f20
System.Net.Http	1981	0x060007be	System.Net.Http.Headers.StringWithQualityHeaderValue	.ctor	0x2050	NoInlining	Private, HideBySig, SpecialName, RTSpecialName	0x1004b38d4	0x94870dcc	0x102677004	0x102677004	mapped	0x102677004
System.Net.Http	1982	0x060007bf	System.Net.Http.Headers.StringWithQualityHeaderValue	ToString	0x2050	NoInlining	Public, Final, Virtual, HideBySig	0x1004b38d8	0x94870de2	0x102677060	0x102677060	mapped	0x102677060
System.Net.Http	1983	0x060007c0	System.Net.Http.Headers.StringWithQualityHeaderValue	Equals	0x2050	NoInlining	Public, Final, Virtual, HideBySig	0x1004b38dc	0x94870e53	0x102677228	0x102677228	mapped	0x102677228
System.Net.Http	1984	0x060007c1	System.Net.Http.Headers.StringWithQualityHeaderValue	GetHashCode	0x2050	NoInlining	Public, Final, Virtual, HideBySig	0x1004b38e0	0x94870e82	0x1026772e8	0x1026772e8	mapped	0x1026772e8
System.Net.Http	1985	0x060007c2	System.Net.Http.Headers.StringWithQualityHeaderValue	GetStringWithQualityLength	0x2050	NoInlining	Assembly, Static, HideBySig	0x1004b38e4	0x94870eb2	0x1026773ac	0x1026773ac	mapped	0x1026773ac
System.Net.Http	1986	0x060007c3	System.Net.Http.Headers.StringWithQualityHeaderValue	TryReadQuality	0x2050	NoInlining	Private, Static, HideBySig	0x1004b38e8	0x94870f25	0x10267757c	0x10267757c	mapped	0x10267757c
System.Net.Http	1987	0x060007c4	System.Net.Http.Headers.StringWithQualityHeaderValue	System.ICloneable.Clone	0x2050	NoInlining	Private, Final, Virtual, HideBySig, VtableLayoutMask	0x1004b38ec	0x94870f98	0x10267774c	0x10267774c	mapped	0x10267774c
System.Net.Http	1988	0x060007c5	System.Net.Http.Headers.TimeSpanHeaderParser	.ctor	0x2050	NoInlining	Private, HideBySig, SpecialName, RTSpecialName	0x1004b38f0	0x94870fb6	0x1026777c8	0x1026777c8	mapped	0x1026777c8
System.Net.Http	1989	0x060007c6	System.Net.Http.Headers.TimeSpanHeaderParser	ToString	0x2050	NoInlining	Public, Final, Virtual, HideBySig	0x1004b38f4	0x94870fcb	0x102677820	0x102677820	mapped	0x102677820
System.Net.Http	1990	0x060007c7	System.Net.Http.Headers.TimeSpanHeaderParser	GetParsedValueLength	0x2050	NoInlining	Family, Final, Virtual, HideBySig	0x1004b38f8	0x94871006	0x102677910	0x102677910	mapped	0x102677910
System.Net.Http	1991	0x060007c8	System.Net.Http.Headers.TimeSpanHeaderParser	.cctor	0x2050	NoInlining	Private, Static, HideBySig, SpecialName, RTSpecialName	0x1004b38fc	0x9487104e	0x102677a34	0x102677a34	mapped	0x102677a34
System.Net.Http	1992	0x060007c9	System.Net.Http.Headers.TransferCodingHeaderParser	.ctor	0x2050	NoInlining	Private, HideBySig, SpecialName, RTSpecialName	0x1004b3900	0x9487106a	0x102677aa8	0x102677aa8	mapped	0x102677aa8
System.Net.Http	1993	0x060007ca	System.Net.Http.Headers.TransferCodingHeaderParser	GetParsedValueLength	0x2050	NoInlining	Family, Final, Virtual, HideBySig	0x1004b3904	0x94871097	0x102677b60	0x102677b60	mapped	0x102677b60
System.Net.Http	1994	0x060007cb	System.Net.Http.Headers.TransferCodingHeaderParser	CreateTransferCoding	0x2050	NoInlining	Private, Static, HideBySig	0x1004b3908	0x948710c1	0x102677c0c	0x102677c0c	mapped	0x102677c0c
System.Net.Http	1995	0x060007cc	System.Net.Http.Headers.TransferCodingHeaderParser	CreateTransferCodingWithQuality	0x2050	NoInlining	Private, Static, HideBySig	0x1004b390c	0x948710d8	0x102677c6c	0x102677c6c	mapped	0x102677c6c
System.Net.Http	1996	0x060007cd	System.Net.Http.Headers.TransferCodingHeaderParser	.cctor	0x2050	NoInlining	Private, Static, HideBySig, SpecialName, RTSpecialName	0x1004b3910	0x948710ef	0x102677ccc	0x102677ccc	mapped	0x102677ccc
System.Net.Http	1997	0x060007ce	System.Net.Http.Headers.TransferCodingHeaderValue	get_Parameters	0x2050	NoInlining	Public, HideBySig, SpecialName	0x1004b3914	0x94871182	0x102677f1c	0x102677f1c	mapped	0x102677f1c
System.Net.Http	1998	0x060007cf	System.Net.Http.Headers.TransferCodingHeaderValue	.ctor	0x2050	NoInlining	Assembly, HideBySig, SpecialName, RTSpecialName	0x1004b3918	0x948711ab	0x102677fc4	0x102677fc4	mapped	0x102677fc4
System.Net.Http	1999	0x060007d0	System.Net.Http.Headers.TransferCodingHeaderValue	.ctor	0x2050	NoInlining	Family, HideBySig, SpecialName, RTSpecialName	0x1004b391c	0x948711ab	0x102677fc8	0x102677fc8	mapped	0x102677fc8
System.Net.Http	2000	0x060007d1	System.Net.Http.Headers.TransferCodingHeaderValue	.ctor	0x2050	NoInlining	Public, HideBySig, SpecialName, RTSpecialName	0x1004b3920	0x948711d2	0x102678068	0x102678068	mapped	0x102678068
System.Net.Http	2001	0x060007d2	System.Net.Http.Headers.TransferCodingHeaderValue	GetTransferCodingLength	0x2050	NoInlining	Assembly, Static, HideBySig	0x1004b3924	0x948711fa	0x10267810c	0x10267810c	mapped	0x10267810c
System.Net.Http	2002	0x060007d3	System.Net.Http.Headers.TransferCodingHeaderValue	ToString	0x2050	NoInlining	Public, Final, Virtual, HideBySig	0x1004b3928	0x94871291	0x10267836c	0x10267836c	mapped	0x10267836c
System.Net.Http	2003	0x060007d4	System.Net.Http.Headers.TransferCodingHeaderValue	Equals	0x2050	NoInlining	Public, Final, Virtual, HideBySig	0x1004b392c	0x948712b3	0x1026783f8	0x1026783f8	mapped	0x1026783f8
System.Net.Http	2004	0x060007d5	System.Net.Http.Headers.TransferCodingHeaderValue	GetHashCode	0x2050	NoInlining	Public, Final, Virtual, HideBySig	0x1004b3930	0x948712e6	0x1026784c8	0x1026784c8	mapped	0x1026784c8
System.Net.Http	2005	0x060007d6	System.Net.Http.Headers.TransferCodingHeaderValue	System.ICloneable.Clone	0x2050	NoInlining	Private, Final, Virtual, HideBySig, VtableLayoutMask	0x1004b3934	0x94871316	0x10267858c	0x10267858c	mapped	0x10267858c
System.Net.Http	2006	0x060007d7	System.Net.Http.Headers.TransferCodingWithQualityHeaderValue	.ctor	0x2050	NoInlining	Assembly, HideBySig, SpecialName, RTSpecialName	0x1004b3938	0x94871334	0x102678608	0x102678608	mapped	0x102678608
System.Net.Http	2007	0x060007d8	System.Net.Http.Headers.TransferCodingWithQualityHeaderValue	.ctor	0x2050	NoInlining	Private, HideBySig, SpecialName, RTSpecialName	0x1004b393c	0x94871334	0x10267860c	0x10267860c	mapped	0x10267860c
System.Net.Http	2008	0x060007d9	System.Net.Http.Headers.TransferCodingWithQualityHeaderValue	System.ICloneable.Clone	0x2050	NoInlining	Private, Final, Virtual, HideBySig, VtableLayoutMask	0x1004b3940	0x94871343	0x10267864c	0x10267864c	mapped	0x10267864c
System.Net.Http	2009	0x060007da	System.Net.Http.Headers.UriHeaderParser	.ctor	0x2050	NoInlining	Private, HideBySig, SpecialName, RTSpecialName	0x1004b3944	0x94871361	0x1026786c8	0x1026786c8	mapped	0x1026786c8
System.Net.Http	2010	0x060007db	System.Net.Http.Headers.UriHeaderParser	TryParseValue	0x2050	NoInlining	Public, Final, Virtual, HideBySig	0x1004b3948	0x9487137a	0x102678730	0x102678730	mapped	0x102678730
System.Net.Http	2011	0x060007dc	System.Net.Http.Headers.UriHeaderParser	DecodeUtf8FromString	0x2050	NoInlining	Assembly, Static, HideBySig	0x1004b394c	0x948713c2	0x102678854	0x102678854	mapped	0x102678854
System.Net.Http	2012	0x060007dd	System.Net.Http.Headers.UriHeaderParser	ToString	0x2050	NoInlining	Public, Final, Virtual, HideBySig	0x1004b3950	0x9487147b	0x102678b3c	0x102678b3c	mapped	0x102678b3c
System.Net.Http	2013	0x060007de	System.Net.Http.Headers.UriHeaderParser	.cctor	0x2050	NoInlining	Private, Static, HideBySig, SpecialName, RTSpecialName	0x1004b3954	0x948714aa	0x102678bfc	0x102678bfc	mapped	0x102678bfc
System.Net.Http	2014	0x060007df	System.Net.Http.Headers.ViaHeaderValue	.ctor	0x2050	NoInlining	Public, HideBySig, SpecialName, RTSpecialName	0x1004b3958	0x948714c7	0x102678c74	0x102678c74	mapped	0x102678c74
System.Net.Http	2015	0x060007e0	System.Net.Http.Headers.ViaHeaderValue	.ctor	0x2050	NoInlining	Private, HideBySig, SpecialName, RTSpecialName	0x1004b395c	0x94871525	0x102678df0	0x102678df0	mapped	0x102678df0
System.Net.Http	2016	0x060007e1	System.Net.Http.Headers.ViaHeaderValue	ToString	0x2050	NoInlining	Public, Final, Virtual, HideBySig	0x1004b3960	0x9487154b	0x102678e8c	0x102678e8c	mapped	0x102678e8c
System.Net.Http	2017	0x060007e2	System.Net.Http.Headers.ViaHeaderValue	Equals	0x2050	NoInlining	Public, Final, Virtual, HideBySig	0x1004b3964	0x9487161e	0x1026791dc	0x1026791dc	mapped	0x1026791dc
System.Net.Http	2018	0x060007e3	System.Net.Http.Headers.ViaHeaderValue	GetHashCode	0x2050	NoInlining	Public, Final, Virtual, HideBySig	0x1004b3968	0x94871659	0x1026792cc	0x1026792cc	mapped	0x1026792cc
System.Net.Http	2019	0x060007e4	System.Net.Http.Headers.ViaHeaderValue	GetViaLength	0x2050	NoInlining	Assembly, Static, HideBySig	0x1004b396c	0x948716b2	0x102679434	0x102679434	mapped	0x102679434
System.Net.Http	2020	0x060007e5	System.Net.Http.Headers.ViaHeaderValue	GetProtocolEndIndex	0x2050	NoInlining	Private, Static, HideBySig	0x1004b3970	0x9487172e	0x102679628	0x102679628	mapped	0x102679628
System.Net.Http	2021	0x060007e6	System.Net.Http.Headers.ViaHeaderValue	System.ICloneable.Clone	0x2050	NoInlining	Private, Final, Virtual, HideBySig, VtableLayoutMask	0x1004b3974	0x94871799	0x1026797d8	0x1026797d8	mapped	0x1026797d8
System.Net.Http	2022	0x060007e7	System.Net.Http.Headers.ViaHeaderValue	CheckReceivedBy	0x2050	NoInlining	Private, Static, HideBySig	0x1004b3978	0x948717b7	0x102679854	0x102679854	mapped	0x102679854
System.Net.Http	2023	0x060007e8	System.Net.Http.Headers.WarningHeaderValue	.ctor	0x2050	NoInlining	Public, HideBySig, SpecialName, RTSpecialName	0x1004b397c	0x948717f1	0x102679940	0x102679940	mapped	0x102679940
System.Net.Http	2024	0x060007e9	System.Net.Http.Headers.WarningHeaderValue	.ctor	0x2050	NoInlining	Public, HideBySig, SpecialName, RTSpecialName	0x1004b3980	0x94871827	0x102679a1c	0x102679a1c	mapped	0x102679a1c
System.Net.Http	2025	0x060007ea	System.Net.Http.Headers.WarningHeaderValue	.ctor	0x2050	NoInlining	Private, HideBySig, SpecialName, RTSpecialName	0x1004b3984	0x94871863	0x102679b10	0x102679b10	mapped	0x102679b10
System.Net.Http	2026	0x060007eb	System.Net.Http.Headers.WarningHeaderValue	ToString	0x2050	NoInlining	Public, Final, Virtual, HideBySig	0x1004b3988	0x94871883	0x102679b94	0x102679b94	mapped	0x102679b94
System.Net.Http	2027	0x060007ec	System.Net.Http.Headers.WarningHeaderValue	Equals	0x2050	NoInlining	Public, Final, Virtual, HideBySig	0x1004b398c	0x9487194a	0x102679eb4	0x102679eb4	mapped	0x102679eb4
System.Net.Http	2028	0x060007ed	System.Net.Http.Headers.WarningHeaderValue	GetHashCode	0x2050	NoInlining	Public, Final, Virtual, HideBySig	0x1004b3990	0x94871985	0x102679fa4	0x102679fa4	mapped	0x102679fa4
System.Net.Http	2029	0x060007ee	System.Net.Http.Headers.WarningHeaderValue	GetWarningLength	0x2050	NoInlining	Assembly, Static, HideBySig	0x1004b3994	0x948719ba	0x10267a07c	0x10267a07c	mapped	0x10267a07c
System.Net.Http	2030	0x060007ef	System.Net.Http.Headers.WarningHeaderValue	TryReadAgent	0x2050	NoInlining	Private, Static, HideBySig	0x1004b3998	0x94871a5c	0x10267a308	0x10267a308	mapped	0x10267a308
System.Net.Http	2031	0x060007f0	System.Net.Http.Headers.WarningHeaderValue	TryReadCode	0x2050	NoInlining	Private, Static, HideBySig	0x1004b399c	0x94871a97	0x10267a3f8	0x10267a3f8	mapped	0x10267a3f8
System.Net.Http	2032	0x060007f1	System.Net.Http.Headers.WarningHeaderValue	TryReadDate	0x2050	NoInlining	Private, Static, HideBySig	0x1004b39a0	0x94871ad1	0x10267a4e4	0x10267a4e4	mapped	0x10267a4e4
System.Net.Http	2033	0x060007f2	System.Net.Http.Headers.WarningHeaderValue	System.ICloneable.Clone	0x2050	NoInlining	Private, Final, Virtual, HideBySig, VtableLayoutMask	0x1004b39a4	0x94871b43	0x10267a6b0	0x10267a6b0	mapped	0x10267a6b0
System.Net.Http	2034	0x060007f3	System.Net.Http.Headers.WarningHeaderValue	CheckCode	0x2050	NoInlining	Private, Static, HideBySig	0x1004b39a8	0x94871b61	0x10267a72c	0x10267a72c	mapped	0x10267a72c
System.Net.Http	2035	0x060007f4	System.Net.Http.Headers.WarningHeaderValue	CheckAgent	0x2050	NoInlining	Private, Static, HideBySig	0x1004b39ac	0x94871b83	0x10267a7b8	0x10267a7b8	mapped	0x10267a7b8
System.Net.Http	2036	0x060007f5	System.Net.Http.Headers.AltSvcHeaderParser	get_Parser	0x2050	NoInlining	Public, Static, HideBySig, SpecialName	0x1004b39b0	0x94871bb5	0x10267a884	0x10267a884	mapped	0x10267a884
System.Net.Http	2037	0x060007f6	System.Net.Http.Headers.AltSvcHeaderParser	.ctor	0x2050	NoInlining	Private, HideBySig, SpecialName, RTSpecialName	0x1004b39b4	0x94871bc5	0x10267a8c8	0x10267a8c8	mapped	0x10267a8c8
System.Net.Http	2038	0x060007f7	System.Net.Http.Headers.AltSvcHeaderParser	GetParsedValueLength	0x2050	NoInlining	Family, Final, Virtual, HideBySig	0x1004b39b8	0x94871be3	0x10267a944	0x10267a944	mapped	0x10267a944
System.Net.Http	2039	0x060007f8	System.Net.Http.Headers.AltSvcHeaderParser	IsOptionalWhiteSpace	0x2050	NoInlining	Private, Static, HideBySig	0x1004b39bc	0x94871d7f	0x10267afb8	0x10267afb8	mapped	0x10267afb8
System.Net.Http	2040	0x060007f9	System.Net.Http.Headers.AltSvcHeaderParser	TryReadPercentEncodedAlpnProtocolName	0x2050	NoInlining	Private, Static, HideBySig	0x1004b39c0	0x94871d91	0x10267b004	0x10267b004	mapped	0x10267b004
System.Net.Http	2041	0x060007fa	System.Net.Http.Headers.AltSvcHeaderParser	TryReadUnknownPercentEncodedAlpnProtocolName	0x2050	NoInlining	Private, Static, HideBySig	0x1004b39c4	0x94871e5e	0x10267b33c	0x10267b33c	mapped	0x10267b33c
System.Net.Http	2042	0x060007fb	System.Net.Http.Headers.AltSvcHeaderParser	TryReadAlpnHexDigit	0x2050	NoInlining	Private, Static, HideBySig	0x1004b39c8	0x94871f20	0x10267b648	0x10267b648	mapped	0x10267b648
System.Net.Http	2043	0x060007fc	System.Net.Http.Headers.AltSvcHeaderParser	TryReadQuotedAltAuthority	0x2050	NoInlining	Private, Static, HideBySig	0x1004b39cc	0x94871f53	0x10267b718	0x10267b718	mapped	0x10267b718
System.Net.Http	2044	0x060007fd	System.Net.Http.Headers.AltSvcHeaderParser	TryReadQuotedValue	0x2050	NoInlining	Private, Static, HideBySig	0x1004b39d0	0x94871fc5	0x10267b8e4	0x10267b8e4	mapped	0x10267b8e4
System.Net.Http	2045	0x060007fe	System.Net.Http.Headers.AltSvcHeaderParser	TryReadTokenOrQuotedInt32	0x2050	NoInlining	Private, Static, HideBySig	0x1004b39d4	0x9487206f	0x10267bb90	0x10267bb90	mapped	0x10267bb90
System.Net.Http	2046	0x060007ff	System.Net.Http.Headers.AltSvcHeaderParser	TryReadQuotedInt32Value	0x2050	NoInlining	Private, Static, HideBySig	0x1004b39d8	0x948720cd	0x10267bd0c	0x10267bd0c	mapped	0x10267bd0c
System.Net.Http	2047	0x06000800	System.Net.Http.Headers.AltSvcHeaderParser	TrySkipTokenOrQuoted	0x2050	NoInlining	Private, Static, HideBySig	0x1004b39dc	0x9487211b	0x10267be48	0x10267be48	mapped	0x10267be48
System.Net.Http	2048	0x06000801	System.Net.Http.Headers.AltSvcHeaderParser	.cctor	0x2050	NoInlining	Private, Static, HideBySig, SpecialName, RTSpecialName	0x1004b39e0	0x94872163	0x10267bf6c	0x10267bf6c	mapped	0x10267bf6c
System.Net.Http	2049	0x06000802	System.Net.Http.Headers.AltSvcHeaderValue	get_Clear	0x2050	NoInlining	Public, Static, HideBySig, SpecialName	0x1004b39e4	0x94872189	0x10267c008	0x10267c008	mapped	0x10267c008
System.Net.Http	2050	0x06000803	System.Net.Http.Headers.AltSvcHeaderValue	.ctor	0x2050	NoInlining	Public, HideBySig, SpecialName, RTSpecialName	0x1004b39e8	0x94872199	0x10267c04c	0x10267c04c	mapped	0x10267c04c
System.Net.Http	2051	0x06000804	System.Net.Http.Headers.AltSvcHeaderValue	get_AlpnProtocolName	0x2050	NoInlining	Public, HideBySig, SpecialName	0x1004b39ec	0x948721c7	0x10267c108	0x10267c108	mapped	0x10267c108
System.Net.Http	2052	0x06000805	System.Net.Http.Headers.AltSvcHeaderValue	get_Host	0x2050	NoInlining	Public, HideBySig, SpecialName	0x1004b39f0	0x948721cf	0x10267c12c	0x10267c12c	mapped	0x10267c12c
System.Net.Http	2053	0x06000806	System.Net.Http.Headers.AltSvcHeaderValue	get_Port	0x2050	NoInlining	Public, HideBySig, SpecialName	0x1004b39f4	0x948721d7	0x10267c150	0x10267c150	mapped	0x10267c150
System.Net.Http	2054	0x06000807	System.Net.Http.Headers.AltSvcHeaderValue	get_MaxAge	0x2050	NoInlining	Public, HideBySig, SpecialName	0x1004b39f8	0x948721df	0x10267c174	0x10267c174	mapped	0x10267c174
System.Net.Http	2055	0x06000808	System.Net.Http.Headers.AltSvcHeaderValue	get_Persist	0x2050	NoInlining	Public, HideBySig, SpecialName	0x1004b39fc	0x948721e7	0x10267c198	0x10267c198	mapped	0x10267c198
System.Net.Http	2056	0x06000809	System.Net.Http.Headers.AltSvcHeaderValue	ToString	0x2050	NoInlining	Public, Final, Virtual, HideBySig	0x1004b3a00	0x948721ef	0x10267c1bc	0x10267c1bc	mapped	0x10267c1bc
System.Net.Http	2057	0x0600080a	System.Net.Http.Headers.AltSvcHeaderValue	.cctor	0x2050	NoInlining	Private, Static, HideBySig, SpecialName, RTSpecialName	0x1004b3a04	0x948722e7	0x10267c5a0	0x10267c5a0	mapped	0x10267c5a0
